{
"type": "FeatureCollection",
"name": "1501600",
"crs": { "type": "name", "properties": { "name": "urn:ogc:def:crs:EPSG::5880" } },
"features": [
{ "type": "Feature", "properties": { "lv_id": "LOC_003774", "id": 24646.0, "CD_SETOR": "150160005000002", "SITUACAO": "Urbana", "CD_SIT": "1", "CD_TIPO": "0", "AREA_KM2": 0.41538840478362499, "CD_REGIAO": "1", "NM_REGIAO": "Norte", "CD_UF": "15", "NM_UF": "Pará", "CD_MUN": "1501600", "NM_MUN": "Bonito", "CD_DIST": "150160005", "NM_DIST": "Bonito", "CD_SUBDIST": "15016000500", "NM_SUBDIST": null, "CD_BAIRRO": null, "NM_BAIRRO": null, "CD_NU": null, "NM_NU": null, "CD_FCU": null, "NM_FCU": null, "CD_AGLOM": null, "NM_AGLOM": null, "CD_RGINT": "1502", "NM_RGINT": "Castanhal", "CD_RGI": "150006", "NM_RGI": "Capanema", "CD_CONCURB": null, "NM_CONCURB": null, "mun_code_x": "1501600", "index_right": 43677, "dist_m": 104.34563766374283, "local_id": 38454, "ano": 2022, "cod_localidade_ibge": 1501600, "NR_ZONA": "41", "nr_cep": 68645000.0, "nm_localidade": "BONITO", "nm_locvot": "CASULO NILMA ASSAD", "ds_endereco": "AV RUTH PASSARINHO COM ALAM. NAIR SOARES, SN - PRACINHA", "ds_bairro": "CENTRO", "pred_long": -47.3069416, "pred_lat": -1.3638134, "pred_dist": 0.0, "tse_long": -47.3066967, "tse_lat": -1.3637917, "long": -47.3066967, "lat": -1.3637917, "ID_UNICO": "LOC_003774", "SG_UF": "PA", "CD_MUNICIPIO": "4316", "NR_LOCAL_VOTACAO": "1031", "QT_SECOES_AGREGADAS": 0, "QT_ELEITORES_TRANSFERIDOS": 0, "CIRO GOMES (PDT) (NÃO ELEITO) 1T": 26.0, "CONSTITUINTE EYMAEL (DC) (NÃO ELEITO) 1T": 0.0, "FELIPE D AVILA (NOVO) (NÃO ELEITO) 1T": 0.0, "JAIR BOLSONARO (PL) (2º TURNO) 1T": 279.0, "LULA (PT) (2º TURNO) 1T": 560.0, "LÉO PÉRICLES (UP) (NÃO ELEITO) 1T": 0.0, "PADRE KELMON (PTB) (NÃO ELEITO) 1T": 1.0, "SIMONE TEBET (MDB) (NÃO ELEITO) 1T": 37.0, "SOFIA MANZANO (PCB) (NÃO ELEITO) 1T": 0.0, "SORAYA THRONICKE (UNIÃO) (NÃO ELEITO) 1T": 2.0, "VERA (PSTU) (NÃO ELEITO) 1T": 1.0, "Total_Votos_Validos 1T": 906.0, "Votos_Brancos 1T": 4.0, "Votos_Nulos 1T": 19.0, "Abstenções 1T": 183.0, "Eleitores_Aptos 1T": 1112.0, "JAIR BOLSONARO (PL) (NÃO ELEITO) 2T": 303.0, "LULA (PT) (ELEITO) 2T": 554.0, "Total_Votos_Validos 2T": 857.0, "Votos_Brancos 2T": 4.0, "Votos_Nulos 2T": 15.0, "Abstenções 2T": 236.0, "Eleitores_Aptos 2T": 1112.0, "mun_code_y": "1501600", "mun_code": "1501600" }, "geometry": { "type": "Polygon", "coordinates": [ [ [ 5745289.372250316664577, 9847160.663177624344826 ], [ 5745189.555855693295598, 9847140.022799529135227 ], [ 5744920.928998170420527, 9847144.203994600102305 ], [ 5744835.562062246724963, 9847280.560383103787899 ], [ 5744740.86575326602906, 9847431.816628554835916 ], [ 5744663.610141675919294, 9847484.003147063776851 ], [ 5744530.729812157340348, 9847583.182846708223224 ], [ 5744424.561181835830212, 9847719.372749637812376 ], [ 5744426.569155094213784, 9847849.226622192189097 ], [ 5744471.1284712664783, 9847965.223544906824827 ], [ 5744421.622698837891221, 9848043.751242456957698 ], [ 5744043.81483546923846, 9847885.339668402448297 ], [ 5744018.023130247369409, 9847967.330051409080625 ], [ 5744293.200609733350575, 9848117.744173232465982 ], [ 5744239.986640965566039, 9848243.754209207370877 ], [ 5744284.516969946213067, 9848261.176688201725483 ], [ 5744410.08444432541728, 9848309.56985137052834 ], [ 5744460.745894717052579, 9848318.636503184214234 ], [ 5744540.769773380830884, 9848357.447972627356648 ], [ 5744536.076204096898437, 9848374.539601515978575 ], [ 5744503.671298227272928, 9848411.570056499913335 ], [ 5744479.260865665972233, 9848494.280757581815124 ], [ 5744453.970517427660525, 9848580.801429565995932 ], [ 5744360.2088144980371, 9848588.520580612123013 ], [ 5744313.997721767053008, 9848647.477139951661229 ], [ 5744243.282336976379156, 9848658.661556119099259 ], [ 5744224.619054986163974, 9848731.135440399870276 ], [ 5744594.21541226003319, 9848628.664861850440502 ], [ 5744741.376510117202997, 9848694.500913020223379 ], [ 5744837.765155868604779, 9848803.753524439409375 ], [ 5744902.030334452167153, 9848790.170923670753837 ], [ 5744945.88215050380677, 9849001.228978026658297 ], [ 5744970.528228471986949, 9849132.791786294430494 ], [ 5744977.70215776655823, 9849203.948218259960413 ], [ 5744969.723729938268661, 9849297.235288605093956 ], [ 5744945.017233942635357, 9849402.236334882676601 ], [ 5744890.96591436676681, 9849637.668567815795541 ], [ 5745027.906373895704746, 9849459.233791299164295 ], [ 5745060.285274460911751, 9849388.213093237951398 ], [ 5745092.677585677243769, 9849326.143595453351736 ], [ 5745123.130759355612099, 9849263.121893210336566 ], [ 5745164.244850532151759, 9849175.699425045400858 ], [ 5745217.434451850131154, 9849068.403508501127362 ], [ 5745255.004628249444067, 9848983.361972149461508 ], [ 5745348.78836862090975, 9849031.945334346964955 ], [ 5745727.300217175856233, 9848390.982072971761227 ], [ 5746189.547470760531723, 9848599.166660767048597 ], [ 5746366.218494612723589, 9848134.120176617056131 ], [ 5746122.889539564028382, 9848171.439085436984897 ], [ 5745872.74705368001014, 9848207.830049047246575 ], [ 5745836.867912314832211, 9848211.949151018634439 ], [ 5746003.962627506814897, 9847881.871542349457741 ], [ 5746233.13254021666944, 9847404.630760716274381 ], [ 5746091.167064879089594, 9847318.764241943135858 ], [ 5745951.478062207810581, 9847235.129586029797792 ], [ 5745684.147454860620201, 9847185.487600555643439 ], [ 5745475.361056201159954, 9847174.036993594840169 ], [ 5745289.372250316664577, 9847160.663177624344826 ] ] ] } },
{ "type": "Feature", "properties": { "lv_id": "LOC_003775", "id": 24653.0, "CD_SETOR": "150160005000012", "SITUACAO": "Rural", "CD_SIT": "8", "CD_TIPO": "0", "AREA_KM2": 104.54293600942123, "CD_REGIAO": "1", "NM_REGIAO": "Norte", "CD_UF": "15", "NM_UF": "Pará", "CD_MUN": "1501600", "NM_MUN": "Bonito", "CD_DIST": "150160005", "NM_DIST": "Bonito", "CD_SUBDIST": "15016000500", "NM_SUBDIST": null, "CD_BAIRRO": null, "NM_BAIRRO": null, "CD_NU": null, "NM_NU": null, "CD_FCU": null, "NM_FCU": null, "CD_AGLOM": null, "NM_AGLOM": null, "CD_RGINT": "1502", "NM_RGINT": "Castanhal", "CD_RGI": "150006", "NM_RGI": "Capanema", "CD_CONCURB": null, "NM_CONCURB": null, "mun_code_x": "1501600", "index_right": 43686, "dist_m": 0.0, "local_id": 38463, "ano": 2022, "cod_localidade_ibge": 1501600, "NR_ZONA": "41", "nr_cep": 68645000.0, "nm_localidade": "BONITO", "nm_locvot": "EMEIF NILMA ASSAD", "ds_endereco": "PA 124 - CAETEZINHO", "ds_bairro": "VILA CAETEZINHO", "pred_long": -47.2014062, "pred_lat": -1.3473345, "pred_dist": 0.0, "tse_long": -47.2013683, "tse_lat": -1.3473533, "long": -47.2013683, "lat": -1.3473533, "ID_UNICO": "LOC_003775", "SG_UF": "PA", "CD_MUNICIPIO": "4316", "NR_LOCAL_VOTACAO": "1120", "QT_SECOES_AGREGADAS": 0, "QT_ELEITORES_TRANSFERIDOS": 0, "CIRO GOMES (PDT) (NÃO ELEITO) 1T": 6.0, "CONSTITUINTE EYMAEL (DC) (NÃO ELEITO) 1T": 0.0, "FELIPE D AVILA (NOVO) (NÃO ELEITO) 1T": 0.0, "JAIR BOLSONARO (PL) (2º TURNO) 1T": 87.0, "LULA (PT) (2º TURNO) 1T": 255.0, "LÉO PÉRICLES (UP) (NÃO ELEITO) 1T": 0.0, "PADRE KELMON (PTB) (NÃO ELEITO) 1T": 1.0, "SIMONE TEBET (MDB) (NÃO ELEITO) 1T": 13.0, "SOFIA MANZANO (PCB) (NÃO ELEITO) 1T": 0.0, "SORAYA THRONICKE (UNIÃO) (NÃO ELEITO) 1T": 1.0, "VERA (PSTU) (NÃO ELEITO) 1T": 0.0, "Total_Votos_Validos 1T": 363.0, "Votos_Brancos 1T": 0.0, "Votos_Nulos 1T": 4.0, "Abstenções 1T": 49.0, "Eleitores_Aptos 1T": 416.0, "JAIR BOLSONARO (PL) (NÃO ELEITO) 2T": 93.0, "LULA (PT) (ELEITO) 2T": 246.0, "Total_Votos_Validos 2T": 339.0, "Votos_Brancos 2T": 4.0, "Votos_Nulos 2T": 3.0, "Abstenções 2T": 70.0, "Eleitores_Aptos 2T": 416.0, "mun_code_y": "1501600", "mun_code": "1501600" }, "geometry": { "type": "Polygon", "coordinates": [ [ [ 5755993.507664429955184, 9845637.182806486263871 ], [ 5755945.972847292199731, 9845585.27076200209558 ], [ 5755840.918416363187134, 9845503.991977609694004 ], [ 5755609.261136468499899, 9845371.463181003928185 ], [ 5755183.506451317109168, 9845436.781818503513932 ], [ 5754973.924325995147228, 9845458.195305220782757 ], [ 5754948.073325837031007, 9845439.127480141818523 ], [ 5754930.533851875923574, 9845411.706465382128954 ], [ 5754908.523214252665639, 9845280.248076735064387 ], [ 5754880.138782313093543, 9845247.023264043033123 ], [ 5754837.663924593478441, 9845228.838462222367525 ], [ 5754800.229538775980473, 9845229.781113497912884 ], [ 5754726.200167453847826, 9845233.323172301054001 ], [ 5753958.415103539824486, 9845345.431909676641226 ], [ 5753926.134905683808029, 9845319.690508125349879 ], [ 5753918.454826784320176, 9845253.112251622602344 ], [ 5753784.356342661194503, 9844327.030332829803228 ], [ 5753756.374806672334671, 9844143.98030548542738 ], [ 5753728.829401200637221, 9844112.424541994929314 ], [ 5753708.835909709334373, 9844102.49394978582859 ], [ 5753682.21870073210448, 9844103.405966753140092 ], [ 5753616.541137110441923, 9844120.242828980088234 ], [ 5753556.639781771227717, 9844117.910356508567929 ], [ 5753413.476307685486972, 9844093.358539905399084 ], [ 5753404.719979798421264, 9844070.857305977493525 ], [ 5753406.440010419115424, 9843961.025831626728177 ], [ 5753361.307456047274172, 9843889.568081514909863 ], [ 5753347.017742433585227, 9843839.244920255616307 ], [ 5753334.08100887387991, 9843822.011651063337922 ], [ 5753311.149609902873635, 9843804.395293777808547 ], [ 5753266.566506845876575, 9843776.842186901718378 ], [ 5753189.480185358785093, 9843731.277374105527997 ], [ 5752804.628863675519824, 9843558.003999354317784 ], [ 5752729.253280085511506, 9843526.799033865332603 ], [ 5752617.018694099038839, 9843479.889093698933721 ], [ 5752585.562774269841611, 9843462.297738173976541 ], [ 5752512.397569179534912, 9843406.522716026753187 ], [ 5752450.246362657286227, 9843345.738566001877189 ], [ 5752367.624509359709918, 9843256.285595122724771 ], [ 5752352.598816110752523, 9843236.352983295917511 ], [ 5752344.425897255539894, 9843215.565389214083552 ], [ 5752276.060890609398484, 9842876.77052541077137 ], [ 5752210.771927964873612, 9842670.529213041067123 ], [ 5752182.051500109955668, 9842590.908766441047192 ], [ 5752176.108014684170485, 9842548.479628439992666 ], [ 5752166.129135170951486, 9842385.003076855093241 ], [ 5752214.849353284575045, 9842185.790284479036927 ], [ 5752225.254572971723974, 9841990.942620696499944 ], [ 5752191.507105719298124, 9841702.946503343060613 ], [ 5752100.505171414464712, 9841530.342926623299718 ], [ 5752091.837238968349993, 9841245.458714513108134 ], [ 5752090.988263914361596, 9841088.614496503025293 ], [ 5752207.536214651539922, 9840621.828583899885416 ], [ 5752209.789551766589284, 9840457.191538315266371 ], [ 5752163.454833493568003, 9840311.315588703379035 ], [ 5752082.678787669166923, 9840128.30642176233232 ], [ 5752049.164848739281297, 9839922.60970869846642 ], [ 5751949.926008368842304, 9839747.305837320163846 ], [ 5751889.331248827278614, 9839656.936332220211625 ], [ 5751883.856553744524717, 9839390.093641882762313 ], [ 5751891.725974027998745, 9839315.488737465813756 ], [ 5751879.861582504585385, 9839239.906896993517876 ], [ 5751826.900347456336021, 9839115.798932882025838 ], [ 5751761.379863753914833, 9838899.687718268483877 ], [ 5751757.845170432701707, 9838822.422236723825336 ], [ 5751711.944163683801889, 9838707.68057519197464 ], [ 5751678.80386879760772, 9838588.046245817095041 ], [ 5751590.821898340247571, 9838475.74655912257731 ], [ 5751473.429760789498687, 9838379.223970334976912 ], [ 5751437.674447091296315, 9838315.851185394451022 ], [ 5751363.926755104213953, 9838297.353836877271533 ], [ 5751252.042421690188348, 9838279.037221442908049 ], [ 5751038.612364733591676, 9838238.754413545131683 ], [ 5750923.619821161031723, 9838223.03042071685195 ], [ 5750943.441028812900186, 9838096.570065969601274 ], [ 5750924.652311022393405, 9838072.86476575024426 ], [ 5750915.262853030115366, 9838040.268162759020925 ], [ 5750911.659809682518244, 9838018.744428031146526 ], [ 5750832.829128037206829, 9837926.551116419956088 ], [ 5750801.640142276883125, 9837901.791813772171736 ], [ 5750552.555949159897864, 9837746.373747000470757 ], [ 5750501.566945506259799, 9837709.592862714082003 ], [ 5750476.717561942525208, 9837698.543785806745291 ], [ 5750383.593587066978216, 9837657.112416481599212 ], [ 5750307.002108513377607, 9837595.61167723312974 ], [ 5750185.948968842625618, 9837480.78732580319047 ], [ 5750152.572362083941698, 9837431.572461692616343 ], [ 5750105.971679517067969, 9837351.432168239727616 ], [ 5749871.461437091231346, 9837098.191152660176158 ], [ 5749689.996719633229077, 9836873.708779556676745 ], [ 5749546.031937475316226, 9836722.668885098770261 ], [ 5749444.155968447215855, 9836646.259343799203634 ], [ 5749352.92853472288698, 9836528.676456589251757 ], [ 5749288.759653957560658, 9836390.77012076228857 ], [ 5749238.19741749484092, 9836311.03347534313798 ], [ 5749206.762659223750234, 9836252.795380065217614 ], [ 5749190.5747334305197, 9836194.901054685935378 ], [ 5749161.776967219077051, 9836129.161701461300254 ], [ 5749139.97282228525728, 9836054.026188887655735 ], [ 5749099.576256542466581, 9836009.477220641449094 ], [ 5749029.115976233035326, 9835962.925865216180682 ], [ 5748939.814013740979135, 9835912.222765931859612 ], [ 5748882.483269473537803, 9835853.974361272528768 ], [ 5748858.072206750512123, 9835763.214671157300472 ], [ 5748854.047096184454858, 9835779.082053804770112 ], [ 5748844.334276923909783, 9835794.576926788315177 ], [ 5748791.522112690843642, 9835843.526912562549114 ], [ 5748663.726267990656197, 9835954.988207014277577 ], [ 5748634.012209111824632, 9835973.004030030220747 ], [ 5748481.247969264164567, 9836045.124845083802938 ], [ 5748385.740551411174238, 9836095.59470290504396 ], [ 5748309.539117666892707, 9836201.042343225330114 ], [ 5747714.92268456146121, 9837314.166764972731471 ], [ 5747672.244783943518996, 9837399.826033711433411 ], [ 5747631.692574181593955, 9837395.994643721729517 ], [ 5747488.610407355241477, 9837327.391418656334281 ], [ 5747389.244977181777358, 9837271.450702602043748 ], [ 5747243.81541744992137, 9837206.818679723888636 ], [ 5747193.284434367902577, 9837178.010413881391287 ], [ 5747024.473869887180626, 9837135.671970456838608 ], [ 5746986.215749744325876, 9837128.64956571906805 ], [ 5746960.487389857880771, 9837113.896173268556595 ], [ 5746920.924375288188457, 9837072.351520115509629 ], [ 5746886.991196377202868, 9837052.80174464918673 ], [ 5746861.069931943900883, 9837040.531834814697504 ], [ 5746779.119967495091259, 9837044.094900174066424 ], [ 5746642.909517988562584, 9837063.095832545310259 ], [ 5746601.161612163297832, 9837065.046629557386041 ], [ 5746534.133581588976085, 9837053.278229378163815 ], [ 5746471.881949395872653, 9837049.745695231482387 ], [ 5746361.668429684825242, 9837065.361898882314563 ], [ 5746321.248274848796427, 9837068.477713871747255 ], [ 5746246.722008408978581, 9837061.207475766539574 ], [ 5746208.358417388051748, 9837071.053032198920846 ], [ 5746052.347981068305671, 9837160.15468430146575 ], [ 5746017.302435357123613, 9837207.967236284166574 ], [ 5745961.290080288425088, 9837307.825470875948668 ], [ 5745916.626749542541802, 9837407.104099819436669 ], [ 5745717.65891647618264, 9837855.736959662288427 ], [ 5745452.305740823969245, 9838413.638762846589088 ], [ 5745097.641503866761923, 9839259.799796368926764 ], [ 5745030.280753726139665, 9839437.95584843121469 ], [ 5744854.567304141819477, 9839800.632693231105804 ], [ 5744819.865411116741598, 9839902.238132352009416 ], [ 5744823.325103869661689, 9839932.243767566978931 ], [ 5744831.997323635965586, 9839948.528854332864285 ], [ 5744853.669506944715977, 9839984.482065161690116 ], [ 5744894.041722180321813, 9840033.273069635033607 ], [ 5745017.368430127389729, 9840143.868111548945308 ], [ 5745039.198316977359354, 9840176.692532805725932 ], [ 5745041.574421918950975, 9840209.139708247035742 ], [ 5745018.914165716618299, 9840322.634001974016428 ], [ 5745024.636862400919199, 9840346.420665059238672 ], [ 5745049.105880503542721, 9840395.113816687837243 ], [ 5745017.777242456562817, 9840425.020878117531538 ], [ 5744959.159227254800498, 9840446.546197855845094 ], [ 5744859.466358278878033, 9840453.005418956279755 ], [ 5744624.5231863707304, 9840438.594805238768458 ], [ 5744597.657891852781177, 9840449.706475500017405 ], [ 5744579.641063333489001, 9840468.897405734285712 ], [ 5744533.51437608897686, 9840564.801507221534848 ], [ 5744497.825575686991215, 9840683.487295044586062 ], [ 5744421.44159332010895, 9840806.767100313678384 ], [ 5744404.082514217123389, 9840841.731895364820957 ], [ 5744402.984745726920664, 9840866.072620926424861 ], [ 5744401.898062314838171, 9840890.402179760858417 ], [ 5744412.525528950616717, 9840917.113573651760817 ], [ 5744432.213430381380022, 9840944.444338878616691 ], [ 5744469.670551000162959, 9840982.211044123396277 ], [ 5744522.374973310157657, 9841024.219782188534737 ], [ 5744592.068450143560767, 9841064.765223577618599 ], [ 5744706.603938973508775, 9841122.381446810439229 ], [ 5744737.651566965505481, 9841156.526432169601321 ], [ 5744779.448371327482164, 9841213.341276723891497 ], [ 5744866.08999387640506, 9841307.400868659839034 ], [ 5744891.584501760080457, 9841341.584440296515822 ], [ 5744993.028407993726432, 9841486.069473259150982 ], [ 5745075.239900690503418, 9841552.999180762097239 ], [ 5745085.053003586828709, 9841586.794272283092141 ], [ 5745090.44664603099227, 9841654.715242015197873 ], [ 5745106.48014959320426, 9841715.290665427222848 ], [ 5745152.426474791020155, 9841837.180748201906681 ], [ 5745202.600953873246908, 9841931.937522878870368 ], [ 5745267.269820634275675, 9842040.012754049152136 ], [ 5745462.653926151804626, 9842332.839218977838755 ], [ 5745492.951109242625535, 9842392.516742277890444 ], [ 5745493.408512504771352, 9842446.980902228504419 ], [ 5745475.739135048352182, 9842517.529735898599029 ], [ 5745473.825540229678154, 9842591.161605980247259 ], [ 5745490.63728180155158, 9842837.554914876818657 ], [ 5745491.7679379330948, 9842901.848086252808571 ], [ 5745471.217113640159369, 9842938.03570818901062 ], [ 5745362.375286306254566, 9843208.281983535736799 ], [ 5745113.074400016106665, 9843859.339372213929892 ], [ 5744962.526747609488666, 9844226.840445633977652 ], [ 5744951.890624943189323, 9844286.523912006989121 ], [ 5744966.002005442045629, 9844333.533720307052135 ], [ 5744970.030124074779451, 9844341.193198915570974 ], [ 5744991.401658809743822, 9844381.880797145888209 ], [ 5745015.853907370008528, 9844406.237963555380702 ], [ 5745788.527101743035018, 9844725.819356894120574 ], [ 5745841.174511284567416, 9844768.021878752857447 ], [ 5745913.853906956501305, 9844857.374202826991677 ], [ 5745953.287517035380006, 9844917.795792682096362 ], [ 5746071.452946393750608, 9845157.413133399561048 ], [ 5746094.67524528503418, 9845293.746146023273468 ], [ 5746094.436069768853486, 9845378.318410862237215 ], [ 5746129.136006450280547, 9845571.334149895235896 ], [ 5746143.5336012840271, 9845660.864062925800681 ], [ 5746140.821715691126883, 9845717.286244127899408 ], [ 5746108.119206454604864, 9845857.051081843674183 ], [ 5745881.038457210175693, 9846549.850071787834167 ], [ 5745768.168173070065677, 9846965.997627390548587 ], [ 5745702.735019474290311, 9847114.703658891841769 ], [ 5745684.147454860620201, 9847185.487600555643439 ], [ 5745951.478062207810581, 9847235.129586029797792 ], [ 5746091.167064879089594, 9847318.764241943135858 ], [ 5746233.13254021666944, 9847404.630760716274381 ], [ 5746003.962627506814897, 9847881.871542349457741 ], [ 5745836.867912314832211, 9848211.949151018634439 ], [ 5745872.74705368001014, 9848207.830049047246575 ], [ 5746122.889539564028382, 9848171.439085436984897 ], [ 5746366.218494612723589, 9848134.120176617056131 ], [ 5746421.572081661783159, 9848125.62674642726779 ], [ 5747181.16715532541275, 9847784.269512441009283 ], [ 5747228.81430340744555, 9847773.937617456540465 ], [ 5747314.275899074040353, 9847783.062287151813507 ], [ 5747589.797334659844637, 9847840.555933812633157 ], [ 5748306.311918617226183, 9847918.450052494183183 ], [ 5749015.917781893163919, 9848204.45251733623445 ], [ 5749110.796670480631292, 9848218.33904192969203 ], [ 5749613.978953449986875, 9848171.15862276032567 ], [ 5749873.806688636541367, 9847964.833595776930451 ], [ 5749941.088951314799488, 9847928.023715963587165 ], [ 5750204.056436395272613, 9847957.249442068859935 ], [ 5750253.182671580463648, 9847970.428618682548404 ], [ 5750287.364531667903066, 9847996.142679778859019 ], [ 5751876.84660539124161, 9849967.755958827212453 ], [ 5752006.079759515821934, 9850069.783055065199733 ], [ 5752219.940280153416097, 9850390.489262115210295 ], [ 5752357.72919007204473, 9850576.563278306275606 ], [ 5752712.448690388351679, 9850990.953652879223228 ], [ 5752741.476800635457039, 9851036.828001076355577 ], [ 5754094.033681272529066, 9852717.728095078840852 ], [ 5754134.029929021373391, 9852737.595710562542081 ], [ 5754303.735473930835724, 9852737.132428025826812 ], [ 5754500.012738386169076, 9852718.701862465590239 ], [ 5754580.289817466400564, 9852862.909158894792199 ], [ 5754572.318737216293812, 9852992.792309533804655 ], [ 5754716.798656246624887, 9853501.845678720623255 ], [ 5754770.25846504047513, 9853578.27903183363378 ], [ 5755482.141776082105935, 9852870.435292646288872 ], [ 5755530.206350142136216, 9852800.383361522108316 ], [ 5756644.963011695072055, 9850364.894298685714602 ], [ 5756659.3577951034531, 9850158.406410120427608 ], [ 5756601.438541076146066, 9849673.256100052967668 ], [ 5756577.285908379592001, 9849512.688971301540732 ], [ 5756520.036398378200829, 9849244.976560298353434 ], [ 5756194.028610906563699, 9846930.607019199058414 ], [ 5756040.843857726082206, 9845946.665281614288688 ], [ 5756024.897785263136029, 9845838.104043073952198 ], [ 5755993.507664429955184, 9845637.182806486263871 ] ] ] } },
{ "type": "Feature", "properties": { "lv_id": "LOC_003776", "id": 24648.0, "CD_SETOR": "150160005000006", "SITUACAO": "Rural", "CD_SIT": "5", "CD_TIPO": "0", "AREA_KM2": 0.68324084278306096, "CD_REGIAO": "1", "NM_REGIAO": "Norte", "CD_UF": "15", "NM_UF": "Pará", "CD_MUN": "1501600", "NM_MUN": "Bonito", "CD_DIST": "150160005", "NM_DIST": "Bonito", "CD_SUBDIST": "15016000500", "NM_SUBDIST": null, "CD_BAIRRO": null, "NM_BAIRRO": null, "CD_NU": null, "NM_NU": null, "CD_FCU": null, "NM_FCU": null, "CD_AGLOM": "150160000002", "NM_AGLOM": "São João das Panelas", "CD_RGINT": "1502", "NM_RGINT": "Castanhal", "CD_RGI": "150006", "NM_RGI": "Capanema", "CD_CONCURB": null, "NM_CONCURB": null, "mun_code_x": "1501600", "index_right": 43679, "dist_m": 0.0, "local_id": 38456, "ano": 2022, "cod_localidade_ibge": 1501600, "NR_ZONA": "41", "nr_cep": 68645000.0, "nm_localidade": "BONITO", "nm_locvot": "EMEF DOM ELISEU MARIA COROLI", "ds_endereco": "VILA SÃO JOÃO DE PANELAS", "ds_bairro": "SÃO JOÃO DE PANELAS", "pred_long": -47.4098538, "pred_lat": -1.4712032, "pred_dist": 0.0, "tse_long": -47.4098592, "tse_lat": -1.4713226, "long": -47.4098592, "lat": -1.4713226, "ID_UNICO": "LOC_003776", "SG_UF": "PA", "CD_MUNICIPIO": "4316", "NR_LOCAL_VOTACAO": "1058", "QT_SECOES_AGREGADAS": 1, "QT_ELEITORES_TRANSFERIDOS": 0, "CIRO GOMES (PDT) (NÃO ELEITO) 1T": 6.0, "CONSTITUINTE EYMAEL (DC) (NÃO ELEITO) 1T": 0.0, "FELIPE D AVILA (NOVO) (NÃO ELEITO) 1T": 0.0, "JAIR BOLSONARO (PL) (2º TURNO) 1T": 55.0, "LULA (PT) (2º TURNO) 1T": 222.0, "LÉO PÉRICLES (UP) (NÃO ELEITO) 1T": 0.0, "PADRE KELMON (PTB) (NÃO ELEITO) 1T": 0.0, "SIMONE TEBET (MDB) (NÃO ELEITO) 1T": 16.0, "SOFIA MANZANO (PCB) (NÃO ELEITO) 1T": 0.0, "SORAYA THRONICKE (UNIÃO) (NÃO ELEITO) 1T": 0.0, "VERA (PSTU) (NÃO ELEITO) 1T": 1.0, "Total_Votos_Validos 1T": 300.0, "Votos_Brancos 1T": 3.0, "Votos_Nulos 1T": 3.0, "Abstenções 1T": 49.0, "Eleitores_Aptos 1T": 355.0, "JAIR BOLSONARO (PL) (NÃO ELEITO) 2T": 60.0, "LULA (PT) (ELEITO) 2T": 232.0, "Total_Votos_Validos 2T": 292.0, "Votos_Brancos 2T": 1.0, "Votos_Nulos 2T": 4.0, "Abstenções 2T": 58.0, "Eleitores_Aptos 2T": 355.0, "mun_code_y": "1501600", "mun_code": "1501600" }, "geometry": { "type": "Polygon", "coordinates": [ [ [ 5733934.21427807956934, 9836477.708384560421109 ], [ 5733710.194329760968685, 9835548.312690110877156 ], [ 5733641.90276868082583, 9835515.477918598800898 ], [ 5733640.543148156255484, 9835514.81408141925931 ], [ 5733598.57499189209193, 9835524.99006568826735 ], [ 5733547.225233620032668, 9835546.302768666297197 ], [ 5733495.044903918169439, 9835535.148284705355763 ], [ 5733456.141556343063712, 9835535.575352599844337 ], [ 5733416.35979756899178, 9835532.487577019259334 ], [ 5733364.390118457376957, 9835577.477930627763271 ], [ 5733299.917627384886146, 9835590.458743840456009 ], [ 5733232.482334385626018, 9835681.577548922970891 ], [ 5733012.783758278004825, 9836034.871599171310663 ], [ 5732877.226639403961599, 9836271.8957723621279 ], [ 5733267.70449432823807, 9836470.569126775488257 ], [ 5733941.226420216262341, 9836500.818429935723543 ], [ 5733938.035022375173867, 9836490.30881549231708 ], [ 5733934.21427807956934, 9836477.708384560421109 ] ] ] } },
{ "type": "Feature", "properties": { "lv_id": "LOC_003777", "id": 24675.0, "CD_SETOR": "150160005000038", "SITUACAO": "Rural", "CD_SIT": "8", "CD_TIPO": "0", "AREA_KM2": 44.824938813781394, "CD_REGIAO": "1", "NM_REGIAO": "Norte", "CD_UF": "15", "NM_UF": "Pará", "CD_MUN": "1501600", "NM_MUN": "Bonito", "CD_DIST": "150160005", "NM_DIST": "Bonito", "CD_SUBDIST": "15016000500", "NM_SUBDIST": null, "CD_BAIRRO": null, "NM_BAIRRO": null, "CD_NU": null, "NM_NU": null, "CD_FCU": null, "NM_FCU": null, "CD_AGLOM": null, "NM_AGLOM": null, "CD_RGINT": "1502", "NM_RGINT": "Castanhal", "CD_RGI": "150006", "NM_RGI": "Capanema", "CD_CONCURB": null, "NM_CONCURB": null, "mun_code_x": "1501600", "index_right": 43676, "dist_m": 0.0, "local_id": 38453, "ano": 2022, "cod_localidade_ibge": 1501600, "NR_ZONA": "41", "nr_cep": 68645000.0, "nm_localidade": "BONITO", "nm_locvot": "EMEF JAMIL ASSAD", "ds_endereco": "COMUNIDADE JORDÃO", "ds_bairro": "VILA JORDÃO", "pred_long": -47.341509, "pred_lat": -1.468097, "pred_dist": 0.0, "tse_long": -47.3414598, "tse_lat": -1.4680852, "long": -47.3414598, "lat": -1.4680852, "ID_UNICO": "LOC_003777", "SG_UF": "PA", "CD_MUNICIPIO": "4316", "NR_LOCAL_VOTACAO": "1112", "QT_SECOES_AGREGADAS": 1, "QT_ELEITORES_TRANSFERIDOS": 2, "CIRO GOMES (PDT) (NÃO ELEITO) 1T": 2.0, "CONSTITUINTE EYMAEL (DC) (NÃO ELEITO) 1T": 0.0, "FELIPE D AVILA (NOVO) (NÃO ELEITO) 1T": 0.0, "JAIR BOLSONARO (PL) (2º TURNO) 1T": 45.0, "LULA (PT) (2º TURNO) 1T": 104.0, "LÉO PÉRICLES (UP) (NÃO ELEITO) 1T": 0.0, "PADRE KELMON (PTB) (NÃO ELEITO) 1T": 0.0, "SIMONE TEBET (MDB) (NÃO ELEITO) 1T": 12.0, "SOFIA MANZANO (PCB) (NÃO ELEITO) 1T": 0.0, "SORAYA THRONICKE (UNIÃO) (NÃO ELEITO) 1T": 0.0, "VERA (PSTU) (NÃO ELEITO) 1T": 0.0, "Total_Votos_Validos 1T": 163.0, "Votos_Brancos 1T": 0.0, "Votos_Nulos 1T": 3.0, "Abstenções 1T": 25.0, "Eleitores_Aptos 1T": 191.0, "JAIR BOLSONARO (PL) (NÃO ELEITO) 2T": 53.0, "LULA (PT) (ELEITO) 2T": 101.0, "Total_Votos_Validos 2T": 154.0, "Votos_Brancos 2T": 3.0, "Votos_Nulos 2T": 2.0, "Abstenções 2T": 32.0, "Eleitores_Aptos 2T": 191.0, "mun_code_y": "1501600", "mun_code": "1501600" }, "geometry": { "type": "Polygon", "coordinates": [ [ [ 5739769.814978539012372, 9834853.842606417834759 ], [ 5739646.373694073408842, 9834818.333621047437191 ], [ 5739633.702305666171014, 9834931.009320622310042 ], [ 5739638.502305324189365, 9835348.916411807760596 ], [ 5739474.20217592548579, 9835650.416403779760003 ], [ 5738994.503772089257836, 9836173.91938534937799 ], [ 5738632.599212038330734, 9837110.223298216238618 ], [ 5732386.570564299821854, 9833549.913461243733764 ], [ 5732419.470207089558244, 9834173.91601137816906 ], [ 5732525.57978087104857, 9834480.914025770500302 ], [ 5732684.580334923230112, 9834844.011808276176453 ], [ 5732731.572662593796849, 9835192.116748923435807 ], [ 5732739.479960480704904, 9835540.115453252568841 ], [ 5732617.671342212706804, 9835676.363442290574312 ], [ 5732608.931063694879413, 9835686.128926647827029 ], [ 5732713.28198092803359, 9835806.925356883555651 ], [ 5732757.960978724062443, 9835855.513627810403705 ], [ 5732810.044513391330838, 9835916.847359174862504 ], [ 5732837.797943376936018, 9835943.034529836848378 ], [ 5732896.943979872390628, 9835976.620117492973804 ], [ 5733012.783758278004825, 9836034.871599171310663 ], [ 5733232.482334385626018, 9835681.577548922970891 ], [ 5733299.917627384886146, 9835590.458743840456009 ], [ 5733364.390118457376957, 9835577.477930627763271 ], [ 5733416.35979756899178, 9835532.487577019259334 ], [ 5733456.141556343063712, 9835535.575352599844337 ], [ 5733495.044903918169439, 9835535.148284705355763 ], [ 5733547.225233620032668, 9835546.302768666297197 ], [ 5733598.57499189209193, 9835524.99006568826735 ], [ 5733640.543148156255484, 9835514.81408141925931 ], [ 5733641.90276868082583, 9835515.477918598800898 ], [ 5733710.194329760968685, 9835548.312690110877156 ], [ 5733934.21427807956934, 9836477.708384560421109 ], [ 5734328.750458841212094, 9836678.822281962260604 ], [ 5734360.776736786589026, 9836704.897603169083595 ], [ 5734375.294356988742948, 9836752.407869169488549 ], [ 5734378.342445928603411, 9836786.093443833291531 ], [ 5734401.806211929768324, 9837022.632104925811291 ], [ 5734467.400889459997416, 9837255.295870065689087 ], [ 5734512.385628098621964, 9837412.22719844058156 ], [ 5734528.907547704875469, 9837467.924569355323911 ], [ 5734529.306527769193053, 9837520.563633693382144 ], [ 5734519.463522542268038, 9837587.11355634406209 ], [ 5734512.226397817954421, 9837661.926416840404272 ], [ 5734510.107498537749052, 9837698.432368805631995 ], [ 5734508.003332868218422, 9837720.957283200696111 ], [ 5734841.786884407512844, 9837861.00287720002234 ], [ 5734677.420470892451704, 9838230.924262948334217 ], [ 5734653.2148591671139, 9838291.572027439251542 ], [ 5734660.147751252166927, 9838310.619850736111403 ], [ 5734678.706099500879645, 9838324.55781003460288 ], [ 5734685.989731738343835, 9838349.40407932177186 ], [ 5734681.563766978681087, 9838373.405163481831551 ], [ 5734667.735028216615319, 9838390.031315991654992 ], [ 5734619.255992136895657, 9838423.210787450894713 ], [ 5734691.210539885796607, 9838552.492328219115734 ], [ 5734760.405302291736007, 9838658.918306112289429 ], [ 5734842.585880683735013, 9838761.18807078897953 ], [ 5734892.098431615158916, 9838842.292186353355646 ], [ 5734929.671474471688271, 9838904.730361407622695 ], [ 5734968.05924186296761, 9839017.825488232076168 ], [ 5735024.104218386113644, 9839241.004136668518186 ], [ 5735197.854492241516709, 9839579.531327812001109 ], [ 5735624.850758082233369, 9840375.725991904735565 ], [ 5735731.837848458439112, 9840467.5422393810004 ], [ 5735836.764540852047503, 9840554.956617373973131 ], [ 5735926.881740102544427, 9840631.694215420633554 ], [ 5736011.186668062582612, 9840699.610248323529959 ], [ 5736129.400773859582841, 9840794.801547184586525 ], [ 5736393.071427945047617, 9841012.29047379270196 ], [ 5736517.08780263364315, 9841116.816909577697515 ], [ 5736634.780447792261839, 9841212.679147949442267 ], [ 5736687.262660899199545, 9841251.422703322023153 ], [ 5736769.61034960206598, 9841296.670491663739085 ], [ 5737109.476951330900192, 9841479.035256085917354 ], [ 5737261.752947775647044, 9841577.371184956282377 ], [ 5737340.680239499546587, 9841632.926603566855192 ], [ 5737385.14730825740844, 9841682.469634190201759 ], [ 5737473.424782036803663, 9841781.557795574888587 ], [ 5737547.769137106835842, 9841868.975363351404667 ], [ 5737909.959436370059848, 9842253.973461918532848 ], [ 5738777.575509971939027, 9842712.585344642400742 ], [ 5738851.009874448180199, 9842738.692131392657757 ], [ 5739049.727517685852945, 9842791.113981146365404 ], [ 5739134.562895094044507, 9842822.977150814607739 ], [ 5739153.900770109146833, 9842829.489967944100499 ], [ 5739253.187065247446299, 9842863.438223255798221 ], [ 5739533.565224534831941, 9842985.638854814693332 ], [ 5740279.416890691034496, 9843121.885704346001148 ], [ 5740690.99429242964834, 9843268.707062959671021 ], [ 5741032.745534329675138, 9843409.862271595746279 ], [ 5741159.88002145756036, 9842933.910665988922119 ], [ 5741350.153367126360536, 9843018.186360880732536 ], [ 5741540.197627731598914, 9842559.105750786140561 ], [ 5742125.195638784207404, 9842799.855906954035163 ], [ 5742136.641512401401997, 9842716.292948914691806 ], [ 5742145.150088827125728, 9842648.547105407342315 ], [ 5742162.353957833722234, 9842566.637478247284889 ], [ 5742172.981048248708248, 9842504.262682592496276 ], [ 5742280.40570642054081, 9841988.978130994364619 ], [ 5742284.59613433573395, 9841755.308138053864241 ], [ 5742265.117760193534195, 9841414.618943400681019 ], [ 5742250.25275550223887, 9841319.252815084531903 ], [ 5742189.62716405838728, 9841220.122796380892396 ], [ 5741978.661123442463577, 9840957.875779710710049 ], [ 5741701.200029132887721, 9840587.757566392421722 ], [ 5741685.490113642066717, 9840539.119458679109812 ], [ 5741679.605356429703534, 9839854.724911639466882 ], [ 5741655.002818047069013, 9839577.022159773856401 ], [ 5741537.34195682220161, 9839127.902549523860216 ], [ 5741466.676210965961218, 9838922.687978267669678 ], [ 5741471.419498668052256, 9838881.783393708989024 ], [ 5741519.547167216427624, 9838698.608032802119851 ], [ 5741644.572285676375031, 9838193.946605430915952 ], [ 5741656.981559556908906, 9838111.159841399639845 ], [ 5741537.382756093516946, 9837484.536779705435038 ], [ 5741519.705611036159098, 9837430.07193012163043 ], [ 5741373.059105990454555, 9837205.613820435479283 ], [ 5741183.725500823929906, 9837023.153762010857463 ], [ 5741131.949669267982244, 9836957.101344380527735 ], [ 5741095.692773248068988, 9836870.563292669132352 ], [ 5741021.304305040277541, 9836729.622005458921194 ], [ 5740995.6137640690431, 9836596.328978737816215 ], [ 5740989.476387792266905, 9836497.043799925595522 ], [ 5740973.34593637380749, 9836472.744696218520403 ], [ 5740951.387633074074984, 9836453.339076988399029 ], [ 5740922.114266489632428, 9836425.193863462656736 ], [ 5740833.48031585291028, 9836400.153454758226871 ], [ 5740792.53997628390789, 9836377.999045198783278 ], [ 5740701.047030652873218, 9836289.678327972069383 ], [ 5740638.551137040369213, 9836218.927693100646138 ], [ 5740549.693301213905215, 9836118.66543840803206 ], [ 5740513.943751938641071, 9836083.24804968945682 ], [ 5740364.268712914548814, 9835859.529700789600611 ], [ 5740342.415678513236344, 9835834.413178782910109 ], [ 5740224.767345755361021, 9835748.721458218991756 ], [ 5740184.753588732331991, 9835708.931011810898781 ], [ 5740144.210944646969438, 9835655.994711738079786 ], [ 5740096.253713943995535, 9835605.752461573109031 ], [ 5740018.914254581555724, 9835531.997347449883819 ], [ 5739861.808754466474056, 9835328.476463217288256 ], [ 5739796.694440174847841, 9835175.021650655195117 ], [ 5739791.750222609378397, 9835147.895601879805326 ], [ 5739784.506514448672533, 9835006.880546201020479 ], [ 5739774.114432152360678, 9834948.01004752330482 ], [ 5739767.159606938250363, 9834899.83864395134151 ], [ 5739770.072261510416865, 9834854.2871307823807 ], [ 5739769.814978539012372, 9834853.842606417834759 ] ], [ [ 5738202.668083257041872, 9838566.450038332492113 ], [ 5738146.619492677971721, 9838530.245701968669891 ], [ 5738057.505984487012029, 9838344.912840669974685 ], [ 5737954.753475464880466, 9838275.260399244725704 ], [ 5738068.171202000230551, 9838163.94073298573494 ], [ 5738063.1557781342417, 9838043.651087043806911 ], [ 5738332.913039196282625, 9838022.274817157536745 ], [ 5738607.628194409422576, 9838200.138518400490284 ], [ 5738635.588238356634974, 9838198.186153968796134 ], [ 5738654.240712612867355, 9838198.598896833136678 ], [ 5738669.18141420930624, 9838208.351330388337374 ], [ 5738676.674478925764561, 9838217.179414013400674 ], [ 5738681.383758911862969, 9838233.028967110440135 ], [ 5738687.945954192429781, 9838246.991736864671111 ], [ 5738699.630157216452062, 9838258.156411966308951 ], [ 5738714.57513016089797, 9838265.571090329438448 ], [ 5738731.843186788260937, 9838272.043841989710927 ], [ 5738739.316960580646992, 9838278.088945329189301 ], [ 5738743.553356807678938, 9838292.069697016850114 ], [ 5738739.929188910871744, 9838327.51418293826282 ], [ 5738739.967446088790894, 9838340.572159126400948 ], [ 5738737.668746619485319, 9838353.63699658960104 ], [ 5738737.704258405603468, 9838365.75987420976162 ], [ 5738747.140444874763489, 9838403.503782609477639 ], [ 5738746.71540099568665, 9838417.965779444202781 ], [ 5738742.08401183411479, 9838428.699695473536849 ], [ 5738733.716473180800676, 9838436.661519568413496 ], [ 5738717.428217075765133, 9838445.559423828497529 ], [ 5738711.389416537247598, 9838450.709091590717435 ], [ 5738742.190522931516171, 9838465.079463327303529 ], [ 5738728.789889009669423, 9838502.422825291752815 ], [ 5738693.812309291213751, 9838498.328579504042864 ], [ 5738694.808499944396317, 9838519.309865554794669 ], [ 5738683.711607972159982, 9838552.917136486619711 ], [ 5738678.597815806046128, 9838558.531628781929612 ], [ 5738671.199095984920859, 9838578.13486360758543 ], [ 5738657.744983180426061, 9838601.028709098696709 ], [ 5738645.654814296402037, 9838610.849347420036793 ], [ 5738629.396560629829764, 9838630.022105872631073 ], [ 5738609.377554204314947, 9838638.006889902055264 ], [ 5738578.630803175270557, 9838646.023099703714252 ], [ 5738577.280664695426822, 9838660.020208325237036 ], [ 5738578.727581397630274, 9838679.129925915971398 ], [ 5738576.441285171546042, 9838692.66222426481545 ], [ 5738569.028677414171398, 9838711.341471135616302 ], [ 5738548.561320930719376, 9838725.850980231538415 ], [ 5738528.534126740880311, 9838731.041560156270862 ], [ 5738532.011341275647283, 9838805.182779226452112 ], [ 5738471.839795644395053, 9838789.963115490972996 ], [ 5738209.212699585594237, 9838570.62766689248383 ], [ 5738202.668083257041872, 9838566.450038332492113 ] ], [ [ 5742082.006592192687094, 9841653.281268142163754 ], [ 5742058.474635387770832, 9841736.122234037145972 ], [ 5741962.401822966523468, 9841720.780197594314814 ], [ 5741904.064382965676486, 9841859.452429106459022 ], [ 5741832.64583789370954, 9841826.315574564039707 ], [ 5741873.620581019669771, 9841729.430676180869341 ], [ 5741824.37082729768008, 9841708.119866292923689 ], [ 5741973.37540159188211, 9841323.650314640253782 ], [ 5742044.537541840225458, 9841348.860694210976362 ], [ 5741946.265629636123776, 9841581.855289271101356 ], [ 5741947.796565318480134, 9841587.907141646370292 ], [ 5741954.92346347309649, 9841593.363916164264083 ], [ 5742083.974339887499809, 9841648.722232218831778 ], [ 5742082.006592192687094, 9841653.281268142163754 ] ] ] } },
{ "type": "Feature", "properties": { "lv_id": "LOC_003778", "id": 24657.0, "CD_SETOR": "150160005000019", "SITUACAO": "Urbana", "CD_SIT": "3", "CD_TIPO": "0", "AREA_KM2": 0.65774639523866396, "CD_REGIAO": "1", "NM_REGIAO": "Norte", "CD_UF": "15", "NM_UF": "Pará", "CD_MUN": "1501600", "NM_MUN": "Bonito", "CD_DIST": "150160005", "NM_DIST": "Bonito", "CD_SUBDIST": "15016000500", "NM_SUBDIST": null, "CD_BAIRRO": null, "NM_BAIRRO": null, "CD_NU": "1501600001", "NM_NU": "Santo Antônio do Cumaru", "CD_FCU": null, "NM_FCU": null, "CD_AGLOM": null, "NM_AGLOM": null, "CD_RGINT": "1502", "NM_RGINT": "Castanhal", "CD_RGI": "150006", "NM_RGI": "Capanema", "CD_CONCURB": null, "NM_CONCURB": null, "mun_code_x": "1501600", "index_right": 43680, "dist_m": 583.27026245855029, "local_id": 38457, "ano": 2022, "cod_localidade_ibge": 1501600, "NR_ZONA": "41", "nr_cep": 68645000.0, "nm_localidade": "BONITO", "nm_locvot": "EMEF SANTO ANTONIO DO CUMARU", "ds_endereco": "SANTO ANTONIO DO CUMARU", "ds_bairro": "SANTO ANTONIO DO CUMARÚ", "pred_long": -47.3371878, "pred_lat": -1.4055606, "pred_dist": 0.0, "tse_long": -47.3328796, "tse_lat": -1.4024166, "long": -47.3328796, "lat": -1.4024166, "ID_UNICO": "LOC_003778", "SG_UF": "PA", "CD_MUNICIPIO": "4316", "NR_LOCAL_VOTACAO": "1074", "QT_SECOES_AGREGADAS": 0, "QT_ELEITORES_TRANSFERIDOS": 10, "CIRO GOMES (PDT) (NÃO ELEITO) 1T": 27.0, "CONSTITUINTE EYMAEL (DC) (NÃO ELEITO) 1T": 0.0, "FELIPE D AVILA (NOVO) (NÃO ELEITO) 1T": 0.0, "JAIR BOLSONARO (PL) (2º TURNO) 1T": 286.0, "LULA (PT) (2º TURNO) 1T": 1238.0, "LÉO PÉRICLES (UP) (NÃO ELEITO) 1T": 0.0, "PADRE KELMON (PTB) (NÃO ELEITO) 1T": 0.0, "SIMONE TEBET (MDB) (NÃO ELEITO) 1T": 64.0, "SOFIA MANZANO (PCB) (NÃO ELEITO) 1T": 0.0, "SORAYA THRONICKE (UNIÃO) (NÃO ELEITO) 1T": 5.0, "VERA (PSTU) (NÃO ELEITO) 1T": 0.0, "Total_Votos_Validos 1T": 1620.0, "Votos_Brancos 1T": 17.0, "Votos_Nulos 1T": 23.0, "Abstenções 1T": 361.0, "Eleitores_Aptos 1T": 2021.0, "JAIR BOLSONARO (PL) (NÃO ELEITO) 2T": 325.0, "LULA (PT) (ELEITO) 2T": 1219.0, "Total_Votos_Validos 2T": 1544.0, "Votos_Brancos 2T": 6.0, "Votos_Nulos 2T": 30.0, "Abstenções 2T": 441.0, "Eleitores_Aptos 2T": 2021.0, "mun_code_y": "1501600", "mun_code": "1501600" }, "geometry": { "type": "MultiPolygon", "coordinates": [ [ [ [ 5741954.92346347309649, 9841593.363916164264083 ], [ 5741947.796565318480134, 9841587.907141646370292 ], [ 5741946.265629636123776, 9841581.855289271101356 ], [ 5742044.537541840225458, 9841348.860694210976362 ], [ 5741973.37540159188211, 9841323.650314640253782 ], [ 5741824.37082729768008, 9841708.119866292923689 ], [ 5741873.620581019669771, 9841729.430676180869341 ], [ 5741832.64583789370954, 9841826.315574564039707 ], [ 5741904.064382965676486, 9841859.452429106459022 ], [ 5741962.401822966523468, 9841720.780197594314814 ], [ 5742058.474635387770832, 9841736.122234037145972 ], [ 5742082.006592192687094, 9841653.281268142163754 ], [ 5742083.974339887499809, 9841648.722232218831778 ], [ 5741954.92346347309649, 9841593.363916164264083 ] ] ], [ [ [ 5741540.197627731598914, 9842559.105750786140561 ], [ 5741350.153367126360536, 9843018.186360880732536 ], [ 5741159.88002145756036, 9842933.910665988922119 ], [ 5741032.745534329675138, 9843409.862271595746279 ], [ 5740943.0472506089136, 9843659.868110494688153 ], [ 5741074.01451095752418, 9843716.472148610278964 ], [ 5740979.984193542972207, 9843958.095965776592493 ], [ 5741704.668302981182933, 9844246.768213598057628 ], [ 5741951.393278466537595, 9844361.281311340630054 ], [ 5742203.828683761879802, 9843692.189192147925496 ], [ 5742318.576380601152778, 9843731.272474441677332 ], [ 5742410.09678390994668, 9843734.540601339191198 ], [ 5742528.015398994088173, 9843792.908434441313148 ], [ 5742696.484956876374781, 9843884.152852522209287 ], [ 5742947.54046724177897, 9843405.004934381693602 ], [ 5742828.003579165786505, 9843329.541956167668104 ], [ 5742797.993166971951723, 9843330.796786163002253 ], [ 5742477.017128119245172, 9843173.72697602212429 ], [ 5742563.671833174303174, 9843000.962184179574251 ], [ 5742125.195638784207404, 9842799.855906954035163 ], [ 5741540.197627731598914, 9842559.105750786140561 ] ] ] ] } },
{ "type": "Feature", "properties": { "lv_id": "LOC_003779", "id": 24652.0, "CD_SETOR": "150160005000011", "SITUACAO": "Rural", "CD_SIT": "8", "CD_TIPO": "0", "AREA_KM2": 19.894945034001307, "CD_REGIAO": "1", "NM_REGIAO": "Norte", "CD_UF": "15", "NM_UF": "Pará", "CD_MUN": "1501600", "NM_MUN": "Bonito", "CD_DIST": "150160005", "NM_DIST": "Bonito", "CD_SUBDIST": "15016000500", "NM_SUBDIST": null, "CD_BAIRRO": null, "NM_BAIRRO": null, "CD_NU": null, "NM_NU": null, "CD_FCU": null, "NM_FCU": null, "CD_AGLOM": "150160000004", "NM_AGLOM": "Travessa do L", "CD_RGINT": "1502", "NM_RGINT": "Castanhal", "CD_RGI": "150006", "NM_RGI": "Capanema", "CD_CONCURB": null, "NM_CONCURB": null, "mun_code_x": "1501600", "index_right": 43678, "dist_m": 7.8613665792117162, "local_id": 38455, "ano": 2022, "cod_localidade_ibge": 1501600, "NR_ZONA": "41", "nr_cep": 68645000.0, "nm_localidade": "BONITO", "nm_locvot": "EMEI 174", "ds_endereco": "TRAVESSÃO DO L", "ds_bairro": "TRAVESSÃO DO L", "pred_long": -47.2169221, "pred_lat": -1.313342, "pred_dist": 0.0, "tse_long": -47.2169033, "tse_lat": -1.3133767, "long": -47.2169033, "lat": -1.3133767, "ID_UNICO": "LOC_003779", "SG_UF": "PA", "CD_MUNICIPIO": "4316", "NR_LOCAL_VOTACAO": "1201", "QT_SECOES_AGREGADAS": 0, "QT_ELEITORES_TRANSFERIDOS": 2, "CIRO GOMES (PDT) (NÃO ELEITO) 1T": 33.0, "CONSTITUINTE EYMAEL (DC) (NÃO ELEITO) 1T": 0.0, "FELIPE D AVILA (NOVO) (NÃO ELEITO) 1T": 1.0, "JAIR BOLSONARO (PL) (2º TURNO) 1T": 277.0, "LULA (PT) (2º TURNO) 1T": 702.0, "LÉO PÉRICLES (UP) (NÃO ELEITO) 1T": 0.0, "PADRE KELMON (PTB) (NÃO ELEITO) 1T": 0.0, "SIMONE TEBET (MDB) (NÃO ELEITO) 1T": 66.0, "SOFIA MANZANO (PCB) (NÃO ELEITO) 1T": 0.0, "SORAYA THRONICKE (UNIÃO) (NÃO ELEITO) 1T": 1.0, "VERA (PSTU) (NÃO ELEITO) 1T": 0.0, "Total_Votos_Validos 1T": 1080.0, "Votos_Brancos 1T": 14.0, "Votos_Nulos 1T": 12.0, "Abstenções 1T": 208.0, "Eleitores_Aptos 1T": 1314.0, "JAIR BOLSONARO (PL) (NÃO ELEITO) 2T": 324.0, "LULA (PT) (ELEITO) 2T": 701.0, "Total_Votos_Validos 2T": 1025.0, "Votos_Brancos 2T": 14.0, "Votos_Nulos 2T": 14.0, "Abstenções 2T": 261.0, "Eleitores_Aptos 2T": 1314.0, "mun_code_y": "1501600", "mun_code": "1501600" }, "geometry": { "type": "Polygon", "coordinates": [ [ [ 5758176.478938084095716, 9844847.526195602491498 ], [ 5758156.952348414808512, 9844818.160847956314683 ], [ 5758147.809386988170445, 9844804.411827091127634 ], [ 5758126.259725664742291, 9844772.012183107435703 ], [ 5758116.957079635933042, 9844776.204019386321306 ], [ 5758114.83168264105916, 9844772.41273039393127 ], [ 5758091.774610815569758, 9844811.556242575868964 ], [ 5757892.154230706393719, 9844825.452173851430416 ], [ 5757811.101572035811841, 9844844.005346704274416 ], [ 5756774.573319900780916, 9845297.356646729633212 ], [ 5756218.741619678214192, 9845547.439295804128051 ], [ 5756157.236272376962006, 9845568.016583900898695 ], [ 5755993.507664429955184, 9845637.182806486263871 ], [ 5756024.897785263136029, 9845838.104043073952198 ], [ 5756040.843857726082206, 9845946.665281614288688 ], [ 5756194.028610906563699, 9846930.607019199058414 ], [ 5756520.036398378200829, 9849244.976560298353434 ], [ 5756577.285908379592001, 9849512.688971301540732 ], [ 5756601.438541076146066, 9849673.256100052967668 ], [ 5756659.3577951034531, 9850158.406410120427608 ], [ 5756644.963011695072055, 9850364.894298685714602 ], [ 5755530.206350142136216, 9852800.383361522108316 ], [ 5755482.141776082105935, 9852870.435292646288872 ], [ 5754770.25846504047513, 9853578.27903183363378 ], [ 5754382.380641302093863, 9853982.956857154145837 ], [ 5753969.285044300369918, 9854410.134003553539515 ], [ 5754080.279218019917607, 9854506.567107155919075 ], [ 5754322.937810652889311, 9854717.39573079161346 ], [ 5754940.308005611412227, 9854582.529211981222034 ], [ 5754961.97738104686141, 9854491.972455885261297 ], [ 5755190.364458974450827, 9854143.737032797187567 ], [ 5757478.792812285013497, 9857063.668679129332304 ], [ 5758151.982642779126763, 9845275.727592566981912 ], [ 5758176.478938084095716, 9844847.526195602491498 ] ] ] } },
{ "type": "Feature", "properties": { "lv_id": "LOC_003782", "id": 24647.0, "CD_SETOR": "150160005000003", "SITUACAO": "Rural", "CD_SIT": "8", "CD_TIPO": "0", "AREA_KM2": 58.761097137738929, "CD_REGIAO": "1", "NM_REGIAO": "Norte", "CD_UF": "15", "NM_UF": "Pará", "CD_MUN": "1501600", "NM_MUN": "Bonito", "CD_DIST": "150160005", "NM_DIST": "Bonito", "CD_SUBDIST": "15016000500", "NM_SUBDIST": null, "CD_BAIRRO": null, "NM_BAIRRO": null, "CD_NU": null, "NM_NU": null, "CD_FCU": null, "NM_FCU": null, "CD_AGLOM": null, "NM_AGLOM": null, "CD_RGINT": "1502", "NM_RGINT": "Castanhal", "CD_RGI": "150006", "NM_RGI": "Capanema", "CD_CONCURB": null, "NM_CONCURB": null, "mun_code_x": "1501600", "index_right": 43682, "dist_m": 0.0, "local_id": 38459, "ano": 2022, "cod_localidade_ibge": 1501600, "NR_ZONA": "41", "nr_cep": 68645000.0, "nm_localidade": "BONITO", "nm_locvot": "EMEF SABINO GONÇALVES DA SILVEIRA", "ds_endereco": "VILA DIRETÓRIO", "ds_bairro": "VILA DIRETÓRIO", "pred_long": -47.35096, "pred_lat": -1.489171, "pred_dist": 0.0, "tse_long": -47.3508798, "tse_lat": -1.4891065, "long": -47.3508798, "lat": -1.4891065, "ID_UNICO": "LOC_003782", "SG_UF": "PA", "CD_MUNICIPIO": "4316", "NR_LOCAL_VOTACAO": "1066", "QT_SECOES_AGREGADAS": 0, "QT_ELEITORES_TRANSFERIDOS": 2, "CIRO GOMES (PDT) (NÃO ELEITO) 1T": 5.0, "CONSTITUINTE EYMAEL (DC) (NÃO ELEITO) 1T": 0.0, "FELIPE D AVILA (NOVO) (NÃO ELEITO) 1T": 0.0, "JAIR BOLSONARO (PL) (2º TURNO) 1T": 62.0, "LULA (PT) (2º TURNO) 1T": 206.0, "LÉO PÉRICLES (UP) (NÃO ELEITO) 1T": 0.0, "PADRE KELMON (PTB) (NÃO ELEITO) 1T": 1.0, "SIMONE TEBET (MDB) (NÃO ELEITO) 1T": 19.0, "SOFIA MANZANO (PCB) (NÃO ELEITO) 1T": 0.0, "SORAYA THRONICKE (UNIÃO) (NÃO ELEITO) 1T": 1.0, "VERA (PSTU) (NÃO ELEITO) 1T": 0.0, "Total_Votos_Validos 1T": 294.0, "Votos_Brancos 1T": 0.0, "Votos_Nulos 1T": 5.0, "Abstenções 1T": 62.0, "Eleitores_Aptos 1T": 361.0, "JAIR BOLSONARO (PL) (NÃO ELEITO) 2T": 68.0, "LULA (PT) (ELEITO) 2T": 218.0, "Total_Votos_Validos 2T": 286.0, "Votos_Brancos 2T": 6.0, "Votos_Nulos 2T": 3.0, "Abstenções 2T": 66.0, "Eleitores_Aptos 2T": 361.0, "mun_code_y": "1501600", "mun_code": "1501600" }, "geometry": { "type": "Polygon", "coordinates": [ [ [ 5739769.814978539012372, 9834853.842606417834759 ], [ 5739770.072261510416865, 9834854.2871307823807 ], [ 5739767.159606938250363, 9834899.83864395134151 ], [ 5739774.114432152360678, 9834948.01004752330482 ], [ 5739784.506514448672533, 9835006.880546201020479 ], [ 5739791.750222609378397, 9835147.895601879805326 ], [ 5739796.694440174847841, 9835175.021650655195117 ], [ 5739861.808754466474056, 9835328.476463217288256 ], [ 5740018.914254581555724, 9835531.997347449883819 ], [ 5740096.253713943995535, 9835605.752461573109031 ], [ 5740144.210944646969438, 9835655.994711738079786 ], [ 5740184.753588732331991, 9835708.931011810898781 ], [ 5740224.767345755361021, 9835748.721458218991756 ], [ 5740342.415678513236344, 9835834.413178782910109 ], [ 5740364.268712914548814, 9835859.529700789600611 ], [ 5740513.943751938641071, 9836083.24804968945682 ], [ 5740549.693301213905215, 9836118.66543840803206 ], [ 5740638.551137040369213, 9836218.927693100646138 ], [ 5740701.047030652873218, 9836289.678327972069383 ], [ 5740792.53997628390789, 9836377.999045198783278 ], [ 5740833.48031585291028, 9836400.153454758226871 ], [ 5740922.114266489632428, 9836425.193863462656736 ], [ 5740951.387633074074984, 9836453.339076988399029 ], [ 5740973.34593637380749, 9836472.744696218520403 ], [ 5740989.476387792266905, 9836497.043799925595522 ], [ 5740995.6137640690431, 9836596.328978737816215 ], [ 5741021.304305040277541, 9836729.622005458921194 ], [ 5741095.692773248068988, 9836870.563292669132352 ], [ 5741131.949669267982244, 9836957.101344380527735 ], [ 5741183.725500823929906, 9837023.153762010857463 ], [ 5741373.059105990454555, 9837205.613820435479283 ], [ 5741519.705611036159098, 9837430.07193012163043 ], [ 5741537.382756093516946, 9837484.536779705435038 ], [ 5741656.981559556908906, 9838111.159841399639845 ], [ 5741644.572285676375031, 9838193.946605430915952 ], [ 5741519.547167216427624, 9838698.608032802119851 ], [ 5741471.419498668052256, 9838881.783393708989024 ], [ 5741466.676210965961218, 9838922.687978267669678 ], [ 5741537.34195682220161, 9839127.902549523860216 ], [ 5741655.002818047069013, 9839577.022159773856401 ], [ 5741679.605356429703534, 9839854.724911639466882 ], [ 5741685.490113642066717, 9840539.119458679109812 ], [ 5741701.200029132887721, 9840587.757566392421722 ], [ 5741978.661123442463577, 9840957.875779710710049 ], [ 5742189.62716405838728, 9841220.122796380892396 ], [ 5742250.25275550223887, 9841319.252815084531903 ], [ 5742265.117760193534195, 9841414.618943400681019 ], [ 5742284.59613433573395, 9841755.308138053864241 ], [ 5742280.40570642054081, 9841988.978130994364619 ], [ 5742172.981048248708248, 9842504.262682592496276 ], [ 5742162.353957833722234, 9842566.637478247284889 ], [ 5742145.150088827125728, 9842648.547105407342315 ], [ 5742136.641512401401997, 9842716.292948914691806 ], [ 5742125.195638784207404, 9842799.855906954035163 ], [ 5742563.671833174303174, 9843000.962184179574251 ], [ 5742477.017128119245172, 9843173.72697602212429 ], [ 5742797.993166971951723, 9843330.796786163002253 ], [ 5742828.003579165786505, 9843329.541956167668104 ], [ 5742947.54046724177897, 9843405.004934381693602 ], [ 5742696.484956876374781, 9843884.152852522209287 ], [ 5742528.015398994088173, 9843792.908434441313148 ], [ 5742410.09678390994668, 9843734.540601339191198 ], [ 5742318.576380601152778, 9843731.272474441677332 ], [ 5742203.828683761879802, 9843692.189192147925496 ], [ 5741951.393278466537595, 9844361.281311340630054 ], [ 5741704.668302981182933, 9844246.768213598057628 ], [ 5741425.86435279995203, 9844700.395666982978582 ], [ 5741412.393030254170299, 9844741.769692877307534 ], [ 5741406.558326204307377, 9845820.348861631006002 ], [ 5741430.439213625155389, 9845863.49908210337162 ], [ 5741431.087953708134592, 9845864.666198117658496 ], [ 5742318.630756839178503, 9846712.159105587750673 ], [ 5742425.407641105353832, 9846822.410581005737185 ], [ 5742568.621001498773694, 9846980.888892831280828 ], [ 5742624.703668892383575, 9847034.448902364820242 ], [ 5742749.814290767535567, 9847134.497016532346606 ], [ 5742801.783710854128003, 9847177.681687047705054 ], [ 5743116.620278694666922, 9847438.408233914524317 ], [ 5743215.425938051193953, 9847503.851580990478396 ], [ 5743244.630171958357096, 9847520.648011650890112 ], [ 5743484.734527121298015, 9847656.705346623435616 ], [ 5744018.023130247369409, 9847967.330051409080625 ], [ 5744043.81483546923846, 9847885.339668402448297 ], [ 5744421.622698837891221, 9848043.751242456957698 ], [ 5744471.1284712664783, 9847965.223544906824827 ], [ 5744426.569155094213784, 9847849.226622192189097 ], [ 5744424.561181835830212, 9847719.372749637812376 ], [ 5744530.729812157340348, 9847583.182846708223224 ], [ 5744663.610141675919294, 9847484.003147063776851 ], [ 5744740.86575326602906, 9847431.816628554835916 ], [ 5744835.562062246724963, 9847280.560383103787899 ], [ 5744920.928998170420527, 9847144.203994600102305 ], [ 5745189.555855693295598, 9847140.022799529135227 ], [ 5745289.372250316664577, 9847160.663177624344826 ], [ 5745475.361056201159954, 9847174.036993594840169 ], [ 5745684.147454860620201, 9847185.487600555643439 ], [ 5745702.735019474290311, 9847114.703658891841769 ], [ 5745768.168173070065677, 9846965.997627390548587 ], [ 5745881.038457210175693, 9846549.850071787834167 ], [ 5746108.119206454604864, 9845857.051081843674183 ], [ 5746140.821715691126883, 9845717.286244127899408 ], [ 5746143.5336012840271, 9845660.864062925800681 ], [ 5746129.136006450280547, 9845571.334149895235896 ], [ 5746094.436069768853486, 9845378.318410862237215 ], [ 5746094.67524528503418, 9845293.746146023273468 ], [ 5746071.452946393750608, 9845157.413133399561048 ], [ 5745953.287517035380006, 9844917.795792682096362 ], [ 5745913.853906956501305, 9844857.374202826991677 ], [ 5745841.174511284567416, 9844768.021878752857447 ], [ 5745788.527101743035018, 9844725.819356894120574 ], [ 5745015.853907370008528, 9844406.237963555380702 ], [ 5744991.401658809743822, 9844381.880797145888209 ], [ 5744970.030124074779451, 9844341.193198915570974 ], [ 5744966.002005442045629, 9844333.533720307052135 ], [ 5744951.890624943189323, 9844286.523912006989121 ], [ 5744962.526747609488666, 9844226.840445633977652 ], [ 5745113.074400016106665, 9843859.339372213929892 ], [ 5745362.375286306254566, 9843208.281983535736799 ], [ 5745471.217113640159369, 9842938.03570818901062 ], [ 5745491.7679379330948, 9842901.848086252808571 ], [ 5745490.63728180155158, 9842837.554914876818657 ], [ 5745473.825540229678154, 9842591.161605980247259 ], [ 5745475.739135048352182, 9842517.529735898599029 ], [ 5745493.408512504771352, 9842446.980902228504419 ], [ 5745492.951109242625535, 9842392.516742277890444 ], [ 5745462.653926151804626, 9842332.839218977838755 ], [ 5745267.269820634275675, 9842040.012754049152136 ], [ 5745202.600953873246908, 9841931.937522878870368 ], [ 5745152.426474791020155, 9841837.180748201906681 ], [ 5745106.48014959320426, 9841715.290665427222848 ], [ 5745090.44664603099227, 9841654.715242015197873 ], [ 5745085.053003586828709, 9841586.794272283092141 ], [ 5745075.239900690503418, 9841552.999180762097239 ], [ 5744993.028407993726432, 9841486.069473259150982 ], [ 5744891.584501760080457, 9841341.584440296515822 ], [ 5744866.08999387640506, 9841307.400868659839034 ], [ 5744779.448371327482164, 9841213.341276723891497 ], [ 5744737.651566965505481, 9841156.526432169601321 ], [ 5744706.603938973508775, 9841122.381446810439229 ], [ 5744592.068450143560767, 9841064.765223577618599 ], [ 5744522.374973310157657, 9841024.219782188534737 ], [ 5744469.670551000162959, 9840982.211044123396277 ], [ 5744432.213430381380022, 9840944.444338878616691 ], [ 5744412.525528950616717, 9840917.113573651760817 ], [ 5744401.898062314838171, 9840890.402179760858417 ], [ 5744402.984745726920664, 9840866.072620926424861 ], [ 5744404.082514217123389, 9840841.731895364820957 ], [ 5744421.44159332010895, 9840806.767100313678384 ], [ 5744497.825575686991215, 9840683.487295044586062 ], [ 5744533.51437608897686, 9840564.801507221534848 ], [ 5744579.641063333489001, 9840468.897405734285712 ], [ 5744597.657891852781177, 9840449.706475500017405 ], [ 5744624.5231863707304, 9840438.594805238768458 ], [ 5744859.466358278878033, 9840453.005418956279755 ], [ 5744959.159227254800498, 9840446.546197855845094 ], [ 5745017.777242456562817, 9840425.020878117531538 ], [ 5745049.105880503542721, 9840395.113816687837243 ], [ 5745024.636862400919199, 9840346.420665059238672 ], [ 5745018.914165716618299, 9840322.634001974016428 ], [ 5745041.574421918950975, 9840209.139708247035742 ], [ 5745039.198316977359354, 9840176.692532805725932 ], [ 5745017.368430127389729, 9840143.868111548945308 ], [ 5744894.041722180321813, 9840033.273069635033607 ], [ 5744853.669506944715977, 9839984.482065161690116 ], [ 5744831.997323635965586, 9839948.528854332864285 ], [ 5744823.325103869661689, 9839932.243767566978931 ], [ 5744819.865411116741598, 9839902.238132352009416 ], [ 5744854.567304141819477, 9839800.632693231105804 ], [ 5745030.280753726139665, 9839437.95584843121469 ], [ 5745097.641503866761923, 9839259.799796368926764 ], [ 5745452.305740823969245, 9838413.638762846589088 ], [ 5745717.65891647618264, 9837855.736959662288427 ], [ 5745916.626749542541802, 9837407.104099819436669 ], [ 5745961.290080288425088, 9837307.825470875948668 ], [ 5746017.302435357123613, 9837207.967236284166574 ], [ 5746052.347981068305671, 9837160.15468430146575 ], [ 5746208.358417388051748, 9837071.053032198920846 ], [ 5746246.722008408978581, 9837061.207475766539574 ], [ 5746321.248274848796427, 9837068.477713871747255 ], [ 5746361.668429684825242, 9837065.361898882314563 ], [ 5746471.881949395872653, 9837049.745695231482387 ], [ 5746534.133581588976085, 9837053.278229378163815 ], [ 5746601.161612163297832, 9837065.046629557386041 ], [ 5746642.909517988562584, 9837063.095832545310259 ], [ 5746779.119967495091259, 9837044.094900174066424 ], [ 5746861.069931943900883, 9837040.531834814697504 ], [ 5746886.991196377202868, 9837052.80174464918673 ], [ 5746920.924375288188457, 9837072.351520115509629 ], [ 5746960.487389857880771, 9837113.896173268556595 ], [ 5746986.215749744325876, 9837128.64956571906805 ], [ 5747024.473869887180626, 9837135.671970456838608 ], [ 5747193.284434367902577, 9837178.010413881391287 ], [ 5747243.81541744992137, 9837206.818679723888636 ], [ 5747389.244977181777358, 9837271.450702602043748 ], [ 5747488.610407355241477, 9837327.391418656334281 ], [ 5747631.692574181593955, 9837395.994643721729517 ], [ 5747672.244783943518996, 9837399.826033711433411 ], [ 5747714.92268456146121, 9837314.166764972731471 ], [ 5748309.539117666892707, 9836201.042343225330114 ], [ 5748385.740551411174238, 9836095.59470290504396 ], [ 5748481.247969264164567, 9836045.124845083802938 ], [ 5748634.012209111824632, 9835973.004030030220747 ], [ 5748663.726267990656197, 9835954.988207014277577 ], [ 5748791.522112690843642, 9835843.526912562549114 ], [ 5748844.334276923909783, 9835794.576926788315177 ], [ 5748854.047096184454858, 9835779.082053804770112 ], [ 5748858.072206750512123, 9835763.214671157300472 ], [ 5748870.011606372892857, 9835703.766043214127421 ], [ 5748871.526836579665542, 9835652.733042728155851 ], [ 5748781.165060588158667, 9835597.524373380467296 ], [ 5748466.89251674246043, 9835524.644319465383887 ], [ 5748364.061325428076088, 9835497.030965659767389 ], [ 5748326.138633776456118, 9835486.846619997173548 ], [ 5748288.056719207204878, 9835464.470855787396431 ], [ 5748186.832747106440365, 9835386.838200256228447 ], [ 5747804.907677656970918, 9835062.4119070507586 ], [ 5747561.932944625616074, 9834856.69045377150178 ], [ 5747385.150610607117414, 9834691.931842098012567 ], [ 5747286.043411381542683, 9834655.646639561280608 ], [ 5747161.127426413819194, 9834530.502063911408186 ], [ 5744665.719240485690534, 9835678.715120850130916 ], [ 5744504.625750437378883, 9835589.809686195105314 ], [ 5744419.822821414098144, 9835525.112764937803149 ], [ 5744351.020017301663756, 9835441.107129476964474 ], [ 5744158.624345885589719, 9835130.810727322474122 ], [ 5744065.124078522436321, 9834894.209476521238685 ], [ 5744031.821008738130331, 9834847.505684791132808 ], [ 5743382.516914648003876, 9834559.013235138729215 ], [ 5742998.514481930062175, 9834481.90841225348413 ], [ 5742698.511737906374037, 9834346.903315996751189 ], [ 5742496.315082915127277, 9833998.206336738541722 ], [ 5742259.516260095871985, 9833277.910322910174727 ], [ 5742131.515414057299495, 9832957.905689803883433 ], [ 5741898.606117790564895, 9832695.902116149663925 ], [ 5741518.404565298929811, 9832554.807301342487335 ], [ 5741178.508279730565846, 9832479.106825267896056 ], [ 5740831.509464912116528, 9832504.802395913749933 ], [ 5740578.401686881668866, 9832707.007636616006494 ], [ 5740220.500200008042157, 9832777.809427864849567 ], [ 5740018.103151738643646, 9832899.702566385269165 ], [ 5739896.504641001112759, 9832972.900767542421818 ], [ 5739922.504146670922637, 9833304.903122927993536 ], [ 5739892.707760815508664, 9833637.909573720768094 ], [ 5739745.701193783432245, 9833935.913027614355087 ], [ 5739663.304415917955339, 9834667.705818546935916 ], [ 5739646.373694073408842, 9834818.333621047437191 ], [ 5739769.814978539012372, 9834853.842606417834759 ] ] ] } },
{ "type": "Feature", "properties": { "lv_id": "LOC_003783", "id": 24667.0, "CD_SETOR": "150160005000030", "SITUACAO": "Rural", "CD_SIT": "8", "CD_TIPO": "0", "AREA_KM2": 27.164929888545359, "CD_REGIAO": "1", "NM_REGIAO": "Norte", "CD_UF": "15", "NM_UF": "Pará", "CD_MUN": "1501600", "NM_MUN": "Bonito", "CD_DIST": "150160005", "NM_DIST": "Bonito", "CD_SUBDIST": "15016000500", "NM_SUBDIST": null, "CD_BAIRRO": null, "NM_BAIRRO": null, "CD_NU": null, "NM_NU": null, "CD_FCU": null, "NM_FCU": null, "CD_AGLOM": null, "NM_AGLOM": null, "CD_RGINT": "1502", "NM_RGINT": "Castanhal", "CD_RGI": "150006", "NM_RGI": "Capanema", "CD_CONCURB": null, "NM_CONCURB": null, "mun_code_x": "1501600", "index_right": 43684, "dist_m": 0.0, "local_id": 38461, "ano": 2022, "cod_localidade_ibge": 1501600, "NR_ZONA": "41", "nr_cep": 68645000.0, "nm_localidade": "BONITO", "nm_locvot": "EMEF JOSE INOCENCIO DA SILVA", "ds_endereco": "BOA ESPERANÇA", "ds_bairro": "VILA BOA ESPERANÇA", "pred_long": -47.393526, "pred_lat": -1.3673836, "pred_dist": 0.0, "tse_long": -47.3935691, "tse_lat": -1.3672721, "long": -47.3935691, "lat": -1.3672721, "ID_UNICO": "LOC_003783", "SG_UF": "PA", "CD_MUNICIPIO": "4316", "NR_LOCAL_VOTACAO": "1090", "QT_SECOES_AGREGADAS": 0, "QT_ELEITORES_TRANSFERIDOS": 0, "CIRO GOMES (PDT) (NÃO ELEITO) 1T": 11.0, "CONSTITUINTE EYMAEL (DC) (NÃO ELEITO) 1T": 0.0, "FELIPE D AVILA (NOVO) (NÃO ELEITO) 1T": 0.0, "JAIR BOLSONARO (PL) (2º TURNO) 1T": 58.0, "LULA (PT) (2º TURNO) 1T": 235.0, "LÉO PÉRICLES (UP) (NÃO ELEITO) 1T": 0.0, "PADRE KELMON (PTB) (NÃO ELEITO) 1T": 1.0, "SIMONE TEBET (MDB) (NÃO ELEITO) 1T": 18.0, "SOFIA MANZANO (PCB) (NÃO ELEITO) 1T": 0.0, "SORAYA THRONICKE (UNIÃO) (NÃO ELEITO) 1T": 4.0, "VERA (PSTU) (NÃO ELEITO) 1T": 0.0, "Total_Votos_Validos 1T": 327.0, "Votos_Brancos 1T": 2.0, "Votos_Nulos 1T": 13.0, "Abstenções 1T": 79.0, "Eleitores_Aptos 1T": 421.0, "JAIR BOLSONARO (PL) (NÃO ELEITO) 2T": 74.0, "LULA (PT) (ELEITO) 2T": 265.0, "Total_Votos_Validos 2T": 339.0, "Votos_Brancos 2T": 1.0, "Votos_Nulos 2T": 7.0, "Abstenções 2T": 74.0, "Eleitores_Aptos 2T": 421.0, "mun_code_y": "1501600", "mun_code": "1501600" }, "geometry": { "type": "Polygon", "coordinates": [ [ [ 5735776.986681343987584, 9851745.075755665078759 ], [ 5736366.102183553390205, 9850175.002638733014464 ], [ 5736428.875556633807719, 9849988.264527827501297 ], [ 5736505.021255675703287, 9849816.484067378565669 ], [ 5736574.486573140136898, 9849639.723137939348817 ], [ 5736647.197194310836494, 9849432.975019300356507 ], [ 5736637.035764843225479, 9849371.366092974320054 ], [ 5736568.53367427084595, 9849288.265130493789911 ], [ 5736556.693716225214303, 9849223.332501916214824 ], [ 5736569.933229381218553, 9849193.318517204374075 ], [ 5736608.125114575959742, 9849151.570259667932987 ], [ 5736674.551426194608212, 9849081.425520241260529 ], [ 5736699.338167037814856, 9849013.064245913177729 ], [ 5736779.294570012949407, 9849019.502384362742305 ], [ 5736868.680587633512914, 9848819.374898307025433 ], [ 5736989.529588889330626, 9848559.182035723701119 ], [ 5737110.260293817147613, 9848252.345754319801927 ], [ 5737321.959812754765153, 9847720.381508350372314 ], [ 5737386.530775830149651, 9847583.603354351595044 ], [ 5737466.215884953737259, 9847491.767244912683964 ], [ 5737489.052321854047477, 9847318.457566106691957 ], [ 5737512.14150488935411, 9847236.774154331535101 ], [ 5737598.155922134406865, 9847027.477444969117641 ], [ 5737667.606287305243313, 9846849.05053897947073 ], [ 5737849.568756503984332, 9846410.433136522769928 ], [ 5737932.33319563511759, 9846230.297611117362976 ], [ 5738555.836777509190142, 9846475.101474000141025 ], [ 5738929.25087914057076, 9846610.66396495513618 ], [ 5739034.161214315332472, 9846610.37159320525825 ], [ 5739440.974362383596599, 9846782.479018725454807 ], [ 5739861.165995733812451, 9846971.216384148225188 ], [ 5739889.465904876589775, 9846966.974076636135578 ], [ 5740447.003877775743604, 9846545.624154025688767 ], [ 5740510.095904346555471, 9846478.808382606133819 ], [ 5740592.528535678982735, 9846479.412917474284768 ], [ 5740630.884636291302741, 9846497.629937021061778 ], [ 5740671.759114513173699, 9846525.002063507214189 ], [ 5740731.734996946528554, 9846533.996576502919197 ], [ 5740796.640300313942134, 9846518.819533450528979 ], [ 5740813.174512944184244, 9846473.797516172751784 ], [ 5740796.18475919123739, 9846355.572065817192197 ], [ 5740757.395808414556086, 9846182.423757188022137 ], [ 5740881.384046060964465, 9845857.2260269112885 ], [ 5740974.525657856836915, 9845815.317229637876153 ], [ 5741059.501731460914016, 9845830.074249356985092 ], [ 5741292.624137023463845, 9845821.092069961130619 ], [ 5741337.583984327502549, 9845820.965735143050551 ], [ 5741404.682036192156374, 9845845.759057331830263 ], [ 5741430.439213625155389, 9845863.49908210337162 ], [ 5741406.558326204307377, 9845820.348861631006002 ], [ 5741412.393030254170299, 9844741.769692877307534 ], [ 5741425.86435279995203, 9844700.395666982978582 ], [ 5741704.668302981182933, 9844246.768213598057628 ], [ 5740979.984193542972207, 9843958.095965776592493 ], [ 5741074.01451095752418, 9843716.472148610278964 ], [ 5740943.0472506089136, 9843659.868110494688153 ], [ 5741032.745534329675138, 9843409.862271595746279 ], [ 5740690.99429242964834, 9843268.707062959671021 ], [ 5740279.416890691034496, 9843121.885704346001148 ], [ 5739533.565224534831941, 9842985.638854814693332 ], [ 5739253.187065247446299, 9842863.438223255798221 ], [ 5739153.900770109146833, 9842829.489967944100499 ], [ 5739134.562895094044507, 9842822.977150814607739 ], [ 5739049.727517685852945, 9842791.113981146365404 ], [ 5738851.009874448180199, 9842738.692131392657757 ], [ 5738777.575509971939027, 9842712.585344642400742 ], [ 5737909.959436370059848, 9842253.973461918532848 ], [ 5737547.769137106835842, 9841868.975363351404667 ], [ 5737533.624946964904666, 9841892.404183357954025 ], [ 5737524.760623670183122, 9841917.554441671818495 ], [ 5737515.828616207465529, 9841969.633102972060442 ], [ 5737506.772431771270931, 9842009.433549873530865 ], [ 5737473.335460633970797, 9842084.992854837328196 ], [ 5737454.156864212825894, 9842153.72076803445816 ], [ 5737447.876078020781279, 9842214.597106378525496 ], [ 5737422.530507361516356, 9842263.282812859863043 ], [ 5737405.987511675804853, 9842304.128683838993311 ], [ 5737384.753677558153868, 9842366.405780874192715 ], [ 5737300.684505584649742, 9842560.419332819059491 ], [ 5737221.863471725955606, 9842690.509053142741323 ], [ 5737185.637081535533071, 9842736.509149143472314 ], [ 5737183.030467822216451, 9842778.673062602058053 ], [ 5737174.695937677286565, 9842833.766285190358758 ], [ 5737160.228122032247484, 9842884.468727301806211 ], [ 5737137.622786995954812, 9842946.070157928392291 ], [ 5737103.188987400382757, 9843027.753702159970999 ], [ 5736934.769658483564854, 9843440.611914195120335 ], [ 5736874.640196218155324, 9843569.967375371605158 ], [ 5736849.010193672962487, 9843640.58239215053618 ], [ 5736851.607624941505492, 9843657.907287435606122 ], [ 5736820.547628507018089, 9843732.78995868563652 ], [ 5736771.696909230202436, 9843820.969733340665698 ], [ 5736725.279636917635798, 9843935.50256447866559 ], [ 5736677.63068550825119, 9844031.671218102797866 ], [ 5736647.791017565876245, 9844117.258750006556511 ], [ 5736356.618377644568682, 9844813.802360558882356 ], [ 5736273.569880245253444, 9845014.272842772305012 ], [ 5736195.508817546069622, 9845171.893968433141708 ], [ 5736168.154270706698298, 9845235.543688731268048 ], [ 5736130.078868111595511, 9845353.612741122022271 ], [ 5736111.992460374720395, 9845400.650162760168314 ], [ 5736031.169346369802952, 9845593.899251896888018 ], [ 5735972.121186437085271, 9845746.02234161272645 ], [ 5735879.263541098684072, 9845966.231337368488312 ], [ 5735868.146017415449023, 9846002.295390104874969 ], [ 5735844.828300165012479, 9846049.28013638406992 ], [ 5735839.125237805768847, 9846075.466456597670913 ], [ 5735807.330637814477086, 9846131.658323179930449 ], [ 5735755.675279430113733, 9846253.503912383690476 ], [ 5735742.849197683855891, 9846287.535488551482558 ], [ 5735722.614182061515749, 9846342.659753693267703 ], [ 5735721.972098995931447, 9846355.919267507269979 ], [ 5735688.764772444032133, 9846392.389589218422771 ], [ 5735688.479155239649117, 9846413.807557612657547 ], [ 5735634.846751206554472, 9846557.409182846546173 ], [ 5735535.248667240142822, 9846800.420307170599699 ], [ 5735505.824360520578921, 9846852.853510152548552 ], [ 5735474.796698312275112, 9846937.249755412340164 ], [ 5735469.424225213006139, 9846962.421912735328078 ], [ 5735458.588990552350879, 9846976.043509477749467 ], [ 5735168.638287737965584, 9847703.31958164088428 ], [ 5735153.860409609042108, 9847764.549999387934804 ], [ 5735168.39865359198302, 9847798.427616065368056 ], [ 5735258.394112355075777, 9847837.696827160194516 ], [ 5735203.118721313774586, 9847976.202137442305684 ], [ 5735133.574375184252858, 9848146.715923178941011 ], [ 5734763.670386797748506, 9849095.847836885601282 ], [ 5734538.261768235825002, 9849693.058211125433445 ], [ 5734434.944338420405984, 9849949.325874054804444 ], [ 5734337.112584247253835, 9850218.144946785643697 ], [ 5734302.315771044231951, 9850297.783344510942698 ], [ 5734314.899762278422713, 9850317.362692464143038 ], [ 5735776.986681343987584, 9851745.075755665078759 ] ] ] } },
{ "type": "Feature", "properties": { "lv_id": "LOC_003785", "id": 24649.0, "CD_SETOR": "150160005000007", "SITUACAO": "Rural", "CD_SIT": "8", "CD_TIPO": "0", "AREA_KM2": 61.139186868331826, "CD_REGIAO": "1", "NM_REGIAO": "Norte", "CD_UF": "15", "NM_UF": "Pará", "CD_MUN": "1501600", "NM_MUN": "Bonito", "CD_DIST": "150160005", "NM_DIST": "Bonito", "CD_SUBDIST": "15016000500", "NM_SUBDIST": null, "CD_BAIRRO": null, "NM_BAIRRO": null, "CD_NU": null, "NM_NU": null, "CD_FCU": null, "NM_FCU": null, "CD_AGLOM": null, "NM_AGLOM": null, "CD_RGINT": "1502", "NM_RGINT": "Castanhal", "CD_RGI": "150006", "NM_RGI": "Capanema", "CD_CONCURB": null, "NM_CONCURB": null, "mun_code_x": "1501600", "index_right": 43688, "dist_m": 0.0, "local_id": 38465, "ano": 2022, "cod_localidade_ibge": 1501600, "NR_ZONA": "41", "nr_cep": 68660000.0, "nm_localidade": "BONITO", "nm_locvot": "EMEF MARGEM DO RIO DE GALHO GRANDE", "ds_endereco": "GALHO GRANDE", "ds_bairro": "COMUNIDADE GALHO GRANDE", "pred_long": -47.417771, "pred_lat": -1.379733, "pred_dist": 0.0, "tse_long": -47.4178454, "tse_lat": -1.3797123, "long": -47.4178454, "lat": -1.3797123, "ID_UNICO": "LOC_003785", "SG_UF": "PA", "CD_MUNICIPIO": "4316", "NR_LOCAL_VOTACAO": "1147", "QT_SECOES_AGREGADAS": 0, "QT_ELEITORES_TRANSFERIDOS": 0, "CIRO GOMES (PDT) (NÃO ELEITO) 1T": 2.0, "CONSTITUINTE EYMAEL (DC) (NÃO ELEITO) 1T": 0.0, "FELIPE D AVILA (NOVO) (NÃO ELEITO) 1T": 0.0, "JAIR BOLSONARO (PL) (2º TURNO) 1T": 19.0, "LULA (PT) (2º TURNO) 1T": 78.0, "LÉO PÉRICLES (UP) (NÃO ELEITO) 1T": 0.0, "PADRE KELMON (PTB) (NÃO ELEITO) 1T": 0.0, "SIMONE TEBET (MDB) (NÃO ELEITO) 1T": 13.0, "SOFIA MANZANO (PCB) (NÃO ELEITO) 1T": 0.0, "SORAYA THRONICKE (UNIÃO) (NÃO ELEITO) 1T": 1.0, "VERA (PSTU) (NÃO ELEITO) 1T": 0.0, "Total_Votos_Validos 1T": 113.0, "Votos_Brancos 1T": 0.0, "Votos_Nulos 1T": 0.0, "Abstenções 1T": 15.0, "Eleitores_Aptos 1T": 128.0, "JAIR BOLSONARO (PL) (NÃO ELEITO) 2T": 27.0, "LULA (PT) (ELEITO) 2T": 72.0, "Total_Votos_Validos 2T": 99.0, "Votos_Brancos 2T": 1.0, "Votos_Nulos 2T": 2.0, "Abstenções 2T": 26.0, "Eleitores_Aptos 2T": 128.0, "mun_code_y": "1501600", "mun_code": "1501600" }, "geometry": { "type": "Polygon", "coordinates": [ [ [ 5737547.769137106835842, 9841868.975363351404667 ], [ 5737473.424782036803663, 9841781.557795574888587 ], [ 5737385.14730825740844, 9841682.469634190201759 ], [ 5737340.680239499546587, 9841632.926603566855192 ], [ 5737261.752947775647044, 9841577.371184956282377 ], [ 5737109.476951330900192, 9841479.035256085917354 ], [ 5736769.61034960206598, 9841296.670491663739085 ], [ 5736687.262660899199545, 9841251.422703322023153 ], [ 5736634.780447792261839, 9841212.679147949442267 ], [ 5736517.08780263364315, 9841116.816909577697515 ], [ 5736393.071427945047617, 9841012.29047379270196 ], [ 5736129.400773859582841, 9840794.801547184586525 ], [ 5736011.186668062582612, 9840699.610248323529959 ], [ 5735926.881740102544427, 9840631.694215420633554 ], [ 5735836.764540852047503, 9840554.956617373973131 ], [ 5735731.837848458439112, 9840467.5422393810004 ], [ 5735624.850758082233369, 9840375.725991904735565 ], [ 5735197.854492241516709, 9839579.531327812001109 ], [ 5735024.104218386113644, 9839241.004136668518186 ], [ 5734968.05924186296761, 9839017.825488232076168 ], [ 5734929.671474471688271, 9838904.730361407622695 ], [ 5734892.098431615158916, 9838842.292186353355646 ], [ 5734842.585880683735013, 9838761.18807078897953 ], [ 5734760.405302291736007, 9838658.918306112289429 ], [ 5734691.210539885796607, 9838552.492328219115734 ], [ 5734574.654637554660439, 9838626.388364439830184 ], [ 5734532.646987576037645, 9838554.47973120585084 ], [ 5734505.263025559484959, 9838540.266910631209612 ], [ 5734542.143866943195462, 9838445.075214238837361 ], [ 5734467.003697880543768, 9838414.193452596664429 ], [ 5734479.884885139763355, 9838358.788498444482684 ], [ 5734486.671110975556076, 9838308.399295715615153 ], [ 5734487.591870864853263, 9838261.578116673976183 ], [ 5734476.358850411139429, 9838099.772149581462145 ], [ 5734375.102664608508348, 9838069.746431682258844 ], [ 5734484.422281563282013, 9837755.233056956902146 ], [ 5734503.135051116347313, 9837768.669435683637857 ], [ 5734508.003332868218422, 9837720.957283200696111 ], [ 5734510.107498537749052, 9837698.432368805631995 ], [ 5734512.226397817954421, 9837661.926416840404272 ], [ 5734519.463522542268038, 9837587.11355634406209 ], [ 5734529.306527769193053, 9837520.563633693382144 ], [ 5734528.907547704875469, 9837467.924569355323911 ], [ 5734512.385628098621964, 9837412.22719844058156 ], [ 5734467.400889459997416, 9837255.295870065689087 ], [ 5734401.806211929768324, 9837022.632104925811291 ], [ 5734378.342445928603411, 9836786.093443833291531 ], [ 5734375.294356988742948, 9836752.407869169488549 ], [ 5734360.776736786589026, 9836704.897603169083595 ], [ 5734328.750458841212094, 9836678.822281962260604 ], [ 5733934.21427807956934, 9836477.708384560421109 ], [ 5733938.035022375173867, 9836490.30881549231708 ], [ 5733941.226420216262341, 9836500.818429935723543 ], [ 5733267.70449432823807, 9836470.569126775488257 ], [ 5732877.226639403961599, 9836271.8957723621279 ], [ 5733012.783758278004825, 9836034.871599171310663 ], [ 5732896.943979872390628, 9835976.620117492973804 ], [ 5732837.797943376936018, 9835943.034529836848378 ], [ 5732810.044513391330838, 9835916.847359174862504 ], [ 5732757.960978724062443, 9835855.513627810403705 ], [ 5732713.28198092803359, 9835806.925356883555651 ], [ 5732608.931063694879413, 9835686.128926647827029 ], [ 5732574.081010736525059, 9835725.123715652152896 ], [ 5732517.679428104311228, 9835788.124913990497589 ], [ 5731924.575291046872735, 9836163.017873506993055 ], [ 5731650.579531663097441, 9836381.020786596462131 ], [ 5731444.578467107377946, 9836664.125530702993274 ], [ 5731299.569868079386652, 9837027.023390930145979 ], [ 5731152.674784794449806, 9837343.120222821831703 ], [ 5730955.56993824057281, 9837626.125681322067976 ], [ 5730829.272358145564795, 9837927.922698069363832 ], [ 5730618.470182639546692, 9838616.22845196723938 ], [ 5730433.675407819449902, 9838995.236066581681371 ], [ 5730476.928420315496624, 9839198.588602133095264 ], [ 5730475.362750077620149, 9839199.784093448892236 ], [ 5730473.952780993655324, 9839200.945743313059211 ], [ 5730473.62178433034569, 9839201.937318403273821 ], [ 5730473.290755569003522, 9839202.9177630469203 ], [ 5730472.940068304538727, 9839204.799839081242681 ], [ 5730472.589380976743996, 9839206.681915091350675 ], [ 5730471.841792502440512, 9839209.856281323358417 ], [ 5730472.35103812161833, 9839212.793275976553559 ], [ 5730472.397347933612764, 9839213.416453080251813 ], [ 5730472.684795415960252, 9839216.621221615001559 ], [ 5730474.196205104701221, 9839219.766802569851279 ], [ 5730475.622916168533266, 9839220.552951376885176 ], [ 5730477.049627223983407, 9839221.339100196957588 ], [ 5730479.532156015746295, 9839221.643586087971926 ], [ 5730481.832621242851019, 9839220.557278687134385 ], [ 5730484.500547785311937, 9839219.547823799774051 ], [ 5730485.26818208117038, 9839219.467692941427231 ], [ 5730486.035848446190357, 9839219.398692546412349 ], [ 5730487.582277496345341, 9839219.249529149383307 ], [ 5730489.750677440315485, 9839218.675608327612281 ], [ 5730492.574946631677449, 9839217.854921011254191 ], [ 5730494.197029057890177, 9839216.926400143653154 ], [ 5730495.961406847462058, 9839215.17380709387362 ], [ 5730498.628402948379517, 9839213.841568106785417 ], [ 5730502.099177063442767, 9839213.386321432888508 ], [ 5730504.1378213185817, 9839214.126180682331324 ], [ 5730505.907844558358192, 9839214.332549022510648 ], [ 5730508.410256408154964, 9839213.813315737992525 ], [ 5730509.955498527735472, 9839213.252324746921659 ], [ 5730511.013497366569936, 9839213.527532933279872 ], [ 5730512.263116703368723, 9839214.648110141977668 ], [ 5730513.499009375460446, 9839214.867151722311974 ], [ 5730514.780025069601834, 9839215.297543657943606 ], [ 5730515.670777317136526, 9839215.461929300799966 ], [ 5730516.572657948359847, 9839215.626282844692469 ], [ 5730518.398130675777793, 9839215.765707679092884 ], [ 5730520.07659268938005, 9839215.09302618727088 ], [ 5730522.199324120767415, 9839214.118536336347461 ], [ 5730524.231264110654593, 9839212.532127749174833 ], [ 5730527.040683505125344, 9839210.420336941257119 ], [ 5730529.585684038698673, 9839209.233146341517568 ], [ 5730532.712215789593756, 9839209.034895986318588 ], [ 5730536.093417279422283, 9839208.390687435865402 ], [ 5730537.317379582673311, 9839208.331499241292477 ], [ 5730537.851830934174359, 9839208.430130572989583 ], [ 5730538.386282286606729, 9839208.528761895373464 ], [ 5730538.676326137036085, 9839208.772796519100666 ], [ 5730538.977466298267245, 9839209.005668524652719 ], [ 5730539.582280889153481, 9839210.350719844922423 ], [ 5730539.90943109896034, 9839211.885792793706059 ], [ 5730539.846542328596115, 9839213.232772752642632 ], [ 5730539.228196457959712, 9839214.915274001657963 ], [ 5730538.763242103159428, 9839215.762539848685265 ], [ 5730538.298255647532642, 9839216.598675198853016 ], [ 5730536.667579150758684, 9839218.406536463648081 ], [ 5730534.770976014435291, 9839220.615865955129266 ], [ 5730533.54114586673677, 9839222.500483186915517 ], [ 5730533.212458530440927, 9839224.293453166261315 ], [ 5730533.309600899927318, 9839227.109205083921552 ], [ 5730533.574567073956132, 9839230.236128091812134 ], [ 5730533.678443285636604, 9839231.526973413303494 ], [ 5730534.364074880257249, 9839233.884672731161118 ], [ 5730534.5560800479725, 9839234.863607792183757 ], [ 5730534.114119820296764, 9839235.966809932142496 ], [ 5730533.694769157096744, 9839237.192382961511612 ], [ 5730533.599071895703673, 9839238.739807611331344 ], [ 5730534.238618058152497, 9839240.552242487668991 ], [ 5730534.976908473297954, 9839241.874647425487638 ], [ 5730535.871733990497887, 9839243.452603347599506 ], [ 5730536.766687770374119, 9839245.075081193819642 ], [ 5730537.081521988846362, 9839246.198358969762921 ], [ 5730537.385195722803473, 9839247.310538420453668 ], [ 5730537.882477956824005, 9839249.95817662216723 ], [ 5730538.601333670318127, 9839252.260127548128366 ], [ 5730539.843384001404047, 9839254.61622054502368 ], [ 5730540.916038988158107, 9839256.115749314427376 ], [ 5730541.731843009591103, 9839257.304364018142223 ], [ 5730542.034490315243602, 9839258.060368500649929 ], [ 5730542.115403621457517, 9839259.106407944113016 ], [ 5730542.351280567236245, 9839259.862605236470699 ], [ 5730542.998651394620538, 9839260.528569830581546 ], [ 5730543.72331163007766, 9839260.982830500230193 ], [ 5730544.447202196344733, 9839261.169959833845496 ], [ 5730544.948621166869998, 9839261.39112327247858 ], [ 5730545.115611163899302, 9839261.412902198731899 ], [ 5730545.529317849315703, 9839262.090672116726637 ], [ 5730545.954954653047025, 9839263.046671714633703 ], [ 5730546.124317767098546, 9839263.892105655744672 ], [ 5730545.860539492219687, 9839265.039315583184361 ], [ 5730545.396193603053689, 9839266.098060104995966 ], [ 5730544.831660107709467, 9839267.145963314920664 ], [ 5730544.150037567131221, 9839270.041878448799253 ], [ 5730544.219982610084116, 9839271.14360242895782 ], [ 5730544.735800815746188, 9839272.50004206225276 ], [ 5730544.906895408406854, 9839273.946521552279592 ], [ 5730545.523542486131191, 9839275.536411970853806 ], [ 5730547.292762934230268, 9839279.32682666555047 ], [ 5730548.101286053657532, 9839281.851130753755569 ], [ 5730548.373177255503833, 9839283.51993066817522 ], [ 5730548.388666501268744, 9839285.033642930909991 ], [ 5730548.401975299231708, 9839285.790483020246029 ], [ 5730548.415284093469381, 9839286.547323072329164 ], [ 5730548.287643248215318, 9839288.595715759322047 ], [ 5730547.948530813679099, 9839290.633588381111622 ], [ 5730547.786510669626296, 9839292.337032739073038 ], [ 5730547.855493396520615, 9839293.104842627421021 ], [ 5730547.76858243253082, 9839293.83971087820828 ], [ 5730547.325242284685373, 9839294.464302498847246 ], [ 5730546.28186671435833, 9839295.402282182127237 ], [ 5730544.948062795214355, 9839295.962661061435938 ], [ 5730543.45823694113642, 9839296.445576379075646 ], [ 5730542.691371822729707, 9839296.792837781831622 ], [ 5730542.191716351546347, 9839297.183849984779954 ], [ 5730541.904237764887512, 9839297.830252664163709 ], [ 5730541.84083391726017, 9839298.999145027250051 ], [ 5730541.44216756336391, 9839299.679260350763798 ], [ 5730540.234142336063087, 9839301.407985217869282 ], [ 5730539.525644322857261, 9839302.701175976544619 ], [ 5730538.806017872877419, 9839303.994398823007941 ], [ 5730538.358730698935688, 9839307.112247979268432 ], [ 5730538.457375761121511, 9839310.451132446527481 ], [ 5730538.400800192728639, 9839313.990815114229918 ], [ 5730539.39786327816546, 9839316.291963834315538 ], [ 5730540.719893729314208, 9839319.371314099058509 ], [ 5730540.635899621061981, 9839321.119055178016424 ], [ 5730540.150097185745835, 9839322.45612514950335 ], [ 5730540.72716611251235, 9839325.760237149894238 ], [ 5730541.572470316663384, 9839329.464275298640132 ], [ 5730541.088558939285576, 9839331.458043068647385 ], [ 5730541.57416404876858, 9839333.916496297344565 ], [ 5730542.919860824942589, 9839337.485523626208305 ], [ 5730542.702613909728825, 9839339.33382442034781 ], [ 5730541.619627985171974, 9839341.974893866106868 ], [ 5730540.766748277470469, 9839343.368675924837589 ], [ 5730540.170815218240023, 9839345.106763878837228 ], [ 5730539.983908244408667, 9839345.897573361173272 ], [ 5730539.500509068369865, 9839348.069428458809853 ], [ 5730538.236647814512253, 9839349.731529971584678 ], [ 5730536.861438447609544, 9839351.371691586449742 ], [ 5730536.421206469647586, 9839353.075938297435641 ], [ 5730535.906088406220078, 9839355.826674044132233 ], [ 5730534.945289551280439, 9839358.389476280659437 ], [ 5730532.716302224434912, 9839361.111765936017036 ], [ 5730529.525329638272524, 9839365.985029835253954 ], [ 5730528.241261939518154, 9839368.359544834122062 ], [ 5730525.523129003122449, 9839375.123638922348619 ], [ 5730522.80862502194941, 9839379.283170627430081 ], [ 5730521.659603470936418, 9839382.180431712418795 ], [ 5730518.676373677328229, 9839389.635383807122707 ], [ 5730517.445960117504001, 9839391.319648237898946 ], [ 5730516.226674883626401, 9839393.00388047657907 ], [ 5730515.085865111090243, 9839394.888236321508884 ], [ 5730513.93392685893923, 9839396.772624177858233 ], [ 5730512.167256971821189, 9839401.597252933308482 ], [ 5730509.976842467673123, 9839406.122578674927354 ], [ 5730507.663951063528657, 9839410.625996267423034 ], [ 5730505.391183706000447, 9839413.60441136546433 ], [ 5730503.006971979513764, 9839416.527494886890054 ], [ 5730500.073303868994117, 9839418.005190743133426 ], [ 5730499.617648258805275, 9839418.217985665425658 ], [ 5730499.574576299637556, 9839418.718984927982092 ], [ 5730499.46793753746897, 9839420.333223175257444 ], [ 5730501.450201882980764, 9839420.817249793559313 ], [ 5730503.467293039895594, 9839421.802051015198231 ], [ 5730504.183354754932225, 9839423.135652374476194 ], [ 5730505.016338590532541, 9839426.427894594147801 ], [ 5730506.013865077868104, 9839432.758304473012686 ], [ 5730506.052138393744826, 9839438.323472786694765 ], [ 5730505.761588094756007, 9839445.63708695396781 ], [ 5730505.602093247696757, 9839448.219836246222258 ], [ 5730505.282846950925887, 9839453.296291064471006 ], [ 5730505.367055505514145, 9839455.488767985254526 ], [ 5730505.440167607739568, 9839457.692407470196486 ], [ 5730505.032708647660911, 9839459.185077207162976 ], [ 5730504.636410065926611, 9839460.688845256343484 ], [ 5730502.954053242690861, 9839463.877036089077592 ], [ 5730501.11442538164556, 9839466.553674621507525 ], [ 5730500.541000930592418, 9839468.380739444866776 ], [ 5730499.322481513954699, 9839470.332100516185164 ], [ 5730497.669345929287374, 9839472.073234224691987 ], [ 5730495.281703845597804, 9839473.80535520799458 ], [ 5730492.846409659832716, 9839474.446819100528955 ], [ 5730491.078146946616471, 9839474.852617837488651 ], [ 5730490.512007622048259, 9839475.343994714319706 ], [ 5730489.945868297480047, 9839475.835371535271406 ], [ 5730488.073526927269995, 9839478.745844913646579 ], [ 5730487.437846813350916, 9839482.142496712505817 ], [ 5730486.594089190475643, 9839486.70845646597445 ], [ 5730485.204014850780368, 9839490.919813547283411 ], [ 5730485.056158394552767, 9839493.680617010220885 ], [ 5730484.944824955426157, 9839497.532109377905726 ], [ 5730484.809825602918863, 9839500.893925601616502 ], [ 5730484.152207417413592, 9839504.401945702731609 ], [ 5730482.959465199150145, 9839507.577591814100742 ], [ 5730482.119181668385863, 9839509.483338760212064 ], [ 5730481.278898060321808, 9839511.389085602015257 ], [ 5730479.888853649608791, 9839515.611572064459324 ], [ 5730478.339809735305607, 9839518.721461480483413 ], [ 5730477.645667653530836, 9839521.138792151585221 ], [ 5730477.987363263964653, 9839523.864792311564088 ], [ 5730478.547400963492692, 9839525.120930328965187 ], [ 5730478.827403796836734, 9839525.743434092029929 ], [ 5730479.107406626455486, 9839526.365937879309058 ], [ 5730480.05732252355665, 9839527.754518730565906 ], [ 5730480.79259741678834, 9839528.03066311776638 ], [ 5730481.804353638552129, 9839527.704960675910115 ], [ 5730483.237676580436528, 9839526.921690434217453 ], [ 5730485.17081718146801, 9839525.803062759339809 ], [ 5730486.915191093459725, 9839524.829676320776343 ], [ 5730489.870960076339543, 9839523.296270132064819 ], [ 5730492.736421150155365, 9839521.317901909351349 ], [ 5730495.637284313328564, 9839520.040656352415681 ], [ 5730498.951595138758421, 9839519.352138217538595 ], [ 5730502.323084726929665, 9839519.197721868753433 ], [ 5730505.264792774803936, 9839520.513777919113636 ], [ 5730507.416448299773037, 9839521.85437273606658 ], [ 5730508.276504828594625, 9839522.953818626701832 ], [ 5730509.147721756249666, 9839524.064362967386842 ], [ 5730510.423210886307061, 9839526.442625584080815 ], [ 5730510.62742795329541, 9839527.799964979290962 ], [ 5730510.831677004694939, 9839529.168434858322144 ], [ 5730509.793674765154719, 9839531.976327631622553 ], [ 5730507.720730914734304, 9839534.787203509360552 ], [ 5730504.924984913319349, 9839537.789382034912705 ], [ 5730502.804165787994862, 9839539.431686962023377 ], [ 5730500.694442981854081, 9839541.062829200178385 ], [ 5730495.465545557439327, 9839545.452208828181028 ], [ 5730493.735532611608505, 9839547.549739453941584 ], [ 5730492.005519565194845, 9839549.647269943729043 ], [ 5730489.05272641312331, 9839552.215807732194662 ], [ 5730485.909373863600194, 9839554.306280633434653 ], [ 5730484.831199060194194, 9839554.754610121250153 ], [ 5730483.752992235124111, 9839555.191809101030231 ], [ 5730480.894432882778347, 9839555.700922397896647 ], [ 5730478.70517810806632, 9839556.764634257182479 ], [ 5730475.738247343339026, 9839558.286939842626452 ], [ 5730472.734442536719143, 9839558.596121482551098 ], [ 5730471.132560534402728, 9839558.812218433246017 ], [ 5730469.519582128152251, 9839559.039477914571762 ], [ 5730466.539026311598718, 9839559.693639436736703 ], [ 5730464.438606566749513, 9839560.690311441197991 ], [ 5730463.584760051220655, 9839561.750174213200808 ], [ 5730462.742041914723814, 9839562.810004916042089 ], [ 5730461.426019251346588, 9839565.685478888452053 ], [ 5730461.322192342951894, 9839568.279195852577686 ], [ 5730461.312024073675275, 9839568.613141603767872 ], [ 5730462.787726344540715, 9839570.957434820011258 ], [ 5730464.082173688337207, 9839572.18919556774199 ], [ 5730465.365492610260844, 9839573.420988436788321 ], [ 5730467.015248781070113, 9839574.373461682349443 ], [ 5730468.665004940703511, 9839575.325934974476695 ], [ 5730469.255514454096556, 9839575.569105448201299 ], [ 5730472.219094417057931, 9839576.751534454524517 ], [ 5730475.1952109253034, 9839578.423671685159206 ], [ 5730478.016649862751365, 9839580.485824055969715 ], [ 5730479.948232423514128, 9839582.695237930864096 ], [ 5730480.866298023611307, 9839584.618178026750684 ], [ 5730481.103066728450358, 9839585.686028799042106 ], [ 5730481.33983541559428, 9839586.753879569470882 ], [ 5730481.525890275835991, 9839589.53598153591156 ], [ 5730482.098783109337091, 9839591.393133051693439 ], [ 5730482.93795761000365, 9839592.971253544092178 ], [ 5730483.119212141260505, 9839594.083786528557539 ], [ 5730482.943045679479837, 9839594.740996720269322 ], [ 5730482.843818034976721, 9839595.064068652689457 ], [ 5730482.755718795582652, 9839595.387108540162444 ], [ 5730481.182685198262334, 9839597.896015161648393 ], [ 5730479.041878773830831, 9839600.328643627464771 ], [ 5730477.935213972814381, 9839602.480028618127108 ], [ 5730477.095086837187409, 9839604.441426185891032 ], [ 5730476.445230436511338, 9839606.780714251101017 ], [ 5730476.404076542705297, 9839607.94954071007669 ], [ 5730476.36289063282311, 9839609.107236683368683 ], [ 5730476.546064639464021, 9839610.887597147375345 ], [ 5730476.918389498256147, 9839612.656282164156437 ], [ 5730477.958418673835695, 9839614.423043563961983 ], [ 5730479.920217768289149, 9839615.530446900054812 ], [ 5730481.31392421387136, 9839616.450267547741532 ], [ 5730482.831674898974597, 9839617.937389072030783 ], [ 5730484.508166821673512, 9839620.448064193129539 ], [ 5730485.124132576398551, 9839621.804217137396336 ], [ 5730485.728937906213105, 9839623.149271715432405 ], [ 5730487.697711693122983, 9839626.683116039261222 ], [ 5730489.007989698089659, 9839629.551024299114943 ], [ 5730489.377562650479376, 9839630.362490082159638 ], [ 5730491.068541817367077, 9839634.041832299903035 ], [ 5730493.317156848497689, 9839638.142529468983412 ], [ 5730494.438571377657354, 9839641.122287821024656 ], [ 5730495.569770555943251, 9839643.634534819051623 ], [ 5730495.886292562820017, 9839645.347728559747338 ], [ 5730496.21391093544662, 9839647.049759794026613 ], [ 5730496.206941264681518, 9839648.496752047911286 ], [ 5730496.211099960841238, 9839649.943712228909135 ], [ 5730496.018306165002286, 9839652.559947984293103 ], [ 5730495.556831007823348, 9839654.620429877191782 ], [ 5730494.705605585128069, 9839656.592989854514599 ], [ 5730493.497183423489332, 9839658.188139691948891 ], [ 5730492.764211921952665, 9839658.713386876508594 ], [ 5730492.042400810867548, 9839659.249732440337539 ], [ 5730490.453437512740493, 9839660.089100494980812 ], [ 5730488.863706502132118, 9839660.661337433382869 ], [ 5730487.274487271904945, 9839661.411661691963673 ], [ 5730484.753424502909184, 9839663.188680605962873 ], [ 5730483.077353018335998, 9839664.696132423356175 ], [ 5730481.200426358729601, 9839666.014943232759833 ], [ 5730480.222469821572304, 9839666.485242927446961 ], [ 5730479.233384867198765, 9839666.95557470805943 ], [ 5730478.209827167913318, 9839667.047566939145327 ], [ 5730477.175173047930002, 9839667.150721710175276 ], [ 5730474.636296631768346, 9839666.601506119593978 ], [ 5730471.89762064255774, 9839666.230954753234982 ], [ 5730470.205846671946347, 9839666.146782636642456 ], [ 5730469.493084775283933, 9839665.959616048261523 ], [ 5730468.791451290249825, 9839665.772417385131121 ], [ 5730465.658227291889489, 9839663.644375601783395 ], [ 5730464.520922617986798, 9839662.8796431645751 ], [ 5730461.578128983266652, 9839661.185144599527121 ], [ 5730458.825349915772676, 9839659.779493136331439 ], [ 5730456.643926018849015, 9839659.696731382980943 ], [ 5730455.586247453466058, 9839659.532819341868162 ], [ 5730454.539697292260826, 9839659.368875253945589 ], [ 5730453.405399308539927, 9839659.650405734777451 ], [ 5730452.938613900914788, 9839659.863230481743813 ], [ 5730451.516000840812922, 9839660.501768780872226 ], [ 5730451.140609630383551, 9839661.537990674376488 ], [ 5730450.954433322884142, 9839662.584798194468021 ], [ 5730450.779353411868215, 9839663.620443198829889 ], [ 5730452.011346611194313, 9839666.35500949434936 ], [ 5730452.190552594140172, 9839666.755193062126637 ], [ 5730453.445282252505422, 9839669.656652210280299 ], [ 5730455.242649173364043, 9839671.632713412865996 ], [ 5730458.175657469779253, 9839673.794723588973284 ], [ 5730460.924056340008974, 9839677.548933986574411 ], [ 5730462.522423010319471, 9839679.981921156868339 ], [ 5730464.131918014958501, 9839682.414876462891698 ], [ 5730467.242022282443941, 9839688.11589215695858 ], [ 5730468.845025775022805, 9839692.162796217948198 ], [ 5730469.102802066132426, 9839692.796495277434587 ], [ 5730470.21250958647579, 9839695.57593734189868 ], [ 5730470.526375599205494, 9839696.365302622318268 ], [ 5730471.736814285628498, 9839699.344804674386978 ], [ 5730473.211520565673709, 9839705.217489063739777 ], [ 5730473.52337159588933, 9839709.179067129269242 ], [ 5730471.988513752818108, 9839713.357442637905478 ], [ 5730471.61305761244148, 9839714.371403692290187 ], [ 5730469.982520093210042, 9839720.10833135433495 ], [ 5730468.073133667930961, 9839721.750019263476133 ], [ 5730465.348271697759628, 9839722.314391491934657 ], [ 5730462.898454565554857, 9839721.776047524064779 ], [ 5730460.448637438006699, 9839721.237703589722514 ], [ 5730457.443199123255908, 9839720.979222970083356 ], [ 5730454.715171735733747, 9839720.441679995507002 ], [ 5730453.210917830467224, 9839719.778177877888083 ], [ 5730452.543373051099479, 9839719.835752449929714 ], [ 5730451.875828273594379, 9839719.893326997756958 ], [ 5730450.886007211171091, 9839720.107657019048929 ], [ 5730450.109576351009309, 9839721.000335993245244 ], [ 5730448.898178239353001, 9839721.560350770130754 ], [ 5730447.46293296571821, 9839721.675788156688213 ], [ 5730446.028934647329152, 9839722.225313182920218 ], [ 5730444.917692205868661, 9839722.785039570182562 ], [ 5730444.540125560946763, 9839723.06439015455544 ], [ 5730444.15143050160259, 9839723.343772750347853 ], [ 5730443.70913964137435, 9839724.3356645219028 ], [ 5730443.52465660776943, 9839725.972385654225945 ], [ 5730443.619854521937668, 9839728.120306691154838 ], [ 5730443.532745542004704, 9839728.788390124216676 ], [ 5730443.456509195268154, 9839729.367397889494896 ], [ 5730443.369144427590072, 9839729.94643772020936 ], [ 5730442.884002298116684, 9839731.51724106259644 ], [ 5730442.142427085898817, 9839732.921824397519231 ], [ 5730440.155908422544599, 9839734.830865908414125 ], [ 5730437.526275590993464, 9839737.554288204759359 ], [ 5730435.872649966739118, 9839739.128454834222794 ], [ 5730434.140390103682876, 9839740.446845225989819 ], [ 5730433.195530083961785, 9839740.816872930154204 ], [ 5730432.250670058652759, 9839741.186900600790977 ], [ 5730430.427976202219725, 9839742.01580729521811 ], [ 5730429.483244035393, 9839742.430356707423925 ], [ 5730428.538511861115694, 9839742.844906097277999 ], [ 5730426.22450549621135, 9839743.096438741311431 ], [ 5730424.087594673037529, 9839743.013545349240303 ], [ 5730423.063269291073084, 9839742.838405141606927 ], [ 5730420.691734747961164, 9839742.433401435613632 ], [ 5730418.843427376821637, 9839742.093674898147583 ], [ 5730418.231492601335049, 9839742.13995847851038 ], [ 5730417.60839744284749, 9839742.175143614411354 ], [ 5730416.452736909501255, 9839742.768388643860817 ], [ 5730415.297747685573995, 9839743.595373021438718 ], [ 5730414.721915376372635, 9839744.587648428976536 ], [ 5730413.993130341172218, 9839746.570981996133924 ], [ 5730413.576036663725972, 9839748.586809983476996 ], [ 5730413.499224641360343, 9839748.965469399467111 ], [ 5730413.836880997754633, 9839750.289031594991684 ], [ 5730414.83037843182683, 9839751.354703772813082 ], [ 5730416.358423234894872, 9839752.552403923124075 ], [ 5730417.886436053551733, 9839753.73897367157042 ], [ 5730420.029484334401786, 9839755.958913458511233 ], [ 5730420.454665507189929, 9839756.759088577702641 ], [ 5730421.114853901788592, 9839758.014939459040761 ], [ 5730422.022392558865249, 9839760.149391127750278 ], [ 5730422.438043489120901, 9839761.506120759993792 ], [ 5730422.853694397956133, 9839762.862850409001112 ], [ 5730423.837501637637615, 9839764.429425148293376 ], [ 5730424.665479104965925, 9839765.985317891463637 ], [ 5730424.836176981218159, 9839767.298230417072773 ], [ 5730424.996225858107209, 9839768.778131728991866 ], [ 5730424.843017074279487, 9839769.680146439000964 ], [ 5730424.678679859265685, 9839770.582193180918694 ], [ 5730423.196038394235075, 9839773.569444939494133 ], [ 5730421.387796219438314, 9839775.555884920060635 ], [ 5730419.777723993174732, 9839776.796008350327611 ], [ 5730418.178780139423907, 9839778.036099627614021 ], [ 5730416.767485167831182, 9839778.741384968161583 ], [ 5730416.367437574081123, 9839778.942885914817452 ], [ 5730414.921478915028274, 9839779.20304941944778 ], [ 5730413.486616708338261, 9839779.452050417661667 ], [ 5730410.694343739189208, 9839779.794001933187246 ], [ 5730407.82369246147573, 9839779.969220865517855 ], [ 5730405.776256140321493, 9839780.041895980015397 ], [ 5730405.353408386930823, 9839780.054243341088295 ], [ 5730403.5496785659343, 9839779.736648352816701 ], [ 5730401.499461730010808, 9839778.840974800288677 ], [ 5730399.447135532274842, 9839777.210692025721073 ], [ 5730398.420381162315607, 9839776.189637467265129 ], [ 5730397.393626775592566, 9839775.168582951650023 ], [ 5730396.243149447254837, 9839773.691532574594021 ], [ 5730395.095516607165337, 9839773.205091662704945 ], [ 5730393.368950606323779, 9839772.631272522732615 ], [ 5730391.655686351470649, 9839772.814291451126337 ], [ 5730390.266296654008329, 9839773.397077534347773 ], [ 5730388.722259735688567, 9839774.381007822230458 ], [ 5730387.101538375020027, 9839775.788118977099657 ], [ 5730386.047854683361948, 9839777.015509774908423 ], [ 5730385.48433250375092, 9839778.419578531756997 ], [ 5730385.65618042089045, 9839780.13318607211113 ], [ 5730386.330916166305542, 9839782.579961694777012 ], [ 5730388.21935199201107, 9839785.268116652965546 ], [ 5730391.409588444046676, 9839787.874612141400576 ], [ 5730393.840024779550731, 9839789.414762848988175 ], [ 5730395.010617432184517, 9839790.146009786054492 ], [ 5730397.12830769456923, 9839791.286361318081617 ], [ 5730398.564895733259618, 9839791.638404743745923 ], [ 5730402.852307162247598, 9839792.661207746714354 ], [ 5730406.861827821470797, 9839793.796115843579173 ], [ 5730407.151454204693437, 9839793.89545732177794 ], [ 5730411.852055058814585, 9839795.417945813387632 ], [ 5730415.537221923470497, 9839795.98612998239696 ], [ 5730419.089455017820001, 9839796.766176905483007 ], [ 5730420.370021586306393, 9839797.040755646303296 ], [ 5730423.577146021649241, 9839797.777273530140519 ], [ 5730425.705261675640941, 9839798.672723826020956 ], [ 5730427.021450478583574, 9839799.726337963715196 ], [ 5730427.925440547987819, 9839800.625310653820634 ], [ 5730428.148647971451283, 9839800.847279224544764 ], [ 5730428.371855393052101, 9839801.069247789680958 ], [ 5730428.818302198313177, 9839801.524315398186445 ], [ 5730429.065683838911355, 9839802.414046883583069 ], [ 5730428.901569782756269, 9839803.394006762653589 ], [ 5730427.826779155060649, 9839805.022158334031701 ], [ 5730427.193929493427277, 9839805.535984149202704 ], [ 5730425.27305971365422, 9839807.055264608934522 ], [ 5730424.863289600238204, 9839807.746537150815129 ], [ 5730424.453487521968782, 9839808.426679233089089 ], [ 5730424.045251213014126, 9839809.652213284745812 ], [ 5730424.057242409326136, 9839809.952703380957246 ], [ 5730424.138496547937393, 9839811.121176324784756 ], [ 5730424.477493643760681, 9839812.912217998877168 ], [ 5730424.666124996729195, 9839816.595884220674634 ], [ 5730424.614125598222017, 9839817.864915436133742 ], [ 5730424.522053943015635, 9839820.681207111105323 ], [ 5730424.634671039879322, 9839825.021793926134706 ], [ 5730424.96409541927278, 9839831.231687830761075 ], [ 5730425.105240572243929, 9839833.880350476130843 ], [ 5730425.143002953380346, 9839835.405125895515084 ], [ 5730425.156399789266288, 9839836.195355735719204 ], [ 5730425.218655379489064, 9839838.499198557808995 ], [ 5730424.811632426455617, 9839840.147689446806908 ], [ 5730424.415705883875489, 9839841.785017853602767 ], [ 5730423.353256387636065, 9839843.836093557998538 ], [ 5730422.30196716543287, 9839845.898267639800906 ], [ 5730420.833835964091122, 9839850.065312681719661 ], [ 5730420.491410774178803, 9839850.956740830093622 ], [ 5730419.541458982974291, 9839853.430453114211559 ], [ 5730417.7468974115327, 9839856.307294124737382 ], [ 5730416.116642443463206, 9839858.27095814794302 ], [ 5730414.422012693248689, 9839861.069597601890564 ], [ 5730412.473122176714242, 9839864.458886677399278 ], [ 5730411.255129359662533, 9839866.599453145638108 ], [ 5730408.718636291101575, 9839870.75843888707459 ], [ 5730408.223095949739218, 9839872.585272183641791 ], [ 5730407.910720779560506, 9839876.192464636638761 ], [ 5730407.897950271144509, 9839879.498270878568292 ], [ 5730407.901591435074806, 9839880.76714163646102 ], [ 5730408.038613885641098, 9839881.979976128786802 ], [ 5730408.48309828992933, 9839885.629514068365097 ], [ 5730409.022691956721246, 9839887.520153665915132 ], [ 5730409.773949085734785, 9839889.488098349422216 ], [ 5730410.678928044624627, 9839890.732116097584367 ], [ 5730411.258883318863809, 9839891.175669800490141 ], [ 5730411.838870529085398, 9839891.630353985354304 ], [ 5730413.899512275122106, 9839892.281129959970713 ], [ 5730414.879867047071457, 9839892.645618513226509 ], [ 5730415.871350239962339, 9839893.010075079277158 ], [ 5730418.601836928166449, 9839894.40467095375061 ], [ 5730421.075667357072234, 9839895.555133134126663 ], [ 5730423.550903035327792, 9839897.195335119962692 ], [ 5730425.124257716350257, 9839898.671172583475709 ], [ 5730425.661391956731677, 9839899.704768251627684 ], [ 5730426.198494245298207, 9839900.727233501151204 ], [ 5730428.368553307838738, 9839904.605552157387137 ], [ 5730429.779739991761744, 9839907.740306945517659 ], [ 5730429.861886330880225, 9839909.220432754606009 ], [ 5730429.456553740426898, 9839911.458837082609534 ], [ 5730428.881899693980813, 9839912.862937664613128 ], [ 5730428.14076638687402, 9839914.42334445938468 ], [ 5730427.157330555841327, 9839916.863760640844703 ], [ 5730425.934849206358194, 9839921.319491920992732 ], [ 5730424.864173865877092, 9839924.383469006046653 ], [ 5730424.956266681663692, 9839925.451736111193895 ], [ 5730425.211980514228344, 9839929.246515201404691 ], [ 5730425.71914557274431, 9839931.471165178343654 ], [ 5730426.215182136744261, 9839933.695847198367119 ], [ 5730428.122722979635, 9839939.166589235886931 ], [ 5730430.265301192179322, 9839945.104138653725386 ], [ 5730430.781231467612088, 9839946.505103703588247 ], [ 5730432.197141260839999, 9839951.287166262045503 ], [ 5730432.444361032918096, 9839952.121246229857206 ], [ 5730432.869393954984844, 9839956.750329859554768 ], [ 5730432.712396454997361, 9839960.212379734963179 ], [ 5730432.884079603478312, 9839961.8703369833529 ], [ 5730433.633450957015157, 9839963.181586872786283 ], [ 5730434.871323563158512, 9839964.090733073651791 ], [ 5730435.618109019473195, 9839964.500416507944465 ], [ 5730436.687139832414687, 9839964.74221552349627 ], [ 5730437.93189490120858, 9839964.170979801565409 ], [ 5730438.851882549934089, 9839962.88832282088697 ], [ 5730439.162233281880617, 9839962.453339511528611 ], [ 5730440.724732193164527, 9839960.144825527444482 ], [ 5730442.466435053385794, 9839958.236495845019817 ], [ 5730444.454623259603977, 9839956.906245751306415 ], [ 5730436.570393297821283, 9840044.337061872705817 ], [ 5730459.569181939586997, 9840478.340052640065551 ], [ 5730739.671994101256132, 9841093.438048526644707 ], [ 5730766.675507340580225, 9841784.33787252381444 ], [ 5730680.574544506147504, 9842122.4405373390764 ], [ 5730617.573040816001594, 9842503.440755574032664 ], [ 5730667.57648824993521, 9842942.445363208651543 ], [ 5730458.574668578803539, 9843296.541086826473475 ], [ 5730187.576113373972476, 9843564.646916707977653 ], [ 5730237.669533317908645, 9843927.549645557999611 ], [ 5730282.171489556320012, 9843990.646198788657784 ], [ 5730436.470221075229347, 9844209.541103525087237 ], [ 5730535.470854364335537, 9844572.543153243139386 ], [ 5730725.580352653749287, 9844879.550591964274645 ], [ 5730995.476650386117399, 9845116.648985272273421 ], [ 5731153.48328912537545, 9845413.654170282185078 ], [ 5731358.576877892017365, 9845735.652325047180057 ], [ 5731486.680225535295904, 9846073.749451057985425 ], [ 5731493.577027266845107, 9846427.554489901289344 ], [ 5731434.581188166514039, 9847504.660345206037164 ], [ 5734314.899762278422713, 9850317.362692464143038 ], [ 5734302.315771044231951, 9850297.783344510942698 ], [ 5734337.112584247253835, 9850218.144946785643697 ], [ 5734434.944338420405984, 9849949.325874054804444 ], [ 5734538.261768235825002, 9849693.058211125433445 ], [ 5734763.670386797748506, 9849095.847836885601282 ], [ 5735133.574375184252858, 9848146.715923178941011 ], [ 5735203.118721313774586, 9847976.202137442305684 ], [ 5735258.394112355075777, 9847837.696827160194516 ], [ 5735168.39865359198302, 9847798.427616065368056 ], [ 5735153.860409609042108, 9847764.549999387934804 ], [ 5735168.638287737965584, 9847703.31958164088428 ], [ 5735458.588990552350879, 9846976.043509477749467 ], [ 5735469.424225213006139, 9846962.421912735328078 ], [ 5735474.796698312275112, 9846937.249755412340164 ], [ 5735505.824360520578921, 9846852.853510152548552 ], [ 5735535.248667240142822, 9846800.420307170599699 ], [ 5735634.846751206554472, 9846557.409182846546173 ], [ 5735688.479155239649117, 9846413.807557612657547 ], [ 5735688.764772444032133, 9846392.389589218422771 ], [ 5735721.972098995931447, 9846355.919267507269979 ], [ 5735722.614182061515749, 9846342.659753693267703 ], [ 5735742.849197683855891, 9846287.535488551482558 ], [ 5735755.675279430113733, 9846253.503912383690476 ], [ 5735807.330637814477086, 9846131.658323179930449 ], [ 5735839.125237805768847, 9846075.466456597670913 ], [ 5735844.828300165012479, 9846049.28013638406992 ], [ 5735868.146017415449023, 9846002.295390104874969 ], [ 5735879.263541098684072, 9845966.231337368488312 ], [ 5735972.121186437085271, 9845746.02234161272645 ], [ 5736031.169346369802952, 9845593.899251896888018 ], [ 5736111.992460374720395, 9845400.650162760168314 ], [ 5736130.078868111595511, 9845353.612741122022271 ], [ 5736168.154270706698298, 9845235.543688731268048 ], [ 5736195.508817546069622, 9845171.893968433141708 ], [ 5736273.569880245253444, 9845014.272842772305012 ], [ 5736356.618377644568682, 9844813.802360558882356 ], [ 5736647.791017565876245, 9844117.258750006556511 ], [ 5736677.63068550825119, 9844031.671218102797866 ], [ 5736725.279636917635798, 9843935.50256447866559 ], [ 5736771.696909230202436, 9843820.969733340665698 ], [ 5736820.547628507018089, 9843732.78995868563652 ], [ 5736851.607624941505492, 9843657.907287435606122 ], [ 5736849.010193672962487, 9843640.58239215053618 ], [ 5736874.640196218155324, 9843569.967375371605158 ], [ 5736934.769658483564854, 9843440.611914195120335 ], [ 5737103.188987400382757, 9843027.753702159970999 ], [ 5737137.622786995954812, 9842946.070157928392291 ], [ 5737160.228122032247484, 9842884.468727301806211 ], [ 5737174.695937677286565, 9842833.766285190358758 ], [ 5737183.030467822216451, 9842778.673062602058053 ], [ 5737185.637081535533071, 9842736.509149143472314 ], [ 5737221.863471725955606, 9842690.509053142741323 ], [ 5737300.684505584649742, 9842560.419332819059491 ], [ 5737384.753677558153868, 9842366.405780874192715 ], [ 5737405.987511675804853, 9842304.128683838993311 ], [ 5737422.530507361516356, 9842263.282812859863043 ], [ 5737447.876078020781279, 9842214.597106378525496 ], [ 5737454.156864212825894, 9842153.72076803445816 ], [ 5737473.335460633970797, 9842084.992854837328196 ], [ 5737506.772431771270931, 9842009.433549873530865 ], [ 5737515.828616207465529, 9841969.633102972060442 ], [ 5737524.760623670183122, 9841917.554441671818495 ], [ 5737533.624946964904666, 9841892.404183357954025 ], [ 5737547.769137106835842, 9841868.975363351404667 ] ] ] } },
{ "type": "Feature", "properties": { "lv_id": "LOC_003786", "id": 24670.0, "CD_SETOR": "150160005000033", "SITUACAO": "Rural", "CD_SIT": "8", "CD_TIPO": "0", "AREA_KM2": 74.005794433455804, "CD_REGIAO": "1", "NM_REGIAO": "Norte", "CD_UF": "15", "NM_UF": "Pará", "CD_MUN": "1501600", "NM_MUN": "Bonito", "CD_DIST": "150160005", "NM_DIST": "Bonito", "CD_SUBDIST": "15016000500", "NM_SUBDIST": null, "CD_BAIRRO": null, "NM_BAIRRO": null, "CD_NU": null, "NM_NU": null, "CD_FCU": null, "NM_FCU": null, "CD_AGLOM": null, "NM_AGLOM": null, "CD_RGINT": "1502", "NM_RGINT": "Castanhal", "CD_RGI": "150006", "NM_RGI": "Capanema", "CD_CONCURB": null, "NM_CONCURB": null, "mun_code_x": "1501600", "index_right": 43690, "dist_m": 0.0, "local_id": 38467, "ano": 2022, "cod_localidade_ibge": 1501600, "NR_ZONA": "41", "nr_cep": 68645000.0, "nm_localidade": "BONITO", "nm_locvot": "EMEF MUTUN II", "ds_endereco": "COMUNIDADE DE MUTUM", "ds_bairro": "VILA MUTUM", "pred_long": -47.3009722, "pred_lat": -1.3069467, "pred_dist": 0.0, "tse_long": -47.3010862, "tse_lat": -1.3069383, "long": -47.3010862, "lat": -1.3069383, "ID_UNICO": "LOC_003786", "SG_UF": "PA", "CD_MUNICIPIO": "4316", "NR_LOCAL_VOTACAO": "1155", "QT_SECOES_AGREGADAS": 0, "QT_ELEITORES_TRANSFERIDOS": 0, "CIRO GOMES (PDT) (NÃO ELEITO) 1T": 3.0, "CONSTITUINTE EYMAEL (DC) (NÃO ELEITO) 1T": 0.0, "FELIPE D AVILA (NOVO) (NÃO ELEITO) 1T": 1.0, "JAIR BOLSONARO (PL) (2º TURNO) 1T": 35.0, "LULA (PT) (2º TURNO) 1T": 137.0, "LÉO PÉRICLES (UP) (NÃO ELEITO) 1T": 0.0, "PADRE KELMON (PTB) (NÃO ELEITO) 1T": 1.0, "SIMONE TEBET (MDB) (NÃO ELEITO) 1T": 9.0, "SOFIA MANZANO (PCB) (NÃO ELEITO) 1T": 0.0, "SORAYA THRONICKE (UNIÃO) (NÃO ELEITO) 1T": 0.0, "VERA (PSTU) (NÃO ELEITO) 1T": 0.0, "Total_Votos_Validos 1T": 186.0, "Votos_Brancos 1T": 3.0, "Votos_Nulos 1T": 5.0, "Abstenções 1T": 25.0, "Eleitores_Aptos 1T": 219.0, "JAIR BOLSONARO (PL) (NÃO ELEITO) 2T": 36.0, "LULA (PT) (ELEITO) 2T": 146.0, "Total_Votos_Validos 2T": 182.0, "Votos_Brancos 2T": 2.0, "Votos_Nulos 2T": 1.0, "Abstenções 2T": 34.0, "Eleitores_Aptos 2T": 219.0, "mun_code_y": "1501600", "mun_code": "1501600" }, "geometry": { "type": "Polygon", "coordinates": [ [ [ 5746366.218494612723589, 9848134.120176617056131 ], [ 5746189.547470760531723, 9848599.166660767048597 ], [ 5745727.300217175856233, 9848390.982072971761227 ], [ 5745348.78836862090975, 9849031.945334346964955 ], [ 5745255.004628249444067, 9848983.361972149461508 ], [ 5745217.434451850131154, 9849068.403508501127362 ], [ 5745164.244850532151759, 9849175.699425045400858 ], [ 5745123.130759355612099, 9849263.121893210336566 ], [ 5745092.677585677243769, 9849326.143595453351736 ], [ 5745060.285274460911751, 9849388.213093237951398 ], [ 5745027.906373895704746, 9849459.233791299164295 ], [ 5744890.96591436676681, 9849637.668567815795541 ], [ 5744858.745290128514171, 9849790.819839738309383 ], [ 5744756.7830870160833, 9850225.804671848192811 ], [ 5744727.472219224087894, 9850320.407731637358665 ], [ 5744693.727219604887068, 9850409.244590044021606 ], [ 5744677.348931934684515, 9850447.19868228584528 ], [ 5744651.488871067762375, 9850497.425440797582269 ], [ 5744590.220423835329711, 9850589.900014732033014 ], [ 5744428.578708965331316, 9850824.955177204683423 ], [ 5744388.100380597636104, 9850877.247663771733642 ], [ 5744311.817495626397431, 9850944.946057820692658 ], [ 5744225.503209688700736, 9851011.146321808919311 ], [ 5744242.464535798877478, 9851035.983045015484095 ], [ 5744479.351876617409289, 9851140.91499594412744 ], [ 5744483.175352631136775, 9851143.20918551646173 ], [ 5744499.553698723204434, 9851158.294809840619564 ], [ 5744512.649355813860893, 9851177.608930895105004 ], [ 5744512.659898868761957, 9851193.774554241448641 ], [ 5744507.896083804778755, 9851218.12507146038115 ], [ 5744435.966936609707773, 9851401.653860229998827 ], [ 5744467.086932740174234, 9851411.088251680135727 ], [ 5744520.909937353804708, 9851428.677340036258101 ], [ 5744831.807006535120308, 9851530.326145622879267 ], [ 5745015.80036440026015, 9851591.015452690422535 ], [ 5745203.817373439669609, 9851653.943082446232438 ], [ 5745384.664646435528994, 9851711.780203068628907 ], [ 5745449.059760436415672, 9851704.568812668323517 ], [ 5745497.746491830796003, 9851703.590348636731505 ], [ 5745552.647894039750099, 9851724.862144526094198 ], [ 5745664.073327250778675, 9851787.119035011157393 ], [ 5745738.48979433439672, 9851831.106181373819709 ], [ 5745756.865400474518538, 9851864.557336654514074 ], [ 5745781.635570308193564, 9851900.418281456455588 ], [ 5745841.795652915723622, 9851948.485856873914599 ], [ 5745853.011166958138347, 9851955.770214857533574 ], [ 5745884.269965111277997, 9851975.358520429581404 ], [ 5745910.093027432449162, 9851984.963576342910528 ], [ 5745946.799074089154601, 9851990.018836371600628 ], [ 5745977.795470755547285, 9851990.791999677196145 ], [ 5746016.289453906938434, 9851986.211779445409775 ], [ 5746047.165874591097236, 9851987.887087801471353 ], [ 5746071.60726260766387, 9852000.980757674202323 ], [ 5746132.315023210830986, 9852029.373905910179019 ], [ 5746167.841766338795424, 9852038.674330184236169 ], [ 5746211.367455468513072, 9852030.495388569310308 ], [ 5746230.268810205161572, 9852040.297424765303731 ], [ 5746290.166306964121759, 9852106.480746254324913 ], [ 5746294.497324053198099, 9852111.267633656039834 ], [ 5746316.295734914019704, 9852130.592325404286385 ], [ 5746326.896501592360437, 9852149.234845843166113 ], [ 5746327.859221173450351, 9852184.214440204203129 ], [ 5746352.390336757525802, 9852255.170061292126775 ], [ 5746380.626946608535945, 9852342.448913160711527 ], [ 5746406.97863501496613, 9852399.415742987766862 ], [ 5746475.653074386529624, 9852521.979541247710586 ], [ 5746510.296331026591361, 9852558.549307746812701 ], [ 5746525.456096378155053, 9852588.157540954649448 ], [ 5746542.666379163041711, 9852668.296478196978569 ], [ 5746547.610433805733919, 9852751.853281781077385 ], [ 5746541.997512738220394, 9852799.955250531435013 ], [ 5746522.375797121785581, 9852894.511755654588342 ], [ 5746516.838489973917603, 9852921.147562131285667 ], [ 5746481.851467641070485, 9853029.651497345417738 ], [ 5746439.26669045817107, 9853151.925955241546035 ], [ 5746425.866277229040861, 9853163.964252909645438 ], [ 5746395.940009919926524, 9853172.161385122686625 ], [ 5746365.717807495966554, 9853186.193384580314159 ], [ 5746344.671050471253693, 9853185.55978443287313 ], [ 5746337.246943418867886, 9853185.178967202082276 ], [ 5746317.523517901077867, 9853184.1632543168962 ], [ 5746306.305806650780141, 9853192.588303454220295 ], [ 5746290.15082835778594, 9853223.227301336824894 ], [ 5746271.534751458093524, 9853240.85758057422936 ], [ 5746255.35475267842412, 9853253.905329002067447 ], [ 5746244.861025854945183, 9853270.845698524266481 ], [ 5746239.449156802147627, 9853294.541685158386827 ], [ 5746234.835843550972641, 9853317.222349859774113 ], [ 5746226.483879665844142, 9853336.027401972562075 ], [ 5746211.011324484832585, 9853347.291811484843493 ], [ 5746189.563363140448928, 9853350.600551597774029 ], [ 5746168.176122806966305, 9853347.507244288921356 ], [ 5746107.895739522762597, 9853324.77852076292038 ], [ 5746011.949415248818696, 9853290.622436968609691 ], [ 5745943.149801593273878, 9853265.845870269462466 ], [ 5745931.460013441741467, 9853272.546383360400796 ], [ 5745829.368189908564091, 9853565.401833172887564 ], [ 5745818.583694537170231, 9853598.48654150404036 ], [ 5745813.009196187369525, 9853615.547093544155359 ], [ 5745782.933452505618334, 9853717.634081400930882 ], [ 5745772.279870042577386, 9853749.772020163014531 ], [ 5745729.740491640754044, 9853881.463122745975852 ], [ 5745718.872621897608042, 9853933.408264320343733 ], [ 5745660.813343995250762, 9854054.719551188871264 ], [ 5745641.811017927713692, 9854107.076017988845706 ], [ 5745615.914206297136843, 9854169.883050693199039 ], [ 5745587.438612501136959, 9854233.91047134809196 ], [ 5745497.992138729430735, 9854500.686995102092624 ], [ 5745484.200640927068889, 9854549.945250580087304 ], [ 5745484.951723053120077, 9854581.284228220582008 ], [ 5745489.113569492474198, 9854618.793246932327747 ], [ 5745484.218609724193811, 9854648.800106288865209 ], [ 5745471.309610825031996, 9854670.032789934426546 ], [ 5745446.730163955129683, 9854696.963518565520644 ], [ 5745412.742648635059595, 9854760.12556380033493 ], [ 5745410.284151182509959, 9854764.707994841039181 ], [ 5745391.689786778762937, 9854807.532554160803556 ], [ 5745345.096726642921567, 9854951.891442028805614 ], [ 5745289.640628311783075, 9855078.003492878749967 ], [ 5745281.624667971394956, 9855089.481169171631336 ], [ 5745271.068224449642003, 9855095.610363537445664 ], [ 5745258.682645484805107, 9855096.044050564989448 ], [ 5745241.539102679118514, 9855090.077464321628213 ], [ 5745229.297594057396054, 9855086.079631619155407 ], [ 5745199.580027772113681, 9855076.628244383260608 ], [ 5745176.819868975318968, 9855076.221061369404197 ], [ 5745162.588713375851512, 9855081.558385971933603 ], [ 5745157.046198790892959, 9855094.087147990241647 ], [ 5745156.791029056534171, 9855102.794218607246876 ], [ 5745156.524699377827346, 9855111.490185270085931 ], [ 5745162.625999940559268, 9855133.462647393345833 ], [ 5745174.75245208106935, 9855182.28426031395793 ], [ 5745178.946697292849422, 9855253.238060289993882 ], [ 5745181.088878840208054, 9855267.895199690014124 ], [ 5745182.131424058228731, 9855274.95107471011579 ], [ 5745183.35559662990272, 9855283.353622077032924 ], [ 5745184.500127212144434, 9855291.099504373967648 ], [ 5745185.406824123114347, 9855297.287327311933041 ], [ 5745186.613151274621487, 9855303.151484701782465 ], [ 5745188.090108518488705, 9855310.350945172831416 ], [ 5745189.555906385183334, 9855317.539302101358771 ], [ 5745190.920040362514555, 9855324.160120230168104 ], [ 5745192.137699992395937, 9855330.102183232083917 ], [ 5745193.795073997229338, 9855338.191847205162048 ], [ 5745195.576397269032896, 9855346.860125355422497 ], [ 5745193.875913692638278, 9855351.930375054478645 ], [ 5745178.064249408431351, 9855399.323044456541538 ], [ 5745167.734474621713161, 9855428.074828902259469 ], [ 5745052.299259081482887, 9855747.187520448118448 ], [ 5744989.975164275616407, 9855924.329661246389151 ], [ 5744979.459309184923768, 9855954.384344201534986 ], [ 5744965.722974201664329, 9855991.327984085306525 ], [ 5744813.81987754907459, 9856397.619787123054266 ], [ 5744748.824977041222155, 9856580.000062584877014 ], [ 5744594.67201651353389, 9857017.356487145647407 ], [ 5744514.794079532846808, 9857254.873135548084974 ], [ 5744433.799957893788815, 9857427.440038667991757 ], [ 5744717.54338638484478, 9857467.381027664989233 ], [ 5745208.537446652539074, 9857619.274145079776645 ], [ 5745598.537999638356268, 9857563.279015444219112 ], [ 5746093.643343638628721, 9857537.380592562258244 ], [ 5746473.549491599202156, 9857622.27353360503912 ], [ 5746789.550525333732367, 9857873.372836973518133 ], [ 5749084.055658740922809, 9859312.975874064490199 ], [ 5749201.674162866547704, 9859336.086631555110216 ], [ 5749361.383832600899041, 9859165.617940541356802 ], [ 5751163.425162732601166, 9857281.107096221297979 ], [ 5751659.258419902063906, 9856759.080005204305053 ], [ 5752770.504297021776438, 9855621.140812238678336 ], [ 5753969.285044300369918, 9854410.134003553539515 ], [ 5754382.380641302093863, 9853982.956857154145837 ], [ 5754770.25846504047513, 9853578.27903183363378 ], [ 5754716.798656246624887, 9853501.845678720623255 ], [ 5754572.318737216293812, 9852992.792309533804655 ], [ 5754580.289817466400564, 9852862.909158894792199 ], [ 5754500.012738386169076, 9852718.701862465590239 ], [ 5754303.735473930835724, 9852737.132428025826812 ], [ 5754134.029929021373391, 9852737.595710562542081 ], [ 5754094.033681272529066, 9852717.728095078840852 ], [ 5752741.476800635457039, 9851036.828001076355577 ], [ 5752712.448690388351679, 9850990.953652879223228 ], [ 5752357.72919007204473, 9850576.563278306275606 ], [ 5752219.940280153416097, 9850390.489262115210295 ], [ 5752006.079759515821934, 9850069.783055065199733 ], [ 5751876.84660539124161, 9849967.755958827212453 ], [ 5750287.364531667903066, 9847996.142679778859019 ], [ 5750253.182671580463648, 9847970.428618682548404 ], [ 5750204.056436395272613, 9847957.249442068859935 ], [ 5749941.088951314799488, 9847928.023715963587165 ], [ 5749873.806688636541367, 9847964.833595776930451 ], [ 5749613.978953449986875, 9848171.15862276032567 ], [ 5749110.796670480631292, 9848218.33904192969203 ], [ 5749015.917781893163919, 9848204.45251733623445 ], [ 5748306.311918617226183, 9847918.450052494183183 ], [ 5747589.797334659844637, 9847840.555933812633157 ], [ 5747314.275899074040353, 9847783.062287151813507 ], [ 5747228.81430340744555, 9847773.937617456540465 ], [ 5747181.16715532541275, 9847784.269512441009283 ], [ 5746421.572081661783159, 9848125.62674642726779 ], [ 5746366.218494612723589, 9848134.120176617056131 ] ] ] } },
{ "type": "Feature", "properties": { "lv_id": "LOC_003787", "id": 24676.0, "CD_SETOR": "150160005000039", "SITUACAO": "Rural", "CD_SIT": "5", "CD_TIPO": "0", "AREA_KM2": 0.36175973027738501, "CD_REGIAO": "1", "NM_REGIAO": "Norte", "CD_UF": "15", "NM_UF": "Pará", "CD_MUN": "1501600", "NM_MUN": "Bonito", "CD_DIST": "150160005", "NM_DIST": "Bonito", "CD_SUBDIST": "15016000500", "NM_SUBDIST": null, "CD_BAIRRO": null, "NM_BAIRRO": null, "CD_NU": null, "NM_NU": null, "CD_FCU": null, "NM_FCU": null, "CD_AGLOM": "150160000006", "NM_AGLOM": "Pau Amarelo", "CD_RGINT": "1502", "NM_RGINT": "Castanhal", "CD_RGI": "150006", "NM_RGI": "Capanema", "CD_CONCURB": null, "NM_CONCURB": null, "mun_code_x": "1501600", "index_right": 43675, "dist_m": 0.0, "local_id": 38452, "ano": 2022, "cod_localidade_ibge": 1501600, "NR_ZONA": "41", "nr_cep": 68645000.0, "nm_localidade": "BONITO", "nm_locvot": "EM LEOPOLDINO DE CASTRO", "ds_endereco": "PAU AMARELO", "ds_bairro": "COMUNIDADE PAU AMARELO", "pred_long": -47.366969, "pred_lat": -1.452474, "pred_dist": 0.0, "tse_long": -47.3670549, "tse_lat": -1.4524249, "long": -47.3670549, "lat": -1.4524249, "ID_UNICO": "LOC_003787", "SG_UF": "PA", "CD_MUNICIPIO": "4316", "NR_LOCAL_VOTACAO": "1171", "QT_SECOES_AGREGADAS": 0, "QT_ELEITORES_TRANSFERIDOS": 0, "CIRO GOMES (PDT) (NÃO ELEITO) 1T": 12.0, "CONSTITUINTE EYMAEL (DC) (NÃO ELEITO) 1T": 0.0, "FELIPE D AVILA (NOVO) (NÃO ELEITO) 1T": 0.0, "JAIR BOLSONARO (PL) (2º TURNO) 1T": 15.0, "LULA (PT) (2º TURNO) 1T": 157.0, "LÉO PÉRICLES (UP) (NÃO ELEITO) 1T": 0.0, "PADRE KELMON (PTB) (NÃO ELEITO) 1T": 1.0, "SIMONE TEBET (MDB) (NÃO ELEITO) 1T": 9.0, "SOFIA MANZANO (PCB) (NÃO ELEITO) 1T": 0.0, "SORAYA THRONICKE (UNIÃO) (NÃO ELEITO) 1T": 0.0, "VERA (PSTU) (NÃO ELEITO) 1T": 0.0, "Total_Votos_Validos 1T": 194.0, "Votos_Brancos 1T": 1.0, "Votos_Nulos 1T": 7.0, "Abstenções 1T": 37.0, "Eleitores_Aptos 1T": 239.0, "JAIR BOLSONARO (PL) (NÃO ELEITO) 2T": 17.0, "LULA (PT) (ELEITO) 2T": 162.0, "Total_Votos_Validos 2T": 179.0, "Votos_Brancos 2T": 7.0, "Votos_Nulos 2T": 2.0, "Abstenções 2T": 51.0, "Eleitores_Aptos 2T": 239.0, "mun_code_y": "1501600", "mun_code": "1501600" }, "geometry": { "type": "Polygon", "coordinates": [ [ [ 5738202.668083257041872, 9838566.450038332492113 ], [ 5738209.212699585594237, 9838570.62766689248383 ], [ 5738471.839795644395053, 9838789.963115490972996 ], [ 5738532.011341275647283, 9838805.182779226452112 ], [ 5738528.534126740880311, 9838731.041560156270862 ], [ 5738548.561320930719376, 9838725.850980231538415 ], [ 5738569.028677414171398, 9838711.341471135616302 ], [ 5738576.441285171546042, 9838692.66222426481545 ], [ 5738578.727581397630274, 9838679.129925915971398 ], [ 5738577.280664695426822, 9838660.020208325237036 ], [ 5738578.630803175270557, 9838646.023099703714252 ], [ 5738609.377554204314947, 9838638.006889902055264 ], [ 5738629.396560629829764, 9838630.022105872631073 ], [ 5738645.654814296402037, 9838610.849347420036793 ], [ 5738657.744983180426061, 9838601.028709098696709 ], [ 5738671.199095984920859, 9838578.13486360758543 ], [ 5738678.597815806046128, 9838558.531628781929612 ], [ 5738683.711607972159982, 9838552.917136486619711 ], [ 5738694.808499944396317, 9838519.309865554794669 ], [ 5738693.812309291213751, 9838498.328579504042864 ], [ 5738728.789889009669423, 9838502.422825291752815 ], [ 5738742.190522931516171, 9838465.079463327303529 ], [ 5738711.389416537247598, 9838450.709091590717435 ], [ 5738717.428217075765133, 9838445.559423828497529 ], [ 5738733.716473180800676, 9838436.661519568413496 ], [ 5738742.08401183411479, 9838428.699695473536849 ], [ 5738746.71540099568665, 9838417.965779444202781 ], [ 5738747.140444874763489, 9838403.503782609477639 ], [ 5738737.704258405603468, 9838365.75987420976162 ], [ 5738737.668746619485319, 9838353.63699658960104 ], [ 5738739.967446088790894, 9838340.572159126400948 ], [ 5738739.929188910871744, 9838327.51418293826282 ], [ 5738743.553356807678938, 9838292.069697016850114 ], [ 5738739.316960580646992, 9838278.088945329189301 ], [ 5738731.843186788260937, 9838272.043841989710927 ], [ 5738714.57513016089797, 9838265.571090329438448 ], [ 5738699.630157216452062, 9838258.156411966308951 ], [ 5738687.945954192429781, 9838246.991736864671111 ], [ 5738681.383758911862969, 9838233.028967110440135 ], [ 5738676.674478925764561, 9838217.179414013400674 ], [ 5738669.18141420930624, 9838208.351330388337374 ], [ 5738654.240712612867355, 9838198.598896833136678 ], [ 5738635.588238356634974, 9838198.186153968796134 ], [ 5738607.628194409422576, 9838200.138518400490284 ], [ 5738332.913039196282625, 9838022.274817157536745 ], [ 5738063.1557781342417, 9838043.651087043806911 ], [ 5738068.171202000230551, 9838163.94073298573494 ], [ 5737954.753475464880466, 9838275.260399244725704 ], [ 5738057.505984487012029, 9838344.912840669974685 ], [ 5738146.619492677971721, 9838530.245701968669891 ], [ 5738202.668083257041872, 9838566.450038332492113 ] ] ] } },
{ "type": "Feature", "properties": { "lv_id": "LOC_003788", "id": 24658.0, "CD_SETOR": "150160005000020", "SITUACAO": "Rural", "CD_SIT": "5", "CD_TIPO": "0", "AREA_KM2": 0.12256245533922799, "CD_REGIAO": "1", "NM_REGIAO": "Norte", "CD_UF": "15", "NM_UF": "Pará", "CD_MUN": "1501600", "NM_MUN": "Bonito", "CD_DIST": "150160005", "NM_DIST": "Bonito", "CD_SUBDIST": "15016000500", "NM_SUBDIST": null, "CD_BAIRRO": null, "NM_BAIRRO": null, "CD_NU": null, "NM_NU": null, "CD_FCU": null, "NM_FCU": null, "CD_AGLOM": "150160000003", "NM_AGLOM": "Boa Vista", "CD_RGINT": "1502", "NM_RGINT": "Castanhal", "CD_RGI": "150006", "NM_RGI": "Capanema", "CD_CONCURB": null, "NM_CONCURB": null, "mun_code_x": "1501600", "index_right": 43673, "dist_m": 0.0, "local_id": 38450, "ano": 2022, "cod_localidade_ibge": 1501600, "NR_ZONA": "41", "nr_cep": 68645000.0, "nm_localidade": "BONITO", "nm_locvot": "EMEF PADRE ÂNGELO DE BERNARD", "ds_endereco": "BOA VISTA", "ds_bairro": "VILA BOA VISTA", "pred_long": -47.3990463, "pred_lat": -1.4532224, "pred_dist": 0.0, "tse_long": -47.3991032, "tse_lat": -1.4532914, "long": -47.3991032, "lat": -1.4532914, "ID_UNICO": "LOC_003788", "SG_UF": "PA", "CD_MUNICIPIO": "4316", "NR_LOCAL_VOTACAO": "1180", "QT_SECOES_AGREGADAS": 0, "QT_ELEITORES_TRANSFERIDOS": 0, "CIRO GOMES (PDT) (NÃO ELEITO) 1T": 3.0, "CONSTITUINTE EYMAEL (DC) (NÃO ELEITO) 1T": 0.0, "FELIPE D AVILA (NOVO) (NÃO ELEITO) 1T": 0.0, "JAIR BOLSONARO (PL) (2º TURNO) 1T": 15.0, "LULA (PT) (2º TURNO) 1T": 170.0, "LÉO PÉRICLES (UP) (NÃO ELEITO) 1T": 0.0, "PADRE KELMON (PTB) (NÃO ELEITO) 1T": 0.0, "SIMONE TEBET (MDB) (NÃO ELEITO) 1T": 10.0, "SOFIA MANZANO (PCB) (NÃO ELEITO) 1T": 0.0, "SORAYA THRONICKE (UNIÃO) (NÃO ELEITO) 1T": 3.0, "VERA (PSTU) (NÃO ELEITO) 1T": 0.0, "Total_Votos_Validos 1T": 201.0, "Votos_Brancos 1T": 0.0, "Votos_Nulos 1T": 1.0, "Abstenções 1T": 24.0, "Eleitores_Aptos 1T": 226.0, "JAIR BOLSONARO (PL) (NÃO ELEITO) 2T": 20.0, "LULA (PT) (ELEITO) 2T": 176.0, "Total_Votos_Validos 2T": 196.0, "Votos_Brancos 2T": 1.0, "Votos_Nulos 2T": 2.0, "Abstenções 2T": 27.0, "Eleitores_Aptos 2T": 226.0, "mun_code_y": "1501600", "mun_code": "1501600" }, "geometry": { "type": "Polygon", "coordinates": [ [ [ 5734503.135051116347313, 9837768.669435683637857 ], [ 5734484.422281563282013, 9837755.233056956902146 ], [ 5734375.102664608508348, 9838069.746431682258844 ], [ 5734476.358850411139429, 9838099.772149581462145 ], [ 5734487.591870864853263, 9838261.578116673976183 ], [ 5734486.671110975556076, 9838308.399295715615153 ], [ 5734479.884885139763355, 9838358.788498444482684 ], [ 5734467.003697880543768, 9838414.193452596664429 ], [ 5734542.143866943195462, 9838445.075214238837361 ], [ 5734505.263025559484959, 9838540.266910631209612 ], [ 5734532.646987576037645, 9838554.47973120585084 ], [ 5734574.654637554660439, 9838626.388364439830184 ], [ 5734691.210539885796607, 9838552.492328219115734 ], [ 5734619.255992136895657, 9838423.210787450894713 ], [ 5734667.735028216615319, 9838390.031315991654992 ], [ 5734681.563766978681087, 9838373.405163481831551 ], [ 5734685.989731738343835, 9838349.40407932177186 ], [ 5734678.706099500879645, 9838324.55781003460288 ], [ 5734660.147751252166927, 9838310.619850736111403 ], [ 5734653.2148591671139, 9838291.572027439251542 ], [ 5734677.420470892451704, 9838230.924262948334217 ], [ 5734841.786884407512844, 9837861.00287720002234 ], [ 5734508.003332868218422, 9837720.957283200696111 ], [ 5734503.135051116347313, 9837768.669435683637857 ] ] ] } },
{ "type": "Feature", "properties": { "lv_id": "LOC_003789", "id": 24650.0, "CD_SETOR": "150160005000009", "SITUACAO": "Rural", "CD_SIT": "8", "CD_TIPO": "0", "AREA_KM2": 31.294609745633135, "CD_REGIAO": "1", "NM_REGIAO": "Norte", "CD_UF": "15", "NM_UF": "Pará", "CD_MUN": "1501600", "NM_MUN": "Bonito", "CD_DIST": "150160005", "NM_DIST": "Bonito", "CD_SUBDIST": "15016000500", "NM_SUBDIST": null, "CD_BAIRRO": null, "NM_BAIRRO": null, "CD_NU": null, "NM_NU": null, "CD_FCU": null, "NM_FCU": null, "CD_AGLOM": null, "NM_AGLOM": null, "CD_RGINT": "1502", "NM_RGINT": "Castanhal", "CD_RGI": "150006", "NM_RGI": "Capanema", "CD_CONCURB": null, "NM_CONCURB": null, "mun_code_x": "1501600", "index_right": 43687, "dist_m": 0.0, "local_id": 38464, "ano": 2022, "cod_localidade_ibge": 1501600, "NR_ZONA": "41", "nr_cep": 68645000.0, "nm_localidade": "BONITO", "nm_locvot": "EMEF TRAVESSA DO CINCO", "ds_endereco": "TRAVESSA DO CINCO", "ds_bairro": "ZONA RURAL", "pred_long": -47.3160937, "pred_lat": -1.320562, "pred_dist": 0.0, "tse_long": -47.1661446, "tse_lat": -1.363021, "long": -47.1661446, "lat": -1.363021, "ID_UNICO": "LOC_003789", "SG_UF": "PA", "CD_MUNICIPIO": "4316", "NR_LOCAL_VOTACAO": "1198", "QT_SECOES_AGREGADAS": 0, "QT_ELEITORES_TRANSFERIDOS": 0, "CIRO GOMES (PDT) (NÃO ELEITO) 1T": 1.0, "CONSTITUINTE EYMAEL (DC) (NÃO ELEITO) 1T": 0.0, "FELIPE D AVILA (NOVO) (NÃO ELEITO) 1T": 0.0, "JAIR BOLSONARO (PL) (2º TURNO) 1T": 19.0, "LULA (PT) (2º TURNO) 1T": 168.0, "LÉO PÉRICLES (UP) (NÃO ELEITO) 1T": 0.0, "PADRE KELMON (PTB) (NÃO ELEITO) 1T": 0.0, "SIMONE TEBET (MDB) (NÃO ELEITO) 1T": 8.0, "SOFIA MANZANO (PCB) (NÃO ELEITO) 1T": 0.0, "SORAYA THRONICKE (UNIÃO) (NÃO ELEITO) 1T": 0.0, "VERA (PSTU) (NÃO ELEITO) 1T": 0.0, "Total_Votos_Validos 1T": 196.0, "Votos_Brancos 1T": 1.0, "Votos_Nulos 1T": 2.0, "Abstenções 1T": 34.0, "Eleitores_Aptos 1T": 233.0, "JAIR BOLSONARO (PL) (NÃO ELEITO) 2T": 26.0, "LULA (PT) (ELEITO) 2T": 161.0, "Total_Votos_Validos 2T": 187.0, "Votos_Brancos 2T": 0.0, "Votos_Nulos 2T": 1.0, "Abstenções 2T": 45.0, "Eleitores_Aptos 2T": 233.0, "mun_code_y": "1501600", "mun_code": "1501600" }, "geometry": { "type": "Polygon", "coordinates": [ [ [ 5744225.503209688700736, 9851011.146321808919311 ], [ 5743910.746694299392402, 9851250.344659155234694 ], [ 5743750.484054424799979, 9851371.486881919205189 ], [ 5743672.459768202155828, 9851425.249585259705782 ], [ 5743618.999735111370683, 9851451.23491826094687 ], [ 5743602.704570505768061, 9851458.593670442700386 ], [ 5743251.947996339760721, 9851580.406955488026142 ], [ 5740970.807968335226178, 9852376.033177718520164 ], [ 5740431.950627880170941, 9852699.790984164923429 ], [ 5740342.294426838867366, 9852724.511782217770815 ], [ 5740244.458616007119417, 9852745.168763751164079 ], [ 5740176.475650416687131, 9852742.634615359827876 ], [ 5739959.018217734992504, 9852764.970038887113333 ], [ 5739906.018012668006122, 9852771.913910400122404 ], [ 5739836.764485662803054, 9852802.01217994838953 ], [ 5738841.616449982859194, 9853315.999694781377912 ], [ 5738627.076025109738111, 9853414.47870147973299 ], [ 5738445.04278487060219, 9853466.638572743162513 ], [ 5738284.704978320747614, 9853499.704404635354877 ], [ 5738180.119451204314828, 9853535.337985513731837 ], [ 5738108.203457796014845, 9853589.931547990068793 ], [ 5738067.574567500501871, 9853645.788838375359774 ], [ 5738031.148161308839917, 9853754.679104119539261 ], [ 5738035.689505394548178, 9853927.369693716987967 ], [ 5738070.006541529670358, 9853984.375057937577367 ], [ 5740869.726856163702905, 9856718.27323280647397 ], [ 5741561.828271048143506, 9856743.474273063242435 ], [ 5741967.625041713938117, 9856877.37764017470181 ], [ 5742678.426328608766198, 9857057.278268689289689 ], [ 5743226.535262322984636, 9857132.376200163736939 ], [ 5743925.532588196918368, 9857292.272182317450643 ], [ 5744339.534297072328627, 9857414.181250378489494 ], [ 5744433.799957893788815, 9857427.440038667991757 ], [ 5744514.794079532846808, 9857254.873135548084974 ], [ 5744594.67201651353389, 9857017.356487145647407 ], [ 5744748.824977041222155, 9856580.000062584877014 ], [ 5744813.81987754907459, 9856397.619787123054266 ], [ 5744965.722974201664329, 9855991.327984085306525 ], [ 5744979.459309184923768, 9855954.384344201534986 ], [ 5744989.975164275616407, 9855924.329661246389151 ], [ 5745052.299259081482887, 9855747.187520448118448 ], [ 5745167.734474621713161, 9855428.074828902259469 ], [ 5745178.064249408431351, 9855399.323044456541538 ], [ 5745193.875913692638278, 9855351.930375054478645 ], [ 5745195.576397269032896, 9855346.860125355422497 ], [ 5745193.795073997229338, 9855338.191847205162048 ], [ 5745192.137699992395937, 9855330.102183232083917 ], [ 5745190.920040362514555, 9855324.160120230168104 ], [ 5745189.555906385183334, 9855317.539302101358771 ], [ 5745188.090108518488705, 9855310.350945172831416 ], [ 5745186.613151274621487, 9855303.151484701782465 ], [ 5745185.406824123114347, 9855297.287327311933041 ], [ 5745184.500127212144434, 9855291.099504373967648 ], [ 5745183.35559662990272, 9855283.353622077032924 ], [ 5745182.131424058228731, 9855274.95107471011579 ], [ 5745181.088878840208054, 9855267.895199690014124 ], [ 5745178.946697292849422, 9855253.238060289993882 ], [ 5745174.75245208106935, 9855182.28426031395793 ], [ 5745162.625999940559268, 9855133.462647393345833 ], [ 5745156.524699377827346, 9855111.490185270085931 ], [ 5745156.791029056534171, 9855102.794218607246876 ], [ 5745157.046198790892959, 9855094.087147990241647 ], [ 5745162.588713375851512, 9855081.558385971933603 ], [ 5745176.819868975318968, 9855076.221061369404197 ], [ 5745199.580027772113681, 9855076.628244383260608 ], [ 5745229.297594057396054, 9855086.079631619155407 ], [ 5745241.539102679118514, 9855090.077464321628213 ], [ 5745258.682645484805107, 9855096.044050564989448 ], [ 5745271.068224449642003, 9855095.610363537445664 ], [ 5745281.624667971394956, 9855089.481169171631336 ], [ 5745289.640628311783075, 9855078.003492878749967 ], [ 5745345.096726642921567, 9854951.891442028805614 ], [ 5745391.689786778762937, 9854807.532554160803556 ], [ 5745410.284151182509959, 9854764.707994841039181 ], [ 5745412.742648635059595, 9854760.12556380033493 ], [ 5745446.730163955129683, 9854696.963518565520644 ], [ 5745471.309610825031996, 9854670.032789934426546 ], [ 5745484.218609724193811, 9854648.800106288865209 ], [ 5745489.113569492474198, 9854618.793246932327747 ], [ 5745484.951723053120077, 9854581.284228220582008 ], [ 5745484.200640927068889, 9854549.945250580087304 ], [ 5745497.992138729430735, 9854500.686995102092624 ], [ 5745587.438612501136959, 9854233.91047134809196 ], [ 5745615.914206297136843, 9854169.883050693199039 ], [ 5745641.811017927713692, 9854107.076017988845706 ], [ 5745660.813343995250762, 9854054.719551188871264 ], [ 5745718.872621897608042, 9853933.408264320343733 ], [ 5745729.740491640754044, 9853881.463122745975852 ], [ 5745772.279870042577386, 9853749.772020163014531 ], [ 5745782.933452505618334, 9853717.634081400930882 ], [ 5745813.009196187369525, 9853615.547093544155359 ], [ 5745818.583694537170231, 9853598.48654150404036 ], [ 5745829.368189908564091, 9853565.401833172887564 ], [ 5745931.460013441741467, 9853272.546383360400796 ], [ 5745943.149801593273878, 9853265.845870269462466 ], [ 5746011.949415248818696, 9853290.622436968609691 ], [ 5746107.895739522762597, 9853324.77852076292038 ], [ 5746168.176122806966305, 9853347.507244288921356 ], [ 5746189.563363140448928, 9853350.600551597774029 ], [ 5746211.011324484832585, 9853347.291811484843493 ], [ 5746226.483879665844142, 9853336.027401972562075 ], [ 5746234.835843550972641, 9853317.222349859774113 ], [ 5746239.449156802147627, 9853294.541685158386827 ], [ 5746244.861025854945183, 9853270.845698524266481 ], [ 5746255.35475267842412, 9853253.905329002067447 ], [ 5746271.534751458093524, 9853240.85758057422936 ], [ 5746290.15082835778594, 9853223.227301336824894 ], [ 5746306.305806650780141, 9853192.588303454220295 ], [ 5746317.523517901077867, 9853184.1632543168962 ], [ 5746337.246943418867886, 9853185.178967202082276 ], [ 5746344.671050471253693, 9853185.55978443287313 ], [ 5746365.717807495966554, 9853186.193384580314159 ], [ 5746395.940009919926524, 9853172.161385122686625 ], [ 5746425.866277229040861, 9853163.964252909645438 ], [ 5746439.26669045817107, 9853151.925955241546035 ], [ 5746481.851467641070485, 9853029.651497345417738 ], [ 5746516.838489973917603, 9852921.147562131285667 ], [ 5746522.375797121785581, 9852894.511755654588342 ], [ 5746541.997512738220394, 9852799.955250531435013 ], [ 5746547.610433805733919, 9852751.853281781077385 ], [ 5746542.666379163041711, 9852668.296478196978569 ], [ 5746525.456096378155053, 9852588.157540954649448 ], [ 5746510.296331026591361, 9852558.549307746812701 ], [ 5746475.653074386529624, 9852521.979541247710586 ], [ 5746406.97863501496613, 9852399.415742987766862 ], [ 5746380.626946608535945, 9852342.448913160711527 ], [ 5746352.390336757525802, 9852255.170061292126775 ], [ 5746327.859221173450351, 9852184.214440204203129 ], [ 5746326.896501592360437, 9852149.234845843166113 ], [ 5746316.295734914019704, 9852130.592325404286385 ], [ 5746294.497324053198099, 9852111.267633656039834 ], [ 5746290.166306964121759, 9852106.480746254324913 ], [ 5746230.268810205161572, 9852040.297424765303731 ], [ 5746211.367455468513072, 9852030.495388569310308 ], [ 5746167.841766338795424, 9852038.674330184236169 ], [ 5746132.315023210830986, 9852029.373905910179019 ], [ 5746071.60726260766387, 9852000.980757674202323 ], [ 5746047.165874591097236, 9851987.887087801471353 ], [ 5746016.289453906938434, 9851986.211779445409775 ], [ 5745977.795470755547285, 9851990.791999677196145 ], [ 5745946.799074089154601, 9851990.018836371600628 ], [ 5745910.093027432449162, 9851984.963576342910528 ], [ 5745884.269965111277997, 9851975.358520429581404 ], [ 5745853.011166958138347, 9851955.770214857533574 ], [ 5745841.795652915723622, 9851948.485856873914599 ], [ 5745781.635570308193564, 9851900.418281456455588 ], [ 5745756.865400474518538, 9851864.557336654514074 ], [ 5745738.48979433439672, 9851831.106181373819709 ], [ 5745664.073327250778675, 9851787.119035011157393 ], [ 5745552.647894039750099, 9851724.862144526094198 ], [ 5745497.746491830796003, 9851703.590348636731505 ], [ 5745449.059760436415672, 9851704.568812668323517 ], [ 5745384.664646435528994, 9851711.780203068628907 ], [ 5745203.817373439669609, 9851653.943082446232438 ], [ 5745015.80036440026015, 9851591.015452690422535 ], [ 5744831.807006535120308, 9851530.326145622879267 ], [ 5744520.909937353804708, 9851428.677340036258101 ], [ 5744467.086932740174234, 9851411.088251680135727 ], [ 5744435.966936609707773, 9851401.653860229998827 ], [ 5744507.896083804778755, 9851218.12507146038115 ], [ 5744512.659898868761957, 9851193.774554241448641 ], [ 5744512.649355813860893, 9851177.608930895105004 ], [ 5744499.553698723204434, 9851158.294809840619564 ], [ 5744483.175352631136775, 9851143.20918551646173 ], [ 5744479.351876617409289, 9851140.91499594412744 ], [ 5744242.464535798877478, 9851035.983045015484095 ], [ 5744225.503209688700736, 9851011.146321808919311 ] ] ] } },
{ "type": "Feature", "properties": { "lv_id": "LOC_003790", "id": 24666.0, "CD_SETOR": "150160005000029", "SITUACAO": "Rural", "CD_SIT": "8", "CD_TIPO": "0", "AREA_KM2": 44.937063845092894, "CD_REGIAO": "1", "NM_REGIAO": "Norte", "CD_UF": "15", "NM_UF": "Pará", "CD_MUN": "1501600", "NM_MUN": "Bonito", "CD_DIST": "150160005", "NM_DIST": "Bonito", "CD_SUBDIST": "15016000500", "NM_SUBDIST": null, "CD_BAIRRO": null, "NM_BAIRRO": null, "CD_NU": null, "NM_NU": null, "CD_FCU": null, "NM_FCU": null, "CD_AGLOM": null, "NM_AGLOM": null, "CD_RGINT": "1502", "NM_RGINT": "Castanhal", "CD_RGI": "150006", "NM_RGI": "Capanema", "CD_CONCURB": null, "NM_CONCURB": null, "mun_code_x": "1501600", "index_right": 43683, "dist_m": 0.0, "local_id": 38460, "ano": 2022, "cod_localidade_ibge": 1501600, "NR_ZONA": "41", "nr_cep": 68645000.0, "nm_localidade": "BONITO", "nm_locvot": "EMEF FLORA ALVES DA SILVA", "ds_endereco": "TRAVESSA DO JARI", "ds_bairro": "VILA DO JARI", "pred_long": -47.3355393, "pred_lat": -1.3684795, "pred_dist": 0.0, "tse_long": -47.3036701, "tse_lat": -1.4042578, "long": -47.3036701, "lat": -1.4042578, "ID_UNICO": "LOC_003790", "SG_UF": "PA", "CD_MUNICIPIO": "4316", "NR_LOCAL_VOTACAO": "1210", "QT_SECOES_AGREGADAS": 0, "QT_ELEITORES_TRANSFERIDOS": 4, "CIRO GOMES (PDT) (NÃO ELEITO) 1T": 2.0, "CONSTITUINTE EYMAEL (DC) (NÃO ELEITO) 1T": 0.0, "FELIPE D AVILA (NOVO) (NÃO ELEITO) 1T": 0.0, "JAIR BOLSONARO (PL) (2º TURNO) 1T": 22.0, "LULA (PT) (2º TURNO) 1T": 126.0, "LÉO PÉRICLES (UP) (NÃO ELEITO) 1T": 0.0, "PADRE KELMON (PTB) (NÃO ELEITO) 1T": 0.0, "SIMONE TEBET (MDB) (NÃO ELEITO) 1T": 11.0, "SOFIA MANZANO (PCB) (NÃO ELEITO) 1T": 0.0, "SORAYA THRONICKE (UNIÃO) (NÃO ELEITO) 1T": 0.0, "VERA (PSTU) (NÃO ELEITO) 1T": 0.0, "Total_Votos_Validos 1T": 161.0, "Votos_Brancos 1T": 1.0, "Votos_Nulos 1T": 3.0, "Abstenções 1T": 23.0, "Eleitores_Aptos 1T": 188.0, "JAIR BOLSONARO (PL) (NÃO ELEITO) 2T": 28.0, "LULA (PT) (ELEITO) 2T": 134.0, "Total_Votos_Validos 2T": 162.0, "Votos_Brancos 2T": 3.0, "Votos_Nulos 2T": 2.0, "Abstenções 2T": 21.0, "Eleitores_Aptos 2T": 188.0, "mun_code_y": "1501600", "mun_code": "1501600" }, "geometry": { "type": "Polygon", "coordinates": [ [ [ 5741430.439213625155389, 9845863.49908210337162 ], [ 5741404.682036192156374, 9845845.759057331830263 ], [ 5741337.583984327502549, 9845820.965735143050551 ], [ 5741292.624137023463845, 9845821.092069961130619 ], [ 5741059.501731460914016, 9845830.074249356985092 ], [ 5740974.525657856836915, 9845815.317229637876153 ], [ 5740881.384046060964465, 9845857.2260269112885 ], [ 5740757.395808414556086, 9846182.423757188022137 ], [ 5740796.18475919123739, 9846355.572065817192197 ], [ 5740813.174512944184244, 9846473.797516172751784 ], [ 5740796.640300313942134, 9846518.819533450528979 ], [ 5740731.734996946528554, 9846533.996576502919197 ], [ 5740671.759114513173699, 9846525.002063507214189 ], [ 5740630.884636291302741, 9846497.629937021061778 ], [ 5740592.528535678982735, 9846479.412917474284768 ], [ 5740510.095904346555471, 9846478.808382606133819 ], [ 5740447.003877775743604, 9846545.624154025688767 ], [ 5739889.465904876589775, 9846966.974076636135578 ], [ 5739861.165995733812451, 9846971.216384148225188 ], [ 5739440.974362383596599, 9846782.479018725454807 ], [ 5739034.161214315332472, 9846610.37159320525825 ], [ 5738929.25087914057076, 9846610.66396495513618 ], [ 5738555.836777509190142, 9846475.101474000141025 ], [ 5737932.33319563511759, 9846230.297611117362976 ], [ 5737849.568756503984332, 9846410.433136522769928 ], [ 5737667.606287305243313, 9846849.05053897947073 ], [ 5737598.155922134406865, 9847027.477444969117641 ], [ 5737512.14150488935411, 9847236.774154331535101 ], [ 5737489.052321854047477, 9847318.457566106691957 ], [ 5737466.215884953737259, 9847491.767244912683964 ], [ 5737386.530775830149651, 9847583.603354351595044 ], [ 5737321.959812754765153, 9847720.381508350372314 ], [ 5737110.260293817147613, 9848252.345754319801927 ], [ 5736989.529588889330626, 9848559.182035723701119 ], [ 5736868.680587633512914, 9848819.374898307025433 ], [ 5736779.294570012949407, 9849019.502384362742305 ], [ 5736699.338167037814856, 9849013.064245913177729 ], [ 5736674.551426194608212, 9849081.425520241260529 ], [ 5736608.125114575959742, 9849151.570259667932987 ], [ 5736569.933229381218553, 9849193.318517204374075 ], [ 5736556.693716225214303, 9849223.332501916214824 ], [ 5736568.53367427084595, 9849288.265130493789911 ], [ 5736637.035764843225479, 9849371.366092974320054 ], [ 5736647.197194310836494, 9849432.975019300356507 ], [ 5736574.486573140136898, 9849639.723137939348817 ], [ 5736505.021255675703287, 9849816.484067378565669 ], [ 5736428.875556633807719, 9849988.264527827501297 ], [ 5736366.102183553390205, 9850175.002638733014464 ], [ 5735776.986681343987584, 9851745.075755665078759 ], [ 5738070.006541529670358, 9853984.375057937577367 ], [ 5738035.689505394548178, 9853927.369693716987967 ], [ 5738031.148161308839917, 9853754.679104119539261 ], [ 5738067.574567500501871, 9853645.788838375359774 ], [ 5738108.203457796014845, 9853589.931547990068793 ], [ 5738180.119451204314828, 9853535.337985513731837 ], [ 5738284.704978320747614, 9853499.704404635354877 ], [ 5738445.04278487060219, 9853466.638572743162513 ], [ 5738627.076025109738111, 9853414.47870147973299 ], [ 5738841.616449982859194, 9853315.999694781377912 ], [ 5739836.764485662803054, 9852802.01217994838953 ], [ 5739906.018012668006122, 9852771.913910400122404 ], [ 5739959.018217734992504, 9852764.970038887113333 ], [ 5740176.475650416687131, 9852742.634615359827876 ], [ 5740244.458616007119417, 9852745.168763751164079 ], [ 5740342.294426838867366, 9852724.511782217770815 ], [ 5740431.950627880170941, 9852699.790984164923429 ], [ 5740970.807968335226178, 9852376.033177718520164 ], [ 5743251.947996339760721, 9851580.406955488026142 ], [ 5743602.704570505768061, 9851458.593670442700386 ], [ 5743618.999735111370683, 9851451.23491826094687 ], [ 5743672.459768202155828, 9851425.249585259705782 ], [ 5743750.484054424799979, 9851371.486881919205189 ], [ 5743910.746694299392402, 9851250.344659155234694 ], [ 5744225.503209688700736, 9851011.146321808919311 ], [ 5744311.817495626397431, 9850944.946057820692658 ], [ 5744388.100380597636104, 9850877.247663771733642 ], [ 5744428.578708965331316, 9850824.955177204683423 ], [ 5744590.220423835329711, 9850589.900014732033014 ], [ 5744651.488871067762375, 9850497.425440797582269 ], [ 5744677.348931934684515, 9850447.19868228584528 ], [ 5744693.727219604887068, 9850409.244590044021606 ], [ 5744727.472219224087894, 9850320.407731637358665 ], [ 5744756.7830870160833, 9850225.804671848192811 ], [ 5744858.745290128514171, 9849790.819839738309383 ], [ 5744890.96591436676681, 9849637.668567815795541 ], [ 5744945.017233942635357, 9849402.236334882676601 ], [ 5744969.723729938268661, 9849297.235288605093956 ], [ 5744977.70215776655823, 9849203.948218259960413 ], [ 5744970.528228471986949, 9849132.791786294430494 ], [ 5744945.88215050380677, 9849001.228978026658297 ], [ 5744902.030334452167153, 9848790.170923670753837 ], [ 5744837.765155868604779, 9848803.753524439409375 ], [ 5744741.376510117202997, 9848694.500913020223379 ], [ 5744594.21541226003319, 9848628.664861850440502 ], [ 5744224.619054986163974, 9848731.135440399870276 ], [ 5744243.282336976379156, 9848658.661556119099259 ], [ 5744313.997721767053008, 9848647.477139951661229 ], [ 5744360.2088144980371, 9848588.520580612123013 ], [ 5744453.970517427660525, 9848580.801429565995932 ], [ 5744479.260865665972233, 9848494.280757581815124 ], [ 5744503.671298227272928, 9848411.570056499913335 ], [ 5744536.076204096898437, 9848374.539601515978575 ], [ 5744540.769773380830884, 9848357.447972627356648 ], [ 5744460.745894717052579, 9848318.636503184214234 ], [ 5744410.08444432541728, 9848309.56985137052834 ], [ 5744284.516969946213067, 9848261.176688201725483 ], [ 5744239.986640965566039, 9848243.754209207370877 ], [ 5744293.200609733350575, 9848117.744173232465982 ], [ 5744018.023130247369409, 9847967.330051409080625 ], [ 5743484.734527121298015, 9847656.705346623435616 ], [ 5743244.630171958357096, 9847520.648011650890112 ], [ 5743215.425938051193953, 9847503.851580990478396 ], [ 5743116.620278694666922, 9847438.408233914524317 ], [ 5742801.783710854128003, 9847177.681687047705054 ], [ 5742749.814290767535567, 9847134.497016532346606 ], [ 5742624.703668892383575, 9847034.448902364820242 ], [ 5742568.621001498773694, 9846980.888892831280828 ], [ 5742425.407641105353832, 9846822.410581005737185 ], [ 5742318.630756839178503, 9846712.159105587750673 ], [ 5741431.087953708134592, 9845864.666198117658496 ], [ 5741430.439213625155389, 9845863.49908210337162 ] ] ] } },
{ "type": "Feature", "properties": { "lv_id": "LOC_003791", "id": 24660.0, "CD_SETOR": "150160005000023", "SITUACAO": "Rural", "CD_SIT": "8", "CD_TIPO": "0", "AREA_KM2": 72.882668554350573, "CD_REGIAO": "1", "NM_REGIAO": "Norte", "CD_UF": "15", "NM_UF": "Pará", "CD_MUN": "1501600", "NM_MUN": "Bonito", "CD_DIST": "150160005", "NM_DIST": "Bonito", "CD_SUBDIST": "15016000500", "NM_SUBDIST": null, "CD_BAIRRO": null, "NM_BAIRRO": null, "CD_NU": null, "NM_NU": null, "CD_FCU": null, "NM_FCU": null, "CD_AGLOM": "150160000005", "NM_AGLOM": "Comunidade Quilombola Cuxiú", "CD_RGINT": "1502", "NM_RGINT": "Castanhal", "CD_RGI": "150006", "NM_RGI": "Capanema", "CD_CONCURB": null, "NM_CONCURB": null, "mun_code_x": "1501600", "index_right": 43674, "dist_m": 0.0, "local_id": 38451, "ano": 2022, "cod_localidade_ibge": 1501600, "NR_ZONA": "41", "nr_cep": 68645000.0, "nm_localidade": "BONITO", "nm_locvot": "USF DA ESTIVA", "ds_endereco": "VILA DA ESTIVA", "ds_bairro": "USF DA ESTIVA", "pred_long": -47.265951, "pred_lat": -1.485201, "pred_dist": 0.0, "tse_long": -47.2711245, "tse_lat": -1.4763739, "long": -47.2711245, "lat": -1.4763739, "ID_UNICO": "LOC_003791", "SG_UF": "PA", "CD_MUNICIPIO": "4316", "NR_LOCAL_VOTACAO": "1228", "QT_SECOES_AGREGADAS": 1, "QT_ELEITORES_TRANSFERIDOS": 2, "CIRO GOMES (PDT) (NÃO ELEITO) 1T": 6.0, "CONSTITUINTE EYMAEL (DC) (NÃO ELEITO) 1T": 0.0, "FELIPE D AVILA (NOVO) (NÃO ELEITO) 1T": 0.0, "JAIR BOLSONARO (PL) (2º TURNO) 1T": 46.0, "LULA (PT) (2º TURNO) 1T": 205.0, "LÉO PÉRICLES (UP) (NÃO ELEITO) 1T": 0.0, "PADRE KELMON (PTB) (NÃO ELEITO) 1T": 0.0, "SIMONE TEBET (MDB) (NÃO ELEITO) 1T": 11.0, "SOFIA MANZANO (PCB) (NÃO ELEITO) 1T": 0.0, "SORAYA THRONICKE (UNIÃO) (NÃO ELEITO) 1T": 1.0, "VERA (PSTU) (NÃO ELEITO) 1T": 0.0, "Total_Votos_Validos 1T": 269.0, "Votos_Brancos 1T": 4.0, "Votos_Nulos 1T": 9.0, "Abstenções 1T": 57.0, "Eleitores_Aptos 1T": 339.0, "JAIR BOLSONARO (PL) (NÃO ELEITO) 2T": 49.0, "LULA (PT) (ELEITO) 2T": 212.0, "Total_Votos_Validos 2T": 261.0, "Votos_Brancos 2T": 4.0, "Votos_Nulos 2T": 9.0, "Abstenções 2T": 65.0, "Eleitores_Aptos 2T": 339.0, "mun_code_y": "1501600", "mun_code": "1501600" }, "geometry": { "type": "Polygon", "coordinates": [ [ [ 5744485.17947353515774, 9830787.847963031381369 ], [ 5744555.453319747000933, 9830816.599437082186341 ], [ 5744713.98332367837429, 9830888.275402951985598 ], [ 5744779.17287830170244, 9830946.256982799619436 ], [ 5744917.748808423057199, 9831013.898104211315513 ], [ 5745053.145739486441016, 9831032.261283284053206 ], [ 5745079.865986129269004, 9831039.994311949238181 ], [ 5745185.911655580624938, 9831070.695254318416119 ], [ 5745253.382331885397434, 9831117.826292658224702 ], [ 5745316.082479503005743, 9831169.681683657690883 ], [ 5745386.287466044537723, 9831194.147635567933321 ], [ 5745517.868550330400467, 9831321.042198890820146 ], [ 5745608.815598393790424, 9831348.862278237938881 ], [ 5745716.480651357211173, 9831424.739211123436689 ], [ 5745870.712793335318565, 9831502.87739728204906 ], [ 5745985.38112217001617, 9831547.469827674329281 ], [ 5746061.231485570780933, 9831619.983178602531552 ], [ 5746102.68263584189117, 9831699.060462420806289 ], [ 5746133.535314898937941, 9831780.330505480989814 ], [ 5746223.195889733731747, 9831856.576070867478848 ], [ 5746300.276352630928159, 9831956.441953154280782 ], [ 5746335.495238278992474, 9832017.379825212061405 ], [ 5746363.109916046261787, 9832095.242269808426499 ], [ 5746394.487259116023779, 9832148.220335735008121 ], [ 5746448.281637120060623, 9832239.028861125931144 ], [ 5746459.461701939813793, 9832252.299327332526445 ], [ 5746514.68096128385514, 9832317.93013059720397 ], [ 5746552.41965508274734, 9832402.297367276623845 ], [ 5746564.197562114335597, 9832472.604584107175469 ], [ 5746559.521159613505006, 9832515.306006081402302 ], [ 5746495.751007361337543, 9833087.812775373458862 ], [ 5746464.505748741328716, 9833362.055881621316075 ], [ 5746524.196337801404297, 9833547.763361923396587 ], [ 5746624.326992258429527, 9833624.047054363414645 ], [ 5746727.116974167525768, 9833729.471278749406338 ], [ 5746824.001563794910908, 9833843.464682459831238 ], [ 5746983.388331511057913, 9834124.142757214605808 ], [ 5746986.738930100575089, 9834131.792673757299781 ], [ 5747161.127426413819194, 9834530.502063911408186 ], [ 5747286.043411381542683, 9834655.646639561280608 ], [ 5747385.150610607117414, 9834691.931842098012567 ], [ 5747561.932944625616074, 9834856.69045377150178 ], [ 5747804.907677656970918, 9835062.4119070507586 ], [ 5748186.832747106440365, 9835386.838200256228447 ], [ 5748288.056719207204878, 9835464.470855787396431 ], [ 5748326.138633776456118, 9835486.846619997173548 ], [ 5748364.061325428076088, 9835497.030965659767389 ], [ 5748466.89251674246043, 9835524.644319465383887 ], [ 5748781.165060588158667, 9835597.524373380467296 ], [ 5748871.526836579665542, 9835652.733042728155851 ], [ 5748870.011606372892857, 9835703.766043214127421 ], [ 5748858.072206750512123, 9835763.214671157300472 ], [ 5748882.483269473537803, 9835853.974361272528768 ], [ 5748939.814013740979135, 9835912.222765931859612 ], [ 5749029.115976233035326, 9835962.925865216180682 ], [ 5749099.576256542466581, 9836009.477220641449094 ], [ 5749139.97282228525728, 9836054.026188887655735 ], [ 5749161.776967219077051, 9836129.161701461300254 ], [ 5749190.5747334305197, 9836194.901054685935378 ], [ 5749206.762659223750234, 9836252.795380065217614 ], [ 5749238.19741749484092, 9836311.03347534313798 ], [ 5749288.759653957560658, 9836390.77012076228857 ], [ 5749352.92853472288698, 9836528.676456589251757 ], [ 5749444.155968447215855, 9836646.259343799203634 ], [ 5749546.031937475316226, 9836722.668885098770261 ], [ 5749689.996719633229077, 9836873.708779556676745 ], [ 5749871.461437091231346, 9837098.191152660176158 ], [ 5750105.971679517067969, 9837351.432168239727616 ], [ 5750152.572362083941698, 9837431.572461692616343 ], [ 5750185.948968842625618, 9837480.78732580319047 ], [ 5750307.002108513377607, 9837595.61167723312974 ], [ 5750383.593587066978216, 9837657.112416481599212 ], [ 5750476.717561942525208, 9837698.543785806745291 ], [ 5750501.566945506259799, 9837709.592862714082003 ], [ 5750552.555949159897864, 9837746.373747000470757 ], [ 5750801.640142276883125, 9837901.791813772171736 ], [ 5750832.829128037206829, 9837926.551116419956088 ], [ 5750911.659809682518244, 9838018.744428031146526 ], [ 5750915.262853030115366, 9838040.268162759020925 ], [ 5750924.652311022393405, 9838072.86476575024426 ], [ 5750943.441028812900186, 9838096.570065969601274 ], [ 5750923.619821161031723, 9838223.03042071685195 ], [ 5751038.612364733591676, 9838238.754413545131683 ], [ 5751252.042421690188348, 9838279.037221442908049 ], [ 5751363.926755104213953, 9838297.353836877271533 ], [ 5751437.674447091296315, 9838315.851185394451022 ], [ 5751473.429760789498687, 9838379.223970334976912 ], [ 5751590.821898340247571, 9838475.74655912257731 ], [ 5751678.80386879760772, 9838588.046245817095041 ], [ 5751711.944163683801889, 9838707.68057519197464 ], [ 5751757.845170432701707, 9838822.422236723825336 ], [ 5751761.379863753914833, 9838899.687718268483877 ], [ 5751826.900347456336021, 9839115.798932882025838 ], [ 5751879.861582504585385, 9839239.906896993517876 ], [ 5751891.725974027998745, 9839315.488737465813756 ], [ 5751883.856553744524717, 9839390.093641882762313 ], [ 5751889.331248827278614, 9839656.936332220211625 ], [ 5751949.926008368842304, 9839747.305837320163846 ], [ 5752049.164848739281297, 9839922.60970869846642 ], [ 5752082.678787669166923, 9840128.30642176233232 ], [ 5752163.454833493568003, 9840311.315588703379035 ], [ 5752209.789551766589284, 9840457.191538315266371 ], [ 5752207.536214651539922, 9840621.828583899885416 ], [ 5752090.988263914361596, 9841088.614496503025293 ], [ 5752091.837238968349993, 9841245.458714513108134 ], [ 5752100.505171414464712, 9841530.342926623299718 ], [ 5752191.507105719298124, 9841702.946503343060613 ], [ 5752225.254572971723974, 9841990.942620696499944 ], [ 5752214.849353284575045, 9842185.790284479036927 ], [ 5752166.129135170951486, 9842385.003076855093241 ], [ 5752176.108014684170485, 9842548.479628439992666 ], [ 5752182.051500109955668, 9842590.908766441047192 ], [ 5752210.771927964873612, 9842670.529213041067123 ], [ 5752276.060890609398484, 9842876.77052541077137 ], [ 5752344.425897255539894, 9843215.565389214083552 ], [ 5752352.598816110752523, 9843236.352983295917511 ], [ 5752367.624509359709918, 9843256.285595122724771 ], [ 5752450.246362657286227, 9843345.738566001877189 ], [ 5752512.397569179534912, 9843406.522716026753187 ], [ 5752585.562774269841611, 9843462.297738173976541 ], [ 5752617.018694099038839, 9843479.889093698933721 ], [ 5752729.253280085511506, 9843526.799033865332603 ], [ 5752804.628863675519824, 9843558.003999354317784 ], [ 5753189.480185358785093, 9843731.277374105527997 ], [ 5753266.566506845876575, 9843776.842186901718378 ], [ 5753311.149609902873635, 9843804.395293777808547 ], [ 5753334.08100887387991, 9843822.011651063337922 ], [ 5753347.017742433585227, 9843839.244920255616307 ], [ 5753361.307456047274172, 9843889.568081514909863 ], [ 5753406.440010419115424, 9843961.025831626728177 ], [ 5753404.719979798421264, 9844070.857305977493525 ], [ 5753413.476307685486972, 9844093.358539905399084 ], [ 5753556.639781771227717, 9844117.910356508567929 ], [ 5753616.541137110441923, 9844120.242828980088234 ], [ 5753682.21870073210448, 9844103.405966753140092 ], [ 5753708.835909709334373, 9844102.49394978582859 ], [ 5753728.829401200637221, 9844112.424541994929314 ], [ 5753756.374806672334671, 9844143.98030548542738 ], [ 5753784.356342661194503, 9844327.030332829803228 ], [ 5753918.454826784320176, 9845253.112251622602344 ], [ 5753926.134905683808029, 9845319.690508125349879 ], [ 5753958.415103539824486, 9845345.431909676641226 ], [ 5754726.200167453847826, 9845233.323172301054001 ], [ 5754800.229538775980473, 9845229.781113497912884 ], [ 5754837.663924593478441, 9845228.838462222367525 ], [ 5754880.138782313093543, 9845247.023264043033123 ], [ 5754908.523214252665639, 9845280.248076735064387 ], [ 5754930.533851875923574, 9845411.706465382128954 ], [ 5754948.073325837031007, 9845439.127480141818523 ], [ 5754973.924325995147228, 9845458.195305220782757 ], [ 5755183.506451317109168, 9845436.781818503513932 ], [ 5755609.261136468499899, 9845371.463181003928185 ], [ 5755840.918416363187134, 9845503.991977609694004 ], [ 5755945.972847292199731, 9845585.27076200209558 ], [ 5755993.507664429955184, 9845637.182806486263871 ], [ 5756157.236272376962006, 9845568.016583900898695 ], [ 5756218.741619678214192, 9845547.439295804128051 ], [ 5756774.573319900780916, 9845297.356646729633212 ], [ 5757811.101572035811841, 9844844.005346704274416 ], [ 5757892.154230706393719, 9844825.452173851430416 ], [ 5758091.774610815569758, 9844811.556242575868964 ], [ 5758114.83168264105916, 9844772.41273039393127 ], [ 5758095.915637103840709, 9844738.66915719397366 ], [ 5758066.890646486543119, 9844757.506424410268664 ], [ 5758037.679425315931439, 9844738.804210368543863 ], [ 5758000.244239476509392, 9844747.153246346861124 ], [ 5757979.39071702491492, 9844728.460287084802985 ], [ 5757946.080598074942827, 9844720.104306338354945 ], [ 5757929.537973140366375, 9844749.106115838512778 ], [ 5757900.415124613791704, 9844726.316723374649882 ], [ 5757892.064492849633098, 9844705.616537965834141 ], [ 5757862.964815203100443, 9844687.003160363063216 ], [ 5757833.941163799725473, 9844687.020305370911956 ], [ 5757796.714754758402705, 9844709.86792928352952 ], [ 5757784.242175634950399, 9844695.382518338039517 ], [ 5757777.949478561989963, 9844670.522657869383693 ], [ 5757746.820197297260165, 9844658.173686655238271 ], [ 5757690.794493440538645, 9844637.600367918610573 ], [ 5757645.168024794198573, 9844668.89111939817667 ], [ 5757593.519796142354608, 9844695.945244807749987 ], [ 5757560.528246528469026, 9844720.862926669418812 ], [ 5757519.229714558459818, 9844720.915507724508643 ], [ 5757488.286098682321608, 9844691.906474841758609 ], [ 5757504.68138203304261, 9844677.404475953429937 ], [ 5757484.054113390855491, 9844648.410181421786547 ], [ 5757445.053177712485194, 9844646.362586561590433 ], [ 5757434.543953351676464, 9844598.79756523668766 ], [ 5757446.548754232004285, 9844555.321151791140437 ], [ 5757409.212422216311097, 9844528.51340851560235 ], [ 5757421.158658971078694, 9844499.458332551643252 ], [ 5757489.151044025085866, 9844482.646520348265767 ], [ 5757573.729133769869804, 9844459.494740936905146 ], [ 5757606.462851637974381, 9844426.281263653188944 ], [ 5757614.174710515886545, 9844418.463672639802098 ], [ 5757625.215399477630854, 9844407.262204207479954 ], [ 5757632.921038812026381, 9844331.859774863347411 ], [ 5757680.597127716057003, 9844239.782039862126112 ], [ 5757781.610277709551156, 9844223.686887204647064 ], [ 5753147.755466906353831, 9836926.3039296194911 ], [ 5751585.647178821265697, 9834466.206667486578226 ], [ 5751508.647952090017498, 9834345.005718482658267 ], [ 5748819.352615433745086, 9831005.076819904148579 ], [ 5747105.633526287972927, 9828876.984996305778623 ], [ 5747052.324404967017472, 9828821.88375474140048 ], [ 5746926.527971871197224, 9828766.98826720751822 ], [ 5746832.125487725250423, 9828751.686509167775512 ], [ 5746761.330372283235192, 9828720.188714100047946 ], [ 5746745.32170323934406, 9828664.892642114311457 ], [ 5746650.32496574241668, 9828499.28608575463295 ], [ 5746539.831083434633911, 9828349.282833274453878 ], [ 5746390.129148500040174, 9828318.390511831268668 ], [ 5746170.420196954160929, 9828350.991842018440366 ], [ 5746083.929180356673896, 9828335.487674256786704 ], [ 5745737.616883165203035, 9828194.490150278434157 ], [ 5745643.023312455974519, 9828139.587523242458701 ], [ 5745556.319326733238995, 9828052.784646211192012 ], [ 5745406.125763984397054, 9827847.887828499078751 ], [ 5745287.724749815650284, 9827745.587616816163063 ], [ 5745177.617686989717185, 9827690.389874372631311 ], [ 5745059.716426872648299, 9827683.191230390220881 ], [ 5744894.416229926049709, 9827628.490842400118709 ], [ 5744831.420043235644698, 9827557.591356337070465 ], [ 5744705.423500758595765, 9827502.78956469334662 ], [ 5744548.318169886246324, 9827495.481151308864355 ], [ 5744445.714665912091732, 9827448.388001015409827 ], [ 5744217.310720475390553, 9827267.490957543253899 ], [ 5743902.409643856808543, 9827150.283925166353583 ], [ 5743800.109376958571374, 9827079.387836160138249 ], [ 5743674.11284966301173, 9827024.587641566991806 ], [ 5743516.307817731052637, 9826890.68664363026619 ], [ 5743476.507637496106327, 9826772.288597805425525 ], [ 5743468.315334695391357, 9826669.488370412960649 ], [ 5743397.014207798056304, 9826527.287506008520722 ], [ 5743318.0102200768888, 9826440.688175197690725 ], [ 5743270.61151122674346, 9826361.781988833099604 ], [ 5743238.808537632226944, 9826267.084154561161995 ], [ 5743175.507572203874588, 9826188.083987016230822 ], [ 5743095.005596248432994, 9826046.782038819044828 ], [ 5743000.812800054438412, 9825960.577189764007926 ], [ 5742867.807073540985584, 9825888.779766853898764 ], [ 5742834.809343135915697, 9825845.57707236148417 ], [ 5742808.738755490630865, 9825902.338398015126586 ], [ 5742729.785706263966858, 9825979.318347981199622 ], [ 5742712.814556318335235, 9826073.758189706131816 ], [ 5742657.142152868211269, 9826221.469886926934123 ], [ 5742617.650901948101819, 9826239.57501619681716 ], [ 5742579.546717845834792, 9826245.896985828876495 ], [ 5742434.777091118507087, 9826324.665582437068224 ], [ 5742428.995918091386557, 9826333.389901341870427 ], [ 5742414.533053865656257, 9826345.025178732350469 ], [ 5742324.917733768932521, 9826432.302168698981404 ], [ 5742216.71042268909514, 9826622.717570904642344 ], [ 5742123.637656917795539, 9826788.870244663208723 ], [ 5742071.530026943422854, 9826931.513878580182791 ], [ 5742033.487833900377154, 9827007.048262774944305 ], [ 5741944.865939400158823, 9827088.675908230245113 ], [ 5741863.287014601752162, 9827102.827022351324558 ], [ 5741732.484095295891166, 9827143.662817567586899 ], [ 5741672.058975227177143, 9827210.783838838338852 ], [ 5741644.096304079517722, 9827282.188791643828154 ], [ 5741619.789994660764933, 9827302.527064427733421 ], [ 5741554.24062089715153, 9827357.384389936923981 ], [ 5741490.687639287672937, 9827434.968440746888518 ], [ 5741421.080954055301845, 9827579.980281572788954 ], [ 5741382.388255125842988, 9827686.230557898059487 ], [ 5741231.266601486131549, 9827748.948294790461659 ], [ 5741110.198046389967203, 9827803.466688640415668 ], [ 5741068.233323493972421, 9827863.547959851101041 ], [ 5741050.898060005158186, 9827871.339554704725742 ], [ 5741014.427319256588817, 9827887.729924691841006 ], [ 5740974.158482489176095, 9827903.018906835466623 ], [ 5740934.563026127405465, 9827930.807743793353438 ], [ 5740908.653989369049668, 9827979.638919720426202 ], [ 5740897.170186176896095, 9828058.048887465149164 ], [ 5740905.831773659214377, 9828084.261460909619927 ], [ 5740909.078375249169767, 9828094.059176215901971 ], [ 5740936.888320596888661, 9828130.030825581401587 ], [ 5740939.508858975954354, 9828174.531061032786965 ], [ 5740915.378164872527122, 9828222.755396172404289 ], [ 5740892.844891416840255, 9828272.956303812563419 ], [ 5740878.688466917723417, 9828322.36281823925674 ], [ 5740860.209495388902724, 9828395.194803083315492 ], [ 5740831.149247646331787, 9828504.229788945987821 ], [ 5740829.814104449935257, 9828568.580696929246187 ], [ 5740836.322916523553431, 9828664.701979272067547 ], [ 5740877.30868579633534, 9828754.481453772634268 ], [ 5740900.083908763714135, 9828792.584326203912497 ], [ 5740919.169668100774288, 9828864.508654410019517 ], [ 5740911.692343019880354, 9828921.987672451883554 ], [ 5740909.920963812619448, 9828935.652977835386992 ], [ 5740931.891852607019246, 9828987.10652563162148 ], [ 5740965.852034602314234, 9829007.763176010921597 ], [ 5741035.126102152280509, 9829051.399056078866124 ], [ 5741084.388259584084153, 9829115.336600059643388 ], [ 5741072.276717957109213, 9829149.796624127775431 ], [ 5741063.871591518633068, 9829163.0150379948318 ], [ 5741052.565117054618895, 9829180.806883595883846 ], [ 5741051.811102317646146, 9829217.513734048232436 ], [ 5741073.79682453814894, 9829241.547622054815292 ], [ 5741119.652549343183637, 9829251.35759286954999 ], [ 5741144.562497952952981, 9829256.67945758253336 ], [ 5741200.607018944807351, 9829293.721789941191673 ], [ 5741278.90193506423384, 9829343.274976760149002 ], [ 5741348.449843194335699, 9829421.411002608016133 ], [ 5741387.177821330726147, 9829504.697266828268766 ], [ 5741452.982260820455849, 9829585.038405979052186 ], [ 5741524.582504035905004, 9829632.464318541809916 ], [ 5741643.456365852616727, 9829684.007393626496196 ], [ 5741738.411664236336946, 9829705.410385154187679 ], [ 5741783.508113424293697, 9829746.70678217895329 ], [ 5741803.155578941106796, 9829809.858094155788422 ], [ 5741795.249340531416237, 9829897.99912179633975 ], [ 5741816.616998616605997, 9829970.485627112910151 ], [ 5741890.826639994978905, 9830052.093192147091031 ], [ 5741979.536112263798714, 9830086.920175321400166 ], [ 5742033.999860776588321, 9830131.04914621450007 ], [ 5742143.783163993619382, 9830200.97988055460155 ], [ 5742239.9441874967888, 9830202.029023734852672 ], [ 5742319.467964920215309, 9830199.233156261965632 ], [ 5742385.651427570730448, 9830211.563770392909646 ], [ 5742441.144073126837611, 9830224.951761312782764 ], [ 5742481.060795533470809, 9830289.833564290776849 ], [ 5742504.139830151572824, 9830322.036606229841709 ], [ 5742531.04120366461575, 9830359.593939550220966 ], [ 5742588.753427160903811, 9830399.839157348498702 ], [ 5742665.710452705621719, 9830445.090391734614968 ], [ 5742750.788244961760938, 9830507.472607983276248 ], [ 5742854.964224621653557, 9830509.365632982924581 ], [ 5742990.497703686356544, 9830467.553229562938213 ], [ 5743014.433700805529952, 9830460.175793893635273 ], [ 5743116.534780733287334, 9830456.831356216222048 ], [ 5743169.146908261813223, 9830499.553185202181339 ], [ 5743190.64936959464103, 9830558.147055150941014 ], [ 5743191.833675992675126, 9830566.882895877584815 ], [ 5743201.922053928487003, 9830640.998325165361166 ], [ 5743202.595158543437719, 9830718.460576850920916 ], [ 5743233.593207638710737, 9830774.587045267224312 ], [ 5743362.927801996469498, 9830829.886309325695038 ], [ 5743496.857380389235914, 9830877.667791362851858 ], [ 5743652.298532309010625, 9830853.595915170386434 ], [ 5743804.106567549519241, 9830838.619779082015157 ], [ 5743974.928204741328955, 9830778.995809260755777 ], [ 5744081.294905638322234, 9830737.128183117136359 ], [ 5744213.717864351347089, 9830722.222514780238271 ], [ 5744368.05271377786994, 9830739.936393018811941 ], [ 5744464.466124847531319, 9830779.372803162783384 ], [ 5744485.17947353515774, 9830787.847963031381369 ] ] ] } },
{ "type": "Feature", "properties": { "lv_id": "LOC_003792", "id": 24651.0, "CD_SETOR": "150160005000010", "SITUACAO": "Rural", "CD_SIT": "8", "CD_TIPO": "0", "AREA_KM2": 39.974837158884419, "CD_REGIAO": "1", "NM_REGIAO": "Norte", "CD_UF": "15", "NM_UF": "Pará", "CD_MUN": "1501600", "NM_MUN": "Bonito", "CD_DIST": "150160005", "NM_DIST": "Bonito", "CD_SUBDIST": "15016000500", "NM_SUBDIST": null, "CD_BAIRRO": null, "NM_BAIRRO": null, "CD_NU": null, "NM_NU": null, "CD_FCU": null, "NM_FCU": null, "CD_AGLOM": null, "NM_AGLOM": null, "CD_RGINT": "1502", "NM_RGINT": "Castanhal", "CD_RGI": "150006", "NM_RGI": "Capanema", "CD_CONCURB": null, "NM_CONCURB": null, "mun_code_x": "1501600", "index_right": 43685, "dist_m": 25.803944665295095, "local_id": 38462, "ano": 2022, "cod_localidade_ibge": 1501600, "NR_ZONA": "41", "nr_cep": 68645000.0, "nm_localidade": "BONITO", "nm_locvot": "EMEF DEOCLÉCIA FERREIRA LIMA", "ds_endereco": "ESQUINA DA BR-316 COM PA-124", "ds_bairro": "BOCA DE OURÉM", "pred_long": -47.2678567, "pred_lat": -1.2640183, "pred_dist": 0.0, "tse_long": -47.2679822, "tse_lat": -1.2637617, "long": -47.2679822, "lat": -1.2637617, "ID_UNICO": "LOC_003792", "SG_UF": "PA", "CD_MUNICIPIO": "4316", "NR_LOCAL_VOTACAO": "1236", "QT_SECOES_AGREGADAS": 0, "QT_ELEITORES_TRANSFERIDOS": 0, "CIRO GOMES (PDT) (NÃO ELEITO) 1T": 8.0, "CONSTITUINTE EYMAEL (DC) (NÃO ELEITO) 1T": 0.0, "FELIPE D AVILA (NOVO) (NÃO ELEITO) 1T": 0.0, "JAIR BOLSONARO (PL) (2º TURNO) 1T": 87.0, "LULA (PT) (2º TURNO) 1T": 122.0, "LÉO PÉRICLES (UP) (NÃO ELEITO) 1T": 0.0, "PADRE KELMON (PTB) (NÃO ELEITO) 1T": 1.0, "SIMONE TEBET (MDB) (NÃO ELEITO) 1T": 13.0, "SOFIA MANZANO (PCB) (NÃO ELEITO) 1T": 0.0, "SORAYA THRONICKE (UNIÃO) (NÃO ELEITO) 1T": 0.0, "VERA (PSTU) (NÃO ELEITO) 1T": 0.0, "Total_Votos_Validos 1T": 231.0, "Votos_Brancos 1T": 6.0, "Votos_Nulos 1T": 2.0, "Abstenções 1T": 33.0, "Eleitores_Aptos 1T": 272.0, "JAIR BOLSONARO (PL) (NÃO ELEITO) 2T": 108.0, "LULA (PT) (ELEITO) 2T": 108.0, "Total_Votos_Validos 2T": 216.0, "Votos_Brancos 2T": 2.0, "Votos_Nulos 2T": 3.0, "Abstenções 2T": 51.0, "Eleitores_Aptos 2T": 272.0, "mun_code_y": "1501600", "mun_code": "1501600" }, "geometry": { "type": "Polygon", "coordinates": [ [ [ 5746189.547470760531723, 9848599.166660767048597 ], [ 5745727.300217175856233, 9848390.982072971761227 ], [ 5745348.78836862090975, 9849031.945334346964955 ], [ 5745255.004628249444067, 9848983.361972149461508 ], [ 5745217.434451850131154, 9849068.403508501127362 ], [ 5745164.244850532151759, 9849175.699425045400858 ], [ 5745123.130759355612099, 9849263.121893210336566 ], [ 5745092.677585677243769, 9849326.143595453351736 ], [ 5745060.285274460911751, 9849388.213093237951398 ], [ 5745027.906373895704746, 9849459.233791299164295 ], [ 5744890.96591436676681, 9849637.668567815795541 ], [ 5744858.745290128514171, 9849790.819839738309383 ], [ 5744756.7830870160833, 9850225.804671848192811 ], [ 5744727.472219224087894, 9850320.407731637358665 ], [ 5744693.727219604887068, 9850409.244590044021606 ], [ 5744677.348931934684515, 9850447.19868228584528 ], [ 5744651.488871067762375, 9850497.425440797582269 ], [ 5744590.220423835329711, 9850589.900014732033014 ], [ 5744428.578708965331316, 9850824.955177204683423 ], [ 5744388.100380597636104, 9850877.247663771733642 ], [ 5744311.817495626397431, 9850944.946057820692658 ], [ 5744225.503209688700736, 9851011.146321808919311 ], [ 5744242.464535798877478, 9851035.983045015484095 ], [ 5744479.351876617409289, 9851140.91499594412744 ], [ 5744483.175352631136775, 9851143.20918551646173 ], [ 5744499.553698723204434, 9851158.294809840619564 ], [ 5744512.649355813860893, 9851177.608930895105004 ], [ 5744512.659898868761957, 9851193.774554241448641 ], [ 5744507.896083804778755, 9851218.12507146038115 ], [ 5744435.966936609707773, 9851401.653860229998827 ], [ 5744467.086932740174234, 9851411.088251680135727 ], [ 5744520.909937353804708, 9851428.677340036258101 ], [ 5744831.807006535120308, 9851530.326145622879267 ], [ 5745015.80036440026015, 9851591.015452690422535 ], [ 5745203.817373439669609, 9851653.943082446232438 ], [ 5745384.664646435528994, 9851711.780203068628907 ], [ 5745449.059760436415672, 9851704.568812668323517 ], [ 5745497.746491830796003, 9851703.590348636731505 ], [ 5745552.647894039750099, 9851724.862144526094198 ], [ 5745664.073327250778675, 9851787.119035011157393 ], [ 5745738.48979433439672, 9851831.106181373819709 ], [ 5745756.865400474518538, 9851864.557336654514074 ], [ 5745781.635570308193564, 9851900.418281456455588 ], [ 5745841.795652915723622, 9851948.485856873914599 ], [ 5745853.011166958138347, 9851955.770214857533574 ], [ 5745884.269965111277997, 9851975.358520429581404 ], [ 5745910.093027432449162, 9851984.963576342910528 ], [ 5745946.799074089154601, 9851990.018836371600628 ], [ 5745977.795470755547285, 9851990.791999677196145 ], [ 5746016.289453906938434, 9851986.211779445409775 ], [ 5746047.165874591097236, 9851987.887087801471353 ], [ 5746071.60726260766387, 9852000.980757674202323 ], [ 5746132.315023210830986, 9852029.373905910179019 ], [ 5746167.841766338795424, 9852038.674330184236169 ], [ 5746211.367455468513072, 9852030.495388569310308 ], [ 5746230.268810205161572, 9852040.297424765303731 ], [ 5746290.166306964121759, 9852106.480746254324913 ], [ 5746294.497324053198099, 9852111.267633656039834 ], [ 5746316.295734914019704, 9852130.592325404286385 ], [ 5746326.896501592360437, 9852149.234845843166113 ], [ 5746327.859221173450351, 9852184.214440204203129 ], [ 5746352.390336757525802, 9852255.170061292126775 ], [ 5746380.626946608535945, 9852342.448913160711527 ], [ 5746406.97863501496613, 9852399.415742987766862 ], [ 5746475.653074386529624, 9852521.979541247710586 ], [ 5746510.296331026591361, 9852558.549307746812701 ], [ 5746525.456096378155053, 9852588.157540954649448 ], [ 5746542.666379163041711, 9852668.296478196978569 ], [ 5746547.610433805733919, 9852751.853281781077385 ], [ 5746541.997512738220394, 9852799.955250531435013 ], [ 5746522.375797121785581, 9852894.511755654588342 ], [ 5746516.838489973917603, 9852921.147562131285667 ], [ 5746481.851467641070485, 9853029.651497345417738 ], [ 5746439.26669045817107, 9853151.925955241546035 ], [ 5746425.866277229040861, 9853163.964252909645438 ], [ 5746395.940009919926524, 9853172.161385122686625 ], [ 5746365.717807495966554, 9853186.193384580314159 ], [ 5746344.671050471253693, 9853185.55978443287313 ], [ 5746337.246943418867886, 9853185.178967202082276 ], [ 5746317.523517901077867, 9853184.1632543168962 ], [ 5746306.305806650780141, 9853192.588303454220295 ], [ 5746290.15082835778594, 9853223.227301336824894 ], [ 5746271.534751458093524, 9853240.85758057422936 ], [ 5746255.35475267842412, 9853253.905329002067447 ], [ 5746244.861025854945183, 9853270.845698524266481 ], [ 5746239.449156802147627, 9853294.541685158386827 ], [ 5746234.835843550972641, 9853317.222349859774113 ], [ 5746226.483879665844142, 9853336.027401972562075 ], [ 5746211.011324484832585, 9853347.291811484843493 ], [ 5746189.563363140448928, 9853350.600551597774029 ], [ 5746168.176122806966305, 9853347.507244288921356 ], [ 5746107.895739522762597, 9853324.77852076292038 ], [ 5746011.949415248818696, 9853290.622436968609691 ], [ 5745943.149801593273878, 9853265.845870269462466 ], [ 5745931.460013441741467, 9853272.546383360400796 ], [ 5745829.368189908564091, 9853565.401833172887564 ], [ 5745818.583694537170231, 9853598.48654150404036 ], [ 5745813.009196187369525, 9853615.547093544155359 ], [ 5745782.933452505618334, 9853717.634081400930882 ], [ 5745772.279870042577386, 9853749.772020163014531 ], [ 5745729.740491640754044, 9853881.463122745975852 ], [ 5745718.872621897608042, 9853933.408264320343733 ], [ 5745660.813343995250762, 9854054.719551188871264 ], [ 5745641.811017927713692, 9854107.076017988845706 ], [ 5745615.914206297136843, 9854169.883050693199039 ], [ 5745587.438612501136959, 9854233.91047134809196 ], [ 5745497.992138729430735, 9854500.686995102092624 ], [ 5745484.200640927068889, 9854549.945250580087304 ], [ 5745484.951723053120077, 9854581.284228220582008 ], [ 5745489.113569492474198, 9854618.793246932327747 ], [ 5745484.218609724193811, 9854648.800106288865209 ], [ 5745471.309610825031996, 9854670.032789934426546 ], [ 5745446.730163955129683, 9854696.963518565520644 ], [ 5745412.742648635059595, 9854760.12556380033493 ], [ 5745410.284151182509959, 9854764.707994841039181 ], [ 5745391.689786778762937, 9854807.532554160803556 ], [ 5745345.096726642921567, 9854951.891442028805614 ], [ 5745289.640628311783075, 9855078.003492878749967 ], [ 5745281.624667971394956, 9855089.481169171631336 ], [ 5745271.068224449642003, 9855095.610363537445664 ], [ 5745258.682645484805107, 9855096.044050564989448 ], [ 5745241.539102679118514, 9855090.077464321628213 ], [ 5745229.297594057396054, 9855086.079631619155407 ], [ 5745199.580027772113681, 9855076.628244383260608 ], [ 5745176.819868975318968, 9855076.221061369404197 ], [ 5745162.588713375851512, 9855081.558385971933603 ], [ 5745157.046198790892959, 9855094.087147990241647 ], [ 5745156.791029056534171, 9855102.794218607246876 ], [ 5745156.524699377827346, 9855111.490185270085931 ], [ 5745162.625999940559268, 9855133.462647393345833 ], [ 5745174.75245208106935, 9855182.28426031395793 ], [ 5745178.946697292849422, 9855253.238060289993882 ], [ 5745181.088878840208054, 9855267.895199690014124 ], [ 5745182.131424058228731, 9855274.95107471011579 ], [ 5745183.35559662990272, 9855283.353622077032924 ], [ 5745184.500127212144434, 9855291.099504373967648 ], [ 5745185.406824123114347, 9855297.287327311933041 ], [ 5745186.613151274621487, 9855303.151484701782465 ], [ 5745188.090108518488705, 9855310.350945172831416 ], [ 5745189.555906385183334, 9855317.539302101358771 ], [ 5745190.920040362514555, 9855324.160120230168104 ], [ 5745192.137699992395937, 9855330.102183232083917 ], [ 5745193.795073997229338, 9855338.191847205162048 ], [ 5745195.576397269032896, 9855346.860125355422497 ], [ 5745193.875913692638278, 9855351.930375054478645 ], [ 5745178.064249408431351, 9855399.323044456541538 ], [ 5745167.734474621713161, 9855428.074828902259469 ], [ 5745052.299259081482887, 9855747.187520448118448 ], [ 5744989.975164275616407, 9855924.329661246389151 ], [ 5744979.459309184923768, 9855954.384344201534986 ], [ 5744965.722974201664329, 9855991.327984085306525 ], [ 5744813.81987754907459, 9856397.619787123054266 ], [ 5744748.824977041222155, 9856580.000062584877014 ], [ 5744594.67201651353389, 9857017.356487145647407 ], [ 5744514.794079532846808, 9857254.873135548084974 ], [ 5744433.799957893788815, 9857427.440038667991757 ], [ 5744717.54338638484478, 9857467.381027664989233 ], [ 5745208.537446652539074, 9857619.274145079776645 ], [ 5745598.537999638356268, 9857563.279015444219112 ], [ 5746093.643343638628721, 9857537.380592562258244 ], [ 5746473.549491599202156, 9857622.27353360503912 ], [ 5746789.550525333732367, 9857873.372836973518133 ], [ 5749084.055658740922809, 9859312.975874064490199 ], [ 5749181.662198319099844, 9859374.273492768406868 ], [ 5756189.948583204299212, 9863603.338627343997359 ], [ 5756188.488739592023194, 9863145.685206366702914 ], [ 5756167.292718416079879, 9862985.685015352442861 ], [ 5756138.586098873987794, 9862769.680174065753818 ], [ 5756057.583524758927524, 9862436.583340065553784 ], [ 5755555.183153511956334, 9861510.982478730380535 ], [ 5755398.478265846148133, 9861115.481775403022766 ], [ 5755239.585783119313419, 9860813.483080875128508 ], [ 5755338.379487347789109, 9860502.378125892952085 ], [ 5755467.578858668915927, 9860196.471333734691143 ], [ 5755785.482456482946873, 9860095.480563189834356 ], [ 5756137.486918987706304, 9860033.474867690354586 ], [ 5756842.489867659285665, 9859825.470312710851431 ], [ 5757151.494813325814903, 9859718.371753513813019 ], [ 5757456.487255279906094, 9859455.578305261209607 ], [ 5757467.492125701159239, 9859101.36833425424993 ], [ 5757380.487668163143098, 9858784.376313844695687 ], [ 5757478.792812285013497, 9857063.668679129332304 ], [ 5755190.364458974450827, 9854143.737032797187567 ], [ 5754961.97738104686141, 9854491.972455885261297 ], [ 5754940.308005611412227, 9854582.529211981222034 ], [ 5754322.937810652889311, 9854717.39573079161346 ], [ 5754080.279218019917607, 9854506.567107155919075 ], [ 5753969.285044300369918, 9854410.134003553539515 ], [ 5754382.380641302093863, 9853982.956857154145837 ], [ 5754770.25846504047513, 9853578.27903183363378 ], [ 5754716.798656246624887, 9853501.845678720623255 ], [ 5754572.318737216293812, 9852992.792309533804655 ], [ 5754580.289817466400564, 9852862.909158894792199 ], [ 5754500.012738386169076, 9852718.701862465590239 ], [ 5754303.735473930835724, 9852737.132428025826812 ], [ 5754134.029929021373391, 9852737.595710562542081 ], [ 5754094.033681272529066, 9852717.728095078840852 ], [ 5752741.476800635457039, 9851036.828001076355577 ], [ 5752712.448690388351679, 9850990.953652879223228 ], [ 5752357.72919007204473, 9850576.563278306275606 ], [ 5752219.940280153416097, 9850390.489262115210295 ], [ 5752006.079759515821934, 9850069.783055065199733 ], [ 5751876.84660539124161, 9849967.755958827212453 ], [ 5750287.364531667903066, 9847996.142679778859019 ], [ 5750253.182671580463648, 9847970.428618682548404 ], [ 5750204.056436395272613, 9847957.249442068859935 ], [ 5749941.088951314799488, 9847928.023715963587165 ], [ 5749873.806688636541367, 9847964.833595776930451 ], [ 5749613.978953449986875, 9848171.15862276032567 ], [ 5749110.796670480631292, 9848218.33904192969203 ], [ 5749015.917781893163919, 9848204.45251733623445 ], [ 5748306.311918617226183, 9847918.450052494183183 ], [ 5747589.797334659844637, 9847840.555933812633157 ], [ 5747314.275899074040353, 9847783.062287151813507 ], [ 5747228.81430340744555, 9847773.937617456540465 ], [ 5747181.16715532541275, 9847784.269512441009283 ], [ 5746421.572081661783159, 9848125.62674642726779 ], [ 5746366.218494612723589, 9848134.120176617056131 ], [ 5746189.547470760531723, 9848599.166660767048597 ] ] ] } }
]
}
