{
"type": "FeatureCollection",
"name": "2110237",
"crs": { "type": "name", "properties": { "name": "urn:ogc:def:crs:EPSG::5880" } },
"features": [
{ "type": "Feature", "properties": { "lv_id": "LOC_010302", "id": 54865.0, "CD_SETOR": "211023705000008", "SITUACAO": "Rural", "CD_SIT": "8", "CD_TIPO": "0", "AREA_KM2": 178.0966468560467, "CD_REGIAO": "2", "NM_REGIAO": "Nordeste", "CD_UF": "21", "NM_UF": "Maranhão", "CD_MUN": "2110237", "NM_MUN": "Santana do Maranhão", "CD_DIST": "211023705", "NM_DIST": "Santana do Maranhão", "CD_SUBDIST": "21102370500", "NM_SUBDIST": null, "CD_BAIRRO": null, "NM_BAIRRO": null, "CD_NU": null, "NM_NU": null, "CD_FCU": null, "NM_FCU": null, "CD_AGLOM": "211023700012", "NM_AGLOM": "Pati", "CD_RGINT": "2101", "NM_RGINT": "São Luís", "CD_RGI": "210007", "NM_RGI": "Tutóia - Araioses", "CD_CONCURB": null, "NM_CONCURB": null, "mun_code_x": "2110237", "index_right": 27092, "dist_m": 0.0, "local_id": 101310, "ano": 2022, "cod_localidade_ibge": 2110237, "NR_ZONA": "51", "nr_cep": 65555000.0, "nm_localidade": "SANTANA DO MARANHÃO", "nm_locvot": "COLEGIO CÔNEGO NESTOR", "ds_endereco": "RUA MONSENHOR PORCÍNIO S/N", "ds_bairro": "CENTRO - ZONA URBANA", "pred_long": -42.5439596, "pred_lat": -3.2411354, "pred_dist": 0.0, "tse_long": -42.4129767, "tse_lat": -3.1158141, "long": -42.4129767, "lat": -3.1158141, "ID_UNICO": "LOC_010302", "SG_UF": "MA", "CD_MUNICIPIO": "8222", "NR_LOCAL_VOTACAO": "1015", "QT_SECOES_AGREGADAS": 2, "QT_ELEITORES_TRANSFERIDOS": 0, "CIRO GOMES (PDT) (NÃO ELEITO) 1T": 26.0, "CONSTITUINTE EYMAEL (DC) (NÃO ELEITO) 1T": 1.0, "FELIPE D AVILA (NOVO) (NÃO ELEITO) 1T": 0.0, "JAIR BOLSONARO (PL) (2º TURNO) 1T": 184.0, "LULA (PT) (2º TURNO) 1T": 691.0, "LÉO PÉRICLES (UP) (NÃO ELEITO) 1T": 0.0, "PADRE KELMON (PTB) (NÃO ELEITO) 1T": 1.0, "SIMONE TEBET (MDB) (NÃO ELEITO) 1T": 7.0, "SOFIA MANZANO (PCB) (NÃO ELEITO) 1T": 0.0, "SORAYA THRONICKE (UNIÃO) (NÃO ELEITO) 1T": 0.0, "VERA (PSTU) (NÃO ELEITO) 1T": 0.0, "Total_Votos_Validos 1T": 910.0, "Votos_Brancos 1T": 4.0, "Votos_Nulos 1T": 23.0, "Abstenções 1T": 407.0, "Eleitores_Aptos 1T": 1344.0, "JAIR BOLSONARO (PL) (NÃO ELEITO) 2T": 189.0, "LULA (PT) (ELEITO) 2T": 681.0, "Total_Votos_Validos 2T": 870.0, "Votos_Brancos 2T": 6.0, "Votos_Nulos 2T": 10.0, "Abstenções 2T": 458.0, "Eleitores_Aptos 2T": 1344.0, "mun_code_y": "2110237", "mun_code": "2110237" }, "geometry": { "type": "Polygon", "coordinates": [ [ [ 6279956.630553466267884, 9651042.147435421124101 ], [ 6279961.602161886170506, 9651034.128023695200682 ], [ 6280105.465190919116139, 9650914.889991765841842 ], [ 6280344.374066233634949, 9650773.046456987038255 ], [ 6280462.961973400786519, 9650744.985025817528367 ], [ 6280591.773688357323408, 9650684.678843941539526 ], [ 6280670.689159730449319, 9650651.68824215233326 ], [ 6280855.503992065787315, 9650517.12914690002799 ], [ 6281073.279609975405037, 9650375.507725017145276 ], [ 6281305.938102069310844, 9650145.36449639685452 ], [ 6281826.190466312691569, 9649817.023232493549585 ], [ 6282323.793534807860851, 9649350.333425043150783 ], [ 6282510.354083450511098, 9649254.564806260168552 ], [ 6283909.825938086956739, 9648690.284760043025017 ], [ 6283939.390969321131706, 9648677.627616968005896 ], [ 6283998.03620017785579, 9648604.688756031915545 ], [ 6284018.856288564391434, 9648574.99813749268651 ], [ 6284043.389160801656544, 9648583.102130480110645 ], [ 6284118.150684387423098, 9648494.662474565207958 ], [ 6284114.010642193257809, 9648457.45919600315392 ], [ 6284111.615537098608911, 9648417.167540108785033 ], [ 6284131.104073916561902, 9648419.36872473359108 ], [ 6284163.702804522588849, 9648410.717634113505483 ], [ 6284224.409912138246, 9648404.703550161793828 ], [ 6284348.982961156405509, 9648440.823839923366904 ], [ 6284349.012199918739498, 9648443.509142788127065 ], [ 6284373.483424325473607, 9648465.346530102193356 ], [ 6284455.731364571489394, 9648538.739950086921453 ], [ 6284965.129539501853287, 9648490.30947769805789 ], [ 6285118.028194946236908, 9648459.180541209876537 ], [ 6285402.48892586119473, 9648328.2070034109056 ], [ 6285520.391093580052257, 9648346.852909697219729 ], [ 6285583.827693987637758, 9648351.595893926918507 ], [ 6285719.727413546293974, 9648199.003375122323632 ], [ 6285828.83597647305578, 9648207.397228933870792 ], [ 6285929.7320342566818, 9648310.796763624995947 ], [ 6286188.337296798825264, 9648431.796543253585696 ], [ 6286698.307808553799987, 9648605.15442394092679 ], [ 6286770.333184160292149, 9648607.467245358973742 ], [ 6286811.692633864469826, 9648595.863688848912716 ], [ 6286846.248372170142829, 9648575.035927059128881 ], [ 6286891.738523330539465, 9648549.765897879377007 ], [ 6286915.153901274316013, 9648549.158982060849667 ], [ 6286972.70829014107585, 9648530.290414251387119 ], [ 6286996.439105672761798, 9648548.413212649524212 ], [ 6287015.939638344570994, 9648545.59224552847445 ], [ 6287034.451401025056839, 9648530.594243897125125 ], [ 6287046.583355019800365, 9648520.778423769399524 ], [ 6287076.384963534772396, 9648527.809044506400824 ], [ 6287104.876771448180079, 9648533.996386697515845 ], [ 6287137.232348518446088, 9648089.594316272065043 ], [ 6287265.332452948205173, 9648059.769691972061992 ], [ 6288514.261096127331257, 9647650.038726478815079 ], [ 6289317.2858960730955, 9647676.567518686875701 ], [ 6289458.190295459702611, 9647681.221055658534169 ], [ 6289951.212789526209235, 9647652.500078450888395 ], [ 6290237.073139660991728, 9647656.196794940158725 ], [ 6290239.484816962853074, 9647656.147611010819674 ], [ 6290240.652372021228075, 9647656.179872555658221 ], [ 6290240.721220320090652, 9647652.319226328283548 ], [ 6290243.356422146782279, 9647637.166614670306444 ], [ 6290243.585241218097508, 9647628.63170805759728 ], [ 6290269.99711031280458, 9647447.128549395129085 ], [ 6290293.479741694405675, 9647270.27349891513586 ], [ 6290307.064768854528666, 9647200.476013792678714 ], [ 6290331.223763071000576, 9647025.622022487223148 ], [ 6290356.844726167619228, 9646860.491620881482959 ], [ 6290368.122515343129635, 9646789.206965116783977 ], [ 6290377.013040503486991, 9646728.298181438818574 ], [ 6290382.385802833363414, 9646689.188226876780391 ], [ 6290385.320731846615672, 9646674.043427135795355 ], [ 6290390.628613287582994, 9646628.026968400925398 ], [ 6290417.850395611487329, 9646445.92616312019527 ], [ 6290431.750765304081142, 9646372.637053925544024 ], [ 6290496.31666312739253, 9646298.210953945294023 ], [ 6290578.121990900486708, 9646225.681441143155098 ], [ 6290654.037904150784016, 9646148.318498980253935 ], [ 6290768.427229392342269, 9646037.741497993469238 ], [ 6290919.05012734234333, 9645877.360740084201097 ], [ 6291036.572837783955038, 9645754.692816333845258 ], [ 6291084.701509418897331, 9645702.940280413255095 ], [ 6291136.636960443109274, 9645652.668978864327073 ], [ 6291152.686563326977193, 9645634.353261264041066 ], [ 6291165.477227663621306, 9645621.908867293968797 ], [ 6291258.683365935459733, 9645531.077574510127306 ], [ 6291272.82752619870007, 9645512.353988101705909 ], [ 6291303.000066842883825, 9645448.226857608184218 ], [ 6291328.064339892007411, 9645402.700283914804459 ], [ 6291370.074720948934555, 9645316.387248484417796 ], [ 6291394.577981595881283, 9645278.46260561235249 ], [ 6291414.305629272013903, 9645246.967959551140666 ], [ 6291467.524136890657246, 9645138.859381960704923 ], [ 6291524.761248647235334, 9645034.328724583610892 ], [ 6291573.165705481544137, 9644940.302319444715977 ], [ 6291591.352267236448824, 9644905.190087553113699 ], [ 6291606.110767489299178, 9644866.673528622835875 ], [ 6291631.594847982749343, 9644817.992318507283926 ], [ 6291645.865716119296849, 9644796.704648168757558 ], [ 6291656.047643435187638, 9644776.579880617558956 ], [ 6291674.403565816581249, 9644741.725157648324966 ], [ 6291698.035260212607682, 9644695.434578651562333 ], [ 6291704.350350121036172, 9644684.495088128373027 ], [ 6291728.960771791636944, 9644661.365235498175025 ], [ 6291721.255754712037742, 9644655.186923189088702 ], [ 6290087.847270107828081, 9643344.176453227177262 ], [ 6280480.989018218591809, 9635633.372930359095335 ], [ 6275706.070633323863149, 9631800.965895228087902 ], [ 6272538.687161784619093, 9629258.671449573710561 ], [ 6272204.746690936386585, 9628990.661186868324876 ], [ 6268226.874129831790924, 9625797.981098063290119 ], [ 6268190.732235907576978, 9625768.983150249347091 ], [ 6267978.490533598698676, 9625598.654058955609798 ], [ 6267968.239224161952734, 9625610.907976906746626 ], [ 6267962.839115251787007, 9625613.936502834782004 ], [ 6267894.092117810621858, 9625685.19733788818121 ], [ 6267881.104813629761338, 9625704.080651523545384 ], [ 6267857.817456159740686, 9625746.496825717389584 ], [ 6267837.815123792737722, 9625787.532933289185166 ], [ 6267822.922883370891213, 9625813.802964650094509 ], [ 6267812.129913875833154, 9625851.56360898911953 ], [ 6267810.26608713530004, 9625919.819838298484683 ], [ 6267780.665371496230364, 9626044.776575163006783 ], [ 6267769.587983208708465, 9626115.992260573431849 ], [ 6267730.174760092049837, 9626264.464350312948227 ], [ 6267724.19336175173521, 9626318.726093661040068 ], [ 6267716.073173724114895, 9626358.959493517875671 ], [ 6267704.626124329864979, 9626397.900293441489339 ], [ 6267695.680368417873979, 9626481.632762229070067 ], [ 6267702.611705495044589, 9626567.855580413714051 ], [ 6267685.918273268267512, 9626668.075895043089986 ], [ 6267663.301612632349133, 9626769.356678269803524 ], [ 6267647.433146624825895, 9626825.073948763310909 ], [ 6267598.686523459851742, 9627010.126046782359481 ], [ 6267574.128776469267905, 9627114.778251064941287 ], [ 6267562.09220072068274, 9627217.109832542017102 ], [ 6267535.312398771755397, 9627359.919400466606021 ], [ 6267510.944768032990396, 9627437.478306245058775 ], [ 6267497.411367952823639, 9627467.070056349039078 ], [ 6267421.740169431082904, 9627607.101287474855781 ], [ 6267412.47041567787528, 9627619.749064667150378 ], [ 6267395.353975257836282, 9627682.167776500806212 ], [ 6267366.460897041484714, 9627754.759080663323402 ], [ 6267339.945850706659257, 9627803.897976934909821 ], [ 6267306.391352412290871, 9627873.192782497033477 ], [ 6267282.544997489079833, 9627940.041633028537035 ], [ 6267257.115009472705424, 9628025.968783332034945 ], [ 6267236.36125788744539, 9628117.526496538892388 ], [ 6267201.033259093761444, 9628204.908763989806175 ], [ 6267157.124161979183555, 9628293.223601745441556 ], [ 6267140.665566014125943, 9628355.960950301960111 ], [ 6267124.330473068170249, 9628487.290936090052128 ], [ 6267116.127709136344492, 9628521.501338947564363 ], [ 6267103.808528198860586, 9628657.127333613112569 ], [ 6267103.300727181136608, 9628728.885101061314344 ], [ 6267101.670833043754101, 9628876.095612194389105 ], [ 6267090.63881110586226, 9629024.405941942706704 ], [ 6267087.031965084373951, 9629056.229098299518228 ], [ 6267045.50950438529253, 9629179.804591013118625 ], [ 6267004.187384895980358, 9629243.648267218843102 ], [ 6267000.128677992150187, 9629254.262227550148964 ], [ 6266951.553267878480256, 9629339.109424129128456 ], [ 6266940.649582722224295, 9629382.2261135391891 ], [ 6266928.409839159809053, 9629467.323981070891023 ], [ 6266892.764680083841085, 9629643.861028095707297 ], [ 6266869.641451682895422, 9629701.327219353988767 ], [ 6266834.724898856133223, 9629825.50237232260406 ], [ 6266841.195898303762078, 9629930.800039464607835 ], [ 6266810.046249838545918, 9629979.323554329574108 ], [ 6266795.140857587568462, 9630077.511192193254828 ], [ 6266762.334493744187057, 9630155.489130925387144 ], [ 6266751.609532374888659, 9630199.776144746690989 ], [ 6266749.748559890314937, 9630210.161874564364552 ], [ 6266757.123248422518373, 9630336.527773782610893 ], [ 6266758.50848195515573, 9630459.116007441654801 ], [ 6266756.764705588109791, 9630538.916956206783652 ], [ 6266766.271297981962562, 9630619.932102451100945 ], [ 6266780.266929799690843, 9630690.024202873930335 ], [ 6266778.208702410571277, 9630800.110409328714013 ], [ 6266760.721558073535562, 9630947.499263551086187 ], [ 6266747.922053314745426, 9631042.481925424188375 ], [ 6266712.74029897339642, 9631202.781674865633249 ], [ 6266712.872697313316166, 9631272.692851765081286 ], [ 6266704.463467787951231, 9631347.054253017529845 ], [ 6266700.17980760615319, 9631435.421274481341243 ], [ 6266697.719468340277672, 9631451.836186021566391 ], [ 6266686.821089851669967, 9631480.899249784648418 ], [ 6266670.271419552154839, 9631546.025878040120006 ], [ 6266635.567013948224485, 9631733.172207495197654 ], [ 6266585.982939898967743, 9631844.630732070654631 ], [ 6266481.297113901004195, 9632009.933587057515979 ], [ 6266443.208975326269865, 9632040.747621912509203 ], [ 6266423.568302195519209, 9632072.288832500576973 ], [ 6266384.040879208594561, 9632148.095426876097918 ], [ 6266375.230694042518735, 9632166.228544916957617 ], [ 6266359.643267182633281, 9632193.505793357267976 ], [ 6266310.542137135751545, 9632264.052078630775213 ], [ 6266276.510178686119616, 9632336.378775460645556 ], [ 6266193.05737279355526, 9632539.929509466513991 ], [ 6266098.959396487101912, 9632690.390534872189164 ], [ 6266022.020715233869851, 9632756.558224266394973 ], [ 6265995.819547409191728, 9632799.822569536045194 ], [ 6265878.347924856469035, 9633015.922743426635861 ], [ 6265823.515466214157641, 9633119.75539306551218 ], [ 6265763.971692115068436, 9633237.636441644281149 ], [ 6265741.799836719408631, 9633287.440734688192606 ], [ 6265723.530678449198604, 9633313.562892448157072 ], [ 6265770.086388393305242, 9633384.617643140256405 ], [ 6265799.711566084064543, 9633420.71073011867702 ], [ 6265823.683895118534565, 9633451.262556061148643 ], [ 6265845.132535325363278, 9633498.635424800217152 ], [ 6265802.026138640940189, 9633521.203027814626694 ], [ 6265776.807507337071002, 9633532.212329383939505 ], [ 6265745.933174828067422, 9633559.265849459916353 ], [ 6265711.03231718018651, 9633565.207717480137944 ], [ 6265663.902435280382633, 9633596.729785650968552 ], [ 6265662.31367942225188, 9633601.754973340779543 ], [ 6265640.322803397662938, 9633615.152474166825414 ], [ 6265582.500793893821537, 9633659.628770044073462 ], [ 6265527.869932827539742, 9633700.245825814083219 ], [ 6265439.657548539340496, 9633779.314008172601461 ], [ 6265351.533744372427464, 9633866.331382963806391 ], [ 6265228.060853464528918, 9633979.898516409099102 ], [ 6265170.458525739610195, 9634044.106556804850698 ], [ 6265159.090871972031891, 9634090.122567590326071 ], [ 6265142.053185883909464, 9634159.896317601203918 ], [ 6265140.190903725102544, 9634186.216372400522232 ], [ 6265130.949956201016903, 9634229.60327660664916 ], [ 6265119.068326433189213, 9634277.395500781014562 ], [ 6265105.362333946861327, 9634307.141666380688548 ], [ 6265064.168588005006313, 9634390.606789184734225 ], [ 6265038.256552096456289, 9634439.120342761278152 ], [ 6265029.428264513611794, 9634470.717451022937894 ], [ 6265026.941731125116348, 9634489.928330073133111 ], [ 6265019.830715706571937, 9634529.998043769970536 ], [ 6265015.305332954972982, 9634560.734806908294559 ], [ 6265001.120419917628169, 9634595.403085002675653 ], [ 6264982.783179365098476, 9634646.436403596773744 ], [ 6264966.142042758874595, 9634703.055503133684397 ], [ 6264949.754288333468139, 9634735.560563676059246 ], [ 6264940.774953305721283, 9634752.645148288458586 ], [ 6264930.19862375035882, 9634773.040652060881257 ], [ 6264921.972606152296066, 9634809.840957760810852 ], [ 6264909.604947467334569, 9634842.041423108428717 ], [ 6264902.185940938070416, 9634862.502945471554995 ], [ 6264895.702670979313552, 9634884.149364206939936 ], [ 6264883.181321803480387, 9634935.477966094389558 ], [ 6264879.489053651690483, 9634997.12781373038888 ], [ 6264895.166527352295816, 9635133.284506976604462 ], [ 6264905.316764513030648, 9635205.334827611222863 ], [ 6264901.493782890960574, 9635253.295374527573586 ], [ 6264898.761088291183114, 9635288.376173112541437 ], [ 6264920.055085275322199, 9635377.014800721779466 ], [ 6264941.432070884853601, 9635482.117636205628514 ], [ 6264947.690139503218234, 9635539.077445013448596 ], [ 6264942.351099300198257, 9635572.698833759874105 ], [ 6264931.832081759348512, 9635592.304002240300179 ], [ 6264922.785216182470322, 9635660.317870151251554 ], [ 6264915.284818952903152, 9635677.509669188410044 ], [ 6264908.897231721319258, 9635706.812212057411671 ], [ 6264903.647380575537682, 9635734.478061629459262 ], [ 6264891.39106047898531, 9635768.785766718909144 ], [ 6264857.352311256341636, 9635816.373868104070425 ], [ 6264827.425491574220359, 9635889.910201830789447 ], [ 6264816.468067638576031, 9635919.094577796757221 ], [ 6264814.863897560164332, 9635958.77503552287817 ], [ 6264796.551661484874785, 9636012.276690686121583 ], [ 6264783.241973659023643, 9636040.844488682225347 ], [ 6264783.412510524503887, 9636043.188272241503 ], [ 6264778.738346959464252, 9636059.671652084216475 ], [ 6264773.102926761843264, 9636087.679954972118139 ], [ 6264761.556015428155661, 9636116.848243562504649 ], [ 6264749.91880442854017, 9636138.890236226841807 ], [ 6264736.149932034313679, 9636163.15512284450233 ], [ 6264726.708315113559365, 9636188.736175427213311 ], [ 6264719.926710032857955, 9636209.62994134798646 ], [ 6264710.947610223665833, 9636227.819143623113632 ], [ 6264707.836122236214578, 9636239.898109376430511 ], [ 6264699.124542280100286, 9636282.18395639769733 ], [ 6264697.105307623744011, 9636294.532639859244227 ], [ 6264697.391222490929067, 9636320.286861065775156 ], [ 6264695.490509405732155, 9636343.313845347613096 ], [ 6264689.708873528987169, 9636358.174292413517833 ], [ 6264688.244344608858228, 9636372.433914862573147 ], [ 6264687.875089032575488, 9636387.233889004215598 ], [ 6264682.656150104478002, 9636403.723249889910221 ], [ 6264675.342076322063804, 9636425.728062892332673 ], [ 6264653.139150801114738, 9636469.258391339331865 ], [ 6264648.413062950596213, 9636481.084686232730746 ], [ 6264642.158694424666464, 9636501.43113461881876 ], [ 6264635.910315879620612, 9636522.318818382918835 ], [ 6264623.830496756359935, 9636552.586658328771591 ], [ 6264620.892235243692994, 9636580.293959220871329 ], [ 6264617.93154358305037, 9636604.97918913513422 ], [ 6264612.767252819612622, 9636626.407320426777005 ], [ 6264608.159651423804462, 9636648.923127867281437 ], [ 6264603.680593912489712, 9636684.034229807555676 ], [ 6264596.675996199250221, 9636733.969312075525522 ], [ 6264588.807835463434458, 9636755.145647531375289 ], [ 6264578.447629566304386, 9636794.167887419462204 ], [ 6264570.043971031904221, 9636816.173410749062896 ], [ 6264560.010671350173652, 9636836.561897739768028 ], [ 6264557.467872872017324, 9636850.833465851843357 ], [ 6264549.217997455969453, 9636885.715888235718012 ], [ 6264545.76708173379302, 9636915.334665829315782 ], [ 6264544.133165404200554, 9636962.480604574084282 ], [ 6264537.009669914841652, 9637001.726000644266605 ], [ 6264533.074898904189467, 9637036.842176472768188 ], [ 6264531.131166813895106, 9637056.035200670361519 ], [ 6264525.924077307805419, 9637073.629401922225952 ], [ 6264516.727277914993465, 9637121.38963763974607 ], [ 6264509.448981163091958, 9637146.675441747531295 ], [ 6264502.161546504124999, 9637171.138096017763019 ], [ 6264499.243939594365656, 9637200.762128375470638 ], [ 6264494.653999112546444, 9637224.912769436836243 ], [ 6264488.089962132275105, 9637265.527630537748337 ], [ 6264482.401825306005776, 9637288.878527143970132 ], [ 6264475.661967854946852, 9637313.616956271231174 ], [ 6264473.258347547613084, 9637340.483575481921434 ], [ 6264473.658572423271835, 9637376.645237619057298 ], [ 6264463.758122742176056, 9637409.076089944690466 ], [ 6264443.455072009004653, 9637477.78885949216783 ], [ 6264432.926455166190863, 9637514.737532652914524 ], [ 6264425.704059898853302, 9637573.24525866098702 ], [ 6264417.527145398780704, 9637614.802638046443462 ], [ 6264414.486020296812057, 9637649.378619652241468 ], [ 6264408.133187593892217, 9637683.010332517325878 ], [ 6264385.065211118198931, 9637747.005853613838553 ], [ 6264370.46266320720315, 9637779.44369755871594 ], [ 6264348.768689661286771, 9637855.140790021046996 ], [ 6264332.408167148940265, 9637926.662287151440978 ], [ 6264308.216633068397641, 9637985.595224378630519 ], [ 6264298.554840173572302, 9638014.538400836288929 ], [ 6264281.909743725322187, 9638076.432152137160301 ], [ 6264265.226812156848609, 9638110.753583068028092 ], [ 6264238.114958918653429, 9638215.300964718684554 ], [ 6264218.932117978110909, 9638265.844031626358628 ], [ 6264197.568119728937745, 9638319.185439674183726 ], [ 6264191.375935176387429, 9638350.322742093354464 ], [ 6264176.947414915077388, 9638393.561651021242142 ], [ 6264152.626292077824473, 9638433.786600854247808 ], [ 6264123.93137841951102, 9638461.42967470549047 ], [ 6264075.045943006873131, 9638473.497624566778541 ], [ 6264028.705673426389694, 9638513.763802241533995 ], [ 6263984.276585838757455, 9638534.826344069093466 ], [ 6263940.513946550898254, 9638547.784492399543524 ], [ 6263897.829330834560096, 9638573.834543444216251 ], [ 6263863.934206083416939, 9638604.681208895519376 ], [ 6263857.568385334685445, 9638627.159289168193936 ], [ 6263852.324653379619122, 9638652.613321276381612 ], [ 6263837.74819352850318, 9638677.437873607501388 ], [ 6263799.587638878263533, 9638724.694599971175194 ], [ 6263730.975279495120049, 9638828.842957645654678 ], [ 6263642.503989459946752, 9638976.818905165418983 ], [ 6263596.744315158575773, 9639054.764722453430295 ], [ 6263509.871647382155061, 9639189.550208931788802 ], [ 6263467.961284122429788, 9639251.698923297226429 ], [ 6263374.182188034057617, 9639380.176988968625665 ], [ 6263286.742979529313743, 9639487.857298357412219 ], [ 6263224.705355627462268, 9639537.180505631491542 ], [ 6263162.591665040701628, 9639586.673485349863768 ], [ 6263038.500340772792697, 9639708.199464201927185 ], [ 6262767.207773232832551, 9639863.252546347677708 ], [ 6262678.7184818983078, 9639907.88190777041018 ], [ 6262635.861849786713719, 9639934.629757966846228 ], [ 6262605.227660831995308, 9639957.927225342020392 ], [ 6262595.526809897273779, 9639984.534317409619689 ], [ 6262595.875189486891031, 9639998.051086347550154 ], [ 6262610.777319399639964, 9640008.858640778809786 ], [ 6262631.124249626882374, 9640019.504590997472405 ], [ 6262702.81539148837328, 9640041.469140604138374 ], [ 6262973.79571071267128, 9640144.488921718671918 ], [ 6263001.174060615710914, 9640154.707801608368754 ], [ 6263087.651157214306295, 9640184.989541612565517 ], [ 6263212.185935387387872, 9640231.326576102524996 ], [ 6263455.661966916173697, 9640323.769884498789907 ], [ 6263529.865031620487571, 9640344.692529413849115 ], [ 6263704.517736787907779, 9640370.584515061229467 ], [ 6263774.716468689031899, 9640387.198571713641286 ], [ 6263948.68336287420243, 9640453.921106286346912 ], [ 6264052.866718960925937, 9640528.71072762273252 ], [ 6264168.334769519045949, 9640613.863907312974334 ], [ 6264242.700003352016211, 9640673.894591372460127 ], [ 6264280.250457939691842, 9640701.470093937590718 ], [ 6264372.075526228174567, 9640836.301767364144325 ], [ 6264485.446676641702652, 9641008.066244190558791 ], [ 6264547.992588156834245, 9641105.353236731141806 ], [ 6264594.473815800622106, 9641170.948092898353934 ], [ 6264649.46808323636651, 9641244.53509989567101 ], [ 6264659.793509987182915, 9641277.948667850345373 ], [ 6264673.694134751334786, 9641364.811045359820127 ], [ 6264677.617651102133095, 9641417.590647887438536 ], [ 6264672.444508546032012, 9641461.877165565267205 ], [ 6264649.710124870762229, 9641545.917780820280313 ], [ 6264650.463271276094019, 9641559.893315240740776 ], [ 6264667.682837767526507, 9641592.54315354116261 ], [ 6264669.223846137523651, 9641606.397248659282923 ], [ 6264671.355513233691454, 9641629.537326795980334 ], [ 6264620.781197822652757, 9641669.327755365520716 ], [ 6264575.556763187050819, 9641706.375168208032846 ], [ 6264555.458407027646899, 9641723.534808304160833 ], [ 6264527.430161315947771, 9641745.371529990807176 ], [ 6264485.291733529418707, 9641777.986621340736747 ], [ 6264444.652548417448997, 9641811.498571867123246 ], [ 6264416.405345619656146, 9641834.668235529214144 ], [ 6264406.364818383008242, 9641851.671932643279433 ], [ 6264398.4982282910496, 9641874.346686251461506 ], [ 6264393.873492565006018, 9641893.613890158012509 ], [ 6264388.517344161868095, 9641911.050951264798641 ], [ 6264381.018386780284345, 9641936.856690423563123 ], [ 6264364.099694853648543, 9641966.29576369561255 ], [ 6264353.802398229017854, 9641990.327891230583191 ], [ 6264337.966014236211777, 9642021.164653653278947 ], [ 6264322.384429588913918, 9642036.661638997495174 ], [ 6264310.16654778458178, 9642042.603704411536455 ], [ 6264282.608397600241005, 9642058.660858511924744 ], [ 6264264.462424031458795, 9642071.411804685369134 ], [ 6264236.813697274774313, 9642092.409281864762306 ], [ 6264184.459844499826431, 9642131.16905814781785 ], [ 6264151.192627677693963, 9642159.85148105956614 ], [ 6264127.702424610033631, 9642176.901213273406029 ], [ 6264083.876334318891168, 9642207.718134228140116 ], [ 6264052.401862722821534, 9642226.513231178745627 ], [ 6264028.042366847395897, 9642252.526380265131593 ], [ 6263993.202721195295453, 9642279.737198825925589 ], [ 6263938.08814909029752, 9642316.124589456245303 ], [ 6263871.335823144763708, 9642395.34564670920372 ], [ 6263852.530159614980221, 9642425.086584880948067 ], [ 6263842.554665695875883, 9642455.226739797741175 ], [ 6263819.127326721325517, 9642485.198773147538304 ], [ 6263801.104033569805324, 9642514.322058625519276 ], [ 6263781.581817001104355, 9642539.526094617322087 ], [ 6263744.645019344985485, 9642620.13319369405508 ], [ 6263727.397011204622686, 9642667.369884997606277 ], [ 6263704.262411367148161, 9642714.028303429484367 ], [ 6263667.397082349285483, 9642755.334088189527392 ], [ 6263653.6318752868101, 9642784.556968737393618 ], [ 6263618.376444063149393, 9642856.315166788175702 ], [ 6263607.353981552645564, 9642890.390789339318871 ], [ 6263603.367649339139462, 9642906.086839085444808 ], [ 6263563.974412159994245, 9643015.397077526897192 ], [ 6263559.036370153538883, 9643079.481390377506614 ], [ 6263547.515045356936753, 9643110.641616631299257 ], [ 6263537.231329747475684, 9643140.10800669901073 ], [ 6263527.519440419971943, 9643177.180008990690112 ], [ 6263506.518094550818205, 9643217.702301422134042 ], [ 6263499.006074577569962, 9643240.383418457582593 ], [ 6263477.549665609374642, 9643286.086691562086344 ], [ 6263449.176649337634444, 9643372.439737856388092 ], [ 6263448.130802185274661, 9643404.037651585415006 ], [ 6263438.235785746946931, 9643439.634198425337672 ], [ 6263430.129333216696978, 9643491.494916656985879 ], [ 6263403.686796412803233, 9643574.499853068962693 ], [ 6263401.692318004556, 9643636.454054113477468 ], [ 6263396.520019439049065, 9643663.755456686019897 ], [ 6263365.879357793368399, 9643715.422656964510679 ], [ 6263342.870443004183471, 9643783.030666591599584 ], [ 6263335.915616374462843, 9643804.859670583158731 ], [ 6263330.683791991323233, 9643827.718573650345206 ], [ 6263328.572520419023931, 9643862.586992295458913 ], [ 6263322.390559806488454, 9643885.986274119466543 ], [ 6263316.941471537575126, 9643907.268774820491672 ], [ 6263301.575786042027175, 9643973.484910806640983 ], [ 6263284.956138289533556, 9643997.922883674502373 ], [ 6263242.138897867873311, 9644129.111082883551717 ], [ 6263230.498405640944839, 9644182.182659707963467 ], [ 6263209.272844482213259, 9644228.818317532539368 ], [ 6263205.730585923418403, 9644260.928108431398869 ], [ 6263181.629003884270787, 9644295.551490340381861 ], [ 6263150.574055361561477, 9644339.881045626476407 ], [ 6263116.888188848271966, 9644398.898969065397978 ], [ 6263092.507245685905218, 9644439.558229954913259 ], [ 6263051.01052173320204, 9644494.827047040686011 ], [ 6263038.762293338775635, 9644520.603879705071449 ], [ 6263008.403875049203634, 9644574.882709700614214 ], [ 6262985.948131060227752, 9644605.506988944485784 ], [ 6262916.527851769700646, 9644712.084139218553901 ], [ 6262884.012537661939859, 9644766.36350541561842 ], [ 6262866.420781614258885, 9644804.783049309626222 ], [ 6262841.315587993711233, 9644849.45273245871067 ], [ 6262813.926392852328718, 9644886.456564446911216 ], [ 6262782.870169281959534, 9644948.229885753244162 ], [ 6262761.756870366632938, 9644998.178407963365316 ], [ 6262748.636390056461096, 9645035.849823351949453 ], [ 6262740.288949199952185, 9645070.841790843755007 ], [ 6262733.845338009297848, 9645091.72854438982904 ], [ 6262725.538804591633379, 9645130.508969517424703 ], [ 6262705.321967972442508, 9645209.935784691944718 ], [ 6262675.444748599082232, 9645217.35391136072576 ], [ 6262711.437188854441047, 9645235.771551491692662 ], [ 6262715.327022409066558, 9645237.759005771949887 ], [ 6262716.634748224169016, 9645238.421369660645723 ], [ 6262719.384428730234504, 9645239.823572915047407 ], [ 6262725.16336216032505, 9645242.782809795811772 ], [ 6262726.761774993501604, 9645243.599882854148746 ], [ 6262728.85203529894352, 9645244.670965101569891 ], [ 6262731.109990276396275, 9645245.830435261130333 ], [ 6262733.379059884697199, 9645246.989784585312009 ], [ 6262735.514022528193891, 9645248.082933872938156 ], [ 6262738.789016335271299, 9645249.750059980899096 ], [ 6262753.096563949249685, 9645257.07074517197907 ], [ 6262780.727842755615711, 9645271.192835161462426 ], [ 6262840.864052852615714, 9645301.943830283358693 ], [ 6263248.493617394007742, 9645510.379060089588165 ], [ 6263505.793746506795287, 9645641.932220352813601 ], [ 6264534.369386052712798, 9646167.896480659022927 ], [ 6265556.585439460352063, 9646690.616428090259433 ], [ 6266571.928037898615003, 9647209.860385645180941 ], [ 6266798.042941561900079, 9647325.497850751504302 ], [ 6267021.799275581724942, 9647439.921520879492164 ], [ 6267037.627114140428603, 9647448.027890322729945 ], [ 6267094.488252750597894, 9647477.094868961721659 ], [ 6267110.014167954213917, 9647485.035369710996747 ], [ 6267115.647774798795581, 9647487.917831687256694 ], [ 6267129.195179878734052, 9647494.842220120131969 ], [ 6267146.218993296846747, 9647503.555950187146664 ], [ 6267170.87703247461468, 9647516.156760014593601 ], [ 6267387.255929064005613, 9647626.793996701017022 ], [ 6267531.772972451522946, 9647700.677717987447977 ], [ 6267675.395857617259026, 9647774.109217809513211 ], [ 6267790.05717899184674, 9647832.731019716709852 ], [ 6268829.443000212311745, 9648364.174310900270939 ], [ 6269064.779522502794862, 9648484.506075112149119 ], [ 6274203.046601051464677, 9651112.129540694877505 ], [ 6274440.65291472710669, 9651233.651212750002742 ], [ 6274441.390630450099707, 9651234.026791695505381 ], [ 6279589.314459910616279, 9651164.516915256157517 ], [ 6279805.098970133811235, 9651161.62525001168251 ], [ 6279845.130914658308029, 9651127.69347557425499 ], [ 6279956.630553466267884, 9651042.147435421124101 ] ], [ [ 6278454.931357922032475, 9646126.934006066992879 ], [ 6278090.996849010698497, 9646310.821945160627365 ], [ 6277980.25891884136945, 9646337.354004001244903 ], [ 6276992.915048701688647, 9646574.787072001025081 ], [ 6276937.810403608717024, 9646353.076970525085926 ], [ 6277021.040529751218855, 9646293.263196013867855 ], [ 6277092.947396425530314, 9646258.313815703615546 ], [ 6277218.598321352154016, 9646275.200338713824749 ], [ 6277337.34861421957612, 9646239.274061156436801 ], [ 6277434.191038625314832, 9646168.862719343975186 ], [ 6277636.164191717281938, 9646071.540335189551115 ], [ 6277810.567982732318342, 9645952.733998071402311 ], [ 6277817.84575208183378, 9645942.252183491364121 ], [ 6277914.324974892660975, 9645801.003556609153748 ], [ 6278107.822657765820622, 9645642.35086427256465 ], [ 6278155.988304317928851, 9645584.362079832702875 ], [ 6278365.435774140059948, 9645457.233502523973584 ], [ 6278424.471588796935976, 9645392.061644921079278 ], [ 6278427.799034914933145, 9645394.439379187300801 ], [ 6278440.697447174228728, 9645414.108712755143642 ], [ 6278783.834221972152591, 9645841.006258385255933 ], [ 6278841.371739311143756, 9645931.669150093570352 ], [ 6278820.300359665416181, 9645942.269160959869623 ], [ 6278454.931357922032475, 9646126.934006066992879 ] ], [ [ 6274564.586756637319922, 9643386.708860786631703 ], [ 6274470.671820649877191, 9643351.444199614226818 ], [ 6274419.94541020039469, 9643353.008108951151371 ], [ 6274372.396768915466964, 9643371.683518359437585 ], [ 6274366.878875285387039, 9643375.331667814403772 ], [ 6274366.23287726379931, 9643375.214710367843509 ], [ 6274302.39148467220366, 9643390.110336396843195 ], [ 6274291.99391521140933, 9643389.717453518882394 ], [ 6274192.552671739831567, 9643394.841993425041437 ], [ 6274120.953324802219868, 9643397.651276294142008 ], [ 6274073.194556997157633, 9643398.17824131436646 ], [ 6274022.368722057901323, 9643390.673443490639329 ], [ 6273939.232079251669347, 9643351.984842916950583 ], [ 6273923.242355498485267, 9643333.25515266135335 ], [ 6273841.756821300834417, 9643351.898455236107111 ], [ 6273835.882092013023794, 9643351.387968117371202 ], [ 6273758.479971872642636, 9643370.392165496945381 ], [ 6273650.422973774373531, 9643406.869299970567226 ], [ 6273594.916216989979148, 9643425.631661294028163 ], [ 6273532.682899288833141, 9643434.11273823492229 ], [ 6273523.636850740760565, 9643434.314021609723568 ], [ 6273496.543386271223426, 9643710.011283647269011 ], [ 6273471.735032241791487, 9643746.76527252048254 ], [ 6273083.245804252102971, 9643635.828927826136351 ], [ 6272742.974413068965077, 9643563.222656430676579 ], [ 6272708.667204819619656, 9643552.715358458459377 ], [ 6272744.334422814659774, 9643300.641051810234785 ], [ 6272779.304004531353712, 9643250.859919052571058 ], [ 6272925.296121382154524, 9643047.786361759528518 ], [ 6272955.359134869650006, 9643005.751844329759479 ], [ 6272955.46477626170963, 9643001.193491861224174 ], [ 6272956.266090767458081, 9642983.034862335771322 ], [ 6272958.145005200058222, 9642972.929656000807881 ], [ 6272969.860858215019107, 9642952.642676893621683 ], [ 6272984.566361884586513, 9642933.326614456251264 ], [ 6272991.247619391418993, 9642907.03772659227252 ], [ 6273012.01007232721895, 9642894.716150913387537 ], [ 6273034.961297987960279, 9642894.462756710126996 ], [ 6273036.669164484366775, 9642892.075060049071908 ], [ 6273046.78718313574791, 9642890.293879985809326 ], [ 6273061.592099115252495, 9642880.045918673276901 ], [ 6273082.409833744168282, 9642872.765930354595184 ], [ 6273106.184074202552438, 9642863.434123964980245 ], [ 6273116.385775411501527, 9642848.002932965755463 ], [ 6273197.051433062180877, 9642814.455808190628886 ], [ 6273688.686826460063457, 9643018.86330308765173 ], [ 6274137.628172654658556, 9643016.680132305249572 ], [ 6274722.482494136318564, 9643040.879486603662372 ], [ 6274653.965830671600997, 9643424.95671890117228 ], [ 6274611.433924812823534, 9643417.597330363467336 ], [ 6274564.586756637319922, 9643386.708860786631703 ] ], [ [ 6271578.332642369903624, 9642663.228588685393333 ], [ 6271317.953164717182517, 9642795.647900391370058 ], [ 6271155.885500023141503, 9642205.620425377041101 ], [ 6271110.060690412297845, 9642011.656309727579355 ], [ 6271119.347706056199968, 9641722.730017937719822 ], [ 6271076.137420434504747, 9640987.715695476159453 ], [ 6271303.804407188668847, 9640590.079024724662304 ], [ 6271542.01897610258311, 9640573.741646233946085 ], [ 6271606.496491584926844, 9640570.386473996564746 ], [ 6271608.17983013484627, 9640570.830255821347237 ], [ 6271608.210685064084828, 9640570.604319144040346 ], [ 6271608.291638160124421, 9640569.881519176065922 ], [ 6271608.364586545154452, 9640569.44080076739192 ], [ 6271608.518487980589271, 9640568.277282373979688 ], [ 6271609.206499789841473, 9640564.141271520406008 ], [ 6271610.078849672339857, 9640559.585864895954728 ], [ 6271612.56899325735867, 9640546.507597219198942 ], [ 6271616.520124261267483, 9640520.768551023676991 ], [ 6271618.943697025999427, 9640453.288962377235293 ], [ 6271621.378824264742434, 9640386.869525998830795 ], [ 6271614.387452845461667, 9640362.718354664742947 ], [ 6271615.541226428933442, 9640301.073191365227103 ], [ 6271582.495746231637895, 9640151.115711139515042 ], [ 6271575.640435886569321, 9640095.007713345810771 ], [ 6271530.685185264796019, 9639904.418250571936369 ], [ 6271524.891865378245711, 9639868.004180209711194 ], [ 6271536.550515195354819, 9639819.586172688752413 ], [ 6271543.02632272336632, 9639806.102588543668389 ], [ 6271556.742612458765507, 9639756.804379383102059 ], [ 6271563.084462814033031, 9639684.949828021228313 ], [ 6271560.518043679185212, 9639666.964710377156734 ], [ 6271572.714765036478639, 9639533.548027090728283 ], [ 6271588.849130273796618, 9639456.70023600012064 ], [ 6271593.673977757804096, 9639433.658462569117546 ], [ 6271677.036122830584645, 9639432.335341282188892 ], [ 6271677.899275566451252, 9639431.987336607649922 ], [ 6271905.984141042456031, 9639425.634460574015975 ], [ 6271936.934155875816941, 9639425.052839314565063 ], [ 6272130.018259472213686, 9641592.724306020885706 ], [ 6272137.458993029780686, 9641678.008095996454358 ], [ 6271634.997425535693765, 9641754.68824528157711 ], [ 6271674.86578925140202, 9641958.703404970467091 ], [ 6271707.365323445759714, 9642252.000608759000897 ], [ 6271708.777850450947881, 9642257.139839379116893 ], [ 6271703.804264699108899, 9642292.139403386041522 ], [ 6271715.85150355938822, 9642408.424453932791948 ], [ 6271745.572083642706275, 9642508.474649291485548 ], [ 6271784.64464208483696, 9642573.409409925341606 ], [ 6271660.361379356123507, 9642628.281138770282269 ], [ 6271578.332642369903624, 9642663.228588685393333 ] ], [ [ 6275382.200569437816739, 9646244.229029756039381 ], [ 6275374.977747625671327, 9646339.463331755250692 ], [ 6275352.534720649011433, 9646466.19153992459178 ], [ 6276186.435395340435207, 9646567.919170212000608 ], [ 6276194.018527122214437, 9646926.874007523059845 ], [ 6274266.897839804179966, 9646777.505548695102334 ], [ 6273996.103810163214803, 9646497.538739120587707 ], [ 6274158.206583547405899, 9645969.820578776299953 ], [ 6274215.967850992456079, 9645974.128707457333803 ], [ 6274801.095223715528846, 9646118.315747803077102 ], [ 6275382.200569437816739, 9646244.229029756039381 ] ], [ [ 6267032.548093270510435, 9642308.093728555366397 ], [ 6267113.843343554064631, 9642331.029437568038702 ], [ 6267109.691245121881366, 9642429.082101410254836 ], [ 6266449.568221762776375, 9642289.134830914437771 ], [ 6265565.147663490846753, 9642255.36629337631166 ], [ 6265382.067310256883502, 9642243.688758021220565 ], [ 6265439.384423878975213, 9641714.479553379118443 ], [ 6265603.199240363202989, 9641808.298089960590005 ], [ 6265742.119837812148035, 9641852.769756799563766 ], [ 6265883.000744188204408, 9641912.839686010032892 ], [ 6265979.902308518067002, 9641927.662970077246428 ], [ 6266082.328515856526792, 9641968.916925245895982 ], [ 6266226.317088322713971, 9641985.872089352458715 ], [ 6266401.884218116290867, 9642021.020317008718848 ], [ 6266493.707010952755809, 9642049.139963855966926 ], [ 6266559.696619004011154, 9642106.686376029625535 ], [ 6266645.89021126460284, 9642097.797576911747456 ], [ 6266808.531920221634209, 9642146.329014789313078 ], [ 6266918.301304388791323, 9642142.46985531039536 ], [ 6266944.847856751643121, 9642179.259807655587792 ], [ 6266982.258564736694098, 9642253.012538122013211 ], [ 6267032.548093270510435, 9642308.093728555366397 ] ], [ [ 6285255.030291731469333, 9647813.392070511355996 ], [ 6285235.011811965145171, 9647945.978612963110209 ], [ 6284170.922345938161016, 9647991.818942183628678 ], [ 6283775.370392180047929, 9647763.089483000338078 ], [ 6283413.111416870728135, 9647512.977057050913572 ], [ 6283383.116766221821308, 9647496.380785385146737 ], [ 6283391.089824086986482, 9647475.237645428627729 ], [ 6283409.639412647113204, 9647412.792420573532581 ], [ 6283418.335132356733084, 9647383.516956882551312 ], [ 6283926.223141717724502, 9647577.154522020369768 ], [ 6284650.237593258731067, 9647681.589975450187922 ], [ 6285255.030291731469333, 9647813.392070511355996 ] ] ] } },
{ "type": "Feature", "properties": { "lv_id": "LOC_010303", "id": 54859.0, "CD_SETOR": "211023705000001", "SITUACAO": "Urbana", "CD_SIT": "1", "CD_TIPO": "0", "AREA_KM2": 1.1908858513441729, "CD_REGIAO": "2", "NM_REGIAO": "Nordeste", "CD_UF": "21", "NM_UF": "Maranhão", "CD_MUN": "2110237", "NM_MUN": "Santana do Maranhão", "CD_DIST": "211023705", "NM_DIST": "Santana do Maranhão", "CD_SUBDIST": "21102370500", "NM_SUBDIST": null, "CD_BAIRRO": null, "NM_BAIRRO": null, "CD_NU": null, "NM_NU": null, "CD_FCU": null, "NM_FCU": null, "CD_AGLOM": null, "NM_AGLOM": null, "CD_RGINT": "2101", "NM_RGINT": "São Luís", "CD_RGI": "210007", "NM_RGI": "Tutóia - Araioses", "CD_CONCURB": null, "NM_CONCURB": null, "mun_code_x": "2110237", "index_right": 27105, "dist_m": 0.0, "local_id": 101323, "ano": 2022, "cod_localidade_ibge": 2110237, "NR_ZONA": "51", "nr_cep": 65555000.0, "nm_localidade": "SANTANA DO MARANHÃO", "nm_locvot": "COLEGIO SÃO FRANCISCO", "ds_endereco": "BAIRRO SÃO JOSÉ", "ds_bairro": "SÃO JOSÉ - ZONA URBANA", "pred_long": -42.414123, "pred_lat": -3.111024, "pred_dist": 0.0, "tse_long": -42.3935254, "tse_lat": -3.1191381, "long": -42.3935254, "lat": -3.1191381, "ID_UNICO": "LOC_010303", "SG_UF": "MA", "CD_MUNICIPIO": "8222", "NR_LOCAL_VOTACAO": "1023", "QT_SECOES_AGREGADAS": 1, "QT_ELEITORES_TRANSFERIDOS": 0, "CIRO GOMES (PDT) (NÃO ELEITO) 1T": 5.0, "CONSTITUINTE EYMAEL (DC) (NÃO ELEITO) 1T": 0.0, "FELIPE D AVILA (NOVO) (NÃO ELEITO) 1T": 0.0, "JAIR BOLSONARO (PL) (2º TURNO) 1T": 133.0, "LULA (PT) (2º TURNO) 1T": 337.0, "LÉO PÉRICLES (UP) (NÃO ELEITO) 1T": 0.0, "PADRE KELMON (PTB) (NÃO ELEITO) 1T": 1.0, "SIMONE TEBET (MDB) (NÃO ELEITO) 1T": 7.0, "SOFIA MANZANO (PCB) (NÃO ELEITO) 1T": 0.0, "SORAYA THRONICKE (UNIÃO) (NÃO ELEITO) 1T": 0.0, "VERA (PSTU) (NÃO ELEITO) 1T": 1.0, "Total_Votos_Validos 1T": 484.0, "Votos_Brancos 1T": 1.0, "Votos_Nulos 1T": 13.0, "Abstenções 1T": 206.0, "Eleitores_Aptos 1T": 704.0, "JAIR BOLSONARO (PL) (NÃO ELEITO) 2T": 143.0, "LULA (PT) (ELEITO) 2T": 332.0, "Total_Votos_Validos 2T": 475.0, "Votos_Brancos 2T": 4.0, "Votos_Nulos 2T": 11.0, "Abstenções 2T": 214.0, "Eleitores_Aptos 2T": 704.0, "mun_code_y": "2110237", "mun_code": "2110237" }, "geometry": { "type": "Polygon", "coordinates": [ [ [ 6291981.814784192480147, 9648932.569476267322898 ], [ 6291936.330762316472828, 9648451.360306482762098 ], [ 6291923.425549441948533, 9648446.355779791250825 ], [ 6291897.148422233760357, 9648458.69974372163415 ], [ 6291857.410001575946808, 9648449.769734632223845 ], [ 6291832.546974463388324, 9648471.466095104813576 ], [ 6291762.427844723686576, 9648461.527792602777481 ], [ 6291739.239279387518764, 9648515.350253341719508 ], [ 6291696.646749959327281, 9648486.361243011429906 ], [ 6291708.011976044625044, 9648438.019070329144597 ], [ 6291698.515146965160966, 9648415.358409181237221 ], [ 6291673.417626395821571, 9648415.635045694187284 ], [ 6291651.203537987545133, 9648438.645195575430989 ], [ 6291622.178373824805021, 9648441.640039995312691 ], [ 6291582.451090568676591, 9648432.709920808672905 ], [ 6291538.63841737061739, 9648413.102497018873692 ], [ 6291476.123668193817139, 9648370.744188254699111 ], [ 6291469.423121688887477, 9648377.070846041664481 ], [ 6291450.771992241963744, 9648370.143257403746247 ], [ 6291436.223617766052485, 9648360.247214324772358 ], [ 6291428.585846437141299, 9648341.889037733897567 ], [ 6291422.815351155586541, 9648342.799141293391585 ], [ 6291413.230872185900807, 9648352.746727401390672 ], [ 6291407.808622318319976, 9648348.912605984136462 ], [ 6291388.642900077626109, 9648347.780746500939131 ], [ 6291388.459671784192324, 9648331.044707855209708 ], [ 6291381.011099308729172, 9648313.722845949232578 ], [ 6291374.44899666775018, 9648318.479126393795013 ], [ 6291365.165192941203713, 9648318.321868944913149 ], [ 6291350.666883474215865, 9648318.075363436713815 ], [ 6291349.490796791389585, 9648317.264404883608222 ], [ 6291320.361317405477166, 9648297.529207430779934 ], [ 6291317.014956403523684, 9648292.419407375156879 ], [ 6291281.665163854137063, 9648289.366665909066796 ], [ 6291260.876268959604204, 9648260.803767906501889 ], [ 6291238.229641856625676, 9648244.30415197648108 ], [ 6291203.287461897358298, 9648250.050469240173697 ], [ 6291184.660269413143396, 9648238.201774332672358 ], [ 6291157.291098735295236, 9648211.720529219135642 ], [ 6291138.619908640161157, 9648195.854346267879009 ], [ 6291108.438533775508404, 9648204.922856474295259 ], [ 6291087.981725707650185, 9648215.825420605018735 ], [ 6291067.47876806370914, 9648213.376537799835205 ], [ 6291063.986971194855869, 9648195.999951200559735 ], [ 6291053.16014688462019, 9648172.688529098406434 ], [ 6291037.955182458274066, 9648170.84716490469873 ], [ 6291018.15187971200794, 9648172.397297317162156 ], [ 6291004.133909055963159, 9648159.16606779769063 ], [ 6290962.296127567067742, 9648138.194311242550611 ], [ 6290954.724018452689052, 9648135.98664234764874 ], [ 6290949.036507837474346, 9648134.322519153356552 ], [ 6290949.13926837220788, 9648135.585470385849476 ], [ 6290949.806098511442542, 9648143.693087661638856 ], [ 6290930.083495866507292, 9648152.612387120723724 ], [ 6290921.309988768771291, 9648150.327668339014053 ], [ 6290912.859679208137095, 9648148.118392279371619 ], [ 6290893.664700609631836, 9648144.312031405046582 ], [ 6290886.017911370843649, 9648147.466245755553246 ], [ 6290881.61022262647748, 9648145.934735609218478 ], [ 6290826.62267196085304, 9648167.669107053428888 ], [ 6290815.247143939137459, 9648161.248378621414304 ], [ 6290778.747670795768499, 9648145.578876668587327 ], [ 6290764.529990820214152, 9648148.624923063442111 ], [ 6290752.386226020753384, 9648151.230507522821426 ], [ 6290735.374931233003736, 9648166.14676289819181 ], [ 6290718.360237543471158, 9648168.56901028752327 ], [ 6290699.769573159515858, 9648171.223064456135035 ], [ 6290683.702630060724914, 9648178.98459592461586 ], [ 6290628.800604125484824, 9648205.49187396466732 ], [ 6290627.487809060141444, 9648205.393477974459529 ], [ 6290604.348036697134376, 9648203.752379322424531 ], [ 6290583.727740422822535, 9648190.582737324759364 ], [ 6290542.589924451895058, 9648173.632581209763885 ], [ 6290524.831033449620008, 9648181.186972826719284 ], [ 6290525.63109169434756, 9648195.376341059803963 ], [ 6290524.728572031483054, 9648201.277743300423026 ], [ 6290520.258669874630868, 9648215.38974692299962 ], [ 6290509.149818371981382, 9648226.222864897921681 ], [ 6290497.256858804263175, 9648226.353910056874156 ], [ 6290490.566660694777966, 9648218.391779152676463 ], [ 6290490.219126200303435, 9648211.014366427436471 ], [ 6290489.016844006255269, 9648197.653345871716738 ], [ 6290483.011694764718413, 9648192.358526695519686 ], [ 6290473.093732876703143, 9648191.136035362258554 ], [ 6290462.574710766784847, 9648195.935761768370867 ], [ 6290468.326572281308472, 9648209.573942424729466 ], [ 6290460.889347065240145, 9648222.736705746501684 ], [ 6290446.494053529575467, 9648234.949074117466807 ], [ 6290433.981992041692138, 9648238.438957132399082 ], [ 6290432.799365079961717, 9648232.966853730380535 ], [ 6290427.25512083247304, 9648227.125214947387576 ], [ 6290421.162166466936469, 9648213.806821089237928 ], [ 6290410.525931133888662, 9648207.897144544869661 ], [ 6290394.778571847826242, 9648217.438259752467275 ], [ 6290383.402950961142778, 9648221.1639155857265 ], [ 6290382.9150061737746, 9648220.255104243755341 ], [ 6290369.637128671631217, 9648213.69735949113965 ], [ 6290368.798193229362369, 9648196.969079269096255 ], [ 6290365.837767220102251, 9648168.210451761260629 ], [ 6290356.355599652044475, 9648146.882339335978031 ], [ 6290344.308737355284393, 9648132.952425539493561 ], [ 6290317.692372184246778, 9648136.642902975901961 ], [ 6290296.628878690302372, 9648134.775781311094761 ], [ 6290236.489590374752879, 9648145.912100784480572 ], [ 6290218.428737526759505, 9648155.331944113597274 ], [ 6290196.170887166634202, 9648158.094015000388026 ], [ 6290192.476909550838172, 9648159.816359926015139 ], [ 6290131.751568142324686, 9648193.587786588817835 ], [ 6290105.973827848210931, 9648213.983718935400248 ], [ 6290083.196228940971196, 9648234.267563179135323 ], [ 6290059.069471408613026, 9648263.324286486953497 ], [ 6290045.913702211342752, 9648269.958715859800577 ], [ 6290030.212836160324514, 9648281.722503377124667 ], [ 6290000.806547892279923, 9648310.848555898293853 ], [ 6289990.441268039867282, 9648329.708951659500599 ], [ 6289976.075123379006982, 9648344.595527185127139 ], [ 6289960.614390923641622, 9648343.761295225471258 ], [ 6289955.550210279412568, 9648340.137781905010343 ], [ 6289945.558937598951161, 9648332.212082045152783 ], [ 6289939.356104208156466, 9648308.839135300368071 ], [ 6289922.663567019626498, 9648292.951535541564226 ], [ 6289888.73639299441129, 9648270.561089461669326 ], [ 6289861.660448438487947, 9648270.859254585579038 ], [ 6289853.308323761448264, 9648271.526818338781595 ], [ 6289852.383581790141761, 9648268.286611443385482 ], [ 6289847.510681411251426, 9648245.564972354099154 ], [ 6289843.381563878618181, 9648230.88211883790791 ], [ 6289837.321641584858298, 9648219.561211224645376 ], [ 6289822.688154377043247, 9648211.020818445831537 ], [ 6289800.272691852413118, 9648214.61965112760663 ], [ 6289780.888214691542089, 9648228.037817649543285 ], [ 6289763.453551921993494, 9648237.800386453047395 ], [ 6289745.970004886388779, 9648243.094208894297481 ], [ 6289735.099793878383934, 9648234.083508286625147 ], [ 6289727.02105847466737, 9648220.110075753182173 ], [ 6289717.897994872182608, 9648231.59814734570682 ], [ 6289707.334992228075862, 9648232.380343392491341 ], [ 6289697.416913773864508, 9648231.14652425609529 ], [ 6289690.752314898185432, 9648226.536216141656041 ], [ 6289683.501557510346174, 9648227.281936665996909 ], [ 6289680.251774383708835, 9648232.012705843895674 ], [ 6289681.107357012107968, 9648235.027936736121774 ], [ 6289683.684724660590291, 9648244.028369311243296 ], [ 6289678.591745127923787, 9648262.164646942168474 ], [ 6289672.077355574816465, 9648270.272016901522875 ], [ 6289660.297938282601535, 9648279.769101204350591 ], [ 6289653.677279327064753, 9648279.176120985299349 ], [ 6289651.607320520095527, 9648277.946164771914482 ], [ 6289647.031082563102245, 9648275.231478609144688 ], [ 6289646.928526961244643, 9648265.853938356041908 ], [ 6289638.92312329262495, 9648258.583608414977789 ], [ 6289636.318136934190989, 9648261.287073006853461 ], [ 6289634.445684877224267, 9648272.01810335740447 ], [ 6289633.584472883492708, 9648278.652467062696815 ], [ 6289632.620995403267443, 9648286.100548207759857 ], [ 6289624.216000340878963, 9648302.26434263214469 ], [ 6289620.922272178344429, 9648302.97776335850358 ], [ 6289610.971111738123, 9648299.735376693308353 ], [ 6289608.278260424733162, 9648294.40417717024684 ], [ 6289601.190563205629587, 9648289.730806309729815 ], [ 6289598.290573488920927, 9648287.821543509140611 ], [ 6289587.071783474646509, 9648288.610927797853947 ], [ 6289587.167047303169966, 9648297.32265773974359 ], [ 6289587.211867989040911, 9648298.371760716661811 ], [ 6289588.060863551683724, 9648318.067740550264716 ], [ 6289586.84072317648679, 9648327.459823740646243 ], [ 6289580.307789435610175, 9648334.890197398141026 ], [ 6289564.143510654568672, 9648331.727480167523026 ], [ 6289547.080404480919242, 9648316.509957825765014 ], [ 6289537.653513507917523, 9648299.199484853073955 ], [ 6289513.043491930700839, 9648284.076357368379831 ], [ 6289505.016011356376112, 9648274.786102335900068 ], [ 6289486.571993016637862, 9648279.672819525003433 ], [ 6289483.215106030926108, 9648285.792899426072836 ], [ 6289478.800799392163754, 9648293.820656951516867 ], [ 6289475.136798715218902, 9648320.653819836676121 ], [ 6289473.381391992792487, 9648342.093860695138574 ], [ 6289460.213499648496509, 9648345.590717773884535 ], [ 6289446.156001817435026, 9648341.942080494016409 ], [ 6289442.084994281642139, 9648318.331575771793723 ], [ 6289432.852058824151754, 9648319.776229018345475 ], [ 6289422.420805281028152, 9648332.610282223671675 ], [ 6289418.190177730284631, 9648336.087767181918025 ], [ 6289417.610844532027841, 9648335.969998404383659 ], [ 6289395.824996565468609, 9648334.121885495260358 ], [ 6289394.652548821642995, 9648329.57528031244874 ], [ 6289375.688740689307451, 9648286.920123802497983 ], [ 6289364.008852476254106, 9648245.539135605096817 ], [ 6289348.426670401357114, 9648210.216523956507444 ], [ 6289327.748020675033331, 9648191.698323233053088 ], [ 6289279.450947455130517, 9648184.860396208241582 ], [ 6289267.113395749591291, 9648184.996231870725751 ], [ 6289254.845972513779998, 9648172.231549434363842 ], [ 6289230.699412455782294, 9648191.356072561815381 ], [ 6289211.432223581708968, 9648203.305475316941738 ], [ 6289164.670285210944712, 9648192.500569930300117 ], [ 6289153.967431079596281, 9648185.576037125661969 ], [ 6289116.72071188967675, 9648162.545436058193445 ], [ 6289089.498440630733967, 9648149.460164837539196 ], [ 6289047.715782859362662, 9648134.51505815051496 ], [ 6289018.654136413708329, 9648134.16915244422853 ], [ 6289011.089588264934719, 9648160.096869429573417 ], [ 6288995.735765317454934, 9648212.756027597934008 ], [ 6288985.453300982713699, 9648217.846228772774339 ], [ 6288977.093009574338794, 9648250.305826978757977 ], [ 6288958.031753492541611, 9648281.100013876333833 ], [ 6288936.733745424076915, 9648296.423433758318424 ], [ 6288918.526205155998468, 9648292.436770493164659 ], [ 6288885.349988034926355, 9648277.712798479944468 ], [ 6288841.167468989267945, 9648276.099824160337448 ], [ 6288815.727437798865139, 9648289.787175098434091 ], [ 6288789.711384097114205, 9648288.403140529990196 ], [ 6288770.501549927517772, 9648306.626466929912567 ], [ 6288751.857252814806998, 9648299.292750965803862 ], [ 6288716.50724714435637, 9648313.506620643660426 ], [ 6288712.703366222791374, 9648305.174498779699206 ], [ 6288692.256327797658741, 9648284.441964473575354 ], [ 6288691.011456635780632, 9648284.455660607665777 ], [ 6288670.49203528650105, 9648294.736936129629612 ], [ 6288651.462000200524926, 9648290.759317735210061 ], [ 6288617.904759224504232, 9648279.820282470434904 ], [ 6288557.074658768251538, 9648265.400622615590692 ], [ 6288510.523387747816741, 9648273.869098683819175 ], [ 6288490.744096424430609, 9648276.603374661877751 ], [ 6288469.258251624181867, 9648274.740611681714654 ], [ 6288439.748725550249219, 9648255.78946284390986 ], [ 6288411.692804361693561, 9648256.944516958668828 ], [ 6288404.29553459584713, 9648259.542572161182761 ], [ 6288389.933064007200301, 9648267.656884711235762 ], [ 6288380.454608373343945, 9648269.013845039531589 ], [ 6288368.097511559724808, 9648270.413754042237997 ], [ 6288354.050244475714862, 9648269.733140422031283 ], [ 6288346.223349553532898, 9648270.654364254325628 ], [ 6288320.012858806177974, 9648278.944111675024033 ], [ 6288310.790017947554588, 9648275.208474306389689 ], [ 6288259.741759240627289, 9648257.690561689436436 ], [ 6288228.558726427145302, 9648245.303503835573792 ], [ 6288165.800471031107008, 9648244.662108646705747 ], [ 6288096.417889561504126, 9648242.073445897549391 ], [ 6288059.911523697897792, 9648225.738643603399396 ], [ 6288004.488138737156987, 9648231.031667098402977 ], [ 6287966.555623264051974, 9648226.607405407354236 ], [ 6287936.358700354583561, 9648223.079898312687874 ], [ 6287896.777909453958273, 9648227.532789770513773 ], [ 6287875.780094458721578, 9648239.81649113073945 ], [ 6287876.308143393136561, 9648241.345495706424117 ], [ 6287886.682890156283975, 9648271.160239029675722 ], [ 6287871.690071089193225, 9648288.738432560116053 ], [ 6287842.40019378438592, 9648328.57054191827774 ], [ 6287814.359961028210819, 9648343.380486624315381 ], [ 6287783.600060594268143, 9648379.922011937946081 ], [ 6287779.673260433599353, 9648389.851134235039353 ], [ 6287773.961891621351242, 9648404.325289700180292 ], [ 6287770.85716883931309, 9648407.079179855063558 ], [ 6287698.96755663305521, 9648440.619254378601909 ], [ 6287617.911253958009183, 9648458.257319686934352 ], [ 6287563.832303453236818, 9648465.543679252266884 ], [ 6287555.042480522766709, 9648465.832103392109275 ], [ 6287551.24696327932179, 9648462.330232674255967 ], [ 6287535.294849148951471, 9648453.138736937195063 ], [ 6287520.013047858141363, 9648445.271542927250266 ], [ 6287502.625958580523729, 9648449.231852516531944 ], [ 6287500.962781881913543, 9648449.622539127245545 ], [ 6287488.059274796396494, 9648482.446364387869835 ], [ 6287470.53389341570437, 9648511.427526403218508 ], [ 6287452.460091985762119, 9648505.430475123226643 ], [ 6287435.401444679126143, 9648499.760833172127604 ], [ 6287399.667849724180996, 9648494.127060638740659 ], [ 6287362.014279379509389, 9648493.874848710373044 ], [ 6287329.00290362816304, 9648494.237460728734732 ], [ 6287325.544511306099594, 9648480.879937773570418 ], [ 6287310.127818507142365, 9648459.630019383504987 ], [ 6287282.494510732591152, 9648469.977373287081718 ], [ 6287266.668392701074481, 9648482.519753981381655 ], [ 6287239.488301721401513, 9648489.57810739800334 ], [ 6287206.033609029836953, 9648499.233229832723737 ], [ 6287198.515738304704428, 9648501.990376969799399 ], [ 6287189.049869898706675, 9648502.466749671846628 ], [ 6287163.802801348268986, 9648488.016945453360677 ], [ 6287142.101310971193016, 9648496.956119619309902 ], [ 6287133.394291849806905, 9648516.044592671096325 ], [ 6287127.846873329021037, 9648528.237009763717651 ], [ 6287116.153035237453878, 9648536.434278298169374 ], [ 6287104.876771448180079, 9648533.996386697515845 ], [ 6287076.384963534772396, 9648527.809044506400824 ], [ 6287046.583355019800365, 9648520.778423769399524 ], [ 6287034.451401025056839, 9648530.594243897125125 ], [ 6287015.939638344570994, 9648545.59224552847445 ], [ 6286996.439105672761798, 9648548.413212649524212 ], [ 6286972.70829014107585, 9648530.290414251387119 ], [ 6286915.153901274316013, 9648549.158982060849667 ], [ 6286891.738523330539465, 9648549.765897879377007 ], [ 6286846.248372170142829, 9648575.035927059128881 ], [ 6286811.692633864469826, 9648595.863688848912716 ], [ 6286770.333184160292149, 9648607.467245358973742 ], [ 6286698.307808553799987, 9648605.15442394092679 ], [ 6286696.2946508647874, 9648644.820580311119556 ], [ 6286697.338056705892086, 9648684.453190647065639 ], [ 6286699.249254208058119, 9648747.616706479340792 ], [ 6286699.072664082981646, 9648843.631074193865061 ], [ 6286679.294272964820266, 9648876.055257994681597 ], [ 6286662.955019739456475, 9648939.486569689586759 ], [ 6286560.812031980603933, 9649144.129843097180128 ], [ 6286550.016438074409962, 9649252.255952993407845 ], [ 6287561.807852706871927, 9649557.008791048079729 ], [ 6287893.61546032037586, 9649207.375664100050926 ], [ 6288020.508673960343003, 9649088.028759423643351 ], [ 6288029.458887439221144, 9649078.992504527792335 ], [ 6288036.747703619301319, 9649071.531862212345004 ], [ 6288046.862202489748597, 9649061.207567896693945 ], [ 6288052.787880277261138, 9649055.149982301518321 ], [ 6288062.902371119707823, 9649044.825676342472434 ], [ 6288064.892984868958592, 9649043.878427091985941 ], [ 6288074.235220017842948, 9649039.194023232907057 ], [ 6288093.135913928970695, 9649030.285535864531994 ], [ 6288445.967371714301407, 9648931.343426212668419 ], [ 6288502.995309555903077, 9648913.111729841679335 ], [ 6288565.426417463459074, 9648895.960453210398555 ], [ 6291996.488732266239822, 9649043.436504414305091 ], [ 6291982.513273399323225, 9648935.451214730739594 ], [ 6291981.814784192480147, 9648932.569476267322898 ] ] ] } },
{ "type": "Feature", "properties": { "lv_id": "LOC_010304", "id": 54885.0, "CD_SETOR": "211023705000030", "SITUACAO": "Urbana", "CD_SIT": "2", "CD_TIPO": "0", "AREA_KM2": 1.093785414015066, "CD_REGIAO": "2", "NM_REGIAO": "Nordeste", "CD_UF": "21", "NM_UF": "Maranhão", "CD_MUN": "2110237", "NM_MUN": "Santana do Maranhão", "CD_DIST": "211023705", "NM_DIST": "Santana do Maranhão", "CD_SUBDIST": "21102370500", "NM_SUBDIST": null, "CD_BAIRRO": null, "NM_BAIRRO": null, "CD_NU": null, "NM_NU": null, "CD_FCU": null, "NM_FCU": null, "CD_AGLOM": null, "NM_AGLOM": null, "CD_RGINT": "2101", "NM_RGINT": "São Luís", "CD_RGI": "210007", "NM_RGI": "Tutóia - Araioses", "CD_CONCURB": null, "NM_CONCURB": null, "mun_code_x": "2110237", "index_right": 27104, "dist_m": 0.0, "local_id": 101322, "ano": 2022, "cod_localidade_ibge": 2110237, "NR_ZONA": "51", "nr_cep": 65555000.0, "nm_localidade": "SANTANA DO MARANHÃO", "nm_locvot": "COLEGIO SANTA TEREZINHA", "ds_endereco": "BAIRRO ITAQUIPE", "ds_bairro": "ITAQUIPE - ZONA URBANA", "pred_long": -42.408484, "pred_lat": -3.119027, "pred_dist": 0.0, "tse_long": -42.4015901, "tse_lat": -3.1196896, "long": -42.4015901, "lat": -3.1196896, "ID_UNICO": "LOC_010304", "SG_UF": "MA", "CD_MUNICIPIO": "8222", "NR_LOCAL_VOTACAO": "1031", "QT_SECOES_AGREGADAS": 0, "QT_ELEITORES_TRANSFERIDOS": 0, "CIRO GOMES (PDT) (NÃO ELEITO) 1T": 3.0, "CONSTITUINTE EYMAEL (DC) (NÃO ELEITO) 1T": 0.0, "FELIPE D AVILA (NOVO) (NÃO ELEITO) 1T": 0.0, "JAIR BOLSONARO (PL) (2º TURNO) 1T": 29.0, "LULA (PT) (2º TURNO) 1T": 104.0, "LÉO PÉRICLES (UP) (NÃO ELEITO) 1T": 0.0, "PADRE KELMON (PTB) (NÃO ELEITO) 1T": 1.0, "SIMONE TEBET (MDB) (NÃO ELEITO) 1T": 1.0, "SOFIA MANZANO (PCB) (NÃO ELEITO) 1T": 0.0, "SORAYA THRONICKE (UNIÃO) (NÃO ELEITO) 1T": 0.0, "VERA (PSTU) (NÃO ELEITO) 1T": 0.0, "Total_Votos_Validos 1T": 138.0, "Votos_Brancos 1T": 2.0, "Votos_Nulos 1T": 3.0, "Abstenções 1T": 90.0, "Eleitores_Aptos 1T": 233.0, "JAIR BOLSONARO (PL) (NÃO ELEITO) 2T": 29.0, "LULA (PT) (ELEITO) 2T": 114.0, "Total_Votos_Validos 2T": 143.0, "Votos_Brancos 2T": 0.0, "Votos_Nulos 2T": 0.0, "Abstenções 2T": 90.0, "Eleitores_Aptos 2T": 233.0, "mun_code_y": "2110237", "mun_code": "2110237" }, "geometry": { "type": "Polygon", "coordinates": [ [ [ 6287779.673260433599353, 9648389.851134235039353 ], [ 6287783.600060594268143, 9648379.922011937946081 ], [ 6287814.359961028210819, 9648343.380486624315381 ], [ 6287842.40019378438592, 9648328.57054191827774 ], [ 6287871.690071089193225, 9648288.738432560116053 ], [ 6287886.682890156283975, 9648271.160239029675722 ], [ 6287876.308143393136561, 9648241.345495706424117 ], [ 6287875.780094458721578, 9648239.81649113073945 ], [ 6287896.777909453958273, 9648227.532789770513773 ], [ 6287936.358700354583561, 9648223.079898312687874 ], [ 6287966.555623264051974, 9648226.607405407354236 ], [ 6288004.488138737156987, 9648231.031667098402977 ], [ 6288059.911523697897792, 9648225.738643603399396 ], [ 6288096.417889561504126, 9648242.073445897549391 ], [ 6288165.800471031107008, 9648244.662108646705747 ], [ 6288228.558726427145302, 9648245.303503835573792 ], [ 6288259.741759240627289, 9648257.690561689436436 ], [ 6288310.790017947554588, 9648275.208474306389689 ], [ 6288320.012858806177974, 9648278.944111675024033 ], [ 6288346.223349553532898, 9648270.654364254325628 ], [ 6288354.050244475714862, 9648269.733140422031283 ], [ 6288368.097511559724808, 9648270.413754042237997 ], [ 6288380.454608373343945, 9648269.013845039531589 ], [ 6288389.933064007200301, 9648267.656884711235762 ], [ 6288404.29553459584713, 9648259.542572161182761 ], [ 6288411.692804361693561, 9648256.944516958668828 ], [ 6288439.748725550249219, 9648255.78946284390986 ], [ 6288469.258251624181867, 9648274.740611681714654 ], [ 6288490.744096424430609, 9648276.603374661877751 ], [ 6288510.523387747816741, 9648273.869098683819175 ], [ 6288557.074658768251538, 9648265.400622615590692 ], [ 6288617.904759224504232, 9648279.820282470434904 ], [ 6288651.462000200524926, 9648290.759317735210061 ], [ 6288670.49203528650105, 9648294.736936129629612 ], [ 6288691.011456635780632, 9648284.455660607665777 ], [ 6288692.256327797658741, 9648284.441964473575354 ], [ 6288712.703366222791374, 9648305.174498779699206 ], [ 6288716.50724714435637, 9648313.506620643660426 ], [ 6288751.857252814806998, 9648299.292750965803862 ], [ 6288770.501549927517772, 9648306.626466929912567 ], [ 6288789.711384097114205, 9648288.403140529990196 ], [ 6288815.727437798865139, 9648289.787175098434091 ], [ 6288841.167468989267945, 9648276.099824160337448 ], [ 6288885.349988034926355, 9648277.712798479944468 ], [ 6288918.526205155998468, 9648292.436770493164659 ], [ 6288936.733745424076915, 9648296.423433758318424 ], [ 6288958.031753492541611, 9648281.100013876333833 ], [ 6288977.093009574338794, 9648250.305826978757977 ], [ 6288985.453300982713699, 9648217.846228772774339 ], [ 6288995.735765317454934, 9648212.756027597934008 ], [ 6289011.089588264934719, 9648160.096869429573417 ], [ 6289018.654136413708329, 9648134.16915244422853 ], [ 6289047.715782859362662, 9648134.51505815051496 ], [ 6289089.498440630733967, 9648149.460164837539196 ], [ 6289116.72071188967675, 9648162.545436058193445 ], [ 6289153.967431079596281, 9648185.576037125661969 ], [ 6289164.670285210944712, 9648192.500569930300117 ], [ 6289211.432223581708968, 9648203.305475316941738 ], [ 6289230.699412455782294, 9648191.356072561815381 ], [ 6289254.845972513779998, 9648172.231549434363842 ], [ 6289270.204721542075276, 9647984.897546406835318 ], [ 6289273.424878644756973, 9647946.986680451780558 ], [ 6289283.103708402253687, 9647889.796076744794846 ], [ 6289291.702265211381018, 9647864.928818553686142 ], [ 6289305.659824947826564, 9647761.971868429332972 ], [ 6289317.2858960730955, 9647676.567518686875701 ], [ 6288514.261096127331257, 9647650.038726478815079 ], [ 6287265.332452948205173, 9648059.769691972061992 ], [ 6287137.232348518446088, 9648089.594316272065043 ], [ 6287104.876771448180079, 9648533.996386697515845 ], [ 6287116.153035237453878, 9648536.434278298169374 ], [ 6287127.846873329021037, 9648528.237009763717651 ], [ 6287133.394291849806905, 9648516.044592671096325 ], [ 6287142.101310971193016, 9648496.956119619309902 ], [ 6287163.802801348268986, 9648488.016945453360677 ], [ 6287189.049869898706675, 9648502.466749671846628 ], [ 6287198.515738304704428, 9648501.990376969799399 ], [ 6287206.033609029836953, 9648499.233229832723737 ], [ 6287239.488301721401513, 9648489.57810739800334 ], [ 6287266.668392701074481, 9648482.519753981381655 ], [ 6287282.494510732591152, 9648469.977373287081718 ], [ 6287310.127818507142365, 9648459.630019383504987 ], [ 6287325.544511306099594, 9648480.879937773570418 ], [ 6287329.00290362816304, 9648494.237460728734732 ], [ 6287362.014279379509389, 9648493.874848710373044 ], [ 6287399.667849724180996, 9648494.127060638740659 ], [ 6287435.401444679126143, 9648499.760833172127604 ], [ 6287452.460091985762119, 9648505.430475123226643 ], [ 6287470.53389341570437, 9648511.427526403218508 ], [ 6287488.059274796396494, 9648482.446364387869835 ], [ 6287500.962781881913543, 9648449.622539127245545 ], [ 6287502.625958580523729, 9648449.231852516531944 ], [ 6287520.013047858141363, 9648445.271542927250266 ], [ 6287535.294849148951471, 9648453.138736937195063 ], [ 6287551.24696327932179, 9648462.330232674255967 ], [ 6287555.042480522766709, 9648465.832103392109275 ], [ 6287563.832303453236818, 9648465.543679252266884 ], [ 6287617.911253958009183, 9648458.257319686934352 ], [ 6287698.96755663305521, 9648440.619254378601909 ], [ 6287770.85716883931309, 9648407.079179855063558 ], [ 6287773.961891621351242, 9648404.325289700180292 ], [ 6287779.673260433599353, 9648389.851134235039353 ] ] ] } },
{ "type": "Feature", "properties": { "lv_id": "LOC_010305", "id": 54885.0, "CD_SETOR": "211023705000030", "SITUACAO": "Urbana", "CD_SIT": "2", "CD_TIPO": "0", "AREA_KM2": 1.093785414015066, "CD_REGIAO": "2", "NM_REGIAO": "Nordeste", "CD_UF": "21", "NM_UF": "Maranhão", "CD_MUN": "2110237", "NM_MUN": "Santana do Maranhão", "CD_DIST": "211023705", "NM_DIST": "Santana do Maranhão", "CD_SUBDIST": "21102370500", "NM_SUBDIST": null, "CD_BAIRRO": null, "NM_BAIRRO": null, "CD_NU": null, "NM_NU": null, "CD_FCU": null, "NM_FCU": null, "CD_AGLOM": null, "NM_AGLOM": null, "CD_RGINT": "2101", "NM_RGINT": "São Luís", "CD_RGI": "210007", "NM_RGI": "Tutóia - Araioses", "CD_CONCURB": null, "NM_CONCURB": null, "mun_code_x": "2110237", "index_right": 27106, "dist_m": 0.0, "local_id": 101324, "ano": 2022, "cod_localidade_ibge": 2110237, "NR_ZONA": "51", "nr_cep": 65555000.0, "nm_localidade": "SANTANA DO MARANHÃO", "nm_locvot": "E.M.E.F DEPUTADO JÚLIO MONTELES", "ds_endereco": "BAIRRO ITAQUIPE", "ds_bairro": "ITAQUIPE - ZONA URBANA", "pred_long": -42.4015478, "pred_lat": -3.1196957, "pred_dist": 0.0, "tse_long": -42.4015901, "tse_lat": -3.1196896, "long": -42.4015901, "lat": -3.1196896, "ID_UNICO": "LOC_010305", "SG_UF": "MA", "CD_MUNICIPIO": "8222", "NR_LOCAL_VOTACAO": "1147", "QT_SECOES_AGREGADAS": 0, "QT_ELEITORES_TRANSFERIDOS": 2, "CIRO GOMES (PDT) (NÃO ELEITO) 1T": 9.0, "CONSTITUINTE EYMAEL (DC) (NÃO ELEITO) 1T": 0.0, "FELIPE D AVILA (NOVO) (NÃO ELEITO) 1T": 1.0, "JAIR BOLSONARO (PL) (2º TURNO) 1T": 24.0, "LULA (PT) (2º TURNO) 1T": 154.0, "LÉO PÉRICLES (UP) (NÃO ELEITO) 1T": 0.0, "PADRE KELMON (PTB) (NÃO ELEITO) 1T": 0.0, "SIMONE TEBET (MDB) (NÃO ELEITO) 1T": 0.0, "SOFIA MANZANO (PCB) (NÃO ELEITO) 1T": 0.0, "SORAYA THRONICKE (UNIÃO) (NÃO ELEITO) 1T": 0.0, "VERA (PSTU) (NÃO ELEITO) 1T": 0.0, "Total_Votos_Validos 1T": 188.0, "Votos_Brancos 1T": 2.0, "Votos_Nulos 1T": 6.0, "Abstenções 1T": 97.0, "Eleitores_Aptos 1T": 293.0, "JAIR BOLSONARO (PL) (NÃO ELEITO) 2T": 26.0, "LULA (PT) (ELEITO) 2T": 159.0, "Total_Votos_Validos 2T": 185.0, "Votos_Brancos 2T": 2.0, "Votos_Nulos 2T": 1.0, "Abstenções 2T": 105.0, "Eleitores_Aptos 2T": 293.0, "mun_code_y": "2110237", "mun_code": "2110237" }, "geometry": { "type": "Polygon", "coordinates": [ [ [ 6292045.768873175606132, 9648380.15281387604773 ], [ 6292268.953610796481371, 9648429.171348437666893 ], [ 6292433.352658404968679, 9648493.150302788242698 ], [ 6292545.771977187134326, 9648242.580189317464828 ], [ 6292616.126194041222334, 9648101.584707166999578 ], [ 6292626.214001206681132, 9648040.241032190620899 ], [ 6292597.905840487219393, 9647870.446451911702752 ], [ 6292611.957881366834044, 9647744.948444537818432 ], [ 6291966.047309777699411, 9647706.192453429102898 ], [ 6291782.524124101735651, 9647700.612419277429581 ], [ 6291530.635949054732919, 9647692.976831959560513 ], [ 6291513.078027745708823, 9647692.482251562178135 ], [ 6291471.790589154697955, 9647691.301647961139679 ], [ 6291363.985073259100318, 9647688.214516492560506 ], [ 6291179.776170797646046, 9647682.946131240576506 ], [ 6290890.263756807893515, 9647674.664055455476046 ], [ 6290474.565142177045345, 9647662.774300746619701 ], [ 6290251.170616675168276, 9647656.391109397634864 ], [ 6290251.003770086914301, 9647656.381664238870144 ], [ 6290250.236473672091961, 9647656.356272334232926 ], [ 6290250.014052782207727, 9647656.347440432757139 ], [ 6290249.535866420716047, 9647656.330144543200731 ], [ 6290246.6225361879915, 9647656.249429518356919 ], [ 6290243.187673317268491, 9647656.253472812473774 ], [ 6290240.652372021228075, 9647656.179872555658221 ], [ 6290239.484816962853074, 9647656.147611010819674 ], [ 6290237.073139660991728, 9647656.196794940158725 ], [ 6289951.212789526209235, 9647652.500078450888395 ], [ 6289458.190295459702611, 9647681.221055658534169 ], [ 6289317.2858960730955, 9647676.567518686875701 ], [ 6288514.261096127331257, 9647650.038726478815079 ], [ 6287265.332452948205173, 9648059.769691972061992 ], [ 6287137.232348518446088, 9648089.594316272065043 ], [ 6287104.876771448180079, 9648533.996386697515845 ], [ 6287116.153035237453878, 9648536.434278298169374 ], [ 6287127.846873329021037, 9648528.237009763717651 ], [ 6287133.394291849806905, 9648516.044592671096325 ], [ 6287142.101310971193016, 9648496.956119619309902 ], [ 6287163.802801348268986, 9648488.016945453360677 ], [ 6287189.049869898706675, 9648502.466749671846628 ], [ 6287198.515738304704428, 9648501.990376969799399 ], [ 6287206.033609029836953, 9648499.233229832723737 ], [ 6287239.488301721401513, 9648489.57810739800334 ], [ 6287266.668392701074481, 9648482.519753981381655 ], [ 6287282.494510732591152, 9648469.977373287081718 ], [ 6287310.127818507142365, 9648459.630019383504987 ], [ 6287325.544511306099594, 9648480.879937773570418 ], [ 6287329.00290362816304, 9648494.237460728734732 ], [ 6287362.014279379509389, 9648493.874848710373044 ], [ 6287399.667849724180996, 9648494.127060638740659 ], [ 6287435.401444679126143, 9648499.760833172127604 ], [ 6287452.460091985762119, 9648505.430475123226643 ], [ 6287470.53389341570437, 9648511.427526403218508 ], [ 6287488.059274796396494, 9648482.446364387869835 ], [ 6287500.962781881913543, 9648449.622539127245545 ], [ 6287502.625958580523729, 9648449.231852516531944 ], [ 6287520.013047858141363, 9648445.271542927250266 ], [ 6287535.294849148951471, 9648453.138736937195063 ], [ 6287551.24696327932179, 9648462.330232674255967 ], [ 6287555.042480522766709, 9648465.832103392109275 ], [ 6287563.832303453236818, 9648465.543679252266884 ], [ 6287617.911253958009183, 9648458.257319686934352 ], [ 6287698.96755663305521, 9648440.619254378601909 ], [ 6287770.85716883931309, 9648407.079179855063558 ], [ 6287773.961891621351242, 9648404.325289700180292 ], [ 6287779.673260433599353, 9648389.851134235039353 ], [ 6287783.600060594268143, 9648379.922011937946081 ], [ 6287814.359961028210819, 9648343.380486624315381 ], [ 6287842.40019378438592, 9648328.57054191827774 ], [ 6287871.690071089193225, 9648288.738432560116053 ], [ 6287886.682890156283975, 9648271.160239029675722 ], [ 6287876.308143393136561, 9648241.345495706424117 ], [ 6287875.780094458721578, 9648239.81649113073945 ], [ 6287896.777909453958273, 9648227.532789770513773 ], [ 6287936.358700354583561, 9648223.079898312687874 ], [ 6287966.555623264051974, 9648226.607405407354236 ], [ 6288004.488138737156987, 9648231.031667098402977 ], [ 6288059.911523697897792, 9648225.738643603399396 ], [ 6288096.417889561504126, 9648242.073445897549391 ], [ 6288165.800471031107008, 9648244.662108646705747 ], [ 6288228.558726427145302, 9648245.303503835573792 ], [ 6288259.741759240627289, 9648257.690561689436436 ], [ 6288310.790017947554588, 9648275.208474306389689 ], [ 6288320.012858806177974, 9648278.944111675024033 ], [ 6288346.223349553532898, 9648270.654364254325628 ], [ 6288354.050244475714862, 9648269.733140422031283 ], [ 6288368.097511559724808, 9648270.413754042237997 ], [ 6288380.454608373343945, 9648269.013845039531589 ], [ 6288389.933064007200301, 9648267.656884711235762 ], [ 6288404.29553459584713, 9648259.542572161182761 ], [ 6288411.692804361693561, 9648256.944516958668828 ], [ 6288439.748725550249219, 9648255.78946284390986 ], [ 6288469.258251624181867, 9648274.740611681714654 ], [ 6288490.744096424430609, 9648276.603374661877751 ], [ 6288510.523387747816741, 9648273.869098683819175 ], [ 6288557.074658768251538, 9648265.400622615590692 ], [ 6288617.904759224504232, 9648279.820282470434904 ], [ 6288651.462000200524926, 9648290.759317735210061 ], [ 6288670.49203528650105, 9648294.736936129629612 ], [ 6288691.011456635780632, 9648284.455660607665777 ], [ 6288692.256327797658741, 9648284.441964473575354 ], [ 6288712.703366222791374, 9648305.174498779699206 ], [ 6288716.50724714435637, 9648313.506620643660426 ], [ 6288751.857252814806998, 9648299.292750965803862 ], [ 6288770.501549927517772, 9648306.626466929912567 ], [ 6288789.711384097114205, 9648288.403140529990196 ], [ 6288815.727437798865139, 9648289.787175098434091 ], [ 6288841.167468989267945, 9648276.099824160337448 ], [ 6288885.349988034926355, 9648277.712798479944468 ], [ 6288918.526205155998468, 9648292.436770493164659 ], [ 6288936.733745424076915, 9648296.423433758318424 ], [ 6288958.031753492541611, 9648281.100013876333833 ], [ 6288977.093009574338794, 9648250.305826978757977 ], [ 6288985.453300982713699, 9648217.846228772774339 ], [ 6288995.735765317454934, 9648212.756027597934008 ], [ 6289011.089588264934719, 9648160.096869429573417 ], [ 6289018.654136413708329, 9648134.16915244422853 ], [ 6289047.715782859362662, 9648134.51505815051496 ], [ 6289089.498440630733967, 9648149.460164837539196 ], [ 6289116.72071188967675, 9648162.545436058193445 ], [ 6289153.967431079596281, 9648185.576037125661969 ], [ 6289164.670285210944712, 9648192.500569930300117 ], [ 6289211.432223581708968, 9648203.305475316941738 ], [ 6289230.699412455782294, 9648191.356072561815381 ], [ 6289254.845972513779998, 9648172.231549434363842 ], [ 6289267.113395749591291, 9648184.996231870725751 ], [ 6289279.450947455130517, 9648184.860396208241582 ], [ 6289327.748020675033331, 9648191.698323233053088 ], [ 6289348.426670401357114, 9648210.216523956507444 ], [ 6289364.008852476254106, 9648245.539135605096817 ], [ 6289375.688740689307451, 9648286.920123802497983 ], [ 6289394.652548821642995, 9648329.57528031244874 ], [ 6289395.824996565468609, 9648334.121885495260358 ], [ 6289417.610844532027841, 9648335.969998404383659 ], [ 6289418.190177730284631, 9648336.087767181918025 ], [ 6289422.420805281028152, 9648332.610282223671675 ], [ 6289432.852058824151754, 9648319.776229018345475 ], [ 6289442.084994281642139, 9648318.331575771793723 ], [ 6289446.156001817435026, 9648341.942080494016409 ], [ 6289460.213499648496509, 9648345.590717773884535 ], [ 6289473.381391992792487, 9648342.093860695138574 ], [ 6289475.136798715218902, 9648320.653819836676121 ], [ 6289478.800799392163754, 9648293.820656951516867 ], [ 6289483.215106030926108, 9648285.792899426072836 ], [ 6289486.571993016637862, 9648279.672819525003433 ], [ 6289505.016011356376112, 9648274.786102335900068 ], [ 6289513.043491930700839, 9648284.076357368379831 ], [ 6289537.653513507917523, 9648299.199484853073955 ], [ 6289547.080404480919242, 9648316.509957825765014 ], [ 6289564.143510654568672, 9648331.727480167523026 ], [ 6289580.307789435610175, 9648334.890197398141026 ], [ 6289586.84072317648679, 9648327.459823740646243 ], [ 6289588.060863551683724, 9648318.067740550264716 ], [ 6289587.211867989040911, 9648298.371760716661811 ], [ 6289587.167047303169966, 9648297.32265773974359 ], [ 6289587.071783474646509, 9648288.610927797853947 ], [ 6289598.290573488920927, 9648287.821543509140611 ], [ 6289601.190563205629587, 9648289.730806309729815 ], [ 6289608.278260424733162, 9648294.40417717024684 ], [ 6289610.971111738123, 9648299.735376693308353 ], [ 6289620.922272178344429, 9648302.97776335850358 ], [ 6289624.216000340878963, 9648302.26434263214469 ], [ 6289632.620995403267443, 9648286.100548207759857 ], [ 6289633.584472883492708, 9648278.652467062696815 ], [ 6289634.445684877224267, 9648272.01810335740447 ], [ 6289636.318136934190989, 9648261.287073006853461 ], [ 6289638.92312329262495, 9648258.583608414977789 ], [ 6289646.928526961244643, 9648265.853938356041908 ], [ 6289647.031082563102245, 9648275.231478609144688 ], [ 6289651.607320520095527, 9648277.946164771914482 ], [ 6289653.677279327064753, 9648279.176120985299349 ], [ 6289660.297938282601535, 9648279.769101204350591 ], [ 6289672.077355574816465, 9648270.272016901522875 ], [ 6289678.591745127923787, 9648262.164646942168474 ], [ 6289683.684724660590291, 9648244.028369311243296 ], [ 6289681.107357012107968, 9648235.027936736121774 ], [ 6289680.251774383708835, 9648232.012705843895674 ], [ 6289683.501557510346174, 9648227.281936665996909 ], [ 6289690.752314898185432, 9648226.536216141656041 ], [ 6289697.416913773864508, 9648231.14652425609529 ], [ 6289707.334992228075862, 9648232.380343392491341 ], [ 6289717.897994872182608, 9648231.59814734570682 ], [ 6289727.02105847466737, 9648220.110075753182173 ], [ 6289735.099793878383934, 9648234.083508286625147 ], [ 6289745.970004886388779, 9648243.094208894297481 ], [ 6289763.453551921993494, 9648237.800386453047395 ], [ 6289780.888214691542089, 9648228.037817649543285 ], [ 6289800.272691852413118, 9648214.61965112760663 ], [ 6289822.688154377043247, 9648211.020818445831537 ], [ 6289837.321641584858298, 9648219.561211224645376 ], [ 6289843.381563878618181, 9648230.88211883790791 ], [ 6289847.510681411251426, 9648245.564972354099154 ], [ 6289852.383581790141761, 9648268.286611443385482 ], [ 6289853.308323761448264, 9648271.526818338781595 ], [ 6289861.660448438487947, 9648270.859254585579038 ], [ 6289888.73639299441129, 9648270.561089461669326 ], [ 6289922.663567019626498, 9648292.951535541564226 ], [ 6289939.356104208156466, 9648308.839135300368071 ], [ 6289945.558937598951161, 9648332.212082045152783 ], [ 6289955.550210279412568, 9648340.137781905010343 ], [ 6289960.614390923641622, 9648343.761295225471258 ], [ 6289976.075123379006982, 9648344.595527185127139 ], [ 6289990.441268039867282, 9648329.708951659500599 ], [ 6290000.806547892279923, 9648310.848555898293853 ], [ 6290030.212836160324514, 9648281.722503377124667 ], [ 6290045.913702211342752, 9648269.958715859800577 ], [ 6290059.069471408613026, 9648263.324286486953497 ], [ 6290083.196228940971196, 9648234.267563179135323 ], [ 6290105.973827848210931, 9648213.983718935400248 ], [ 6290131.751568142324686, 9648193.587786588817835 ], [ 6290192.476909550838172, 9648159.816359926015139 ], [ 6290196.170887166634202, 9648158.094015000388026 ], [ 6290218.428737526759505, 9648155.331944113597274 ], [ 6290236.489590374752879, 9648145.912100784480572 ], [ 6290296.628878690302372, 9648134.775781311094761 ], [ 6290317.692372184246778, 9648136.642902975901961 ], [ 6290344.308737355284393, 9648132.952425539493561 ], [ 6290356.355599652044475, 9648146.882339335978031 ], [ 6290365.837767220102251, 9648168.210451761260629 ], [ 6290368.798193229362369, 9648196.969079269096255 ], [ 6290369.637128671631217, 9648213.69735949113965 ], [ 6290382.9150061737746, 9648220.255104243755341 ], [ 6290383.402950961142778, 9648221.1639155857265 ], [ 6290394.778571847826242, 9648217.438259752467275 ], [ 6290410.525931133888662, 9648207.897144544869661 ], [ 6290421.162166466936469, 9648213.806821089237928 ], [ 6290427.25512083247304, 9648227.125214947387576 ], [ 6290432.799365079961717, 9648232.966853730380535 ], [ 6290433.981992041692138, 9648238.438957132399082 ], [ 6290446.494053529575467, 9648234.949074117466807 ], [ 6290460.889347065240145, 9648222.736705746501684 ], [ 6290468.326572281308472, 9648209.573942424729466 ], [ 6290462.574710766784847, 9648195.935761768370867 ], [ 6290473.093732876703143, 9648191.136035362258554 ], [ 6290483.011694764718413, 9648192.358526695519686 ], [ 6290489.016844006255269, 9648197.653345871716738 ], [ 6290490.219126200303435, 9648211.014366427436471 ], [ 6290490.566660694777966, 9648218.391779152676463 ], [ 6290497.256858804263175, 9648226.353910056874156 ], [ 6290509.149818371981382, 9648226.222864897921681 ], [ 6290520.258669874630868, 9648215.38974692299962 ], [ 6290524.728572031483054, 9648201.277743300423026 ], [ 6290525.63109169434756, 9648195.376341059803963 ], [ 6290524.831033449620008, 9648181.186972826719284 ], [ 6290542.589924451895058, 9648173.632581209763885 ], [ 6290583.727740422822535, 9648190.582737324759364 ], [ 6290604.348036697134376, 9648203.752379322424531 ], [ 6290627.487809060141444, 9648205.393477974459529 ], [ 6290628.800604125484824, 9648205.49187396466732 ], [ 6290683.702630060724914, 9648178.98459592461586 ], [ 6290699.769573159515858, 9648171.223064456135035 ], [ 6290718.360237543471158, 9648168.56901028752327 ], [ 6290735.374931233003736, 9648166.14676289819181 ], [ 6290752.386226020753384, 9648151.230507522821426 ], [ 6290764.529990820214152, 9648148.624923063442111 ], [ 6290778.747670795768499, 9648145.578876668587327 ], [ 6290815.247143939137459, 9648161.248378621414304 ], [ 6290826.62267196085304, 9648167.669107053428888 ], [ 6290881.61022262647748, 9648145.934735609218478 ], [ 6290886.017911370843649, 9648147.466245755553246 ], [ 6290893.664700609631836, 9648144.312031405046582 ], [ 6290912.859679208137095, 9648148.118392279371619 ], [ 6290921.309988768771291, 9648150.327668339014053 ], [ 6290930.083495866507292, 9648152.612387120723724 ], [ 6290949.806098511442542, 9648143.693087661638856 ], [ 6290949.13926837220788, 9648135.585470385849476 ], [ 6290949.036507837474346, 9648134.322519153356552 ], [ 6290954.724018452689052, 9648135.98664234764874 ], [ 6290962.296127567067742, 9648138.194311242550611 ], [ 6291004.133909055963159, 9648159.16606779769063 ], [ 6291018.15187971200794, 9648172.397297317162156 ], [ 6291037.955182458274066, 9648170.84716490469873 ], [ 6291053.16014688462019, 9648172.688529098406434 ], [ 6291063.986971194855869, 9648195.999951200559735 ], [ 6291067.47876806370914, 9648213.376537799835205 ], [ 6291087.981725707650185, 9648215.825420605018735 ], [ 6291108.438533775508404, 9648204.922856474295259 ], [ 6291138.619908640161157, 9648195.854346267879009 ], [ 6291157.291098735295236, 9648211.720529219135642 ], [ 6291184.660269413143396, 9648238.201774332672358 ], [ 6291203.287461897358298, 9648250.050469240173697 ], [ 6291238.229641856625676, 9648244.30415197648108 ], [ 6291260.876268959604204, 9648260.803767906501889 ], [ 6291281.665163854137063, 9648289.366665909066796 ], [ 6291317.014956403523684, 9648292.419407375156879 ], [ 6291320.361317405477166, 9648297.529207430779934 ], [ 6291349.490796791389585, 9648317.264404883608222 ], [ 6291350.666883474215865, 9648318.075363436713815 ], [ 6291365.165192941203713, 9648318.321868944913149 ], [ 6291374.44899666775018, 9648318.479126393795013 ], [ 6291381.011099308729172, 9648313.722845949232578 ], [ 6291388.459671784192324, 9648331.044707855209708 ], [ 6291388.642900077626109, 9648347.780746500939131 ], [ 6291407.808622318319976, 9648348.912605984136462 ], [ 6291413.230872185900807, 9648352.746727401390672 ], [ 6291422.815351155586541, 9648342.799141293391585 ], [ 6291428.585846437141299, 9648341.889037733897567 ], [ 6291436.223617766052485, 9648360.247214324772358 ], [ 6291450.771992241963744, 9648370.143257403746247 ], [ 6291469.423121688887477, 9648377.070846041664481 ], [ 6291476.123668193817139, 9648370.744188254699111 ], [ 6291538.63841737061739, 9648413.102497018873692 ], [ 6291582.451090568676591, 9648432.709920808672905 ], [ 6291622.178373824805021, 9648441.640039995312691 ], [ 6291651.203537987545133, 9648438.645195575430989 ], [ 6291673.417626395821571, 9648415.635045694187284 ], [ 6291698.515146965160966, 9648415.358409181237221 ], [ 6291708.011976044625044, 9648438.019070329144597 ], [ 6291696.646749959327281, 9648486.361243011429906 ], [ 6291739.239279387518764, 9648515.350253341719508 ], [ 6291762.427844723686576, 9648461.527792602777481 ], [ 6291832.546974463388324, 9648471.466095104813576 ], [ 6291857.410001575946808, 9648449.769734632223845 ], [ 6291897.148422233760357, 9648458.69974372163415 ], [ 6291923.425549441948533, 9648446.355779791250825 ], [ 6291936.330762316472828, 9648451.360306482762098 ], [ 6292045.768873175606132, 9648380.15281387604773 ] ] ] } },
{ "type": "Feature", "properties": { "lv_id": "LOC_010307", "id": 54874.0, "CD_SETOR": "211023705000019", "SITUACAO": "Rural", "CD_SIT": "5", "CD_TIPO": "0", "AREA_KM2": 0.999360694844877, "CD_REGIAO": "2", "NM_REGIAO": "Nordeste", "CD_UF": "21", "NM_UF": "Maranhão", "CD_MUN": "2110237", "NM_MUN": "Santana do Maranhão", "CD_DIST": "211023705", "NM_DIST": "Santana do Maranhão", "CD_SUBDIST": "21102370500", "NM_SUBDIST": null, "CD_BAIRRO": null, "NM_BAIRRO": null, "CD_NU": null, "NM_NU": null, "CD_FCU": null, "NM_FCU": null, "CD_AGLOM": "211023700001", "NM_AGLOM": "São João dos Teixeiras", "CD_RGINT": "2101", "NM_RGINT": "São Luís", "CD_RGI": "210007", "NM_RGI": "Tutóia - Araioses", "CD_CONCURB": null, "NM_CONCURB": null, "mun_code_x": "2110237", "index_right": 27100, "dist_m": 0.0, "local_id": 101318, "ano": 2022, "cod_localidade_ibge": 2110237, "NR_ZONA": "51", "nr_cep": 65555000.0, "nm_localidade": "SANTANA DO MARANHÃO", "nm_locvot": "COLÉGIO CASTRO ALVES", "ds_endereco": "POVOADO SÃO JOÃO", "ds_bairro": "POVOADO SÃO JOÃO - ZONA RURAL", "pred_long": -42.557672, "pred_lat": -3.182468, "pred_dist": 0.0, "tse_long": -42.5576646, "tse_lat": -3.1824367, "long": -42.5576646, "lat": -3.1824367, "ID_UNICO": "LOC_010307", "SG_UF": "MA", "CD_MUNICIPIO": "8222", "NR_LOCAL_VOTACAO": "1066", "QT_SECOES_AGREGADAS": 0, "QT_ELEITORES_TRANSFERIDOS": 0, "CIRO GOMES (PDT) (NÃO ELEITO) 1T": 6.0, "CONSTITUINTE EYMAEL (DC) (NÃO ELEITO) 1T": 0.0, "FELIPE D AVILA (NOVO) (NÃO ELEITO) 1T": 0.0, "JAIR BOLSONARO (PL) (2º TURNO) 1T": 79.0, "LULA (PT) (2º TURNO) 1T": 358.0, "LÉO PÉRICLES (UP) (NÃO ELEITO) 1T": 0.0, "PADRE KELMON (PTB) (NÃO ELEITO) 1T": 1.0, "SIMONE TEBET (MDB) (NÃO ELEITO) 1T": 5.0, "SOFIA MANZANO (PCB) (NÃO ELEITO) 1T": 0.0, "SORAYA THRONICKE (UNIÃO) (NÃO ELEITO) 1T": 0.0, "VERA (PSTU) (NÃO ELEITO) 1T": 0.0, "Total_Votos_Validos 1T": 449.0, "Votos_Brancos 1T": 1.0, "Votos_Nulos 1T": 19.0, "Abstenções 1T": 313.0, "Eleitores_Aptos 1T": 782.0, "JAIR BOLSONARO (PL) (NÃO ELEITO) 2T": 81.0, "LULA (PT) (ELEITO) 2T": 376.0, "Total_Votos_Validos 2T": 457.0, "Votos_Brancos 2T": 3.0, "Votos_Nulos 2T": 11.0, "Abstenções 2T": 311.0, "Eleitores_Aptos 2T": 782.0, "mun_code_y": "2110237", "mun_code": "2110237" }, "geometry": { "type": "Polygon", "coordinates": [ [ [ 6271593.673977757804096, 9639433.658462569117546 ], [ 6271588.849130273796618, 9639456.70023600012064 ], [ 6271572.714765036478639, 9639533.548027090728283 ], [ 6271560.518043679185212, 9639666.964710377156734 ], [ 6271563.084462814033031, 9639684.949828021228313 ], [ 6271556.742612458765507, 9639756.804379383102059 ], [ 6271543.02632272336632, 9639806.102588543668389 ], [ 6271536.550515195354819, 9639819.586172688752413 ], [ 6271524.891865378245711, 9639868.004180209711194 ], [ 6271530.685185264796019, 9639904.418250571936369 ], [ 6271575.640435886569321, 9640095.007713345810771 ], [ 6271582.495746231637895, 9640151.115711139515042 ], [ 6271615.541226428933442, 9640301.073191365227103 ], [ 6271614.387452845461667, 9640362.718354664742947 ], [ 6271621.378824264742434, 9640386.869525998830795 ], [ 6271618.943697025999427, 9640453.288962377235293 ], [ 6271616.520124261267483, 9640520.768551023676991 ], [ 6271612.56899325735867, 9640546.507597219198942 ], [ 6271610.078849672339857, 9640559.585864895954728 ], [ 6271609.206499789841473, 9640564.141271520406008 ], [ 6271608.518487980589271, 9640568.277282373979688 ], [ 6271608.364586545154452, 9640569.44080076739192 ], [ 6271608.291638160124421, 9640569.881519176065922 ], [ 6271608.210685064084828, 9640570.604319144040346 ], [ 6271608.17983013484627, 9640570.830255821347237 ], [ 6271608.067400189116597, 9640571.722600826993585 ], [ 6271608.059803875163198, 9640574.057584777474403 ], [ 6271607.923936823382974, 9640576.856460621580482 ], [ 6271607.585133522748947, 9640585.444079367443919 ], [ 6271607.512457205913961, 9640590.949383610859513 ], [ 6271611.094858999364078, 9640604.343752406537533 ], [ 6271615.112357181496918, 9640681.395979803055525 ], [ 6271612.642365230247378, 9640710.423522397875786 ], [ 6271617.244715006090701, 9640761.89817070402205 ], [ 6271604.230064493604004, 9640899.226343438029289 ], [ 6271597.819149951450527, 9640944.87872201949358 ], [ 6271589.278157437220216, 9641024.21332092396915 ], [ 6271591.50679898634553, 9641031.779851127415895 ], [ 6271606.882685826160014, 9641180.445093765854836 ], [ 6271606.59861525055021, 9641217.242636770009995 ], [ 6271625.694914611056447, 9641315.175796201452613 ], [ 6271626.293805353343487, 9641343.334598397836089 ], [ 6271619.319969502277672, 9641361.120987933129072 ], [ 6271615.045844518579543, 9641401.008251199498773 ], [ 6271598.00256160646677, 9641473.477321220561862 ], [ 6271605.531706715002656, 9641557.709725489839911 ], [ 6271606.671757592819631, 9641585.569248730316758 ], [ 6271607.037099758163095, 9641594.532567797228694 ], [ 6271616.057771885767579, 9641657.74570188857615 ], [ 6271617.115841154009104, 9641662.990334728732705 ], [ 6271617.469977408647537, 9641664.870126305148005 ], [ 6271618.838344428688288, 9641672.05143497698009 ], [ 6271618.885777472518384, 9641672.321622975170612 ], [ 6271634.997425535693765, 9641754.68824528157711 ], [ 6272137.458993029780686, 9641678.008095996454358 ], [ 6272130.018259472213686, 9641592.724306020885706 ], [ 6271936.934155875816941, 9639425.052839314565063 ], [ 6271905.984141042456031, 9639425.634460574015975 ], [ 6271677.899275566451252, 9639431.987336607649922 ], [ 6271677.036122830584645, 9639432.335341282188892 ], [ 6271593.673977757804096, 9639433.658462569117546 ] ] ] } },
{ "type": "Feature", "properties": { "lv_id": "LOC_010308", "id": 54871.0, "CD_SETOR": "211023705000016", "SITUACAO": "Rural", "CD_SIT": "5", "CD_TIPO": "0", "AREA_KM2": 1.147218539554749, "CD_REGIAO": "2", "NM_REGIAO": "Nordeste", "CD_UF": "21", "NM_UF": "Maranhão", "CD_MUN": "2110237", "NM_MUN": "Santana do Maranhão", "CD_DIST": "211023705", "NM_DIST": "Santana do Maranhão", "CD_SUBDIST": "21102370500", "NM_SUBDIST": null, "CD_BAIRRO": null, "NM_BAIRRO": null, "CD_NU": null, "NM_NU": null, "CD_FCU": null, "NM_FCU": null, "CD_AGLOM": "211023700010", "NM_AGLOM": "Bacuri I", "CD_RGINT": "2101", "NM_RGINT": "São Luís", "CD_RGI": "210007", "NM_RGI": "Tutóia - Araioses", "CD_CONCURB": null, "NM_CONCURB": null, "mun_code_x": "2110237", "index_right": 27093, "dist_m": 0.0, "local_id": 101311, "ano": 2022, "cod_localidade_ibge": 2110237, "NR_ZONA": "51", "nr_cep": 65555000.0, "nm_localidade": "SANTANA DO MARANHÃO", "nm_locvot": "COLEGIO GETÚLIO VARGAS", "ds_endereco": "POVOADO BACURI I", "ds_bairro": "POVOADO BACURI I - ZONA RURAL", "pred_long": -42.358858, "pred_lat": -3.114073, "pred_dist": 0.0, "tse_long": -42.3588622, "tse_lat": -3.1141589, "long": -42.3588622, "lat": -3.1141589, "ID_UNICO": "LOC_010308", "SG_UF": "MA", "CD_MUNICIPIO": "8222", "NR_LOCAL_VOTACAO": "1058", "QT_SECOES_AGREGADAS": 2, "QT_ELEITORES_TRANSFERIDOS": 0, "CIRO GOMES (PDT) (NÃO ELEITO) 1T": 6.0, "CONSTITUINTE EYMAEL (DC) (NÃO ELEITO) 1T": 0.0, "FELIPE D AVILA (NOVO) (NÃO ELEITO) 1T": 0.0, "JAIR BOLSONARO (PL) (2º TURNO) 1T": 99.0, "LULA (PT) (2º TURNO) 1T": 369.0, "LÉO PÉRICLES (UP) (NÃO ELEITO) 1T": 0.0, "PADRE KELMON (PTB) (NÃO ELEITO) 1T": 0.0, "SIMONE TEBET (MDB) (NÃO ELEITO) 1T": 4.0, "SOFIA MANZANO (PCB) (NÃO ELEITO) 1T": 0.0, "SORAYA THRONICKE (UNIÃO) (NÃO ELEITO) 1T": 0.0, "VERA (PSTU) (NÃO ELEITO) 1T": 0.0, "Total_Votos_Validos 1T": 478.0, "Votos_Brancos 1T": 5.0, "Votos_Nulos 1T": 12.0, "Abstenções 1T": 308.0, "Eleitores_Aptos 1T": 803.0, "JAIR BOLSONARO (PL) (NÃO ELEITO) 2T": 92.0, "LULA (PT) (ELEITO) 2T": 362.0, "Total_Votos_Validos 2T": 454.0, "Votos_Brancos 2T": 4.0, "Votos_Nulos 2T": 4.0, "Abstenções 2T": 341.0, "Eleitores_Aptos 2T": 803.0, "mun_code_y": "2110237", "mun_code": "2110237" }, "geometry": { "type": "Polygon", "coordinates": [ [ [ 6295347.645537067204714, 9649495.55046603269875 ], [ 6295359.805292744189501, 9649453.763677090406418 ], [ 6295416.401681769639254, 9649261.119057539850473 ], [ 6295455.599171129986644, 9649127.273272674530745 ], [ 6294008.443263326771557, 9648223.744129817932844 ], [ 6293301.914946573786438, 9648339.228216318413615 ], [ 6293305.287807062268257, 9648576.991815868765116 ], [ 6293303.971428779885173, 9648616.13939992338419 ], [ 6293319.212873352691531, 9648616.23090291954577 ], [ 6293364.762974325567484, 9648649.308274526149035 ], [ 6293410.25174920912832, 9648676.787881903350353 ], [ 6293442.059012517333031, 9648661.887705277651548 ], [ 6293453.432595164515078, 9648652.901693830266595 ], [ 6293467.699446976184845, 9648638.104636145755649 ], [ 6293481.995960436761379, 9648635.147678393870592 ], [ 6293520.877428012900054, 9648663.253283511847258 ], [ 6293537.697562811896205, 9648682.640079906210303 ], [ 6293549.270298786461353, 9648689.804091745987535 ], [ 6293590.043405001983047, 9648707.933453720062971 ], [ 6293624.347183770500124, 9648700.726233389228582 ], [ 6293661.342892112210393, 9648694.697051027789712 ], [ 6293663.107203483581543, 9648694.406692709773779 ], [ 6293672.206263271160424, 9648692.917977139353752 ], [ 6293700.249491510912776, 9648727.125643718987703 ], [ 6293730.934135716408491, 9648721.369238490238786 ], [ 6293738.917692525312304, 9648745.910403206944466 ], [ 6293773.366973302327096, 9648771.265879428014159 ], [ 6293787.27947435900569, 9648783.991448566317558 ], [ 6293805.396954540163279, 9648827.440312856808305 ], [ 6293813.063492117449641, 9648873.792457912117243 ], [ 6293853.209000944159925, 9648866.080683618783951 ], [ 6293882.792231751605868, 9648850.087440986186266 ], [ 6293906.171420655213296, 9648870.530936161056161 ], [ 6293944.625894790515304, 9648910.403379606083035 ], [ 6293980.5352553864941, 9648917.8410101570189 ], [ 6294056.186702555976808, 9648881.744546035304666 ], [ 6294076.705312997102737, 9648892.715551987290382 ], [ 6294068.333517747931182, 9648934.221954436972737 ], [ 6294112.426659304648638, 9648933.735790831968188 ], [ 6294145.011406944133341, 9648940.081337662413716 ], [ 6294164.083385008387268, 9648971.216716758906841 ], [ 6294203.349037474021316, 9648983.651677744463086 ], [ 6294233.95297178439796, 9648960.366514945402741 ], [ 6294255.480009455233812, 9648962.928485330194235 ], [ 6294263.506391714327037, 9648991.386417699977756 ], [ 6294278.609850344248116, 9649011.357047978788614 ], [ 6294309.569252640008926, 9649020.531209984794259 ], [ 6294324.905034045688808, 9649011.975403262302279 ], [ 6294341.506440564990044, 9649018.497239328920841 ], [ 6294357.185306255705655, 9649041.272208103910089 ], [ 6294374.830981650389731, 9649041.642053423449397 ], [ 6294401.337269097566605, 9649040.06302859634161 ], [ 6294423.168142871931195, 9649077.478084716945887 ], [ 6294437.881295694038272, 9649112.567366816103458 ], [ 6294432.081001184880733, 9649136.143574232235551 ], [ 6294439.722891265526414, 9649180.261970164254308 ], [ 6294479.617818240076303, 9649199.406465038657188 ], [ 6294529.483673406764865, 9649224.604212038218975 ], [ 6294577.233249394223094, 9649256.530261073261499 ], [ 6294588.436977725476027, 9649272.638584727421403 ], [ 6294631.737192838452756, 9649301.261301711201668 ], [ 6294650.111211667768657, 9649318.408148614689708 ], [ 6294688.674159034155309, 9649317.418854665011168 ], [ 6294720.844149058684707, 9649336.648708758875728 ], [ 6294748.306516035459936, 9649327.959276063367724 ], [ 6294783.80719343200326, 9649348.834347845986485 ], [ 6294813.244004802778363, 9649369.211876660585403 ], [ 6294862.314131727442145, 9649371.470596060156822 ], [ 6294876.831242225132883, 9649388.660069551318884 ], [ 6294893.10847837664187, 9649415.334541222080588 ], [ 6294922.717929592356086, 9649452.506622176617384 ], [ 6294936.263175602070987, 9649481.457539590075612 ], [ 6294972.277844947762787, 9649499.527795311063528 ], [ 6295005.357309750281274, 9649500.280914517119527 ], [ 6295028.999496918171644, 9649494.986076129600406 ], [ 6295045.405054896138608, 9649483.607745576649904 ], [ 6295059.939199870452285, 9649451.559266112744808 ], [ 6295066.815551768057048, 9649425.735761296004057 ], [ 6295108.709218902513385, 9649426.391661213710904 ], [ 6295147.803495967760682, 9649423.161477375775576 ], [ 6295154.400090942159295, 9649472.338117856532335 ], [ 6295157.850451952777803, 9649502.190599342808127 ], [ 6295165.513653676956892, 9649502.557694356888533 ], [ 6295177.229645190760493, 9649493.353103388100863 ], [ 6295188.766808200627565, 9649495.235254108905792 ], [ 6295212.564971065148711, 9649499.115749560296535 ], [ 6295223.15931935608387, 9649480.870541242882609 ], [ 6295235.943820934742689, 9649469.75776650197804 ], [ 6295264.03040287271142, 9649468.330785186961293 ], [ 6295285.075257362797856, 9649477.61468006297946 ], [ 6295298.969317202456295, 9649488.659285789355636 ], [ 6295322.08019283041358, 9649485.605215830728412 ], [ 6295327.908193495124578, 9649496.038851015269756 ], [ 6295347.645537067204714, 9649495.55046603269875 ] ] ] } },
{ "type": "Feature", "properties": { "lv_id": "LOC_010309", "id": 54872.0, "CD_SETOR": "211023705000017", "SITUACAO": "Rural", "CD_SIT": "5", "CD_TIPO": "0", "AREA_KM2": 0.53294014398249501, "CD_REGIAO": "2", "NM_REGIAO": "Nordeste", "CD_UF": "21", "NM_UF": "Maranhão", "CD_MUN": "2110237", "NM_MUN": "Santana do Maranhão", "CD_DIST": "211023705", "NM_DIST": "Santana do Maranhão", "CD_SUBDIST": "21102370500", "NM_SUBDIST": null, "CD_BAIRRO": null, "NM_BAIRRO": null, "CD_NU": null, "NM_NU": null, "CD_FCU": null, "NM_FCU": null, "CD_AGLOM": "211023700011", "NM_AGLOM": "Bacuri II", "CD_RGINT": "2101", "NM_RGINT": "São Luís", "CD_RGI": "210007", "NM_RGI": "Tutóia - Araioses", "CD_CONCURB": null, "NM_CONCURB": null, "mun_code_x": "2110237", "index_right": 27098, "dist_m": 0.0, "local_id": 101316, "ano": 2022, "cod_localidade_ibge": 2110237, "NR_ZONA": "51", "nr_cep": 65555000.0, "nm_localidade": "SANTANA DO MARANHÃO", "nm_locvot": "COLEGIO MARIA DA GLÓRIA LIMA", "ds_endereco": "POVOADO BACURI II", "ds_bairro": "POVOADO BACURI II - ZONA RURAL", "pred_long": -42.3604684, "pred_lat": -3.1074507, "pred_dist": 0.0, "tse_long": -42.3603871, "tse_lat": -3.1074157, "long": -42.3603871, "lat": -3.1074157, "ID_UNICO": "LOC_010309", "SG_UF": "MA", "CD_MUNICIPIO": "8222", "NR_LOCAL_VOTACAO": "1104", "QT_SECOES_AGREGADAS": 1, "QT_ELEITORES_TRANSFERIDOS": 0, "CIRO GOMES (PDT) (NÃO ELEITO) 1T": 6.0, "CONSTITUINTE EYMAEL (DC) (NÃO ELEITO) 1T": 0.0, "FELIPE D AVILA (NOVO) (NÃO ELEITO) 1T": 0.0, "JAIR BOLSONARO (PL) (2º TURNO) 1T": 60.0, "LULA (PT) (2º TURNO) 1T": 234.0, "LÉO PÉRICLES (UP) (NÃO ELEITO) 1T": 0.0, "PADRE KELMON (PTB) (NÃO ELEITO) 1T": 0.0, "SIMONE TEBET (MDB) (NÃO ELEITO) 1T": 4.0, "SOFIA MANZANO (PCB) (NÃO ELEITO) 1T": 0.0, "SORAYA THRONICKE (UNIÃO) (NÃO ELEITO) 1T": 0.0, "VERA (PSTU) (NÃO ELEITO) 1T": 0.0, "Total_Votos_Validos 1T": 304.0, "Votos_Brancos 1T": 2.0, "Votos_Nulos 1T": 6.0, "Abstenções 1T": 147.0, "Eleitores_Aptos 1T": 459.0, "JAIR BOLSONARO (PL) (NÃO ELEITO) 2T": 62.0, "LULA (PT) (ELEITO) 2T": 219.0, "Total_Votos_Validos 2T": 281.0, "Votos_Brancos 2T": 1.0, "Votos_Nulos 2T": 4.0, "Abstenções 2T": 173.0, "Eleitores_Aptos 2T": 459.0, "mun_code_y": "2110237", "mun_code": "2110237" }, "geometry": { "type": "Polygon", "coordinates": [ [ [ 6295327.908193495124578, 9649496.038851015269756 ], [ 6295322.08019283041358, 9649485.605215830728412 ], [ 6295298.969317202456295, 9649488.659285789355636 ], [ 6295285.075257362797856, 9649477.61468006297946 ], [ 6295264.03040287271142, 9649468.330785186961293 ], [ 6295235.943820934742689, 9649469.75776650197804 ], [ 6295223.15931935608387, 9649480.870541242882609 ], [ 6295212.564971065148711, 9649499.115749560296535 ], [ 6295188.766808200627565, 9649495.235254108905792 ], [ 6295177.229645190760493, 9649493.353103388100863 ], [ 6295165.513653676956892, 9649502.557694356888533 ], [ 6295157.850451952777803, 9649502.190599342808127 ], [ 6295154.400090942159295, 9649472.338117856532335 ], [ 6295147.803495967760682, 9649423.161477375775576 ], [ 6295108.709218902513385, 9649426.391661213710904 ], [ 6295066.815551768057048, 9649425.735761296004057 ], [ 6295059.939199870452285, 9649451.559266112744808 ], [ 6295045.405054896138608, 9649483.607745576649904 ], [ 6295028.999496918171644, 9649494.986076129600406 ], [ 6295005.357309750281274, 9649500.280914517119527 ], [ 6294972.277844947762787, 9649499.527795311063528 ], [ 6294936.263175602070987, 9649481.457539590075612 ], [ 6294922.717929592356086, 9649452.506622176617384 ], [ 6294893.10847837664187, 9649415.334541222080588 ], [ 6294876.831242225132883, 9649388.660069551318884 ], [ 6294862.314131727442145, 9649371.470596060156822 ], [ 6294813.244004802778363, 9649369.211876660585403 ], [ 6294783.80719343200326, 9649348.834347845986485 ], [ 6294748.306516035459936, 9649327.959276063367724 ], [ 6294720.844149058684707, 9649336.648708758875728 ], [ 6294688.674159034155309, 9649317.418854665011168 ], [ 6294650.111211667768657, 9649318.408148614689708 ], [ 6294631.737192838452756, 9649301.261301711201668 ], [ 6294588.436977725476027, 9649272.638584727421403 ], [ 6294577.233249394223094, 9649256.530261073261499 ], [ 6294529.483673406764865, 9649224.604212038218975 ], [ 6294479.617818240076303, 9649199.406465038657188 ], [ 6294439.722891265526414, 9649180.261970164254308 ], [ 6294432.081001184880733, 9649136.143574232235551 ], [ 6294437.881295694038272, 9649112.567366816103458 ], [ 6294423.168142871931195, 9649077.478084716945887 ], [ 6294401.337269097566605, 9649040.06302859634161 ], [ 6294374.830981650389731, 9649041.642053423449397 ], [ 6294357.185306255705655, 9649041.272208103910089 ], [ 6294341.506440564990044, 9649018.497239328920841 ], [ 6294324.905034045688808, 9649011.975403262302279 ], [ 6294309.569252640008926, 9649020.531209984794259 ], [ 6294278.609850344248116, 9649011.357047978788614 ], [ 6294263.506391714327037, 9648991.386417699977756 ], [ 6294255.480009455233812, 9648962.928485330194235 ], [ 6294233.95297178439796, 9648960.366514945402741 ], [ 6294203.349037474021316, 9648983.651677744463086 ], [ 6294164.083385008387268, 9648971.216716758906841 ], [ 6294145.011406944133341, 9648940.081337662413716 ], [ 6294112.426659304648638, 9648933.735790831968188 ], [ 6294068.333517747931182, 9648934.221954436972737 ], [ 6294076.705312997102737, 9648892.715551987290382 ], [ 6294056.186702555976808, 9648881.744546035304666 ], [ 6293980.5352553864941, 9648917.8410101570189 ], [ 6293944.625894790515304, 9648910.403379606083035 ], [ 6293906.171420655213296, 9648870.530936161056161 ], [ 6293882.792231751605868, 9648850.087440986186266 ], [ 6293853.209000944159925, 9648866.080683618783951 ], [ 6293813.063492117449641, 9648873.792457912117243 ], [ 6293805.396954540163279, 9648827.440312856808305 ], [ 6293787.27947435900569, 9648783.991448566317558 ], [ 6293773.366973302327096, 9648771.265879428014159 ], [ 6293738.917692525312304, 9648745.910403206944466 ], [ 6293730.934135716408491, 9648721.369238490238786 ], [ 6293700.249491510912776, 9648727.125643718987703 ], [ 6293672.206263271160424, 9648692.917977139353752 ], [ 6293663.107203483581543, 9648694.406692709773779 ], [ 6293661.342892112210393, 9648694.697051027789712 ], [ 6293624.347183770500124, 9648700.726233389228582 ], [ 6293590.043405001983047, 9648707.933453720062971 ], [ 6293549.270298786461353, 9648689.804091745987535 ], [ 6293537.697562811896205, 9648682.640079906210303 ], [ 6293520.877428012900054, 9648663.253283511847258 ], [ 6293481.995960436761379, 9648635.147678393870592 ], [ 6293467.699446976184845, 9648638.104636145755649 ], [ 6293453.432595164515078, 9648652.901693830266595 ], [ 6293442.059012517333031, 9648661.887705277651548 ], [ 6293410.25174920912832, 9648676.787881903350353 ], [ 6293364.762974325567484, 9648649.308274526149035 ], [ 6293319.212873352691531, 9648616.23090291954577 ], [ 6293303.971428779885173, 9648616.13939992338419 ], [ 6293283.370168010704219, 9649227.302433175966144 ], [ 6293268.82967084646225, 9649450.984561298042536 ], [ 6294014.142492749728262, 9649742.285340474918485 ], [ 6294697.930983159691095, 9649837.582281738519669 ], [ 6295041.627495777793229, 9649884.313699850812554 ], [ 6295239.572071673348546, 9649911.280974725261331 ], [ 6295253.380768023431301, 9649862.658416355028749 ], [ 6295347.645537067204714, 9649495.55046603269875 ], [ 6295327.908193495124578, 9649496.038851015269756 ] ] ] } },
{ "type": "Feature", "properties": { "lv_id": "LOC_010310", "id": 54876.0, "CD_SETOR": "211023705000021", "SITUACAO": "Rural", "CD_SIT": "5", "CD_TIPO": "0", "AREA_KM2": 0.50575858415410702, "CD_REGIAO": "2", "NM_REGIAO": "Nordeste", "CD_UF": "21", "NM_UF": "Maranhão", "CD_MUN": "2110237", "NM_MUN": "Santana do Maranhão", "CD_DIST": "211023705", "NM_DIST": "Santana do Maranhão", "CD_SUBDIST": "21102370500", "NM_SUBDIST": null, "CD_BAIRRO": null, "NM_BAIRRO": null, "CD_NU": null, "NM_NU": null, "CD_FCU": null, "NM_FCU": null, "CD_AGLOM": "211023700014", "NM_AGLOM": "Vereda dos Luís", "CD_RGINT": "2101", "NM_RGINT": "São Luís", "CD_RGI": "210007", "NM_RGI": "Tutóia - Araioses", "CD_CONCURB": null, "NM_CONCURB": null, "mun_code_x": "2110237", "index_right": 27091, "dist_m": 0.0, "local_id": 101309, "ano": 2022, "cod_localidade_ibge": 2110237, "NR_ZONA": "51", "nr_cep": 65555000.0, "nm_localidade": "SANTANA DO MARANHÃO", "nm_locvot": "ESCOLA MUNICIPAL LUIS MAXIMIANO", "ds_endereco": "POVOADO VEREDA", "ds_bairro": "POVOADO VEREDA - ZONA RURAL", "pred_long": -42.609056, "pred_lat": -3.173848, "pred_dist": 0.0, "tse_long": -42.6090144, "tse_lat": -3.1738885, "long": -42.6090144, "lat": -3.1738885, "ID_UNICO": "LOC_010310", "SG_UF": "MA", "CD_MUNICIPIO": "8222", "NR_LOCAL_VOTACAO": "1090", "QT_SECOES_AGREGADAS": 1, "QT_ELEITORES_TRANSFERIDOS": 2, "CIRO GOMES (PDT) (NÃO ELEITO) 1T": 13.0, "CONSTITUINTE EYMAEL (DC) (NÃO ELEITO) 1T": 0.0, "FELIPE D AVILA (NOVO) (NÃO ELEITO) 1T": 0.0, "JAIR BOLSONARO (PL) (2º TURNO) 1T": 49.0, "LULA (PT) (2º TURNO) 1T": 359.0, "LÉO PÉRICLES (UP) (NÃO ELEITO) 1T": 0.0, "PADRE KELMON (PTB) (NÃO ELEITO) 1T": 0.0, "SIMONE TEBET (MDB) (NÃO ELEITO) 1T": 3.0, "SOFIA MANZANO (PCB) (NÃO ELEITO) 1T": 0.0, "SORAYA THRONICKE (UNIÃO) (NÃO ELEITO) 1T": 0.0, "VERA (PSTU) (NÃO ELEITO) 1T": 0.0, "Total_Votos_Validos 1T": 424.0, "Votos_Brancos 1T": 1.0, "Votos_Nulos 1T": 10.0, "Abstenções 1T": 183.0, "Eleitores_Aptos 1T": 618.0, "JAIR BOLSONARO (PL) (NÃO ELEITO) 2T": 44.0, "LULA (PT) (ELEITO) 2T": 370.0, "Total_Votos_Validos 2T": 414.0, "Votos_Brancos 2T": 3.0, "Votos_Nulos 2T": 7.0, "Abstenções 2T": 194.0, "Eleitores_Aptos 2T": 618.0, "mun_code_y": "2110237", "mun_code": "2110237" }, "geometry": { "type": "Polygon", "coordinates": [ [ [ 6266944.847856751643121, 9642179.259807655587792 ], [ 6266918.301304388791323, 9642142.46985531039536 ], [ 6266808.531920221634209, 9642146.329014789313078 ], [ 6266645.89021126460284, 9642097.797576911747456 ], [ 6266559.696619004011154, 9642106.686376029625535 ], [ 6266493.707010952755809, 9642049.139963855966926 ], [ 6266401.884218116290867, 9642021.020317008718848 ], [ 6266226.317088322713971, 9641985.872089352458715 ], [ 6266082.328515856526792, 9641968.916925245895982 ], [ 6265979.902308518067002, 9641927.662970077246428 ], [ 6265883.000744188204408, 9641912.839686010032892 ], [ 6265742.119837812148035, 9641852.769756799563766 ], [ 6265603.199240363202989, 9641808.298089960590005 ], [ 6265439.384423878975213, 9641714.479553379118443 ], [ 6265382.067310256883502, 9642243.688758021220565 ], [ 6265565.147663490846753, 9642255.36629337631166 ], [ 6266449.568221762776375, 9642289.134830914437771 ], [ 6267109.691245121881366, 9642429.082101410254836 ], [ 6267113.843343554064631, 9642331.029437568038702 ], [ 6267032.548093270510435, 9642308.093728555366397 ], [ 6266982.258564736694098, 9642253.012538122013211 ], [ 6266944.847856751643121, 9642179.259807655587792 ] ] ] } },
{ "type": "Feature", "properties": { "lv_id": "LOC_010311", "id": 54863.0, "CD_SETOR": "211023705000006", "SITUACAO": "Rural", "CD_SIT": "8", "CD_TIPO": "0", "AREA_KM2": 28.741797673098784, "CD_REGIAO": "2", "NM_REGIAO": "Nordeste", "CD_UF": "21", "NM_UF": "Maranhão", "CD_MUN": "2110237", "NM_MUN": "Santana do Maranhão", "CD_DIST": "211023705", "NM_DIST": "Santana do Maranhão", "CD_SUBDIST": "21102370500", "NM_SUBDIST": null, "CD_BAIRRO": null, "NM_BAIRRO": null, "CD_NU": null, "NM_NU": null, "CD_FCU": null, "NM_FCU": null, "CD_AGLOM": null, "NM_AGLOM": null, "CD_RGINT": "2101", "NM_RGINT": "São Luís", "CD_RGI": "210007", "NM_RGI": "Tutóia - Araioses", "CD_CONCURB": null, "NM_CONCURB": null, "mun_code_x": "2110237", "index_right": 27097, "dist_m": 0.0, "local_id": 101315, "ano": 2022, "cod_localidade_ibge": 2110237, "NR_ZONA": "51", "nr_cep": 65555000.0, "nm_localidade": "SANTANA DO MARANHÃO", "nm_locvot": "ESCOLA MUNICIPAL FELIPE JORGE", "ds_endereco": "POVOADO BAIXA FUNDA", "ds_bairro": "POVOADO BAIXA FUNDA - ZONA RURAL", "pred_long": -42.336427, "pred_lat": -3.097064, "pred_dist": 0.0, "tse_long": -42.3363814, "tse_lat": -3.0970657, "long": -42.3363814, "lat": -3.0970657, "ID_UNICO": "LOC_010311", "SG_UF": "MA", "CD_MUNICIPIO": "8222", "NR_LOCAL_VOTACAO": "1112", "QT_SECOES_AGREGADAS": 1, "QT_ELEITORES_TRANSFERIDOS": 0, "CIRO GOMES (PDT) (NÃO ELEITO) 1T": 1.0, "CONSTITUINTE EYMAEL (DC) (NÃO ELEITO) 1T": 0.0, "FELIPE D AVILA (NOVO) (NÃO ELEITO) 1T": 0.0, "JAIR BOLSONARO (PL) (2º TURNO) 1T": 112.0, "LULA (PT) (2º TURNO) 1T": 333.0, "LÉO PÉRICLES (UP) (NÃO ELEITO) 1T": 0.0, "PADRE KELMON (PTB) (NÃO ELEITO) 1T": 0.0, "SIMONE TEBET (MDB) (NÃO ELEITO) 1T": 0.0, "SOFIA MANZANO (PCB) (NÃO ELEITO) 1T": 0.0, "SORAYA THRONICKE (UNIÃO) (NÃO ELEITO) 1T": 3.0, "VERA (PSTU) (NÃO ELEITO) 1T": 0.0, "Total_Votos_Validos 1T": 449.0, "Votos_Brancos 1T": 3.0, "Votos_Nulos 1T": 17.0, "Abstenções 1T": 189.0, "Eleitores_Aptos 1T": 658.0, "JAIR BOLSONARO (PL) (NÃO ELEITO) 2T": 122.0, "LULA (PT) (ELEITO) 2T": 298.0, "Total_Votos_Validos 2T": 420.0, "Votos_Brancos 2T": 1.0, "Votos_Nulos 2T": 6.0, "Abstenções 2T": 231.0, "Eleitores_Aptos 2T": 658.0, "mun_code_y": "2110237", "mun_code": "2110237" }, "geometry": { "type": "Polygon", "coordinates": [ [ [ 6298585.787531525827944, 9650164.620819814503193 ], [ 6291728.960771791636944, 9644661.365235498175025 ], [ 6291704.350350121036172, 9644684.495088128373027 ], [ 6291698.035260212607682, 9644695.434578651562333 ], [ 6291674.403565816581249, 9644741.725157648324966 ], [ 6291656.047643435187638, 9644776.579880617558956 ], [ 6291645.865716119296849, 9644796.704648168757558 ], [ 6291631.594847982749343, 9644817.992318507283926 ], [ 6291606.110767489299178, 9644866.673528622835875 ], [ 6291591.352267236448824, 9644905.190087553113699 ], [ 6291573.165705481544137, 9644940.302319444715977 ], [ 6291524.761248647235334, 9645034.328724583610892 ], [ 6291467.524136890657246, 9645138.859381960704923 ], [ 6291414.305629272013903, 9645246.967959551140666 ], [ 6291394.577981595881283, 9645278.46260561235249 ], [ 6291370.074720948934555, 9645316.387248484417796 ], [ 6291328.064339892007411, 9645402.700283914804459 ], [ 6291303.000066842883825, 9645448.226857608184218 ], [ 6291272.82752619870007, 9645512.353988101705909 ], [ 6291258.683365935459733, 9645531.077574510127306 ], [ 6291165.477227663621306, 9645621.908867293968797 ], [ 6291152.686563326977193, 9645634.353261264041066 ], [ 6291136.636960443109274, 9645652.668978864327073 ], [ 6291084.701509418897331, 9645702.940280413255095 ], [ 6291036.572837783955038, 9645754.692816333845258 ], [ 6290919.05012734234333, 9645877.360740084201097 ], [ 6290768.427229392342269, 9646037.741497993469238 ], [ 6290654.037904150784016, 9646148.318498980253935 ], [ 6290578.121990900486708, 9646225.681441143155098 ], [ 6290496.31666312739253, 9646298.210953945294023 ], [ 6290431.750765304081142, 9646372.637053925544024 ], [ 6290417.850395611487329, 9646445.92616312019527 ], [ 6290390.628613287582994, 9646628.026968400925398 ], [ 6290385.320731846615672, 9646674.043427135795355 ], [ 6290382.385802833363414, 9646689.188226876780391 ], [ 6290377.013040503486991, 9646728.298181438818574 ], [ 6290368.122515343129635, 9646789.206965116783977 ], [ 6290356.844726167619228, 9646860.491620881482959 ], [ 6290331.223763071000576, 9647025.622022487223148 ], [ 6290307.064768854528666, 9647200.476013792678714 ], [ 6290293.479741694405675, 9647270.27349891513586 ], [ 6290269.99711031280458, 9647447.128549395129085 ], [ 6290243.585241218097508, 9647628.63170805759728 ], [ 6290243.356422146782279, 9647637.166614670306444 ], [ 6290240.721220320090652, 9647652.319226328283548 ], [ 6290240.652372021228075, 9647656.179872555658221 ], [ 6290243.187673317268491, 9647656.253472812473774 ], [ 6290246.6225361879915, 9647656.249429518356919 ], [ 6290249.535866420716047, 9647656.330144543200731 ], [ 6290250.014052782207727, 9647656.347440432757139 ], [ 6290250.236473672091961, 9647656.356272334232926 ], [ 6290251.003770086914301, 9647656.381664238870144 ], [ 6290251.170616675168276, 9647656.391109397634864 ], [ 6290474.565142177045345, 9647662.774300746619701 ], [ 6290890.263756807893515, 9647674.664055455476046 ], [ 6291179.776170797646046, 9647682.946131240576506 ], [ 6291363.985073259100318, 9647688.214516492560506 ], [ 6291471.790589154697955, 9647691.301647961139679 ], [ 6291513.078027745708823, 9647692.482251562178135 ], [ 6291530.635949054732919, 9647692.976831959560513 ], [ 6291782.524124101735651, 9647700.612419277429581 ], [ 6291966.047309777699411, 9647706.192453429102898 ], [ 6292611.957881366834044, 9647744.948444537818432 ], [ 6292597.905840487219393, 9647870.446451911702752 ], [ 6292626.214001206681132, 9648040.241032190620899 ], [ 6292616.126194041222334, 9648101.584707166999578 ], [ 6292545.771977187134326, 9648242.580189317464828 ], [ 6292433.352658404968679, 9648493.150302788242698 ], [ 6292268.953610796481371, 9648429.171348437666893 ], [ 6292045.768873175606132, 9648380.15281387604773 ], [ 6291936.330762316472828, 9648451.360306482762098 ], [ 6291981.814784192480147, 9648932.569476267322898 ], [ 6291982.513273399323225, 9648935.451214730739594 ], [ 6291996.488732266239822, 9649043.436504414305091 ], [ 6288565.426417463459074, 9648895.960453210398555 ], [ 6288502.995309555903077, 9648913.111729841679335 ], [ 6288445.967371714301407, 9648931.343426212668419 ], [ 6288093.135913928970695, 9649030.285535864531994 ], [ 6288074.235220017842948, 9649039.194023232907057 ], [ 6288064.892984868958592, 9649043.878427091985941 ], [ 6288062.902371119707823, 9649044.825676342472434 ], [ 6288052.787880277261138, 9649055.149982301518321 ], [ 6288046.862202489748597, 9649061.207567896693945 ], [ 6288036.747703619301319, 9649071.531862212345004 ], [ 6288029.458887439221144, 9649078.992504527792335 ], [ 6288020.508673960343003, 9649088.028759423643351 ], [ 6287893.61546032037586, 9649207.375664100050926 ], [ 6287561.807852706871927, 9649557.008791048079729 ], [ 6286550.016438074409962, 9649252.255952993407845 ], [ 6286560.812031980603933, 9649144.129843097180128 ], [ 6286662.955019739456475, 9648939.486569689586759 ], [ 6286679.294272964820266, 9648876.055257994681597 ], [ 6286699.072664082981646, 9648843.631074193865061 ], [ 6286699.249254208058119, 9648747.616706479340792 ], [ 6286697.338056705892086, 9648684.453190647065639 ], [ 6286696.2946508647874, 9648644.820580311119556 ], [ 6286698.307808553799987, 9648605.15442394092679 ], [ 6286188.337296798825264, 9648431.796543253585696 ], [ 6285929.7320342566818, 9648310.796763624995947 ], [ 6285828.83597647305578, 9648207.397228933870792 ], [ 6285719.727413546293974, 9648199.003375122323632 ], [ 6285583.827693987637758, 9648351.595893926918507 ], [ 6285520.391093580052257, 9648346.852909697219729 ], [ 6285402.48892586119473, 9648328.2070034109056 ], [ 6285118.028194946236908, 9648459.180541209876537 ], [ 6284965.129539501853287, 9648490.30947769805789 ], [ 6284455.731364571489394, 9648538.739950086921453 ], [ 6284373.483424325473607, 9648465.346530102193356 ], [ 6284349.012199918739498, 9648443.509142788127065 ], [ 6284348.982961156405509, 9648440.823839923366904 ], [ 6284224.409912138246, 9648404.703550161793828 ], [ 6284163.702804522588849, 9648410.717634113505483 ], [ 6284131.104073916561902, 9648419.36872473359108 ], [ 6284111.615537098608911, 9648417.167540108785033 ], [ 6284114.010642193257809, 9648457.45919600315392 ], [ 6284118.150684387423098, 9648494.662474565207958 ], [ 6284043.389160801656544, 9648583.102130480110645 ], [ 6284018.856288564391434, 9648574.99813749268651 ], [ 6283998.03620017785579, 9648604.688756031915545 ], [ 6283939.390969321131706, 9648677.627616968005896 ], [ 6283909.825938086956739, 9648690.284760043025017 ], [ 6282510.354083450511098, 9649254.564806260168552 ], [ 6282323.793534807860851, 9649350.333425043150783 ], [ 6281826.190466312691569, 9649817.023232493549585 ], [ 6281305.938102069310844, 9650145.36449639685452 ], [ 6281073.279609975405037, 9650375.507725017145276 ], [ 6280855.503992065787315, 9650517.12914690002799 ], [ 6280670.689159730449319, 9650651.68824215233326 ], [ 6280591.773688357323408, 9650684.678843941539526 ], [ 6280462.961973400786519, 9650744.985025817528367 ], [ 6280344.374066233634949, 9650773.046456987038255 ], [ 6280105.465190919116139, 9650914.889991765841842 ], [ 6279961.602161886170506, 9651034.128023695200682 ], [ 6279956.630553466267884, 9651042.147435421124101 ], [ 6279845.130914658308029, 9651127.69347557425499 ], [ 6279805.098970133811235, 9651161.62525001168251 ], [ 6281698.508794277906418, 9651136.178032223135233 ], [ 6288408.4178446829319, 9651045.788633914664388 ], [ 6297320.086259548552334, 9650925.134608946740627 ], [ 6297346.139492677524686, 9650924.780563859269023 ], [ 6297403.781069792807102, 9650923.989047113806009 ], [ 6299496.589558877050877, 9650895.788371687754989 ], [ 6298585.787531525827944, 9650164.620819814503193 ] ], [ [ 6293303.971428779885173, 9648616.13939992338419 ], [ 6293305.287807062268257, 9648576.991815868765116 ], [ 6293301.914946573786438, 9648339.228216318413615 ], [ 6294008.443263326771557, 9648223.744129817932844 ], [ 6295455.599171129986644, 9649127.273272674530745 ], [ 6295416.401681769639254, 9649261.119057539850473 ], [ 6295359.805292744189501, 9649453.763677090406418 ], [ 6295347.645537067204714, 9649495.55046603269875 ], [ 6295253.380768023431301, 9649862.658416355028749 ], [ 6295239.572071673348546, 9649911.280974725261331 ], [ 6295041.627495777793229, 9649884.313699850812554 ], [ 6294697.930983159691095, 9649837.582281738519669 ], [ 6294014.142492749728262, 9649742.285340474918485 ], [ 6293268.82967084646225, 9649450.984561298042536 ], [ 6293283.370168010704219, 9649227.302433175966144 ], [ 6293303.971428779885173, 9648616.13939992338419 ] ] ] } },
{ "type": "Feature", "properties": { "lv_id": "LOC_010312", "id": 54860.0, "CD_SETOR": "211023705000003", "SITUACAO": "Rural", "CD_SIT": "5", "CD_TIPO": "0", "AREA_KM2": 0.793360039881708, "CD_REGIAO": "2", "NM_REGIAO": "Nordeste", "CD_UF": "21", "NM_UF": "Maranhão", "CD_MUN": "2110237", "NM_MUN": "Santana do Maranhão", "CD_DIST": "211023705", "NM_DIST": "Santana do Maranhão", "CD_SUBDIST": "21102370500", "NM_SUBDIST": null, "CD_BAIRRO": null, "NM_BAIRRO": null, "CD_NU": null, "NM_NU": null, "CD_FCU": null, "NM_FCU": null, "CD_AGLOM": "211023700002", "NM_AGLOM": "Riachão", "CD_RGINT": "2101", "NM_RGINT": "São Luís", "CD_RGI": "210007", "NM_RGI": "Tutóia - Araioses", "CD_CONCURB": null, "NM_CONCURB": null, "mun_code_x": "2110237", "index_right": 27096, "dist_m": 0.0, "local_id": 101314, "ano": 2022, "cod_localidade_ibge": 2110237, "NR_ZONA": "51", "nr_cep": 65555000.0, "nm_localidade": "SANTANA DO MARANHÃO", "nm_locvot": "ESCOLA MUNICIPAL HUMBERTO DE CAMPOS", "ds_endereco": "POVOADO RIACHÃO", "ds_bairro": "POVOADO RIACHÃO - ZONA RURAL", "pred_long": -42.501306, "pred_lat": -3.138793, "pred_dist": 0.0, "tse_long": -42.50123, "tse_lat": -3.1387589, "long": -42.50123, "lat": -3.1387589, "ID_UNICO": "LOC_010312", "SG_UF": "MA", "CD_MUNICIPIO": "8222", "NR_LOCAL_VOTACAO": "1082", "QT_SECOES_AGREGADAS": 1, "QT_ELEITORES_TRANSFERIDOS": 0, "CIRO GOMES (PDT) (NÃO ELEITO) 1T": 4.0, "CONSTITUINTE EYMAEL (DC) (NÃO ELEITO) 1T": 0.0, "FELIPE D AVILA (NOVO) (NÃO ELEITO) 1T": 0.0, "JAIR BOLSONARO (PL) (2º TURNO) 1T": 82.0, "LULA (PT) (2º TURNO) 1T": 264.0, "LÉO PÉRICLES (UP) (NÃO ELEITO) 1T": 0.0, "PADRE KELMON (PTB) (NÃO ELEITO) 1T": 0.0, "SIMONE TEBET (MDB) (NÃO ELEITO) 1T": 2.0, "SOFIA MANZANO (PCB) (NÃO ELEITO) 1T": 0.0, "SORAYA THRONICKE (UNIÃO) (NÃO ELEITO) 1T": 0.0, "VERA (PSTU) (NÃO ELEITO) 1T": 0.0, "Total_Votos_Validos 1T": 352.0, "Votos_Brancos 1T": 3.0, "Votos_Nulos 1T": 8.0, "Abstenções 1T": 200.0, "Eleitores_Aptos 1T": 563.0, "JAIR BOLSONARO (PL) (NÃO ELEITO) 2T": 67.0, "LULA (PT) (ELEITO) 2T": 259.0, "Total_Votos_Validos 2T": 326.0, "Votos_Brancos 2T": 6.0, "Votos_Nulos 2T": 3.0, "Abstenções 2T": 228.0, "Eleitores_Aptos 2T": 563.0, "mun_code_y": "2110237", "mun_code": "2110237" }, "geometry": { "type": "Polygon", "coordinates": [ [ [ 6278841.371739311143756, 9645931.669150093570352 ], [ 6278783.834221972152591, 9645841.006258385255933 ], [ 6278440.697447174228728, 9645414.108712755143642 ], [ 6278427.799034914933145, 9645394.439379187300801 ], [ 6278424.471588796935976, 9645392.061644921079278 ], [ 6278365.435774140059948, 9645457.233502523973584 ], [ 6278155.988304317928851, 9645584.362079832702875 ], [ 6278107.822657765820622, 9645642.35086427256465 ], [ 6277914.324974892660975, 9645801.003556609153748 ], [ 6277817.84575208183378, 9645942.252183491364121 ], [ 6277810.567982732318342, 9645952.733998071402311 ], [ 6277636.164191717281938, 9646071.540335189551115 ], [ 6277434.191038625314832, 9646168.862719343975186 ], [ 6277337.34861421957612, 9646239.274061156436801 ], [ 6277218.598321352154016, 9646275.200338713824749 ], [ 6277092.947396425530314, 9646258.313815703615546 ], [ 6277021.040529751218855, 9646293.263196013867855 ], [ 6276937.810403608717024, 9646353.076970525085926 ], [ 6276992.915048701688647, 9646574.787072001025081 ], [ 6277980.25891884136945, 9646337.354004001244903 ], [ 6278090.996849010698497, 9646310.821945160627365 ], [ 6278454.931357922032475, 9646126.934006066992879 ], [ 6278820.300359665416181, 9645942.269160959869623 ], [ 6278841.371739311143756, 9645931.669150093570352 ] ] ] } },
{ "type": "Feature", "properties": { "lv_id": "LOC_010313", "id": 54861.0, "CD_SETOR": "211023705000004", "SITUACAO": "Rural", "CD_SIT": "5", "CD_TIPO": "0", "AREA_KM2": 1.036541846369756, "CD_REGIAO": "2", "NM_REGIAO": "Nordeste", "CD_UF": "21", "NM_UF": "Maranhão", "CD_MUN": "2110237", "NM_MUN": "Santana do Maranhão", "CD_DIST": "211023705", "NM_DIST": "Santana do Maranhão", "CD_SUBDIST": "21102370500", "NM_SUBDIST": null, "CD_BAIRRO": null, "NM_BAIRRO": null, "CD_NU": null, "NM_NU": null, "CD_FCU": null, "NM_FCU": null, "CD_AGLOM": "211023700001", "NM_AGLOM": "São João dos Teixeiras", "CD_RGINT": "2101", "NM_RGINT": "São Luís", "CD_RGI": "210007", "NM_RGI": "Tutóia - Araioses", "CD_CONCURB": null, "NM_CONCURB": null, "mun_code_x": "2110237", "index_right": 27099, "dist_m": 0.0, "local_id": 101317, "ano": 2022, "cod_localidade_ibge": 2110237, "NR_ZONA": "51", "nr_cep": 65555000.0, "nm_localidade": "SANTANA DO MARANHÃO", "nm_locvot": "COLEGIO MUNICIPAL ALUIZIO DE AZEVEDO", "ds_endereco": "POVOADO SÃO JOÃO", "ds_bairro": "POVOADO SÃO JOÃO - ZONA RURAL", "pred_long": -42.5611511, "pred_lat": -3.1800561, "pred_dist": 0.0, "tse_long": -42.5610839, "tse_lat": -3.180086, "long": -42.5610839, "lat": -3.180086, "ID_UNICO": "LOC_010313", "SG_UF": "MA", "CD_MUNICIPIO": "8222", "NR_LOCAL_VOTACAO": "1074", "QT_SECOES_AGREGADAS": 0, "QT_ELEITORES_TRANSFERIDOS": 0, "CIRO GOMES (PDT) (NÃO ELEITO) 1T": 5.0, "CONSTITUINTE EYMAEL (DC) (NÃO ELEITO) 1T": 0.0, "FELIPE D AVILA (NOVO) (NÃO ELEITO) 1T": 0.0, "JAIR BOLSONARO (PL) (2º TURNO) 1T": 36.0, "LULA (PT) (2º TURNO) 1T": 185.0, "LÉO PÉRICLES (UP) (NÃO ELEITO) 1T": 0.0, "PADRE KELMON (PTB) (NÃO ELEITO) 1T": 0.0, "SIMONE TEBET (MDB) (NÃO ELEITO) 1T": 1.0, "SOFIA MANZANO (PCB) (NÃO ELEITO) 1T": 0.0, "SORAYA THRONICKE (UNIÃO) (NÃO ELEITO) 1T": 0.0, "VERA (PSTU) (NÃO ELEITO) 1T": 0.0, "Total_Votos_Validos 1T": 227.0, "Votos_Brancos 1T": 2.0, "Votos_Nulos 1T": 2.0, "Abstenções 1T": 104.0, "Eleitores_Aptos 1T": 335.0, "JAIR BOLSONARO (PL) (NÃO ELEITO) 2T": 37.0, "LULA (PT) (ELEITO) 2T": 176.0, "Total_Votos_Validos 2T": 213.0, "Votos_Brancos 2T": 1.0, "Votos_Nulos 2T": 4.0, "Abstenções 2T": 117.0, "Eleitores_Aptos 2T": 335.0, "mun_code_y": "2110237", "mun_code": "2110237" }, "geometry": { "type": "Polygon", "coordinates": [ [ [ 6271784.64464208483696, 9642573.409409925341606 ], [ 6271745.572083642706275, 9642508.474649291485548 ], [ 6271715.85150355938822, 9642408.424453932791948 ], [ 6271703.804264699108899, 9642292.139403386041522 ], [ 6271708.777850450947881, 9642257.139839379116893 ], [ 6271707.365323445759714, 9642252.000608759000897 ], [ 6271674.86578925140202, 9641958.703404970467091 ], [ 6271634.997425535693765, 9641754.68824528157711 ], [ 6271618.885777472518384, 9641672.321622975170612 ], [ 6271618.838344428688288, 9641672.05143497698009 ], [ 6271617.469977408647537, 9641664.870126305148005 ], [ 6271617.115841154009104, 9641662.990334728732705 ], [ 6271616.057771885767579, 9641657.74570188857615 ], [ 6271607.037099758163095, 9641594.532567797228694 ], [ 6271606.671757592819631, 9641585.569248730316758 ], [ 6271605.531706715002656, 9641557.709725489839911 ], [ 6271598.00256160646677, 9641473.477321220561862 ], [ 6271615.045844518579543, 9641401.008251199498773 ], [ 6271619.319969502277672, 9641361.120987933129072 ], [ 6271626.293805353343487, 9641343.334598397836089 ], [ 6271625.694914611056447, 9641315.175796201452613 ], [ 6271606.59861525055021, 9641217.242636770009995 ], [ 6271606.882685826160014, 9641180.445093765854836 ], [ 6271591.50679898634553, 9641031.779851127415895 ], [ 6271589.278157437220216, 9641024.21332092396915 ], [ 6271597.819149951450527, 9640944.87872201949358 ], [ 6271604.230064493604004, 9640899.226343438029289 ], [ 6271617.244715006090701, 9640761.89817070402205 ], [ 6271612.642365230247378, 9640710.423522397875786 ], [ 6271615.112357181496918, 9640681.395979803055525 ], [ 6271611.094858999364078, 9640604.343752406537533 ], [ 6271607.512457205913961, 9640590.949383610859513 ], [ 6271607.585133522748947, 9640585.444079367443919 ], [ 6271607.923936823382974, 9640576.856460621580482 ], [ 6271608.059803875163198, 9640574.057584777474403 ], [ 6271608.067400189116597, 9640571.722600826993585 ], [ 6271608.17983013484627, 9640570.830255821347237 ], [ 6271606.496491584926844, 9640570.386473996564746 ], [ 6271542.01897610258311, 9640573.741646233946085 ], [ 6271303.804407188668847, 9640590.079024724662304 ], [ 6271076.137420434504747, 9640987.715695476159453 ], [ 6271119.347706056199968, 9641722.730017937719822 ], [ 6271110.060690412297845, 9642011.656309727579355 ], [ 6271155.885500023141503, 9642205.620425377041101 ], [ 6271317.953164717182517, 9642795.647900391370058 ], [ 6271578.332642369903624, 9642663.228588685393333 ], [ 6271660.361379356123507, 9642628.281138770282269 ], [ 6271784.64464208483696, 9642573.409409925341606 ] ] ] } },
{ "type": "Feature", "properties": { "lv_id": "LOC_010314", "id": 54862.0, "CD_SETOR": "211023705000005", "SITUACAO": "Rural", "CD_SIT": "5", "CD_TIPO": "0", "AREA_KM2": 1.196491011232913, "CD_REGIAO": "2", "NM_REGIAO": "Nordeste", "CD_UF": "21", "NM_UF": "Maranhão", "CD_MUN": "2110237", "NM_MUN": "Santana do Maranhão", "CD_DIST": "211023705", "NM_DIST": "Santana do Maranhão", "CD_SUBDIST": "21102370500", "NM_SUBDIST": null, "CD_BAIRRO": null, "NM_BAIRRO": null, "CD_NU": null, "NM_NU": null, "CD_FCU": null, "NM_FCU": null, "CD_AGLOM": "211023700003", "NM_AGLOM": "Coqueiro do Magu", "CD_RGINT": "2101", "NM_RGINT": "São Luís", "CD_RGI": "210007", "NM_RGI": "Tutóia - Araioses", "CD_CONCURB": null, "NM_CONCURB": null, "mun_code_x": "2110237", "index_right": 27095, "dist_m": 0.0, "local_id": 101313, "ano": 2022, "cod_localidade_ibge": 2110237, "NR_ZONA": "51", "nr_cep": 65555000.0, "nm_localidade": "SANTANA DO MARANHÃO", "nm_locvot": "ESCOLA  MUNICIPAL JUCELINO KUBITCHEK", "ds_endereco": "POVOADO COQUEIRO DO MAGU", "ds_bairro": "POVOADO COQUEIRO DO MAGÚ - ZONA RURAL", "pred_long": -42.534496, "pred_lat": -3.13652, "pred_dist": 0.0, "tse_long": -42.5345531, "tse_lat": -3.1364345, "long": -42.5345531, "lat": -3.1364345, "ID_UNICO": "LOC_010314", "SG_UF": "MA", "CD_MUNICIPIO": "8222", "NR_LOCAL_VOTACAO": "1120", "QT_SECOES_AGREGADAS": 1, "QT_ELEITORES_TRANSFERIDOS": 0, "CIRO GOMES (PDT) (NÃO ELEITO) 1T": 3.0, "CONSTITUINTE EYMAEL (DC) (NÃO ELEITO) 1T": 0.0, "FELIPE D AVILA (NOVO) (NÃO ELEITO) 1T": 0.0, "JAIR BOLSONARO (PL) (2º TURNO) 1T": 65.0, "LULA (PT) (2º TURNO) 1T": 245.0, "LÉO PÉRICLES (UP) (NÃO ELEITO) 1T": 0.0, "PADRE KELMON (PTB) (NÃO ELEITO) 1T": 1.0, "SIMONE TEBET (MDB) (NÃO ELEITO) 1T": 2.0, "SOFIA MANZANO (PCB) (NÃO ELEITO) 1T": 0.0, "SORAYA THRONICKE (UNIÃO) (NÃO ELEITO) 1T": 0.0, "VERA (PSTU) (NÃO ELEITO) 1T": 0.0, "Total_Votos_Validos 1T": 316.0, "Votos_Brancos 1T": 1.0, "Votos_Nulos 1T": 2.0, "Abstenções 1T": 111.0, "Eleitores_Aptos 1T": 430.0, "JAIR BOLSONARO (PL) (NÃO ELEITO) 2T": 67.0, "LULA (PT) (ELEITO) 2T": 233.0, "Total_Votos_Validos 2T": 300.0, "Votos_Brancos 2T": 2.0, "Votos_Nulos 2T": 2.0, "Abstenções 2T": 126.0, "Eleitores_Aptos 2T": 430.0, "mun_code_y": "2110237", "mun_code": "2110237" }, "geometry": { "type": "Polygon", "coordinates": [ [ [ 6274215.967850992456079, 9645974.128707457333803 ], [ 6274158.206583547405899, 9645969.820578776299953 ], [ 6273996.103810163214803, 9646497.538739120587707 ], [ 6274266.897839804179966, 9646777.505548695102334 ], [ 6276194.018527122214437, 9646926.874007523059845 ], [ 6276186.435395340435207, 9646567.919170212000608 ], [ 6275352.534720649011433, 9646466.19153992459178 ], [ 6275374.977747625671327, 9646339.463331755250692 ], [ 6275382.200569437816739, 9646244.229029756039381 ], [ 6274801.095223715528846, 9646118.315747803077102 ], [ 6274215.967850992456079, 9645974.128707457333803 ] ] ] } },
{ "type": "Feature", "properties": { "lv_id": "LOC_010315", "id": 54869.0, "CD_SETOR": "211023705000014", "SITUACAO": "Rural", "CD_SIT": "5", "CD_TIPO": "0", "AREA_KM2": 0.46517940723540602, "CD_REGIAO": "2", "NM_REGIAO": "Nordeste", "CD_UF": "21", "NM_UF": "Maranhão", "CD_MUN": "2110237", "NM_MUN": "Santana do Maranhão", "CD_DIST": "211023705", "NM_DIST": "Santana do Maranhão", "CD_SUBDIST": "21102370500", "NM_SUBDIST": null, "CD_BAIRRO": null, "NM_BAIRRO": null, "CD_NU": null, "NM_NU": null, "CD_FCU": null, "NM_FCU": null, "CD_AGLOM": "211023700009", "NM_AGLOM": "Santana Velha", "CD_RGINT": "2101", "NM_RGINT": "São Luís", "CD_RGI": "210007", "NM_RGI": "Tutóia - Araioses", "CD_CONCURB": null, "NM_CONCURB": null, "mun_code_x": "2110237", "index_right": 27094, "dist_m": 0.0, "local_id": 101312, "ano": 2022, "cod_localidade_ibge": 2110237, "NR_ZONA": "51", "nr_cep": 65555000.0, "nm_localidade": "SANTANA DO MARANHÃO", "nm_locvot": "ESCOLA MUNICIPAL CANDIDO MENDES", "ds_endereco": "RUA PRINCIPAL", "ds_bairro": "POVOADO SANTANA VELHA - ZONA RURAL", "pred_long": -42.443006, "pred_lat": -3.121137, "pred_dist": 0.0, "tse_long": -42.4420633, "tse_lat": -3.1211266, "long": -42.4420633, "lat": -3.1211266, "ID_UNICO": "LOC_010315", "SG_UF": "MA", "CD_MUNICIPIO": "8222", "NR_LOCAL_VOTACAO": "1155", "QT_SECOES_AGREGADAS": 1, "QT_ELEITORES_TRANSFERIDOS": 0, "CIRO GOMES (PDT) (NÃO ELEITO) 1T": 5.0, "CONSTITUINTE EYMAEL (DC) (NÃO ELEITO) 1T": 0.0, "FELIPE D AVILA (NOVO) (NÃO ELEITO) 1T": 0.0, "JAIR BOLSONARO (PL) (2º TURNO) 1T": 41.0, "LULA (PT) (2º TURNO) 1T": 271.0, "LÉO PÉRICLES (UP) (NÃO ELEITO) 1T": 0.0, "PADRE KELMON (PTB) (NÃO ELEITO) 1T": 0.0, "SIMONE TEBET (MDB) (NÃO ELEITO) 1T": 2.0, "SOFIA MANZANO (PCB) (NÃO ELEITO) 1T": 0.0, "SORAYA THRONICKE (UNIÃO) (NÃO ELEITO) 1T": 0.0, "VERA (PSTU) (NÃO ELEITO) 1T": 0.0, "Total_Votos_Validos 1T": 319.0, "Votos_Brancos 1T": 3.0, "Votos_Nulos 1T": 9.0, "Abstenções 1T": 91.0, "Eleitores_Aptos 1T": 422.0, "JAIR BOLSONARO (PL) (NÃO ELEITO) 2T": 44.0, "LULA (PT) (ELEITO) 2T": 266.0, "Total_Votos_Validos 2T": 310.0, "Votos_Brancos 2T": 1.0, "Votos_Nulos 2T": 3.0, "Abstenções 2T": 108.0, "Eleitores_Aptos 2T": 422.0, "mun_code_y": "2110237", "mun_code": "2110237" }, "geometry": { "type": "Polygon", "coordinates": [ [ [ 6283926.223141717724502, 9647577.154522020369768 ], [ 6283418.335132356733084, 9647383.516956882551312 ], [ 6283409.639412647113204, 9647412.792420573532581 ], [ 6283391.089824086986482, 9647475.237645428627729 ], [ 6283383.116766221821308, 9647496.380785385146737 ], [ 6283413.111416870728135, 9647512.977057050913572 ], [ 6283775.370392180047929, 9647763.089483000338078 ], [ 6284170.922345938161016, 9647991.818942183628678 ], [ 6285235.011811965145171, 9647945.978612963110209 ], [ 6285255.030291731469333, 9647813.392070511355996 ], [ 6284650.237593258731067, 9647681.589975450187922 ], [ 6283926.223141717724502, 9647577.154522020369768 ] ] ] } },
{ "type": "Feature", "properties": { "lv_id": "LOC_010316", "id": 54875.0, "CD_SETOR": "211023705000020", "SITUACAO": "Rural", "CD_SIT": "5", "CD_TIPO": "0", "AREA_KM2": 0.73746956311406697, "CD_REGIAO": "2", "NM_REGIAO": "Nordeste", "CD_UF": "21", "NM_UF": "Maranhão", "CD_MUN": "2110237", "NM_MUN": "Santana do Maranhão", "CD_DIST": "211023705", "NM_DIST": "Santana do Maranhão", "CD_SUBDIST": "21102370500", "NM_SUBDIST": null, "CD_BAIRRO": null, "NM_BAIRRO": null, "CD_NU": null, "NM_NU": null, "CD_FCU": null, "NM_FCU": null, "CD_AGLOM": "211023700013", "NM_AGLOM": "Canto Sujo", "CD_RGINT": "2101", "NM_RGINT": "São Luís", "CD_RGI": "210007", "NM_RGI": "Tutóia - Araioses", "CD_CONCURB": null, "NM_CONCURB": null, "mun_code_x": "2110237", "index_right": 27103, "dist_m": 0.0, "local_id": 101321, "ano": 2022, "cod_localidade_ibge": 2110237, "NR_ZONA": "51", "nr_cep": 65555000.0, "nm_localidade": "SANTANA DO MARANHÃO", "nm_locvot": "ESCOLA MUNICIPAL CRISTO REI", "ds_endereco": "POVOADO CANTO SUJO", "ds_bairro": "POVOADO CANTO SUJO-ZONA RURAL", "pred_long": -42.537826, "pred_lat": -3.164386, "pred_dist": 0.0, "tse_long": -42.5378308, "tse_lat": -3.1644279, "long": -42.5378308, "lat": -3.1644279, "ID_UNICO": "LOC_010316", "SG_UF": "MA", "CD_MUNICIPIO": "8222", "NR_LOCAL_VOTACAO": "1163", "QT_SECOES_AGREGADAS": 0, "QT_ELEITORES_TRANSFERIDOS": 0, "CIRO GOMES (PDT) (NÃO ELEITO) 1T": 2.0, "CONSTITUINTE EYMAEL (DC) (NÃO ELEITO) 1T": 0.0, "FELIPE D AVILA (NOVO) (NÃO ELEITO) 1T": 0.0, "JAIR BOLSONARO (PL) (2º TURNO) 1T": 13.0, "LULA (PT) (2º TURNO) 1T": 233.0, "LÉO PÉRICLES (UP) (NÃO ELEITO) 1T": 0.0, "PADRE KELMON (PTB) (NÃO ELEITO) 1T": 0.0, "SIMONE TEBET (MDB) (NÃO ELEITO) 1T": 1.0, "SOFIA MANZANO (PCB) (NÃO ELEITO) 1T": 0.0, "SORAYA THRONICKE (UNIÃO) (NÃO ELEITO) 1T": 1.0, "VERA (PSTU) (NÃO ELEITO) 1T": 0.0, "Total_Votos_Validos 1T": 250.0, "Votos_Brancos 1T": 3.0, "Votos_Nulos 1T": 3.0, "Abstenções 1T": 79.0, "Eleitores_Aptos 1T": 335.0, "JAIR BOLSONARO (PL) (NÃO ELEITO) 2T": 15.0, "LULA (PT) (ELEITO) 2T": 229.0, "Total_Votos_Validos 2T": 244.0, "Votos_Brancos 2T": 7.0, "Votos_Nulos 2T": 8.0, "Abstenções 2T": 76.0, "Eleitores_Aptos 2T": 335.0, "mun_code_y": "2110237", "mun_code": "2110237" }, "geometry": { "type": "Polygon", "coordinates": [ [ [ 6273532.682899288833141, 9643434.11273823492229 ], [ 6273594.916216989979148, 9643425.631661294028163 ], [ 6273650.422973774373531, 9643406.869299970567226 ], [ 6273758.479971872642636, 9643370.392165496945381 ], [ 6273835.882092013023794, 9643351.387968117371202 ], [ 6273841.756821300834417, 9643351.898455236107111 ], [ 6273923.242355498485267, 9643333.25515266135335 ], [ 6273939.232079251669347, 9643351.984842916950583 ], [ 6274022.368722057901323, 9643390.673443490639329 ], [ 6274073.194556997157633, 9643398.17824131436646 ], [ 6274120.953324802219868, 9643397.651276294142008 ], [ 6274192.552671739831567, 9643394.841993425041437 ], [ 6274291.99391521140933, 9643389.717453518882394 ], [ 6274302.39148467220366, 9643390.110336396843195 ], [ 6274366.23287726379931, 9643375.214710367843509 ], [ 6274366.878875285387039, 9643375.331667814403772 ], [ 6274372.396768915466964, 9643371.683518359437585 ], [ 6274419.94541020039469, 9643353.008108951151371 ], [ 6274470.671820649877191, 9643351.444199614226818 ], [ 6274564.586756637319922, 9643386.708860786631703 ], [ 6274611.433924812823534, 9643417.597330363467336 ], [ 6274653.965830671600997, 9643424.95671890117228 ], [ 6274722.482494136318564, 9643040.879486603662372 ], [ 6274137.628172654658556, 9643016.680132305249572 ], [ 6273688.686826460063457, 9643018.86330308765173 ], [ 6273197.051433062180877, 9642814.455808190628886 ], [ 6273116.385775411501527, 9642848.002932965755463 ], [ 6273106.184074202552438, 9642863.434123964980245 ], [ 6273082.409833744168282, 9642872.765930354595184 ], [ 6273061.592099115252495, 9642880.045918673276901 ], [ 6273046.78718313574791, 9642890.293879985809326 ], [ 6273036.669164484366775, 9642892.075060049071908 ], [ 6273034.961297987960279, 9642894.462756710126996 ], [ 6273012.01007232721895, 9642894.716150913387537 ], [ 6272991.247619391418993, 9642907.03772659227252 ], [ 6272984.566361884586513, 9642933.326614456251264 ], [ 6272969.860858215019107, 9642952.642676893621683 ], [ 6272958.145005200058222, 9642972.929656000807881 ], [ 6272956.266090767458081, 9642983.034862335771322 ], [ 6272955.46477626170963, 9643001.193491861224174 ], [ 6272955.359134869650006, 9643005.751844329759479 ], [ 6272925.296121382154524, 9643047.786361759528518 ], [ 6272779.304004531353712, 9643250.859919052571058 ], [ 6272744.334422814659774, 9643300.641051810234785 ], [ 6272708.667204819619656, 9643552.715358458459377 ], [ 6272742.974413068965077, 9643563.222656430676579 ], [ 6273083.245804252102971, 9643635.828927826136351 ], [ 6273471.735032241791487, 9643746.76527252048254 ], [ 6273496.543386271223426, 9643710.011283647269011 ], [ 6273523.636850740760565, 9643434.314021609723568 ], [ 6273532.682899288833141, 9643434.11273823492229 ] ] ] } },
{ "type": "Feature", "properties": { "lv_id": "LOC_010317", "id": 54867.0, "CD_SETOR": "211023705000010", "SITUACAO": "Rural", "CD_SIT": "8", "CD_TIPO": "0", "AREA_KM2": 153.51869811428702, "CD_REGIAO": "2", "NM_REGIAO": "Nordeste", "CD_UF": "21", "NM_UF": "Maranhão", "CD_MUN": "2110237", "NM_MUN": "Santana do Maranhão", "CD_DIST": "211023705", "NM_DIST": "Santana do Maranhão", "CD_SUBDIST": "21102370500", "NM_SUBDIST": null, "CD_BAIRRO": null, "NM_BAIRRO": null, "CD_NU": null, "NM_NU": null, "CD_FCU": null, "NM_FCU": null, "CD_AGLOM": "211023700004", "NM_AGLOM": "Buriti Seco", "CD_RGINT": "2101", "NM_RGINT": "São Luís", "CD_RGI": "210007", "NM_RGI": "Tutóia - Araioses", "CD_CONCURB": null, "NM_CONCURB": null, "mun_code_x": "2110237", "index_right": 27101, "dist_m": 4691.2486560239577, "local_id": 101319, "ano": 2022, "cod_localidade_ibge": 2110237, "NR_ZONA": "51", "nr_cep": 65555000.0, "nm_localidade": "SANTANA DO MARANHÃO", "nm_locvot": "ESCOLA MUNICIPAL ILUSKA SUASSUNA DE MEDEIROS ALMEIDA", "ds_endereco": "POVOADO VEREDA 3", "ds_bairro": "POVOADO VEREDA 3 - ZONA RURAL", "pred_long": -42.6423565, "pred_lat": -3.1911599, "pred_dist": 0.0, "tse_long": -42.642342, "tse_lat": -3.1911823, "long": -42.642342, "lat": -3.1911823, "ID_UNICO": "LOC_010317", "SG_UF": "MA", "CD_MUNICIPIO": "8222", "NR_LOCAL_VOTACAO": "1171", "QT_SECOES_AGREGADAS": 0, "QT_ELEITORES_TRANSFERIDOS": 0, "CIRO GOMES (PDT) (NÃO ELEITO) 1T": 0.0, "CONSTITUINTE EYMAEL (DC) (NÃO ELEITO) 1T": 0.0, "FELIPE D AVILA (NOVO) (NÃO ELEITO) 1T": 0.0, "JAIR BOLSONARO (PL) (2º TURNO) 1T": 0.0, "LULA (PT) (2º TURNO) 1T": 43.0, "LÉO PÉRICLES (UP) (NÃO ELEITO) 1T": 0.0, "PADRE KELMON (PTB) (NÃO ELEITO) 1T": 0.0, "SIMONE TEBET (MDB) (NÃO ELEITO) 1T": 0.0, "SOFIA MANZANO (PCB) (NÃO ELEITO) 1T": 0.0, "SORAYA THRONICKE (UNIÃO) (NÃO ELEITO) 1T": 0.0, "VERA (PSTU) (NÃO ELEITO) 1T": 0.0, "Total_Votos_Validos 1T": 43.0, "Votos_Brancos 1T": 0.0, "Votos_Nulos 1T": 0.0, "Abstenções 1T": 10.0, "Eleitores_Aptos 1T": 53.0, "JAIR BOLSONARO (PL) (NÃO ELEITO) 2T": 0.0, "LULA (PT) (ELEITO) 2T": 40.0, "Total_Votos_Validos 2T": 40.0, "Votos_Brancos 2T": 0.0, "Votos_Nulos 2T": 0.0, "Abstenções 2T": 13.0, "Eleitores_Aptos 2T": 53.0, "mun_code_y": "2110237", "mun_code": "2110237" }, "geometry": { "type": "Polygon", "coordinates": [ [ [ 6267887.305316771380603, 9625525.470516934990883 ], [ 6267820.932546123862267, 9625472.189567003399134 ], [ 6262348.996396644040942, 9621080.253306666389108 ], [ 6260036.793950367718935, 9622506.75489285774529 ], [ 6260031.629240971058607, 9622509.937980135902762 ], [ 6252272.45973177626729, 9627296.683643000200391 ], [ 6251241.74549039080739, 9627932.654334370046854 ], [ 6251020.460421486757696, 9628069.189771518111229 ], [ 6246425.238268133252859, 9630904.000347333028913 ], [ 6238950.517896616831422, 9635515.425415482372046 ], [ 6238648.51442866306752, 9635712.32021851837635 ], [ 6238695.712345805950463, 9635716.726716279983521 ], [ 6238904.513962449505925, 9635839.62849610671401 ], [ 6239268.124317234382033, 9635937.924546355381608 ], [ 6239546.616632368415594, 9636075.029346115887165 ], [ 6239632.726448021829128, 9636164.922032840549946 ], [ 6240111.923508834093809, 9636473.425839528441429 ], [ 6240369.830551249906421, 9636601.330131623893976 ], [ 6240548.922681751661003, 9636733.525161899626255 ], [ 6240820.62455840408802, 9636905.422238383442163 ], [ 6240955.732879366725683, 9636936.420048175379634 ], [ 6241279.631399365141988, 9636906.129915632307529 ], [ 6241405.82997330557555, 9636941.620307477191091 ], [ 6241613.827999267727137, 9637057.027297265827656 ], [ 6241735.936575849540532, 9637110.920974437147379 ], [ 6241880.631856048479676, 9637205.723627749830484 ], [ 6241916.729716112837195, 9637243.126101536676288 ], [ 6242051.514018103480339, 9637579.42021438293159 ], [ 6242191.52886513620615, 9637928.822537533938885 ], [ 6244613.149541614577174, 9643970.542546754702926 ], [ 6245053.359783384017646, 9645149.046445023268461 ], [ 6245116.060734656639397, 9645172.649818973615766 ], [ 6245482.455532018095255, 9645401.149410950019956 ], [ 6246022.559502213262022, 9645610.950172578915954 ], [ 6246743.867393216118217, 9646033.648973831906915 ], [ 6247048.466049059294164, 9646060.644586194306612 ], [ 6247187.96952348574996, 9646133.447934674099088 ], [ 6247726.471994132734835, 9646280.443175235763192 ], [ 6248093.865331626497209, 9646463.846034908667207 ], [ 6248301.16736629512161, 9646648.449727647006512 ], [ 6248451.36931087821722, 9646839.641259301453829 ], [ 6248579.969558755867183, 9647176.842699049040675 ], [ 6249009.679727737791836, 9647965.948659054934978 ], [ 6249046.773506576195359, 9648286.34943626075983 ], [ 6249081.112968118861318, 9649094.209680322557688 ], [ 6249103.980640419758856, 9649632.457315210253 ], [ 6249027.483064629137516, 9650052.854081768542528 ], [ 6248984.77692645508796, 9650391.349855933338404 ], [ 6249065.761337102390826, 9650908.40955120138824 ], [ 6249093.2793875541538, 9651084.16186816804111 ], [ 6249094.884958573617041, 9651270.558894779533148 ], [ 6249051.276918970048428, 9651504.358984462916851 ], [ 6248984.277772366069257, 9651714.85885171033442 ], [ 6249020.582301381975412, 9651947.553978234529495 ], [ 6249147.985530996695161, 9652138.956945180892944 ], [ 6249160.679376773536205, 9652290.362017067149282 ], [ 6249208.385987401008606, 9652523.062622731551528 ], [ 6249211.186665885150433, 9652861.460371663793921 ], [ 6249053.986650267615914, 9653183.259658209979534 ], [ 6248975.782559034414589, 9653405.562699856236577 ], [ 6248971.383545683696866, 9653507.968247760087252 ], [ 6248967.329559377394617, 9653600.868004923686385 ], [ 6248966.180315310135484, 9653627.064487293362617 ], [ 6249036.178307062014937, 9653801.267295746132731 ], [ 6249221.088422140106559, 9654044.667916284874082 ], [ 6249383.179501691833138, 9654305.567851172760129 ], [ 6249419.085030423477292, 9654480.266967583447695 ], [ 6249455.890688566491008, 9654783.06288499943912 ], [ 6249715.482646417804062, 9655562.272442612797022 ], [ 6249741.388333082199097, 9655560.468449810519814 ], [ 6257459.861368189565837, 9655045.197406783699989 ], [ 6257556.536437790840864, 9655043.400569587945938 ], [ 6257467.573491166345775, 9655015.193025266751647 ], [ 6257422.442940192297101, 9655018.72412802092731 ], [ 6257390.732230568304658, 9655012.879801502451301 ], [ 6257376.77677689678967, 9655005.07822560146451 ], [ 6257355.183705060742795, 9654992.993849854916334 ], [ 6257310.46937299054116, 9654977.883523790165782 ], [ 6257273.615462516434491, 9654979.839122749865055 ], [ 6257245.79679237306118, 9654964.550752537325025 ], [ 6257198.084920443594456, 9654957.251563267782331 ], [ 6257164.083088809624314, 9654939.6269063167274 ], [ 6257050.114235986024141, 9654912.066601987928152 ], [ 6257032.370040637440979, 9654904.462889423593879 ], [ 6257014.625845766626298, 9654896.859182648360729 ], [ 6256966.718375071883202, 9654870.880195060744882 ], [ 6256922.020374246872962, 9654857.325793597847223 ], [ 6256892.602483183145523, 9654835.819661438465118 ], [ 6256837.025169784203172, 9654809.910387743264437 ], [ 6256823.230135591700673, 9654813.178836224600673 ], [ 6256790.945292531512678, 9654811.951985571533442 ], [ 6256729.270096244290471, 9654790.785969294607639 ], [ 6256699.696915470995009, 9654771.435037203133106 ], [ 6256659.34697338566184, 9654760.134942028671503 ], [ 6256613.468664630316198, 9654751.700469117611647 ], [ 6256560.909448477439582, 9654743.291328188031912 ], [ 6256484.876531751826406, 9654731.104663955047727 ], [ 6256488.812943954020739, 9654560.357728825882077 ], [ 6256375.304171324707568, 9642030.52123649418354 ], [ 6256375.001878067851067, 9641995.517481176182628 ], [ 6256554.895655523054302, 9642087.501455001533031 ], [ 6256653.304013440385461, 9642137.815232221037149 ], [ 6256680.655955079942942, 9642151.812439538538456 ], [ 6256834.371446480043232, 9642230.396367393434048 ], [ 6256870.17367722094059, 9642248.709726296365261 ], [ 6257686.290828601457179, 9642666.00268223695457 ], [ 6262517.950351831503212, 9645136.80558199621737 ], [ 6262675.444748599082232, 9645217.35391136072576 ], [ 6262705.321967972442508, 9645209.935784691944718 ], [ 6262725.538804591633379, 9645130.508969517424703 ], [ 6262733.845338009297848, 9645091.72854438982904 ], [ 6262740.288949199952185, 9645070.841790843755007 ], [ 6262748.636390056461096, 9645035.849823351949453 ], [ 6262761.756870366632938, 9644998.178407963365316 ], [ 6262782.870169281959534, 9644948.229885753244162 ], [ 6262813.926392852328718, 9644886.456564446911216 ], [ 6262841.315587993711233, 9644849.45273245871067 ], [ 6262866.420781614258885, 9644804.783049309626222 ], [ 6262884.012537661939859, 9644766.36350541561842 ], [ 6262916.527851769700646, 9644712.084139218553901 ], [ 6262985.948131060227752, 9644605.506988944485784 ], [ 6263008.403875049203634, 9644574.882709700614214 ], [ 6263038.762293338775635, 9644520.603879705071449 ], [ 6263051.01052173320204, 9644494.827047040686011 ], [ 6263092.507245685905218, 9644439.558229954913259 ], [ 6263116.888188848271966, 9644398.898969065397978 ], [ 6263150.574055361561477, 9644339.881045626476407 ], [ 6263181.629003884270787, 9644295.551490340381861 ], [ 6263205.730585923418403, 9644260.928108431398869 ], [ 6263209.272844482213259, 9644228.818317532539368 ], [ 6263230.498405640944839, 9644182.182659707963467 ], [ 6263242.138897867873311, 9644129.111082883551717 ], [ 6263284.956138289533556, 9643997.922883674502373 ], [ 6263301.575786042027175, 9643973.484910806640983 ], [ 6263316.941471537575126, 9643907.268774820491672 ], [ 6263322.390559806488454, 9643885.986274119466543 ], [ 6263328.572520419023931, 9643862.586992295458913 ], [ 6263330.683791991323233, 9643827.718573650345206 ], [ 6263335.915616374462843, 9643804.859670583158731 ], [ 6263342.870443004183471, 9643783.030666591599584 ], [ 6263365.879357793368399, 9643715.422656964510679 ], [ 6263396.520019439049065, 9643663.755456686019897 ], [ 6263401.692318004556, 9643636.454054113477468 ], [ 6263403.686796412803233, 9643574.499853068962693 ], [ 6263430.129333216696978, 9643491.494916656985879 ], [ 6263438.235785746946931, 9643439.634198425337672 ], [ 6263448.130802185274661, 9643404.037651585415006 ], [ 6263449.176649337634444, 9643372.439737856388092 ], [ 6263477.549665609374642, 9643286.086691562086344 ], [ 6263499.006074577569962, 9643240.383418457582593 ], [ 6263506.518094550818205, 9643217.702301422134042 ], [ 6263527.519440419971943, 9643177.180008990690112 ], [ 6263537.231329747475684, 9643140.10800669901073 ], [ 6263547.515045356936753, 9643110.641616631299257 ], [ 6263559.036370153538883, 9643079.481390377506614 ], [ 6263563.974412159994245, 9643015.397077526897192 ], [ 6263603.367649339139462, 9642906.086839085444808 ], [ 6263607.353981552645564, 9642890.390789339318871 ], [ 6263618.376444063149393, 9642856.315166788175702 ], [ 6263653.6318752868101, 9642784.556968737393618 ], [ 6263667.397082349285483, 9642755.334088189527392 ], [ 6263704.262411367148161, 9642714.028303429484367 ], [ 6263727.397011204622686, 9642667.369884997606277 ], [ 6263744.645019344985485, 9642620.13319369405508 ], [ 6263781.581817001104355, 9642539.526094617322087 ], [ 6263801.104033569805324, 9642514.322058625519276 ], [ 6263819.127326721325517, 9642485.198773147538304 ], [ 6263842.554665695875883, 9642455.226739797741175 ], [ 6263852.530159614980221, 9642425.086584880948067 ], [ 6263871.335823144763708, 9642395.34564670920372 ], [ 6263938.08814909029752, 9642316.124589456245303 ], [ 6263993.202721195295453, 9642279.737198825925589 ], [ 6264028.042366847395897, 9642252.526380265131593 ], [ 6264052.401862722821534, 9642226.513231178745627 ], [ 6264083.876334318891168, 9642207.718134228140116 ], [ 6264127.702424610033631, 9642176.901213273406029 ], [ 6264151.192627677693963, 9642159.85148105956614 ], [ 6264184.459844499826431, 9642131.16905814781785 ], [ 6264236.813697274774313, 9642092.409281864762306 ], [ 6264264.462424031458795, 9642071.411804685369134 ], [ 6264282.608397600241005, 9642058.660858511924744 ], [ 6264310.16654778458178, 9642042.603704411536455 ], [ 6264322.384429588913918, 9642036.661638997495174 ], [ 6264337.966014236211777, 9642021.164653653278947 ], [ 6264353.802398229017854, 9641990.327891230583191 ], [ 6264364.099694853648543, 9641966.29576369561255 ], [ 6264381.018386780284345, 9641936.856690423563123 ], [ 6264388.517344161868095, 9641911.050951264798641 ], [ 6264393.873492565006018, 9641893.613890158012509 ], [ 6264398.4982282910496, 9641874.346686251461506 ], [ 6264406.364818383008242, 9641851.671932643279433 ], [ 6264416.405345619656146, 9641834.668235529214144 ], [ 6264444.652548417448997, 9641811.498571867123246 ], [ 6264485.291733529418707, 9641777.986621340736747 ], [ 6264527.430161315947771, 9641745.371529990807176 ], [ 6264555.458407027646899, 9641723.534808304160833 ], [ 6264575.556763187050819, 9641706.375168208032846 ], [ 6264620.781197822652757, 9641669.327755365520716 ], [ 6264671.355513233691454, 9641629.537326795980334 ], [ 6264669.223846137523651, 9641606.397248659282923 ], [ 6264667.682837767526507, 9641592.54315354116261 ], [ 6264650.463271276094019, 9641559.893315240740776 ], [ 6264649.710124870762229, 9641545.917780820280313 ], [ 6264672.444508546032012, 9641461.877165565267205 ], [ 6264677.617651102133095, 9641417.590647887438536 ], [ 6264673.694134751334786, 9641364.811045359820127 ], [ 6264659.793509987182915, 9641277.948667850345373 ], [ 6264649.46808323636651, 9641244.53509989567101 ], [ 6264594.473815800622106, 9641170.948092898353934 ], [ 6264547.992588156834245, 9641105.353236731141806 ], [ 6264485.446676641702652, 9641008.066244190558791 ], [ 6264372.075526228174567, 9640836.301767364144325 ], [ 6264280.250457939691842, 9640701.470093937590718 ], [ 6264242.700003352016211, 9640673.894591372460127 ], [ 6264168.334769519045949, 9640613.863907312974334 ], [ 6264052.866718960925937, 9640528.71072762273252 ], [ 6263948.68336287420243, 9640453.921106286346912 ], [ 6263774.716468689031899, 9640387.198571713641286 ], [ 6263704.517736787907779, 9640370.584515061229467 ], [ 6263529.865031620487571, 9640344.692529413849115 ], [ 6263455.661966916173697, 9640323.769884498789907 ], [ 6263212.185935387387872, 9640231.326576102524996 ], [ 6263087.651157214306295, 9640184.989541612565517 ], [ 6263001.174060615710914, 9640154.707801608368754 ], [ 6262973.79571071267128, 9640144.488921718671918 ], [ 6262702.81539148837328, 9640041.469140604138374 ], [ 6262631.124249626882374, 9640019.504590997472405 ], [ 6262610.777319399639964, 9640008.858640778809786 ], [ 6262595.875189486891031, 9639998.051086347550154 ], [ 6262595.526809897273779, 9639984.534317409619689 ], [ 6262605.227660831995308, 9639957.927225342020392 ], [ 6262635.861849786713719, 9639934.629757966846228 ], [ 6262678.7184818983078, 9639907.88190777041018 ], [ 6262767.207773232832551, 9639863.252546347677708 ], [ 6263038.500340772792697, 9639708.199464201927185 ], [ 6263162.591665040701628, 9639586.673485349863768 ], [ 6263224.705355627462268, 9639537.180505631491542 ], [ 6263286.742979529313743, 9639487.857298357412219 ], [ 6263374.182188034057617, 9639380.176988968625665 ], [ 6263467.961284122429788, 9639251.698923297226429 ], [ 6263509.871647382155061, 9639189.550208931788802 ], [ 6263596.744315158575773, 9639054.764722453430295 ], [ 6263642.503989459946752, 9638976.818905165418983 ], [ 6263730.975279495120049, 9638828.842957645654678 ], [ 6263799.587638878263533, 9638724.694599971175194 ], [ 6263837.74819352850318, 9638677.437873607501388 ], [ 6263852.324653379619122, 9638652.613321276381612 ], [ 6263857.568385334685445, 9638627.159289168193936 ], [ 6263863.934206083416939, 9638604.681208895519376 ], [ 6263897.829330834560096, 9638573.834543444216251 ], [ 6263940.513946550898254, 9638547.784492399543524 ], [ 6263984.276585838757455, 9638534.826344069093466 ], [ 6264028.705673426389694, 9638513.763802241533995 ], [ 6264075.045943006873131, 9638473.497624566778541 ], [ 6264123.93137841951102, 9638461.42967470549047 ], [ 6264152.626292077824473, 9638433.786600854247808 ], [ 6264176.947414915077388, 9638393.561651021242142 ], [ 6264191.375935176387429, 9638350.322742093354464 ], [ 6264197.568119728937745, 9638319.185439674183726 ], [ 6264218.932117978110909, 9638265.844031626358628 ], [ 6264238.114958918653429, 9638215.300964718684554 ], [ 6264265.226812156848609, 9638110.753583068028092 ], [ 6264281.909743725322187, 9638076.432152137160301 ], [ 6264298.554840173572302, 9638014.538400836288929 ], [ 6264308.216633068397641, 9637985.595224378630519 ], [ 6264332.408167148940265, 9637926.662287151440978 ], [ 6264348.768689661286771, 9637855.140790021046996 ], [ 6264370.46266320720315, 9637779.44369755871594 ], [ 6264385.065211118198931, 9637747.005853613838553 ], [ 6264408.133187593892217, 9637683.010332517325878 ], [ 6264414.486020296812057, 9637649.378619652241468 ], [ 6264417.527145398780704, 9637614.802638046443462 ], [ 6264425.704059898853302, 9637573.24525866098702 ], [ 6264432.926455166190863, 9637514.737532652914524 ], [ 6264443.455072009004653, 9637477.78885949216783 ], [ 6264463.758122742176056, 9637409.076089944690466 ], [ 6264473.658572423271835, 9637376.645237619057298 ], [ 6264473.258347547613084, 9637340.483575481921434 ], [ 6264475.661967854946852, 9637313.616956271231174 ], [ 6264482.401825306005776, 9637288.878527143970132 ], [ 6264488.089962132275105, 9637265.527630537748337 ], [ 6264494.653999112546444, 9637224.912769436836243 ], [ 6264499.243939594365656, 9637200.762128375470638 ], [ 6264502.161546504124999, 9637171.138096017763019 ], [ 6264509.448981163091958, 9637146.675441747531295 ], [ 6264516.727277914993465, 9637121.38963763974607 ], [ 6264525.924077307805419, 9637073.629401922225952 ], [ 6264531.131166813895106, 9637056.035200670361519 ], [ 6264533.074898904189467, 9637036.842176472768188 ], [ 6264537.009669914841652, 9637001.726000644266605 ], [ 6264544.133165404200554, 9636962.480604574084282 ], [ 6264545.76708173379302, 9636915.334665829315782 ], [ 6264549.217997455969453, 9636885.715888235718012 ], [ 6264557.467872872017324, 9636850.833465851843357 ], [ 6264560.010671350173652, 9636836.561897739768028 ], [ 6264570.043971031904221, 9636816.173410749062896 ], [ 6264578.447629566304386, 9636794.167887419462204 ], [ 6264588.807835463434458, 9636755.145647531375289 ], [ 6264596.675996199250221, 9636733.969312075525522 ], [ 6264603.680593912489712, 9636684.034229807555676 ], [ 6264608.159651423804462, 9636648.923127867281437 ], [ 6264612.767252819612622, 9636626.407320426777005 ], [ 6264617.93154358305037, 9636604.97918913513422 ], [ 6264620.892235243692994, 9636580.293959220871329 ], [ 6264623.830496756359935, 9636552.586658328771591 ], [ 6264635.910315879620612, 9636522.318818382918835 ], [ 6264642.158694424666464, 9636501.43113461881876 ], [ 6264648.413062950596213, 9636481.084686232730746 ], [ 6264653.139150801114738, 9636469.258391339331865 ], [ 6264675.342076322063804, 9636425.728062892332673 ], [ 6264682.656150104478002, 9636403.723249889910221 ], [ 6264687.875089032575488, 9636387.233889004215598 ], [ 6264688.244344608858228, 9636372.433914862573147 ], [ 6264689.708873528987169, 9636358.174292413517833 ], [ 6264695.490509405732155, 9636343.313845347613096 ], [ 6264697.391222490929067, 9636320.286861065775156 ], [ 6264697.105307623744011, 9636294.532639859244227 ], [ 6264699.124542280100286, 9636282.18395639769733 ], [ 6264707.836122236214578, 9636239.898109376430511 ], [ 6264710.947610223665833, 9636227.819143623113632 ], [ 6264719.926710032857955, 9636209.62994134798646 ], [ 6264726.708315113559365, 9636188.736175427213311 ], [ 6264736.149932034313679, 9636163.15512284450233 ], [ 6264749.91880442854017, 9636138.890236226841807 ], [ 6264761.556015428155661, 9636116.848243562504649 ], [ 6264773.102926761843264, 9636087.679954972118139 ], [ 6264778.738346959464252, 9636059.671652084216475 ], [ 6264783.412510524503887, 9636043.188272241503 ], [ 6264783.241973659023643, 9636040.844488682225347 ], [ 6264796.551661484874785, 9636012.276690686121583 ], [ 6264814.863897560164332, 9635958.77503552287817 ], [ 6264816.468067638576031, 9635919.094577796757221 ], [ 6264827.425491574220359, 9635889.910201830789447 ], [ 6264857.352311256341636, 9635816.373868104070425 ], [ 6264891.39106047898531, 9635768.785766718909144 ], [ 6264903.647380575537682, 9635734.478061629459262 ], [ 6264908.897231721319258, 9635706.812212057411671 ], [ 6264915.284818952903152, 9635677.509669188410044 ], [ 6264922.785216182470322, 9635660.317870151251554 ], [ 6264931.832081759348512, 9635592.304002240300179 ], [ 6264942.351099300198257, 9635572.698833759874105 ], [ 6264947.690139503218234, 9635539.077445013448596 ], [ 6264941.432070884853601, 9635482.117636205628514 ], [ 6264920.055085275322199, 9635377.014800721779466 ], [ 6264898.761088291183114, 9635288.376173112541437 ], [ 6264901.493782890960574, 9635253.295374527573586 ], [ 6264905.316764513030648, 9635205.334827611222863 ], [ 6264895.166527352295816, 9635133.284506976604462 ], [ 6264879.489053651690483, 9634997.12781373038888 ], [ 6264883.181321803480387, 9634935.477966094389558 ], [ 6264895.702670979313552, 9634884.149364206939936 ], [ 6264902.185940938070416, 9634862.502945471554995 ], [ 6264909.604947467334569, 9634842.041423108428717 ], [ 6264921.972606152296066, 9634809.840957760810852 ], [ 6264930.19862375035882, 9634773.040652060881257 ], [ 6264940.774953305721283, 9634752.645148288458586 ], [ 6264949.754288333468139, 9634735.560563676059246 ], [ 6264966.142042758874595, 9634703.055503133684397 ], [ 6264982.783179365098476, 9634646.436403596773744 ], [ 6265001.120419917628169, 9634595.403085002675653 ], [ 6265015.305332954972982, 9634560.734806908294559 ], [ 6265019.830715706571937, 9634529.998043769970536 ], [ 6265026.941731125116348, 9634489.928330073133111 ], [ 6265029.428264513611794, 9634470.717451022937894 ], [ 6265038.256552096456289, 9634439.120342761278152 ], [ 6265064.168588005006313, 9634390.606789184734225 ], [ 6265105.362333946861327, 9634307.141666380688548 ], [ 6265119.068326433189213, 9634277.395500781014562 ], [ 6265130.949956201016903, 9634229.60327660664916 ], [ 6265140.190903725102544, 9634186.216372400522232 ], [ 6265142.053185883909464, 9634159.896317601203918 ], [ 6265159.090871972031891, 9634090.122567590326071 ], [ 6265170.458525739610195, 9634044.106556804850698 ], [ 6265228.060853464528918, 9633979.898516409099102 ], [ 6265351.533744372427464, 9633866.331382963806391 ], [ 6265439.657548539340496, 9633779.314008172601461 ], [ 6265527.869932827539742, 9633700.245825814083219 ], [ 6265582.500793893821537, 9633659.628770044073462 ], [ 6265640.322803397662938, 9633615.152474166825414 ], [ 6265662.31367942225188, 9633601.754973340779543 ], [ 6265663.902435280382633, 9633596.729785650968552 ], [ 6265711.03231718018651, 9633565.207717480137944 ], [ 6265745.933174828067422, 9633559.265849459916353 ], [ 6265776.807507337071002, 9633532.212329383939505 ], [ 6265802.026138640940189, 9633521.203027814626694 ], [ 6265845.132535325363278, 9633498.635424800217152 ], [ 6265823.683895118534565, 9633451.262556061148643 ], [ 6265799.711566084064543, 9633420.71073011867702 ], [ 6265770.086388393305242, 9633384.617643140256405 ], [ 6265723.530678449198604, 9633313.562892448157072 ], [ 6265741.799836719408631, 9633287.440734688192606 ], [ 6265763.971692115068436, 9633237.636441644281149 ], [ 6265823.515466214157641, 9633119.75539306551218 ], [ 6265878.347924856469035, 9633015.922743426635861 ], [ 6265995.819547409191728, 9632799.822569536045194 ], [ 6266022.020715233869851, 9632756.558224266394973 ], [ 6266098.959396487101912, 9632690.390534872189164 ], [ 6266193.05737279355526, 9632539.929509466513991 ], [ 6266276.510178686119616, 9632336.378775460645556 ], [ 6266310.542137135751545, 9632264.052078630775213 ], [ 6266359.643267182633281, 9632193.505793357267976 ], [ 6266375.230694042518735, 9632166.228544916957617 ], [ 6266384.040879208594561, 9632148.095426876097918 ], [ 6266423.568302195519209, 9632072.288832500576973 ], [ 6266443.208975326269865, 9632040.747621912509203 ], [ 6266481.297113901004195, 9632009.933587057515979 ], [ 6266585.982939898967743, 9631844.630732070654631 ], [ 6266635.567013948224485, 9631733.172207495197654 ], [ 6266670.271419552154839, 9631546.025878040120006 ], [ 6266686.821089851669967, 9631480.899249784648418 ], [ 6266697.719468340277672, 9631451.836186021566391 ], [ 6266700.17980760615319, 9631435.421274481341243 ], [ 6266704.463467787951231, 9631347.054253017529845 ], [ 6266712.872697313316166, 9631272.692851765081286 ], [ 6266712.74029897339642, 9631202.781674865633249 ], [ 6266747.922053314745426, 9631042.481925424188375 ], [ 6266760.721558073535562, 9630947.499263551086187 ], [ 6266778.208702410571277, 9630800.110409328714013 ], [ 6266780.266929799690843, 9630690.024202873930335 ], [ 6266766.271297981962562, 9630619.932102451100945 ], [ 6266756.764705588109791, 9630538.916956206783652 ], [ 6266758.50848195515573, 9630459.116007441654801 ], [ 6266757.123248422518373, 9630336.527773782610893 ], [ 6266749.748559890314937, 9630210.161874564364552 ], [ 6266751.609532374888659, 9630199.776144746690989 ], [ 6266762.334493744187057, 9630155.489130925387144 ], [ 6266795.140857587568462, 9630077.511192193254828 ], [ 6266810.046249838545918, 9629979.323554329574108 ], [ 6266841.195898303762078, 9629930.800039464607835 ], [ 6266834.724898856133223, 9629825.50237232260406 ], [ 6266869.641451682895422, 9629701.327219353988767 ], [ 6266892.764680083841085, 9629643.861028095707297 ], [ 6266928.409839159809053, 9629467.323981070891023 ], [ 6266940.649582722224295, 9629382.2261135391891 ], [ 6266951.553267878480256, 9629339.109424129128456 ], [ 6267000.128677992150187, 9629254.262227550148964 ], [ 6267004.187384895980358, 9629243.648267218843102 ], [ 6267045.50950438529253, 9629179.804591013118625 ], [ 6267087.031965084373951, 9629056.229098299518228 ], [ 6267090.63881110586226, 9629024.405941942706704 ], [ 6267101.670833043754101, 9628876.095612194389105 ], [ 6267103.300727181136608, 9628728.885101061314344 ], [ 6267103.808528198860586, 9628657.127333613112569 ], [ 6267116.127709136344492, 9628521.501338947564363 ], [ 6267124.330473068170249, 9628487.290936090052128 ], [ 6267140.665566014125943, 9628355.960950301960111 ], [ 6267157.124161979183555, 9628293.223601745441556 ], [ 6267201.033259093761444, 9628204.908763989806175 ], [ 6267236.36125788744539, 9628117.526496538892388 ], [ 6267257.115009472705424, 9628025.968783332034945 ], [ 6267282.544997489079833, 9627940.041633028537035 ], [ 6267306.391352412290871, 9627873.192782497033477 ], [ 6267339.945850706659257, 9627803.897976934909821 ], [ 6267366.460897041484714, 9627754.759080663323402 ], [ 6267395.353975257836282, 9627682.167776500806212 ], [ 6267412.47041567787528, 9627619.749064667150378 ], [ 6267421.740169431082904, 9627607.101287474855781 ], [ 6267497.411367952823639, 9627467.070056349039078 ], [ 6267510.944768032990396, 9627437.478306245058775 ], [ 6267535.312398771755397, 9627359.919400466606021 ], [ 6267562.09220072068274, 9627217.109832542017102 ], [ 6267574.128776469267905, 9627114.778251064941287 ], [ 6267598.686523459851742, 9627010.126046782359481 ], [ 6267647.433146624825895, 9626825.073948763310909 ], [ 6267663.301612632349133, 9626769.356678269803524 ], [ 6267685.918273268267512, 9626668.075895043089986 ], [ 6267702.611705495044589, 9626567.855580413714051 ], [ 6267695.680368417873979, 9626481.632762229070067 ], [ 6267704.626124329864979, 9626397.900293441489339 ], [ 6267716.073173724114895, 9626358.959493517875671 ], [ 6267724.19336175173521, 9626318.726093661040068 ], [ 6267730.174760092049837, 9626264.464350312948227 ], [ 6267769.587983208708465, 9626115.992260573431849 ], [ 6267780.665371496230364, 9626044.776575163006783 ], [ 6267810.26608713530004, 9625919.819838298484683 ], [ 6267812.129913875833154, 9625851.56360898911953 ], [ 6267822.922883370891213, 9625813.802964650094509 ], [ 6267837.815123792737722, 9625787.532933289185166 ], [ 6267857.817456159740686, 9625746.496825717389584 ], [ 6267881.104813629761338, 9625704.080651523545384 ], [ 6267894.092117810621858, 9625685.19733788818121 ], [ 6267962.839115251787007, 9625613.936502834782004 ], [ 6267968.239224161952734, 9625610.907976906746626 ], [ 6267978.490533598698676, 9625598.654058955609798 ], [ 6267967.026418773457408, 9625589.447646090760827 ], [ 6267904.725816601887345, 9625539.457951070740819 ], [ 6267887.305316771380603, 9625525.470516934990883 ] ] ] } }
]
}
