{
"type": "FeatureCollection",
"name": "2515500",
"crs": { "type": "name", "properties": { "name": "urn:ogc:def:crs:EPSG::5880" } },
"features": [
{ "type": "Feature", "properties": { "lv_id": "LOC_024218", "id": 103341.0, "CD_SETOR": "251550005000006", "SITUACAO": "Urbana", "CD_SIT": "1", "CD_TIPO": "0", "AREA_KM2": 0.058083982323076003, "CD_REGIAO": "2", "NM_REGIAO": "Nordeste", "CD_UF": "25", "NM_UF": "Paraíba", "CD_MUN": "2515500", "NM_MUN": "Serra Branca", "CD_DIST": "251550005", "NM_DIST": "Serra Branca", "CD_SUBDIST": "25155000500", "NM_SUBDIST": null, "CD_BAIRRO": null, "NM_BAIRRO": null, "CD_NU": null, "NM_NU": null, "CD_FCU": null, "NM_FCU": null, "CD_AGLOM": null, "NM_AGLOM": null, "CD_RGINT": "2502", "NM_RGINT": "Campina Grande", "CD_RGI": "250008", "NM_RGI": "Sumé", "CD_CONCURB": null, "NM_CONCURB": null, "mun_code_x": "2515500", "index_right": 49216, "dist_m": 0.0, "local_id": 250013, "ano": 2022, "cod_localidade_ibge": 2515500, "NR_ZONA": "58", "nr_cep": 0.0, "nm_localidade": "SERRA BRANCA", "nm_locvot": "ESCOLA ESTADUAL DE 1 E 2 GRAU SENADOR JOSÉ GAUDÊNCIO", "ds_endereco": "RUA BOAVENTURA CAVALCANTE NETO, S/N- CENTRO", "ds_bairro": "CENTRO", "pred_long": -36.666809, "pred_lat": -7.481567, "pred_dist": 0.0, "tse_long": -36.6671322, "tse_lat": -7.4818208, "long": -36.6671322, "lat": -7.4818208, "ID_UNICO": "LOC_024218", "SG_UF": "PB", "CD_MUNICIPIO": "22110", "NR_LOCAL_VOTACAO": "1031", "QT_SECOES_AGREGADAS": 0, "QT_ELEITORES_TRANSFERIDOS": 600, "CIRO GOMES (PDT) (NÃO ELEITO) 1T": 59.0, "CONSTITUINTE EYMAEL (DC) (NÃO ELEITO) 1T": 0.0, "FELIPE D AVILA (NOVO) (NÃO ELEITO) 1T": 1.0, "JAIR BOLSONARO (PL) (2º TURNO) 1T": 365.0, "LULA (PT) (2º TURNO) 1T": 1353.0, "LÉO PÉRICLES (UP) (NÃO ELEITO) 1T": 0.0, "PADRE KELMON (PTB) (NÃO ELEITO) 1T": 1.0, "SIMONE TEBET (MDB) (NÃO ELEITO) 1T": 26.0, "SOFIA MANZANO (PCB) (NÃO ELEITO) 1T": 0.0, "SORAYA THRONICKE (UNIÃO) (NÃO ELEITO) 1T": 5.0, "VERA (PSTU) (NÃO ELEITO) 1T": 0.0, "Total_Votos_Validos 1T": 1810.0, "Votos_Brancos 1T": 24.0, "Votos_Nulos 1T": 48.0, "Abstenções 1T": 493.0, "Eleitores_Aptos 1T": 2375.0, "JAIR BOLSONARO (PL) (NÃO ELEITO) 2T": 402.0, "LULA (PT) (ELEITO) 2T": 1363.0, "Total_Votos_Validos 2T": 1765.0, "Votos_Brancos 2T": 15.0, "Votos_Nulos 2T": 101.0, "Abstenções 2T": 494.0, "Eleitores_Aptos 2T": 2375.0, "mun_code_y": "2515500", "mun_code": "2515500" }, "geometry": { "type": "MultiPolygon", "coordinates": [ [ [ [ 6913011.428226578049362, 9134627.882833825424314 ], [ 6913022.488395672291517, 9134615.171783605590463 ], [ 6913057.304882252588868, 9134560.302802739664912 ], [ 6913039.921742104925215, 9134548.736581547185779 ], [ 6913027.353561064228415, 9134528.615956867113709 ], [ 6913014.848784793168306, 9134513.537013864144683 ], [ 6912963.963922884315252, 9134467.323622273281217 ], [ 6912867.903541270643473, 9134505.298901196569204 ], [ 6912807.3226383831352, 9134539.005463842302561 ], [ 6912752.035075027495623, 9134571.068487482145429 ], [ 6912699.740462720394135, 9134601.983641751110554 ], [ 6912642.552979875355959, 9134610.173361476510763 ], [ 6912509.352918947115541, 9134606.586334170773625 ], [ 6912374.259637110866606, 9134630.179469715803862 ], [ 6912369.510885450057685, 9134702.139712490141392 ], [ 6912369.523881589993834, 9134746.262722384184599 ], [ 6912371.390207228250802, 9134812.790917053818703 ], [ 6912372.842419971711934, 9134879.185038840398192 ], [ 6912367.858522308990359, 9134877.993197029456496 ], [ 6912352.466068435460329, 9134869.610845599323511 ], [ 6912186.916977054439485, 9134830.045112187042832 ], [ 6912080.129938289523125, 9134802.624630466103554 ], [ 6912008.457942433655262, 9134776.897663848474622 ], [ 6911970.891678972169757, 9134769.539647899568081 ], [ 6911808.099723931401968, 9134744.638654014095664 ], [ 6911779.892799069173634, 9134745.044488750398159 ], [ 6911727.233118839561939, 9134783.363612782210112 ], [ 6911805.839898932725191, 9135532.405124839395285 ], [ 6912268.659079493023455, 9135971.818549044430256 ], [ 6913455.923939239233732, 9135981.372127890586853 ], [ 6913443.117838997393847, 9135848.944341460242867 ], [ 6913168.221465737558901, 9135677.104020174592733 ], [ 6913166.688887545838952, 9135658.965985152870417 ], [ 6913170.726043346337974, 9135639.752435205504298 ], [ 6913189.131673048250377, 9135617.624324841424823 ], [ 6913192.278805734589696, 9135598.249127266928554 ], [ 6913184.696125399321318, 9135579.342885315418243 ], [ 6913175.216148752719164, 9135563.635091602802277 ], [ 6913163.621551266871393, 9135553.494430314749479 ], [ 6913154.029002148658037, 9135550.251152070239186 ], [ 6913145.544955655001104, 9135547.392267825081944 ], [ 6913067.264700626954436, 9135555.4738759547472 ], [ 6913027.41656291205436, 9135557.9228261616081 ], [ 6912997.215394474565983, 9135553.351050907745957 ], [ 6912936.306277663446963, 9135546.518138326704502 ], [ 6912923.742305796593428, 9135548.112099878489971 ], [ 6912916.044594242237508, 9135546.159337073564529 ], [ 6912913.526780700311065, 9135537.07264812476933 ], [ 6912943.930288285017014, 9135481.129974814131856 ], [ 6912972.307672425173223, 9135424.503381667658687 ], [ 6912910.358671615831554, 9135390.316144561395049 ], [ 6912864.346106424927711, 9135362.303796075284481 ], [ 6912874.425465270876884, 9135321.47274512425065 ], [ 6912899.847041567787528, 9135266.397172892466187 ], [ 6912938.706118111498654, 9135190.985603522509336 ], [ 6912897.188179126009345, 9135158.111044028773904 ], [ 6912962.689424189738929, 9135025.238134576007724 ], [ 6912925.375404399819672, 9134998.503331013023853 ], [ 6912970.514894166961312, 9134931.242760544642806 ], [ 6913007.611474666744471, 9134843.486010039225221 ], [ 6912968.355223351158202, 9134821.351589446887374 ], [ 6912914.452392809092999, 9134782.74177248775959 ], [ 6912996.43604326620698, 9134657.37381362169981 ], [ 6913011.428226578049362, 9134627.882833825424314 ] ] ], [ [ [ 6911826.64535766094923, 9137245.817830763757229 ], [ 6911781.315026294440031, 9137303.567059824243188 ], [ 6911655.195308587513864, 9137363.170875849202275 ], [ 6911574.533939694054425, 9137387.72924405708909 ], [ 6911502.155889982357621, 9137391.416670382022858 ], [ 6911421.865939948707819, 9137367.928553886711597 ], [ 6911358.005503007210791, 9137354.796571193262935 ], [ 6911170.65165844373405, 9137336.427440144121647 ], [ 6911124.132155704312027, 9137337.791727222502232 ], [ 6911045.219100702553988, 9137351.012917114421725 ], [ 6910954.232072537764907, 9137366.801851630210876 ], [ 6910912.316069697961211, 9137374.370647210627794 ], [ 6910888.325534729287028, 9137384.428264981135726 ], [ 6910848.501214658841491, 9137386.674541743472219 ], [ 6910828.172071451321244, 9137388.583308292552829 ], [ 6910791.244801940396428, 9137394.614168096333742 ], [ 6910748.358571395277977, 9137402.232399515807629 ], [ 6910689.405054462142289, 9137416.843735376372933 ], [ 6910604.391880708746612, 9137434.004981562495232 ], [ 6910492.043285894207656, 9137465.854326505213976 ], [ 6910337.239668067544699, 9137415.110586291179061 ], [ 6910273.144070745445788, 9137388.753789221867919 ], [ 6910223.491562502458692, 9137374.808977171778679 ], [ 6910166.844251552596688, 9137360.803304959088564 ], [ 6910053.218064780347049, 9137381.04163459315896 ], [ 6909950.309382214210927, 9137413.051004724577069 ], [ 6909902.096554676070809, 9137420.044489201158285 ], [ 6909816.541416573338211, 9137464.038474882021546 ], [ 6909778.319112342782319, 9137483.143983345478773 ], [ 6909740.835953615605831, 9137519.363224051892757 ], [ 6909624.590516240336001, 9137609.001950327306986 ], [ 6909609.020551226101816, 9137654.57485213316977 ], [ 6909611.979467893950641, 9137735.961882084608078 ], [ 6909599.547546351328492, 9137764.419228943064809 ], [ 6909566.773127528838813, 9137801.875633269548416 ], [ 6909467.367310648784041, 9137866.247888546437025 ], [ 6909402.669804859906435, 9137901.184812908992171 ], [ 6909351.860737234354019, 9137931.910068282857537 ], [ 6909302.619027733802795, 9137947.45545557513833 ], [ 6909226.90178803075105, 9137966.803353145718575 ], [ 6909157.627689370885491, 9137984.799534317106009 ], [ 6909085.041556067764759, 9137999.131390366703272 ], [ 6909003.593742407858372, 9138011.404536679387093 ], [ 6908897.680047855712473, 9138023.456728436052799 ], [ 6908772.163048255257308, 9138038.486278399825096 ], [ 6908698.64179415255785, 9138046.630942743271589 ], [ 6908645.983931558206677, 9138052.963000167161226 ], [ 6908594.398088744841516, 9138062.167782139033079 ], [ 6908453.475127124227583, 9138079.882005080580711 ], [ 6908345.76790558360517, 9138093.552776550874114 ], [ 6908288.439117643982172, 9138102.507881009951234 ], [ 6908260.044791924767196, 9138105.540558815002441 ], [ 6908191.667080479674041, 9138149.049681512638927 ], [ 6908149.282482702285051, 9138173.403814448043704 ], [ 6908095.745276426896453, 9138189.866891909390688 ], [ 6908072.420031, 9138202.879226496443152 ], [ 6908026.838165308348835, 9138275.75223265402019 ], [ 6907996.935504367575049, 9138361.612860770896077 ], [ 6907981.500643675215542, 9138373.564050514250994 ], [ 6907926.791703392751515, 9138396.884835135191679 ], [ 6907912.638454200699925, 9138423.151176068931818 ], [ 6907907.580609288066626, 9138460.39631905965507 ], [ 6907925.062357097864151, 9138483.156738137826324 ], [ 6907930.52199609670788, 9138493.526165893301368 ], [ 6907929.834832914173603, 9138513.215910159051418 ], [ 6907924.311051495373249, 9138538.392444804310799 ], [ 6907900.007420672103763, 9138582.451936703175306 ], [ 6907871.068206458352506, 9138609.158244164660573 ], [ 6907797.829153356142342, 9138615.194961486384273 ], [ 6907734.80150736682117, 9138619.050556726753712 ], [ 6907682.101244577206671, 9138627.452097462490201 ], [ 6907633.35599185526371, 9138632.425480080768466 ], [ 6907597.979323584586382, 9138637.16460795328021 ], [ 6907571.470076183788478, 9138640.677537841722369 ], [ 6907520.674043072387576, 9138636.304639227688313 ], [ 6907517.116448199376464, 9138636.004391824826598 ], [ 6907476.192955903708935, 9138642.140295771881938 ], [ 6907447.943905639462173, 9138651.23828505910933 ], [ 6907401.88218679279089, 9138653.041311820968986 ], [ 6907359.828140189871192, 9138658.793379001319408 ], [ 6907327.671710729598999, 9138669.119824109598994 ], [ 6907303.469339568167925, 9138676.879521148279309 ], [ 6907287.608040019869804, 9138677.50033457390964 ], [ 6907266.170581556856632, 9138664.726189885288477 ], [ 6907255.702607160434127, 9138661.689235594123602 ], [ 6907250.094656572677195, 9138660.069735711440444 ], [ 6907201.403889827430248, 9138668.174837961792946 ], [ 6907174.664323368109763, 9138670.586168993264437 ], [ 6907125.973783443681896, 9138662.660752505064011 ], [ 6907106.785581607371569, 9138652.065549774095416 ], [ 6907101.502872923389077, 9138649.427084134891629 ], [ 6907075.856308645568788, 9138636.64425465464592 ], [ 6907049.42502832878381, 9138625.569211849942803 ], [ 6907027.737091988325119, 9138624.914461342617869 ], [ 6907013.658976621925831, 9138634.533094510436058 ], [ 6907016.79322705231607, 9138659.369609231129289 ], [ 6907028.243303415365517, 9138675.553251137956977 ], [ 6907035.992641841061413, 9138707.773272130638361 ], [ 6907022.963000541552901, 9138744.576920986175537 ], [ 6907009.671135591343045, 9138755.67983415350318 ], [ 6907008.75043158326298, 9138769.328900273889303 ], [ 6907009.944534544833004, 9138800.290292363613844 ], [ 6907001.016350191086531, 9138849.783033136278391 ], [ 6906999.516869808547199, 9138923.19244728051126 ], [ 6907003.89150751940906, 9138980.492105869576335 ], [ 6907001.652951289899647, 9138997.211397994309664 ], [ 6906996.757792500779033, 9139020.09512292034924 ], [ 6907001.809190618805587, 9139038.796145049855113 ], [ 6907025.331729736179113, 9139087.030969379469752 ], [ 6907034.368896529078484, 9139096.508469102904201 ], [ 6907047.758846020326018, 9139106.567495645955205 ], [ 6907051.802499050274491, 9139117.755464578047395 ], [ 6907050.13522338308394, 9139130.670384706929326 ], [ 6907038.772069757804275, 9139154.558896012604237 ], [ 6907021.563842051662505, 9139176.409080198034644 ], [ 6907018.549576109275222, 9139229.463968336582184 ], [ 6907015.378944443538785, 9139240.922521870583296 ], [ 6907008.496078761294484, 9139268.417749071493745 ], [ 6907007.458417686633766, 9139279.041094899177551 ], [ 6907021.594670365564525, 9139289.834385192021728 ], [ 6907048.916963074356318, 9139305.397632462903857 ], [ 6907052.53467402048409, 9139324.166380729526281 ], [ 6907059.451103041879833, 9139559.816874587908387 ], [ 6907064.425793401896954, 9139876.469747707247734 ], [ 6907056.358634593896568, 9139910.811818299815059 ], [ 6907041.834441286511719, 9139946.157963313162327 ], [ 6907014.578305788338184, 9139988.813840806484222 ], [ 6906988.516551354900002, 9140024.622217275202274 ], [ 6906972.925116621889174, 9140069.840800072997808 ], [ 6906972.013662735000253, 9140102.399508768692613 ], [ 6906952.892607343383133, 9140131.1242392398417 ], [ 6906942.769420302473009, 9140149.666471142321825 ], [ 6906932.161783231422305, 9140174.2765222042799 ], [ 6906879.69620000757277, 9140274.623529363423586 ], [ 6906873.730812440626323, 9140326.277929350733757 ], [ 6906881.167626041918993, 9140369.093096619471908 ], [ 6906876.908373178914189, 9140427.481505524367094 ], [ 6906843.805846, 9140468.09774774312973 ], [ 6906840.032594215124846, 9140501.519736494868994 ], [ 6906829.366214863024652, 9140524.616644792258739 ], [ 6906804.688120659440756, 9140577.75321008823812 ], [ 6906784.103308564983308, 9140605.782595159485936 ], [ 6906754.353126742877066, 9140677.263512486591935 ], [ 6906726.474493019282818, 9140741.118766762316227 ], [ 6906705.711071290075779, 9140802.417684461921453 ], [ 6906686.629034338518977, 9140831.903129475191236 ], [ 6906663.935591598972678, 9140899.325974017381668 ], [ 6906654.161945195868611, 9140908.023092020303011 ], [ 6906647.595922898501158, 9140943.820517657324672 ], [ 6906640.391118753701448, 9140963.011474754661322 ], [ 6906619.577859127894044, 9141041.706505715847015 ], [ 6906602.567967596463859, 9141087.742069499567151 ], [ 6906586.830849474295974, 9141110.284437799826264 ], [ 6906580.778034711256623, 9141140.76460649445653 ], [ 6906584.508012069389224, 9141181.457190159708261 ], [ 6906578.425781825557351, 9141211.175149602815509 ], [ 6906544.711435982957482, 9141235.933748435229063 ], [ 6906526.287393087521195, 9141263.877761704847217 ], [ 6906512.53541130758822, 9141300.706876574084163 ], [ 6906509.651627496816218, 9141338.62713317386806 ], [ 6906515.786422099918127, 9141385.274596065282822 ], [ 6906518.760819914750755, 9141406.323548914864659 ], [ 6906523.134575505740941, 9141501.429984027519822 ], [ 6906519.707423266023397, 9141543.905098976567388 ], [ 6906510.398064071312547, 9141564.69285255484283 ], [ 6906488.076138758100569, 9141585.224639140069485 ], [ 6906474.46001823246479, 9141606.920452587306499 ], [ 6906437.465470844879746, 9141659.031319085508585 ], [ 6906410.323350732214749, 9141685.79957552999258 ], [ 6906390.531937109306455, 9141697.153553765267134 ], [ 6906375.220720371231437, 9141712.114758290350437 ], [ 6906360.945957991294563, 9141735.362663818523288 ], [ 6906355.190197473391891, 9141792.292457466945052 ], [ 6906346.478157092817128, 9141828.924423478543758 ], [ 6906346.747377974912524, 9141854.623920667916536 ], [ 6906366.027179904282093, 9141905.292484702542424 ], [ 6906356.725183326750994, 9141944.977556392550468 ], [ 6906343.319947050884366, 9141990.871220011264086 ], [ 6906309.088420793414116, 9142096.548453241586685 ], [ 6906304.624013548716903, 9142130.747867934405804 ], [ 6906290.580589891411364, 9142160.035081805661321 ], [ 6906269.478471828624606, 9142193.367575723677874 ], [ 6906260.884841609746218, 9142214.115295387804508 ], [ 6906263.74308951292187, 9142232.1616121660918 ], [ 6906290.75025088340044, 9142277.232322853058577 ], [ 6906291.619759583845735, 9142299.878214227035642 ], [ 6906294.944840353913605, 9142311.094352239742875 ], [ 6906295.727413989603519, 9142331.476813942193985 ], [ 6906286.612236156128347, 9142338.643902925774455 ], [ 6906290.339380103163421, 9142379.324598915874958 ], [ 6906292.331896616145968, 9142412.520658327266574 ], [ 6906311.668184228241444, 9142464.69084888137877 ], [ 6906322.378002930432558, 9142499.062505878508091 ], [ 6906322.034072785638273, 9142527.804398395121098 ], [ 6906308.710333949886262, 9142538.153886500746012 ], [ 6906304.19088589400053, 9142551.942376956343651 ], [ 6906293.556994092650712, 9142567.611260525882244 ], [ 6906264.577615378424525, 9142573.897943656891584 ], [ 6906256.152761952020228, 9142572.861305858939886 ], [ 6906241.356207046657801, 9142571.031906969845295 ], [ 6906229.216420214623213, 9142574.523206239566207 ], [ 6906221.864857276901603, 9142589.936977446079254 ], [ 6906208.722283409908414, 9142680.427207831293344 ], [ 6906210.431573985144496, 9142724.968224765732884 ], [ 6906204.08671211078763, 9142747.90646923519671 ], [ 6906211.789827957749367, 9142779.365025866776705 ], [ 6906230.723408935591578, 9142802.059338307008147 ], [ 6906243.355592380277812, 9142811.398122040554881 ], [ 6906248.469322235323489, 9142850.521302774548531 ], [ 6906244.35505658108741, 9142874.876214694231749 ], [ 6906224.743603717535734, 9142909.664913844317198 ], [ 6906204.726686168462038, 9142933.887032935395837 ], [ 6906188.421940775588155, 9142960.994730152189732 ], [ 6906174.52152609359473, 9142994.045902825891972 ], [ 6906172.685219135135412, 9143021.342150526121259 ], [ 6906158.096455246210098, 9143055.171787301078439 ], [ 6906134.641898551955819, 9143102.970318419858813 ], [ 6906122.878386833705008, 9143116.277138240635395 ], [ 6906110.046702085062861, 9143139.46756849437952 ], [ 6906101.278328649699688, 9143155.687905367463827 ], [ 6906095.866719230078161, 9143173.304229332134128 ], [ 6906115.731389834545553, 9143195.511505393311381 ], [ 6906174.219904087483883, 9143211.127216121181846 ], [ 6906226.352710790932178, 9143196.122342079877853 ], [ 6906247.706798621453345, 9143200.993122354149818 ], [ 6906278.28847127687186, 9143222.355587214231491 ], [ 6906299.728396352380514, 9143244.154773185029626 ], [ 6906332.400314694270492, 9143219.775768753141165 ], [ 6906378.242352109402418, 9143205.801921280100942 ], [ 6906404.458338476717472, 9143208.968416348099709 ], [ 6906408.785144243389368, 9143226.437343191355467 ], [ 6906404.2220010003075, 9143249.468230256810784 ], [ 6906419.446010601706803, 9143289.227668663486838 ], [ 6906433.446146380156279, 9143302.549880806356668 ], [ 6906463.254585212096572, 9143322.473841911181808 ], [ 6906509.926300843246281, 9143417.414715545251966 ], [ 6906526.164596799761057, 9143463.750427765771747 ], [ 6906514.988438479602337, 9143511.395594783127308 ], [ 6906486.972106857225299, 9143545.123296624049544 ], [ 6906449.260729643516243, 9143597.709625681862235 ], [ 6906436.637454329058528, 9143629.23074926994741 ], [ 6906409.22700515575707, 9143676.176990088075399 ], [ 6906403.096158303320408, 9143711.065472025424242 ], [ 6906417.88718581199646, 9143741.277413032948971 ], [ 6906433.354950599372387, 9143756.000071005895734 ], [ 6906452.950355425477028, 9143768.306957047432661 ], [ 6906457.276775566861033, 9143785.776023866608739 ], [ 6906468.904496948234737, 9143838.952876497060061 ], [ 6906478.989125734195113, 9143859.077849950641394 ], [ 6906508.400609821081161, 9143885.656589409336448 ], [ 6906527.386017077602446, 9143900.207900704815984 ], [ 6906542.857675730250776, 9143899.467487325891852 ], [ 6906552.31851047091186, 9143890.922780968248844 ], [ 6906576.786524713039398, 9143886.813912840560079 ], [ 6906587.530678292736411, 9143890.710042534396052 ], [ 6906592.119349926710129, 9143898.59277355670929 ], [ 6906590.948874757625163, 9143903.796513985842466 ], [ 6906577.343079774640501, 9143914.017499653622508 ], [ 6906562.293446071445942, 9143939.029072042554617 ], [ 6906555.024039009585977, 9143964.397318907082081 ], [ 6906545.088081086054444, 9143978.130245599895716 ], [ 6906547.917837284505367, 9143993.448595382273197 ], [ 6906547.258230224251747, 9144009.67750696465373 ], [ 6906559.974017795175314, 9144010.536267600953579 ], [ 6906583.910377103835344, 9144010.13760245218873 ], [ 6906600.2787617854774, 9144013.768850136548281 ], [ 6906611.729371272027493, 9144017.649138551205397 ], [ 6906625.711227137595415, 9144015.509452378377318 ], [ 6906637.820982322096825, 9144003.149214811623096 ], [ 6906656.491003443486989, 9143995.634283620864153 ], [ 6906679.121940702199936, 9143997.495345341041684 ], [ 6906744.522055233828723, 9143995.114204056560993 ], [ 6906759.585923397913575, 9144001.02831288985908 ], [ 6906777.608084731735289, 9144030.51378439553082 ], [ 6906786.259243846870959, 9144044.657552629709244 ], [ 6906803.844144073314965, 9144059.275116203352809 ], [ 6906817.46812142059207, 9144064.516622114926577 ], [ 6906838.755201413296163, 9144067.921930894255638 ], [ 6906863.830299351364374, 9144073.59716958552599 ], [ 6906873.637941784225404, 9144075.829650728031993 ], [ 6906927.633989594876766, 9144085.76993215829134 ], [ 6906960.013403920456767, 9144100.425288442522287 ], [ 6906963.268332070671022, 9144109.828873604536057 ], [ 6906970.938529646024108, 9144123.455753007903695 ], [ 6906982.629812786355615, 9144132.461917305365205 ], [ 6907008.767914793454111, 9144134.163520697504282 ], [ 6907030.317342534661293, 9144127.982213940471411 ], [ 6907046.253998077474535, 9144122.076969308778644 ], [ 6907065.193468587473035, 9144120.438372584059834 ], [ 6907083.668463696725667, 9144123.976166954264045 ], [ 6907109.487614064477384, 9144133.786182701587677 ], [ 6907132.852519621141255, 9144136.347357988357544 ], [ 6907150.930295332334936, 9144146.52781480550766 ], [ 6907187.302102779969573, 9144141.111671321094036 ], [ 6907227.674678895622492, 9144145.821953354403377 ], [ 6907254.139324469491839, 9144169.590032761916518 ], [ 6907281.191900312900543, 9144191.114644726738334 ], [ 6907309.224257949739695, 9144203.036198882386088 ], [ 6907326.500479411333799, 9144211.038819191977382 ], [ 6907363.652731197886169, 9144222.524801596999168 ], [ 6907397.492930691689253, 9144223.117248078808188 ], [ 6907424.886553512886167, 9144236.532566606998444 ], [ 6907450.606313636526465, 9144259.601188261061907 ], [ 6907466.226833757944405, 9144292.720160564407706 ], [ 6907476.52473271265626, 9144317.255989052355289 ], [ 6907497.365133551880717, 9144341.28938246332109 ], [ 6907500.783765690401196, 9144354.387954788282514 ], [ 6907503.081830874085426, 9144373.417193671688437 ], [ 6907515.340287574566901, 9144394.915965538471937 ], [ 6907534.095803073607385, 9144404.330117259174585 ], [ 6907576.507013616152108, 9144407.457873204723001 ], [ 6907596.439670127816498, 9144427.120054075494409 ], [ 6907677.107002805918455, 9144427.580589989200234 ], [ 6907726.978571997955441, 9144337.102799497544765 ], [ 6907735.47576486505568, 9144314.079629356041551 ], [ 6907762.535083707422018, 9144285.048823673278093 ], [ 6907784.951706200838089, 9144247.882436769083142 ], [ 6907796.980294012464583, 9144222.45483972132206 ], [ 6907854.293674134649336, 9144134.774629460647702 ], [ 6907889.941163342446089, 9144066.095736021175981 ], [ 6907897.06188627332449, 9144044.640976071357727 ], [ 6907914.879048430360854, 9143963.030491162091494 ], [ 6907935.880877903662622, 9143795.09273543022573 ], [ 6907943.099578247405589, 9143775.912560837343335 ], [ 6907958.383155395276845, 9143760.189095476642251 ], [ 6907980.309017507359385, 9143747.989256415516138 ], [ 6908016.595180006697774, 9143733.726852590218186 ], [ 6908050.972035680897534, 9143731.03560034185648 ], [ 6908211.964228843338788, 9143761.666014831513166 ], [ 6908232.908388487063348, 9143761.60260883718729 ], [ 6908258.388221338391304, 9143758.818036692216992 ], [ 6908287.433180801570415, 9143751.915822628885508 ], [ 6908317.17482003942132, 9143736.392587516456842 ], [ 6908341.320761952549219, 9143725.621174279600382 ], [ 6908359.465567026287317, 9143709.034078039228916 ], [ 6908388.548147864639759, 9143695.051562003791332 ], [ 6908425.677864603698254, 9143683.774568637832999 ], [ 6908448.192645888775587, 9143679.728815980255604 ], [ 6908462.311270715668797, 9143678.566128108650446 ], [ 6908518.729862459935248, 9143643.092635484412313 ], [ 6908538.659921580925584, 9143616.604186452925205 ], [ 6908568.998367196880281, 9143560.215611793100834 ], [ 6908584.372186564840376, 9143527.855099691078067 ], [ 6908605.660236202180386, 9143499.046498155221343 ], [ 6908628.741313138045371, 9143479.247797412797809 ], [ 6908652.962805764749646, 9143470.739929402247071 ], [ 6908666.564686705358326, 9143472.234364107251167 ], [ 6908688.50994026940316, 9143474.653059389442205 ], [ 6908723.191411064937711, 9143493.717529999092221 ], [ 6908761.621826093643904, 9143535.329878251999617 ], [ 6908787.625991490669549, 9143553.980555318295956 ], [ 6909019.896898329257965, 9143602.410068362951279 ], [ 6909051.807652600109577, 9143605.701470194384456 ], [ 6909063.34636296890676, 9143605.252079758793116 ], [ 6909065.837943814694881, 9143604.25282739661634 ], [ 6909121.673222153447568, 9143581.801469104364514 ], [ 6909152.772601693868637, 9143563.956987766548991 ], [ 6909175.356954141519964, 9143550.214921660721302 ], [ 6909191.784811230376363, 9143543.016595225781202 ], [ 6909226.498470935970545, 9143527.807239413261414 ], [ 6909246.029786176979542, 9143509.649745851755142 ], [ 6909256.958410991355777, 9143463.673372749239206 ], [ 6909267.790354596450925, 9143418.059289146214724 ], [ 6909305.411295691505075, 9143269.126164251938462 ], [ 6909313.590331641957164, 9143218.884336084127426 ], [ 6909309.836190799251199, 9143158.535287242382765 ], [ 6909318.089146432466805, 9143053.856237936764956 ], [ 6909322.713141089305282, 9142967.455602379515767 ], [ 6909314.770693944767118, 9142892.14018052443862 ], [ 6909297.904768448323011, 9142829.271773209795356 ], [ 6909271.981396224349737, 9142775.073247894644737 ], [ 6909266.098704849369824, 9142753.371620921418071 ], [ 6909274.459614112973213, 9142726.580383092164993 ], [ 6909280.734359469264746, 9142702.137594936415553 ], [ 6909292.667051453143358, 9142636.631120780482888 ], [ 6909307.342257210984826, 9142586.147246727719903 ], [ 6909346.814462513662875, 9142485.536340892314911 ], [ 6909382.256721223704517, 9142449.371862266212702 ], [ 6909461.308393435552716, 9142344.949083054438233 ], [ 6909533.287942386232316, 9142263.484498176723719 ], [ 6909576.604867708869278, 9142206.595927879214287 ], [ 6909653.337918519973755, 9142079.566665336489677 ], [ 6909711.191023096442223, 9141987.315708991140127 ], [ 6909742.414654063992202, 9141935.432398594915867 ], [ 6909772.114642866887152, 9141900.230559457093477 ], [ 6909804.85038863029331, 9141868.704158691689372 ], [ 6909912.026176629588008, 9141763.178388377651572 ], [ 6910118.837507211603224, 9141656.790770843625069 ], [ 6910310.938014637678862, 9141562.31126363389194 ], [ 6910376.987728269770741, 9141533.264406654983759 ], [ 6910416.276308703236282, 9141524.476632809266448 ], [ 6910518.0451570013538, 9141519.609961867332458 ], [ 6910747.556130282580853, 9141512.481794789433479 ], [ 6910811.303009570576251, 9141509.990892453119159 ], [ 6911004.468253135681152, 9141453.533257780596614 ], [ 6911027.574579572305083, 9141434.480110887438059 ], [ 6911053.705393166281283, 9141419.091426201164722 ], [ 6911105.424366778694093, 9141392.869771417230368 ], [ 6911162.009429975412786, 9141361.911505024880171 ], [ 6911185.483249229378998, 9141333.762787187471986 ], [ 6911229.318986251950264, 9141290.462039751932025 ], [ 6911257.727748390287161, 9141278.003156332299113 ], [ 6911284.798154807649553, 9141230.811313278973103 ], [ 6911306.506895668804646, 9141175.499943815171719 ], [ 6911319.866485390812159, 9141109.941675206646323 ], [ 6911339.187550954520702, 9141011.609053859487176 ], [ 6911373.352191507816315, 9140848.42304309643805 ], [ 6911398.262766294181347, 9140670.467347050085664 ], [ 6911403.561415448784828, 9140545.46265778131783 ], [ 6911402.327192898839712, 9140494.84237876534462 ], [ 6911379.392181248404086, 9140424.642003139480948 ], [ 6911352.919890120625496, 9140375.009546332061291 ], [ 6911344.435109673067927, 9140342.060080293565989 ], [ 6911345.886460019275546, 9140304.938945569097996 ], [ 6911358.479486156255007, 9140275.710753871127963 ], [ 6911391.763776989653707, 9140239.61085513047874 ], [ 6911433.219109550118446, 9140191.102188801392913 ], [ 6911458.589944570325315, 9140137.161283154040575 ], [ 6911486.227992119267583, 9140067.259860945865512 ], [ 6911499.390962596982718, 9140015.312109330669045 ], [ 6911513.450641270726919, 9139911.896767387166619 ], [ 6911523.67679226398468, 9139877.462499726563692 ], [ 6911539.887004520744085, 9139848.092086311429739 ], [ 6911585.209683708846569, 9139806.221300274133682 ], [ 6911642.71102297399193, 9139761.617424141615629 ], [ 6911708.841569589450955, 9139715.91169243119657 ], [ 6911756.8044773042202, 9139694.366480618715286 ], [ 6911826.128614547662437, 9139685.60024662129581 ], [ 6911891.360745834186673, 9139678.717900034040213 ], [ 6911944.582838271744549, 9139672.930709712207317 ], [ 6912125.531928286887705, 9139651.726875809952617 ], [ 6912212.943508371710777, 9139640.191904976963997 ], [ 6912257.969260398298502, 9139627.842107512056828 ], [ 6912384.79428846295923, 9139582.786159306764603 ], [ 6912639.118652530945837, 9139472.978371096774936 ], [ 6912685.692753462120891, 9139444.671313939616084 ], [ 6912704.373422751203179, 9139423.519831463694572 ], [ 6912715.588371049612761, 9139395.846944918856025 ], [ 6912717.794539354741573, 9139359.457244405522943 ], [ 6912711.156070329248905, 9139243.993876811116934 ], [ 6912697.573451742529869, 9139172.672143271192908 ], [ 6912675.977295237593353, 9139081.234141310676932 ], [ 6912645.25232807919383, 9139015.131568778306246 ], [ 6912593.773711184971035, 9138916.548133872449398 ], [ 6912553.683401923626661, 9138850.801818458363414 ], [ 6912539.21186768822372, 9138812.799111612141132 ], [ 6912527.821886043995619, 9138705.077572215348482 ], [ 6912513.146227862685919, 9138605.814595155417919 ], [ 6912504.278971399180591, 9138507.075744925066829 ], [ 6912497.166735580191016, 9138472.56747929751873 ], [ 6912476.795298548415303, 9138412.850638844072819 ], [ 6912441.378564648330212, 9138356.003497365862131 ], [ 6912397.818125337362289, 9138313.09260381013155 ], [ 6912334.070083681493998, 9138252.059420892968774 ], [ 6912279.522338667884469, 9138186.130424838513136 ], [ 6912210.562594835646451, 9138102.604691442102194 ], [ 6912164.309482292272151, 9138064.335186718031764 ], [ 6912114.030771169811487, 9138048.215780390426517 ], [ 6912085.849286921322346, 9138037.903958847746253 ], [ 6912050.002920679748058, 9138018.210169605910778 ], [ 6912010.692943630740047, 9137969.811992149800062 ], [ 6911992.203886827453971, 9137947.053738998249173 ], [ 6911972.310389305464923, 9137899.420460289344192 ], [ 6911960.145140920765698, 9137809.142970252782106 ], [ 6911938.599969367496669, 9137644.350855799391866 ], [ 6911937.823118193075061, 9137586.897355031222105 ], [ 6911942.814723601564765, 9137529.217265425249934 ], [ 6911958.185880763456225, 9137403.812052097171545 ], [ 6911963.733719805255532, 9137323.424064502120018 ], [ 6911965.248992255888879, 9137287.814376132562757 ], [ 6911970.729797242209315, 9137167.771936893463135 ], [ 6911978.115416085347533, 9137108.331649411469698 ], [ 6911942.846837336197495, 9137142.919416824355721 ], [ 6911905.088262917473912, 9137168.835955392569304 ], [ 6911826.64535766094923, 9137245.817830763757229 ] ] ] ] } },
{ "type": "Feature", "properties": { "lv_id": "LOC_024219", "id": 103338.0, "CD_SETOR": "251550005000001", "SITUACAO": "Urbana", "CD_SIT": "1", "CD_TIPO": "0", "AREA_KM2": 0.50361898802932104, "CD_REGIAO": "2", "NM_REGIAO": "Nordeste", "CD_UF": "25", "NM_UF": "Paraíba", "CD_MUN": "2515500", "NM_MUN": "Serra Branca", "CD_DIST": "251550005", "NM_DIST": "Serra Branca", "CD_SUBDIST": "25155000500", "NM_SUBDIST": null, "CD_BAIRRO": null, "NM_BAIRRO": null, "CD_NU": null, "NM_NU": null, "CD_FCU": null, "NM_FCU": null, "CD_AGLOM": null, "NM_AGLOM": null, "CD_RGINT": "2502", "NM_RGINT": "Campina Grande", "CD_RGI": "250008", "NM_RGI": "Sumé", "CD_CONCURB": null, "NM_CONCURB": null, "mun_code_x": "2515500", "index_right": 49217, "dist_m": 190.81121091928671, "local_id": 250014, "ano": 2022, "cod_localidade_ibge": 2515500, "NR_ZONA": "58", "nr_cep": 58580000.0, "nm_localidade": "SERRA BRANCA", "nm_locvot": "ESCOLA DE 1 E 2 GRAU CÔNEGO JOÃO MARQUES PEREIRA", "ds_endereco": "RUA RAUL DA COSTA LEÃO, CENTRO", "ds_bairro": "CENTRO", "pred_long": -36.662658, "pred_lat": -7.481162, "pred_dist": 0.0, "tse_long": -36.6626432, "tse_lat": -7.4812154, "long": -36.6626432, "lat": -7.4812154, "ID_UNICO": "LOC_024219", "SG_UF": "PB", "CD_MUNICIPIO": "22110", "NR_LOCAL_VOTACAO": "1040", "QT_SECOES_AGREGADAS": 0, "QT_ELEITORES_TRANSFERIDOS": 600, "CIRO GOMES (PDT) (NÃO ELEITO) 1T": 78.0, "CONSTITUINTE EYMAEL (DC) (NÃO ELEITO) 1T": 0.0, "FELIPE D AVILA (NOVO) (NÃO ELEITO) 1T": 4.0, "JAIR BOLSONARO (PL) (2º TURNO) 1T": 499.0, "LULA (PT) (2º TURNO) 1T": 1033.0, "LÉO PÉRICLES (UP) (NÃO ELEITO) 1T": 0.0, "PADRE KELMON (PTB) (NÃO ELEITO) 1T": 1.0, "SIMONE TEBET (MDB) (NÃO ELEITO) 1T": 23.0, "SOFIA MANZANO (PCB) (NÃO ELEITO) 1T": 1.0, "SORAYA THRONICKE (UNIÃO) (NÃO ELEITO) 1T": 7.0, "VERA (PSTU) (NÃO ELEITO) 1T": 0.0, "Total_Votos_Validos 1T": 1646.0, "Votos_Brancos 1T": 7.0, "Votos_Nulos 1T": 43.0, "Abstenções 1T": 373.0, "Eleitores_Aptos 1T": 2069.0, "JAIR BOLSONARO (PL) (NÃO ELEITO) 2T": 554.0, "LULA (PT) (ELEITO) 2T": 1076.0, "Total_Votos_Validos 2T": 1630.0, "Votos_Brancos 2T": 12.0, "Votos_Nulos 2T": 71.0, "Abstenções 2T": 356.0, "Eleitores_Aptos 2T": 2069.0, "mun_code_y": "2515500", "mun_code": "2515500" }, "geometry": { "type": "Polygon", "coordinates": [ [ [ 6914865.189814351499081, 9132571.777292441576719 ], [ 6914954.412214521318674, 9132490.645457213744521 ], [ 6915086.717404634691775, 9132524.355802919715643 ], [ 6915342.085834523662925, 9132562.394867828115821 ], [ 6915354.80342411249876, 9132702.704282166436315 ], [ 6915365.560836938209832, 9132792.759785693138838 ], [ 6915378.749218258075416, 9132930.447428334504366 ], [ 6915380.051142755895853, 9133017.683634141460061 ], [ 6915378.39759567193687, 9133058.291992194950581 ], [ 6915386.259771232493222, 9133118.309521928429604 ], [ 6915378.356609744951129, 9133169.752009831368923 ], [ 6915369.579342452809215, 9133223.427407462149858 ], [ 6915374.411699514836073, 9133264.380913596600294 ], [ 6915367.920953623950481, 9133293.401746239513159 ], [ 6915355.362946074455976, 9133318.65907078050077 ], [ 6915329.847554095089436, 9133353.823860036209226 ], [ 6915306.520577071234584, 9133371.731515437364578 ], [ 6915261.582756062969565, 9133407.652393411844969 ], [ 6915099.872334930114448, 9133555.41112801246345 ], [ 6915092.985221363604069, 9133563.493287034332752 ], [ 6915096.337079953402281, 9133565.038509022444487 ], [ 6915645.946140421554446, 9133642.415775656700134 ], [ 6915716.523240938782692, 9133959.87801144644618 ], [ 6915540.395822175778449, 9134786.054174486547709 ], [ 6915333.449068983085454, 9134651.524946622550488 ], [ 6915286.611996287479997, 9134621.671032810583711 ], [ 6915238.019126845523715, 9134590.694775937125087 ], [ 6915277.114385711960495, 9134389.504348346963525 ], [ 6915280.140520138666034, 9134373.880529146641493 ], [ 6915304.8824397418648, 9134251.807632442563772 ], [ 6915338.682065778411925, 9134071.871592503041029 ], [ 6915372.008703466504812, 9133914.724239487200975 ], [ 6915294.348999114707112, 9133905.7593953628093 ], [ 6915170.58611657936126, 9133892.321728311479092 ], [ 6915145.206052181310952, 9133890.14261282607913 ], [ 6915096.407686456106603, 9133887.372983831912279 ], [ 6915004.361588082276285, 9133885.097005758434534 ], [ 6914972.675314035266638, 9133893.441346019506454 ], [ 6914901.273744564503431, 9133919.529678631573915 ], [ 6914823.581478221341968, 9133946.32903840392828 ], [ 6914671.035514703020453, 9134001.064330345019698 ], [ 6914565.638226193375885, 9134038.895556809380651 ], [ 6914468.136306809261441, 9134077.802856283262372 ], [ 6914455.154033632017672, 9134069.487605042755604 ], [ 6914414.94928324688226, 9134043.723819930106401 ], [ 6914306.151250735856593, 9133974.018892500549555 ], [ 6914097.810684690251946, 9133840.538945270702243 ], [ 6913832.773881847970188, 9133669.650710230693221 ], [ 6913761.382856871932745, 9133768.94903726503253 ], [ 6913616.347691085189581, 9133969.309929598122835 ], [ 6913575.829755912534893, 9134019.81363651715219 ], [ 6913548.753499359823763, 9134063.75888410396874 ], [ 6913539.107912797480822, 9134085.277019660919905 ], [ 6913529.44546246342361, 9134115.449758740141988 ], [ 6913541.108158985152841, 9134132.725459013134241 ], [ 6913560.942818094044924, 9134160.17217587120831 ], [ 6913611.795700489543378, 9134230.532453756779432 ], [ 6913550.005768331699073, 9134283.67986867390573 ], [ 6913489.373028572648764, 9134242.177949607372284 ], [ 6913446.239474437199533, 9134215.789471495896578 ], [ 6913416.34554254449904, 9134250.636072270572186 ], [ 6913395.395438756793737, 9134274.034618459641933 ], [ 6913387.120871198363602, 9134280.539163805544376 ], [ 6913375.637915955856442, 9134282.369003186002374 ], [ 6913367.14081069920212, 9134287.979905925691128 ], [ 6913354.458229696378112, 9134304.978230694308877 ], [ 6913340.115193902514875, 9134332.396620163694024 ], [ 6913294.238851906731725, 9134422.966517532244325 ], [ 6913287.00120990909636, 9134436.255957532674074 ], [ 6913263.581179182976484, 9134485.632114754989743 ], [ 6913189.223913294263184, 9134446.823165096342564 ], [ 6913143.397991394624114, 9134422.206612618640065 ], [ 6913116.893308503553271, 9134476.343335118144751 ], [ 6913082.693985972553492, 9134550.208096463233232 ], [ 6913096.885478431358933, 9134561.5068499147892 ], [ 6913085.686998813413084, 9134562.700501454994082 ], [ 6913074.809108313173056, 9134567.595222866162658 ], [ 6913057.304882252588868, 9134560.302802739664912 ], [ 6913022.488395672291517, 9134615.171783605590463 ], [ 6913011.428226578049362, 9134627.882833825424314 ], [ 6912996.43604326620698, 9134657.37381362169981 ], [ 6912914.452392809092999, 9134782.74177248775959 ], [ 6912968.355223351158202, 9134821.351589446887374 ], [ 6913007.611474666744471, 9134843.486010039225221 ], [ 6912970.514894166961312, 9134931.242760544642806 ], [ 6912925.375404399819672, 9134998.503331013023853 ], [ 6912962.689424189738929, 9135025.238134576007724 ], [ 6912897.188179126009345, 9135158.111044028773904 ], [ 6912938.706118111498654, 9135190.985603522509336 ], [ 6912899.847041567787528, 9135266.397172892466187 ], [ 6912874.425465270876884, 9135321.47274512425065 ], [ 6912864.346106424927711, 9135362.303796075284481 ], [ 6912910.358671615831554, 9135390.316144561395049 ], [ 6912972.307672425173223, 9135424.503381667658687 ], [ 6912943.930288285017014, 9135481.129974814131856 ], [ 6912913.526780700311065, 9135537.07264812476933 ], [ 6912916.044594242237508, 9135546.159337073564529 ], [ 6912923.742305796593428, 9135548.112099878489971 ], [ 6912936.306277663446963, 9135546.518138326704502 ], [ 6912997.215394474565983, 9135553.351050907745957 ], [ 6913027.41656291205436, 9135557.9228261616081 ], [ 6913067.264700626954436, 9135555.4738759547472 ], [ 6913145.544955655001104, 9135547.392267825081944 ], [ 6913154.029002148658037, 9135550.251152070239186 ], [ 6913163.621551266871393, 9135553.494430314749479 ], [ 6913175.216148752719164, 9135563.635091602802277 ], [ 6913184.696125399321318, 9135579.342885315418243 ], [ 6913192.278805734589696, 9135598.249127266928554 ], [ 6913189.131673048250377, 9135617.624324841424823 ], [ 6913170.726043346337974, 9135639.752435205504298 ], [ 6913166.688887545838952, 9135658.965985152870417 ], [ 6913168.221465737558901, 9135677.104020174592733 ], [ 6913443.117838997393847, 9135848.944341460242867 ], [ 6913455.923939239233732, 9135981.372127890586853 ], [ 6912268.659079493023455, 9135971.818549044430256 ], [ 6911805.839898932725191, 9135532.405124839395285 ], [ 6911727.233118839561939, 9134783.363612782210112 ], [ 6911677.790496393106878, 9134821.18555792234838 ], [ 6911651.578823080286384, 9134826.89194393530488 ], [ 6911626.740936879068613, 9134825.591550955548882 ], [ 6911602.115252256393433, 9134815.247853858396411 ], [ 6911499.438553729094565, 9134764.806086953729391 ], [ 6911443.296869053505361, 9134732.232005197554827 ], [ 6911424.253931887447834, 9134725.416601367294788 ], [ 6911395.220375350676477, 9134703.111535295844078 ], [ 6911329.498133231885731, 9134638.014957308769226 ], [ 6911283.275677160359919, 9134600.885871926322579 ], [ 6911263.26647986844182, 9134587.67670813202858 ], [ 6911218.880163002759218, 9134569.100274605676532 ], [ 6911207.112596640363336, 9134564.173161834478378 ], [ 6911193.955096412450075, 9134559.578456599265337 ], [ 6911180.883295264095068, 9134548.941775223240256 ], [ 6911138.003646301105618, 9134504.879197962582111 ], [ 6911114.300024876371026, 9134489.548374837264419 ], [ 6911076.682214571163058, 9134469.479216894134879 ], [ 6911060.246771853417158, 9134457.274646850302815 ], [ 6911018.218299239873886, 9134423.752117544412613 ], [ 6910977.792503701522946, 9134396.228212909772992 ], [ 6910948.320690635591745, 9134381.124857915565372 ], [ 6910942.137867819517851, 9134378.071598527953029 ], [ 6910875.418960235081613, 9134345.048002609983087 ], [ 6910818.376313553191721, 9134317.42722456716001 ], [ 6910767.758796972222626, 9134297.107234423980117 ], [ 6910751.958534991368651, 9134290.164413752034307 ], [ 6910726.75275688059628, 9134273.412429846823215 ], [ 6910720.822159951552749, 9134269.458535246551037 ], [ 6910684.762801609002054, 9134245.430046482011676 ], [ 6910657.060658689588308, 9134226.971915312111378 ], [ 6910623.474355106242001, 9134207.461664482951164 ], [ 6910577.630071941763163, 9134190.019324772059917 ], [ 6910553.899951594881713, 9134183.389092370867729 ], [ 6910503.588199144229293, 9134161.553556939586997 ], [ 6910421.909867092967033, 9134121.04597326926887 ], [ 6910400.236979261040688, 9134113.062269289046526 ], [ 6910384.62742948718369, 9134111.028393285349011 ], [ 6910354.282942591235042, 9134110.708833063021302 ], [ 6910295.561685876920819, 9134104.705668225884438 ], [ 6910266.504291833378375, 9134100.552705259993672 ], [ 6910196.259763676673174, 9134076.85387958958745 ], [ 6910135.529870893806219, 9134054.966472854837775 ], [ 6910060.942978197708726, 9134032.653493443503976 ], [ 6910036.529006160795689, 9134027.183952357620001 ], [ 6909996.619279467500746, 9134022.32502874918282 ], [ 6909948.865105172619224, 9134010.591747270897031 ], [ 6909900.717835151590407, 9133998.122078036889434 ], [ 6909874.717326276004314, 9133997.307371621951461 ], [ 6909824.783934243023396, 9133995.446081683039665 ], [ 6909747.067954183556139, 9133984.141497083008289 ], [ 6909700.191767298616469, 9133976.526343055069447 ], [ 6909654.250218834728003, 9133965.103384124115109 ], [ 6909602.349059144966304, 9133958.079507846385241 ], [ 6909561.884855853393674, 9133948.326231718063354 ], [ 6909528.456509571522474, 9133942.830147087574005 ], [ 6909500.756598799489439, 9133936.368052823469043 ], [ 6909466.903091510757804, 9133919.922910813242197 ], [ 6909432.332364317029715, 9133904.350470459088683 ], [ 6909396.894456398673356, 9133893.184654066339135 ], [ 6909379.796706413850188, 9133890.087371939793229 ], [ 6909358.885763146914542, 9133890.911251040175557 ], [ 6909333.827264722436666, 9133896.432886559516191 ], [ 6909309.746899781748652, 9133899.267067931592464 ], [ 6909224.233175987377763, 9133891.670367455109954 ], [ 6909201.716440998017788, 9133888.404832744970918 ], [ 6909176.803040252067149, 9133879.172526527196169 ], [ 6909084.201891706325114, 9133837.82454146631062 ], [ 6909026.940034249797463, 9133804.534798081964254 ], [ 6908984.951917770318687, 9133783.124276019632816 ], [ 6908910.358978513628244, 9133759.215922841802239 ], [ 6908888.717753037810326, 9133750.618270829319954 ], [ 6908825.131978640332818, 9133721.730546003207564 ], [ 6908772.457739687524736, 9133695.073432672768831 ], [ 6908732.63139153085649, 9133673.578016811981797 ], [ 6908698.196868013590574, 9133660.938680037856102 ], [ 6908656.273832398466766, 9133650.87306509539485 ], [ 6908629.521325796842575, 9133650.030059928074479 ], [ 6908598.795087860897183, 9133648.973454598337412 ], [ 6908551.309338796883821, 9133644.42459112778306 ], [ 6908525.24457127507776, 9133642.802613751962781 ], [ 6908480.996204398572445, 9133646.812844900414348 ], [ 6908270.824176374822855, 9133664.923559002578259 ], [ 6908111.046872263774276, 9133679.151461232453585 ], [ 6908053.835958713665605, 9133684.435142965987325 ], [ 6908018.861756681464612, 9133694.880728194490075 ], [ 6907948.742829781025648, 9133702.557933628559113 ], [ 6907935.423641968518496, 9133703.464153029024601 ], [ 6907876.738310186192393, 9133708.042231850326061 ], [ 6907858.879453133791685, 9133703.829759795218706 ], [ 6907727.086053732782602, 9133666.674993604421616 ], [ 6907635.305367782711983, 9133655.542031601071358 ], [ 6907558.759040041826665, 9133646.45782695710659 ], [ 6907508.438353512436152, 9133643.141900595277548 ], [ 6907446.579212150536478, 9133630.83065171726048 ], [ 6907339.525750831700861, 9133607.830543296411633 ], [ 6907320.950082896277308, 9133603.646316515281796 ], [ 6907292.301068232394755, 9133600.61051663197577 ], [ 6907228.192512564361095, 9133586.120886908844113 ], [ 6907209.135935257188976, 9133578.936842955648899 ], [ 6907181.873017963021994, 9133574.331302681937814 ], [ 6907165.590793846175075, 9133573.457217179238796 ], [ 6907148.694766584783792, 9133575.267494665458798 ], [ 6907118.48357789684087, 9133569.262867150828242 ], [ 6907091.773357004858553, 9133560.113228097558022 ], [ 6907062.421240217983723, 9133538.957971423864365 ], [ 6907003.625868974253535, 9133494.014120265841484 ], [ 6906935.993403624743223, 9133444.502860041335225 ], [ 6906835.038489936850965, 9133373.993220537900925 ], [ 6906778.317667157389224, 9133345.218432035297155 ], [ 6906732.286617703735828, 9133322.071766003966331 ], [ 6906710.749991090036929, 9133307.051426026970148 ], [ 6906655.183111742138863, 9133280.116643600165844 ], [ 6906616.643742203712463, 9133263.869082931429148 ], [ 6906565.227188292890787, 9133241.698033282533288 ], [ 6906520.177085917443037, 9133225.325245872139931 ], [ 6906477.636266772635281, 9133217.539553677663207 ], [ 6906438.780692857690156, 9133202.819676851853728 ], [ 6906395.890738908201456, 9133195.429413417354226 ], [ 6906314.275915573351085, 9133185.793515536934137 ], [ 6906276.819687223993242, 9133178.952621661126614 ], [ 6906237.976954190060496, 9133173.669848155230284 ], [ 6906219.05230757035315, 9133169.881255256012082 ], [ 6906194.080849960446358, 9133159.136947460472584 ], [ 6906123.709162270650268, 9133141.494455359876156 ], [ 6906065.402224626392126, 9133127.910659598186612 ], [ 6906043.686921291984618, 9133126.498793801292777 ], [ 6906006.655585523694754, 9133130.605268504470587 ], [ 6905964.895244661718607, 9133143.213457698002458 ], [ 6905930.638177380897105, 9133153.629443805664778 ], [ 6905886.845747830346227, 9133160.268770081922412 ], [ 6905836.410822597332299, 9133163.387640906497836 ], [ 6905792.645833752118051, 9133161.340171385556459 ], [ 6905749.83069796860218, 9133146.764705717563629 ], [ 6905704.780901649966836, 9133130.39208472520113 ], [ 6905677.797430309467018, 9133121.878207661211491 ], [ 6905661.802264952100813, 9133137.508059609681368 ], [ 6905645.933752801269293, 9133139.890632348135114 ], [ 6905624.251342399045825, 9133139.610729614272714 ], [ 6905618.471386985853314, 9133142.093477724120021 ], [ 6905603.555852068588138, 9133163.914442045614123 ], [ 6905594.250970331020653, 9133179.743463648483157 ], [ 6905591.138708054088056, 9133188.921569608151913 ], [ 6905593.110771081410348, 9133202.456269271671772 ], [ 6905604.497877317480743, 9133223.785484258085489 ], [ 6905605.962833544239402, 9133226.526621341705322 ], [ 6905605.204105714336038, 9133234.871916061267257 ], [ 6905599.17144432477653, 9133240.521899290382862 ], [ 6905597.188622862100601, 9133242.36942576430738 ], [ 6905593.243462370708585, 9133259.120857834815979 ], [ 6905587.58337982185185, 9133283.202761456370354 ], [ 6905584.040111736394465, 9133303.766461400315166 ], [ 6905585.737645216286182, 9133311.934121215716004 ], [ 6905587.151162932626903, 9133318.759823685511947 ], [ 6905588.138165115378797, 9133319.71559340134263 ], [ 6905596.906416887417436, 9133328.206387815997005 ], [ 6905599.624389896169305, 9133342.463487522676587 ], [ 6905595.725705208256841, 9133353.580786453559995 ], [ 6905587.408864056691527, 9133364.131768833845854 ], [ 6905581.271522723138332, 9133371.925400253385305 ], [ 6905580.666178743354976, 9133377.107326367869973 ], [ 6905579.099488716572523, 9133390.5384142100811 ], [ 6905574.92281692288816, 9133413.00057870708406 ], [ 6905564.662870957516134, 9133474.27219951339066 ], [ 6905559.048400243744254, 9133488.4292285554111 ], [ 6905549.949060772545636, 9133504.724148506298661 ], [ 6905543.835066247731447, 9133530.211609952151775 ], [ 6905541.248083460144699, 9133540.976535828784108 ], [ 6905540.228293924592435, 9133570.507997144013643 ], [ 6905543.838960524648428, 9133589.275101494044065 ], [ 6905543.961163985542953, 9133596.9843037314713 ], [ 6905544.82042405474931, 9133651.619350653141737 ], [ 6905544.928731844760478, 9133653.558048844337463 ], [ 6905547.03005235735327, 9133690.09091049619019 ], [ 6905552.917680187150836, 9133720.865703633055091 ], [ 6905568.21078609675169, 9133761.471097651869059 ], [ 6905592.364810363389552, 9133797.576096031814814 ], [ 6905600.864523462951183, 9133821.366906329989433 ], [ 6905599.160800212062895, 9133842.667725171893835 ], [ 6905603.672889998182654, 9133856.484223436564207 ], [ 6905611.048762934282422, 9133869.806442003697157 ], [ 6905611.065085021778941, 9133898.152253147214651 ], [ 6905611.753086839802563, 9133915.901000065729022 ], [ 6905627.192301194183528, 9133960.282704124227166 ], [ 6905630.520993124693632, 9133971.497329505160451 ], [ 6905631.210215576924384, 9133998.683302326127887 ], [ 6905647.406639169901609, 9134025.271052654832602 ], [ 6905654.505150724202394, 9134036.568761974573135 ], [ 6905656.636767683550715, 9134049.102662058547139 ], [ 6905653.952148493379354, 9134054.505124595016241 ], [ 6905642.531458799727261, 9134059.083007888868451 ], [ 6905578.452043413184583, 9134076.117031583562493 ], [ 6905528.28448140155524, 9134110.10206837952137 ], [ 6905527.636323179118335, 9134110.763638505712152 ], [ 6905512.646100822836161, 9134125.844202809035778 ], [ 6905478.127845916897058, 9134185.420436356216669 ], [ 6905468.828141134232283, 9134197.131468635052443 ], [ 6905433.797888847067952, 9134224.969638608396053 ], [ 6905413.689667582511902, 9134237.105494219809771 ], [ 6905400.967844164930284, 9134245.735866617411375 ], [ 6905385.888809343799949, 9134255.962349416688085 ], [ 6905382.314149108715355, 9134260.347262756898999 ], [ 6905368.307754213921726, 9134277.447502546012402 ], [ 6905302.535183398984373, 9134344.311473125591874 ], [ 6905296.743521290831268, 9134350.205985995009542 ], [ 6905271.174804234877229, 9134378.215301128104329 ], [ 6905244.701892839744687, 9134414.251521928235888 ], [ 6905242.553226634860039, 9134419.806228453293443 ], [ 6905218.772462770342827, 9134481.434059634804726 ], [ 6905216.411377445794642, 9134485.782769158482552 ], [ 6905158.056677346117795, 9134517.462384534999728 ], [ 6905137.218795425258577, 9134520.17778410948813 ], [ 6905105.017902572639287, 9134518.412944637238979 ], [ 6905069.007513390854001, 9134520.961150575429201 ], [ 6905012.464613967575133, 9134524.697656927630305 ], [ 6904979.872514058835804, 9134531.656498486176133 ], [ 6904962.071939286775887, 9134528.944184293970466 ], [ 6904944.928210138343275, 9134533.781066995114088 ], [ 6904923.537667776457965, 9134541.05149288661778 ], [ 6904902.317321682348847, 9134543.018501168116927 ], [ 6904869.388507819734514, 9134541.282114258036017 ], [ 6904817.28345933649689, 9134546.093007745221257 ], [ 6904793.585252569057047, 9134560.520082106813788 ], [ 6904781.801506791263819, 9134564.001387430354953 ], [ 6904744.756448784843087, 9134558.656483193859458 ], [ 6904740.180396875366569, 9134560.004280090332031 ], [ 6904726.910098036751151, 9134563.890902906656265 ], [ 6904716.863998472690582, 9134574.878849919885397 ], [ 6904707.27146054059267, 9134579.037323709577322 ], [ 6904689.544212405569851, 9134578.218661675229669 ], [ 6904659.812154658138752, 9134584.301528602838516 ], [ 6904627.261316747404635, 9134601.458434239029884 ], [ 6904597.927233144640923, 9134618.107293596491218 ], [ 6904567.069682165049016, 9134641.627527352422476 ], [ 6904532.462652614340186, 9134661.883351912721992 ], [ 6904486.726073900237679, 9134674.272746030241251 ], [ 6904453.829113602638245, 9134692.194574620574713 ], [ 6904374.620970069430768, 9134725.928021723404527 ], [ 6904350.806423983536661, 9134735.929761072620749 ], [ 6904330.931199087761343, 9134754.103273566812277 ], [ 6904317.761069348081946, 9134759.153697766363621 ], [ 6904300.834991730749607, 9134760.19991448149085 ], [ 6904281.968745416030288, 9134757.922329796478152 ], [ 6904260.730445051565766, 9134750.58010102622211 ], [ 6904212.985330067574978, 9134729.626404326409101 ], [ 6904177.951005350798368, 9134710.590661400929093 ], [ 6904170.643119725398719, 9134704.713731231167912 ], [ 6904158.194392111152411, 9134694.725107416510582 ], [ 6904144.079222553409636, 9134691.624956391751766 ], [ 6904140.714451235719025, 9134690.878171972930431 ], [ 6904130.520428411662579, 9134688.63016945309937 ], [ 6904119.218237235210836, 9134681.152289649471641 ], [ 6904100.875671244226396, 9134669.001269653439522 ], [ 6904049.987299861386418, 9134641.891712857410312 ], [ 6904027.724282616749406, 9134632.04565598256886 ], [ 6903982.507393882609904, 9134615.052074011415243 ], [ 6903967.45906001329422, 9134613.526658039540052 ], [ 6903950.248424462042749, 9134611.785467766225338 ], [ 6903849.539863993413746, 9134599.433919567614794 ], [ 6903747.078025031834841, 9134586.873606225475669 ], [ 6903658.311005399562418, 9134579.395774856209755 ], [ 6903596.383037561550736, 9134574.136856198310852 ], [ 6903591.296534821391106, 9134573.71208244562149 ], [ 6903571.568463754840195, 9134577.134777115657926 ], [ 6903543.270088124088943, 9134583.160483922809362 ], [ 6903540.250337591394782, 9134583.336853116750717 ], [ 6903525.979663848876953, 9134584.209316102787852 ], [ 6903510.370375787839293, 9134582.173907626420259 ], [ 6903459.083406669087708, 9134563.024955479428172 ], [ 6903441.535232799127698, 9134561.123485513031483 ], [ 6903384.696148520335555, 9134562.915339982137084 ], [ 6903301.373874505981803, 9134583.960035864263773 ], [ 6903279.655094506219029, 9134585.321377526968718 ], [ 6903243.810757897794247, 9134580.171569302678108 ], [ 6903169.772462862543762, 9134565.384839935228229 ], [ 6903144.10251204110682, 9134560.263531988486648 ], [ 6903137.090553571470082, 9134559.463314091786742 ], [ 6903080.272193228825927, 9134552.939594412222505 ], [ 6902985.560733677819371, 9134559.686692755669355 ], [ 6902920.593462408520281, 9134569.799239864572883 ], [ 6902897.095281556248665, 9134578.272621858865023 ], [ 6902816.868842649273574, 9134623.38599095121026 ], [ 6902757.552119914442301, 9134658.219312336295843 ], [ 6902703.304191163741052, 9134684.169161135330796 ], [ 6902672.110760349780321, 9134708.451076498255134 ], [ 6902624.54734524898231, 9134729.593844147399068 ], [ 6902604.733288439922035, 9134749.647814163938165 ], [ 6902596.760376526042819, 9134758.274867091327906 ], [ 6902568.721436991356313, 9134808.15024602226913 ], [ 6902540.944539817981422, 9134827.383201042190194 ], [ 6902491.603042878210545, 9134868.253305854275823 ], [ 6902461.082349868491292, 9134891.374983979389071 ], [ 6902455.678772412240505, 9134901.034359028562903 ], [ 6902450.596135707572103, 9134918.995339130982757 ], [ 6902441.686380135826766, 9134949.965083155781031 ], [ 6902426.630725340917706, 9134990.253213232383132 ], [ 6902425.460053987801075, 9135006.545902505517006 ], [ 6902438.178498392924666, 9135036.667396826669574 ], [ 6902444.486831629648805, 9135050.411906100809574 ], [ 6902447.027924704365432, 9135060.141275634989142 ], [ 6902442.647758111357689, 9135077.704624077305198 ], [ 6902436.861683456227183, 9135086.615744236856699 ], [ 6902434.62785307597369, 9135094.26589984819293 ], [ 6902435.488721166737378, 9135116.538221711292863 ], [ 6902434.35002760682255, 9135124.515464160591364 ], [ 6902418.461561279371381, 9135133.834258835762739 ], [ 6902407.628189365379512, 9135143.336418749764562 ], [ 6902394.145855976268649, 9135158.608558651059866 ], [ 6902375.498877990990877, 9135171.43513055332005 ], [ 6902368.781483670696616, 9135184.545568330213428 ], [ 6902350.482079273089767, 9135215.513158861547709 ], [ 6902335.264150623232126, 9135242.185462454333901 ], [ 6902318.293114681728184, 9135279.518597679212689 ], [ 6902294.940915752202272, 9135348.103462766855955 ], [ 6902293.638769679702818, 9135361.001514291390777 ], [ 6902292.73195109795779, 9135403.000867092981935 ], [ 6902286.994013396091759, 9135422.88365444727242 ], [ 6902271.131982233375311, 9135451.477357979863882 ], [ 6902248.815390868112445, 9135509.429152799770236 ], [ 6902246.884932820685208, 9135543.524434605613351 ], [ 6902243.424585650674999, 9135556.888609582558274 ], [ 6902231.096619367599487, 9135592.906129118055105 ], [ 6902228.69954033382237, 9135614.924313230440021 ], [ 6902221.018115723505616, 9135640.549200735986233 ], [ 6902222.609966969117522, 9135663.174253037199378 ], [ 6902227.454669550061226, 9135676.21297512575984 ], [ 6902239.458216851577163, 9135697.285305831581354 ], [ 6902240.143594391644001, 9135715.031438337638974 ], [ 6902224.018428749404848, 9135736.824293848127127 ], [ 6902192.972446805797517, 9135765.260908141732216 ], [ 6902168.247503918595612, 9135788.905378118157387 ], [ 6902160.536552156321704, 9135804.332369530573487 ], [ 6902118.401551513001323, 9135844.535256141796708 ], [ 6901999.917966374196112, 9135936.872495383024216 ], [ 6901970.141800465062261, 9135970.173063218593597 ], [ 6901949.783500611782074, 9135985.331956703215837 ], [ 6901931.980502421036363, 9136010.601097881793976 ], [ 6901918.500341045670211, 9136033.966419789940119 ], [ 6901920.703378994017839, 9136045.824983948841691 ], [ 6901921.268055674619973, 9136069.611600827425718 ], [ 6901922.3786078710109, 9136089.225636074319482 ], [ 6901917.717037419788539, 9136108.684105107560754 ], [ 6901911.363258356228471, 9136121.791225582361221 ], [ 6901905.68226981908083, 9136133.727233186364174 ], [ 6901902.33818157762289, 9136150.11608418263495 ], [ 6901900.592236077412963, 9136198.183435214683414 ], [ 6901896.065668420866132, 9136221.429309519007802 ], [ 6901881.356165178120136, 9136270.767318103462458 ], [ 6901874.881904215551913, 9136299.362227164208889 ], [ 6901873.76885480247438, 9136317.178465504199266 ], [ 6901875.472468718886375, 9136361.329518565908074 ], [ 6901866.709424732252955, 9136387.007542088627815 ], [ 6901857.083274349570274, 9136418.373733630403876 ], [ 6901851.588075673207641, 9136453.740960402414203 ], [ 6901848.163945129141212, 9136505.28496590256691 ], [ 6901837.060697958804667, 9136563.940191874280572 ], [ 6901833.814445427618921, 9136592.038588058203459 ], [ 6901820.69806401617825, 9136617.123635357245803 ], [ 6901811.861304628662765, 9136631.449314607307315 ], [ 6901799.414475328288972, 9136654.993331387639046 ], [ 6901790.810120670124888, 9136667.899177143350244 ], [ 6901756.210805087350309, 9136714.522717429324985 ], [ 6901733.209232212044299, 9136745.660268314182758 ], [ 6901714.136006290093064, 9136774.400809958577156 ], [ 6901705.909462391398847, 9136786.794547690078616 ], [ 6901703.429688292555511, 9136796.10736395418644 ], [ 6901696.981787228025496, 9136826.839975919574499 ], [ 6901678.227114399895072, 9136864.991847226396203 ], [ 6901680.254302425310016, 9136880.037083499133587 ], [ 6901698.909266001544893, 9136923.52468110434711 ], [ 6901700.907195876352489, 9136947.266537394374609 ], [ 6901700.433021297678351, 9137000.579452676698565 ], [ 6901714.520780854858458, 9137038.209854882210493 ], [ 6901723.804481660947204, 9137054.092945259064436 ], [ 6901728.273403707891703, 9137075.171181928366423 ], [ 6901728.652115011587739, 9137076.971780844032764 ], [ 6901732.196735544130206, 9137082.383452737703919 ], [ 6901753.981800371780992, 9137115.665828632190824 ], [ 6901766.890542303211987, 9137132.170373380184174 ], [ 6901784.235890356823802, 9137151.149393662810326 ], [ 6901790.892265763133764, 9137164.498913835734129 ], [ 6901789.337126816622913, 9137208.407195828855038 ], [ 6901779.359885941259563, 9137249.615245494991541 ], [ 6901768.710495943203568, 9137263.64147137477994 ], [ 6901748.655992161482573, 9137296.17796971835196 ], [ 6901736.208252910524607, 9137319.72152728959918 ], [ 6901730.318504760041833, 9137354.352073097601533 ], [ 6901728.63675476051867, 9137366.894423300400376 ], [ 6901729.872234941460192, 9137417.874141898006201 ], [ 6901724.608907751739025, 9137440.385142588987947 ], [ 6901666.194154260680079, 9137545.857580799609423 ], [ 6901656.184125445783138, 9137576.486265081912279 ], [ 6901657.548728450201452, 9137599.004043268039823 ], [ 6901658.166084337979555, 9137609.294173385947943 ], [ 6901669.010148281231523, 9137647.051624897867441 ], [ 6901691.197950964793563, 9137697.975542409345508 ], [ 6901709.082005141302943, 9137726.646891936659813 ], [ 6901712.367038284428418, 9137731.918481985107064 ], [ 6901712.422452289611101, 9137734.217372538521886 ], [ 6901713.224292653612792, 9137763.637242736294866 ], [ 6901718.236068881116807, 9137828.079109504818916 ], [ 6901720.402442445978522, 9137832.700640285387635 ], [ 6901725.710877876728773, 9137844.044753726571798 ], [ 6901742.002874451689422, 9137882.722727438434958 ], [ 6901751.853064461611211, 9137913.326997371390462 ], [ 6901758.329426180571318, 9137950.122178507968783 ], [ 6901760.718463830649853, 9137984.047525253146887 ], [ 6901759.791426910087466, 9138025.664700672030449 ], [ 6901757.570249607786536, 9138043.142394037917256 ], [ 6901753.929388111457229, 9138061.04556181281805 ], [ 6901752.024182997643948, 9138086.443194318562746 ], [ 6901751.314411554485559, 9138143.176395514979959 ], [ 6901743.431225772947073, 9138180.867823598906398 ], [ 6901718.812532680109143, 9138255.578760612756014 ], [ 6901718.710033861920238, 9138256.646567590534687 ], [ 6901717.041807156987488, 9138275.293596962466836 ], [ 6901717.995097388513386, 9138328.180604120716453 ], [ 6901709.60462056286633, 9138402.639158854261041 ], [ 6901708.838794756680727, 9138409.43346269801259 ], [ 6901707.758705398999155, 9138496.464651219546795 ], [ 6901676.996146014891565, 9138546.184309810400009 ], [ 6901649.175591668114066, 9138614.948914675042033 ], [ 6901617.582858853042126, 9138709.137325797230005 ], [ 6901597.855299418792129, 9138730.431673817336559 ], [ 6901551.086858329363167, 9138743.14939303509891 ], [ 6904799.317997665144503, 9140515.451857183128595 ], [ 6904804.067380266264081, 9140526.634652744978666 ], [ 6904792.094929272308946, 9140572.099754672497511 ], [ 6904793.283428630791605, 9140590.082694409415126 ], [ 6904803.477878343313932, 9140604.684420621022582 ], [ 6904820.671339596621692, 9140618.585272939875722 ], [ 6904832.291015103459358, 9140633.478375824168324 ], [ 6904831.797928130254149, 9140645.652081459760666 ], [ 6904818.177414270117879, 9140670.954844197258353 ], [ 6904838.623921976424754, 9140693.899666171520948 ], [ 6904848.942560942843556, 9140711.44561056047678 ], [ 6904850.929122075438499, 9140731.224693572148681 ], [ 6904851.971085118129849, 9140776.436660144478083 ], [ 6904856.994474980048835, 9140846.48464790917933 ], [ 6904853.510733792558312, 9140892.659488424658775 ], [ 6904848.152807488106191, 9140906.167785806581378 ], [ 6904885.838438050821424, 9140997.100256908684969 ], [ 6904895.18091244995594, 9141038.981853030622005 ], [ 6904909.731837965548038, 9141094.225827369838953 ], [ 6904920.196052836254239, 9141114.703751703724265 ], [ 6904919.296105082146823, 9141125.783132016658783 ], [ 6904939.518284759484231, 9141196.950484799221158 ], [ 6904946.670647051185369, 9141274.999536495655775 ], [ 6904957.906585998833179, 9141304.641445200890303 ], [ 6905074.593515634536743, 9141496.324624698609114 ], [ 6905128.198244908824563, 9141558.536015450954437 ], [ 6905209.517139804549515, 9141610.589350182563066 ], [ 6905335.830738451331854, 9141721.582375932484865 ], [ 6905369.130544503219426, 9141783.799491828307509 ], [ 6905372.138862730935216, 9141790.505593910813332 ], [ 6905412.428907701745629, 9141854.092780385166407 ], [ 6905411.615267544053495, 9141882.100095683708787 ], [ 6905395.603697741404176, 9141901.274031424894929 ], [ 6905390.497680619359016, 9141958.187400816008449 ], [ 6905404.25505233835429, 9141996.544407377019525 ], [ 6905409.084339823573828, 9142039.747973462566733 ], [ 6905411.620324824005365, 9142109.547729276120663 ], [ 6905407.944137581624091, 9142118.248963719233871 ], [ 6905400.835213722661138, 9142135.086824212223291 ], [ 6905383.962342046201229, 9142166.078756883740425 ], [ 6905396.925698949024081, 9142217.720203172415495 ], [ 6905423.699251374229789, 9142248.087984036654234 ], [ 6905502.38977288454771, 9142289.236590899527073 ], [ 6905516.833312813192606, 9142312.093266626819968 ], [ 6905516.852273534983397, 9142327.554927304387093 ], [ 6905514.027279889211059, 9142357.861127624288201 ], [ 6905551.966874624602497, 9142446.590930674225092 ], [ 6905572.525270002894104, 9142494.930276449769735 ], [ 6905580.079200295731425, 9142521.062263857573271 ], [ 6905624.541083852760494, 9142583.713898971676826 ], [ 6905694.282370286993682, 9142644.421782273799181 ], [ 6905748.01311025954783, 9142694.11869334615767 ], [ 6905810.363540954887867, 9142732.366170909255743 ], [ 6905836.323308914899826, 9142751.895370345562696 ], [ 6905852.692798964679241, 9142764.199593914672732 ], [ 6905886.47027819044888, 9142821.635898154228926 ], [ 6905898.584782160818577, 9142842.247693333774805 ], [ 6905939.25921393185854, 9142899.196031188592315 ], [ 6905956.294756988063455, 9142918.783682964742184 ], [ 6905967.539685598574579, 9142931.703856499865651 ], [ 6905975.667367098852992, 9142945.728405805304646 ], [ 6905992.040115281939507, 9142973.958006430417299 ], [ 6905996.29707343224436, 9143020.134220495820045 ], [ 6906006.66050753928721, 9143076.319618480280042 ], [ 6906028.239740802906454, 9143146.687108630314469 ], [ 6906054.463173003867269, 9143165.316099168732762 ], [ 6906115.731389834545553, 9143195.511505393311381 ], [ 6906095.866719230078161, 9143173.304229332134128 ], [ 6906101.278328649699688, 9143155.687905367463827 ], [ 6906110.046702085062861, 9143139.46756849437952 ], [ 6906122.878386833705008, 9143116.277138240635395 ], [ 6906134.641898551955819, 9143102.970318419858813 ], [ 6906158.096455246210098, 9143055.171787301078439 ], [ 6906172.685219135135412, 9143021.342150526121259 ], [ 6906174.52152609359473, 9142994.045902825891972 ], [ 6906188.421940775588155, 9142960.994730152189732 ], [ 6906204.726686168462038, 9142933.887032935395837 ], [ 6906224.743603717535734, 9142909.664913844317198 ], [ 6906244.35505658108741, 9142874.876214694231749 ], [ 6906248.469322235323489, 9142850.521302774548531 ], [ 6906243.355592380277812, 9142811.398122040554881 ], [ 6906230.723408935591578, 9142802.059338307008147 ], [ 6906211.789827957749367, 9142779.365025866776705 ], [ 6906204.08671211078763, 9142747.90646923519671 ], [ 6906210.431573985144496, 9142724.968224765732884 ], [ 6906208.722283409908414, 9142680.427207831293344 ], [ 6906221.864857276901603, 9142589.936977446079254 ], [ 6906229.216420214623213, 9142574.523206239566207 ], [ 6906241.356207046657801, 9142571.031906969845295 ], [ 6906256.152761952020228, 9142572.861305858939886 ], [ 6906264.577615378424525, 9142573.897943656891584 ], [ 6906293.556994092650712, 9142567.611260525882244 ], [ 6906304.19088589400053, 9142551.942376956343651 ], [ 6906308.710333949886262, 9142538.153886500746012 ], [ 6906322.034072785638273, 9142527.804398395121098 ], [ 6906322.378002930432558, 9142499.062505878508091 ], [ 6906311.668184228241444, 9142464.69084888137877 ], [ 6906292.331896616145968, 9142412.520658327266574 ], [ 6906290.339380103163421, 9142379.324598915874958 ], [ 6906286.612236156128347, 9142338.643902925774455 ], [ 6906295.727413989603519, 9142331.476813942193985 ], [ 6906294.944840353913605, 9142311.094352239742875 ], [ 6906291.619759583845735, 9142299.878214227035642 ], [ 6906290.75025088340044, 9142277.232322853058577 ], [ 6906263.74308951292187, 9142232.1616121660918 ], [ 6906260.884841609746218, 9142214.115295387804508 ], [ 6906269.478471828624606, 9142193.367575723677874 ], [ 6906290.580589891411364, 9142160.035081805661321 ], [ 6906304.624013548716903, 9142130.747867934405804 ], [ 6906309.088420793414116, 9142096.548453241586685 ], [ 6906343.319947050884366, 9141990.871220011264086 ], [ 6906356.725183326750994, 9141944.977556392550468 ], [ 6906366.027179904282093, 9141905.292484702542424 ], [ 6906346.747377974912524, 9141854.623920667916536 ], [ 6906346.478157092817128, 9141828.924423478543758 ], [ 6906355.190197473391891, 9141792.292457466945052 ], [ 6906360.945957991294563, 9141735.362663818523288 ], [ 6906375.220720371231437, 9141712.114758290350437 ], [ 6906390.531937109306455, 9141697.153553765267134 ], [ 6906410.323350732214749, 9141685.79957552999258 ], [ 6906437.465470844879746, 9141659.031319085508585 ], [ 6906474.46001823246479, 9141606.920452587306499 ], [ 6906488.076138758100569, 9141585.224639140069485 ], [ 6906510.398064071312547, 9141564.69285255484283 ], [ 6906519.707423266023397, 9141543.905098976567388 ], [ 6906523.134575505740941, 9141501.429984027519822 ], [ 6906518.760819914750755, 9141406.323548914864659 ], [ 6906515.786422099918127, 9141385.274596065282822 ], [ 6906509.651627496816218, 9141338.62713317386806 ], [ 6906512.53541130758822, 9141300.706876574084163 ], [ 6906526.287393087521195, 9141263.877761704847217 ], [ 6906544.711435982957482, 9141235.933748435229063 ], [ 6906578.425781825557351, 9141211.175149602815509 ], [ 6906584.508012069389224, 9141181.457190159708261 ], [ 6906580.778034711256623, 9141140.76460649445653 ], [ 6906586.830849474295974, 9141110.284437799826264 ], [ 6906602.567967596463859, 9141087.742069499567151 ], [ 6906619.577859127894044, 9141041.706505715847015 ], [ 6906640.391118753701448, 9140963.011474754661322 ], [ 6906647.595922898501158, 9140943.820517657324672 ], [ 6906654.161945195868611, 9140908.023092020303011 ], [ 6906663.935591598972678, 9140899.325974017381668 ], [ 6906686.629034338518977, 9140831.903129475191236 ], [ 6906705.711071290075779, 9140802.417684461921453 ], [ 6906726.474493019282818, 9140741.118766762316227 ], [ 6906754.353126742877066, 9140677.263512486591935 ], [ 6906784.103308564983308, 9140605.782595159485936 ], [ 6906804.688120659440756, 9140577.75321008823812 ], [ 6906829.366214863024652, 9140524.616644792258739 ], [ 6906840.032594215124846, 9140501.519736494868994 ], [ 6906843.805846, 9140468.09774774312973 ], [ 6906876.908373178914189, 9140427.481505524367094 ], [ 6906881.167626041918993, 9140369.093096619471908 ], [ 6906873.730812440626323, 9140326.277929350733757 ], [ 6906879.69620000757277, 9140274.623529363423586 ], [ 6906932.161783231422305, 9140174.2765222042799 ], [ 6906942.769420302473009, 9140149.666471142321825 ], [ 6906952.892607343383133, 9140131.1242392398417 ], [ 6906972.013662735000253, 9140102.399508768692613 ], [ 6906972.925116621889174, 9140069.840800072997808 ], [ 6906988.516551354900002, 9140024.622217275202274 ], [ 6907014.578305788338184, 9139988.813840806484222 ], [ 6907041.834441286511719, 9139946.157963313162327 ], [ 6907056.358634593896568, 9139910.811818299815059 ], [ 6907064.425793401896954, 9139876.469747707247734 ], [ 6907059.451103041879833, 9139559.816874587908387 ], [ 6907052.53467402048409, 9139324.166380729526281 ], [ 6907048.916963074356318, 9139305.397632462903857 ], [ 6907021.594670365564525, 9139289.834385192021728 ], [ 6907007.458417686633766, 9139279.041094899177551 ], [ 6907008.496078761294484, 9139268.417749071493745 ], [ 6907015.378944443538785, 9139240.922521870583296 ], [ 6907018.549576109275222, 9139229.463968336582184 ], [ 6907021.563842051662505, 9139176.409080198034644 ], [ 6907038.772069757804275, 9139154.558896012604237 ], [ 6907050.13522338308394, 9139130.670384706929326 ], [ 6907051.802499050274491, 9139117.755464578047395 ], [ 6907047.758846020326018, 9139106.567495645955205 ], [ 6907034.368896529078484, 9139096.508469102904201 ], [ 6907025.331729736179113, 9139087.030969379469752 ], [ 6907001.809190618805587, 9139038.796145049855113 ], [ 6906996.757792500779033, 9139020.09512292034924 ], [ 6907001.652951289899647, 9138997.211397994309664 ], [ 6907003.89150751940906, 9138980.492105869576335 ], [ 6906999.516869808547199, 9138923.19244728051126 ], [ 6907001.016350191086531, 9138849.783033136278391 ], [ 6907009.944534544833004, 9138800.290292363613844 ], [ 6907008.75043158326298, 9138769.328900273889303 ], [ 6907009.671135591343045, 9138755.67983415350318 ], [ 6907022.963000541552901, 9138744.576920986175537 ], [ 6907035.992641841061413, 9138707.773272130638361 ], [ 6907028.243303415365517, 9138675.553251137956977 ], [ 6907016.79322705231607, 9138659.369609231129289 ], [ 6907013.658976621925831, 9138634.533094510436058 ], [ 6907027.737091988325119, 9138624.914461342617869 ], [ 6907049.42502832878381, 9138625.569211849942803 ], [ 6907075.856308645568788, 9138636.64425465464592 ], [ 6907101.502872923389077, 9138649.427084134891629 ], [ 6907106.785581607371569, 9138652.065549774095416 ], [ 6907125.973783443681896, 9138662.660752505064011 ], [ 6907174.664323368109763, 9138670.586168993264437 ], [ 6907201.403889827430248, 9138668.174837961792946 ], [ 6907250.094656572677195, 9138660.069735711440444 ], [ 6907255.702607160434127, 9138661.689235594123602 ], [ 6907266.170581556856632, 9138664.726189885288477 ], [ 6907287.608040019869804, 9138677.50033457390964 ], [ 6907303.469339568167925, 9138676.879521148279309 ], [ 6907327.671710729598999, 9138669.119824109598994 ], [ 6907359.828140189871192, 9138658.793379001319408 ], [ 6907401.88218679279089, 9138653.041311820968986 ], [ 6907447.943905639462173, 9138651.23828505910933 ], [ 6907476.192955903708935, 9138642.140295771881938 ], [ 6907517.116448199376464, 9138636.004391824826598 ], [ 6907520.674043072387576, 9138636.304639227688313 ], [ 6907571.470076183788478, 9138640.677537841722369 ], [ 6907597.979323584586382, 9138637.16460795328021 ], [ 6907633.35599185526371, 9138632.425480080768466 ], [ 6907682.101244577206671, 9138627.452097462490201 ], [ 6907734.80150736682117, 9138619.050556726753712 ], [ 6907797.829153356142342, 9138615.194961486384273 ], [ 6907871.068206458352506, 9138609.158244164660573 ], [ 6907900.007420672103763, 9138582.451936703175306 ], [ 6907924.311051495373249, 9138538.392444804310799 ], [ 6907929.834832914173603, 9138513.215910159051418 ], [ 6907930.52199609670788, 9138493.526165893301368 ], [ 6907925.062357097864151, 9138483.156738137826324 ], [ 6907907.580609288066626, 9138460.39631905965507 ], [ 6907912.638454200699925, 9138423.151176068931818 ], [ 6907926.791703392751515, 9138396.884835135191679 ], [ 6907981.500643675215542, 9138373.564050514250994 ], [ 6907996.935504367575049, 9138361.612860770896077 ], [ 6908026.838165308348835, 9138275.75223265402019 ], [ 6908072.420031, 9138202.879226496443152 ], [ 6908095.745276426896453, 9138189.866891909390688 ], [ 6908149.282482702285051, 9138173.403814448043704 ], [ 6908191.667080479674041, 9138149.049681512638927 ], [ 6908260.044791924767196, 9138105.540558815002441 ], [ 6908288.439117643982172, 9138102.507881009951234 ], [ 6908345.76790558360517, 9138093.552776550874114 ], [ 6908453.475127124227583, 9138079.882005080580711 ], [ 6908594.398088744841516, 9138062.167782139033079 ], [ 6908645.983931558206677, 9138052.963000167161226 ], [ 6908698.64179415255785, 9138046.630942743271589 ], [ 6908772.163048255257308, 9138038.486278399825096 ], [ 6908897.680047855712473, 9138023.456728436052799 ], [ 6909003.593742407858372, 9138011.404536679387093 ], [ 6909085.041556067764759, 9137999.131390366703272 ], [ 6909157.627689370885491, 9137984.799534317106009 ], [ 6909226.90178803075105, 9137966.803353145718575 ], [ 6909302.619027733802795, 9137947.45545557513833 ], [ 6909351.860737234354019, 9137931.910068282857537 ], [ 6909402.669804859906435, 9137901.184812908992171 ], [ 6909467.367310648784041, 9137866.247888546437025 ], [ 6909566.773127528838813, 9137801.875633269548416 ], [ 6909599.547546351328492, 9137764.419228943064809 ], [ 6909611.979467893950641, 9137735.961882084608078 ], [ 6909609.020551226101816, 9137654.57485213316977 ], [ 6909624.590516240336001, 9137609.001950327306986 ], [ 6909740.835953615605831, 9137519.363224051892757 ], [ 6909778.319112342782319, 9137483.143983345478773 ], [ 6909816.541416573338211, 9137464.038474882021546 ], [ 6909902.096554676070809, 9137420.044489201158285 ], [ 6909950.309382214210927, 9137413.051004724577069 ], [ 6910053.218064780347049, 9137381.04163459315896 ], [ 6910166.844251552596688, 9137360.803304959088564 ], [ 6910223.491562502458692, 9137374.808977171778679 ], [ 6910273.144070745445788, 9137388.753789221867919 ], [ 6910337.239668067544699, 9137415.110586291179061 ], [ 6910492.043285894207656, 9137465.854326505213976 ], [ 6910604.391880708746612, 9137434.004981562495232 ], [ 6910689.405054462142289, 9137416.843735376372933 ], [ 6910748.358571395277977, 9137402.232399515807629 ], [ 6910791.244801940396428, 9137394.614168096333742 ], [ 6910828.172071451321244, 9137388.583308292552829 ], [ 6910848.501214658841491, 9137386.674541743472219 ], [ 6910888.325534729287028, 9137384.428264981135726 ], [ 6910912.316069697961211, 9137374.370647210627794 ], [ 6910954.232072537764907, 9137366.801851630210876 ], [ 6911045.219100702553988, 9137351.012917114421725 ], [ 6911124.132155704312027, 9137337.791727222502232 ], [ 6911170.65165844373405, 9137336.427440144121647 ], [ 6911358.005503007210791, 9137354.796571193262935 ], [ 6911421.865939948707819, 9137367.928553886711597 ], [ 6911502.155889982357621, 9137391.416670382022858 ], [ 6911574.533939694054425, 9137387.72924405708909 ], [ 6911655.195308587513864, 9137363.170875849202275 ], [ 6911781.315026294440031, 9137303.567059824243188 ], [ 6911826.64535766094923, 9137245.817830763757229 ], [ 6911905.088262917473912, 9137168.835955392569304 ], [ 6911942.846837336197495, 9137142.919416824355721 ], [ 6911978.115416085347533, 9137108.331649411469698 ], [ 6911970.729797242209315, 9137167.771936893463135 ], [ 6911965.248992255888879, 9137287.814376132562757 ], [ 6911963.733719805255532, 9137323.424064502120018 ], [ 6911958.185880763456225, 9137403.812052097171545 ], [ 6911942.814723601564765, 9137529.217265425249934 ], [ 6911937.823118193075061, 9137586.897355031222105 ], [ 6911938.599969367496669, 9137644.350855799391866 ], [ 6911960.145140920765698, 9137809.142970252782106 ], [ 6911972.310389305464923, 9137899.420460289344192 ], [ 6911992.203886827453971, 9137947.053738998249173 ], [ 6912010.692943630740047, 9137969.811992149800062 ], [ 6912050.002920679748058, 9138018.210169605910778 ], [ 6912085.849286921322346, 9138037.903958847746253 ], [ 6912114.030771169811487, 9138048.215780390426517 ], [ 6912164.309482292272151, 9138064.335186718031764 ], [ 6912210.562594835646451, 9138102.604691442102194 ], [ 6912279.522338667884469, 9138186.130424838513136 ], [ 6912334.070083681493998, 9138252.059420892968774 ], [ 6912397.818125337362289, 9138313.09260381013155 ], [ 6912441.378564648330212, 9138356.003497365862131 ], [ 6912476.795298548415303, 9138412.850638844072819 ], [ 6912497.166735580191016, 9138472.56747929751873 ], [ 6912504.278971399180591, 9138507.075744925066829 ], [ 6912513.146227862685919, 9138605.814595155417919 ], [ 6912527.821886043995619, 9138705.077572215348482 ], [ 6912539.21186768822372, 9138812.799111612141132 ], [ 6912553.683401923626661, 9138850.801818458363414 ], [ 6912593.773711184971035, 9138916.548133872449398 ], [ 6912645.25232807919383, 9139015.131568778306246 ], [ 6912675.977295237593353, 9139081.234141310676932 ], [ 6912697.573451742529869, 9139172.672143271192908 ], [ 6912711.156070329248905, 9139243.993876811116934 ], [ 6912717.794539354741573, 9139359.457244405522943 ], [ 6912715.588371049612761, 9139395.846944918856025 ], [ 6912704.373422751203179, 9139423.519831463694572 ], [ 6912685.692753462120891, 9139444.671313939616084 ], [ 6912639.118652530945837, 9139472.978371096774936 ], [ 6912384.79428846295923, 9139582.786159306764603 ], [ 6912257.969260398298502, 9139627.842107512056828 ], [ 6912212.943508371710777, 9139640.191904976963997 ], [ 6912125.531928286887705, 9139651.726875809952617 ], [ 6911944.582838271744549, 9139672.930709712207317 ], [ 6911891.360745834186673, 9139678.717900034040213 ], [ 6911826.128614547662437, 9139685.60024662129581 ], [ 6911756.8044773042202, 9139694.366480618715286 ], [ 6911708.841569589450955, 9139715.91169243119657 ], [ 6911642.71102297399193, 9139761.617424141615629 ], [ 6911585.209683708846569, 9139806.221300274133682 ], [ 6911539.887004520744085, 9139848.092086311429739 ], [ 6911523.67679226398468, 9139877.462499726563692 ], [ 6911513.450641270726919, 9139911.896767387166619 ], [ 6911499.390962596982718, 9140015.312109330669045 ], [ 6911486.227992119267583, 9140067.259860945865512 ], [ 6911458.589944570325315, 9140137.161283154040575 ], [ 6911433.219109550118446, 9140191.102188801392913 ], [ 6911391.763776989653707, 9140239.61085513047874 ], [ 6911358.479486156255007, 9140275.710753871127963 ], [ 6911345.886460019275546, 9140304.938945569097996 ], [ 6911344.435109673067927, 9140342.060080293565989 ], [ 6911352.919890120625496, 9140375.009546332061291 ], [ 6911379.392181248404086, 9140424.642003139480948 ], [ 6911402.327192898839712, 9140494.84237876534462 ], [ 6911403.561415448784828, 9140545.46265778131783 ], [ 6911398.262766294181347, 9140670.467347050085664 ], [ 6911373.352191507816315, 9140848.42304309643805 ], [ 6911339.187550954520702, 9141011.609053859487176 ], [ 6911319.866485390812159, 9141109.941675206646323 ], [ 6911306.506895668804646, 9141175.499943815171719 ], [ 6911284.798154807649553, 9141230.811313278973103 ], [ 6911257.727748390287161, 9141278.003156332299113 ], [ 6911229.318986251950264, 9141290.462039751932025 ], [ 6911185.483249229378998, 9141333.762787187471986 ], [ 6911162.009429975412786, 9141361.911505024880171 ], [ 6911105.424366778694093, 9141392.869771417230368 ], [ 6911053.705393166281283, 9141419.091426201164722 ], [ 6911027.574579572305083, 9141434.480110887438059 ], [ 6911004.468253135681152, 9141453.533257780596614 ], [ 6910811.303009570576251, 9141509.990892453119159 ], [ 6910747.556130282580853, 9141512.481794789433479 ], [ 6910518.0451570013538, 9141519.609961867332458 ], [ 6910416.276308703236282, 9141524.476632809266448 ], [ 6910376.987728269770741, 9141533.264406654983759 ], [ 6910310.938014637678862, 9141562.31126363389194 ], [ 6910118.837507211603224, 9141656.790770843625069 ], [ 6909912.026176629588008, 9141763.178388377651572 ], [ 6909804.85038863029331, 9141868.704158691689372 ], [ 6909772.114642866887152, 9141900.230559457093477 ], [ 6909742.414654063992202, 9141935.432398594915867 ], [ 6909711.191023096442223, 9141987.315708991140127 ], [ 6909653.337918519973755, 9142079.566665336489677 ], [ 6909576.604867708869278, 9142206.595927879214287 ], [ 6909533.287942386232316, 9142263.484498176723719 ], [ 6909461.308393435552716, 9142344.949083054438233 ], [ 6909382.256721223704517, 9142449.371862266212702 ], [ 6909346.814462513662875, 9142485.536340892314911 ], [ 6909307.342257210984826, 9142586.147246727719903 ], [ 6909292.667051453143358, 9142636.631120780482888 ], [ 6909280.734359469264746, 9142702.137594936415553 ], [ 6909274.459614112973213, 9142726.580383092164993 ], [ 6909266.098704849369824, 9142753.371620921418071 ], [ 6909271.981396224349737, 9142775.073247894644737 ], [ 6909297.904768448323011, 9142829.271773209795356 ], [ 6909314.770693944767118, 9142892.14018052443862 ], [ 6909322.713141089305282, 9142967.455602379515767 ], [ 6909318.089146432466805, 9143053.856237936764956 ], [ 6909309.836190799251199, 9143158.535287242382765 ], [ 6909313.590331641957164, 9143218.884336084127426 ], [ 6909305.411295691505075, 9143269.126164251938462 ], [ 6909267.790354596450925, 9143418.059289146214724 ], [ 6909256.958410991355777, 9143463.673372749239206 ], [ 6909246.029786176979542, 9143509.649745851755142 ], [ 6909226.498470935970545, 9143527.807239413261414 ], [ 6909191.784811230376363, 9143543.016595225781202 ], [ 6909175.356954141519964, 9143550.214921660721302 ], [ 6909152.772601693868637, 9143563.956987766548991 ], [ 6909121.673222153447568, 9143581.801469104364514 ], [ 6909065.837943814694881, 9143604.25282739661634 ], [ 6909063.34636296890676, 9143605.252079758793116 ], [ 6909051.807652600109577, 9143605.701470194384456 ], [ 6909019.896898329257965, 9143602.410068362951279 ], [ 6908787.625991490669549, 9143553.980555318295956 ], [ 6908761.621826093643904, 9143535.329878251999617 ], [ 6908723.191411064937711, 9143493.717529999092221 ], [ 6908688.50994026940316, 9143474.653059389442205 ], [ 6908666.564686705358326, 9143472.234364107251167 ], [ 6908652.962805764749646, 9143470.739929402247071 ], [ 6908628.741313138045371, 9143479.247797412797809 ], [ 6908605.660236202180386, 9143499.046498155221343 ], [ 6908584.372186564840376, 9143527.855099691078067 ], [ 6908568.998367196880281, 9143560.215611793100834 ], [ 6908538.659921580925584, 9143616.604186452925205 ], [ 6908518.729862459935248, 9143643.092635484412313 ], [ 6908462.311270715668797, 9143678.566128108650446 ], [ 6908448.192645888775587, 9143679.728815980255604 ], [ 6908425.677864603698254, 9143683.774568637832999 ], [ 6908388.548147864639759, 9143695.051562003791332 ], [ 6908359.465567026287317, 9143709.034078039228916 ], [ 6908341.320761952549219, 9143725.621174279600382 ], [ 6908317.17482003942132, 9143736.392587516456842 ], [ 6908287.433180801570415, 9143751.915822628885508 ], [ 6908258.388221338391304, 9143758.818036692216992 ], [ 6908232.908388487063348, 9143761.60260883718729 ], [ 6908211.964228843338788, 9143761.666014831513166 ], [ 6908050.972035680897534, 9143731.03560034185648 ], [ 6908016.595180006697774, 9143733.726852590218186 ], [ 6907980.309017507359385, 9143747.989256415516138 ], [ 6907958.383155395276845, 9143760.189095476642251 ], [ 6907943.099578247405589, 9143775.912560837343335 ], [ 6907935.880877903662622, 9143795.09273543022573 ], [ 6907914.879048430360854, 9143963.030491162091494 ], [ 6907897.06188627332449, 9144044.640976071357727 ], [ 6907889.941163342446089, 9144066.095736021175981 ], [ 6907854.293674134649336, 9144134.774629460647702 ], [ 6907796.980294012464583, 9144222.45483972132206 ], [ 6907784.951706200838089, 9144247.882436769083142 ], [ 6907762.535083707422018, 9144285.048823673278093 ], [ 6907735.47576486505568, 9144314.079629356041551 ], [ 6907726.978571997955441, 9144337.102799497544765 ], [ 6907677.107002805918455, 9144427.580589989200234 ], [ 6907596.439670127816498, 9144427.120054075494409 ], [ 6907667.33681302331388, 9144436.993592230603099 ], [ 6907707.205768087878823, 9144446.142030816525221 ], [ 6907732.54954285081476, 9144461.129403138533235 ], [ 6907748.258505966514349, 9144480.990642037242651 ], [ 6907787.592136982828379, 9144524.025627540424466 ], [ 6907795.234036314301193, 9144536.913916256278753 ], [ 6907807.645019448362291, 9144576.808821868151426 ], [ 6907796.017180856317282, 9144599.444762855768204 ], [ 6907784.154793050140142, 9144632.39522560685873 ], [ 6907790.683427587151527, 9144666.689492005854845 ], [ 6907788.360277509316802, 9144692.560730688273907 ], [ 6907769.23226829431951, 9144720.716012800112367 ], [ 6907762.696320096030831, 9144746.785665109753609 ], [ 6907799.43283523991704, 9144825.279772153124213 ], [ 6907832.421037310734391, 9144898.795973032712936 ], [ 6907960.88878112193197, 9144995.747750744223595 ], [ 6907971.770464554429054, 9145048.228802133351564 ], [ 6908000.74634725227952, 9145097.762947767972946 ], [ 6908006.964757212437689, 9145108.393584296107292 ], [ 6908065.954371525906026, 9145135.040179433301091 ], [ 6908094.749769249930978, 9145140.918861096724868 ], [ 6908118.578620854765177, 9145145.776072153821588 ], [ 6908200.401794128119946, 9145178.695093085989356 ], [ 6908492.559241149574518, 9145312.02693628706038 ], [ 6908642.118794286623597, 9145316.682984346523881 ], [ 6908729.017137099057436, 9145337.584395671263337 ], [ 6908785.85487687215209, 9145348.133639192208648 ], [ 6908808.174013470299542, 9145373.568886149674654 ], [ 6908890.469048816710711, 9145416.776440309360623 ], [ 6908936.362457051873207, 9145464.648986678570509 ], [ 6908971.050673754885793, 9145483.612253690138459 ], [ 6909016.505336578935385, 9145491.758666915819049 ], [ 6909077.162918160669506, 9145493.287997776642442 ], [ 6909108.422169670462608, 9145499.163720846176147 ], [ 6909152.63522466737777, 9145541.237649898976088 ], [ 6909167.851165284402668, 9145565.538236370310187 ], [ 6909199.312522102147341, 9145575.82472917996347 ], [ 6909207.571099737659097, 9145601.934117002412677 ], [ 6909205.523444207385182, 9145649.148678686469793 ], [ 6909202.497422533109784, 9145686.685070719569921 ], [ 6909200.14883332978934, 9145715.658783603459597 ], [ 6909212.027177764102817, 9145759.267063621431589 ], [ 6909231.210743025876582, 9145808.421295886859298 ], [ 6909269.59710137359798, 9145846.350032730028033 ], [ 6909320.016308547928929, 9145870.463213669136167 ], [ 6909383.688141074962914, 9145876.260089863091707 ], [ 6909482.105373253114522, 9145902.510916650295258 ], [ 6909592.565654505975544, 9145914.922422230243683 ], [ 6909729.827678645029664, 9145958.460772160440683 ], [ 6909805.512910738587379, 9146010.811421606689692 ], [ 6909898.831708340905607, 9146018.163241123780608 ], [ 6909963.635133994743228, 9146018.016813913360238 ], [ 6910032.493058972992003, 9145983.820595011115074 ], [ 6910091.753009199164808, 9146016.347249673679471 ], [ 6910186.348653396591544, 9146020.687878059223294 ], [ 6910267.395958038046956, 9146031.003106314688921 ], [ 6910329.480588248930871, 9146038.908804651349783 ], [ 6910543.224427717737854, 9145938.929677743464708 ], [ 6910623.426794877275825, 9145845.284251589328051 ], [ 6910666.797124306671321, 9145838.809321977198124 ], [ 6911095.555063499137759, 9145635.816425925120711 ], [ 6911236.034993384033442, 9145688.042210925370455 ], [ 6911351.081661224365234, 9145738.527406545355916 ], [ 6911462.681851523928344, 9145836.298378461971879 ], [ 6911466.950666470453143, 9145839.290453327819705 ], [ 6911584.981004643253982, 9145921.7851845882833 ], [ 6911696.144059907644987, 9145969.808336971327662 ], [ 6911720.106574444100261, 9145980.155504761263728 ], [ 6911817.596318616531789, 9146016.760698165744543 ], [ 6911885.347022991627455, 9146019.424328180029988 ], [ 6911988.971821734681726, 9146005.665505729615688 ], [ 6912053.130434333346784, 9146052.682954436168075 ], [ 6912100.60099860560149, 9146165.294554302468896 ], [ 6912187.885119656100869, 9146346.706258375197649 ], [ 6912376.902354982681572, 9146484.010204337537289 ], [ 6913484.941946193575859, 9145660.317814899608493 ], [ 6913914.44563705381006, 9145643.709306420758367 ], [ 6917171.604460454545915, 9145096.830789281055331 ], [ 6921169.654553946107626, 9138926.473054742440581 ], [ 6927576.512262954376638, 9129026.849285632371902 ], [ 6926383.712185548618436, 9128095.473980350419879 ], [ 6924045.322741957381368, 9126270.257432321086526 ], [ 6923854.331378439441323, 9126310.926295053213835 ], [ 6923757.203923312015831, 9126268.883472952991724 ], [ 6923682.427144499495625, 9126270.996561517938972 ], [ 6923600.877472290769219, 9126270.243757385760546 ], [ 6923505.72394180111587, 9126230.078362546861172 ], [ 6923447.804075957275927, 9126212.938808066770434 ], [ 6923438.636339746415615, 9126203.397535625845194 ], [ 6923429.457119947299361, 9126193.845154261216521 ], [ 6923409.047396251931787, 9126179.857609607279301 ], [ 6923388.626648021861911, 9126165.870525021106005 ], [ 6923372.970211430452764, 9126145.546494074165821 ], [ 6923354.982942152768373, 9126135.29335654899478 ], [ 6923331.722169677726924, 9126148.991427335888147 ], [ 6923281.970583212561905, 9126130.610733162611723 ], [ 6923264.318358331918716, 9126122.971710173413157 ], [ 6923224.317795659415424, 9126104.837443321943283 ], [ 6923172.661421235650778, 9126090.526395367458463 ], [ 6923109.464369509369135, 9126099.201777938753366 ], [ 6923069.854592287912965, 9126106.099740866571665 ], [ 6923016.083582113496959, 9126108.182088909670711 ], [ 6922884.016742832027376, 9126054.216116696596146 ], [ 6922872.385017408058047, 9126044.64634981751442 ], [ 6922849.567118810489774, 9126025.882547540590167 ], [ 6922837.34578618966043, 9126001.081013163551688 ], [ 6922795.351827369071543, 9125961.521150851622224 ], [ 6922788.535337892360985, 9125944.385712340474129 ], [ 6922766.170551066286862, 9125926.749804256483912 ], [ 6922717.179275104776025, 9125883.673740020021796 ], [ 6922663.674491181969643, 9125854.413299961015582 ], [ 6922645.085303615778685, 9125831.695667676627636 ], [ 6922621.467323235236108, 9125800.486860495060682 ], [ 6922594.597652306780219, 9125789.883590692654252 ], [ 6922582.592599956318736, 9125794.091073514893651 ], [ 6922563.282900216989219, 9125799.030734686180949 ], [ 6922535.847033604048193, 9125798.994491167366505 ], [ 6922516.802977656945586, 9125792.18696603924036 ], [ 6922501.937399636954069, 9125790.51332288607955 ], [ 6922475.660489802248776, 9125792.699272101745009 ], [ 6922448.62829118128866, 9125784.695196513086557 ], [ 6922428.159735853783786, 9125788.53530059941113 ], [ 6922375.80317450966686, 9125732.376637730747461 ], [ 6922337.059740757569671, 9125702.14396315254271 ], [ 6922293.157550914213061, 9125669.085358338430524 ], [ 6922268.288348382338881, 9125642.834688352420926 ], [ 6922207.875519022345543, 9125575.633108893409371 ], [ 6922193.106357639655471, 9125561.28182583488524 ], [ 6922161.222336719743907, 9125550.671231782063842 ], [ 6922141.162111340090632, 9125520.339342389255762 ], [ 6922117.540560475550592, 9125506.400338819250464 ], [ 6922083.186069901101291, 9125503.157341331243515 ], [ 6922058.029857913032174, 9125502.671198839321733 ], [ 6922010.782178511843085, 9125506.877206474542618 ], [ 6922002.990115060470998, 9125507.571040043607354 ], [ 6921980.647162169218063, 9125525.768761415034533 ], [ 6921969.704995427280664, 9125523.880302172154188 ], [ 6921952.045871186070144, 9125515.501359084621072 ], [ 6921923.211952383629978, 9125498.495538536459208 ], [ 6921874.975130977109075, 9125483.78255814127624 ], [ 6921852.66411398164928, 9125468.066657371819019 ], [ 6921834.328689137473702, 9125456.821306306868792 ], [ 6921799.638158041983843, 9125435.536106202751398 ], [ 6921762.449882306158543, 9125413.367129003629088 ], [ 6921713.576318989507854, 9125382.788610689342022 ], [ 6921700.686043382622302, 9125379.670303063467145 ], [ 6921667.619415424764156, 9125382.475293412804604 ], [ 6921631.327819429337978, 9125376.87928250990808 ], [ 6921595.02520420588553, 9125371.283708767965436 ], [ 6921575.889437044039369, 9125352.906224250793457 ], [ 6921561.15776326879859, 9125349.58384957909584 ], [ 6921530.546795351430774, 9125342.684112368151546 ], [ 6921460.007997183129191, 9125336.56069328263402 ], [ 6921439.47387177683413, 9125343.49356291256845 ], [ 6921371.471240780316293, 9125344.54852575995028 ], [ 6921342.229775868356228, 9125382.176471991464496 ], [ 6921289.308662918396294, 9125418.11304166726768 ], [ 6921252.599359150975943, 9125429.651220435276628 ], [ 6921221.45934518519789, 9125461.151189208030701 ], [ 6921203.752530765719712, 9125477.889385968446732 ], [ 6921188.337591954506934, 9125490.010501941666007 ], [ 6921189.324840269982815, 9125523.453942004591227 ], [ 6921150.102634923532605, 9125585.553936341777444 ], [ 6921110.21359340287745, 9125604.128388162702322 ], [ 6921081.906486484222114, 9125638.581522034481168 ], [ 6921063.225705268792808, 9125659.756384855136275 ], [ 6921056.344884499907494, 9125681.327236948534846 ], [ 6921028.112085971981287, 9125702.259113378822803 ], [ 6920997.45527520775795, 9125714.931683212518692 ], [ 6920976.124017096124589, 9125732.751850632950664 ], [ 6920952.818967170082033, 9125742.526216235011816 ], [ 6920907.00538291875273, 9125771.637531891465187 ], [ 6920863.608187535777688, 9125804.054690904915333 ], [ 6920836.412962974980474, 9125817.410228548571467 ], [ 6920820.215316455811262, 9125827.895495094358921 ], [ 6920802.911527225747705, 9125846.746365005150437 ], [ 6920797.948595561087132, 9125847.766541769728065 ], [ 6920782.138534285128117, 9125850.991214193403721 ], [ 6920768.751162927597761, 9125850.392321936786175 ], [ 6920750.609080168418586, 9125839.000265659764409 ], [ 6920734.982191706076264, 9125836.222513478249311 ], [ 6920725.000696880742908, 9125839.653900071978569 ], [ 6920713.181267956271768, 9125851.098204122856259 ], [ 6920703.129189817234874, 9125861.707974456250668 ], [ 6920690.233461963944137, 9125867.420107124373317 ], [ 6920670.799897163175046, 9125875.106513222679496 ], [ 6920669.915910295210779, 9125875.095564123243093 ], [ 6920635.743818106129766, 9125874.239763813093305 ], [ 6920624.681088093668222, 9125875.457504319027066 ], [ 6920590.324940650723875, 9125881.703561371192336 ], [ 6920551.95972777530551, 9125881.223673958331347 ], [ 6920529.948728390969336, 9125880.957921152934432 ], [ 6920512.973915819078684, 9125882.932801751419902 ], [ 6920510.199241459369659, 9125886.793516760692 ], [ 6920500.650142647325993, 9125900.079628536477685 ], [ 6920494.941753123886883, 9125905.446432491764426 ], [ 6920493.397454561665654, 9125906.896979041397572 ], [ 6920486.379619319923222, 9125913.50818732008338 ], [ 6920479.257132549770176, 9125916.061314987018704 ], [ 6920470.868998177349567, 9125923.21337734349072 ], [ 6920465.897754203528166, 9125924.303265061229467 ], [ 6920454.050209322012961, 9125926.906397378072143 ], [ 6920433.095700387842953, 9125944.768506808206439 ], [ 6920430.274473275057971, 9125947.728334121406078 ], [ 6920414.366095263510942, 9125964.439663590863347 ], [ 6920402.570732722990215, 9125967.526751602068543 ], [ 6920370.622923486866057, 9125967.623346505686641 ], [ 6920323.918970517814159, 9125957.326701916754246 ], [ 6920276.819264249876142, 9125967.264400906860828 ], [ 6920255.154414162039757, 9125973.824424602091312 ], [ 6920247.813299905508757, 9125979.800327660515904 ], [ 6920246.98837551753968, 9125981.569289654493332 ], [ 6920234.490807411260903, 9126008.328537238761783 ], [ 6920227.223404601216316, 9126016.176340237259865 ], [ 6920222.260088244453073, 9126016.907085783779621 ], [ 6920186.0864587277174, 9126019.915259761735797 ], [ 6920179.560622510500252, 9126025.279873205348849 ], [ 6920171.424018414691091, 9126026.76239176467061 ], [ 6920166.292002934031188, 9126027.696615304797888 ], [ 6920154.419798655435443, 9126028.553024157881737 ], [ 6920145.726830564439297, 9126037.221586812287569 ], [ 6920145.002956838347018, 9126046.323910444974899 ], [ 6920141.416474610567093, 9126055.934126615524292 ], [ 6920126.179930630140007, 9126063.348092202097178 ], [ 6920124.935126109048724, 9126063.710316320881248 ], [ 6920120.108467184007168, 9126065.106822442263365 ], [ 6920119.851511827670038, 9126067.836791498586535 ], [ 6920119.091321349143982, 9126075.736941762268543 ], [ 6920115.035571655258536, 9126090.539108004420996 ], [ 6920080.131817292422056, 9126115.138156855478883 ], [ 6920061.466421868652105, 9126116.254384865984321 ], [ 6920004.070375477895141, 9126134.819757040590048 ], [ 6919996.149701714515686, 9126144.591498864814639 ], [ 6919985.960514198988676, 9126165.47148447483778 ], [ 6919975.869949186220765, 9126225.603499608114362 ], [ 6919966.69502495136112, 9126258.502072663977742 ], [ 6919957.078462403267622, 9126289.161503415554762 ], [ 6919947.899771110154688, 9126297.559925198554993 ], [ 6919926.493780642747879, 9126325.010035770013928 ], [ 6919905.087277432903647, 9126352.448529893532395 ], [ 6919908.878281452693045, 9126376.646832592785358 ], [ 6919903.949403064325452, 9126418.657213220372796 ], [ 6919903.916968416422606, 9126443.367006056010723 ], [ 6919905.632735476829112, 9126453.286030739545822 ], [ 6919922.297119235619903, 9126488.034026989713311 ], [ 6919926.08543824031949, 9126501.504229463636875 ], [ 6919923.995300845243037, 9126508.45054392889142 ], [ 6919894.775199040770531, 9126543.063726237043738 ], [ 6919861.616799183189869, 9126587.057789016515017 ], [ 6919826.274341963231564, 9126610.076011845842004 ], [ 6919795.882774534635246, 9126618.013556459918618 ], [ 6919760.824720559641719, 9126629.736600810661912 ], [ 6919715.387777093797922, 9126669.325075255706906 ], [ 6919692.833905750885606, 9126716.18178578093648 ], [ 6919660.807099121622741, 9126745.721568308770657 ], [ 6919651.888641971163452, 9126773.655904037877917 ], [ 6919625.909666482359171, 9126817.119325706735253 ], [ 6919597.910589571110904, 9126850.224516086280346 ], [ 6919564.2521768566221, 9126893.045257933437824 ], [ 6919532.700312884524465, 9126940.005856988951564 ], [ 6919483.704858937300742, 9126987.708755267783999 ], [ 6919445.533654862083495, 9127010.433512771502137 ], [ 6919400.874214746057987, 9127026.010501774027944 ], [ 6919342.500970954075456, 9127051.230814283713698 ], [ 6919287.610946631059051, 9127068.974840335547924 ], [ 6919265.014209252782166, 9127104.664048708975315 ], [ 6919226.073848305270076, 9127207.559752907603979 ], [ 6919209.361411580815911, 9127306.409045835956931 ], [ 6919205.238904844038188, 9127343.987931543961167 ], [ 6919194.755777633748949, 9127466.462944367900491 ], [ 6919194.046389889903367, 9127543.403128219768405 ], [ 6919149.283471314236522, 9127646.032094541937113 ], [ 6919098.162154427729547, 9127746.79628230445087 ], [ 6919063.032610186375678, 9127789.348880492150784 ], [ 6919035.61628738977015, 9127869.40142366476357 ], [ 6919032.6839052233845, 9127877.977852391079068 ], [ 6919013.879029344767332, 9127907.33475498482585 ], [ 6918977.099345382302999, 9127952.035683462396264 ], [ 6918940.319958550855517, 9127996.747993098571897 ], [ 6918926.027001537382603, 9128018.379554839804769 ], [ 6918887.972854126244783, 9128075.91842339001596 ], [ 6918849.338834851980209, 9128151.324892660602927 ], [ 6918815.568169990554452, 9128178.164508149027824 ], [ 6918789.571817943826318, 9128202.159930232912302 ], [ 6918718.7327641826123, 9128221.924084093421698 ], [ 6918666.65270156506449, 9128249.689446169883013 ], [ 6918645.293689225800335, 9128260.145336387678981 ], [ 6918623.924089258536696, 9128270.613192014396191 ], [ 6918590.070799156092107, 9128293.949084097519517 ], [ 6918547.059845959767699, 9128313.310024512931705 ], [ 6918537.764930142089725, 9128402.358671505004168 ], [ 6918504.212932083755732, 9128448.294417232275009 ], [ 6918477.06679795589298, 9128461.861916206777096 ], [ 6918440.012341758236289, 9128484.4105214048177 ], [ 6918355.815564144402742, 9128582.053352653980255 ], [ 6918281.177376677282155, 9128673.077387440949678 ], [ 6918222.395692841149867, 9128752.186737192794681 ], [ 6918165.03898349031806, 9128833.564858702942729 ], [ 6918149.045625139027834, 9128901.712804054841399 ], [ 6918140.447428117506206, 9128939.039274524897337 ], [ 6918090.187446084804833, 9129035.802635904401541 ], [ 6918085.699080950580537, 9129095.982175486162305 ], [ 6918088.269090863876045, 9129149.701419766992331 ], [ 6918083.48461710754782, 9129216.141585506498814 ], [ 6918084.474483877420425, 9129281.403121896088123 ], [ 6918085.782061506994069, 9129333.922797122970223 ], [ 6918087.510643457062542, 9129362.80723731406033 ], [ 6918088.684454540722072, 9129382.328836672008038 ], [ 6918127.826954577118158, 9129478.393760535866022 ], [ 6918127.845932583324611, 9129514.671343283727765 ], [ 6918140.050572101026773, 9129550.742086179554462 ], [ 6918143.401991945691407, 9129610.054403593763709 ], [ 6918134.819860394112766, 9129642.751069223508239 ], [ 6918116.604649713262916, 9129668.922209169715643 ], [ 6918118.746074883267283, 9129688.902963532134891 ], [ 6918144.58860539086163, 9129676.419173128902912 ], [ 6918181.578698428347707, 9129608.200789971277118 ], [ 6918212.336563883349299, 9129571.486169770359993 ], [ 6918262.537281177006662, 9129522.460825389251113 ], [ 6918277.75518614705652, 9129514.229597039520741 ], [ 6918303.803712528198957, 9129515.461786437779665 ], [ 6918327.827812817879021, 9129520.558570671826601 ], [ 6918350.276404472999275, 9129559.01110534183681 ], [ 6918378.087701722979546, 9129610.859315464273095 ], [ 6918391.714948117733002, 9129639.826444007456303 ], [ 6918391.892014829441905, 9129699.589681627228856 ], [ 6918383.47124351747334, 9129761.210719605907798 ], [ 6918373.978096104227006, 9129813.790188554674387 ], [ 6918369.003303630277514, 9129852.581119688227773 ], [ 6918373.187439190223813, 9129868.881958443671465 ], [ 6918374.971231550909579, 9129875.789055937901139 ], [ 6918398.160345093347132, 9129883.534728951752186 ], [ 6918427.863595544360578, 9129880.502321099862456 ], [ 6918435.736695164814591, 9129877.064829081296921 ], [ 6918469.758318565785885, 9129862.184343701228499 ], [ 6918510.316359575837851, 9129846.962906824424863 ], [ 6918579.693324458785355, 9129829.820188919082284 ], [ 6918631.46517573017627, 9129823.977530360221863 ], [ 6918664.04060173779726, 9129844.634936107322574 ], [ 6918706.806619819253683, 9129873.925187364220619 ], [ 6918749.7647047303617, 9129916.573959087952971 ], [ 6918775.519537582993507, 9129948.079878641292453 ], [ 6918857.130940931849182, 9130039.937120579183102 ], [ 6918913.144148424267769, 9130100.340266628190875 ], [ 6918964.651111843064427, 9130144.397315546870232 ], [ 6919001.661105331033468, 9130186.056683214381337 ], [ 6919017.845752216875553, 9130217.156656760722399 ], [ 6919032.896707210689783, 9130246.102959116920829 ], [ 6919038.891050979495049, 9130262.656387113034725 ], [ 6919043.424300290644169, 9130275.182805016636848 ], [ 6919054.064165975898504, 9130325.459053108468652 ], [ 6919055.484317837283015, 9130361.717146376147866 ], [ 6919044.086328753270209, 9130375.837287690490484 ], [ 6919032.750872785225511, 9130389.862346205860376 ], [ 6919021.418318165466189, 9130415.8069380056113 ], [ 6918983.101410095579922, 9130458.377265244722366 ], [ 6918952.902418350800872, 9130517.300736619159579 ], [ 6918956.97215471137315, 9130570.742624681442976 ], [ 6918979.986641312018037, 9130602.798121092841029 ], [ 6919020.554568124935031, 9130633.785926336422563 ], [ 6919070.428189875558019, 9130634.165118020027876 ], [ 6919124.751540433615446, 9130646.63435709849 ], [ 6919185.097167617641389, 9130692.737237501889467 ], [ 6919208.269247095100582, 9130722.611195972189307 ], [ 6919214.23673184402287, 9130745.820158125832677 ], [ 6919212.116388796828687, 9130765.577793108299375 ], [ 6919201.954688638448715, 9130784.763805085793138 ], [ 6919169.673789710737765, 9130806.610701370984316 ], [ 6919079.175014063715935, 9130874.514280632138252 ], [ 6919067.325877489522099, 9130885.585362490266562 ], [ 6919067.143650873564184, 9130886.009210856631398 ], [ 6919018.199130636639893, 9130995.727783296257257 ], [ 6918979.450014567002654, 9131060.880466202273965 ], [ 6918945.084317323751748, 9131083.376426335424185 ], [ 6918921.514248493127525, 9131108.52188335545361 ], [ 6918905.590020229108632, 9131141.915695983916521 ], [ 6918885.181305115111172, 9131213.421826887875795 ], [ 6918854.671439566649497, 9131338.156715923920274 ], [ 6918860.59007814899087, 9131378.772271560505033 ], [ 6918878.144415073096752, 9131421.205752313137054 ], [ 6918888.936774682253599, 9131457.091543350368738 ], [ 6918896.03743882663548, 9131527.933654015883803 ], [ 6918910.502975283190608, 9131547.032625164836645 ], [ 6918963.958792540244758, 9131564.989230239763856 ], [ 6918937.544760587625206, 9131582.111622992902994 ], [ 6918924.318592691794038, 9131602.610498379915953 ], [ 6918889.484614217653871, 9131630.667239371687174 ], [ 6918814.688997318036854, 9131755.931886747479439 ], [ 6918735.952328212559223, 9131894.278134860098362 ], [ 6918687.171183689497411, 9131939.111589517444372 ], [ 6918555.160003644414246, 9131981.656442219391465 ], [ 6918513.360408179461956, 9132004.190438777208328 ], [ 6918450.066013811156154, 9132011.746041309088469 ], [ 6918364.558535184711218, 9132050.385580932721496 ], [ 6918290.2738824672997, 9132059.360249754041433 ], [ 6918225.87573601026088, 9132054.21833860874176 ], [ 6918172.17319552693516, 9132020.613358363509178 ], [ 6918148.934002364054322, 9132021.199239932000637 ], [ 6918122.952511060982943, 9132025.666307298466563 ], [ 6918055.69058292824775, 9132050.412483412772417 ], [ 6917993.298103291541338, 9132086.143828149884939 ], [ 6917949.831354766152799, 9132108.140987530350685 ], [ 6917914.431276842951775, 9132120.329327113926411 ], [ 6917817.926304012537003, 9132193.585724366828799 ], [ 6917802.88888581097126, 9132245.791958920657635 ], [ 6917729.343148088082671, 9132340.725413797423244 ], [ 6917670.142653409391642, 9132375.344933293759823 ], [ 6917637.244414095766842, 9132401.261550307273865 ], [ 6917597.205338410101831, 9132421.385873090475798 ], [ 6917549.53225882910192, 9132448.547258663922548 ], [ 6917481.70356563013047, 9132466.728991640731692 ], [ 6917418.700623448006809, 9132470.451594760641456 ], [ 6917347.885803896933794, 9132477.503751300275326 ], [ 6917294.127696634270251, 9132494.514320546761155 ], [ 6917243.924072872847319, 9132504.394778763875365 ], [ 6917138.108494890853763, 9132506.433929558843374 ], [ 6917097.927451312541962, 9132522.929450087249279 ], [ 6917074.169173246249557, 9132529.18173910677433 ], [ 6917031.215878021903336, 9132562.947267405688763 ], [ 6916971.392861519008875, 9132614.471580918878317 ], [ 6916930.691162263043225, 9132651.595789164304733 ], [ 6916908.521607641130686, 9132688.090153601020575 ], [ 6916867.368435174226761, 9132706.289755307137966 ], [ 6916833.965590067207813, 9132738.264619328081608 ], [ 6916821.807407604530454, 9132762.409218568354845 ], [ 6916781.480178164318204, 9132820.751163698732853 ], [ 6916767.820852399803698, 9132840.96299646422267 ], [ 6916766.014126174151897, 9132840.236105473712087 ], [ 6916748.522402012720704, 9132833.279980354011059 ], [ 6916743.619011290371418, 9132831.321846818551421 ], [ 6916742.333986381068826, 9132825.563969453796744 ], [ 6916740.11062778159976, 9132815.57346260920167 ], [ 6916727.985465660691261, 9132800.92990804463625 ], [ 6916722.479639592580497, 9132800.800738714635372 ], [ 6916715.702806056477129, 9132800.652458671480417 ], [ 6916709.32511208858341, 9132784.404416320845485 ], [ 6916660.695100527256727, 9132797.54206021502614 ], [ 6916643.626763879321516, 9132804.269463201984763 ], [ 6916613.881625395268202, 9132800.899506220594049 ], [ 6916591.84189772605896, 9132791.184386510401964 ], [ 6916583.998793850652874, 9132784.656328935176134 ], [ 6916559.738855373114347, 9132764.464689603075385 ], [ 6916535.802534710615873, 9132761.628498904407024 ], [ 6916519.627751391381025, 9132772.856352251023054 ], [ 6916512.218136109411716, 9132784.801754580810666 ], [ 6916508.082449289038777, 9132791.479988150298595 ], [ 6916495.366652248427272, 9132798.787132989615202 ], [ 6916477.826877946034074, 9132793.429756686091423 ], [ 6916456.828089258633554, 9132791.993041753768921 ], [ 6916452.719752163626254, 9132816.362316792830825 ], [ 6916450.291840677149594, 9132846.716729244217277 ], [ 6916429.342263949103653, 9132864.948780989274383 ], [ 6916392.826393289491534, 9132873.197821520268917 ], [ 6916356.773442989215255, 9132874.624739609658718 ], [ 6916320.712084239348769, 9132857.144973693415523 ], [ 6916259.788539646193385, 9132850.472978638485074 ], [ 6916241.344253487884998, 9132840.61553718522191 ], [ 6916198.344963353127241, 9132812.05936074256897 ], [ 6916186.428773865103722, 9132795.972997715696692 ], [ 6916171.667458605952561, 9132776.042005894705653 ], [ 6916148.096827593632042, 9132760.208676459267735 ], [ 6916139.771029651165009, 9132754.613909192383289 ], [ 6916111.1874871077016, 9132743.642085686326027 ], [ 6916099.955545531585813, 9132733.487720804288983 ], [ 6916090.876774485222995, 9132704.341345619410276 ], [ 6916088.717117885127664, 9132687.487079031765461 ], [ 6916086.720464147627354, 9132671.980154305696487 ], [ 6916059.954548863694072, 9132633.698707746341825 ], [ 6916037.738268844783306, 9132619.455013623461127 ], [ 6916011.048865002579987, 9132620.511474272236228 ], [ 6915971.754080089740455, 9132631.138384822756052 ], [ 6915928.842316891998053, 9132641.919963786378503 ], [ 6915874.551258154213428, 9132638.769406946375966 ], [ 6915833.556536474265158, 9132624.505339451134205 ], [ 6915789.387419480830431, 9132584.645252466201782 ], [ 6915762.086516206152737, 9132549.069872662425041 ], [ 6915743.746348669752479, 9132525.173387305811048 ], [ 6915727.513842885382473, 9132497.826439581811428 ], [ 6915724.527487155050039, 9132476.77031122893095 ], [ 6915733.469333407469094, 9132463.896873913705349 ], [ 6915742.608053009957075, 9132440.497875696048141 ], [ 6915733.361047083511949, 9132425.729477927088737 ], [ 6915699.166721405461431, 9132400.609434513375163 ], [ 6915673.686471227556467, 9132395.566676691174507 ], [ 6915615.59906203020364, 9132391.363474812358618 ], [ 6915612.852244819514453, 9132391.171375144273043 ], [ 6915577.776447957381606, 9132368.088062370195985 ], [ 6915520.511821109801531, 9132361.191055504605174 ], [ 6915479.171452871523798, 9132330.985383607447147 ], [ 6915472.096511894837022, 9132299.411740589886904 ], [ 6915439.105617444030941, 9132272.011285187676549 ], [ 6915377.441010286100209, 9132226.793577393516898 ], [ 6915352.003847536630929, 9132178.406211607158184 ], [ 6915360.095311159268022, 9132113.453094832599163 ], [ 6915351.66409779433161, 9132089.870723996311426 ], [ 6915295.927875770255923, 9132097.226439228281379 ], [ 6915234.038832724094391, 9132092.39903205819428 ], [ 6915163.392596599645913, 9131988.829487493261695 ], [ 6915040.244217803701758, 9131914.633960019797087 ], [ 6914969.962260700762272, 9131906.448266424238682 ], [ 6914924.834896910004318, 9131864.395396765321493 ], [ 6914918.735099161043763, 9131741.494604799896479 ], [ 6914776.834803287871182, 9131605.691643314436078 ], [ 6914653.232302307151258, 9131506.559951486065984 ], [ 6914605.673807984218001, 9131442.413077969104052 ], [ 6914555.163478164002299, 9131415.54647128097713 ], [ 6914497.057463590055704, 9131416.216720582917333 ], [ 6914477.031321506947279, 9131506.747174007818103 ], [ 6914463.302793979644775, 9131592.238050516694784 ], [ 6914452.398166405037045, 9131629.809657230973244 ], [ 6914448.152404127642512, 9131644.417170263826847 ], [ 6914440.5833670347929, 9131704.348743127658963 ], [ 6914403.328937096521258, 9131869.157407952472568 ], [ 6914377.387304628267884, 9131992.999630911275744 ], [ 6914357.795211716555059, 9132015.156396565958858 ], [ 6914322.154284018091857, 9132073.005221609026194 ], [ 6914330.231156090274453, 9132187.204858025535941 ], [ 6914336.700524801388383, 9132248.581945678219199 ], [ 6914339.628759792074561, 9132272.971220817416906 ], [ 6914352.180884037166834, 9132305.090249607339501 ], [ 6914348.316004832275212, 9132379.904036160558462 ], [ 6914334.074633780866861, 9132388.311883311718702 ], [ 6914249.201689761132002, 9132311.582775536924601 ], [ 6914228.958685100078583, 9132317.057904107496142 ], [ 6914229.900254195556045, 9132339.790184067562222 ], [ 6914240.505488904193044, 9132389.688058583065867 ], [ 6914259.723071653395891, 9132438.088293213397264 ], [ 6914290.212190676480532, 9132479.251196797937155 ], [ 6914335.624732881784439, 9132569.736582392826676 ], [ 6914365.190641106106341, 9132605.637242119759321 ], [ 6914378.621034967713058, 9132635.361463895067573 ], [ 6914686.937503525055945, 9132703.034551504999399 ], [ 6914759.189324920997024, 9132680.981725534424186 ], [ 6914781.794611992314458, 9132647.980305805802345 ], [ 6914865.189814351499081, 9132571.777292441576719 ] ] ] } },
{ "type": "Feature", "properties": { "lv_id": "LOC_024221", "id": 103340.0, "CD_SETOR": "251550005000004", "SITUACAO": "Urbana", "CD_SIT": "1", "CD_TIPO": "0", "AREA_KM2": 0.33453292515914101, "CD_REGIAO": "2", "NM_REGIAO": "Nordeste", "CD_UF": "25", "NM_UF": "Paraíba", "CD_MUN": "2515500", "NM_MUN": "Serra Branca", "CD_DIST": "251550005", "NM_DIST": "Serra Branca", "CD_SUBDIST": "25155000500", "NM_SUBDIST": null, "CD_BAIRRO": null, "NM_BAIRRO": null, "CD_NU": null, "NM_NU": null, "CD_FCU": null, "NM_FCU": null, "CD_AGLOM": "251550000002", "NM_AGLOM": "Comunidade Quilombola Cantinho", "CD_RGINT": "2502", "NM_RGINT": "Campina Grande", "CD_RGI": "250008", "NM_RGI": "Sumé", "CD_CONCURB": null, "NM_CONCURB": null, "mun_code_x": "2515500", "index_right": 49221, "dist_m": 60.091037228726115, "local_id": 250018, "ano": 2022, "cod_localidade_ibge": 2515500, "NR_ZONA": "58", "nr_cep": 58580000.0, "nm_localidade": "SERRA BRANCA", "nm_locvot": "GRUPO ESCOLAR JOAQUIM DIAS BORBA", "ds_endereco": "RUA JOSE ARAUJO CAVALCANTE             CENTRO", "ds_bairro": "BAIRRO DOS PEREIROS", "pred_long": -36.667428, "pred_lat": -7.486442, "pred_dist": 0.0, "tse_long": -36.6674833, "tse_lat": -7.4864665, "long": -36.6674833, "lat": -7.4864665, "ID_UNICO": "LOC_024221", "SG_UF": "PB", "CD_MUNICIPIO": "22110", "NR_LOCAL_VOTACAO": "1120", "QT_SECOES_AGREGADAS": 0, "QT_ELEITORES_TRANSFERIDOS": 0, "CIRO GOMES (PDT) (NÃO ELEITO) 1T": 14.0, "CONSTITUINTE EYMAEL (DC) (NÃO ELEITO) 1T": 0.0, "FELIPE D AVILA (NOVO) (NÃO ELEITO) 1T": 0.0, "JAIR BOLSONARO (PL) (2º TURNO) 1T": 143.0, "LULA (PT) (2º TURNO) 1T": 550.0, "LÉO PÉRICLES (UP) (NÃO ELEITO) 1T": 0.0, "PADRE KELMON (PTB) (NÃO ELEITO) 1T": 0.0, "SIMONE TEBET (MDB) (NÃO ELEITO) 1T": 11.0, "SOFIA MANZANO (PCB) (NÃO ELEITO) 1T": 0.0, "SORAYA THRONICKE (UNIÃO) (NÃO ELEITO) 1T": 4.0, "VERA (PSTU) (NÃO ELEITO) 1T": 0.0, "Total_Votos_Validos 1T": 722.0, "Votos_Brancos 1T": 11.0, "Votos_Nulos 1T": 19.0, "Abstenções 1T": 187.0, "Eleitores_Aptos 1T": 939.0, "JAIR BOLSONARO (PL) (NÃO ELEITO) 2T": 163.0, "LULA (PT) (ELEITO) 2T": 558.0, "Total_Votos_Validos 2T": 721.0, "Votos_Brancos 2T": 6.0, "Votos_Nulos 2T": 34.0, "Abstenções 2T": 178.0, "Eleitores_Aptos 2T": 939.0, "mun_code_y": "2515500", "mun_code": "2515500" }, "geometry": { "type": "Polygon", "coordinates": [ [ [ 6915383.998455689288676, 9122784.42988839186728 ], [ 6906830.810454668477178, 9122554.202979128807783 ], [ 6906606.047001445665956, 9122611.684166712686419 ], [ 6906512.140846824273467, 9122657.146415920928121 ], [ 6906181.644411076791584, 9122811.041308250278234 ], [ 6905683.24332301877439, 9122837.653725 ], [ 6905390.141123321838677, 9123028.246591050177813 ], [ 6905240.936916799284518, 9123175.852098258212209 ], [ 6905017.935546500608325, 9123287.949766939505935 ], [ 6904958.636903812177479, 9123413.652796719223261 ], [ 6905027.737964222207665, 9123572.746343467384577 ], [ 6904859.639386769384146, 9123701.95593005232513 ], [ 6904670.33437829464674, 9123737.057623809203506 ], [ 6904630.332651795819402, 9123899.853294294327497 ], [ 6904553.640931172296405, 9124045.15213767439127 ], [ 6904367.430128190666437, 9124175.050620578229427 ], [ 6904349.134484608657658, 9124432.251293899491429 ], [ 6904422.637350833043456, 9124724.257578171789646 ], [ 6904655.333176451735198, 9124896.86048324778676 ], [ 6904675.140192777849734, 9125209.85500212945044 ], [ 6904821.840616134926677, 9125518.356117719784379 ], [ 6904898.440573178231716, 9125905.058772511780262 ], [ 6904739.34634356200695, 9126149.853562843054533 ], [ 6904539.137649847194552, 9126457.85753089748323 ], [ 6903755.639227190054953, 9126891.764735098928213 ], [ 6903121.412579547613859, 9127195.291521204635501 ], [ 6902967.23957561980933, 9127269.067528756335378 ], [ 6902016.227453443221748, 9127580.664640873670578 ], [ 6899935.923035438172519, 9127784.775635803118348 ], [ 6899727.824697710573673, 9128418.781241426244378 ], [ 6899677.225698734633625, 9128934.674023907631636 ], [ 6899686.420926431193948, 9129509.683107385411859 ], [ 6899613.423768647946417, 9130109.076769245788455 ], [ 6899436.927143301814795, 9130711.880114991217852 ], [ 6899230.027571338228881, 9131033.583037849515676 ], [ 6899078.376714269630611, 9131013.892806651070714 ], [ 6899032.129806919023395, 9131007.884631911292672 ], [ 6898477.620131461881101, 9130863.98211058601737 ], [ 6896617.111951556056738, 9129820.487547162920237 ], [ 6895659.11047010589391, 9129093.585281791165471 ], [ 6895251.110689777880907, 9128988.286650203168392 ], [ 6894825.998394127003849, 9128991.884223096072674 ], [ 6893979.791904816403985, 9128778.569454332813621 ], [ 6893898.471702192910016, 9128829.288584867492318 ], [ 6893789.179411732591689, 9128831.125793356448412 ], [ 6893707.028124883770943, 9128832.507824702188373 ], [ 6893579.874040549620986, 9128828.863114794716239 ], [ 6893430.834655203856528, 9128798.002242309972644 ], [ 6893304.935396141372621, 9128826.718923548236489 ], [ 6893235.173403117805719, 9128907.23033856973052 ], [ 6893213.230535293929279, 9128989.929691759869456 ], [ 6889150.252830915153027, 9129318.651558926329017 ], [ 6889560.646649392321706, 9129294.900945197790861 ], [ 6889822.781769901514053, 9129576.788615582510829 ], [ 6889947.924065636470914, 9129713.176460141316056 ], [ 6889975.816707722842693, 9129749.573651326820254 ], [ 6890028.075379310175776, 9129827.996211742982268 ], [ 6890037.090849507600069, 9129834.357321463525295 ], [ 6890050.654422177001834, 9129848.942101333290339 ], [ 6890073.152657552622259, 9129879.795671669766307 ], [ 6890097.349664196372032, 9129917.736557018011808 ], [ 6890123.669838020578027, 9129953.745103362947702 ], [ 6890173.214362295344472, 9130018.822359537705779 ], [ 6890235.569222873076797, 9130083.859830629080534 ], [ 6890284.537762930616736, 9130126.897381860762835 ], [ 6890307.871776096522808, 9130142.231947291642427 ], [ 6890325.146365595981479, 9130150.245668590068817 ], [ 6890365.444297690875828, 9130155.842627646401525 ], [ 6890444.758812179788947, 9130162.174898728728294 ], [ 6890462.076597968116403, 9130161.877217520028353 ], [ 6890512.449975305236876, 9130157.255277989432216 ], [ 6890562.73590075597167, 9130150.371452298015356 ], [ 6890634.298673501238227, 9130143.034541573375463 ], [ 6890679.999809628352523, 9130138.977005004882812 ], [ 6890733.808282987214625, 9130139.501830646768212 ], [ 6890778.26909130718559, 9130140.78617762029171 ], [ 6890799.790343293920159, 9130146.368102045729756 ], [ 6890811.515966316685081, 9130160.262679558247328 ], [ 6890812.755865960381925, 9130170.049511885270476 ], [ 6890792.017975229769945, 9130244.149065237492323 ], [ 6890785.38870064355433, 9130259.514706602320075 ], [ 6890786.11445888876915, 9130266.859941869974136 ], [ 6890793.009743168950081, 9130269.802540039643645 ], [ 6890798.864886924624443, 9130271.838210431858897 ], [ 6890809.66874080710113, 9130271.033148039132357 ], [ 6890829.396131379529834, 9130277.066938949748874 ], [ 6890852.49193736538291, 9130283.951034979894757 ], [ 6890872.849596939049661, 9130289.717410031706095 ], [ 6890904.24312805198133, 9130298.680097768083215 ], [ 6890909.586536528542638, 9130298.620805250480771 ], [ 6890917.601872341707349, 9130298.537635546177626 ], [ 6890937.619462419301271, 9130293.222062779590487 ], [ 6890956.879745118319988, 9130287.173370199277997 ], [ 6890968.808080997318029, 9130287.456827852874994 ], [ 6891004.365931047126651, 9130264.149090239778161 ], [ 6891078.001663527451456, 9130235.580022819340229 ], [ 6891096.574071606621146, 9130230.309422506019473 ], [ 6891114.415368987247348, 9130224.697636945173144 ], [ 6891196.172464380040765, 9130154.236420929431915 ], [ 6891209.912386538460851, 9130145.387426981702447 ], [ 6891256.769993528723717, 9130134.106596169993281 ], [ 6891312.735296352766454, 9130115.290987402200699 ], [ 6891365.651246556080878, 9130101.876789085566998 ], [ 6891410.201298116706312, 9130086.906776465475559 ], [ 6891426.711705483496189, 9130085.438394963741302 ], [ 6891448.632273389026523, 9130091.062313079833984 ], [ 6891472.199363457970321, 9130102.990025997161865 ], [ 6891490.958875168114901, 9130111.696799093857408 ], [ 6891500.231804211623967, 9130119.284812152385712 ], [ 6891514.264578954316676, 9130135.712803658097982 ], [ 6891522.438245886936784, 9130141.43690418638289 ], [ 6891529.495529896579683, 9130147.424407789483666 ], [ 6891540.354164592921734, 9130156.603011885657907 ], [ 6891555.933605764061213, 9130167.330099089071155 ], [ 6891573.188287254422903, 9130182.533740032464266 ], [ 6891607.9905218295753, 9130233.364042764529586 ], [ 6891636.849180269986391, 9130290.726733598858118 ], [ 6891694.006054638884962, 9130327.562063533812761 ], [ 6891766.027970179915428, 9130337.230930341407657 ], [ 6891856.058235384523869, 9130355.601569522172213 ], [ 6891880.487686310894787, 9130365.265074132010341 ], [ 6891894.40249465033412, 9130369.504242343828082 ], [ 6891911.609448980540037, 9130362.911453533917665 ], [ 6891981.916142432950437, 9129985.634515581652522 ], [ 6891985.06994853541255, 9129967.237286705523729 ], [ 6891999.103084868751466, 9129947.419019808992743 ], [ 6892011.277152832597494, 9129943.207877358421683 ], [ 6892026.810664653778076, 9129944.18162290006876 ], [ 6892054.502624386921525, 9129961.090747009962797 ], [ 6892075.968089035712183, 9129974.360744617879391 ], [ 6892094.373947946354747, 9129996.188349414616823 ], [ 6892109.723762776702642, 9130009.825575260445476 ], [ 6892139.358159581199288, 9130016.706921733915806 ], [ 6892163.650293798185885, 9130028.814242102205753 ], [ 6892195.80679146014154, 9130036.937366297468543 ], [ 6892251.409058721736073, 9130027.588731622323394 ], [ 6892305.388919673860073, 9130037.964389260858297 ], [ 6892383.72634735237807, 9130032.739466167986393 ], [ 6892448.07389029674232, 9130044.453403569757938 ], [ 6892487.485207071527839, 9130072.796336032450199 ], [ 6892503.351292861625552, 9130072.658961249515414 ], [ 6892529.832127281464636, 9130088.806835539638996 ], [ 6892609.818436980247498, 9130119.33674194291234 ], [ 6892654.938624591566622, 9130121.102413272485137 ], [ 6892717.101014489308, 9130177.379482617601752 ], [ 6892739.766793416813016, 9130204.253368474543095 ], [ 6892818.030646328814328, 9130238.503818955272436 ], [ 6892852.990728693082929, 9130245.71953141130507 ], [ 6892885.73199955932796, 9130236.412602938711643 ], [ 6892953.146989275701344, 9130248.041106004267931 ], [ 6893393.33658645581454, 9130347.827438771724701 ], [ 6893828.359873212873936, 9130453.354091499000788 ], [ 6893859.916744947433472, 9130458.530374251306057 ], [ 6893878.766914146021008, 9130460.437288491055369 ], [ 6893922.382131228223443, 9130477.242547363042831 ], [ 6893944.518369570374489, 9130480.153237044811249 ], [ 6894019.028831901028752, 9130502.160810282453895 ], [ 6894050.001039551571012, 9130509.637229608371854 ], [ 6894070.557545356452465, 9130508.830076832324266 ], [ 6894075.064749533310533, 9130509.993972174823284 ], [ 6894078.210433911532164, 9130510.795195370912552 ], [ 6894095.995686210691929, 9130522.569283360615373 ], [ 6894189.429723719134927, 9130548.376714691519737 ], [ 6894206.075781915336847, 9130545.272518023848534 ], [ 6894216.878528814762831, 9130548.431722402572632 ], [ 6894235.832137105986476, 9130562.425623446702957 ], [ 6894271.094690663740039, 9130568.600803904235363 ], [ 6894294.589193470776081, 9130578.636525535956025 ], [ 6894308.053621520288289, 9130581.506277913227677 ], [ 6894315.032389186322689, 9130575.186696236953139 ], [ 6894314.925936326384544, 9130571.295369192957878 ], [ 6894314.125649515539408, 9130542.347457779571414 ], [ 6894314.388313231989741, 9130521.171938622370362 ], [ 6894320.931319770403206, 9130494.467152822762728 ], [ 6894321.379973503760993, 9130449.853467894718051 ], [ 6894327.48611228261143, 9130421.2816261369735 ], [ 6894348.481209411285818, 9130385.304950598627329 ], [ 6894362.470143349841237, 9130364.353178007528186 ], [ 6894384.355500580742955, 9130341.958390539512038 ], [ 6894400.067805536091328, 9130337.561296287924051 ], [ 6894416.090745675377548, 9130339.474996691569686 ], [ 6894416.756455698050559, 9130339.55288272537291 ], [ 6894462.926352147012949, 9130357.008932374417782 ], [ 6894510.468104468658566, 9130372.526937460526824 ], [ 6894543.718526932410896, 9130382.930621249601245 ], [ 6894627.851661912165582, 9130410.986822785809636 ], [ 6894664.2387704718858, 9130418.250297851860523 ], [ 6894689.512923212721944, 9130427.464605111628771 ], [ 6894720.922008060850203, 9130436.807843737304211 ], [ 6894734.178468917496502, 9130434.021435713395476 ], [ 6894743.334584465250373, 9130427.743256587535143 ], [ 6894772.158036376349628, 9130407.965355478227139 ], [ 6894785.417474339716136, 9130404.1153095792979 ], [ 6894794.729851540178061, 9130403.298659220337868 ], [ 6894823.948383448645473, 9130411.976528827100992 ], [ 6894853.428491843864322, 9130417.996969634667039 ], [ 6894875.564782541245222, 9130420.90736747905612 ], [ 6894892.606378622353077, 9130422.885058553889394 ], [ 6894910.929735463112593, 9130429.725260425359011 ], [ 6894941.594247311353683, 9130447.790623895823956 ], [ 6894954.047526441514492, 9130452.214276354759932 ], [ 6894990.43470760434866, 9130459.477720700204372 ], [ 6895016.864557029679418, 9130461.4565095230937 ], [ 6895034.939847648143768, 9130461.890826376155019 ], [ 6895067.956623162142932, 9130466.258013550192118 ], [ 6895091.436547670513391, 9130475.912771182134748 ], [ 6895118.12597827706486, 9130484.308590708300471 ], [ 6895148.293925730511546, 9130489.550649341195822 ], [ 6895178.708688735030591, 9130491.754335638135672 ], [ 6895197.734618096612394, 9130498.197076588869095 ], [ 6895211.604398374445736, 9130511.246546003967524 ], [ 6895222.570939524099231, 9130524.051730934530497 ], [ 6895242.912259299308062, 9130545.921471966430545 ], [ 6895261.149336757138371, 9130559.943841692060232 ], [ 6895281.372267010621727, 9130569.34518170543015 ], [ 6895367.464452043175697, 9130601.486576221883297 ], [ 6895449.502287753857672, 9130620.770850818604231 ], [ 6895467.063746017403901, 9130628.184464996680617 ], [ 6895490.646125109866261, 9130640.482619803398848 ], [ 6895510.677569400519133, 9130654.064733128994703 ], [ 6895524.594913846813142, 9130668.626900687813759 ], [ 6895536.801445269025862, 9130676.089086037129164 ], [ 6895609.285675782710314, 9130720.475813221186399 ], [ 6895674.877611538395286, 9130764.000609101727605 ], [ 6895696.631543966010213, 9130780.705802191048861 ], [ 6895721.820099321193993, 9130805.957734977826476 ], [ 6895734.875770075246692, 9130802.83228188380599 ], [ 6895756.222549648955464, 9130803.889563215896487 ], [ 6895760.787632631137967, 9130805.120564689859748 ], [ 6895777.016688784584403, 9130809.500121282413602 ], [ 6895849.54377983417362, 9130843.296664601191878 ], [ 6895868.071408111602068, 9130857.689543463289738 ], [ 6895887.156831307336688, 9130875.077738106250763 ], [ 6895909.277820862829685, 9130896.126897187903523 ], [ 6895925.313373213633895, 9130909.484832797199488 ], [ 6895946.150119747035205, 9130934.734613327309489 ], [ 6895964.724640607833862, 9130966.882269535213709 ], [ 6895981.138040967285633, 9130999.12641922198236 ], [ 6896036.726553638465703, 9131119.759173020720482 ], [ 6896042.832764461636543, 9131147.102148175239563 ], [ 6896048.586488049477339, 9131174.470539562404156 ], [ 6896053.083793027326465, 9131197.345098160207272 ], [ 6896056.375563557259738, 9131206.198156554251909 ], [ 6896057.918099785223603, 9131210.380199372768402 ], [ 6896065.91817959304899, 9131221.025170300155878 ], [ 6896086.258326304145157, 9131233.451365262269974 ], [ 6896106.146959655918181, 9131243.629488758742809 ], [ 6896137.101266127079725, 9131250.344269560649991 ], [ 6896159.943865400739014, 9131246.383736684918404 ], [ 6896205.877231702208519, 9131236.314208401367068 ], [ 6896242.43733446393162, 9131229.202247083187103 ], [ 6896243.587410075590014, 9131229.238002145662904 ], [ 6896266.647942703217268, 9131229.765815444290638 ], [ 6896292.62340428493917, 9131229.127142697572708 ], [ 6896322.499495895579457, 9131226.820845644921064 ], [ 6896400.297618148848414, 9131249.834070574492216 ], [ 6896437.152826451696455, 9131269.172274565324187 ], [ 6896457.82794941868633, 9131280.834006611257792 ], [ 6896488.304561905562878, 9131303.451645324006677 ], [ 6896503.123821408487856, 9131313.065985107794404 ], [ 6896527.099837666377425, 9131326.112555999308825 ], [ 6896539.77600859105587, 9131336.574080632999539 ], [ 6896554.770902110263705, 9131350.724842434749007 ], [ 6896591.307398591190577, 9131408.618638549000025 ], [ 6896618.714270951226354, 9131444.952291335910559 ], [ 6896642.604999971576035, 9131474.62647932395339 ], [ 6896654.956733766943216, 9131504.383904665708542 ], [ 6896664.127444447949529, 9131536.139084655791521 ], [ 6896672.245721191167831, 9131559.253611478954554 ], [ 6896684.629688779823482, 9131590.131224934011698 ], [ 6896697.494582082144916, 9131651.983951076865196 ], [ 6896702.402098184451461, 9131666.912534100934863 ], [ 6896718.434988269582391, 9131689.334899248555303 ], [ 6896733.679250164888799, 9131719.348896719515324 ], [ 6896739.591589501127601, 9131741.405648605898023 ], [ 6896742.688161617144942, 9131765.480455908924341 ], [ 6896743.826826252043247, 9131794.903773343190551 ], [ 6896743.563938099890947, 9131816.081586826592684 ], [ 6896749.391355965286493, 9131826.812293827533722 ], [ 6896764.854632738046348, 9131834.517361329868436 ], [ 6896799.766189421527088, 9131850.152583919465542 ], [ 6896841.995390217751265, 9131859.084404429420829 ], [ 6896869.198622721247375, 9131871.611869866028428 ], [ 6896883.100597711279988, 9131876.360928708687425 ], [ 6896920.816363232210279, 9131880.545091327279806 ], [ 6896942.294921680353582, 9131884.996723230928183 ], [ 6897055.066536187194288, 9131916.095825118944049 ], [ 6897100.318861218169332, 9131919.232654618099332 ], [ 6897128.426807401701808, 9131917.74767285771668 ], [ 6897147.350830686278641, 9131921.54814119823277 ], [ 6897171.209907555952668, 9131931.571130873635411 ], [ 6897215.103892565704882, 9131955.547681109979749 ], [ 6897251.345802295953035, 9131987.004009103402495 ], [ 6897272.869225454516709, 9132002.032146450132132 ], [ 6897318.033448128961027, 9132030.860831722617149 ], [ 6897337.759229428134859, 9132045.959601782262325 ], [ 6897368.08760142326355, 9132073.879448460415006 ], [ 6897379.625477643683553, 9132092.317103227600455 ], [ 6897393.716099826619029, 9132120.492938812822104 ], [ 6897403.660878285765648, 9132144.288087299093604 ], [ 6897415.908604845404625, 9132161.946472804993391 ], [ 6897438.804949451237917, 9132184.481816563755274 ], [ 6897521.613477380014956, 9132253.036801487207413 ], [ 6897559.256346228532493, 9132283.305882478132844 ], [ 6897568.298093445599079, 9132302.60476315766573 ], [ 6897573.275519553571939, 9132328.479556391015649 ], [ 6897576.518844312988222, 9132365.77536429464817 ], [ 6897579.934898518957198, 9132388.694021362811327 ], [ 6897590.912858437746763, 9132410.93440374545753 ], [ 6897605.587499893270433, 9132426.231829734519124 ], [ 6897617.765610232949257, 9132442.37871528044343 ], [ 6897618.993785184808075, 9132455.567936219274998 ], [ 6897616.204613724723458, 9132476.834138289093971 ], [ 6897617.724358128383756, 9132497.561291817575693 ], [ 6897624.163925435394049, 9132514.696436973288655 ], [ 6897670.289431722834706, 9132614.924585787579417 ], [ 6897691.782197355292737, 9132647.724064912647009 ], [ 6897695.008278851397336, 9132665.736852023750544 ], [ 6897697.068443834781647, 9132709.865668103098869 ], [ 6897697.810189689509571, 9132738.18438339792192 ], [ 6897702.249487267807126, 9132769.00553329475224 ], [ 6897714.149278302676976, 9132805.950436607003212 ], [ 6897732.884323889389634, 9132851.702718121930957 ], [ 6897739.818878700956702, 9132872.217583619058132 ], [ 6897740.065986173227429, 9132906.602215860038996 ], [ 6897736.719070663675666, 9132960.01867731846869 ], [ 6897733.974979643709958, 9133001.318550445139408 ], [ 6897730.146734063513577, 9133042.290972931310534 ], [ 6897734.145906352438033, 9133080.30891677364707 ], [ 6897738.453761759214103, 9133117.170215947553515 ], [ 6897741.341926570981741, 9133145.023286057636142 ], [ 6897744.597097246907651, 9133163.798057623207569 ], [ 6897754.133431049063802, 9133186.476974129676819 ], [ 6897768.135255912318826, 9133212.379778815433383 ], [ 6897770.251107893884182, 9133229.68474530801177 ], [ 6897769.404222590848804, 9133245.209859134629369 ], [ 6897761.985943793319166, 9133268.183647574856877 ], [ 6897750.054826365783811, 9133295.854751352220774 ], [ 6897729.34415817912668, 9133339.003511544317007 ], [ 6897719.793609471991658, 9133372.257695183157921 ], [ 6897717.632467869669199, 9133381.787832548841834 ], [ 6897720.843278100714087, 9133399.419801188632846 ], [ 6897731.238899191841483, 9133425.475627079606056 ], [ 6897732.975905328989029, 9133442.413912821561098 ], [ 6897732.638187387026846, 9133452.254086215049028 ], [ 6897728.171356642618775, 9133486.441932102665305 ], [ 6897716.747349754907191, 9133536.394318025559187 ], [ 6897712.950296227820218, 9133569.052921827882528 ], [ 6897712.275564901530743, 9133607.624025847762823 ], [ 6897715.836291424930096, 9133634.317753659561276 ], [ 6897722.639098133891821, 9133651.439020968973637 ], [ 6897730.347859522327781, 9133673.426696490496397 ], [ 6897733.063841052353382, 9133687.69069754332304 ], [ 6897732.580565363168716, 9133703.201501766219735 ], [ 6897732.286796976812184, 9133723.618342734873295 ], [ 6897736.199608179740608, 9133731.407481160014868 ], [ 6897746.961302366107702, 9133748.36209212616086 ], [ 6897761.95649650041014, 9133771.971875876188278 ], [ 6897763.022967033088207, 9133780.993993479758501 ], [ 6897762.495593186467886, 9133785.928129283711314 ], [ 6897762.495935623534024, 9133795.373540053144097 ], [ 6897768.94941227696836, 9133812.890087276697159 ], [ 6897777.313289171084762, 9133832.967721266672015 ], [ 6897788.526732577010989, 9133852.182242341339588 ], [ 6897802.705801879055798, 9133864.101121639832854 ], [ 6897832.071343213319778, 9133876.557963969185948 ], [ 6897876.926312144845724, 9133906.547376835718751 ], [ 6897905.575301519595087, 9133928.477838998660445 ], [ 6897933.725877210497856, 9133956.092856425791979 ], [ 6897962.389879861846566, 9133987.849848326295614 ], [ 6898017.730372121557593, 9134037.082845542579889 ], [ 6898049.007382094860077, 9134071.00365243293345 ], [ 6898062.848510053008795, 9134092.763055451214314 ], [ 6898077.767049675807357, 9134123.544304624199867 ], [ 6898086.236583184450865, 9134146.647196283563972 ], [ 6898088.497610719874501, 9134167.727305684238672 ], [ 6898086.933482164517045, 9134192.726234303787351 ], [ 6898084.376070093363523, 9134210.596081404015422 ], [ 6898080.242341445758939, 9134225.117096610367298 ], [ 6898071.726819235831499, 9134238.295216899365187 ], [ 6898063.185992411337793, 9134251.104356365278363 ], [ 6898061.024493250064552, 9134260.634564759209752 ], [ 6898062.45155065599829, 9134269.272730553522706 ], [ 6898088.791286935098469, 9134343.828586425632238 ], [ 6898097.300626795738935, 9134367.681485690176487 ], [ 6898113.772363217547536, 9134382.910003075376153 ], [ 6898149.808831273578107, 9134399.638312786817551 ], [ 6898166.819084883667529, 9134409.932229992002249 ], [ 6898177.202175506390631, 9134417.08667946793139 ], [ 6898206.548038669861853, 9134494.554371643811464 ], [ 6898215.599504076875746, 9134513.854162715375423 ], [ 6898246.523374278098345, 9134557.235262971371412 ], [ 6898254.260905848816037, 9134570.539973495528102 ], [ 6898256.142856769263744, 9134581.807960992679 ], [ 6898253.133422906510532, 9134597.418007796630263 ], [ 6898225.370688152499497, 9134654.820352755486965 ], [ 6898215.770870896987617, 9134686.562096279114485 ], [ 6898208.670918371528387, 9134708.378814969211817 ], [ 6898203.22343585640192, 9134716.916238835081458 ], [ 6898192.665780087932944, 9134724.127629902213812 ], [ 6898188.531685020774603, 9134729.20303700119257 ], [ 6898186.970600518397987, 9134735.69224026799202 ], [ 6898188.604768647812307, 9134749.98740716278553 ], [ 6898188.251839132979512, 9134759.446812028065324 ], [ 6898180.041975644417107, 9134780.555438397452235 ], [ 6898168.811425728723407, 9134817.274431804195046 ], [ 6898143.846578792668879, 9134871.919159039855003 ], [ 6898135.199937631376088, 9134900.605859285220504 ], [ 6898116.607063953764737, 9134942.907912394031882 ], [ 6898113.771989679895341, 9134953.597429614514112 ], [ 6898114.368882779031992, 9134959.620608756318688 ], [ 6898117.524529868736863, 9134966.688209146261215 ], [ 6898132.241586906835437, 9134973.661723766475916 ], [ 6898160.482714826241136, 9134985.031048433855176 ], [ 6898247.320560190826654, 9135017.541825195774436 ], [ 6898303.089301032945514, 9135031.232867110520601 ], [ 6898381.385273990221322, 9135048.192774347960949 ], [ 6898552.644349677488208, 9135088.35983651317656 ], [ 6898605.709181434474885, 9135106.688906187191606 ], [ 6898705.692074387334287, 9135124.314617080613971 ], [ 6898735.818479814566672, 9135128.430615590885282 ], [ 6898787.059402101673186, 9135142.715225903317332 ], [ 6898815.621555073186755, 9135147.227739483118057 ], [ 6898830.411761428229511, 9135156.094665201380849 ], [ 6898843.655524059198797, 9135171.831938441842794 ], [ 6898869.542322807013988, 9135215.793509587645531 ], [ 6898876.664813051000237, 9135231.770423300564289 ], [ 6898892.419402180239558, 9135265.91971830278635 ], [ 6898914.67066749278456, 9135299.826353453099728 ], [ 6898938.439344555139542, 9135335.558215769007802 ], [ 6898967.885137234814465, 9135387.312161147594452 ], [ 6898990.798370007425547, 9135401.156642336398363 ], [ 6899001.705432236194611, 9135402.995897017419338 ], [ 6899023.479702696204185, 9135396.478517565876245 ], [ 6899044.827776152640581, 9135392.371077552437782 ], [ 6899045.705223702825606, 9135392.209558723494411 ], [ 6899047.458546507172287, 9135392.418422808870673 ], [ 6899067.111738389357924, 9135394.770948059856892 ], [ 6899076.604796919971704, 9135392.884834891185164 ], [ 6899113.288801396265626, 9135370.846048666164279 ], [ 6899159.114065843634307, 9135364.716836391016841 ], [ 6899175.075860302895308, 9135357.282193034887314 ], [ 6899214.718380361795425, 9135289.966853179037571 ], [ 6899221.698576177470386, 9135283.646779524162412 ], [ 6899230.97637624759227, 9135280.763124920427799 ], [ 6899234.185137026011944, 9135279.758819293230772 ], [ 6899248.917078442871571, 9135277.667538849636912 ], [ 6899261.54761129617691, 9135278.942080723121762 ], [ 6899273.202220471575856, 9135280.116081727668643 ], [ 6899327.264642844907939, 9135277.629782708361745 ], [ 6899370.343266729265451, 9135271.029574774205685 ], [ 6899414.91036366019398, 9135256.058000424876809 ], [ 6899424.565683512017131, 9135255.229086941108108 ], [ 6899431.105057865381241, 9135254.660902110859752 ], [ 6899443.897663215175271, 9135258.703927040100098 ], [ 6899481.102608281187713, 9135280.799107411876321 ], [ 6899497.211551051586866, 9135288.342777142301202 ], [ 6899525.816069569438696, 9135313.699908280745149 ], [ 6899547.965248692780733, 9135335.505901051685214 ], [ 6899579.562410839833319, 9135358.838236873969436 ], [ 6899592.631242418661714, 9135370.038964537903666 ], [ 6899676.562560066580772, 9135430.252149317413568 ], [ 6899727.171998599544168, 9135469.096752794459462 ], [ 6899769.432265428826213, 9135497.677405443042517 ], [ 6899800.686777727678418, 9135512.987809581682086 ], [ 6899890.19893208052963, 9135535.764667328447104 ], [ 6899904.520946642383933, 9135535.643390757963061 ], [ 6899934.192492741160095, 9135543.708519397303462 ], [ 6899953.61968176625669, 9135550.220662359148264 ], [ 6899964.340123608708382, 9135557.81362447142601 ], [ 6900012.872614073567092, 9135626.420373436063528 ], [ 6900020.30905875377357, 9135635.645020389929414 ], [ 6900039.306654166430235, 9135650.776380447670817 ], [ 6900090.225098451599479, 9135679.018655287101865 ], [ 6900140.290905611589551, 9135696.899868223816156 ], [ 6900226.508540991693735, 9135756.528318909928203 ], [ 6900277.116472726687789, 9135777.579700488597155 ], [ 6900307.667416740208864, 9135802.42241320386529 ], [ 6900318.327321959659457, 9135807.300756959244609 ], [ 6900325.904540067538619, 9135807.004177996888757 ], [ 6900336.564053922891617, 9135802.424483299255371 ], [ 6900347.736910749226809, 9135792.540661800652742 ], [ 6900362.446958614513278, 9135790.450200030580163 ], [ 6900366.049910400994122, 9135789.927611434832215 ], [ 6900378.667573105543852, 9135789.433723006397486 ], [ 6900398.778671056963503, 9135795.919296002015471 ], [ 6900423.643206994980574, 9135803.93005477450788 ], [ 6900459.199772894382477, 9135808.203869240358472 ], [ 6900503.607442735694349, 9135817.426835794001818 ], [ 6900598.380474139936268, 9135868.893472915515304 ], [ 6900680.136574142612517, 9135900.485057162120938 ], [ 6900686.600904274731874, 9135903.122671097517014 ], [ 6900699.585603876970708, 9135908.418833112344146 ], [ 6900736.048463995568454, 9135927.018007891252637 ], [ 6900749.947371172718704, 9135940.834747539833188 ], [ 6900910.316055566072464, 9136016.155288187786937 ], [ 6900916.155175933614373, 9136018.620844094082713 ], [ 6900936.728826425969601, 9136018.197108410298824 ], [ 6900976.092122274450958, 9136010.620548503473401 ], [ 6900988.673542398959398, 9136016.915399489924312 ], [ 6900998.834880108945072, 9136027.479142881929874 ], [ 6901005.229592418298125, 9136052.932856319472194 ], [ 6901009.520491065457463, 9136061.078528726473451 ], [ 6901047.327116204425693, 9136095.894264930859208 ], [ 6901071.198014745488763, 9136124.815064638853073 ], [ 6901087.130950228311121, 9136131.799766376614571 ], [ 6901096.783191525377333, 9136132.890449821949005 ], [ 6901108.203350510448217, 9136129.413999473676085 ], [ 6901126.396997531875968, 9136123.417668649926782 ], [ 6901139.789577363990247, 9136124.396629257127643 ], [ 6901171.352063735947013, 9136133.937785122543573 ], [ 6901199.763379658572376, 9136134.525445573031902 ], [ 6901233.293081801384687, 9136133.213001294061542 ], [ 6901258.768773331306875, 9136125.567132087424397 ], [ 6901259.347545908764005, 9136125.394159005954862 ], [ 6901259.726112904958427, 9136125.471843581646681 ], [ 6901268.093021389096975, 9136127.318154605105519 ], [ 6901278.621606103144586, 9136128.790776297450066 ], [ 6901289.441551543772221, 9136128.367237653583288 ], [ 6901337.532494019716978, 9136111.371964175254107 ], [ 6901391.653323186561465, 9136091.481036510318518 ], [ 6901503.40046570636332, 9136077.277660168707371 ], [ 6901530.794499896466732, 9136075.835138598456979 ], [ 6901611.913384966552258, 9136100.630261059850454 ], [ 6901708.965318106114864, 9136117.23934923671186 ], [ 6901771.013944242149591, 9136119.874601585790515 ], [ 6901796.35072523355484, 9136117.217465214431286 ], [ 6901820.283312604762614, 9136110.232842359691858 ], [ 6901844.965349281206727, 9136094.904902713373303 ], [ 6901866.15679429564625, 9136063.837300037965178 ], [ 6901876.892482861876488, 9136052.073384657502174 ], [ 6901918.500341045670211, 9136033.966419789940119 ], [ 6901931.980502421036363, 9136010.601097881793976 ], [ 6901949.783500611782074, 9135985.331956703215837 ], [ 6901970.141800465062261, 9135970.173063218593597 ], [ 6901999.917966374196112, 9135936.872495383024216 ], [ 6902118.401551513001323, 9135844.535256141796708 ], [ 6902160.536552156321704, 9135804.332369530573487 ], [ 6902168.247503918595612, 9135788.905378118157387 ], [ 6902192.972446805797517, 9135765.260908141732216 ], [ 6902224.018428749404848, 9135736.824293848127127 ], [ 6902240.143594391644001, 9135715.031438337638974 ], [ 6902239.458216851577163, 9135697.285305831581354 ], [ 6902227.454669550061226, 9135676.21297512575984 ], [ 6902222.609966969117522, 9135663.174253037199378 ], [ 6902221.018115723505616, 9135640.549200735986233 ], [ 6902228.69954033382237, 9135614.924313230440021 ], [ 6902231.096619367599487, 9135592.906129118055105 ], [ 6902243.424585650674999, 9135556.888609582558274 ], [ 6902246.884932820685208, 9135543.524434605613351 ], [ 6902248.815390868112445, 9135509.429152799770236 ], [ 6902271.131982233375311, 9135451.477357979863882 ], [ 6902286.994013396091759, 9135422.88365444727242 ], [ 6902292.73195109795779, 9135403.000867092981935 ], [ 6902293.638769679702818, 9135361.001514291390777 ], [ 6902294.940915752202272, 9135348.103462766855955 ], [ 6902318.293114681728184, 9135279.518597679212689 ], [ 6902335.264150623232126, 9135242.185462454333901 ], [ 6902350.482079273089767, 9135215.513158861547709 ], [ 6902368.781483670696616, 9135184.545568330213428 ], [ 6902375.498877990990877, 9135171.43513055332005 ], [ 6902394.145855976268649, 9135158.608558651059866 ], [ 6902407.628189365379512, 9135143.336418749764562 ], [ 6902418.461561279371381, 9135133.834258835762739 ], [ 6902434.35002760682255, 9135124.515464160591364 ], [ 6902435.488721166737378, 9135116.538221711292863 ], [ 6902434.62785307597369, 9135094.26589984819293 ], [ 6902436.861683456227183, 9135086.615744236856699 ], [ 6902442.647758111357689, 9135077.704624077305198 ], [ 6902447.027924704365432, 9135060.141275634989142 ], [ 6902444.486831629648805, 9135050.411906100809574 ], [ 6902438.178498392924666, 9135036.667396826669574 ], [ 6902425.460053987801075, 9135006.545902505517006 ], [ 6902426.630725340917706, 9134990.253213232383132 ], [ 6902441.686380135826766, 9134949.965083155781031 ], [ 6902450.596135707572103, 9134918.995339130982757 ], [ 6902455.678772412240505, 9134901.034359028562903 ], [ 6902461.082349868491292, 9134891.374983979389071 ], [ 6902491.603042878210545, 9134868.253305854275823 ], [ 6902540.944539817981422, 9134827.383201042190194 ], [ 6902568.721436991356313, 9134808.15024602226913 ], [ 6902596.760376526042819, 9134758.274867091327906 ], [ 6902604.733288439922035, 9134749.647814163938165 ], [ 6902624.54734524898231, 9134729.593844147399068 ], [ 6902672.110760349780321, 9134708.451076498255134 ], [ 6902703.304191163741052, 9134684.169161135330796 ], [ 6902757.552119914442301, 9134658.219312336295843 ], [ 6902816.868842649273574, 9134623.38599095121026 ], [ 6902897.095281556248665, 9134578.272621858865023 ], [ 6902920.593462408520281, 9134569.799239864572883 ], [ 6902985.560733677819371, 9134559.686692755669355 ], [ 6903080.272193228825927, 9134552.939594412222505 ], [ 6903137.090553571470082, 9134559.463314091786742 ], [ 6903144.10251204110682, 9134560.263531988486648 ], [ 6903169.772462862543762, 9134565.384839935228229 ], [ 6903243.810757897794247, 9134580.171569302678108 ], [ 6903279.655094506219029, 9134585.321377526968718 ], [ 6903301.373874505981803, 9134583.960035864263773 ], [ 6903384.696148520335555, 9134562.915339982137084 ], [ 6903441.535232799127698, 9134561.123485513031483 ], [ 6903459.083406669087708, 9134563.024955479428172 ], [ 6903510.370375787839293, 9134582.173907626420259 ], [ 6903525.979663848876953, 9134584.209316102787852 ], [ 6903540.250337591394782, 9134583.336853116750717 ], [ 6903543.270088124088943, 9134583.160483922809362 ], [ 6903571.568463754840195, 9134577.134777115657926 ], [ 6903591.296534821391106, 9134573.71208244562149 ], [ 6903596.383037561550736, 9134574.136856198310852 ], [ 6903658.311005399562418, 9134579.395774856209755 ], [ 6903747.078025031834841, 9134586.873606225475669 ], [ 6903849.539863993413746, 9134599.433919567614794 ], [ 6903950.248424462042749, 9134611.785467766225338 ], [ 6903967.45906001329422, 9134613.526658039540052 ], [ 6903982.507393882609904, 9134615.052074011415243 ], [ 6904027.724282616749406, 9134632.04565598256886 ], [ 6904049.987299861386418, 9134641.891712857410312 ], [ 6904100.875671244226396, 9134669.001269653439522 ], [ 6904119.218237235210836, 9134681.152289649471641 ], [ 6904130.520428411662579, 9134688.63016945309937 ], [ 6904140.714451235719025, 9134690.878171972930431 ], [ 6904144.079222553409636, 9134691.624956391751766 ], [ 6904158.194392111152411, 9134694.725107416510582 ], [ 6904170.643119725398719, 9134704.713731231167912 ], [ 6904177.951005350798368, 9134710.590661400929093 ], [ 6904212.985330067574978, 9134729.626404326409101 ], [ 6904260.730445051565766, 9134750.58010102622211 ], [ 6904281.968745416030288, 9134757.922329796478152 ], [ 6904300.834991730749607, 9134760.19991448149085 ], [ 6904317.761069348081946, 9134759.153697766363621 ], [ 6904330.931199087761343, 9134754.103273566812277 ], [ 6904350.806423983536661, 9134735.929761072620749 ], [ 6904374.620970069430768, 9134725.928021723404527 ], [ 6904453.829113602638245, 9134692.194574620574713 ], [ 6904486.726073900237679, 9134674.272746030241251 ], [ 6904532.462652614340186, 9134661.883351912721992 ], [ 6904567.069682165049016, 9134641.627527352422476 ], [ 6904597.927233144640923, 9134618.107293596491218 ], [ 6904627.261316747404635, 9134601.458434239029884 ], [ 6904659.812154658138752, 9134584.301528602838516 ], [ 6904689.544212405569851, 9134578.218661675229669 ], [ 6904707.27146054059267, 9134579.037323709577322 ], [ 6904716.863998472690582, 9134574.878849919885397 ], [ 6904726.910098036751151, 9134563.890902906656265 ], [ 6904740.180396875366569, 9134560.004280090332031 ], [ 6904744.756448784843087, 9134558.656483193859458 ], [ 6904781.801506791263819, 9134564.001387430354953 ], [ 6904793.585252569057047, 9134560.520082106813788 ], [ 6904817.28345933649689, 9134546.093007745221257 ], [ 6904869.388507819734514, 9134541.282114258036017 ], [ 6904902.317321682348847, 9134543.018501168116927 ], [ 6904923.537667776457965, 9134541.05149288661778 ], [ 6904944.928210138343275, 9134533.781066995114088 ], [ 6904962.071939286775887, 9134528.944184293970466 ], [ 6904979.872514058835804, 9134531.656498486176133 ], [ 6905012.464613967575133, 9134524.697656927630305 ], [ 6905069.007513390854001, 9134520.961150575429201 ], [ 6905105.017902572639287, 9134518.412944637238979 ], [ 6905137.218795425258577, 9134520.17778410948813 ], [ 6905158.056677346117795, 9134517.462384534999728 ], [ 6905216.411377445794642, 9134485.782769158482552 ], [ 6905218.772462770342827, 9134481.434059634804726 ], [ 6905242.553226634860039, 9134419.806228453293443 ], [ 6905244.701892839744687, 9134414.251521928235888 ], [ 6905271.174804234877229, 9134378.215301128104329 ], [ 6905296.743521290831268, 9134350.205985995009542 ], [ 6905302.535183398984373, 9134344.311473125591874 ], [ 6905368.307754213921726, 9134277.447502546012402 ], [ 6905382.314149108715355, 9134260.347262756898999 ], [ 6905385.888809343799949, 9134255.962349416688085 ], [ 6905400.967844164930284, 9134245.735866617411375 ], [ 6905413.689667582511902, 9134237.105494219809771 ], [ 6905433.797888847067952, 9134224.969638608396053 ], [ 6905468.828141134232283, 9134197.131468635052443 ], [ 6905478.127845916897058, 9134185.420436356216669 ], [ 6905512.646100822836161, 9134125.844202809035778 ], [ 6905527.636323179118335, 9134110.763638505712152 ], [ 6905528.28448140155524, 9134110.10206837952137 ], [ 6905578.452043413184583, 9134076.117031583562493 ], [ 6905642.531458799727261, 9134059.083007888868451 ], [ 6905653.952148493379354, 9134054.505124595016241 ], [ 6905656.636767683550715, 9134049.102662058547139 ], [ 6905654.505150724202394, 9134036.568761974573135 ], [ 6905647.406639169901609, 9134025.271052654832602 ], [ 6905631.210215576924384, 9133998.683302326127887 ], [ 6905630.520993124693632, 9133971.497329505160451 ], [ 6905627.192301194183528, 9133960.282704124227166 ], [ 6905611.753086839802563, 9133915.901000065729022 ], [ 6905611.065085021778941, 9133898.152253147214651 ], [ 6905611.048762934282422, 9133869.806442003697157 ], [ 6905603.672889998182654, 9133856.484223436564207 ], [ 6905599.160800212062895, 9133842.667725171893835 ], [ 6905600.864523462951183, 9133821.366906329989433 ], [ 6905592.364810363389552, 9133797.576096031814814 ], [ 6905568.21078609675169, 9133761.471097651869059 ], [ 6905552.917680187150836, 9133720.865703633055091 ], [ 6905547.03005235735327, 9133690.09091049619019 ], [ 6905544.928731844760478, 9133653.558048844337463 ], [ 6905544.82042405474931, 9133651.619350653141737 ], [ 6905543.961163985542953, 9133596.9843037314713 ], [ 6905543.838960524648428, 9133589.275101494044065 ], [ 6905540.228293924592435, 9133570.507997144013643 ], [ 6905541.248083460144699, 9133540.976535828784108 ], [ 6905543.835066247731447, 9133530.211609952151775 ], [ 6905549.949060772545636, 9133504.724148506298661 ], [ 6905559.048400243744254, 9133488.4292285554111 ], [ 6905564.662870957516134, 9133474.27219951339066 ], [ 6905574.92281692288816, 9133413.00057870708406 ], [ 6905579.099488716572523, 9133390.5384142100811 ], [ 6905580.666178743354976, 9133377.107326367869973 ], [ 6905581.271522723138332, 9133371.925400253385305 ], [ 6905587.408864056691527, 9133364.131768833845854 ], [ 6905595.725705208256841, 9133353.580786453559995 ], [ 6905599.624389896169305, 9133342.463487522676587 ], [ 6905596.906416887417436, 9133328.206387815997005 ], [ 6905588.138165115378797, 9133319.71559340134263 ], [ 6905587.151162932626903, 9133318.759823685511947 ], [ 6905585.737645216286182, 9133311.934121215716004 ], [ 6905584.040111736394465, 9133303.766461400315166 ], [ 6905587.58337982185185, 9133283.202761456370354 ], [ 6905593.243462370708585, 9133259.120857834815979 ], [ 6905597.188622862100601, 9133242.36942576430738 ], [ 6905599.17144432477653, 9133240.521899290382862 ], [ 6905605.204105714336038, 9133234.871916061267257 ], [ 6905605.962833544239402, 9133226.526621341705322 ], [ 6905604.497877317480743, 9133223.785484258085489 ], [ 6905593.110771081410348, 9133202.456269271671772 ], [ 6905591.138708054088056, 9133188.921569608151913 ], [ 6905594.250970331020653, 9133179.743463648483157 ], [ 6905603.555852068588138, 9133163.914442045614123 ], [ 6905618.471386985853314, 9133142.093477724120021 ], [ 6905624.251342399045825, 9133139.610729614272714 ], [ 6905645.933752801269293, 9133139.890632348135114 ], [ 6905661.802264952100813, 9133137.508059609681368 ], [ 6905677.797430309467018, 9133121.878207661211491 ], [ 6905704.780901649966836, 9133130.39208472520113 ], [ 6905749.83069796860218, 9133146.764705717563629 ], [ 6905792.645833752118051, 9133161.340171385556459 ], [ 6905836.410822597332299, 9133163.387640906497836 ], [ 6905886.845747830346227, 9133160.268770081922412 ], [ 6905930.638177380897105, 9133153.629443805664778 ], [ 6905964.895244661718607, 9133143.213457698002458 ], [ 6906006.655585523694754, 9133130.605268504470587 ], [ 6906043.686921291984618, 9133126.498793801292777 ], [ 6906065.402224626392126, 9133127.910659598186612 ], [ 6906123.709162270650268, 9133141.494455359876156 ], [ 6906194.080849960446358, 9133159.136947460472584 ], [ 6906219.05230757035315, 9133169.881255256012082 ], [ 6906237.976954190060496, 9133173.669848155230284 ], [ 6906276.819687223993242, 9133178.952621661126614 ], [ 6906314.275915573351085, 9133185.793515536934137 ], [ 6906395.890738908201456, 9133195.429413417354226 ], [ 6906438.780692857690156, 9133202.819676851853728 ], [ 6906477.636266772635281, 9133217.539553677663207 ], [ 6906520.177085917443037, 9133225.325245872139931 ], [ 6906565.227188292890787, 9133241.698033282533288 ], [ 6906616.643742203712463, 9133263.869082931429148 ], [ 6906655.183111742138863, 9133280.116643600165844 ], [ 6906710.749991090036929, 9133307.051426026970148 ], [ 6906732.286617703735828, 9133322.071766003966331 ], [ 6906778.317667157389224, 9133345.218432035297155 ], [ 6906835.038489936850965, 9133373.993220537900925 ], [ 6906935.993403624743223, 9133444.502860041335225 ], [ 6907003.625868974253535, 9133494.014120265841484 ], [ 6907062.421240217983723, 9133538.957971423864365 ], [ 6907091.773357004858553, 9133560.113228097558022 ], [ 6907118.48357789684087, 9133569.262867150828242 ], [ 6907148.694766584783792, 9133575.267494665458798 ], [ 6907165.590793846175075, 9133573.457217179238796 ], [ 6907181.873017963021994, 9133574.331302681937814 ], [ 6907209.135935257188976, 9133578.936842955648899 ], [ 6907228.192512564361095, 9133586.120886908844113 ], [ 6907292.301068232394755, 9133600.61051663197577 ], [ 6907320.950082896277308, 9133603.646316515281796 ], [ 6907339.525750831700861, 9133607.830543296411633 ], [ 6907446.579212150536478, 9133630.83065171726048 ], [ 6907508.438353512436152, 9133643.141900595277548 ], [ 6907558.759040041826665, 9133646.45782695710659 ], [ 6907635.305367782711983, 9133655.542031601071358 ], [ 6907727.086053732782602, 9133666.674993604421616 ], [ 6907858.879453133791685, 9133703.829759795218706 ], [ 6907876.738310186192393, 9133708.042231850326061 ], [ 6907935.423641968518496, 9133703.464153029024601 ], [ 6907948.742829781025648, 9133702.557933628559113 ], [ 6908018.861756681464612, 9133694.880728194490075 ], [ 6908053.835958713665605, 9133684.435142965987325 ], [ 6908111.046872263774276, 9133679.151461232453585 ], [ 6908270.824176374822855, 9133664.923559002578259 ], [ 6908480.996204398572445, 9133646.812844900414348 ], [ 6908525.24457127507776, 9133642.802613751962781 ], [ 6908551.309338796883821, 9133644.42459112778306 ], [ 6908598.795087860897183, 9133648.973454598337412 ], [ 6908629.521325796842575, 9133650.030059928074479 ], [ 6908656.273832398466766, 9133650.87306509539485 ], [ 6908698.196868013590574, 9133660.938680037856102 ], [ 6908732.63139153085649, 9133673.578016811981797 ], [ 6908772.457739687524736, 9133695.073432672768831 ], [ 6908825.131978640332818, 9133721.730546003207564 ], [ 6908888.717753037810326, 9133750.618270829319954 ], [ 6908910.358978513628244, 9133759.215922841802239 ], [ 6908984.951917770318687, 9133783.124276019632816 ], [ 6909026.940034249797463, 9133804.534798081964254 ], [ 6909084.201891706325114, 9133837.82454146631062 ], [ 6909176.803040252067149, 9133879.172526527196169 ], [ 6909201.716440998017788, 9133888.404832744970918 ], [ 6909224.233175987377763, 9133891.670367455109954 ], [ 6909309.746899781748652, 9133899.267067931592464 ], [ 6909333.827264722436666, 9133896.432886559516191 ], [ 6909358.885763146914542, 9133890.911251040175557 ], [ 6909379.796706413850188, 9133890.087371939793229 ], [ 6909396.894456398673356, 9133893.184654066339135 ], [ 6909432.332364317029715, 9133904.350470459088683 ], [ 6909466.903091510757804, 9133919.922910813242197 ], [ 6909500.756598799489439, 9133936.368052823469043 ], [ 6909528.456509571522474, 9133942.830147087574005 ], [ 6909561.884855853393674, 9133948.326231718063354 ], [ 6909602.349059144966304, 9133958.079507846385241 ], [ 6909654.250218834728003, 9133965.103384124115109 ], [ 6909700.191767298616469, 9133976.526343055069447 ], [ 6909747.067954183556139, 9133984.141497083008289 ], [ 6909824.783934243023396, 9133995.446081683039665 ], [ 6909874.717326276004314, 9133997.307371621951461 ], [ 6909900.717835151590407, 9133998.122078036889434 ], [ 6909948.865105172619224, 9134010.591747270897031 ], [ 6909996.619279467500746, 9134022.32502874918282 ], [ 6910036.529006160795689, 9134027.183952357620001 ], [ 6910060.942978197708726, 9134032.653493443503976 ], [ 6910135.529870893806219, 9134054.966472854837775 ], [ 6910196.259763676673174, 9134076.85387958958745 ], [ 6910266.504291833378375, 9134100.552705259993672 ], [ 6910295.561685876920819, 9134104.705668225884438 ], [ 6910354.282942591235042, 9134110.708833063021302 ], [ 6910384.62742948718369, 9134111.028393285349011 ], [ 6910400.236979261040688, 9134113.062269289046526 ], [ 6910421.909867092967033, 9134121.04597326926887 ], [ 6910503.588199144229293, 9134161.553556939586997 ], [ 6910553.899951594881713, 9134183.389092370867729 ], [ 6910577.630071941763163, 9134190.019324772059917 ], [ 6910623.474355106242001, 9134207.461664482951164 ], [ 6910657.060658689588308, 9134226.971915312111378 ], [ 6910684.762801609002054, 9134245.430046482011676 ], [ 6910720.822159951552749, 9134269.458535246551037 ], [ 6910726.75275688059628, 9134273.412429846823215 ], [ 6910751.958534991368651, 9134290.164413752034307 ], [ 6910767.758796972222626, 9134297.107234423980117 ], [ 6910818.376313553191721, 9134317.42722456716001 ], [ 6910875.418960235081613, 9134345.048002609983087 ], [ 6910942.137867819517851, 9134378.071598527953029 ], [ 6910948.320690635591745, 9134381.124857915565372 ], [ 6910977.792503701522946, 9134396.228212909772992 ], [ 6911018.218299239873886, 9134423.752117544412613 ], [ 6911060.246771853417158, 9134457.274646850302815 ], [ 6911076.682214571163058, 9134469.479216894134879 ], [ 6911114.300024876371026, 9134489.548374837264419 ], [ 6911138.003646301105618, 9134504.879197962582111 ], [ 6911180.883295264095068, 9134548.941775223240256 ], [ 6911193.955096412450075, 9134559.578456599265337 ], [ 6911207.112596640363336, 9134564.173161834478378 ], [ 6911218.880163002759218, 9134569.100274605676532 ], [ 6911263.26647986844182, 9134587.67670813202858 ], [ 6911283.275677160359919, 9134600.885871926322579 ], [ 6911329.498133231885731, 9134638.014957308769226 ], [ 6911395.220375350676477, 9134703.111535295844078 ], [ 6911424.253931887447834, 9134725.416601367294788 ], [ 6911443.296869053505361, 9134732.232005197554827 ], [ 6911499.438553729094565, 9134764.806086953729391 ], [ 6911602.115252256393433, 9134815.247853858396411 ], [ 6911626.740936879068613, 9134825.591550955548882 ], [ 6911651.578823080286384, 9134826.89194393530488 ], [ 6911677.790496393106878, 9134821.18555792234838 ], [ 6911727.233118839561939, 9134783.363612782210112 ], [ 6911779.892799069173634, 9134745.044488750398159 ], [ 6911808.099723931401968, 9134744.638654014095664 ], [ 6911970.891678972169757, 9134769.539647899568081 ], [ 6912008.457942433655262, 9134776.897663848474622 ], [ 6912080.129938289523125, 9134802.624630466103554 ], [ 6912186.916977054439485, 9134830.045112187042832 ], [ 6912352.466068435460329, 9134869.610845599323511 ], [ 6912367.858522308990359, 9134877.993197029456496 ], [ 6912372.842419971711934, 9134879.185038840398192 ], [ 6912371.390207228250802, 9134812.790917053818703 ], [ 6912369.523881589993834, 9134746.262722384184599 ], [ 6912369.510885450057685, 9134702.139712490141392 ], [ 6912374.259637110866606, 9134630.179469715803862 ], [ 6912509.352918947115541, 9134606.586334170773625 ], [ 6912642.552979875355959, 9134610.173361476510763 ], [ 6912699.740462720394135, 9134601.983641751110554 ], [ 6912752.035075027495623, 9134571.068487482145429 ], [ 6912807.3226383831352, 9134539.005463842302561 ], [ 6912867.903541270643473, 9134505.298901196569204 ], [ 6912963.963922884315252, 9134467.323622273281217 ], [ 6913014.848784793168306, 9134513.537013864144683 ], [ 6913027.353561064228415, 9134528.615956867113709 ], [ 6913039.921742104925215, 9134548.736581547185779 ], [ 6913057.304882252588868, 9134560.302802739664912 ], [ 6913074.809108313173056, 9134567.595222866162658 ], [ 6913085.686998813413084, 9134562.700501454994082 ], [ 6913096.885478431358933, 9134561.5068499147892 ], [ 6913082.693985972553492, 9134550.208096463233232 ], [ 6913116.893308503553271, 9134476.343335118144751 ], [ 6913143.397991394624114, 9134422.206612618640065 ], [ 6913189.223913294263184, 9134446.823165096342564 ], [ 6913263.581179182976484, 9134485.632114754989743 ], [ 6913287.00120990909636, 9134436.255957532674074 ], [ 6913294.238851906731725, 9134422.966517532244325 ], [ 6913340.115193902514875, 9134332.396620163694024 ], [ 6913354.458229696378112, 9134304.978230694308877 ], [ 6913367.14081069920212, 9134287.979905925691128 ], [ 6913375.637915955856442, 9134282.369003186002374 ], [ 6913387.120871198363602, 9134280.539163805544376 ], [ 6913395.395438756793737, 9134274.034618459641933 ], [ 6913416.34554254449904, 9134250.636072270572186 ], [ 6913446.239474437199533, 9134215.789471495896578 ], [ 6913489.373028572648764, 9134242.177949607372284 ], [ 6913550.005768331699073, 9134283.67986867390573 ], [ 6913611.795700489543378, 9134230.532453756779432 ], [ 6913560.942818094044924, 9134160.17217587120831 ], [ 6913541.108158985152841, 9134132.725459013134241 ], [ 6913529.44546246342361, 9134115.449758740141988 ], [ 6913539.107912797480822, 9134085.277019660919905 ], [ 6913548.753499359823763, 9134063.75888410396874 ], [ 6913575.829755912534893, 9134019.81363651715219 ], [ 6913616.347691085189581, 9133969.309929598122835 ], [ 6913761.382856871932745, 9133768.94903726503253 ], [ 6913832.773881847970188, 9133669.650710230693221 ], [ 6914097.810684690251946, 9133840.538945270702243 ], [ 6914306.151250735856593, 9133974.018892500549555 ], [ 6914414.94928324688226, 9134043.723819930106401 ], [ 6914455.154033632017672, 9134069.487605042755604 ], [ 6914468.136306809261441, 9134077.802856283262372 ], [ 6914565.638226193375885, 9134038.895556809380651 ], [ 6914671.035514703020453, 9134001.064330345019698 ], [ 6914823.581478221341968, 9133946.32903840392828 ], [ 6914901.273744564503431, 9133919.529678631573915 ], [ 6914972.675314035266638, 9133893.441346019506454 ], [ 6915004.361588082276285, 9133885.097005758434534 ], [ 6915096.407686456106603, 9133887.372983831912279 ], [ 6915145.206052181310952, 9133890.14261282607913 ], [ 6915170.58611657936126, 9133892.321728311479092 ], [ 6915294.348999114707112, 9133905.7593953628093 ], [ 6915372.008703466504812, 9133914.724239487200975 ], [ 6915338.682065778411925, 9134071.871592503041029 ], [ 6915304.8824397418648, 9134251.807632442563772 ], [ 6915280.140520138666034, 9134373.880529146641493 ], [ 6915277.114385711960495, 9134389.504348346963525 ], [ 6915238.019126845523715, 9134590.694775937125087 ], [ 6915286.611996287479997, 9134621.671032810583711 ], [ 6915333.449068983085454, 9134651.524946622550488 ], [ 6915540.395822175778449, 9134786.054174486547709 ], [ 6915716.523240938782692, 9133959.87801144644618 ], [ 6915645.946140421554446, 9133642.415775656700134 ], [ 6915096.337079953402281, 9133565.038509022444487 ], [ 6915092.985221363604069, 9133563.493287034332752 ], [ 6915099.872334930114448, 9133555.41112801246345 ], [ 6915261.582756062969565, 9133407.652393411844969 ], [ 6915306.520577071234584, 9133371.731515437364578 ], [ 6915329.847554095089436, 9133353.823860036209226 ], [ 6915355.362946074455976, 9133318.65907078050077 ], [ 6915367.920953623950481, 9133293.401746239513159 ], [ 6915374.411699514836073, 9133264.380913596600294 ], [ 6915369.579342452809215, 9133223.427407462149858 ], [ 6915378.356609744951129, 9133169.752009831368923 ], [ 6915386.259771232493222, 9133118.309521928429604 ], [ 6915378.39759567193687, 9133058.291992194950581 ], [ 6915380.051142755895853, 9133017.683634141460061 ], [ 6915378.749218258075416, 9132930.447428334504366 ], [ 6915365.560836938209832, 9132792.759785693138838 ], [ 6915354.80342411249876, 9132702.704282166436315 ], [ 6915342.085834523662925, 9132562.394867828115821 ], [ 6915086.717404634691775, 9132524.355802919715643 ], [ 6914954.412214521318674, 9132490.645457213744521 ], [ 6914865.189814351499081, 9132571.777292441576719 ], [ 6914781.794611992314458, 9132647.980305805802345 ], [ 6914759.189324920997024, 9132680.981725534424186 ], [ 6914686.937503525055945, 9132703.034551504999399 ], [ 6914378.621034967713058, 9132635.361463895067573 ], [ 6914365.190641106106341, 9132605.637242119759321 ], [ 6914335.624732881784439, 9132569.736582392826676 ], [ 6914290.212190676480532, 9132479.251196797937155 ], [ 6914259.723071653395891, 9132438.088293213397264 ], [ 6914240.505488904193044, 9132389.688058583065867 ], [ 6914229.900254195556045, 9132339.790184067562222 ], [ 6914228.958685100078583, 9132317.057904107496142 ], [ 6914249.201689761132002, 9132311.582775536924601 ], [ 6914334.074633780866861, 9132388.311883311718702 ], [ 6914348.316004832275212, 9132379.904036160558462 ], [ 6914352.180884037166834, 9132305.090249607339501 ], [ 6914339.628759792074561, 9132272.971220817416906 ], [ 6914336.700524801388383, 9132248.581945678219199 ], [ 6914330.231156090274453, 9132187.204858025535941 ], [ 6914322.154284018091857, 9132073.005221609026194 ], [ 6914357.795211716555059, 9132015.156396565958858 ], [ 6914377.387304628267884, 9131992.999630911275744 ], [ 6914403.328937096521258, 9131869.157407952472568 ], [ 6914440.5833670347929, 9131704.348743127658963 ], [ 6914448.152404127642512, 9131644.417170263826847 ], [ 6914452.398166405037045, 9131629.809657230973244 ], [ 6914463.302793979644775, 9131592.238050516694784 ], [ 6914477.031321506947279, 9131506.747174007818103 ], [ 6914497.057463590055704, 9131416.216720582917333 ], [ 6914555.163478164002299, 9131415.54647128097713 ], [ 6914605.673807984218001, 9131442.413077969104052 ], [ 6914653.232302307151258, 9131506.559951486065984 ], [ 6914776.834803287871182, 9131605.691643314436078 ], [ 6914918.735099161043763, 9131741.494604799896479 ], [ 6914924.834896910004318, 9131864.395396765321493 ], [ 6914969.962260700762272, 9131906.448266424238682 ], [ 6915040.244217803701758, 9131914.633960019797087 ], [ 6915163.392596599645913, 9131988.829487493261695 ], [ 6915234.038832724094391, 9132092.39903205819428 ], [ 6915295.927875770255923, 9132097.226439228281379 ], [ 6915351.66409779433161, 9132089.870723996311426 ], [ 6915360.095311159268022, 9132113.453094832599163 ], [ 6915352.003847536630929, 9132178.406211607158184 ], [ 6915377.441010286100209, 9132226.793577393516898 ], [ 6915439.105617444030941, 9132272.011285187676549 ], [ 6915472.096511894837022, 9132299.411740589886904 ], [ 6915479.171452871523798, 9132330.985383607447147 ], [ 6915520.511821109801531, 9132361.191055504605174 ], [ 6915577.776447957381606, 9132368.088062370195985 ], [ 6915612.852244819514453, 9132391.171375144273043 ], [ 6915615.59906203020364, 9132391.363474812358618 ], [ 6915673.686471227556467, 9132395.566676691174507 ], [ 6915699.166721405461431, 9132400.609434513375163 ], [ 6915733.361047083511949, 9132425.729477927088737 ], [ 6915742.608053009957075, 9132440.497875696048141 ], [ 6915733.469333407469094, 9132463.896873913705349 ], [ 6915724.527487155050039, 9132476.77031122893095 ], [ 6915727.513842885382473, 9132497.826439581811428 ], [ 6915743.746348669752479, 9132525.173387305811048 ], [ 6915762.086516206152737, 9132549.069872662425041 ], [ 6915789.387419480830431, 9132584.645252466201782 ], [ 6915833.556536474265158, 9132624.505339451134205 ], [ 6915874.551258154213428, 9132638.769406946375966 ], [ 6915928.842316891998053, 9132641.919963786378503 ], [ 6915971.754080089740455, 9132631.138384822756052 ], [ 6916011.048865002579987, 9132620.511474272236228 ], [ 6916037.738268844783306, 9132619.455013623461127 ], [ 6916059.954548863694072, 9132633.698707746341825 ], [ 6916086.720464147627354, 9132671.980154305696487 ], [ 6916088.717117885127664, 9132687.487079031765461 ], [ 6916090.876774485222995, 9132704.341345619410276 ], [ 6916099.955545531585813, 9132733.487720804288983 ], [ 6916111.1874871077016, 9132743.642085686326027 ], [ 6916139.771029651165009, 9132754.613909192383289 ], [ 6916148.096827593632042, 9132760.208676459267735 ], [ 6916171.667458605952561, 9132776.042005894705653 ], [ 6916186.428773865103722, 9132795.972997715696692 ], [ 6916198.344963353127241, 9132812.05936074256897 ], [ 6916241.344253487884998, 9132840.61553718522191 ], [ 6916259.788539646193385, 9132850.472978638485074 ], [ 6916320.712084239348769, 9132857.144973693415523 ], [ 6916356.773442989215255, 9132874.624739609658718 ], [ 6916392.826393289491534, 9132873.197821520268917 ], [ 6916429.342263949103653, 9132864.948780989274383 ], [ 6916450.291840677149594, 9132846.716729244217277 ], [ 6916452.719752163626254, 9132816.362316792830825 ], [ 6916456.828089258633554, 9132791.993041753768921 ], [ 6916477.826877946034074, 9132793.429756686091423 ], [ 6916495.366652248427272, 9132798.787132989615202 ], [ 6916508.082449289038777, 9132791.479988150298595 ], [ 6916512.218136109411716, 9132784.801754580810666 ], [ 6916519.627751391381025, 9132772.856352251023054 ], [ 6916535.802534710615873, 9132761.628498904407024 ], [ 6916559.738855373114347, 9132764.464689603075385 ], [ 6916583.998793850652874, 9132784.656328935176134 ], [ 6916591.84189772605896, 9132791.184386510401964 ], [ 6916613.881625395268202, 9132800.899506220594049 ], [ 6916643.626763879321516, 9132804.269463201984763 ], [ 6916660.695100527256727, 9132797.54206021502614 ], [ 6916709.32511208858341, 9132784.404416320845485 ], [ 6916715.702806056477129, 9132800.652458671480417 ], [ 6916722.479639592580497, 9132800.800738714635372 ], [ 6916727.985465660691261, 9132800.92990804463625 ], [ 6916740.11062778159976, 9132815.57346260920167 ], [ 6916742.333986381068826, 9132825.563969453796744 ], [ 6916743.619011290371418, 9132831.321846818551421 ], [ 6916748.522402012720704, 9132833.279980354011059 ], [ 6916766.014126174151897, 9132840.236105473712087 ], [ 6916767.820852399803698, 9132840.96299646422267 ], [ 6916781.480178164318204, 9132820.751163698732853 ], [ 6916821.807407604530454, 9132762.409218568354845 ], [ 6916833.965590067207813, 9132738.264619328081608 ], [ 6916867.368435174226761, 9132706.289755307137966 ], [ 6916908.521607641130686, 9132688.090153601020575 ], [ 6916930.691162263043225, 9132651.595789164304733 ], [ 6916971.392861519008875, 9132614.471580918878317 ], [ 6917031.215878021903336, 9132562.947267405688763 ], [ 6917074.169173246249557, 9132529.18173910677433 ], [ 6917097.927451312541962, 9132522.929450087249279 ], [ 6917138.108494890853763, 9132506.433929558843374 ], [ 6917243.924072872847319, 9132504.394778763875365 ], [ 6917294.127696634270251, 9132494.514320546761155 ], [ 6917347.885803896933794, 9132477.503751300275326 ], [ 6917418.700623448006809, 9132470.451594760641456 ], [ 6917481.70356563013047, 9132466.728991640731692 ], [ 6917549.53225882910192, 9132448.547258663922548 ], [ 6917597.205338410101831, 9132421.385873090475798 ], [ 6917637.244414095766842, 9132401.261550307273865 ], [ 6917670.142653409391642, 9132375.344933293759823 ], [ 6917729.343148088082671, 9132340.725413797423244 ], [ 6917802.88888581097126, 9132245.791958920657635 ], [ 6917817.926304012537003, 9132193.585724366828799 ], [ 6917914.431276842951775, 9132120.329327113926411 ], [ 6917949.831354766152799, 9132108.140987530350685 ], [ 6917993.298103291541338, 9132086.143828149884939 ], [ 6918055.69058292824775, 9132050.412483412772417 ], [ 6918122.952511060982943, 9132025.666307298466563 ], [ 6918148.934002364054322, 9132021.199239932000637 ], [ 6918172.17319552693516, 9132020.613358363509178 ], [ 6918225.87573601026088, 9132054.21833860874176 ], [ 6918290.2738824672997, 9132059.360249754041433 ], [ 6918364.558535184711218, 9132050.385580932721496 ], [ 6918450.066013811156154, 9132011.746041309088469 ], [ 6918513.360408179461956, 9132004.190438777208328 ], [ 6918555.160003644414246, 9131981.656442219391465 ], [ 6918687.171183689497411, 9131939.111589517444372 ], [ 6918735.952328212559223, 9131894.278134860098362 ], [ 6918814.688997318036854, 9131755.931886747479439 ], [ 6918889.484614217653871, 9131630.667239371687174 ], [ 6918924.318592691794038, 9131602.610498379915953 ], [ 6918937.544760587625206, 9131582.111622992902994 ], [ 6918963.958792540244758, 9131564.989230239763856 ], [ 6918910.502975283190608, 9131547.032625164836645 ], [ 6918896.03743882663548, 9131527.933654015883803 ], [ 6918888.936774682253599, 9131457.091543350368738 ], [ 6918878.144415073096752, 9131421.205752313137054 ], [ 6918860.59007814899087, 9131378.772271560505033 ], [ 6918854.671439566649497, 9131338.156715923920274 ], [ 6918885.181305115111172, 9131213.421826887875795 ], [ 6918905.590020229108632, 9131141.915695983916521 ], [ 6918921.514248493127525, 9131108.52188335545361 ], [ 6918945.084317323751748, 9131083.376426335424185 ], [ 6918979.450014567002654, 9131060.880466202273965 ], [ 6919018.199130636639893, 9130995.727783296257257 ], [ 6919067.143650873564184, 9130886.009210856631398 ], [ 6919067.325877489522099, 9130885.585362490266562 ], [ 6919079.175014063715935, 9130874.514280632138252 ], [ 6919169.673789710737765, 9130806.610701370984316 ], [ 6919201.954688638448715, 9130784.763805085793138 ], [ 6919212.116388796828687, 9130765.577793108299375 ], [ 6919214.23673184402287, 9130745.820158125832677 ], [ 6919208.269247095100582, 9130722.611195972189307 ], [ 6919185.097167617641389, 9130692.737237501889467 ], [ 6919124.751540433615446, 9130646.63435709849 ], [ 6919070.428189875558019, 9130634.165118020027876 ], [ 6919020.554568124935031, 9130633.785926336422563 ], [ 6918979.986641312018037, 9130602.798121092841029 ], [ 6918956.97215471137315, 9130570.742624681442976 ], [ 6918952.902418350800872, 9130517.300736619159579 ], [ 6918983.101410095579922, 9130458.377265244722366 ], [ 6919021.418318165466189, 9130415.8069380056113 ], [ 6919032.750872785225511, 9130389.862346205860376 ], [ 6919044.086328753270209, 9130375.837287690490484 ], [ 6919055.484317837283015, 9130361.717146376147866 ], [ 6919054.064165975898504, 9130325.459053108468652 ], [ 6919043.424300290644169, 9130275.182805016636848 ], [ 6919038.891050979495049, 9130262.656387113034725 ], [ 6919032.896707210689783, 9130246.102959116920829 ], [ 6919017.845752216875553, 9130217.156656760722399 ], [ 6919001.661105331033468, 9130186.056683214381337 ], [ 6918964.651111843064427, 9130144.397315546870232 ], [ 6918913.144148424267769, 9130100.340266628190875 ], [ 6918857.130940931849182, 9130039.937120579183102 ], [ 6918775.519537582993507, 9129948.079878641292453 ], [ 6918749.7647047303617, 9129916.573959087952971 ], [ 6918706.806619819253683, 9129873.925187364220619 ], [ 6918664.04060173779726, 9129844.634936107322574 ], [ 6918631.46517573017627, 9129823.977530360221863 ], [ 6918579.693324458785355, 9129829.820188919082284 ], [ 6918510.316359575837851, 9129846.962906824424863 ], [ 6918469.758318565785885, 9129862.184343701228499 ], [ 6918435.736695164814591, 9129877.064829081296921 ], [ 6918427.863595544360578, 9129880.502321099862456 ], [ 6918398.160345093347132, 9129883.534728951752186 ], [ 6918374.971231550909579, 9129875.789055937901139 ], [ 6918373.187439190223813, 9129868.881958443671465 ], [ 6918369.003303630277514, 9129852.581119688227773 ], [ 6918373.978096104227006, 9129813.790188554674387 ], [ 6918383.47124351747334, 9129761.210719605907798 ], [ 6918391.892014829441905, 9129699.589681627228856 ], [ 6918391.714948117733002, 9129639.826444007456303 ], [ 6918378.087701722979546, 9129610.859315464273095 ], [ 6918350.276404472999275, 9129559.01110534183681 ], [ 6918327.827812817879021, 9129520.558570671826601 ], [ 6918303.803712528198957, 9129515.461786437779665 ], [ 6918277.75518614705652, 9129514.229597039520741 ], [ 6918262.537281177006662, 9129522.460825389251113 ], [ 6918212.336563883349299, 9129571.486169770359993 ], [ 6918181.578698428347707, 9129608.200789971277118 ], [ 6918144.58860539086163, 9129676.419173128902912 ], [ 6918118.746074883267283, 9129688.902963532134891 ], [ 6918116.604649713262916, 9129668.922209169715643 ], [ 6918134.819860394112766, 9129642.751069223508239 ], [ 6918143.401991945691407, 9129610.054403593763709 ], [ 6918140.050572101026773, 9129550.742086179554462 ], [ 6918127.845932583324611, 9129514.671343283727765 ], [ 6918127.826954577118158, 9129478.393760535866022 ], [ 6918088.684454540722072, 9129382.328836672008038 ], [ 6918087.510643457062542, 9129362.80723731406033 ], [ 6918085.782061506994069, 9129333.922797122970223 ], [ 6918084.474483877420425, 9129281.403121896088123 ], [ 6918083.48461710754782, 9129216.141585506498814 ], [ 6918088.269090863876045, 9129149.701419766992331 ], [ 6918085.699080950580537, 9129095.982175486162305 ], [ 6918090.187446084804833, 9129035.802635904401541 ], [ 6918140.447428117506206, 9128939.039274524897337 ], [ 6918149.045625139027834, 9128901.712804054841399 ], [ 6918165.03898349031806, 9128833.564858702942729 ], [ 6918222.395692841149867, 9128752.186737192794681 ], [ 6918281.177376677282155, 9128673.077387440949678 ], [ 6918355.815564144402742, 9128582.053352653980255 ], [ 6918440.012341758236289, 9128484.4105214048177 ], [ 6918477.06679795589298, 9128461.861916206777096 ], [ 6918504.212932083755732, 9128448.294417232275009 ], [ 6918537.764930142089725, 9128402.358671505004168 ], [ 6918547.059845959767699, 9128313.310024512931705 ], [ 6918590.070799156092107, 9128293.949084097519517 ], [ 6918623.924089258536696, 9128270.613192014396191 ], [ 6918645.293689225800335, 9128260.145336387678981 ], [ 6918666.65270156506449, 9128249.689446169883013 ], [ 6918718.7327641826123, 9128221.924084093421698 ], [ 6918789.571817943826318, 9128202.159930232912302 ], [ 6918815.568169990554452, 9128178.164508149027824 ], [ 6918849.338834851980209, 9128151.324892660602927 ], [ 6918887.972854126244783, 9128075.91842339001596 ], [ 6918926.027001537382603, 9128018.379554839804769 ], [ 6918940.319958550855517, 9127996.747993098571897 ], [ 6918977.099345382302999, 9127952.035683462396264 ], [ 6919013.879029344767332, 9127907.33475498482585 ], [ 6919032.6839052233845, 9127877.977852391079068 ], [ 6919035.61628738977015, 9127869.40142366476357 ], [ 6919063.032610186375678, 9127789.348880492150784 ], [ 6919098.162154427729547, 9127746.79628230445087 ], [ 6919149.283471314236522, 9127646.032094541937113 ], [ 6919194.046389889903367, 9127543.403128219768405 ], [ 6919194.755777633748949, 9127466.462944367900491 ], [ 6919205.238904844038188, 9127343.987931543961167 ], [ 6919209.361411580815911, 9127306.409045835956931 ], [ 6919226.073848305270076, 9127207.559752907603979 ], [ 6919265.014209252782166, 9127104.664048708975315 ], [ 6919287.610946631059051, 9127068.974840335547924 ], [ 6919342.500970954075456, 9127051.230814283713698 ], [ 6919400.874214746057987, 9127026.010501774027944 ], [ 6919445.533654862083495, 9127010.433512771502137 ], [ 6919483.704858937300742, 9126987.708755267783999 ], [ 6919532.700312884524465, 9126940.005856988951564 ], [ 6919564.2521768566221, 9126893.045257933437824 ], [ 6919597.910589571110904, 9126850.224516086280346 ], [ 6919625.909666482359171, 9126817.119325706735253 ], [ 6919651.888641971163452, 9126773.655904037877917 ], [ 6919660.807099121622741, 9126745.721568308770657 ], [ 6919692.833905750885606, 9126716.18178578093648 ], [ 6919715.387777093797922, 9126669.325075255706906 ], [ 6919760.824720559641719, 9126629.736600810661912 ], [ 6919795.882774534635246, 9126618.013556459918618 ], [ 6919826.274341963231564, 9126610.076011845842004 ], [ 6919861.616799183189869, 9126587.057789016515017 ], [ 6919894.775199040770531, 9126543.063726237043738 ], [ 6919923.995300845243037, 9126508.45054392889142 ], [ 6919926.08543824031949, 9126501.504229463636875 ], [ 6919922.297119235619903, 9126488.034026989713311 ], [ 6919905.632735476829112, 9126453.286030739545822 ], [ 6919903.916968416422606, 9126443.367006056010723 ], [ 6919903.949403064325452, 9126418.657213220372796 ], [ 6919908.878281452693045, 9126376.646832592785358 ], [ 6919905.087277432903647, 9126352.448529893532395 ], [ 6919926.493780642747879, 9126325.010035770013928 ], [ 6919947.899771110154688, 9126297.559925198554993 ], [ 6919957.078462403267622, 9126289.161503415554762 ], [ 6919966.69502495136112, 9126258.502072663977742 ], [ 6919975.869949186220765, 9126225.603499608114362 ], [ 6919985.960514198988676, 9126165.47148447483778 ], [ 6919996.149701714515686, 9126144.591498864814639 ], [ 6920004.070375477895141, 9126134.819757040590048 ], [ 6920061.466421868652105, 9126116.254384865984321 ], [ 6920080.131817292422056, 9126115.138156855478883 ], [ 6920115.035571655258536, 9126090.539108004420996 ], [ 6920119.091321349143982, 9126075.736941762268543 ], [ 6920119.851511827670038, 9126067.836791498586535 ], [ 6920120.108467184007168, 9126065.106822442263365 ], [ 6920124.935126109048724, 9126063.710316320881248 ], [ 6920126.179930630140007, 9126063.348092202097178 ], [ 6920141.416474610567093, 9126055.934126615524292 ], [ 6920145.002956838347018, 9126046.323910444974899 ], [ 6920145.726830564439297, 9126037.221586812287569 ], [ 6920154.419798655435443, 9126028.553024157881737 ], [ 6920166.292002934031188, 9126027.696615304797888 ], [ 6920171.424018414691091, 9126026.76239176467061 ], [ 6920179.560622510500252, 9126025.279873205348849 ], [ 6920186.0864587277174, 9126019.915259761735797 ], [ 6920222.260088244453073, 9126016.907085783779621 ], [ 6920227.223404601216316, 9126016.176340237259865 ], [ 6920234.490807411260903, 9126008.328537238761783 ], [ 6920246.98837551753968, 9125981.569289654493332 ], [ 6920247.813299905508757, 9125979.800327660515904 ], [ 6920255.154414162039757, 9125973.824424602091312 ], [ 6920276.819264249876142, 9125967.264400906860828 ], [ 6920323.918970517814159, 9125957.326701916754246 ], [ 6920370.622923486866057, 9125967.623346505686641 ], [ 6920402.570732722990215, 9125967.526751602068543 ], [ 6920414.366095263510942, 9125964.439663590863347 ], [ 6920430.274473275057971, 9125947.728334121406078 ], [ 6920433.095700387842953, 9125944.768506808206439 ], [ 6920454.050209322012961, 9125926.906397378072143 ], [ 6920465.897754203528166, 9125924.303265061229467 ], [ 6920470.868998177349567, 9125923.21337734349072 ], [ 6920479.257132549770176, 9125916.061314987018704 ], [ 6920486.379619319923222, 9125913.50818732008338 ], [ 6920493.397454561665654, 9125906.896979041397572 ], [ 6920494.941753123886883, 9125905.446432491764426 ], [ 6920500.650142647325993, 9125900.079628536477685 ], [ 6920510.199241459369659, 9125886.793516760692 ], [ 6920512.973915819078684, 9125882.932801751419902 ], [ 6920529.948728390969336, 9125880.957921152934432 ], [ 6920551.95972777530551, 9125881.223673958331347 ], [ 6920590.324940650723875, 9125881.703561371192336 ], [ 6920624.681088093668222, 9125875.457504319027066 ], [ 6920635.743818106129766, 9125874.239763813093305 ], [ 6920669.915910295210779, 9125875.095564123243093 ], [ 6920670.799897163175046, 9125875.106513222679496 ], [ 6920690.233461963944137, 9125867.420107124373317 ], [ 6920703.129189817234874, 9125861.707974456250668 ], [ 6920713.181267956271768, 9125851.098204122856259 ], [ 6920725.000696880742908, 9125839.653900071978569 ], [ 6920734.982191706076264, 9125836.222513478249311 ], [ 6920750.609080168418586, 9125839.000265659764409 ], [ 6920768.751162927597761, 9125850.392321936786175 ], [ 6920782.138534285128117, 9125850.991214193403721 ], [ 6920797.948595561087132, 9125847.766541769728065 ], [ 6920802.911527225747705, 9125846.746365005150437 ], [ 6920820.215316455811262, 9125827.895495094358921 ], [ 6920836.412962974980474, 9125817.410228548571467 ], [ 6920863.608187535777688, 9125804.054690904915333 ], [ 6920907.00538291875273, 9125771.637531891465187 ], [ 6920952.818967170082033, 9125742.526216235011816 ], [ 6920976.124017096124589, 9125732.751850632950664 ], [ 6920997.45527520775795, 9125714.931683212518692 ], [ 6921028.112085971981287, 9125702.259113378822803 ], [ 6921056.344884499907494, 9125681.327236948534846 ], [ 6921063.225705268792808, 9125659.756384855136275 ], [ 6921081.906486484222114, 9125638.581522034481168 ], [ 6921110.21359340287745, 9125604.128388162702322 ], [ 6921150.102634923532605, 9125585.553936341777444 ], [ 6921189.324840269982815, 9125523.453942004591227 ], [ 6921188.337591954506934, 9125490.010501941666007 ], [ 6921203.752530765719712, 9125477.889385968446732 ], [ 6921221.45934518519789, 9125461.151189208030701 ], [ 6921252.599359150975943, 9125429.651220435276628 ], [ 6921289.308662918396294, 9125418.11304166726768 ], [ 6921342.229775868356228, 9125382.176471991464496 ], [ 6921371.471240780316293, 9125344.54852575995028 ], [ 6921439.47387177683413, 9125343.49356291256845 ], [ 6921460.007997183129191, 9125336.56069328263402 ], [ 6921530.546795351430774, 9125342.684112368151546 ], [ 6921561.15776326879859, 9125349.58384957909584 ], [ 6921575.889437044039369, 9125352.906224250793457 ], [ 6921595.02520420588553, 9125371.283708767965436 ], [ 6921631.327819429337978, 9125376.87928250990808 ], [ 6921667.619415424764156, 9125382.475293412804604 ], [ 6921700.686043382622302, 9125379.670303063467145 ], [ 6921713.576318989507854, 9125382.788610689342022 ], [ 6921762.449882306158543, 9125413.367129003629088 ], [ 6921799.638158041983843, 9125435.536106202751398 ], [ 6921834.328689137473702, 9125456.821306306868792 ], [ 6921852.66411398164928, 9125468.066657371819019 ], [ 6921874.975130977109075, 9125483.78255814127624 ], [ 6921923.211952383629978, 9125498.495538536459208 ], [ 6921952.045871186070144, 9125515.501359084621072 ], [ 6921969.704995427280664, 9125523.880302172154188 ], [ 6921980.647162169218063, 9125525.768761415034533 ], [ 6922002.990115060470998, 9125507.571040043607354 ], [ 6922010.782178511843085, 9125506.877206474542618 ], [ 6922058.029857913032174, 9125502.671198839321733 ], [ 6922083.186069901101291, 9125503.157341331243515 ], [ 6922117.540560475550592, 9125506.400338819250464 ], [ 6922141.162111340090632, 9125520.339342389255762 ], [ 6922161.222336719743907, 9125550.671231782063842 ], [ 6922193.106357639655471, 9125561.28182583488524 ], [ 6922207.875519022345543, 9125575.633108893409371 ], [ 6922268.288348382338881, 9125642.834688352420926 ], [ 6922293.157550914213061, 9125669.085358338430524 ], [ 6922337.059740757569671, 9125702.14396315254271 ], [ 6922375.80317450966686, 9125732.376637730747461 ], [ 6922428.159735853783786, 9125788.53530059941113 ], [ 6922448.62829118128866, 9125784.695196513086557 ], [ 6922475.660489802248776, 9125792.699272101745009 ], [ 6922501.937399636954069, 9125790.51332288607955 ], [ 6922516.802977656945586, 9125792.18696603924036 ], [ 6922535.847033604048193, 9125798.994491167366505 ], [ 6922563.282900216989219, 9125799.030734686180949 ], [ 6922582.592599956318736, 9125794.091073514893651 ], [ 6922594.597652306780219, 9125789.883590692654252 ], [ 6922621.467323235236108, 9125800.486860495060682 ], [ 6922645.085303615778685, 9125831.695667676627636 ], [ 6922663.674491181969643, 9125854.413299961015582 ], [ 6922717.179275104776025, 9125883.673740020021796 ], [ 6922766.170551066286862, 9125926.749804256483912 ], [ 6922788.535337892360985, 9125944.385712340474129 ], [ 6922795.351827369071543, 9125961.521150851622224 ], [ 6922837.34578618966043, 9126001.081013163551688 ], [ 6922849.567118810489774, 9126025.882547540590167 ], [ 6922872.385017408058047, 9126044.64634981751442 ], [ 6922884.016742832027376, 9126054.216116696596146 ], [ 6923016.083582113496959, 9126108.182088909670711 ], [ 6923069.854592287912965, 9126106.099740866571665 ], [ 6923109.464369509369135, 9126099.201777938753366 ], [ 6923172.661421235650778, 9126090.526395367458463 ], [ 6923224.317795659415424, 9126104.837443321943283 ], [ 6923264.318358331918716, 9126122.971710173413157 ], [ 6923281.970583212561905, 9126130.610733162611723 ], [ 6923331.722169677726924, 9126148.991427335888147 ], [ 6923354.982942152768373, 9126135.29335654899478 ], [ 6923372.970211430452764, 9126145.546494074165821 ], [ 6923388.626648021861911, 9126165.870525021106005 ], [ 6923409.047396251931787, 9126179.857609607279301 ], [ 6923429.457119947299361, 9126193.845154261216521 ], [ 6923438.636339746415615, 9126203.397535625845194 ], [ 6923447.804075957275927, 9126212.938808066770434 ], [ 6923505.72394180111587, 9126230.078362546861172 ], [ 6923600.877472290769219, 9126270.243757385760546 ], [ 6923682.427144499495625, 9126270.996561517938972 ], [ 6923757.203923312015831, 9126268.883472952991724 ], [ 6923854.331378439441323, 9126310.926295053213835 ], [ 6924045.322741957381368, 9126270.257432321086526 ], [ 6919734.350482115522027, 9122901.793255006894469 ], [ 6915454.663481765426695, 9122785.732182882726192 ], [ 6915383.998455689288676, 9122784.42988839186728 ] ] ] } },
{ "type": "Feature", "properties": { "lv_id": "LOC_024223", "id": 103347.0, "CD_SETOR": "251550005000014", "SITUACAO": "Rural", "CD_SIT": "8", "CD_TIPO": "0", "AREA_KM2": 21.610831177758627, "CD_REGIAO": "2", "NM_REGIAO": "Nordeste", "CD_UF": "25", "NM_UF": "Paraíba", "CD_MUN": "2515500", "NM_MUN": "Serra Branca", "CD_DIST": "251550005", "NM_DIST": "Serra Branca", "CD_SUBDIST": "25155000500", "NM_SUBDIST": null, "CD_BAIRRO": null, "NM_BAIRRO": null, "CD_NU": null, "NM_NU": null, "CD_FCU": null, "NM_FCU": null, "CD_AGLOM": null, "NM_AGLOM": null, "CD_RGINT": "2502", "NM_RGINT": "Campina Grande", "CD_RGI": "250008", "NM_RGI": "Sumé", "CD_CONCURB": null, "NM_CONCURB": null, "mun_code_x": "2515500", "index_right": 49222, "dist_m": 9278.0018860947021, "local_id": 250019, "ano": 2022, "cod_localidade_ibge": 2515500, "NR_ZONA": "58", "nr_cep": 58580000.0, "nm_localidade": "SERRA BRANCA", "nm_locvot": "ESC.EST. DE E.F.M.MARIA BALBINA PEREIRA", "ds_endereco": "RUA MARIA BALBINA PEREIRA - S/N -", "ds_bairro": "DISTRITO DE SANTA LUZIA", "pred_long": -36.81649, "pred_lat": -7.603988, "pred_dist": 0.0, "tse_long": -36.816472, "tse_lat": -7.6039636, "long": -36.816472, "lat": -7.6039636, "ID_UNICO": "LOC_024223", "SG_UF": "PB", "CD_MUNICIPIO": "22110", "NR_LOCAL_VOTACAO": "1341", "QT_SECOES_AGREGADAS": 0, "QT_ELEITORES_TRANSFERIDOS": 0, "CIRO GOMES (PDT) (NÃO ELEITO) 1T": 22.0, "CONSTITUINTE EYMAEL (DC) (NÃO ELEITO) 1T": 0.0, "FELIPE D AVILA (NOVO) (NÃO ELEITO) 1T": 3.0, "JAIR BOLSONARO (PL) (2º TURNO) 1T": 184.0, "LULA (PT) (2º TURNO) 1T": 399.0, "LÉO PÉRICLES (UP) (NÃO ELEITO) 1T": 0.0, "PADRE KELMON (PTB) (NÃO ELEITO) 1T": 0.0, "SIMONE TEBET (MDB) (NÃO ELEITO) 1T": 11.0, "SOFIA MANZANO (PCB) (NÃO ELEITO) 1T": 0.0, "SORAYA THRONICKE (UNIÃO) (NÃO ELEITO) 1T": 2.0, "VERA (PSTU) (NÃO ELEITO) 1T": 0.0, "Total_Votos_Validos 1T": 621.0, "Votos_Brancos 1T": 14.0, "Votos_Nulos 1T": 32.0, "Abstenções 1T": 111.0, "Eleitores_Aptos 1T": 778.0, "JAIR BOLSONARO (PL) (NÃO ELEITO) 2T": 198.0, "LULA (PT) (ELEITO) 2T": 397.0, "Total_Votos_Validos 2T": 595.0, "Votos_Brancos 2T": 22.0, "Votos_Nulos 2T": 46.0, "Abstenções 2T": 115.0, "Eleitores_Aptos 2T": 778.0, "mun_code_y": "2515500", "mun_code": "2515500" }, "geometry": { "type": "MultiPolygon", "coordinates": [ [ [ [ 6904539.137649847194552, 9126457.85753089748323 ], [ 6904739.34634356200695, 9126149.853562843054533 ], [ 6904608.945857814513147, 9126065.363199530169368 ], [ 6904365.739530586637557, 9126218.159467270597816 ], [ 6904061.336878021247685, 9126199.757559796795249 ], [ 6903767.03659267257899, 9126469.857782784849405 ], [ 6903410.132859189994633, 9126530.166814656928182 ], [ 6903030.834962299093604, 9126475.764271937310696 ], [ 6902947.131210261955857, 9126449.765733199194074 ], [ 6902986.234629102051258, 9126246.065076244994998 ], [ 6903098.229753008112311, 9126020.65923903696239 ], [ 6903083.42965405061841, 9125857.567340020090342 ], [ 6902906.436300907284021, 9125795.963780706748366 ], [ 6902605.732929918915033, 9126153.159502793103456 ], [ 6902304.728086086921394, 9126230.76833676174283 ], [ 6902000.334060147404671, 9126212.264338670298457 ], [ 6901693.427848383784294, 9126116.962273005396128 ], [ 6901159.722139372490346, 9125576.560948073863983 ], [ 6900942.620513448491693, 9125420.263363722711802 ], [ 6900699.021983150392771, 9125293.867518989369273 ], [ 6900682.222372150048614, 9125072.76897794008255 ], [ 6900737.720557766966522, 9124810.86610721424222 ], [ 6900719.624253463931382, 9124551.360521275550127 ], [ 6900554.518308943137527, 9124296.866804828867316 ], [ 6900336.818068992346525, 9124121.366951338946819 ], [ 6900047.612123785540462, 9124006.068961022421718 ], [ 6900051.210372853092849, 9123842.258018692955375 ], [ 6900073.01353220269084, 9123677.759057777002454 ], [ 6900185.419740957207978, 9123461.966704431921244 ], [ 6900293.01499442383647, 9123101.655476933345199 ], [ 6900391.512527819722891, 9122285.862041797488928 ], [ 6900483.81155573669821, 9121968.353187188506126 ], [ 6900592.611917836591601, 9121646.553847847506404 ], [ 6900778.711408806964755, 9121437.951080812141299 ], [ 6901304.712120218202472, 9121207.851838126778603 ], [ 6901454.614286985248327, 9121019.757790749892592 ], [ 6901547.418391728773713, 9120775.656392022967339 ], [ 6901490.613177873194218, 9120459.752827698364854 ], [ 6901379.21273341961205, 9120165.049628593027592 ], [ 6901250.113226228393614, 9119890.146061643958092 ], [ 6901083.615611560642719, 9119597.149304399266839 ], [ 6900994.407144511118531, 9119417.35114430822432 ], [ 6900942.312743317335844, 9119236.153873873874545 ], [ 6900984.009941798634827, 9119109.850016625598073 ], [ 6901049.411097011528909, 9118961.843210116028786 ], [ 6901067.311942873522639, 9118812.043643308803439 ], [ 6900930.207102863118052, 9118631.143509151414037 ], [ 6900746.008591055870056, 9118435.753105852752924 ], [ 6900729.007387172430754, 9118170.04212811216712 ], [ 6900744.811508078128099, 9117951.446407860144973 ], [ 6900839.111671524122357, 9117778.739799845963717 ], [ 6901057.806745029054582, 9117634.139587761834264 ], [ 6901324.10800208710134, 9117536.13986237719655 ], [ 6901541.10766014829278, 9117343.044657530263066 ], [ 6901647.406690021976829, 9117073.036984091624618 ], [ 6901689.91409249138087, 9116740.743264019489288 ], [ 6901596.607329996302724, 9116493.746283454820514 ], [ 6901467.007201753556728, 9116086.639543613418937 ], [ 6901051.202181529253721, 9115213.443168215453625 ], [ 6900834.395978522486985, 9114602.440507911145687 ], [ 6900568.601451391354203, 9114262.534579306840897 ], [ 6899726.696709387004375, 9114263.83647508919239 ], [ 6898831.796087662689388, 9114354.337345415726304 ], [ 6898138.090110935270786, 9114362.237725660204887 ], [ 6897596.174363208934665, 9114369.272738143801689 ], [ 6897721.471607897430658, 9114445.471844289451838 ], [ 6897768.628568387590349, 9114524.802505886182189 ], [ 6897845.087644644081593, 9114602.947896147146821 ], [ 6897926.230801098048687, 9114675.84203808568418 ], [ 6898032.87363351508975, 9114651.266975244507194 ], [ 6898122.182946789078414, 9114683.217907538637519 ], [ 6898169.339924424886703, 9114762.550162864848971 ], [ 6898172.100663049146533, 9114765.353131756186485 ], [ 6898250.88356735277921, 9114845.58075450360775 ], [ 6898308.608416071161628, 9114944.79300831258297 ], [ 6898316.493803749792278, 9115020.612130111083388 ], [ 6898407.004465834237635, 9115082.982079274952412 ], [ 6898450.077287973836064, 9115182.782285116612911 ], [ 6898577.257389156147838, 9115182.764182586222887 ], [ 6898780.497044550254941, 9115250.771491071209311 ], [ 6897683.182837258093059, 9116367.065288856625557 ], [ 6897107.688324741087854, 9116952.407809600234032 ], [ 6896887.468897276557982, 9117113.312746848911047 ], [ 6896850.294521849602461, 9117287.380547838285565 ], [ 6896750.324224937707186, 9117606.084908109158278 ], [ 6896679.554532412439585, 9117796.728207305073738 ], [ 6896632.406378619372845, 9117966.126944785937667 ], [ 6896602.206931361928582, 9118233.84487522020936 ], [ 6894989.4432337814942, 9120871.349621606990695 ], [ 6894576.508254985325038, 9121550.991519493982196 ], [ 6894388.420695608481765, 9121370.033193679526448 ], [ 6894220.959325940348208, 9121341.145250106230378 ], [ 6894106.110663142986596, 9121406.621686518192291 ], [ 6893967.631168780848384, 9121493.321570612490177 ], [ 6893892.253921411931515, 9121567.379194540902972 ], [ 6893856.150180648081005, 9121644.941359758377075 ], [ 6893744.073222067207098, 9121781.359386347234249 ], [ 6893607.701884371228516, 9121796.9164172206074 ], [ 6893498.855269839055836, 9121765.711276363581419 ], [ 6893421.29661675542593, 9121784.010098289698362 ], [ 6893385.587742771953344, 9121871.714701123535633 ], [ 6893276.213373236358166, 9121952.178804110735655 ], [ 6893204.92511439230293, 9122005.760293554514647 ], [ 6893179.776258340105414, 9122113.354105884209275 ], [ 6893128.61944991350174, 9122181.360063975676894 ], [ 6893011.587083010934293, 9122191.072038810700178 ], [ 6892905.313830714672804, 9122225.740575596690178 ], [ 6892854.156195508316159, 9122293.745192045345902 ], [ 6892790.719458229839802, 9122423.150589300319552 ], [ 6892806.626504456624389, 9122528.47983474470675 ], [ 6893679.006950759328902, 9126198.525773292407393 ], [ 6894134.94151640124619, 9128117.525261111557484 ], [ 6893977.061777261085808, 9128171.608512375503778 ], [ 6893906.443774776533246, 9128236.78535021841526 ], [ 6893886.600816186517477, 9128255.101793935522437 ], [ 6893897.864722914993763, 9128384.283323949202895 ], [ 6893947.04682720080018, 9128524.930613880977035 ], [ 6893983.220525328069925, 9128586.782339056953788 ], [ 6894027.330996599048376, 9128662.193048376590014 ], [ 6893979.791904816403985, 9128778.569454332813621 ], [ 6894825.998394127003849, 9128991.884223096072674 ], [ 6895251.110689777880907, 9128988.286650203168392 ], [ 6895659.11047010589391, 9129093.585281791165471 ], [ 6896617.111951556056738, 9129820.487547162920237 ], [ 6898477.620131461881101, 9130863.98211058601737 ], [ 6899032.129806919023395, 9131007.884631911292672 ], [ 6899078.376714269630611, 9131013.892806651070714 ], [ 6899230.027571338228881, 9131033.583037849515676 ], [ 6899436.927143301814795, 9130711.880114991217852 ], [ 6899613.423768647946417, 9130109.076769245788455 ], [ 6899686.420926431193948, 9129509.683107385411859 ], [ 6899677.225698734633625, 9128934.674023907631636 ], [ 6899727.824697710573673, 9128418.781241426244378 ], [ 6899935.923035438172519, 9127784.775635803118348 ], [ 6902016.227453443221748, 9127580.664640873670578 ], [ 6902967.23957561980933, 9127269.067528756335378 ], [ 6903121.412579547613859, 9127195.291521204635501 ], [ 6903755.639227190054953, 9126891.764735098928213 ], [ 6904539.137649847194552, 9126457.85753089748323 ] ] ], [ [ [ 6895674.877611538395286, 9130764.000609101727605 ], [ 6895609.285675782710314, 9130720.475813221186399 ], [ 6895536.801445269025862, 9130676.089086037129164 ], [ 6895524.594913846813142, 9130668.626900687813759 ], [ 6895510.677569400519133, 9130654.064733128994703 ], [ 6895490.646125109866261, 9130640.482619803398848 ], [ 6895467.063746017403901, 9130628.184464996680617 ], [ 6895449.502287753857672, 9130620.770850818604231 ], [ 6895367.464452043175697, 9130601.486576221883297 ], [ 6895281.372267010621727, 9130569.34518170543015 ], [ 6895261.149336757138371, 9130559.943841692060232 ], [ 6895242.912259299308062, 9130545.921471966430545 ], [ 6895222.570939524099231, 9130524.051730934530497 ], [ 6895211.604398374445736, 9130511.246546003967524 ], [ 6895197.734618096612394, 9130498.197076588869095 ], [ 6895178.708688735030591, 9130491.754335638135672 ], [ 6895148.293925730511546, 9130489.550649341195822 ], [ 6895118.12597827706486, 9130484.308590708300471 ], [ 6895091.436547670513391, 9130475.912771182134748 ], [ 6895067.956623162142932, 9130466.258013550192118 ], [ 6895034.939847648143768, 9130461.890826376155019 ], [ 6895016.864557029679418, 9130461.4565095230937 ], [ 6894990.43470760434866, 9130459.477720700204372 ], [ 6894954.047526441514492, 9130452.214276354759932 ], [ 6894941.594247311353683, 9130447.790623895823956 ], [ 6894910.929735463112593, 9130429.725260425359011 ], [ 6894892.606378622353077, 9130422.885058553889394 ], [ 6894875.564782541245222, 9130420.90736747905612 ], [ 6894853.428491843864322, 9130417.996969634667039 ], [ 6894823.948383448645473, 9130411.976528827100992 ], [ 6894794.729851540178061, 9130403.298659220337868 ], [ 6894785.417474339716136, 9130404.1153095792979 ], [ 6894772.158036376349628, 9130407.965355478227139 ], [ 6894743.334584465250373, 9130427.743256587535143 ], [ 6894734.178468917496502, 9130434.021435713395476 ], [ 6894720.922008060850203, 9130436.807843737304211 ], [ 6894689.512923212721944, 9130427.464605111628771 ], [ 6894664.2387704718858, 9130418.250297851860523 ], [ 6894627.851661912165582, 9130410.986822785809636 ], [ 6894543.718526932410896, 9130382.930621249601245 ], [ 6894510.468104468658566, 9130372.526937460526824 ], [ 6894462.926352147012949, 9130357.008932374417782 ], [ 6894416.756455698050559, 9130339.55288272537291 ], [ 6894416.090745675377548, 9130339.474996691569686 ], [ 6894400.067805536091328, 9130337.561296287924051 ], [ 6894384.355500580742955, 9130341.958390539512038 ], [ 6894362.470143349841237, 9130364.353178007528186 ], [ 6894348.481209411285818, 9130385.304950598627329 ], [ 6894327.48611228261143, 9130421.2816261369735 ], [ 6894321.379973503760993, 9130449.853467894718051 ], [ 6894320.931319770403206, 9130494.467152822762728 ], [ 6894314.388313231989741, 9130521.171938622370362 ], [ 6894314.125649515539408, 9130542.347457779571414 ], [ 6894314.925936326384544, 9130571.295369192957878 ], [ 6894315.032389186322689, 9130575.186696236953139 ], [ 6894308.053621520288289, 9130581.506277913227677 ], [ 6894294.589193470776081, 9130578.636525535956025 ], [ 6894271.094690663740039, 9130568.600803904235363 ], [ 6894235.832137105986476, 9130562.425623446702957 ], [ 6894216.878528814762831, 9130548.431722402572632 ], [ 6894206.075781915336847, 9130545.272518023848534 ], [ 6894189.429723719134927, 9130548.376714691519737 ], [ 6894095.995686210691929, 9130522.569283360615373 ], [ 6894078.210433911532164, 9130510.795195370912552 ], [ 6894075.064749533310533, 9130509.993972174823284 ], [ 6894070.557545356452465, 9130508.830076832324266 ], [ 6894050.001039551571012, 9130509.637229608371854 ], [ 6894019.028831901028752, 9130502.160810282453895 ], [ 6893944.518369570374489, 9130480.153237044811249 ], [ 6893922.382131228223443, 9130477.242547363042831 ], [ 6893878.766914146021008, 9130460.437288491055369 ], [ 6893859.916744947433472, 9130458.530374251306057 ], [ 6893828.359873212873936, 9130453.354091499000788 ], [ 6893393.33658645581454, 9130347.827438771724701 ], [ 6892953.146989275701344, 9130248.041106004267931 ], [ 6892885.73199955932796, 9130236.412602938711643 ], [ 6892852.990728693082929, 9130245.71953141130507 ], [ 6892818.030646328814328, 9130238.503818955272436 ], [ 6892739.766793416813016, 9130204.253368474543095 ], [ 6892717.101014489308, 9130177.379482617601752 ], [ 6892654.938624591566622, 9130121.102413272485137 ], [ 6892609.818436980247498, 9130119.33674194291234 ], [ 6892529.832127281464636, 9130088.806835539638996 ], [ 6892503.351292861625552, 9130072.658961249515414 ], [ 6892487.485207071527839, 9130072.796336032450199 ], [ 6892448.07389029674232, 9130044.453403569757938 ], [ 6892383.72634735237807, 9130032.739466167986393 ], [ 6892305.388919673860073, 9130037.964389260858297 ], [ 6892251.409058721736073, 9130027.588731622323394 ], [ 6892195.80679146014154, 9130036.937366297468543 ], [ 6892163.650293798185885, 9130028.814242102205753 ], [ 6892139.358159581199288, 9130016.706921733915806 ], [ 6892109.723762776702642, 9130009.825575260445476 ], [ 6892094.373947946354747, 9129996.188349414616823 ], [ 6892075.968089035712183, 9129974.360744617879391 ], [ 6892054.502624386921525, 9129961.090747009962797 ], [ 6892026.810664653778076, 9129944.18162290006876 ], [ 6892011.277152832597494, 9129943.207877358421683 ], [ 6891999.103084868751466, 9129947.419019808992743 ], [ 6891985.06994853541255, 9129967.237286705523729 ], [ 6891981.916142432950437, 9129985.634515581652522 ], [ 6891911.609448980540037, 9130362.911453533917665 ], [ 6891894.40249465033412, 9130369.504242343828082 ], [ 6891880.487686310894787, 9130365.265074132010341 ], [ 6891856.058235384523869, 9130355.601569522172213 ], [ 6891766.027970179915428, 9130337.230930341407657 ], [ 6891694.006054638884962, 9130327.562063533812761 ], [ 6891636.849180269986391, 9130290.726733598858118 ], [ 6891607.9905218295753, 9130233.364042764529586 ], [ 6891573.188287254422903, 9130182.533740032464266 ], [ 6891555.933605764061213, 9130167.330099089071155 ], [ 6891540.354164592921734, 9130156.603011885657907 ], [ 6891529.495529896579683, 9130147.424407789483666 ], [ 6891522.438245886936784, 9130141.43690418638289 ], [ 6891514.264578954316676, 9130135.712803658097982 ], [ 6891500.231804211623967, 9130119.284812152385712 ], [ 6891490.958875168114901, 9130111.696799093857408 ], [ 6891472.199363457970321, 9130102.990025997161865 ], [ 6891448.632273389026523, 9130091.062313079833984 ], [ 6891426.711705483496189, 9130085.438394963741302 ], [ 6891410.201298116706312, 9130086.906776465475559 ], [ 6891365.651246556080878, 9130101.876789085566998 ], [ 6891312.735296352766454, 9130115.290987402200699 ], [ 6891256.769993528723717, 9130134.106596169993281 ], [ 6891209.912386538460851, 9130145.387426981702447 ], [ 6891196.172464380040765, 9130154.236420929431915 ], [ 6891114.415368987247348, 9130224.697636945173144 ], [ 6891096.574071606621146, 9130230.309422506019473 ], [ 6891078.001663527451456, 9130235.580022819340229 ], [ 6891004.365931047126651, 9130264.149090239778161 ], [ 6890968.808080997318029, 9130287.456827852874994 ], [ 6890956.879745118319988, 9130287.173370199277997 ], [ 6890937.619462419301271, 9130293.222062779590487 ], [ 6890917.601872341707349, 9130298.537635546177626 ], [ 6890909.586536528542638, 9130298.620805250480771 ], [ 6890904.24312805198133, 9130298.680097768083215 ], [ 6890872.849596939049661, 9130289.717410031706095 ], [ 6890852.49193736538291, 9130283.951034979894757 ], [ 6890829.396131379529834, 9130277.066938949748874 ], [ 6890809.66874080710113, 9130271.033148039132357 ], [ 6890798.864886924624443, 9130271.838210431858897 ], [ 6890793.009743168950081, 9130269.802540039643645 ], [ 6890786.11445888876915, 9130266.859941869974136 ], [ 6890785.38870064355433, 9130259.514706602320075 ], [ 6890792.017975229769945, 9130244.149065237492323 ], [ 6890812.755865960381925, 9130170.049511885270476 ], [ 6890811.515966316685081, 9130160.262679558247328 ], [ 6890799.790343293920159, 9130146.368102045729756 ], [ 6890778.26909130718559, 9130140.78617762029171 ], [ 6890733.808282987214625, 9130139.501830646768212 ], [ 6890679.999809628352523, 9130138.977005004882812 ], [ 6890634.298673501238227, 9130143.034541573375463 ], [ 6890562.73590075597167, 9130150.371452298015356 ], [ 6890512.449975305236876, 9130157.255277989432216 ], [ 6890462.076597968116403, 9130161.877217520028353 ], [ 6890444.758812179788947, 9130162.174898728728294 ], [ 6890365.444297690875828, 9130155.842627646401525 ], [ 6890325.146365595981479, 9130150.245668590068817 ], [ 6890307.871776096522808, 9130142.231947291642427 ], [ 6890284.537762930616736, 9130126.897381860762835 ], [ 6890235.569222873076797, 9130083.859830629080534 ], [ 6890173.214362295344472, 9130018.822359537705779 ], [ 6890123.669838020578027, 9129953.745103362947702 ], [ 6890097.349664196372032, 9129917.736557018011808 ], [ 6890073.152657552622259, 9129879.795671669766307 ], [ 6890050.654422177001834, 9129848.942101333290339 ], [ 6890037.090849507600069, 9129834.357321463525295 ], [ 6890028.075379310175776, 9129827.996211742982268 ], [ 6889975.816707722842693, 9129749.573651326820254 ], [ 6889947.924065636470914, 9129713.176460141316056 ], [ 6889822.781769901514053, 9129576.788615582510829 ], [ 6889560.646649392321706, 9129294.900945197790861 ], [ 6889150.252830915153027, 9129318.651558926329017 ], [ 6892456.143482635729015, 9133757.789689829573035 ], [ 6893579.386170404031873, 9134388.843235816806555 ], [ 6894704.844625649042428, 9135003.484232848510146 ], [ 6901551.086858329363167, 9138743.14939303509891 ], [ 6901597.855299418792129, 9138730.431673817336559 ], [ 6901617.582858853042126, 9138709.137325797230005 ], [ 6901649.175591668114066, 9138614.948914675042033 ], [ 6901676.996146014891565, 9138546.184309810400009 ], [ 6901707.758705398999155, 9138496.464651219546795 ], [ 6901708.838794756680727, 9138409.43346269801259 ], [ 6901709.60462056286633, 9138402.639158854261041 ], [ 6901717.995097388513386, 9138328.180604120716453 ], [ 6901717.041807156987488, 9138275.293596962466836 ], [ 6901718.710033861920238, 9138256.646567590534687 ], [ 6901718.812532680109143, 9138255.578760612756014 ], [ 6901743.431225772947073, 9138180.867823598906398 ], [ 6901751.314411554485559, 9138143.176395514979959 ], [ 6901752.024182997643948, 9138086.443194318562746 ], [ 6901753.929388111457229, 9138061.04556181281805 ], [ 6901757.570249607786536, 9138043.142394037917256 ], [ 6901759.791426910087466, 9138025.664700672030449 ], [ 6901760.718463830649853, 9137984.047525253146887 ], [ 6901758.329426180571318, 9137950.122178507968783 ], [ 6901751.853064461611211, 9137913.326997371390462 ], [ 6901742.002874451689422, 9137882.722727438434958 ], [ 6901725.710877876728773, 9137844.044753726571798 ], [ 6901720.402442445978522, 9137832.700640285387635 ], [ 6901718.236068881116807, 9137828.079109504818916 ], [ 6901713.224292653612792, 9137763.637242736294866 ], [ 6901712.422452289611101, 9137734.217372538521886 ], [ 6901712.367038284428418, 9137731.918481985107064 ], [ 6901709.082005141302943, 9137726.646891936659813 ], [ 6901691.197950964793563, 9137697.975542409345508 ], [ 6901669.010148281231523, 9137647.051624897867441 ], [ 6901658.166084337979555, 9137609.294173385947943 ], [ 6901657.548728450201452, 9137599.004043268039823 ], [ 6901656.184125445783138, 9137576.486265081912279 ], [ 6901666.194154260680079, 9137545.857580799609423 ], [ 6901724.608907751739025, 9137440.385142588987947 ], [ 6901729.872234941460192, 9137417.874141898006201 ], [ 6901728.63675476051867, 9137366.894423300400376 ], [ 6901730.318504760041833, 9137354.352073097601533 ], [ 6901736.208252910524607, 9137319.72152728959918 ], [ 6901748.655992161482573, 9137296.17796971835196 ], [ 6901768.710495943203568, 9137263.64147137477994 ], [ 6901779.359885941259563, 9137249.615245494991541 ], [ 6901789.337126816622913, 9137208.407195828855038 ], [ 6901790.892265763133764, 9137164.498913835734129 ], [ 6901784.235890356823802, 9137151.149393662810326 ], [ 6901766.890542303211987, 9137132.170373380184174 ], [ 6901753.981800371780992, 9137115.665828632190824 ], [ 6901732.196735544130206, 9137082.383452737703919 ], [ 6901728.652115011587739, 9137076.971780844032764 ], [ 6901728.273403707891703, 9137075.171181928366423 ], [ 6901723.804481660947204, 9137054.092945259064436 ], [ 6901714.520780854858458, 9137038.209854882210493 ], [ 6901700.433021297678351, 9137000.579452676698565 ], [ 6901700.907195876352489, 9136947.266537394374609 ], [ 6901698.909266001544893, 9136923.52468110434711 ], [ 6901680.254302425310016, 9136880.037083499133587 ], [ 6901678.227114399895072, 9136864.991847226396203 ], [ 6901696.981787228025496, 9136826.839975919574499 ], [ 6901703.429688292555511, 9136796.10736395418644 ], [ 6901705.909462391398847, 9136786.794547690078616 ], [ 6901714.136006290093064, 9136774.400809958577156 ], [ 6901733.209232212044299, 9136745.660268314182758 ], [ 6901756.210805087350309, 9136714.522717429324985 ], [ 6901790.810120670124888, 9136667.899177143350244 ], [ 6901799.414475328288972, 9136654.993331387639046 ], [ 6901811.861304628662765, 9136631.449314607307315 ], [ 6901820.69806401617825, 9136617.123635357245803 ], [ 6901833.814445427618921, 9136592.038588058203459 ], [ 6901837.060697958804667, 9136563.940191874280572 ], [ 6901848.163945129141212, 9136505.28496590256691 ], [ 6901851.588075673207641, 9136453.740960402414203 ], [ 6901857.083274349570274, 9136418.373733630403876 ], [ 6901866.709424732252955, 9136387.007542088627815 ], [ 6901875.472468718886375, 9136361.329518565908074 ], [ 6901873.76885480247438, 9136317.178465504199266 ], [ 6901874.881904215551913, 9136299.362227164208889 ], [ 6901881.356165178120136, 9136270.767318103462458 ], [ 6901896.065668420866132, 9136221.429309519007802 ], [ 6901900.592236077412963, 9136198.183435214683414 ], [ 6901902.33818157762289, 9136150.11608418263495 ], [ 6901905.68226981908083, 9136133.727233186364174 ], [ 6901911.363258356228471, 9136121.791225582361221 ], [ 6901917.717037419788539, 9136108.684105107560754 ], [ 6901922.3786078710109, 9136089.225636074319482 ], [ 6901921.268055674619973, 9136069.611600827425718 ], [ 6901920.703378994017839, 9136045.824983948841691 ], [ 6901918.500341045670211, 9136033.966419789940119 ], [ 6901876.892482861876488, 9136052.073384657502174 ], [ 6901866.15679429564625, 9136063.837300037965178 ], [ 6901844.965349281206727, 9136094.904902713373303 ], [ 6901820.283312604762614, 9136110.232842359691858 ], [ 6901796.35072523355484, 9136117.217465214431286 ], [ 6901771.013944242149591, 9136119.874601585790515 ], [ 6901708.965318106114864, 9136117.23934923671186 ], [ 6901611.913384966552258, 9136100.630261059850454 ], [ 6901530.794499896466732, 9136075.835138598456979 ], [ 6901503.40046570636332, 9136077.277660168707371 ], [ 6901391.653323186561465, 9136091.481036510318518 ], [ 6901337.532494019716978, 9136111.371964175254107 ], [ 6901289.441551543772221, 9136128.367237653583288 ], [ 6901278.621606103144586, 9136128.790776297450066 ], [ 6901268.093021389096975, 9136127.318154605105519 ], [ 6901259.726112904958427, 9136125.471843581646681 ], [ 6901259.347545908764005, 9136125.394159005954862 ], [ 6901258.768773331306875, 9136125.567132087424397 ], [ 6901233.293081801384687, 9136133.213001294061542 ], [ 6901199.763379658572376, 9136134.525445573031902 ], [ 6901171.352063735947013, 9136133.937785122543573 ], [ 6901139.789577363990247, 9136124.396629257127643 ], [ 6901126.396997531875968, 9136123.417668649926782 ], [ 6901108.203350510448217, 9136129.413999473676085 ], [ 6901096.783191525377333, 9136132.890449821949005 ], [ 6901087.130950228311121, 9136131.799766376614571 ], [ 6901071.198014745488763, 9136124.815064638853073 ], [ 6901047.327116204425693, 9136095.894264930859208 ], [ 6901009.520491065457463, 9136061.078528726473451 ], [ 6901005.229592418298125, 9136052.932856319472194 ], [ 6900998.834880108945072, 9136027.479142881929874 ], [ 6900988.673542398959398, 9136016.915399489924312 ], [ 6900976.092122274450958, 9136010.620548503473401 ], [ 6900936.728826425969601, 9136018.197108410298824 ], [ 6900916.155175933614373, 9136018.620844094082713 ], [ 6900910.316055566072464, 9136016.155288187786937 ], [ 6900749.947371172718704, 9135940.834747539833188 ], [ 6900736.048463995568454, 9135927.018007891252637 ], [ 6900699.585603876970708, 9135908.418833112344146 ], [ 6900686.600904274731874, 9135903.122671097517014 ], [ 6900680.136574142612517, 9135900.485057162120938 ], [ 6900598.380474139936268, 9135868.893472915515304 ], [ 6900503.607442735694349, 9135817.426835794001818 ], [ 6900459.199772894382477, 9135808.203869240358472 ], [ 6900423.643206994980574, 9135803.93005477450788 ], [ 6900398.778671056963503, 9135795.919296002015471 ], [ 6900378.667573105543852, 9135789.433723006397486 ], [ 6900366.049910400994122, 9135789.927611434832215 ], [ 6900362.446958614513278, 9135790.450200030580163 ], [ 6900347.736910749226809, 9135792.540661800652742 ], [ 6900336.564053922891617, 9135802.424483299255371 ], [ 6900325.904540067538619, 9135807.004177996888757 ], [ 6900318.327321959659457, 9135807.300756959244609 ], [ 6900307.667416740208864, 9135802.42241320386529 ], [ 6900277.116472726687789, 9135777.579700488597155 ], [ 6900226.508540991693735, 9135756.528318909928203 ], [ 6900140.290905611589551, 9135696.899868223816156 ], [ 6900090.225098451599479, 9135679.018655287101865 ], [ 6900039.306654166430235, 9135650.776380447670817 ], [ 6900020.30905875377357, 9135635.645020389929414 ], [ 6900012.872614073567092, 9135626.420373436063528 ], [ 6899964.340123608708382, 9135557.81362447142601 ], [ 6899953.61968176625669, 9135550.220662359148264 ], [ 6899934.192492741160095, 9135543.708519397303462 ], [ 6899904.520946642383933, 9135535.643390757963061 ], [ 6899890.19893208052963, 9135535.764667328447104 ], [ 6899800.686777727678418, 9135512.987809581682086 ], [ 6899769.432265428826213, 9135497.677405443042517 ], [ 6899727.171998599544168, 9135469.096752794459462 ], [ 6899676.562560066580772, 9135430.252149317413568 ], [ 6899592.631242418661714, 9135370.038964537903666 ], [ 6899579.562410839833319, 9135358.838236873969436 ], [ 6899547.965248692780733, 9135335.505901051685214 ], [ 6899525.816069569438696, 9135313.699908280745149 ], [ 6899497.211551051586866, 9135288.342777142301202 ], [ 6899481.102608281187713, 9135280.799107411876321 ], [ 6899443.897663215175271, 9135258.703927040100098 ], [ 6899431.105057865381241, 9135254.660902110859752 ], [ 6899424.565683512017131, 9135255.229086941108108 ], [ 6899414.91036366019398, 9135256.058000424876809 ], [ 6899370.343266729265451, 9135271.029574774205685 ], [ 6899327.264642844907939, 9135277.629782708361745 ], [ 6899273.202220471575856, 9135280.116081727668643 ], [ 6899261.54761129617691, 9135278.942080723121762 ], [ 6899248.917078442871571, 9135277.667538849636912 ], [ 6899234.185137026011944, 9135279.758819293230772 ], [ 6899230.97637624759227, 9135280.763124920427799 ], [ 6899221.698576177470386, 9135283.646779524162412 ], [ 6899214.718380361795425, 9135289.966853179037571 ], [ 6899175.075860302895308, 9135357.282193034887314 ], [ 6899159.114065843634307, 9135364.716836391016841 ], [ 6899113.288801396265626, 9135370.846048666164279 ], [ 6899076.604796919971704, 9135392.884834891185164 ], [ 6899067.111738389357924, 9135394.770948059856892 ], [ 6899047.458546507172287, 9135392.418422808870673 ], [ 6899045.705223702825606, 9135392.209558723494411 ], [ 6899044.827776152640581, 9135392.371077552437782 ], [ 6899023.479702696204185, 9135396.478517565876245 ], [ 6899001.705432236194611, 9135402.995897017419338 ], [ 6898990.798370007425547, 9135401.156642336398363 ], [ 6898967.885137234814465, 9135387.312161147594452 ], [ 6898938.439344555139542, 9135335.558215769007802 ], [ 6898914.67066749278456, 9135299.826353453099728 ], [ 6898892.419402180239558, 9135265.91971830278635 ], [ 6898876.664813051000237, 9135231.770423300564289 ], [ 6898869.542322807013988, 9135215.793509587645531 ], [ 6898843.655524059198797, 9135171.831938441842794 ], [ 6898830.411761428229511, 9135156.094665201380849 ], [ 6898815.621555073186755, 9135147.227739483118057 ], [ 6898787.059402101673186, 9135142.715225903317332 ], [ 6898735.818479814566672, 9135128.430615590885282 ], [ 6898705.692074387334287, 9135124.314617080613971 ], [ 6898605.709181434474885, 9135106.688906187191606 ], [ 6898552.644349677488208, 9135088.35983651317656 ], [ 6898381.385273990221322, 9135048.192774347960949 ], [ 6898303.089301032945514, 9135031.232867110520601 ], [ 6898247.320560190826654, 9135017.541825195774436 ], [ 6898160.482714826241136, 9134985.031048433855176 ], [ 6898132.241586906835437, 9134973.661723766475916 ], [ 6898117.524529868736863, 9134966.688209146261215 ], [ 6898114.368882779031992, 9134959.620608756318688 ], [ 6898113.771989679895341, 9134953.597429614514112 ], [ 6898116.607063953764737, 9134942.907912394031882 ], [ 6898135.199937631376088, 9134900.605859285220504 ], [ 6898143.846578792668879, 9134871.919159039855003 ], [ 6898168.811425728723407, 9134817.274431804195046 ], [ 6898180.041975644417107, 9134780.555438397452235 ], [ 6898188.251839132979512, 9134759.446812028065324 ], [ 6898188.604768647812307, 9134749.98740716278553 ], [ 6898186.970600518397987, 9134735.69224026799202 ], [ 6898188.531685020774603, 9134729.20303700119257 ], [ 6898192.665780087932944, 9134724.127629902213812 ], [ 6898203.22343585640192, 9134716.916238835081458 ], [ 6898208.670918371528387, 9134708.378814969211817 ], [ 6898215.770870896987617, 9134686.562096279114485 ], [ 6898225.370688152499497, 9134654.820352755486965 ], [ 6898253.133422906510532, 9134597.418007796630263 ], [ 6898256.142856769263744, 9134581.807960992679 ], [ 6898254.260905848816037, 9134570.539973495528102 ], [ 6898246.523374278098345, 9134557.235262971371412 ], [ 6898215.599504076875746, 9134513.854162715375423 ], [ 6898206.548038669861853, 9134494.554371643811464 ], [ 6898177.202175506390631, 9134417.08667946793139 ], [ 6898166.819084883667529, 9134409.932229992002249 ], [ 6898149.808831273578107, 9134399.638312786817551 ], [ 6898113.772363217547536, 9134382.910003075376153 ], [ 6898097.300626795738935, 9134367.681485690176487 ], [ 6898088.791286935098469, 9134343.828586425632238 ], [ 6898062.45155065599829, 9134269.272730553522706 ], [ 6898061.024493250064552, 9134260.634564759209752 ], [ 6898063.185992411337793, 9134251.104356365278363 ], [ 6898071.726819235831499, 9134238.295216899365187 ], [ 6898080.242341445758939, 9134225.117096610367298 ], [ 6898084.376070093363523, 9134210.596081404015422 ], [ 6898086.933482164517045, 9134192.726234303787351 ], [ 6898088.497610719874501, 9134167.727305684238672 ], [ 6898086.236583184450865, 9134146.647196283563972 ], [ 6898077.767049675807357, 9134123.544304624199867 ], [ 6898062.848510053008795, 9134092.763055451214314 ], [ 6898049.007382094860077, 9134071.00365243293345 ], [ 6898017.730372121557593, 9134037.082845542579889 ], [ 6897962.389879861846566, 9133987.849848326295614 ], [ 6897933.725877210497856, 9133956.092856425791979 ], [ 6897905.575301519595087, 9133928.477838998660445 ], [ 6897876.926312144845724, 9133906.547376835718751 ], [ 6897832.071343213319778, 9133876.557963969185948 ], [ 6897802.705801879055798, 9133864.101121639832854 ], [ 6897788.526732577010989, 9133852.182242341339588 ], [ 6897777.313289171084762, 9133832.967721266672015 ], [ 6897768.94941227696836, 9133812.890087276697159 ], [ 6897762.495935623534024, 9133795.373540053144097 ], [ 6897762.495593186467886, 9133785.928129283711314 ], [ 6897763.022967033088207, 9133780.993993479758501 ], [ 6897761.95649650041014, 9133771.971875876188278 ], [ 6897746.961302366107702, 9133748.36209212616086 ], [ 6897736.199608179740608, 9133731.407481160014868 ], [ 6897732.286796976812184, 9133723.618342734873295 ], [ 6897732.580565363168716, 9133703.201501766219735 ], [ 6897733.063841052353382, 9133687.69069754332304 ], [ 6897730.347859522327781, 9133673.426696490496397 ], [ 6897722.639098133891821, 9133651.439020968973637 ], [ 6897715.836291424930096, 9133634.317753659561276 ], [ 6897712.275564901530743, 9133607.624025847762823 ], [ 6897712.950296227820218, 9133569.052921827882528 ], [ 6897716.747349754907191, 9133536.394318025559187 ], [ 6897728.171356642618775, 9133486.441932102665305 ], [ 6897732.638187387026846, 9133452.254086215049028 ], [ 6897732.975905328989029, 9133442.413912821561098 ], [ 6897731.238899191841483, 9133425.475627079606056 ], [ 6897720.843278100714087, 9133399.419801188632846 ], [ 6897717.632467869669199, 9133381.787832548841834 ], [ 6897719.793609471991658, 9133372.257695183157921 ], [ 6897729.34415817912668, 9133339.003511544317007 ], [ 6897750.054826365783811, 9133295.854751352220774 ], [ 6897761.985943793319166, 9133268.183647574856877 ], [ 6897769.404222590848804, 9133245.209859134629369 ], [ 6897770.251107893884182, 9133229.68474530801177 ], [ 6897768.135255912318826, 9133212.379778815433383 ], [ 6897754.133431049063802, 9133186.476974129676819 ], [ 6897744.597097246907651, 9133163.798057623207569 ], [ 6897741.341926570981741, 9133145.023286057636142 ], [ 6897738.453761759214103, 9133117.170215947553515 ], [ 6897734.145906352438033, 9133080.30891677364707 ], [ 6897730.146734063513577, 9133042.290972931310534 ], [ 6897733.974979643709958, 9133001.318550445139408 ], [ 6897736.719070663675666, 9132960.01867731846869 ], [ 6897740.065986173227429, 9132906.602215860038996 ], [ 6897739.818878700956702, 9132872.217583619058132 ], [ 6897732.884323889389634, 9132851.702718121930957 ], [ 6897714.149278302676976, 9132805.950436607003212 ], [ 6897702.249487267807126, 9132769.00553329475224 ], [ 6897697.810189689509571, 9132738.18438339792192 ], [ 6897697.068443834781647, 9132709.865668103098869 ], [ 6897695.008278851397336, 9132665.736852023750544 ], [ 6897691.782197355292737, 9132647.724064912647009 ], [ 6897670.289431722834706, 9132614.924585787579417 ], [ 6897624.163925435394049, 9132514.696436973288655 ], [ 6897617.724358128383756, 9132497.561291817575693 ], [ 6897616.204613724723458, 9132476.834138289093971 ], [ 6897618.993785184808075, 9132455.567936219274998 ], [ 6897617.765610232949257, 9132442.37871528044343 ], [ 6897605.587499893270433, 9132426.231829734519124 ], [ 6897590.912858437746763, 9132410.93440374545753 ], [ 6897579.934898518957198, 9132388.694021362811327 ], [ 6897576.518844312988222, 9132365.77536429464817 ], [ 6897573.275519553571939, 9132328.479556391015649 ], [ 6897568.298093445599079, 9132302.60476315766573 ], [ 6897559.256346228532493, 9132283.305882478132844 ], [ 6897521.613477380014956, 9132253.036801487207413 ], [ 6897438.804949451237917, 9132184.481816563755274 ], [ 6897415.908604845404625, 9132161.946472804993391 ], [ 6897403.660878285765648, 9132144.288087299093604 ], [ 6897393.716099826619029, 9132120.492938812822104 ], [ 6897379.625477643683553, 9132092.317103227600455 ], [ 6897368.08760142326355, 9132073.879448460415006 ], [ 6897337.759229428134859, 9132045.959601782262325 ], [ 6897318.033448128961027, 9132030.860831722617149 ], [ 6897272.869225454516709, 9132002.032146450132132 ], [ 6897251.345802295953035, 9131987.004009103402495 ], [ 6897215.103892565704882, 9131955.547681109979749 ], [ 6897171.209907555952668, 9131931.571130873635411 ], [ 6897147.350830686278641, 9131921.54814119823277 ], [ 6897128.426807401701808, 9131917.74767285771668 ], [ 6897100.318861218169332, 9131919.232654618099332 ], [ 6897055.066536187194288, 9131916.095825118944049 ], [ 6896942.294921680353582, 9131884.996723230928183 ], [ 6896920.816363232210279, 9131880.545091327279806 ], [ 6896883.100597711279988, 9131876.360928708687425 ], [ 6896869.198622721247375, 9131871.611869866028428 ], [ 6896841.995390217751265, 9131859.084404429420829 ], [ 6896799.766189421527088, 9131850.152583919465542 ], [ 6896764.854632738046348, 9131834.517361329868436 ], [ 6896749.391355965286493, 9131826.812293827533722 ], [ 6896743.563938099890947, 9131816.081586826592684 ], [ 6896743.826826252043247, 9131794.903773343190551 ], [ 6896742.688161617144942, 9131765.480455908924341 ], [ 6896739.591589501127601, 9131741.405648605898023 ], [ 6896733.679250164888799, 9131719.348896719515324 ], [ 6896718.434988269582391, 9131689.334899248555303 ], [ 6896702.402098184451461, 9131666.912534100934863 ], [ 6896697.494582082144916, 9131651.983951076865196 ], [ 6896684.629688779823482, 9131590.131224934011698 ], [ 6896672.245721191167831, 9131559.253611478954554 ], [ 6896664.127444447949529, 9131536.139084655791521 ], [ 6896654.956733766943216, 9131504.383904665708542 ], [ 6896642.604999971576035, 9131474.62647932395339 ], [ 6896618.714270951226354, 9131444.952291335910559 ], [ 6896591.307398591190577, 9131408.618638549000025 ], [ 6896554.770902110263705, 9131350.724842434749007 ], [ 6896539.77600859105587, 9131336.574080632999539 ], [ 6896527.099837666377425, 9131326.112555999308825 ], [ 6896503.123821408487856, 9131313.065985107794404 ], [ 6896488.304561905562878, 9131303.451645324006677 ], [ 6896457.82794941868633, 9131280.834006611257792 ], [ 6896437.152826451696455, 9131269.172274565324187 ], [ 6896400.297618148848414, 9131249.834070574492216 ], [ 6896322.499495895579457, 9131226.820845644921064 ], [ 6896292.62340428493917, 9131229.127142697572708 ], [ 6896266.647942703217268, 9131229.765815444290638 ], [ 6896243.587410075590014, 9131229.238002145662904 ], [ 6896242.43733446393162, 9131229.202247083187103 ], [ 6896205.877231702208519, 9131236.314208401367068 ], [ 6896159.943865400739014, 9131246.383736684918404 ], [ 6896137.101266127079725, 9131250.344269560649991 ], [ 6896106.146959655918181, 9131243.629488758742809 ], [ 6896086.258326304145157, 9131233.451365262269974 ], [ 6896065.91817959304899, 9131221.025170300155878 ], [ 6896057.918099785223603, 9131210.380199372768402 ], [ 6896056.375563557259738, 9131206.198156554251909 ], [ 6896053.083793027326465, 9131197.345098160207272 ], [ 6896048.586488049477339, 9131174.470539562404156 ], [ 6896042.832764461636543, 9131147.102148175239563 ], [ 6896036.726553638465703, 9131119.759173020720482 ], [ 6895981.138040967285633, 9130999.12641922198236 ], [ 6895964.724640607833862, 9130966.882269535213709 ], [ 6895946.150119747035205, 9130934.734613327309489 ], [ 6895925.313373213633895, 9130909.484832797199488 ], [ 6895909.277820862829685, 9130896.126897187903523 ], [ 6895887.156831307336688, 9130875.077738106250763 ], [ 6895868.071408111602068, 9130857.689543463289738 ], [ 6895849.54377983417362, 9130843.296664601191878 ], [ 6895777.016688784584403, 9130809.500121282413602 ], [ 6895760.787632631137967, 9130805.120564689859748 ], [ 6895756.222549648955464, 9130803.889563215896487 ], [ 6895734.875770075246692, 9130802.83228188380599 ], [ 6895721.820099321193993, 9130805.957734977826476 ], [ 6895696.631543966010213, 9130780.705802191048861 ], [ 6895674.877611538395286, 9130764.000609101727605 ] ] ] ] } },
{ "type": "Feature", "properties": { "lv_id": "LOC_024224", "id": 103372.0, "CD_SETOR": "251550020000001", "SITUACAO": "Urbana", "CD_SIT": "1", "CD_TIPO": "0", "AREA_KM2": 0.11793708964232499, "CD_REGIAO": "2", "NM_REGIAO": "Nordeste", "CD_UF": "25", "NM_UF": "Paraíba", "CD_MUN": "2515500", "NM_MUN": "Serra Branca", "CD_DIST": "251550020", "NM_DIST": "Sucuru", "CD_SUBDIST": "25155002000", "NM_SUBDIST": null, "CD_BAIRRO": null, "NM_BAIRRO": null, "CD_NU": null, "NM_NU": null, "CD_FCU": null, "NM_FCU": null, "CD_AGLOM": "251550000001", "NM_AGLOM": "Carmo", "CD_RGINT": "2502", "NM_RGINT": "Campina Grande", "CD_RGI": "250008", "NM_RGI": "Sumé", "CD_CONCURB": null, "NM_CONCURB": null, "mun_code_x": "2515500", "index_right": 49226, "dist_m": 0.0, "local_id": 250023, "ano": 2022, "cod_localidade_ibge": 2515500, "NR_ZONA": "58", "nr_cep": 58580000.0, "nm_localidade": "SERRA BRANCA", "nm_locvot": "GRUPO ESCOLAR MANOEL DUARTE DA SILVA", "ds_endereco": "DISTRITO DE SUCURU", "ds_bairro": "DISTRITO DE SUCURU", "pred_long": -36.787938, "pred_lat": -7.676464, "pred_dist": 0.0, "tse_long": -36.7879297, "tse_lat": -7.6765034, "long": -36.7879297, "lat": -7.6765034, "ID_UNICO": "LOC_024224", "SG_UF": "PB", "CD_MUNICIPIO": "22110", "NR_LOCAL_VOTACAO": "1325", "QT_SECOES_AGREGADAS": 0, "QT_ELEITORES_TRANSFERIDOS": 0, "CIRO GOMES (PDT) (NÃO ELEITO) 1T": 14.0, "CONSTITUINTE EYMAEL (DC) (NÃO ELEITO) 1T": 0.0, "FELIPE D AVILA (NOVO) (NÃO ELEITO) 1T": 0.0, "JAIR BOLSONARO (PL) (2º TURNO) 1T": 35.0, "LULA (PT) (2º TURNO) 1T": 297.0, "LÉO PÉRICLES (UP) (NÃO ELEITO) 1T": 0.0, "PADRE KELMON (PTB) (NÃO ELEITO) 1T": 0.0, "SIMONE TEBET (MDB) (NÃO ELEITO) 1T": 9.0, "SOFIA MANZANO (PCB) (NÃO ELEITO) 1T": 0.0, "SORAYA THRONICKE (UNIÃO) (NÃO ELEITO) 1T": 1.0, "VERA (PSTU) (NÃO ELEITO) 1T": 0.0, "Total_Votos_Validos 1T": 356.0, "Votos_Brancos 1T": 10.0, "Votos_Nulos 1T": 10.0, "Abstenções 1T": 67.0, "Eleitores_Aptos 1T": 443.0, "JAIR BOLSONARO (PL) (NÃO ELEITO) 2T": 46.0, "LULA (PT) (ELEITO) 2T": 304.0, "Total_Votos_Validos 2T": 350.0, "Votos_Brancos 2T": 7.0, "Votos_Nulos 2T": 24.0, "Abstenções 2T": 62.0, "Eleitores_Aptos 2T": 443.0, "mun_code_y": "2515500", "mun_code": "2515500" }, "geometry": { "type": "Polygon", "coordinates": [ [ [ 6908104.916672592051327, 9112590.087643142789602 ], [ 6908153.303264664486051, 9112654.553561007604003 ], [ 6908212.759621082805097, 9112715.565554320812225 ], [ 6908282.096165740862489, 9112761.535025289282203 ], [ 6908339.56742125749588, 9112772.633938245475292 ], [ 6908376.999548297375441, 9112747.95418805629015 ], [ 6908387.500155973248184, 9112690.214547336101532 ], [ 6908391.742283917963505, 9112639.748777760192752 ], [ 6908397.771343616768718, 9112567.869201401248574 ], [ 6908457.080434962175786, 9112478.905398117378354 ], [ 6908523.312444993294775, 9112417.700820153579116 ], [ 6908599.042158717289567, 9112360.993745319545269 ], [ 6908657.240290354937315, 9112331.818988753482699 ], [ 6908804.530453080311418, 9112289.283288592472672 ], [ 6908855.319983350113034, 9112278.706911630928516 ], [ 6908926.687444019131362, 9112288.016903115436435 ], [ 6909017.136605002917349, 9112308.748491182923317 ], [ 6909180.795058243907988, 9112385.055939232930541 ], [ 6909240.840175659395754, 9112431.412073232233524 ], [ 6909274.049521125853062, 9112505.666212433949113 ], [ 6909317.871678748168051, 9112553.892495093867183 ], [ 6909405.510567050427198, 9112621.079140763729811 ], [ 6909421.320451261475682, 9112630.747677385807037 ], [ 6909487.830023063346744, 9112671.406797274947166 ], [ 6909548.009671268053353, 9112662.880462273955345 ], [ 6909613.054883487522602, 9112592.673937134444714 ], [ 6909616.093691514804959, 9112589.404733637347817 ], [ 6909690.794315446168184, 9112565.658025562763214 ], [ 6910059.845331158488989, 9112509.290963275358081 ], [ 6910063.272825906053185, 9112509.129363477230072 ], [ 6910216.677308991551399, 9112501.740365415811539 ], [ 6910356.413410416804254, 9112474.137946689501405 ], [ 6910531.829859530553222, 9112407.298932801932096 ], [ 6910627.117862924933434, 9112344.911555713042617 ], [ 6910763.991550972685218, 9112245.47741562500596 ], [ 6910786.404634326696396, 9112224.384231463074684 ], [ 6910868.627551572397351, 9112146.986430801451206 ], [ 6911084.836754122748971, 9111943.496428415179253 ], [ 6911112.076160835102201, 9111916.07583893276751 ], [ 6911183.306431341916323, 9111844.383649343624711 ], [ 6911295.679965707473457, 9111772.773322779685259 ], [ 6911354.52381401322782, 9111740.197917774319649 ], [ 6911363.25314964260906, 9111735.379149563610554 ], [ 6911431.193144414573908, 9111697.773147037252784 ], [ 6911491.430378530174494, 9111690.453701691702008 ], [ 6911554.125456903129816, 9111715.971630485728383 ], [ 6911589.774514093063772, 9111792.573710951954126 ], [ 6911672.344053867273033, 9111907.526436194777489 ], [ 6911708.325458362698555, 9111963.395488549023867 ], [ 6911760.469163335859776, 9112016.158231556415558 ], [ 6911820.306481247767806, 9112045.876612277701497 ], [ 6911837.654193421825767, 9112054.499564250931144 ], [ 6911991.531437924131751, 9112089.738579340279102 ], [ 6912030.122378452681005, 9112084.220706176012754 ], [ 6912038.982152537442744, 9112082.948308393359184 ], [ 6912074.133596721105278, 9112059.567754425108433 ], [ 6912120.572314154356718, 9112056.474162343889475 ], [ 6912176.001455985940993, 9112045.693390812724829 ], [ 6912222.237921764142811, 9112008.45515058003366 ], [ 6912274.769275449216366, 9111983.1561059653759 ], [ 6912359.802173506468534, 9111984.59747701883316 ], [ 6912416.77372261416167, 9111971.243181068450212 ], [ 6912428.981742466799915, 9111968.377404572442174 ], [ 6912508.920124651864171, 9111900.503551714122295 ], [ 6912518.010896260850132, 9111865.994006384164095 ], [ 6912517.236309143714607, 9111817.236749093979597 ], [ 6912522.117519138380885, 9111735.335285784676671 ], [ 6912537.55411583930254, 9111684.706923887133598 ], [ 6912578.359856719151139, 9111628.169020380824804 ], [ 6912619.119255835190415, 9111541.146931843832135 ], [ 6912654.981105522252619, 9111477.496693132445216 ], [ 6912691.154470461420715, 9111450.428272616118193 ], [ 6912752.548674278892577, 9111443.059529699385166 ], [ 6912820.683204934000969, 9111386.304401541128755 ], [ 6912418.579789667390287, 9111413.18671166524291 ], [ 6912250.830627198331058, 9111569.872049562633038 ], [ 6911851.17457543220371, 9111676.694179568439722 ], [ 6911842.696708717383444, 9111678.957764379680157 ], [ 6911837.98875480517745, 9111675.804813761264086 ], [ 6911113.883616232313216, 9111191.404625609517097 ], [ 6910685.131552356295288, 9110957.084307208657265 ], [ 6910155.723789922893047, 9111095.190117524936795 ], [ 6909508.965892755426466, 9111070.723854666575789 ], [ 6909162.15556463599205, 9111057.602779619395733 ], [ 6908793.256909720599651, 9110842.686732849106193 ], [ 6908436.036228510551155, 9110634.578954869881272 ], [ 6908044.501080955378711, 9110569.654131093993783 ], [ 6907658.000208449549973, 9110538.20831754989922 ], [ 6907057.857048043981194, 9110489.374457709491253 ], [ 6906841.387339246459305, 9110535.150869801640511 ], [ 6906565.884860124439001, 9110599.886236464604735 ], [ 6906548.810510775074363, 9110542.119946040213108 ], [ 6906443.218153606168926, 9110184.790285000577569 ], [ 6905869.842288731597364, 9109867.733678992837667 ], [ 6905637.731666823849082, 9109978.089563734829426 ], [ 6905331.457353034988046, 9109909.152203839272261 ], [ 6905042.129730280488729, 9109571.694241302087903 ], [ 6904663.963198591023684, 9109343.289881400763988 ], [ 6904485.32936224155128, 9109079.50358510389924 ], [ 6903390.168551305308938, 9108611.805446997284889 ], [ 6903080.26977979298681, 9108373.13348669372499 ], [ 6902945.867849063128233, 9108377.448495838791132 ], [ 6902788.353541659191251, 9108400.761594410985708 ], [ 6902373.992667273618281, 9108271.79846159927547 ], [ 6902183.856436513364315, 9108370.243031976744533 ], [ 6902014.709898248314857, 9108064.344958938658237 ], [ 6901967.311118910089135, 9107729.552995033562183 ], [ 6901684.690064420923591, 9107701.126635836437345 ], [ 6901532.656107702292502, 9107614.847907781600952 ], [ 6901357.918067784979939, 9107515.704614160582423 ], [ 6901227.812614040449262, 9107248.725961679592729 ], [ 6901060.060668461024761, 9107106.344681838527322 ], [ 6901040.851093999110162, 9107090.031225062906742 ], [ 6900734.194231539964676, 9106984.830271610990167 ], [ 6898521.583777968771756, 9111415.134474650025368 ], [ 6897545.584096880629659, 9113401.856248451396823 ], [ 6896605.482077150605619, 9113931.838462021201849 ], [ 6896591.351789576001465, 9114069.448751093819737 ], [ 6896685.343916526064277, 9114096.146133556962013 ], [ 6896820.006673622876406, 9114161.80509078502655 ], [ 6896900.548609271645546, 9114219.49375207349658 ], [ 6897037.493559308350086, 9114219.08223737962544 ], [ 6897177.841573864221573, 9114304.827571157366037 ], [ 6897444.577656911686063, 9114370.271737515926361 ], [ 6897596.174363208934665, 9114369.272738143801689 ], [ 6898138.090110935270786, 9114362.237725660204887 ], [ 6898831.796087662689388, 9114354.337345415726304 ], [ 6899726.696709387004375, 9114263.83647508919239 ], [ 6900568.601451391354203, 9114262.534579306840897 ], [ 6900834.395978522486985, 9114602.440507911145687 ], [ 6901051.202181529253721, 9115213.443168215453625 ], [ 6901467.007201753556728, 9116086.639543613418937 ], [ 6901596.607329996302724, 9116493.746283454820514 ], [ 6901689.91409249138087, 9116740.743264019489288 ], [ 6901647.406690021976829, 9117073.036984091624618 ], [ 6901541.10766014829278, 9117343.044657530263066 ], [ 6901324.10800208710134, 9117536.13986237719655 ], [ 6901057.806745029054582, 9117634.139587761834264 ], [ 6900839.111671524122357, 9117778.739799845963717 ], [ 6900744.811508078128099, 9117951.446407860144973 ], [ 6900729.007387172430754, 9118170.04212811216712 ], [ 6900746.008591055870056, 9118435.753105852752924 ], [ 6900930.207102863118052, 9118631.143509151414037 ], [ 6901067.311942873522639, 9118812.043643308803439 ], [ 6901049.411097011528909, 9118961.843210116028786 ], [ 6900984.009941798634827, 9119109.850016625598073 ], [ 6900942.312743317335844, 9119236.153873873874545 ], [ 6900994.407144511118531, 9119417.35114430822432 ], [ 6901083.615611560642719, 9119597.149304399266839 ], [ 6901250.113226228393614, 9119890.146061643958092 ], [ 6901379.21273341961205, 9120165.049628593027592 ], [ 6901490.613177873194218, 9120459.752827698364854 ], [ 6901547.418391728773713, 9120775.656392022967339 ], [ 6901454.614286985248327, 9121019.757790749892592 ], [ 6901304.712120218202472, 9121207.851838126778603 ], [ 6900778.711408806964755, 9121437.951080812141299 ], [ 6900592.611917836591601, 9121646.553847847506404 ], [ 6900483.81155573669821, 9121968.353187188506126 ], [ 6900391.512527819722891, 9122285.862041797488928 ], [ 6900293.01499442383647, 9123101.655476933345199 ], [ 6900185.419740957207978, 9123461.966704431921244 ], [ 6900073.01353220269084, 9123677.759057777002454 ], [ 6900051.210372853092849, 9123842.258018692955375 ], [ 6900047.612123785540462, 9124006.068961022421718 ], [ 6900336.818068992346525, 9124121.366951338946819 ], [ 6900554.518308943137527, 9124296.866804828867316 ], [ 6900719.624253463931382, 9124551.360521275550127 ], [ 6900737.720557766966522, 9124810.86610721424222 ], [ 6900682.222372150048614, 9125072.76897794008255 ], [ 6900699.021983150392771, 9125293.867518989369273 ], [ 6900942.620513448491693, 9125420.263363722711802 ], [ 6901159.722139372490346, 9125576.560948073863983 ], [ 6901693.427848383784294, 9126116.962273005396128 ], [ 6902000.334060147404671, 9126212.264338670298457 ], [ 6902304.728086086921394, 9126230.76833676174283 ], [ 6902605.732929918915033, 9126153.159502793103456 ], [ 6902906.436300907284021, 9125795.963780706748366 ], [ 6903083.42965405061841, 9125857.567340020090342 ], [ 6903098.229753008112311, 9126020.65923903696239 ], [ 6902986.234629102051258, 9126246.065076244994998 ], [ 6902947.131210261955857, 9126449.765733199194074 ], [ 6903030.834962299093604, 9126475.764271937310696 ], [ 6903410.132859189994633, 9126530.166814656928182 ], [ 6903767.03659267257899, 9126469.857782784849405 ], [ 6904061.336878021247685, 9126199.757559796795249 ], [ 6904365.739530586637557, 9126218.159467270597816 ], [ 6904608.945857814513147, 9126065.363199530169368 ], [ 6904739.34634356200695, 9126149.853562843054533 ], [ 6904898.440573178231716, 9125905.058772511780262 ], [ 6904821.840616134926677, 9125518.356117719784379 ], [ 6904675.140192777849734, 9125209.85500212945044 ], [ 6904655.333176451735198, 9124896.86048324778676 ], [ 6904422.637350833043456, 9124724.257578171789646 ], [ 6904349.134484608657658, 9124432.251293899491429 ], [ 6904367.430128190666437, 9124175.050620578229427 ], [ 6904553.640931172296405, 9124045.15213767439127 ], [ 6904630.332651795819402, 9123899.853294294327497 ], [ 6904670.33437829464674, 9123737.057623809203506 ], [ 6904859.639386769384146, 9123701.95593005232513 ], [ 6905027.737964222207665, 9123572.746343467384577 ], [ 6904958.636903812177479, 9123413.652796719223261 ], [ 6905017.935546500608325, 9123287.949766939505935 ], [ 6905240.936916799284518, 9123175.852098258212209 ], [ 6905390.141123321838677, 9123028.246591050177813 ], [ 6905683.24332301877439, 9122837.653725 ], [ 6906181.644411076791584, 9122811.041308250278234 ], [ 6906512.140846824273467, 9122657.146415920928121 ], [ 6906606.047001445665956, 9122611.684166712686419 ], [ 6906830.810454668477178, 9122554.202979128807783 ], [ 6906888.129956387914717, 9122108.745529506355524 ], [ 6907323.807667856104672, 9118705.055963093414903 ], [ 6908104.916672592051327, 9112590.087643142789602 ] ] ] } }
]
}
