{
"type": "FeatureCollection",
"name": "2612471",
"crs": { "type": "name", "properties": { "name": "urn:ogc:def:crs:EPSG::5880" } },
"features": [
{ "type": "Feature", "properties": { "lv_id": "LOC_024386", "id": 120704.0, "CD_SETOR": "261247105000010", "SITUACAO": "Rural", "CD_SIT": "8", "CD_TIPO": "0", "AREA_KM2": 11.969494795257219, "CD_REGIAO": "2", "NM_REGIAO": "Nordeste", "CD_UF": "26", "NM_UF": "Pernambuco", "CD_MUN": "2612471", "NM_MUN": "Santa Cruz da Baixa Verde", "CD_DIST": "261247105", "NM_DIST": "Santa Cruz da Baixa Verde", "CD_SUBDIST": "26124710500", "NM_SUBDIST": null, "CD_BAIRRO": null, "NM_BAIRRO": null, "CD_NU": null, "NM_NU": null, "CD_FCU": null, "NM_FCU": null, "CD_AGLOM": "261247100001", "NM_AGLOM": "Jatiucá", "CD_RGINT": "2603", "NM_RGINT": "Serra Talhada", "CD_RGI": "260013", "NM_RGI": "Serra Talhada", "CD_CONCURB": null, "NM_CONCURB": null, "mun_code_x": "2612471", "index_right": 49389, "dist_m": 421.67862463785082, "local_id": 251595, "ano": 2022, "cod_localidade_ibge": 2612471, "NR_ZONA": "71", "nr_cep": 56895000.0, "nm_localidade": "SANTA CRUZ DA BAIXA VERDE", "nm_locvot": "ESCOLA MUNICIPAL ARTUR VIANA RIBEIRO", "ds_endereco": "RUA LINDOLFO NOGUEIRA DA SILVA, S/N", "ds_bairro": "DISTRITO DE JATIÚCA", "pred_long": -38.197485, "pred_lat": -7.889647, "pred_dist": 0.0, "tse_long": -38.1973154, "tse_lat": -7.8896558, "long": -38.1973154, "lat": -7.8896558, "ID_UNICO": "LOC_024386", "SG_UF": "PE", "CD_MUNICIPIO": "23043", "NR_LOCAL_VOTACAO": "1040", "QT_SECOES_AGREGADAS": 0, "QT_ELEITORES_TRANSFERIDOS": 0, "CIRO GOMES (PDT) (NÃO ELEITO) 1T": 19.0, "CONSTITUINTE EYMAEL (DC) (NÃO ELEITO) 1T": 0.0, "FELIPE D AVILA (NOVO) (NÃO ELEITO) 1T": 0.0, "JAIR BOLSONARO (PL) (2º TURNO) 1T": 112.0, "LULA (PT) (2º TURNO) 1T": 1184.0, "LÉO PÉRICLES (UP) (NÃO ELEITO) 1T": 0.0, "PADRE KELMON (PTB) (NÃO ELEITO) 1T": 0.0, "SIMONE TEBET (MDB) (NÃO ELEITO) 1T": 12.0, "SOFIA MANZANO (PCB) (NÃO ELEITO) 1T": 0.0, "SORAYA THRONICKE (UNIÃO) (NÃO ELEITO) 1T": 6.0, "VERA (PSTU) (NÃO ELEITO) 1T": 0.0, "Total_Votos_Validos 1T": 1333.0, "Votos_Brancos 1T": 21.0, "Votos_Nulos 1T": 70.0, "Abstenções 1T": 254.0, "Eleitores_Aptos 1T": 1678.0, "JAIR BOLSONARO (PL) (NÃO ELEITO) 2T": 135.0, "LULA (PT) (ELEITO) 2T": 1208.0, "Total_Votos_Validos 2T": 1343.0, "Votos_Brancos 2T": 13.0, "Votos_Nulos 2T": 93.0, "Abstenções 2T": 229.0, "Eleitores_Aptos 2T": 1678.0, "mun_code_y": "2612471", "mun_code": "2612471" }, "geometry": { "type": "Polygon", "coordinates": [ [ [ 6744912.24933473393321, 9092650.233596818521619 ], [ 6744893.587455332279205, 9092650.759245777502656 ], [ 6744781.69330833107233, 9092653.910054301843047 ], [ 6744350.641750044189394, 9092666.089403867721558 ], [ 6744000.112459965981543, 9092675.986470606178045 ], [ 6739752.973460257984698, 9092795.728680001571774 ], [ 6739744.882560756057501, 9092795.954975888133049 ], [ 6739672.076771058142185, 9092798.025556594133377 ], [ 6737602.866421509534121, 9092856.427991399541497 ], [ 6738587.770745079964399, 9093807.430718157440424 ], [ 6739074.47347962949425, 9094828.331633102148771 ], [ 6739378.975752846337855, 9095126.230413172394037 ], [ 6739300.276323266327381, 9095547.231897838413715 ], [ 6739518.481796315871179, 9096058.437528569251299 ], [ 6739333.576235702261329, 9096480.13926006667316 ], [ 6739426.379200657829642, 9096813.638169020414352 ], [ 6739448.076037477701902, 9096891.837161000818014 ], [ 6739338.476107244379818, 9097391.636963360011578 ], [ 6739347.8819784745574, 9097410.399404067546129 ], [ 6739347.923955805599689, 9097427.230006085708737 ], [ 6739395.857035163789988, 9097423.826995408162475 ], [ 6739431.083199917338789, 9097419.697408054023981 ], [ 6739466.650646168738604, 9097414.360814793035388 ], [ 6739503.544958470389247, 9097403.761425415053964 ], [ 6739532.501918515190482, 9097386.273642659187317 ], [ 6739569.879639443941414, 9097357.25055405497551 ], [ 6739581.53442460950464, 9097351.655754648149014 ], [ 6739595.184007140807807, 9097345.101627795025706 ], [ 6739634.433522569946945, 9097343.219750612974167 ], [ 6739655.188220701180398, 9097342.838988034054637 ], [ 6739717.608402779325843, 9097346.478710291907191 ], [ 6739740.848022608086467, 9097354.443407284095883 ], [ 6739756.564354535192251, 9097359.821335561573505 ], [ 6739781.986137419939041, 9097371.263147370889783 ], [ 6739805.924494192004204, 9097384.356900034472346 ], [ 6739850.672986980527639, 9097386.412532074376941 ], [ 6739817.581943672150373, 9097312.189630573615432 ], [ 6739798.704205743037164, 9097209.231214080005884 ], [ 6739821.775975353084505, 9097071.438813921064138 ], [ 6739841.697245916351676, 9096961.356111759319901 ], [ 6739848.828364264219999, 9096861.056200752034783 ], [ 6739864.06256796233356, 9096796.963094670325518 ], [ 6739869.258255345746875, 9096759.909886399284005 ], [ 6739874.560121778398752, 9096706.467865623533726 ], [ 6739881.800471446476877, 9096699.09874795563519 ], [ 6739882.927407093346119, 9096679.008671194314957 ], [ 6739904.42001826968044, 9096643.969675917178392 ], [ 6739930.781888082623482, 9096613.442956682294607 ], [ 6739990.995767946355045, 9096528.350183490663767 ], [ 6740037.669619599357247, 9096477.008672419935465 ], [ 6740064.050985304638743, 9096442.57687708735466 ], [ 6740120.452551608905196, 9096368.61534084007144 ], [ 6740141.950381621718407, 9096327.524321487173438 ], [ 6740154.690634437836707, 9096309.92338034324348 ], [ 6740158.849930172786117, 9096295.402173090726137 ], [ 6740175.904556387104094, 9096254.71992283128202 ], [ 6740201.622045446187258, 9096238.592251308262348 ], [ 6740232.569493990391493, 9096224.218976648524404 ], [ 6740261.582846872508526, 9096203.557567145675421 ], [ 6740281.254910875111818, 9096196.947167761623859 ], [ 6740298.230157658457756, 9096185.78831983730197 ], [ 6740316.285807183012366, 9096167.504120079800487 ], [ 6740331.965658933855593, 9096165.69474739767611 ], [ 6740374.951262513175607, 9096171.396736029535532 ], [ 6740395.250430811196566, 9096169.17173090018332 ], [ 6740412.447303134948015, 9096159.221520021557808 ], [ 6740432.562605368904769, 9096169.220560973510146 ], [ 6740442.952145028859377, 9096183.261316945776343 ], [ 6740478.896570904180408, 9096189.240732515230775 ], [ 6740493.983292531222105, 9096185.731375826522708 ], [ 6740500.474563034251332, 9096189.642761854454875 ], [ 6740501.314454599283636, 9096205.938860915601254 ], [ 6740530.559826862066984, 9096214.858198747038841 ], [ 6740553.335513133555651, 9096226.949921613559127 ], [ 6740612.929746290668845, 9096251.291892915964127 ], [ 6740621.507077474147081, 9096256.100502654910088 ], [ 6740640.162763275206089, 9096271.046256467700005 ], [ 6740661.816591845825315, 9096284.420514885336161 ], [ 6740705.242919864133, 9096309.91301460750401 ], [ 6740713.87218046374619, 9096308.128791691735387 ], [ 6740743.104126581922174, 9096293.326064301654696 ], [ 6740787.311143405735493, 9096331.752777861431241 ], [ 6740806.374859681352973, 9096359.405768156051636 ], [ 6740845.421046353876591, 9096360.376605395227671 ], [ 6740934.441474976018071, 9096348.206762192770839 ], [ 6740959.249216347932816, 9096296.470954809337854 ], [ 6740967.493620969355106, 9096288.810673724859953 ], [ 6740967.495878712274134, 9096297.445443915203214 ], [ 6740968.557965650223196, 9096317.327492484822869 ], [ 6740969.53744513168931, 9096326.717638853937387 ], [ 6740973.347837086766958, 9096329.168739270418882 ], [ 6740977.156516878865659, 9096333.93937479890883 ], [ 6740979.514327205717564, 9096336.204219117760658 ], [ 6740980.108860182575881, 9096340.602531265467405 ], [ 6740984.325703725218773, 9096337.090330043807626 ], [ 6740989.312006724067032, 9096336.454138536006212 ], [ 6740994.22994393017143, 9096337.829972233623266 ], [ 6740995.993113203905523, 9096334.215260062366724 ], [ 6741000.457526352256536, 9096334.37959517724812 ], [ 6741004.687849347479641, 9096336.550735117867589 ], [ 6741007.883593828417361, 9096336.430004781112075 ], [ 6741013.599231549538672, 9096327.246210822835565 ], [ 6741019.592819050885737, 9096317.822259936481714 ], [ 6741022.755272774025798, 9096307.64407267794013 ], [ 6741027.743900982663035, 9096295.835261683911085 ], [ 6741030.988410849124193, 9096288.742773240432143 ], [ 6741038.227419515140355, 9096277.503435581922531 ], [ 6741050.127136643044651, 9096263.114014204591513 ], [ 6741063.439848282374442, 9096251.989649871364236 ], [ 6741070.939060176722705, 9096247.721852613613009 ], [ 6741077.897994503378868, 9096246.126940242946148 ], [ 6741084.046729234978557, 9096248.547093216329813 ], [ 6741101.289051476866007, 9096265.83141016215086 ], [ 6741111.952744191512465, 9096278.047866381704807 ], [ 6741125.197425413876772, 9096290.821322286501527 ], [ 6741132.897100121714175, 9096300.497303925454617 ], [ 6741138.555207993835211, 9096306.920470647513866 ], [ 6741143.129508223384619, 9096309.733119882643223 ], [ 6741147.089484193362296, 9096313.234971629455686 ], [ 6741153.436388649046421, 9096320.964102180674672 ], [ 6741169.12948084063828, 9096328.673114346340299 ], [ 6741174.975029694847763, 9096334.205049833282828 ], [ 6741186.56266067083925, 9096342.792588915675879 ], [ 6741193.295142736285925, 9096347.843197535723448 ], [ 6741198.177036056295037, 9096350.322721252217889 ], [ 6741204.802956545725465, 9096354.8836057651788 ], [ 6741210.096871934831142, 9096359.827813750132918 ], [ 6741210.559292257763445, 9096364.529706586152315 ], [ 6741214.957181957550347, 9096370.598620975390077 ], [ 6741230.255627861246467, 9096386.360429970547557 ], [ 6741240.373888328671455, 9096397.564146896824241 ], [ 6741251.586742010898888, 9096405.867335844784975 ], [ 6741260.438882380723953, 9096409.758515940979123 ], [ 6741263.615392246283591, 9096417.400785000994802 ], [ 6741266.998498897999525, 9096426.734684703871608 ], [ 6741270.355824233032763, 9096439.812909260392189 ], [ 6741272.026246161200106, 9096445.835614131763577 ], [ 6741274.096055055968463, 9096451.027962025254965 ], [ 6741273.915249285288155, 9096457.419154791161418 ], [ 6741272.445762142539024, 9096463.284898515790701 ], [ 6741269.365236587822437, 9096471.519518740475178 ], [ 6741265.257615933194757, 9096477.071547085419297 ], [ 6741261.640321919694543, 9096483.638489171862602 ], [ 6741256.553744562901556, 9096493.120115472003818 ], [ 6741249.608977548778057, 9096503.670923434197903 ], [ 6741247.946892983280122, 9096510.290304969996214 ], [ 6741247.545348645187914, 9096516.97689419426024 ], [ 6741247.578373163938522, 9096529.985490541905165 ], [ 6741247.904777439311147, 9096536.070448357611895 ], [ 6741253.083353454247117, 9096538.515838328748941 ], [ 6741260.48719893861562, 9096538.787325924262404 ], [ 6741273.988977149128914, 9096541.59578388184309 ], [ 6741277.4753129016608, 9096543.347243949770927 ], [ 6741284.729472232051194, 9096547.000289056450129 ], [ 6741289.889953659847379, 9096554.579119166359305 ], [ 6741292.437324354425073, 9096565.471809616312385 ], [ 6741296.371694520115852, 9096576.86327768675983 ], [ 6741296.749109661206603, 9096586.976739432662725 ], [ 6741297.540674435906112, 9096597.246797608211637 ], [ 6741299.156387467868626, 9096604.465782430022955 ], [ 6741302.272842328064144, 9096610.204229133203626 ], [ 6741302.756190800108016, 9096615.468002643436193 ], [ 6741302.475512463599443, 9096623.619821662083268 ], [ 6741300.915045439265668, 9096628.823002297431231 ], [ 6741300.174214478582144, 9096634.994215711951256 ], [ 6741297.797004796564579, 9096637.828365836292505 ], [ 6741299.803133218549192, 9096641.610769612714648 ], [ 6741299.002459309063852, 9096652.388794483616948 ], [ 6741296.906576536595821, 9096662.170815901830792 ], [ 6741288.014226679690182, 9096693.578781431540847 ], [ 6741282.935975603759289, 9096716.299568846821785 ], [ 6741282.710449180565774, 9096725.93055872246623 ], [ 6741273.8537323102355, 9096747.944314502179623 ], [ 6741266.372721811756492, 9096764.830763971433043 ], [ 6741261.077591107226908, 9096782.03654483705759 ], [ 6741256.982434999197721, 9096799.461102092638612 ], [ 6741256.956322941929102, 9096807.339185616001487 ], [ 6741257.121584427542984, 9096817.093196561560035 ], [ 6741258.911356652155519, 9096827.796334609389305 ], [ 6741258.383088876493275, 9096838.483664652332664 ], [ 6741263.8395019993186, 9096855.180080991238356 ], [ 6741273.026183757930994, 9096891.70398236438632 ], [ 6741273.494496954604983, 9096914.020062755793333 ], [ 6741275.274799295701087, 9096925.653665566816926 ], [ 6741279.960654925554991, 9096946.248859740793705 ], [ 6741293.780624457634985, 9096952.260677013546228 ], [ 6741303.677412021905184, 9096956.939365554600954 ], [ 6741316.449460979551077, 9096966.217388005927205 ], [ 6741353.406160794198513, 9096996.066366078332067 ], [ 6741365.636549749411643, 9097004.136219711974263 ], [ 6741376.656077333725989, 9097014.95023276284337 ], [ 6741389.443153599277139, 9097022.264186298474669 ], [ 6741407.205476127564907, 9097029.826636858284473 ], [ 6741430.397663811221719, 9097015.803235800936818 ], [ 6741439.197258458472788, 9097010.889367481693625 ], [ 6741446.383881802670658, 9097005.33595122769475 ], [ 6741454.681707078590989, 9096999.396090064197779 ], [ 6741461.096215444616973, 9096991.781959960237145 ], [ 6741478.792044038884342, 9096996.969968469813466 ], [ 6741493.459457608871162, 9097005.877918627113104 ], [ 6741501.874071676284075, 9097025.551673771813512 ], [ 6741504.649171220138669, 9097037.228204226121306 ], [ 6741508.642281956970692, 9097052.269128313288093 ], [ 6741509.927884958684444, 9097062.474696468561888 ], [ 6741512.749766085296869, 9097072.151466086506844 ], [ 6741518.47817927505821, 9097079.869769312441349 ], [ 6741532.530464569106698, 9097095.954768823459744 ], [ 6741549.108869481831789, 9097113.196029294282198 ], [ 6741552.130360715091228, 9097119.05299673601985 ], [ 6741552.209147134795785, 9097136.549786675721407 ], [ 6741553.308313384652138, 9097148.266659261658788 ], [ 6741557.543883429840207, 9097155.903557311743498 ], [ 6741563.435120558366179, 9097163.84539783000946 ], [ 6741571.071168754249811, 9097171.227607097476721 ], [ 6741578.706189757212996, 9097176.807059612125158 ], [ 6741584.95853275898844, 9097179.636913428083062 ], [ 6741589.532239900901914, 9097180.658447116613388 ], [ 6741597.93354269862175, 9097181.041711097583175 ], [ 6741607.614350793883204, 9097181.112561976537108 ], [ 6741614.229300763458014, 9097183.308654924854636 ], [ 6741619.337675154209137, 9097187.421845067292452 ], [ 6741624.843015288934112, 9097194.781169733032584 ], [ 6741638.835830660536885, 9097214.301888521760702 ], [ 6741654.915147710591555, 9097234.731376944109797 ], [ 6741660.962961279787123, 9097240.657850485295057 ], [ 6741665.255753829143941, 9097244.503293339163065 ], [ 6741671.725937651470304, 9097247.256043778732419 ], [ 6741684.537732401862741, 9097247.243151633068919 ], [ 6741695.02005176898092, 9097246.020640624687076 ], [ 6741707.194809196516871, 9097251.118698954582214 ], [ 6741747.627803433686495, 9097291.619510538876057 ], [ 6741768.376843465492129, 9097303.513275645673275 ], [ 6741782.87262415420264, 9097306.043432069942355 ], [ 6741797.021277344785631, 9097314.948219368234277 ], [ 6741808.361389857716858, 9097321.042385831475258 ], [ 6741828.386294815689325, 9097317.071167370304465 ], [ 6741846.541664876043797, 9097312.091122312471271 ], [ 6741869.687274438329041, 9097307.760912928730249 ], [ 6741895.990278918296099, 9097298.729780187830329 ], [ 6741933.30956665892154, 9097289.477887157350779 ], [ 6741952.332620365545154, 9097278.470888385549188 ], [ 6741962.575940383598208, 9097271.136920645833015 ], [ 6741967.429083274677396, 9097257.461169047281146 ], [ 6741972.307212740182877, 9097240.018047930672765 ], [ 6741984.745512068271637, 9097233.542775623500347 ], [ 6741998.002384837716818, 9097227.415522651746869 ], [ 6742014.442557675763965, 9097226.748795811086893 ], [ 6742029.515580295585096, 9097234.102900696918368 ], [ 6742048.403333149850368, 9097249.052520273253322 ], [ 6742063.411297961138189, 9097250.816860867664218 ], [ 6742107.254409538581967, 9097245.165178617462516 ], [ 6742147.739959912374616, 9097245.060241905972362 ], [ 6742163.734612364321947, 9097260.256951436400414 ], [ 6742172.406250982545316, 9097264.040430795401335 ], [ 6742194.940192229114473, 9097256.035516811534762 ], [ 6742207.738732760772109, 9097255.667029473930597 ], [ 6742223.700373237021267, 9097290.684857496991754 ], [ 6742234.892620392143726, 9097307.900270042940974 ], [ 6742259.186988035216928, 9097336.13851154781878 ], [ 6742293.856203979812562, 9097373.584941884502769 ], [ 6742308.974877221509814, 9097397.840615525841713 ], [ 6742326.555317563004792, 9097420.93542755022645 ], [ 6742360.094281632453203, 9097478.96810638718307 ], [ 6742404.430062067694962, 9097548.352068085223436 ], [ 6742413.533042762428522, 9097555.415042059496045 ], [ 6742423.423616175539792, 9097556.373672289773822 ], [ 6742437.573817499913275, 9097553.186804946511984 ], [ 6742448.003773830831051, 9097547.304038867354393 ], [ 6742464.279056060127914, 9097532.450352694839239 ], [ 6742475.489878670312464, 9097518.212743949145079 ], [ 6742485.745935359969735, 9097513.289619501680136 ], [ 6742495.459044906310737, 9097512.15349075384438 ], [ 6742511.667624425143003, 9097503.204640615731478 ], [ 6742539.744164500385523, 9097489.352133836597204 ], [ 6742562.277872620150447, 9097470.392132004722953 ], [ 6742588.574255971238017, 9097448.166541449725628 ], [ 6742618.192462289705873, 9097425.057542473077774 ], [ 6742633.230939344502985, 9097413.144111573696136 ], [ 6742652.028181627392769, 9097403.775801243260503 ], [ 6742675.323949334211648, 9097394.892122266814113 ], [ 6742697.857936860993505, 9097396.647788714617491 ], [ 6742735.970419614575803, 9097413.386506723240018 ], [ 6742753.641791729256511, 9097425.603430088609457 ], [ 6742764.989258944056928, 9097436.623781077563763 ], [ 6742803.408434376120567, 9097461.28599888086319 ], [ 6742836.001043617725372, 9097470.573859622702003 ], [ 6742851.809910224750638, 9097484.928198175504804 ], [ 6742866.449338912963867, 9097501.657849881798029 ], [ 6742896.698402266949415, 9097533.909251650795341 ], [ 6742918.862043282017112, 9097555.315642584115267 ], [ 6742977.531348356977105, 9097577.307092567905784 ], [ 6743018.566858798265457, 9097602.582772539928555 ], [ 6743049.78696671500802, 9097611.463273599743843 ], [ 6743071.028373476117849, 9097614.657337993383408 ], [ 6743086.38717463798821, 9097618.130980109795928 ], [ 6743103.098444880917668, 9097632.416961569339037 ], [ 6743130.654208475723863, 9097670.271040696650743 ], [ 6743151.004083859734237, 9097698.670745151117444 ], [ 6743159.969487100839615, 9097712.100956186652184 ], [ 6743169.932382227852941, 9097724.758559504523873 ], [ 6743192.710812346078455, 9097740.457674553617835 ], [ 6743218.065005662851036, 9097761.008964907377958 ], [ 6743234.045201133936644, 9097775.517910314723849 ], [ 6743256.031407118774951, 9097788.617260415107012 ], [ 6743283.743041734211147, 9097804.026815803721547 ], [ 6743319.895351857878268, 9097821.758889904245734 ], [ 6743351.667205508798361, 9097839.805695470422506 ], [ 6743361.510876167565584, 9097848.379740327596664 ], [ 6743370.447192302905023, 9097861.030298959463835 ], [ 6743374.732074057683349, 9097877.381989711895585 ], [ 6743375.72934241220355, 9097890.803174359723926 ], [ 6743385.729899389669299, 9097921.925224363803864 ], [ 6743399.501574112102389, 9097942.018393551930785 ], [ 6743437.391861077398062, 9097962.555980524048209 ], [ 6743479.06059003341943, 9097983.5021559484303 ], [ 6743495.261078771203756, 9097987.644704833626747 ], [ 6743520.419991124421358, 9097988.463227842003107 ], [ 6743540.42773474380374, 9097996.745447924360633 ], [ 6743558.450600976124406, 9098002.702519979327917 ], [ 6743591.832565443590283, 9098013.913392351940274 ], [ 6743618.338652389124036, 9098026.291122741997242 ], [ 6743632.483023286797106, 9098034.186129353940487 ], [ 6743644.662433338351548, 9098044.727703925222158 ], [ 6743671.111042754724622, 9098071.244189767166972 ], [ 6743690.634263864718378, 9098090.500317964702845 ], [ 6743710.578179247677326, 9098115.413588585332036 ], [ 6743728.27942303288728, 9098145.292191838845611 ], [ 6743736.525407711043954, 9098158.370989168062806 ], [ 6743743.848352250643075, 9098166.822210647165775 ], [ 6743760.463493533432484, 9098176.162855982780457 ], [ 6743792.971674690954387, 9098185.247967740520835 ], [ 6743813.573293604888022, 9098193.473472015932202 ], [ 6743832.100414635613561, 9098202.592662516981363 ], [ 6743848.240138844586909, 9098209.838256869465113 ], [ 6743871.32423641346395, 9098232.841684801504016 ], [ 6743886.465325962752104, 9098253.848256906494498 ], [ 6743897.925060041248798, 9098266.989560937508941 ], [ 6743909.119223796762526, 9098280.703612700104713 ], [ 6743919.238334654830396, 9098288.968954004347324 ], [ 6743938.924148289486766, 9098291.280448935925961 ], [ 6743969.444246393628418, 9098290.851654130965471 ], [ 6743986.1162901353091, 9098292.840533725917339 ], [ 6744012.943238463252783, 9098301.09521397575736 ], [ 6744044.21623183786869, 9098312.271222984418273 ], [ 6744092.180084448307753, 9098322.093569939956069 ], [ 6744103.537013304419816, 9098325.672687880694866 ], [ 6744114.960142720490694, 9098330.730743743479252 ], [ 6744141.439691447652876, 9098345.647809237241745 ], [ 6744148.78760457970202, 9098353.880036659538746 ], [ 6744155.698828748427331, 9098359.280718175694346 ], [ 6744164.736065004020929, 9098361.913870127871633 ], [ 6744173.439847094006836, 9098362.412098789587617 ], [ 6744190.595585356466472, 9098367.012565275654197 ], [ 6744211.795882325619459, 9098371.758909545838833 ], [ 6744229.276776157319546, 9098376.496393980458379 ], [ 6744247.445467460900545, 9098384.584226094186306 ], [ 6744265.979350232519209, 9098397.137065190821886 ], [ 6744288.480350192636251, 9098408.942960400134325 ], [ 6744320.457324521616101, 9098437.215295109897852 ], [ 6744351.283316299319267, 9098447.351787718012929 ], [ 6744369.97436648607254, 9098455.833380222320557 ], [ 6744386.719791433773935, 9098456.533292600885034 ], [ 6744407.336327070370317, 9098474.623324677348137 ], [ 6744416.380205988883972, 9098478.025693217292428 ], [ 6744444.994724673219025, 9098480.057516003027558 ], [ 6744473.521679505705833, 9098490.09710387326777 ], [ 6744503.960374073125422, 9098501.683789739385247 ], [ 6744514.485209352336824, 9098502.480758840218186 ], [ 6744526.274412648752332, 9098501.966725543141365 ], [ 6744538.699315620586276, 9098498.672477398067713 ], [ 6744555.753718232735991, 9098495.524979189038277 ], [ 6744581.657739312388003, 9098494.121964709833264 ], [ 6744596.88909749314189, 9098495.94704856351018 ], [ 6744609.120826316066086, 9098501.675193302333355 ], [ 6744617.543772669509053, 9098502.631900910288095 ], [ 6744631.840586980804801, 9098508.39691586047411 ], [ 6744652.211953923106194, 9098508.374180862680078 ], [ 6744664.740460636094213, 9098509.336640371009707 ], [ 6744676.000396127812564, 9098520.372768456116319 ], [ 6744683.005941483192146, 9098525.046479376032948 ], [ 6744695.767341883853078, 9098521.601668180897832 ], [ 6744702.277448989450932, 9098516.543931160122156 ], [ 6744709.741310831159353, 9098510.428074454888701 ], [ 6744716.737110418267548, 9098508.923603998497128 ], [ 6744723.492325271479785, 9098511.619984116405249 ], [ 6744732.057493831031024, 9098518.164165200665593 ], [ 6744742.110289951786399, 9098525.536467030644417 ], [ 6744751.765637176111341, 9098530.833637004718184 ], [ 6744752.796280198730528, 9098546.332988530397415 ], [ 6744756.575217235833406, 9098557.996166134253144 ], [ 6744766.31191162019968, 9098574.349672762677073 ], [ 6744783.293402874842286, 9098588.477301554754376 ], [ 6744797.060939892195165, 9098594.549457371234894 ], [ 6744812.186183270066977, 9098597.079113028943539 ], [ 6744827.861649639904499, 9098596.016360787674785 ], [ 6744859.263580710627139, 9098589.341106567531824 ], [ 6744909.21166299842298, 9098577.498060811311007 ], [ 6744983.280969487503171, 9098561.723610766232014 ], [ 6745024.909589525312185, 9098559.094958860427141 ], [ 6745044.961668568663299, 9098563.528659570962191 ], [ 6745063.458247647620738, 9098570.639561051502824 ], [ 6745099.964514786377549, 9098592.516942527145147 ], [ 6745125.3916379744187, 9098609.093492170795798 ], [ 6745158.157625171355903, 9098631.881659161299467 ], [ 6745197.76045767404139, 9098661.623959636315703 ], [ 6745215.081711592152715, 9098671.248489644378424 ], [ 6745232.214400514028966, 9098684.693015772849321 ], [ 6745251.9544678311795, 9098694.961232831701636 ], [ 6745265.548181507736444, 9098703.17614221572876 ], [ 6745336.230304997414351, 9098740.369875634089112 ], [ 6745385.531102570705116, 9098757.319870753213763 ], [ 6745426.479311212897301, 9098764.846351204439998 ], [ 6745512.688631979748607, 9098776.291017133742571 ], [ 6745588.930288372561336, 9098788.858580959960818 ], [ 6745653.635370327159762, 9098794.810194075107574 ], [ 6745708.040026891045272, 9098799.474018281325698 ], [ 6745767.563500468619168, 9098787.819820374250412 ], [ 6745856.397753000259399, 9098756.923803137615323 ], [ 6745908.574788601137698, 9098753.942208442837 ], [ 6745974.244765401817858, 9098768.596982827410102 ], [ 6745993.88603089004755, 9098775.917432053014636 ], [ 6746077.868798155337572, 9098816.410658882930875 ], [ 6746181.710252027027309, 9098859.105515658855438 ], [ 6746241.113836327567697, 9098869.965894253924489 ], [ 6746320.11169442627579, 9098850.512007484212518 ], [ 6746352.232076892629266, 9098848.299331532791257 ], [ 6746463.130782413296402, 9098829.328151786699891 ], [ 6746539.419541360810399, 9098816.832630617544055 ], [ 6746568.223942568525672, 9098806.498689282685518 ], [ 6746601.542361081577837, 9098791.147382743656635 ], [ 6746621.397385725751519, 9098780.24419361539185 ], [ 6746666.334392357617617, 9098766.015718160197139 ], [ 6746681.572049331851304, 9098762.683439746499062 ], [ 6746696.735540099442005, 9098751.45210356079042 ], [ 6746728.713342015631497, 9098725.320613102987409 ], [ 6746742.278181666508317, 9098713.540914535522461 ], [ 6746763.14824662078172, 9098701.450651161372662 ], [ 6746791.642410047352314, 9098696.112693944945931 ], [ 6746818.497939241118729, 9098695.361853986978531 ], [ 6746835.046377206221223, 9098693.737177079543471 ], [ 6746857.353980800136924, 9098686.74939145706594 ], [ 6746885.316927993670106, 9098673.391683408990502 ], [ 6746932.24290881305933, 9098658.053758796304464 ], [ 6746961.386138600297272, 9098652.07087623886764 ], [ 6746972.459329035133123, 9098645.679908487945795 ], [ 6746986.564776534214616, 9098629.170532258227468 ], [ 6747016.980410391464829, 9098599.043082386255264 ], [ 6747053.0396658629179, 9098575.237385923042893 ], [ 6747077.095081392675638, 9098553.883882358670235 ], [ 6747092.116806072182953, 9098540.636028997600079 ], [ 6747101.100021353922784, 9098524.974804470315576 ], [ 6747106.877089907415211, 9098516.842905584722757 ], [ 6747119.962350938469172, 9098505.230241969227791 ], [ 6747127.687480118125677, 9098498.138763815164566 ], [ 6747139.391826823353767, 9098485.602022062987089 ], [ 6747151.7043332811445, 9098462.165521845221519 ], [ 6747159.017230283468962, 9098444.924950569868088 ], [ 6747162.518902872689068, 9098433.490826494991779 ], [ 6747165.622810447588563, 9098425.884920887649059 ], [ 6747166.909430691972375, 9098421.035335704684258 ], [ 6747170.224599024280906, 9098414.949007907882333 ], [ 6747148.049781073816121, 9098391.805846719071269 ], [ 6747128.861661342903972, 9098373.281789487227798 ], [ 6747116.709815583191812, 9098361.428894262760878 ], [ 6747106.541197058744729, 9098349.489525776356459 ], [ 6747097.695154166780412, 9098335.731390839442611 ], [ 6747089.886043327860534, 9098323.438645424321294 ], [ 6747084.040192695334554, 9098304.616840148344636 ], [ 6747082.389531707391143, 9098283.178503803908825 ], [ 6747080.507050947286189, 9098262.920452374964952 ], [ 6747074.977488799020648, 9098226.571398900821805 ], [ 6747067.994730471633375, 9098204.496300855651498 ], [ 6747066.599435007199645, 9098177.489368243142962 ], [ 6747049.93852430023253, 9098156.308674771338701 ], [ 6747047.951009167358279, 9098138.558452701196074 ], [ 6747046.735826013609767, 9098115.782855784520507 ], [ 6747049.465990935452282, 9098095.224025892093778 ], [ 6747052.082745180465281, 9098066.905323443934321 ], [ 6747042.106463436037302, 9098041.509376101195812 ], [ 6747035.796003146097064, 9098025.025295570492744 ], [ 6747033.52693291939795, 9098000.03843361325562 ], [ 6747037.266876224428415, 9097965.750760477036238 ], [ 6747036.79577668197453, 9097944.87657773680985 ], [ 6747039.850597865879536, 9097927.693651279434562 ], [ 6747043.205272329971194, 9097909.971045084297657 ], [ 6747044.694712762720883, 9097893.720225628465414 ], [ 6747053.316254768520594, 9097866.920090926811099 ], [ 6747058.492978842929006, 9097853.068032344803214 ], [ 6747066.938199445605278, 9097837.495820494368672 ], [ 6747076.907268182374537, 9097813.091048028320074 ], [ 6747084.02341797016561, 9097792.963426016271114 ], [ 6747091.308003746904433, 9097775.275820536538959 ], [ 6747108.195372670888901, 9097750.2531433776021 ], [ 6747125.84855730086565, 9097730.0712881218642 ], [ 6747139.875332361087203, 9097716.205825887620449 ], [ 6747145.332439888268709, 9097705.134034780785441 ], [ 6747148.156604039482772, 9097682.377762358635664 ], [ 6747157.921115774661303, 9097656.935378732159734 ], [ 6747166.192344471812248, 9097636.419341800734401 ], [ 6747176.43574514426291, 9097606.077446976676583 ], [ 6747172.724830567836761, 9097587.404636668041348 ], [ 6747164.937827039510012, 9097567.15180010907352 ], [ 6747162.797735288739204, 9097545.628568118438125 ], [ 6747166.411461116746068, 9097525.989393977448344 ], [ 6747169.551321358419955, 9097502.531989797949791 ], [ 6747171.608411500230432, 9097459.268601922318339 ], [ 6747172.320583460852504, 9097433.456668252125382 ], [ 6747180.16265063546598, 9097401.471258830279112 ], [ 6747184.397096362896264, 9097393.12177830003202 ], [ 6747187.023955362848938, 9097379.262677242979407 ], [ 6747187.032608645968139, 9097361.494248671457171 ], [ 6747182.265414448454976, 9097347.926564645022154 ], [ 6747178.686081456020474, 9097326.285535614937544 ], [ 6747175.741185834631324, 9097291.216892719268799 ], [ 6747171.521026430651546, 9097257.459948569536209 ], [ 6747172.991497857496142, 9097250.156910389661789 ], [ 6747180.609189816750586, 9097236.372988652437925 ], [ 6747191.79387466609478, 9097224.130878427997231 ], [ 6747206.326937176287174, 9097206.11108154989779 ], [ 6747210.900571882724762, 9097194.440872760489583 ], [ 6747205.617210962809622, 9097175.632377319037914 ], [ 6747199.700222915969789, 9097136.34620812907815 ], [ 6747190.021818950772285, 9097101.532546315342188 ], [ 6747186.369005193933845, 9097085.602627174928784 ], [ 6747184.457069372758269, 9097069.009534984827042 ], [ 6747183.006969289854169, 9097039.098714275285602 ], [ 6747182.689908750355244, 9097014.991115840151906 ], [ 6747175.272338038310409, 9096993.415095869451761 ], [ 6747160.924764238297939, 9096949.727775268256664 ], [ 6747159.176938446238637, 9096938.997590003535151 ], [ 6747160.957226926460862, 9096927.295328367501497 ], [ 6747166.353188021108508, 9096916.076329164206982 ], [ 6747166.817264818586409, 9096910.488272884860635 ], [ 6747167.181559083983302, 9096888.962090898305178 ], [ 6747169.545025010593235, 9096867.187896016985178 ], [ 6747175.771164836362004, 9096845.715309556573629 ], [ 6747176.539640338160098, 9096839.415100570768118 ], [ 6747178.910294245928526, 9096822.257800186052918 ], [ 6747183.862772121094167, 9096802.728553384542465 ], [ 6747190.742500517517328, 9096789.581156829372048 ], [ 6747195.56999322399497, 9096784.700688179582357 ], [ 6747198.031617576256394, 9096752.872883995994925 ], [ 6747196.609732143580914, 9096740.533854743465781 ], [ 6747189.895141719840467, 9096710.029973037540913 ], [ 6747182.178250707685947, 9096684.2961216121912 ], [ 6747159.435422321781516, 9096671.949443029239774 ], [ 6747141.724102962762117, 9096660.468811282888055 ], [ 6747129.625479472801089, 9096650.050426537171006 ], [ 6747121.970493319444358, 9096631.57314345613122 ], [ 6747120.518027545884252, 9096601.317925151437521 ], [ 6747124.256273526698351, 9096582.374504450708628 ], [ 6747121.305418028496206, 9096571.64399654045701 ], [ 6747113.723533522337675, 9096546.571291819214821 ], [ 6747110.264760807156563, 9096530.232141733169556 ], [ 6747112.541597416624427, 9096514.996485002338886 ], [ 6747099.17109433747828, 9096474.729621600359678 ], [ 6747096.558669570833445, 9096465.376055104658008 ], [ 6747096.159059835597873, 9096440.846689099445939 ], [ 6747089.241587498225272, 9096430.576638044789433 ], [ 6747079.93566320836544, 9096416.64135186560452 ], [ 6747074.775188396684825, 9096400.539011027663946 ], [ 6747073.918571608141065, 9096379.426690207794309 ], [ 6747069.253114299848676, 9096364.167010542005301 ], [ 6747055.717634260654449, 9096336.299370629712939 ], [ 6747049.080166347324848, 9096317.887029636651278 ], [ 6747043.063088173046708, 9096299.24444523639977 ], [ 6747042.728712690994143, 9096290.6085553355515 ], [ 6747025.779757992364466, 9096244.964513018727303 ], [ 6747017.916994861327112, 9096221.533567566424608 ], [ 6747009.118165381252766, 9096203.754507925361395 ], [ 6746998.998674057424068, 9096186.071461610496044 ], [ 6746986.602076576091349, 9096167.107975153252482 ], [ 6746971.607301560230553, 9096153.31955942325294 ], [ 6746969.281708839349449, 9096118.916926622390747 ], [ 6746978.68948442209512, 9096081.347443418577313 ], [ 6746989.117694868706167, 9096033.310446025803685 ], [ 6746991.527146434411407, 9096024.57055033557117 ], [ 6747002.969076439738274, 9096001.246232930570841 ], [ 6747017.225840124301612, 9095976.471365887671709 ], [ 6747026.691414923407137, 9095951.648417107760906 ], [ 6747034.60024699755013, 9095930.341602392494678 ], [ 6747039.326711389236152, 9095918.056689826771617 ], [ 6747050.031990113668144, 9095905.120101872831583 ], [ 6747072.949418039992452, 9095882.061117898672819 ], [ 6747082.527328711934388, 9095873.497273411601782 ], [ 6747099.949561526998878, 9095849.566960968077183 ], [ 6747102.211845758371055, 9095837.490293117240071 ], [ 6747104.515927284955978, 9095820.932685911655426 ], [ 6747118.127778692170978, 9095804.577943166717887 ], [ 6747125.613340364769101, 9095796.426473211497068 ], [ 6747138.226571987383068, 9095772.563572617247701 ], [ 6747145.363679933361709, 9095743.624987768009305 ], [ 6747154.789600861258805, 9095724.821705242618918 ], [ 6747160.979955418035388, 9095712.733831575140357 ], [ 6747169.655182668939233, 9095693.040149867534637 ], [ 6747176.989433856680989, 9095677.612514743581414 ], [ 6747190.912503600120544, 9095633.933141898363829 ], [ 6747194.530892513692379, 9095602.980113919824362 ], [ 6747201.242746420204639, 9095554.750280139967799 ], [ 6747198.916949089616537, 9095529.202721348032355 ], [ 6747194.81947061419487, 9095505.261447094380856 ], [ 6747189.055749229155481, 9095488.389590933918953 ], [ 6747190.393914537504315, 9095470.800361931324005 ], [ 6747194.899846820160747, 9095453.228770410642028 ], [ 6747206.34103518165648, 9095437.266186287626624 ], [ 6747224.430883099325001, 9095421.154687691479921 ], [ 6747239.349493545480072, 9095413.766194252297282 ], [ 6747257.893213180825114, 9095411.236373491585255 ], [ 6747271.362764911726117, 9095408.761249395087361 ], [ 6747281.98947209212929, 9095401.983513427898288 ], [ 6747303.213517986238003, 9095405.01437159255147 ], [ 6747321.324432077817619, 9095410.368596123531461 ], [ 6747358.827912325039506, 9095422.590467356145382 ], [ 6747370.964366259053349, 9095419.878757687285542 ], [ 6747385.016411136835814, 9095409.686100954189897 ], [ 6747401.395258376374841, 9095390.618594391271472 ], [ 6747415.868392456322908, 9095379.29580813832581 ], [ 6747426.676904819905758, 9095374.130570711567998 ], [ 6747446.796361627057195, 9095368.301870563998818 ], [ 6747454.164229396730661, 9095353.779999509453773 ], [ 6747440.46068049967289, 9095329.996323049068451 ], [ 6747436.439162654802203, 9095308.383559061214328 ], [ 6747441.581512361764908, 9095297.196590082719922 ], [ 6747447.717447741888463, 9095283.077510625123978 ], [ 6747454.084078952670097, 9095271.579892301931977 ], [ 6747475.978155177086592, 9095250.982021993026137 ], [ 6747488.139264030382037, 9095240.688673935830593 ], [ 6747498.507719674147666, 9095225.260322069749236 ], [ 6747491.125181353650987, 9095202.304925039410591 ], [ 6747482.694085757248104, 9095191.11625755392015 ], [ 6747464.662714295089245, 9095176.111203175038099 ], [ 6747458.469810348004103, 9095135.147047745063901 ], [ 6747445.606945526786149, 9095056.981237962841988 ], [ 6747442.334845848381519, 9095042.116616746410728 ], [ 6747437.356514350511134, 9095042.960293624550104 ], [ 6747420.62196809053421, 9095040.172846484929323 ], [ 6747403.911647997796535, 9095042.151036061346531 ], [ 6747373.52259274572134, 9095021.895379880443215 ], [ 6747346.408397787250578, 9095004.513190928846598 ], [ 6747339.464645503088832, 9094981.196752715855837 ], [ 6747329.358355174772441, 9094971.243340319022536 ], [ 6747314.475985361263156, 9094964.583861235529184 ], [ 6747298.260897196829319, 9094956.814932484179735 ], [ 6747289.388664409518242, 9094938.866635769605637 ], [ 6747278.256705645471811, 9094928.929220199584961 ], [ 6747257.923548625782132, 9094907.867004094645381 ], [ 6747253.03249947540462, 9094880.142657842487097 ], [ 6747256.94834466651082, 9094849.499684434384108 ], [ 6747260.863446746021509, 9094826.781802216544747 ], [ 6747239.583466023206711, 9094819.60726997628808 ], [ 6747211.987568849697709, 9094811.742213035002351 ], [ 6747187.821671392768621, 9094799.118240881711245 ], [ 6747157.63669241592288, 9094786.068139752373099 ], [ 6747132.328299762681127, 9094770.639158852398396 ], [ 6747108.058299145661294, 9094774.363115500658751 ], [ 6747082.335237451829016, 9094807.016844654455781 ], [ 6747054.336416266858578, 9094830.189450170844793 ], [ 6747038.358292673714459, 9094837.859631204977632 ], [ 6747026.226515922695398, 9094849.518558895215392 ], [ 6747017.971274530515075, 9094863.028786648064852 ], [ 6747013.204247056506574, 9094877.451765945181251 ], [ 6747001.699448768980801, 9094885.526352256536484 ], [ 6746992.85420280508697, 9094893.603340230882168 ], [ 6746984.888299332000315, 9094900.705131568014622 ], [ 6746983.530911695212126, 9094911.88608717918396 ], [ 6746975.794994006864727, 9094930.418671136721969 ], [ 6746967.686995723284781, 9094935.791529357433319 ], [ 6746961.083812901750207, 9094936.857640415430069 ], [ 6746950.087080942466855, 9094934.644879749044776 ], [ 6746926.820127107203007, 9094921.860345888882875 ], [ 6746919.872751424089074, 9094918.161572383716702 ], [ 6746909.48438286036253, 9094906.863709164783359 ], [ 6746876.257759239524603, 9094883.913633054122329 ], [ 6746872.88247272092849, 9094883.364113003015518 ], [ 6746829.573251613415778, 9094868.158946797251701 ], [ 6746827.62135736271739, 9094867.899960136041045 ], [ 6746826.859027335420251, 9094868.170090151950717 ], [ 6746818.337565967813134, 9094873.110677611082792 ], [ 6746797.64937861263752, 9094869.944973146542907 ], [ 6746784.369378380477428, 9094865.99271590448916 ], [ 6746783.985894370824099, 9094862.240066243335605 ], [ 6746754.099850490689278, 9094851.567493509501219 ], [ 6746755.024611245840788, 9094808.542653072625399 ], [ 6746756.221317451447248, 9094782.482861496508121 ], [ 6746754.990086125209928, 9094759.949359640479088 ], [ 6746751.308708703145385, 9094729.75624674372375 ], [ 6746744.247883490286767, 9094699.197566125541925 ], [ 6746747.469159080646932, 9094658.566376401111484 ], [ 6746746.777018275111914, 9094631.579063300043344 ], [ 6746755.060050392523408, 9094604.101674051955342 ], [ 6746763.724715257063508, 9094574.737655492499471 ], [ 6746758.069395044818521, 9094569.887331703677773 ], [ 6746747.706685794517398, 9094563.688191460445523 ], [ 6746739.879788332618773, 9094565.960856324061751 ], [ 6746731.301754317246377, 9094564.977224092930555 ], [ 6746722.846855357289314, 9094559.038725584745407 ], [ 6746713.233336106874049, 9094547.21777805685997 ], [ 6746698.511279916390777, 9094509.231930308043957 ], [ 6746687.384018993936479, 9094490.887385472655296 ], [ 6746678.964823352172971, 9094469.132246609777212 ], [ 6746673.768661326728761, 9094448.575547520071268 ], [ 6746665.29581678006798, 9094440.099517213180661 ], [ 6746649.138582014478743, 9094405.923994347453117 ], [ 6746639.590919516049325, 9094387.622905898839235 ], [ 6746637.174759865738451, 9094356.75022767111659 ], [ 6746634.205927161499858, 9094328.207092532888055 ], [ 6746631.017435666173697, 9094319.105469036847353 ], [ 6746621.662925461307168, 9094305.95399522408843 ], [ 6746618.327870657667518, 9094293.24007017724216 ], [ 6746619.015062121674418, 9094277.731765562668443 ], [ 6746620.268793478608131, 9094268.794514747336507 ], [ 6746625.300691946409643, 9094251.145720228552818 ], [ 6746626.551154240965843, 9094240.945203838869929 ], [ 6746625.43409516569227, 9094214.996349645778537 ], [ 6746621.253295863047242, 9094170.626559615135193 ], [ 6746617.742400344461203, 9094144.699727647006512 ], [ 6746616.908550253137946, 9094119.831229889765382 ], [ 6746618.370292360894382, 9094110.851611195132136 ], [ 6746628.063467103987932, 9094091.268456790596247 ], [ 6746643.218257008120418, 9094080.195175116881728 ], [ 6746651.766396627761424, 9094068.327685635536909 ], [ 6746684.556187129579484, 9094049.934407610446215 ], [ 6746706.038311382755637, 9094019.865075411275029 ], [ 6746740.942527413368225, 9093972.252903519198298 ], [ 6746753.357233599759638, 9093946.685637610033154 ], [ 6746770.101724003441632, 9093930.636012235656381 ], [ 6746797.876915454864502, 9093910.652679450809956 ], [ 6746807.641657434403896, 9093897.980755040422082 ], [ 6746852.764060599729419, 9093845.672771392390132 ], [ 6746887.426973705179989, 9093793.118871282786131 ], [ 6746929.280190352350473, 9093743.978339325636625 ], [ 6746973.725719850510359, 9093716.860137593001127 ], [ 6746996.868229817599058, 9093699.877797067165375 ], [ 6747019.170918870717287, 9093716.660322850570083 ], [ 6747102.965416267514229, 9093688.919009687379003 ], [ 6747126.05019039940089, 9093683.918144291266799 ], [ 6747149.768353772349656, 9093688.437705246731639 ], [ 6747177.311884239315987, 9093699.909945659339428 ], [ 6747199.263659263029695, 9093698.237000158056617 ], [ 6747220.532172856852412, 9093690.123611403629184 ], [ 6747237.919560609385371, 9093676.805442707613111 ], [ 6747248.376208916306496, 9093662.877831149846315 ], [ 6747248.669095616787672, 9093647.464455949142575 ], [ 6747242.750880030915141, 9093613.875745655968785 ], [ 6747269.702860354445875, 9093579.335906567052007 ], [ 6747279.419957794249058, 9093560.704253766685724 ], [ 6747267.57509074267, 9093542.076962258666754 ], [ 6747241.00935525726527, 9093518.151752198114991 ], [ 6747232.789206146262586, 9093469.994937356561422 ], [ 6747227.831989092752337, 9093440.550506863743067 ], [ 6747191.166699659079313, 9093418.90461065992713 ], [ 6747176.739305493421853, 9093403.499727932736278 ], [ 6747166.093142745085061, 9093370.665234059095383 ], [ 6747172.878966191783547, 9093360.368757864460349 ], [ 6747198.188799729570746, 9093356.442951641976833 ], [ 6747219.245737631805241, 9093360.328294156119227 ], [ 6747262.044572905637324, 9093347.559552637860179 ], [ 6747273.695629878900945, 9093320.492690896615386 ], [ 6747288.773474972695112, 9093273.321889881044626 ], [ 6747291.501321309246123, 9093244.894478676840663 ], [ 6747293.061097427271307, 9093227.376933146268129 ], [ 6747294.806174986995757, 9093214.791174534708261 ], [ 6747289.006739963777363, 9093195.244936751201749 ], [ 6747290.471982609480619, 9093149.958634737879038 ], [ 6747291.627587511204183, 9093121.981523405760527 ], [ 6747300.042258481495082, 9093073.697232520207763 ], [ 6747303.282576876692474, 9093056.563668832182884 ], [ 6747316.794981269165874, 9093024.7166428565979 ], [ 6747324.276695976965129, 9093002.701066251844168 ], [ 6747327.970546404831111, 9092979.726969234645367 ], [ 6747335.107071690261364, 9092926.805003225803375 ], [ 6747336.084909952245653, 9092902.326230861246586 ], [ 6747345.587667437270284, 9092873.020660910755396 ], [ 6747345.557403080165386, 9092847.558007549494505 ], [ 6747336.142590098083019, 9092841.334975384175777 ], [ 6747313.188482888042927, 9092828.368220362812281 ], [ 6747282.164639414288104, 9092815.60519927367568 ], [ 6747224.788113038986921, 9092782.539146056398749 ], [ 6747209.438009813427925, 9092763.436900826171041 ], [ 6747195.324367872439325, 9092747.285371216014028 ], [ 6747169.615180738270283, 9092736.468009578064084 ], [ 6747105.064216304570436, 9092699.827537123113871 ], [ 6747045.689722168259323, 9092710.770125180482864 ], [ 6747013.3864949895069, 9092692.738124586641788 ], [ 6746990.17984015494585, 9092657.200599130243063 ], [ 6746976.917181804776192, 9092636.973931383341551 ], [ 6746953.986690179444849, 9092611.131249500438571 ], [ 6746974.692374393343925, 9092611.549239624291658 ], [ 6746973.975087897852063, 9092603.329927869141102 ], [ 6746243.199186509475112, 9092609.612195122987032 ], [ 6745852.297344097867608, 9092623.711800510063767 ], [ 6745457.686913403682411, 9092634.848224384710193 ], [ 6745001.391865022480488, 9092647.717709863558412 ], [ 6744928.673517071641982, 9092649.770035231485963 ], [ 6744912.24933473393321, 9092650.233596818521619 ] ] ] } },
{ "type": "Feature", "properties": { "lv_id": "LOC_024387", "id": 120698.0, "CD_SETOR": "261247105000001", "SITUACAO": "Urbana", "CD_SIT": "1", "CD_TIPO": "0", "AREA_KM2": 0.080649261674203998, "CD_REGIAO": "2", "NM_REGIAO": "Nordeste", "CD_UF": "26", "NM_UF": "Pernambuco", "CD_MUN": "2612471", "NM_MUN": "Santa Cruz da Baixa Verde", "CD_DIST": "261247105", "NM_DIST": "Santa Cruz da Baixa Verde", "CD_SUBDIST": "26124710500", "NM_SUBDIST": null, "CD_BAIRRO": null, "NM_BAIRRO": null, "CD_NU": null, "NM_NU": null, "CD_FCU": null, "NM_FCU": null, "CD_AGLOM": null, "NM_AGLOM": null, "CD_RGINT": "2603", "NM_RGINT": "Serra Talhada", "CD_RGI": "260013", "NM_RGI": "Serra Talhada", "CD_CONCURB": null, "NM_CONCURB": null, "mun_code_x": "2612471", "index_right": 49388, "dist_m": 323.80249368572538, "local_id": 251594, "ano": 2022, "cod_localidade_ibge": 2612471, "NR_ZONA": "71", "nr_cep": 56895000.0, "nm_localidade": "SANTA CRUZ DA BAIXA VERDE", "nm_locvot": "ESCOLA ESTADUAL REGINA PACIS", "ds_endereco": "RUA MANOEL DA CRUZ, 175", "ds_bairro": "CENTRO", "pred_long": -38.147978, "pred_lat": -7.821357, "pred_dist": 0.0, "tse_long": -38.1478559, "tse_lat": -7.8214775, "long": -38.1478559, "lat": -7.8214775, "ID_UNICO": "LOC_024387", "SG_UF": "PE", "CD_MUNICIPIO": "23043", "NR_LOCAL_VOTACAO": "1031", "QT_SECOES_AGREGADAS": 0, "QT_ELEITORES_TRANSFERIDOS": 0, "CIRO GOMES (PDT) (NÃO ELEITO) 1T": 34.0, "CONSTITUINTE EYMAEL (DC) (NÃO ELEITO) 1T": 0.0, "FELIPE D AVILA (NOVO) (NÃO ELEITO) 1T": 0.0, "JAIR BOLSONARO (PL) (2º TURNO) 1T": 390.0, "LULA (PT) (2º TURNO) 1T": 2108.0, "LÉO PÉRICLES (UP) (NÃO ELEITO) 1T": 0.0, "PADRE KELMON (PTB) (NÃO ELEITO) 1T": 3.0, "SIMONE TEBET (MDB) (NÃO ELEITO) 1T": 31.0, "SOFIA MANZANO (PCB) (NÃO ELEITO) 1T": 0.0, "SORAYA THRONICKE (UNIÃO) (NÃO ELEITO) 1T": 6.0, "VERA (PSTU) (NÃO ELEITO) 1T": 0.0, "Total_Votos_Validos 1T": 2572.0, "Votos_Brancos 1T": 26.0, "Votos_Nulos 1T": 101.0, "Abstenções 1T": 623.0, "Eleitores_Aptos 1T": 3322.0, "JAIR BOLSONARO (PL) (NÃO ELEITO) 2T": 465.0, "LULA (PT) (ELEITO) 2T": 2113.0, "Total_Votos_Validos 2T": 2578.0, "Votos_Brancos 2T": 31.0, "Votos_Nulos 2T": 139.0, "Abstenções 2T": 574.0, "Eleitores_Aptos 2T": 3322.0, "mun_code_y": "2612471", "mun_code": "2612471" }, "geometry": { "type": "Polygon", "coordinates": [ [ [ 6747740.710431840270758, 9097091.218431228771806 ], [ 6748252.514700064435601, 9096694.614054443314672 ], [ 6748296.218027877621353, 9096626.613694783300161 ], [ 6748264.414017591625452, 9096402.118263740092516 ], [ 6748302.621056366711855, 9096205.417332638055086 ], [ 6748507.31580019928515, 9095917.412440227344632 ], [ 6748506.544087601825595, 9095911.250663720071316 ], [ 6748502.921314141713083, 9095882.316574342548847 ], [ 6748474.920001892372966, 9095657.0209059137851 ], [ 6748505.616083304397762, 9095471.812266495078802 ], [ 6748469.416183446533978, 9095162.209404056891799 ], [ 6748507.217235828749835, 9095034.413877811282873 ], [ 6748720.918851951137185, 9094790.217508351430297 ], [ 6748951.010604655370116, 9094637.617353415116668 ], [ 6749053.311989987269044, 9094232.60865025036037 ], [ 6749216.110514179803431, 9093897.211547128856182 ], [ 6750637.619159151799977, 9092076.104151574894786 ], [ 6749604.41410656273365, 9092580.602814165875316 ], [ 6746973.975087897852063, 9092603.329927869141102 ], [ 6746974.692374393343925, 9092611.549239624291658 ], [ 6746953.986690179444849, 9092611.131249500438571 ], [ 6746976.917181804776192, 9092636.973931383341551 ], [ 6746990.17984015494585, 9092657.200599130243063 ], [ 6747013.3864949895069, 9092692.738124586641788 ], [ 6747045.689722168259323, 9092710.770125180482864 ], [ 6747105.064216304570436, 9092699.827537123113871 ], [ 6747169.615180738270283, 9092736.468009578064084 ], [ 6747195.324367872439325, 9092747.285371216014028 ], [ 6747209.438009813427925, 9092763.436900826171041 ], [ 6747224.788113038986921, 9092782.539146056398749 ], [ 6747282.164639414288104, 9092815.60519927367568 ], [ 6747313.188482888042927, 9092828.368220362812281 ], [ 6747336.142590098083019, 9092841.334975384175777 ], [ 6747345.557403080165386, 9092847.558007549494505 ], [ 6747345.587667437270284, 9092873.020660910755396 ], [ 6747336.084909952245653, 9092902.326230861246586 ], [ 6747335.107071690261364, 9092926.805003225803375 ], [ 6747327.970546404831111, 9092979.726969234645367 ], [ 6747324.276695976965129, 9093002.701066251844168 ], [ 6747316.794981269165874, 9093024.7166428565979 ], [ 6747303.282576876692474, 9093056.563668832182884 ], [ 6747300.042258481495082, 9093073.697232520207763 ], [ 6747291.627587511204183, 9093121.981523405760527 ], [ 6747290.471982609480619, 9093149.958634737879038 ], [ 6747289.006739963777363, 9093195.244936751201749 ], [ 6747294.806174986995757, 9093214.791174534708261 ], [ 6747293.061097427271307, 9093227.376933146268129 ], [ 6747291.501321309246123, 9093244.894478676840663 ], [ 6747288.773474972695112, 9093273.321889881044626 ], [ 6747273.695629878900945, 9093320.492690896615386 ], [ 6747262.044572905637324, 9093347.559552637860179 ], [ 6747219.245737631805241, 9093360.328294156119227 ], [ 6747198.188799729570746, 9093356.442951641976833 ], [ 6747172.878966191783547, 9093360.368757864460349 ], [ 6747166.093142745085061, 9093370.665234059095383 ], [ 6747176.739305493421853, 9093403.499727932736278 ], [ 6747191.166699659079313, 9093418.90461065992713 ], [ 6747227.831989092752337, 9093440.550506863743067 ], [ 6747232.789206146262586, 9093469.994937356561422 ], [ 6747241.00935525726527, 9093518.151752198114991 ], [ 6747267.57509074267, 9093542.076962258666754 ], [ 6747279.419957794249058, 9093560.704253766685724 ], [ 6747269.702860354445875, 9093579.335906567052007 ], [ 6747242.750880030915141, 9093613.875745655968785 ], [ 6747248.669095616787672, 9093647.464455949142575 ], [ 6747248.376208916306496, 9093662.877831149846315 ], [ 6747237.919560609385371, 9093676.805442707613111 ], [ 6747220.532172856852412, 9093690.123611403629184 ], [ 6747199.263659263029695, 9093698.237000158056617 ], [ 6747177.311884239315987, 9093699.909945659339428 ], [ 6747149.768353772349656, 9093688.437705246731639 ], [ 6747126.05019039940089, 9093683.918144291266799 ], [ 6747102.965416267514229, 9093688.919009687379003 ], [ 6747019.170918870717287, 9093716.660322850570083 ], [ 6746996.868229817599058, 9093699.877797067165375 ], [ 6746973.725719850510359, 9093716.860137593001127 ], [ 6746929.280190352350473, 9093743.978339325636625 ], [ 6746887.426973705179989, 9093793.118871282786131 ], [ 6746852.764060599729419, 9093845.672771392390132 ], [ 6746807.641657434403896, 9093897.980755040422082 ], [ 6746797.876915454864502, 9093910.652679450809956 ], [ 6746770.101724003441632, 9093930.636012235656381 ], [ 6746753.357233599759638, 9093946.685637610033154 ], [ 6746740.942527413368225, 9093972.252903519198298 ], [ 6746706.038311382755637, 9094019.865075411275029 ], [ 6746684.556187129579484, 9094049.934407610446215 ], [ 6746651.766396627761424, 9094068.327685635536909 ], [ 6746643.218257008120418, 9094080.195175116881728 ], [ 6746628.063467103987932, 9094091.268456790596247 ], [ 6746618.370292360894382, 9094110.851611195132136 ], [ 6746616.908550253137946, 9094119.831229889765382 ], [ 6746617.742400344461203, 9094144.699727647006512 ], [ 6746621.253295863047242, 9094170.626559615135193 ], [ 6746625.43409516569227, 9094214.996349645778537 ], [ 6746626.551154240965843, 9094240.945203838869929 ], [ 6746625.300691946409643, 9094251.145720228552818 ], [ 6746620.268793478608131, 9094268.794514747336507 ], [ 6746619.015062121674418, 9094277.731765562668443 ], [ 6746618.327870657667518, 9094293.24007017724216 ], [ 6746621.662925461307168, 9094305.95399522408843 ], [ 6746631.017435666173697, 9094319.105469036847353 ], [ 6746634.205927161499858, 9094328.207092532888055 ], [ 6746637.174759865738451, 9094356.75022767111659 ], [ 6746639.590919516049325, 9094387.622905898839235 ], [ 6746649.138582014478743, 9094405.923994347453117 ], [ 6746665.29581678006798, 9094440.099517213180661 ], [ 6746673.768661326728761, 9094448.575547520071268 ], [ 6746678.964823352172971, 9094469.132246609777212 ], [ 6746687.384018993936479, 9094490.887385472655296 ], [ 6746698.511279916390777, 9094509.231930308043957 ], [ 6746713.233336106874049, 9094547.21777805685997 ], [ 6746722.846855357289314, 9094559.038725584745407 ], [ 6746731.301754317246377, 9094564.977224092930555 ], [ 6746739.879788332618773, 9094565.960856324061751 ], [ 6746747.706685794517398, 9094563.688191460445523 ], [ 6746758.069395044818521, 9094569.887331703677773 ], [ 6746763.724715257063508, 9094574.737655492499471 ], [ 6746755.060050392523408, 9094604.101674051955342 ], [ 6746746.777018275111914, 9094631.579063300043344 ], [ 6746747.469159080646932, 9094658.566376401111484 ], [ 6746744.247883490286767, 9094699.197566125541925 ], [ 6746751.308708703145385, 9094729.75624674372375 ], [ 6746754.990086125209928, 9094759.949359640479088 ], [ 6746756.221317451447248, 9094782.482861496508121 ], [ 6746755.024611245840788, 9094808.542653072625399 ], [ 6746754.099850490689278, 9094851.567493509501219 ], [ 6746783.985894370824099, 9094862.240066243335605 ], [ 6746784.369378380477428, 9094865.99271590448916 ], [ 6746797.64937861263752, 9094869.944973146542907 ], [ 6746818.337565967813134, 9094873.110677611082792 ], [ 6746826.859027335420251, 9094868.170090151950717 ], [ 6746827.62135736271739, 9094867.899960136041045 ], [ 6746829.573251613415778, 9094868.158946797251701 ], [ 6746872.88247272092849, 9094883.364113003015518 ], [ 6746876.257759239524603, 9094883.913633054122329 ], [ 6746909.48438286036253, 9094906.863709164783359 ], [ 6746919.872751424089074, 9094918.161572383716702 ], [ 6746926.820127107203007, 9094921.860345888882875 ], [ 6746950.087080942466855, 9094934.644879749044776 ], [ 6746961.083812901750207, 9094936.857640415430069 ], [ 6746967.686995723284781, 9094935.791529357433319 ], [ 6746975.794994006864727, 9094930.418671136721969 ], [ 6746983.530911695212126, 9094911.88608717918396 ], [ 6746984.888299332000315, 9094900.705131568014622 ], [ 6746992.85420280508697, 9094893.603340230882168 ], [ 6747001.699448768980801, 9094885.526352256536484 ], [ 6747013.204247056506574, 9094877.451765945181251 ], [ 6747017.971274530515075, 9094863.028786648064852 ], [ 6747026.226515922695398, 9094849.518558895215392 ], [ 6747038.358292673714459, 9094837.859631204977632 ], [ 6747054.336416266858578, 9094830.189450170844793 ], [ 6747082.335237451829016, 9094807.016844654455781 ], [ 6747108.058299145661294, 9094774.363115500658751 ], [ 6747132.328299762681127, 9094770.639158852398396 ], [ 6747157.63669241592288, 9094786.068139752373099 ], [ 6747187.821671392768621, 9094799.118240881711245 ], [ 6747211.987568849697709, 9094811.742213035002351 ], [ 6747239.583466023206711, 9094819.60726997628808 ], [ 6747260.863446746021509, 9094826.781802216544747 ], [ 6747256.94834466651082, 9094849.499684434384108 ], [ 6747253.03249947540462, 9094880.142657842487097 ], [ 6747257.923548625782132, 9094907.867004094645381 ], [ 6747278.256705645471811, 9094928.929220199584961 ], [ 6747289.388664409518242, 9094938.866635769605637 ], [ 6747298.260897196829319, 9094956.814932484179735 ], [ 6747314.475985361263156, 9094964.583861235529184 ], [ 6747329.358355174772441, 9094971.243340319022536 ], [ 6747339.464645503088832, 9094981.196752715855837 ], [ 6747346.408397787250578, 9095004.513190928846598 ], [ 6747373.52259274572134, 9095021.895379880443215 ], [ 6747403.911647997796535, 9095042.151036061346531 ], [ 6747420.62196809053421, 9095040.172846484929323 ], [ 6747437.356514350511134, 9095042.960293624550104 ], [ 6747442.334845848381519, 9095042.116616746410728 ], [ 6747445.606945526786149, 9095056.981237962841988 ], [ 6747458.469810348004103, 9095135.147047745063901 ], [ 6747464.662714295089245, 9095176.111203175038099 ], [ 6747482.694085757248104, 9095191.11625755392015 ], [ 6747491.125181353650987, 9095202.304925039410591 ], [ 6747498.507719674147666, 9095225.260322069749236 ], [ 6747488.139264030382037, 9095240.688673935830593 ], [ 6747475.978155177086592, 9095250.982021993026137 ], [ 6747454.084078952670097, 9095271.579892301931977 ], [ 6747447.717447741888463, 9095283.077510625123978 ], [ 6747441.581512361764908, 9095297.196590082719922 ], [ 6747436.439162654802203, 9095308.383559061214328 ], [ 6747440.46068049967289, 9095329.996323049068451 ], [ 6747454.164229396730661, 9095353.779999509453773 ], [ 6747446.796361627057195, 9095368.301870563998818 ], [ 6747426.676904819905758, 9095374.130570711567998 ], [ 6747415.868392456322908, 9095379.29580813832581 ], [ 6747401.395258376374841, 9095390.618594391271472 ], [ 6747385.016411136835814, 9095409.686100954189897 ], [ 6747370.964366259053349, 9095419.878757687285542 ], [ 6747358.827912325039506, 9095422.590467356145382 ], [ 6747321.324432077817619, 9095410.368596123531461 ], [ 6747303.213517986238003, 9095405.01437159255147 ], [ 6747281.98947209212929, 9095401.983513427898288 ], [ 6747271.362764911726117, 9095408.761249395087361 ], [ 6747257.893213180825114, 9095411.236373491585255 ], [ 6747239.349493545480072, 9095413.766194252297282 ], [ 6747224.430883099325001, 9095421.154687691479921 ], [ 6747206.34103518165648, 9095437.266186287626624 ], [ 6747194.899846820160747, 9095453.228770410642028 ], [ 6747190.393914537504315, 9095470.800361931324005 ], [ 6747189.055749229155481, 9095488.389590933918953 ], [ 6747194.81947061419487, 9095505.261447094380856 ], [ 6747198.916949089616537, 9095529.202721348032355 ], [ 6747201.242746420204639, 9095554.750280139967799 ], [ 6747194.530892513692379, 9095602.980113919824362 ], [ 6747190.912503600120544, 9095633.933141898363829 ], [ 6747176.989433856680989, 9095677.612514743581414 ], [ 6747169.655182668939233, 9095693.040149867534637 ], [ 6747160.979955418035388, 9095712.733831575140357 ], [ 6747154.789600861258805, 9095724.821705242618918 ], [ 6747145.363679933361709, 9095743.624987768009305 ], [ 6747138.226571987383068, 9095772.563572617247701 ], [ 6747125.613340364769101, 9095796.426473211497068 ], [ 6747118.127778692170978, 9095804.577943166717887 ], [ 6747104.515927284955978, 9095820.932685911655426 ], [ 6747102.211845758371055, 9095837.490293117240071 ], [ 6747099.949561526998878, 9095849.566960968077183 ], [ 6747082.527328711934388, 9095873.497273411601782 ], [ 6747072.949418039992452, 9095882.061117898672819 ], [ 6747050.031990113668144, 9095905.120101872831583 ], [ 6747039.326711389236152, 9095918.056689826771617 ], [ 6747034.60024699755013, 9095930.341602392494678 ], [ 6747026.691414923407137, 9095951.648417107760906 ], [ 6747017.225840124301612, 9095976.471365887671709 ], [ 6747002.969076439738274, 9096001.246232930570841 ], [ 6746991.527146434411407, 9096024.57055033557117 ], [ 6746989.117694868706167, 9096033.310446025803685 ], [ 6746978.68948442209512, 9096081.347443418577313 ], [ 6746969.281708839349449, 9096118.916926622390747 ], [ 6746971.607301560230553, 9096153.31955942325294 ], [ 6746986.602076576091349, 9096167.107975153252482 ], [ 6746998.998674057424068, 9096186.071461610496044 ], [ 6747009.118165381252766, 9096203.754507925361395 ], [ 6747017.916994861327112, 9096221.533567566424608 ], [ 6747025.779757992364466, 9096244.964513018727303 ], [ 6747042.728712690994143, 9096290.6085553355515 ], [ 6747043.063088173046708, 9096299.24444523639977 ], [ 6747049.080166347324848, 9096317.887029636651278 ], [ 6747055.717634260654449, 9096336.299370629712939 ], [ 6747069.253114299848676, 9096364.167010542005301 ], [ 6747073.918571608141065, 9096379.426690207794309 ], [ 6747074.775188396684825, 9096400.539011027663946 ], [ 6747079.93566320836544, 9096416.64135186560452 ], [ 6747089.241587498225272, 9096430.576638044789433 ], [ 6747096.159059835597873, 9096440.846689099445939 ], [ 6747096.558669570833445, 9096465.376055104658008 ], [ 6747099.17109433747828, 9096474.729621600359678 ], [ 6747112.541597416624427, 9096514.996485002338886 ], [ 6747110.264760807156563, 9096530.232141733169556 ], [ 6747113.723533522337675, 9096546.571291819214821 ], [ 6747121.305418028496206, 9096571.64399654045701 ], [ 6747124.256273526698351, 9096582.374504450708628 ], [ 6747120.518027545884252, 9096601.317925151437521 ], [ 6747121.970493319444358, 9096631.57314345613122 ], [ 6747129.625479472801089, 9096650.050426537171006 ], [ 6747141.724102962762117, 9096660.468811282888055 ], [ 6747159.435422321781516, 9096671.949443029239774 ], [ 6747182.178250707685947, 9096684.2961216121912 ], [ 6747189.895141719840467, 9096710.029973037540913 ], [ 6747196.609732143580914, 9096740.533854743465781 ], [ 6747198.031617576256394, 9096752.872883995994925 ], [ 6747195.56999322399497, 9096784.700688179582357 ], [ 6747190.742500517517328, 9096789.581156829372048 ], [ 6747183.862772121094167, 9096802.728553384542465 ], [ 6747178.910294245928526, 9096822.257800186052918 ], [ 6747176.539640338160098, 9096839.415100570768118 ], [ 6747175.771164836362004, 9096845.715309556573629 ], [ 6747169.545025010593235, 9096867.187896016985178 ], [ 6747167.181559083983302, 9096888.962090898305178 ], [ 6747166.817264818586409, 9096910.488272884860635 ], [ 6747166.353188021108508, 9096916.076329164206982 ], [ 6747160.957226926460862, 9096927.295328367501497 ], [ 6747159.176938446238637, 9096938.997590003535151 ], [ 6747160.924764238297939, 9096949.727775268256664 ], [ 6747175.272338038310409, 9096993.415095869451761 ], [ 6747182.689908750355244, 9097014.991115840151906 ], [ 6747183.006969289854169, 9097039.098714275285602 ], [ 6747184.457069372758269, 9097069.009534984827042 ], [ 6747186.369005193933845, 9097085.602627174928784 ], [ 6747190.021818950772285, 9097101.532546315342188 ], [ 6747199.700222915969789, 9097136.34620812907815 ], [ 6747205.617210962809622, 9097175.632377319037914 ], [ 6747210.900571882724762, 9097194.440872760489583 ], [ 6747206.326937176287174, 9097206.11108154989779 ], [ 6747191.79387466609478, 9097224.130878427997231 ], [ 6747180.609189816750586, 9097236.372988652437925 ], [ 6747172.991497857496142, 9097250.156910389661789 ], [ 6747171.521026430651546, 9097257.459948569536209 ], [ 6747175.741185834631324, 9097291.216892719268799 ], [ 6747178.686081456020474, 9097326.285535614937544 ], [ 6747182.265414448454976, 9097347.926564645022154 ], [ 6747187.032608645968139, 9097361.494248671457171 ], [ 6747187.023955362848938, 9097379.262677242979407 ], [ 6747184.397096362896264, 9097393.12177830003202 ], [ 6747180.16265063546598, 9097401.471258830279112 ], [ 6747172.320583460852504, 9097433.456668252125382 ], [ 6747171.608411500230432, 9097459.268601922318339 ], [ 6747169.551321358419955, 9097502.531989797949791 ], [ 6747166.411461116746068, 9097525.989393977448344 ], [ 6747162.797735288739204, 9097545.628568118438125 ], [ 6747164.937827039510012, 9097567.15180010907352 ], [ 6747172.724830567836761, 9097587.404636668041348 ], [ 6747176.43574514426291, 9097606.077446976676583 ], [ 6747166.192344471812248, 9097636.419341800734401 ], [ 6747157.921115774661303, 9097656.935378732159734 ], [ 6747148.156604039482772, 9097682.377762358635664 ], [ 6747145.332439888268709, 9097705.134034780785441 ], [ 6747139.875332361087203, 9097716.205825887620449 ], [ 6747125.84855730086565, 9097730.0712881218642 ], [ 6747108.195372670888901, 9097750.2531433776021 ], [ 6747091.308003746904433, 9097775.275820536538959 ], [ 6747084.02341797016561, 9097792.963426016271114 ], [ 6747076.907268182374537, 9097813.091048028320074 ], [ 6747066.938199445605278, 9097837.495820494368672 ], [ 6747058.492978842929006, 9097853.068032344803214 ], [ 6747053.316254768520594, 9097866.920090926811099 ], [ 6747044.694712762720883, 9097893.720225628465414 ], [ 6747043.205272329971194, 9097909.971045084297657 ], [ 6747039.850597865879536, 9097927.693651279434562 ], [ 6747036.79577668197453, 9097944.87657773680985 ], [ 6747037.266876224428415, 9097965.750760477036238 ], [ 6747033.52693291939795, 9098000.03843361325562 ], [ 6747035.796003146097064, 9098025.025295570492744 ], [ 6747042.106463436037302, 9098041.509376101195812 ], [ 6747052.082745180465281, 9098066.905323443934321 ], [ 6747049.465990935452282, 9098095.224025892093778 ], [ 6747046.735826013609767, 9098115.782855784520507 ], [ 6747047.951009167358279, 9098138.558452701196074 ], [ 6747049.93852430023253, 9098156.308674771338701 ], [ 6747066.599435007199645, 9098177.489368243142962 ], [ 6747067.994730471633375, 9098204.496300855651498 ], [ 6747074.977488799020648, 9098226.571398900821805 ], [ 6747080.507050947286189, 9098262.920452374964952 ], [ 6747082.389531707391143, 9098283.178503803908825 ], [ 6747084.040192695334554, 9098304.616840148344636 ], [ 6747089.886043327860534, 9098323.438645424321294 ], [ 6747097.695154166780412, 9098335.731390839442611 ], [ 6747106.541197058744729, 9098349.489525776356459 ], [ 6747116.709815583191812, 9098361.428894262760878 ], [ 6747128.861661342903972, 9098373.281789487227798 ], [ 6747148.049781073816121, 9098391.805846719071269 ], [ 6747170.224599024280906, 9098414.949007907882333 ], [ 6747166.909430691972375, 9098421.035335704684258 ], [ 6747165.622810447588563, 9098425.884920887649059 ], [ 6747162.518902872689068, 9098433.490826494991779 ], [ 6747159.017230283468962, 9098444.924950569868088 ], [ 6747151.7043332811445, 9098462.165521845221519 ], [ 6747139.391826823353767, 9098485.602022062987089 ], [ 6747127.687480118125677, 9098498.138763815164566 ], [ 6747119.962350938469172, 9098505.230241969227791 ], [ 6747106.877089907415211, 9098516.842905584722757 ], [ 6747101.100021353922784, 9098524.974804470315576 ], [ 6747092.116806072182953, 9098540.636028997600079 ], [ 6747077.095081392675638, 9098553.883882358670235 ], [ 6747053.0396658629179, 9098575.237385923042893 ], [ 6747016.980410391464829, 9098599.043082386255264 ], [ 6746986.564776534214616, 9098629.170532258227468 ], [ 6746972.459329035133123, 9098645.679908487945795 ], [ 6746961.386138600297272, 9098652.07087623886764 ], [ 6746932.24290881305933, 9098658.053758796304464 ], [ 6746885.316927993670106, 9098673.391683408990502 ], [ 6746857.353980800136924, 9098686.74939145706594 ], [ 6746835.046377206221223, 9098693.737177079543471 ], [ 6746818.497939241118729, 9098695.361853986978531 ], [ 6746791.642410047352314, 9098696.112693944945931 ], [ 6746763.14824662078172, 9098701.450651161372662 ], [ 6746742.278181666508317, 9098713.540914535522461 ], [ 6746728.713342015631497, 9098725.320613102987409 ], [ 6746696.735540099442005, 9098751.45210356079042 ], [ 6746681.572049331851304, 9098762.683439746499062 ], [ 6746666.334392357617617, 9098766.015718160197139 ], [ 6746621.397385725751519, 9098780.24419361539185 ], [ 6746601.542361081577837, 9098791.147382743656635 ], [ 6746568.223942568525672, 9098806.498689282685518 ], [ 6746539.419541360810399, 9098816.832630617544055 ], [ 6746556.888204937800765, 9098827.738160388544202 ], [ 6746570.659265326336026, 9098840.402822557836771 ], [ 6746590.234483039006591, 9098855.708006018772721 ], [ 6746609.16262608859688, 9098886.496741117909551 ], [ 6746617.518487679772079, 9098930.892945567145944 ], [ 6746610.488060310482979, 9098965.476350210607052 ], [ 6746592.774445745162666, 9098996.799541531130672 ], [ 6746508.027575223706663, 9099107.077080680057406 ], [ 6746491.424437084235251, 9099146.282791769132018 ], [ 6746486.309884998947382, 9099191.704437740147114 ], [ 6746450.203448802232742, 9099714.940144132822752 ], [ 6746443.801750166341662, 9099788.031783871352673 ], [ 6746439.82224153354764, 9099854.462486986070871 ], [ 6746443.204688842408359, 9099917.663680711761117 ], [ 6746454.500108819454908, 9099953.335121691226959 ], [ 6746472.943659226410091, 9099988.622018789872527 ], [ 6746521.519651554524899, 9100055.389772290363908 ], [ 6746621.657804561778903, 9100190.582003341987729 ], [ 6746774.267463756725192, 9100396.991198034957051 ], [ 6746939.09050559438765, 9100623.454694576561451 ], [ 6747188.926274222321808, 9100965.761483270674944 ], [ 6747378.02534962259233, 9101221.201548669487238 ], [ 6747418.106620537117124, 9101276.532459681853652 ], [ 6747443.778862855397165, 9101311.836055375635624 ], [ 6747484.885019687004387, 9101368.610222125425935 ], [ 6747600.231890608556569, 9101527.886337034404278 ], [ 6747664.828295465558767, 9101617.09567397646606 ], [ 6747673.10392177850008, 9101648.174087069928646 ], [ 6747670.826447807252407, 9101676.824746465310454 ], [ 6747665.942956653423607, 9101712.258254678919911 ], [ 6747659.371958125382662, 9101752.763077512383461 ], [ 6747654.763120168820024, 9101877.418174296617508 ], [ 6747648.609462404623628, 9101893.856262670829892 ], [ 6747636.542370660230517, 9101916.581544704735279 ], [ 6747629.272755589336157, 9101925.573018092662096 ], [ 6747603.62688897550106, 9101946.420801261439919 ], [ 6747593.923371414653957, 9101969.194788444787264 ], [ 6747590.63536087423563, 9101999.767005929723382 ], [ 6747587.854355175048113, 9102025.576558412984014 ], [ 6747578.16670255549252, 9102051.152380792424083 ], [ 6747565.557700896635652, 9102067.328142408281565 ], [ 6747535.230124190449715, 9102086.64066581428051 ], [ 6747519.403024568222463, 9102096.712395152077079 ], [ 6747498.033725999295712, 9102114.745601326227188 ], [ 6747485.692796086892486, 9102133.679175950586796 ], [ 6747477.198023996315897, 9102130.806125489994884 ], [ 6747453.625653937458992, 9102122.85004485398531 ], [ 6747371.452582936733961, 9102086.227932320907712 ], [ 6747352.024340544827282, 9102075.152552077546716 ], [ 6747269.945723894052207, 9102039.583710946142673 ], [ 6747267.849950685165823, 9102089.750694908201694 ], [ 6747201.870377777144313, 9102089.984292259439826 ], [ 6747199.35605941247195, 9102150.859802331775427 ], [ 6747195.568071091547608, 9102222.005266819149256 ], [ 6747263.70706744864583, 9102224.929630974307656 ], [ 6747261.424412729218602, 9102286.106657091528177 ], [ 6747261.094385941512883, 9102341.329603515565395 ], [ 6747358.225918751209974, 9102350.455935200676322 ], [ 6747357.546912861987948, 9102398.077361434698105 ], [ 6747354.421173165552318, 9102442.529013821855187 ], [ 6747352.780097710900009, 9102493.666738828644156 ], [ 6747449.13129417784512, 9102487.145195925608277 ], [ 6747522.369582353159785, 9102485.616916116327047 ], [ 6747524.481607466936111, 9102449.817289004102349 ], [ 6747525.826398710720241, 9102396.358763881027699 ], [ 6747606.034987556748092, 9102395.888481123372912 ], [ 6747693.249728493392467, 9102407.524303434416652 ], [ 6747746.957713110372424, 9102408.49966368637979 ], [ 6747753.049533886834979, 9102475.840518917888403 ], [ 6747753.953739382326603, 9102501.040507819503546 ], [ 6747754.508674962446094, 9102539.106120890006423 ], [ 6747754.809148511849344, 9102609.800633596256375 ], [ 6747802.930862771347165, 9102613.100079741328955 ], [ 6747797.280137532390654, 9102691.748635154217482 ], [ 6747796.426668620668352, 9102732.015149252489209 ], [ 6747795.552993927150965, 9102773.224244460463524 ], [ 6747793.733278214931488, 9102836.188381319865584 ], [ 6747794.760651442222297, 9102885.19360657967627 ], [ 6747793.809861186891794, 9102906.523857142776251 ], [ 6747802.554899778217077, 9103003.409620290622115 ], [ 6747807.860801129601896, 9103020.553344994783401 ], [ 6747813.84450326487422, 9103039.601167019456625 ], [ 6747824.646816234104335, 9103057.043447075411677 ], [ 6747847.438555063679814, 9103110.800340883433819 ], [ 6747859.139123314991593, 9103136.375213166698813 ], [ 6747865.351933129131794, 9103150.601959934458137 ], [ 6747872.55139399971813, 9103167.915704976767302 ], [ 6747883.983012461103499, 9103202.884581334888935 ], [ 6747890.196001568809152, 9103222.165069339796901 ], [ 6747901.934944871813059, 9103236.896052716299891 ], [ 6747944.291153186932206, 9103280.751555595546961 ], [ 6747973.905066651292145, 9103328.612695813179016 ], [ 6748037.812088618054986, 9103236.343496236950159 ], [ 6748070.473275352269411, 9103190.101644245907664 ], [ 6748147.677689650095999, 9103118.878576142713428 ], [ 6748212.459634616971016, 9103055.818026382476091 ], [ 6748279.028111808001995, 9102995.10184034705162 ], [ 6748341.195575138553977, 9102935.653552416712046 ], [ 6748389.429178798571229, 9102887.939784377813339 ], [ 6748413.998256049118936, 9102862.446256445720792 ], [ 6748470.896959618665278, 9102809.133768683299422 ], [ 6748509.42719391733408, 9102771.467476334422827 ], [ 6748486.571781124919653, 9102696.750033231452107 ], [ 6748463.04128400515765, 9102614.867889624089003 ], [ 6748431.453360005281866, 9102515.474566210061312 ], [ 6748414.728026947006583, 9102463.441212745383382 ], [ 6748414.654216918163002, 9102463.237244926393032 ], [ 6748387.773802225477993, 9102404.350310968235135 ], [ 6748457.876499171368778, 9102327.165266478434205 ], [ 6748615.85435994528234, 9102165.806411180645227 ], [ 6748653.562296511605382, 9102118.842938650399446 ], [ 6748783.37616875115782, 9101976.862858802080154 ], [ 6748911.367133473046124, 9101842.875111412256956 ], [ 6748965.640747001394629, 9101814.008312720805407 ], [ 6748973.798537060618401, 9101794.794286279007792 ], [ 6748976.638864596374333, 9101757.862138589844108 ], [ 6748884.744403295218945, 9101661.178629036992788 ], [ 6748730.060969701968133, 9101498.383018646389246 ], [ 6748699.978654881007969, 9101463.221267890185118 ], [ 6748695.796277199871838, 9101456.717033356428146 ], [ 6748687.126163942739367, 9101448.842912996187806 ], [ 6748683.905430514365435, 9101441.785537231713533 ], [ 6748680.371559477411211, 9101439.357407432049513 ], [ 6748675.750495420768857, 9101434.408870615065098 ], [ 6748674.922412489540875, 9101425.216722629964352 ], [ 6748674.064074507914484, 9101415.508839409798384 ], [ 6748668.385637881234288, 9101408.54416785761714 ], [ 6748661.860087402164936, 9101405.206613333895802 ], [ 6748640.992849702946842, 9101394.323742061853409 ], [ 6748693.352557260543108, 9101340.47735533118248 ], [ 6748722.712852870114148, 9101320.716315170750022 ], [ 6748749.867838751524687, 9101307.229457344859838 ], [ 6748792.637934383004904, 9101294.589264856651425 ], [ 6748930.158895986154675, 9101262.465863071382046 ], [ 6749085.301925415173173, 9101224.634298330172896 ], [ 6749272.460519979707897, 9101178.483470650389791 ], [ 6749386.929021523334086, 9101152.373529696837068 ], [ 6749454.059705257415771, 9101129.462704814970493 ], [ 6749503.695043340325356, 9101096.127521239221096 ], [ 6749547.966011617332697, 9101055.37904373370111 ], [ 6749565.701284740120173, 9101052.113572089001536 ], [ 6747848.124539367854595, 9099499.723129766061902 ], [ 6747668.92212107591331, 9098629.604847524315119 ], [ 6747594.922611160203815, 9098270.32804655469954 ], [ 6747594.055647858418524, 9098260.712856020778418 ], [ 6747539.318162311799824, 9097649.023270003497601 ], [ 6747740.710431840270758, 9097091.218431228771806 ] ] ] } },
{ "type": "Feature", "properties": { "lv_id": "LOC_024388", "id": 120699.0, "CD_SETOR": "261247105000002", "SITUACAO": "Urbana", "CD_SIT": "1", "CD_TIPO": "0", "AREA_KM2": 0.087619073952793003, "CD_REGIAO": "2", "NM_REGIAO": "Nordeste", "CD_UF": "26", "NM_UF": "Pernambuco", "CD_MUN": "2612471", "NM_MUN": "Santa Cruz da Baixa Verde", "CD_DIST": "261247105", "NM_DIST": "Santa Cruz da Baixa Verde", "CD_SUBDIST": "26124710500", "NM_SUBDIST": null, "CD_BAIRRO": null, "NM_BAIRRO": null, "CD_NU": null, "NM_NU": null, "CD_FCU": null, "NM_FCU": null, "CD_AGLOM": null, "NM_AGLOM": null, "CD_RGINT": "2603", "NM_RGINT": "Serra Talhada", "CD_RGI": "260013", "NM_RGI": "Serra Talhada", "CD_CONCURB": null, "NM_CONCURB": null, "mun_code_x": "2612471", "index_right": 49390, "dist_m": 234.87592879607325, "local_id": 251596, "ano": 2022, "cod_localidade_ibge": 2612471, "NR_ZONA": "71", "nr_cep": 56895000.0, "nm_localidade": "SANTA CRUZ DA BAIXA VERDE", "nm_locvot": "ESCOLA ESTADUAL SANTA CRUZ", "ds_endereco": "RUA JOSÉ AUGUSTO DOS SANTOS DINIZ, 189", "ds_bairro": "CENTRO", "pred_long": -38.153574, "pred_lat": -7.816851, "pred_dist": 0.0, "tse_long": -38.1535352, "tse_lat": -7.8167193, "long": -38.1535352, "lat": -7.8167193, "ID_UNICO": "LOC_024388", "SG_UF": "PE", "CD_MUNICIPIO": "23043", "NR_LOCAL_VOTACAO": "1015", "QT_SECOES_AGREGADAS": 0, "QT_ELEITORES_TRANSFERIDOS": 0, "CIRO GOMES (PDT) (NÃO ELEITO) 1T": 35.0, "CONSTITUINTE EYMAEL (DC) (NÃO ELEITO) 1T": 0.0, "FELIPE D AVILA (NOVO) (NÃO ELEITO) 1T": 4.0, "JAIR BOLSONARO (PL) (2º TURNO) 1T": 331.0, "LULA (PT) (2º TURNO) 1T": 2154.0, "LÉO PÉRICLES (UP) (NÃO ELEITO) 1T": 0.0, "PADRE KELMON (PTB) (NÃO ELEITO) 1T": 3.0, "SIMONE TEBET (MDB) (NÃO ELEITO) 1T": 27.0, "SOFIA MANZANO (PCB) (NÃO ELEITO) 1T": 1.0, "SORAYA THRONICKE (UNIÃO) (NÃO ELEITO) 1T": 7.0, "VERA (PSTU) (NÃO ELEITO) 1T": 0.0, "Total_Votos_Validos 1T": 2562.0, "Votos_Brancos 1T": 19.0, "Votos_Nulos 1T": 88.0, "Abstenções 1T": 561.0, "Eleitores_Aptos 1T": 3230.0, "JAIR BOLSONARO (PL) (NÃO ELEITO) 2T": 378.0, "LULA (PT) (ELEITO) 2T": 2194.0, "Total_Votos_Validos 2T": 2572.0, "Votos_Brancos 2T": 22.0, "Votos_Nulos 2T": 153.0, "Abstenções 2T": 483.0, "Eleitores_Aptos 2T": 3230.0, "mun_code_y": "2612471", "mun_code": "2612471" }, "geometry": { "type": "Polygon", "coordinates": [ [ [ 6747357.546912861987948, 9102398.077361434698105 ], [ 6747358.225918751209974, 9102350.455935200676322 ], [ 6747261.094385941512883, 9102341.329603515565395 ], [ 6747261.424412729218602, 9102286.106657091528177 ], [ 6747263.70706744864583, 9102224.929630974307656 ], [ 6747195.568071091547608, 9102222.005266819149256 ], [ 6747197.397468005307019, 9102248.341349095106125 ], [ 6747101.710904544219375, 9102321.981776904314756 ], [ 6747051.313435515388846, 9102362.538702182471752 ], [ 6746993.152089012786746, 9102410.680817231535912 ], [ 6747011.75948990136385, 9102429.069014796987176 ], [ 6746986.42652868386358, 9102448.858451526612043 ], [ 6746970.052906474098563, 9102462.051136542111635 ], [ 6746955.215004468336701, 9102474.990747682750225 ], [ 6746921.205570506863296, 9102504.536014631390572 ], [ 6746876.832256658002734, 9102447.390028763562441 ], [ 6746861.801600082777441, 9102462.86358118057251 ], [ 6746858.5460653770715, 9102476.527207087725401 ], [ 6746851.741421241313219, 9102491.208761475980282 ], [ 6746842.456909517757595, 9102501.825978243723512 ], [ 6746827.181583262979984, 9102527.048141453415155 ], [ 6746817.961388459429145, 9102558.990962825715542 ], [ 6746816.378873227164149, 9102590.347737483680248 ], [ 6746819.850918241776526, 9102613.681391060352325 ], [ 6746820.848935904912651, 9102648.547421518713236 ], [ 6746816.17533219140023, 9102670.384396195411682 ], [ 6746810.164763946086168, 9102678.225247845053673 ], [ 6746791.009246529079974, 9102693.486254202201962 ], [ 6746804.252711196430027, 9102717.520379897207022 ], [ 6746810.521656456403434, 9102727.023977482691407 ], [ 6746818.351503709331155, 9102739.030055992305279 ], [ 6746825.810646565631032, 9102754.128127029165626 ], [ 6746839.757251614704728, 9102771.543337365612388 ], [ 6746850.941734192892909, 9102780.862025234848261 ], [ 6746863.477827256545424, 9102787.051825435832143 ], [ 6746896.839367505162954, 9102784.602211620658636 ], [ 6746937.251196000725031, 9102765.46337004005909 ], [ 6746958.73634934425354, 9102765.665699424222112 ], [ 6746994.909445040859282, 9102780.659741068258882 ], [ 6747006.320500428788364, 9102813.296595701947808 ], [ 6747017.006281767971814, 9102835.922602390870452 ], [ 6747024.625351046212018, 9102855.620395332574844 ], [ 6747043.343919373117387, 9102908.483697693794966 ], [ 6747051.173762395977974, 9102920.489917291328311 ], [ 6747061.146248269826174, 9102950.355623062700033 ], [ 6747076.560441835783422, 9102980.533483237028122 ], [ 6747093.620675942860544, 9103002.437435755506158 ], [ 6747108.082412586547434, 9103020.350376440212131 ], [ 6747136.347887928597629, 9103038.766278570517898 ], [ 6747151.351252777501941, 9103058.186441587284207 ], [ 6746991.423215863294899, 9103069.967708686366677 ], [ 6746565.724104022607207, 9103117.021659076213837 ], [ 6746589.106310482136905, 9103064.597314724698663 ], [ 6746601.961095062084496, 9103016.68042878434062 ], [ 6746609.414626502431929, 9102990.041796823963523 ], [ 6746616.292491627857089, 9102948.207021299749613 ], [ 6746620.667982658371329, 9102919.524914335459471 ], [ 6746223.740369888022542, 9102876.177857482805848 ], [ 6746168.274622114375234, 9102869.190582107752562 ], [ 6746142.863030980341136, 9103010.790051531046629 ], [ 6746573.235009387135506, 9103999.482347752898932 ], [ 6746637.525815000757575, 9104002.453735377639532 ], [ 6746685.230873973108828, 9104004.612500792369246 ], [ 6746736.454304931685328, 9104008.786778094246984 ], [ 6746778.153787291608751, 9104016.557643320411444 ], [ 6746871.045963290147483, 9104018.454315077513456 ], [ 6746941.611052796244621, 9104023.34893405996263 ], [ 6746975.98030530102551, 9104028.696107594296336 ], [ 6747057.768283906392753, 9104045.435268770903349 ], [ 6747066.962041158229113, 9104047.513234017416835 ], [ 6747061.558202777057886, 9104092.830545866861939 ], [ 6747055.990776059217751, 9104125.118162401020527 ], [ 6747051.032718262635171, 9104156.280279884114861 ], [ 6747040.552730473689735, 9104196.275274101644754 ], [ 6747026.481046807020903, 9104234.95800007134676 ], [ 6746956.465596925467253, 9104404.032208643853664 ], [ 6746938.171442440710962, 9104444.343313131481409 ], [ 6746922.514872097410262, 9104481.971124991774559 ], [ 6746877.266035159118474, 9104593.652570271864533 ], [ 6746825.820563780143857, 9104713.261213194578886 ], [ 6746773.973925445228815, 9104835.468472110107541 ], [ 6746730.673609801568091, 9104939.334236368536949 ], [ 6746691.845585206523538, 9105020.348673341795802 ], [ 6746650.233300631865859, 9105106.061299294233322 ], [ 6746615.769100271165371, 9105182.145090425387025 ], [ 6746581.021760269068182, 9105266.979364285245538 ], [ 6746563.452619956806302, 9105317.678691912442446 ], [ 6746557.904016925022006, 9105352.318931860849261 ], [ 6746555.918742285110056, 9105385.424334347248077 ], [ 6746558.910287622362375, 9105428.036440536379814 ], [ 6746583.935778660699725, 9105536.584755826741457 ], [ 6746601.175985363312066, 9105614.346651557832956 ], [ 6746621.389814192429185, 9105691.641113871708512 ], [ 6746629.789189041592181, 9105731.868434764444828 ], [ 6746635.157813964411616, 9105777.584412068128586 ], [ 6746641.841803243383765, 9105966.423823302611709 ], [ 6746645.652574208565056, 9106192.479149105027318 ], [ 6746644.005897890776396, 9106229.097774153575301 ], [ 6746635.192379653453827, 9106295.145463349297643 ], [ 6746622.936178063973784, 9106367.489540543407202 ], [ 6746606.862522798590362, 9106477.165058230981231 ], [ 6746575.699697266332805, 9106675.736766062676907 ], [ 6746543.62740879971534, 9106879.613513749092817 ], [ 6746550.833624025806785, 9106901.659034434705973 ], [ 6746566.600830880925059, 9106941.495879262685776 ], [ 6746576.344354440458119, 9106987.38118196465075 ], [ 6746535.224137377925217, 9107001.875683629885316 ], [ 6747239.028718386776745, 9106954.343347605317831 ], [ 6747494.929991960525513, 9106864.946071797981858 ], [ 6747855.742227423936129, 9106618.694780070334673 ], [ 6748023.437679428607225, 9106504.248408753424883 ], [ 6748267.538087768480182, 9106459.341677634045482 ], [ 6748322.451423642225564, 9106449.242612717673182 ], [ 6748433.485277350991964, 9106490.540454190224409 ], [ 6748544.541301891207695, 9106531.837624629959464 ], [ 6748700.736035484820604, 9106440.995333418250084 ], [ 6748856.940448015928268, 9106350.139525653794408 ], [ 6749035.739080284722149, 9106188.138720696792006 ], [ 6749145.343337604776025, 9105903.244162177667022 ], [ 6749851.738168882206082, 9105064.033394990488887 ], [ 6749834.133814051747322, 9104999.23272611014545 ], [ 6749873.439365720376372, 9104684.238492760807276 ], [ 6749912.739738354459405, 9104369.231687305495143 ], [ 6749879.691261736676097, 9104250.933018019422889 ], [ 6749846.642349276691675, 9104132.634649002924562 ], [ 6750027.735638113692403, 9103892.329542161896825 ], [ 6750446.738086765632033, 9103940.43606198951602 ], [ 6750792.740348948165774, 9103687.328617924824357 ], [ 6750579.735438908450305, 9103058.233434241265059 ], [ 6751005.785204579122365, 9102353.675450930371881 ], [ 6749615.727313527837396, 9101097.331686953082681 ], [ 6749565.701284740120173, 9101052.113572089001536 ], [ 6749547.966011617332697, 9101055.37904373370111 ], [ 6749503.695043340325356, 9101096.127521239221096 ], [ 6749454.059705257415771, 9101129.462704814970493 ], [ 6749386.929021523334086, 9101152.373529696837068 ], [ 6749272.460519979707897, 9101178.483470650389791 ], [ 6749085.301925415173173, 9101224.634298330172896 ], [ 6748930.158895986154675, 9101262.465863071382046 ], [ 6748792.637934383004904, 9101294.589264856651425 ], [ 6748749.867838751524687, 9101307.229457344859838 ], [ 6748722.712852870114148, 9101320.716315170750022 ], [ 6748693.352557260543108, 9101340.47735533118248 ], [ 6748640.992849702946842, 9101394.323742061853409 ], [ 6748661.860087402164936, 9101405.206613333895802 ], [ 6748668.385637881234288, 9101408.54416785761714 ], [ 6748674.064074507914484, 9101415.508839409798384 ], [ 6748674.922412489540875, 9101425.216722629964352 ], [ 6748675.750495420768857, 9101434.408870615065098 ], [ 6748680.371559477411211, 9101439.357407432049513 ], [ 6748683.905430514365435, 9101441.785537231713533 ], [ 6748687.126163942739367, 9101448.842912996187806 ], [ 6748695.796277199871838, 9101456.717033356428146 ], [ 6748699.978654881007969, 9101463.221267890185118 ], [ 6748730.060969701968133, 9101498.383018646389246 ], [ 6748884.744403295218945, 9101661.178629036992788 ], [ 6748976.638864596374333, 9101757.862138589844108 ], [ 6748973.798537060618401, 9101794.794286279007792 ], [ 6748965.640747001394629, 9101814.008312720805407 ], [ 6748911.367133473046124, 9101842.875111412256956 ], [ 6748783.37616875115782, 9101976.862858802080154 ], [ 6748653.562296511605382, 9102118.842938650399446 ], [ 6748615.85435994528234, 9102165.806411180645227 ], [ 6748457.876499171368778, 9102327.165266478434205 ], [ 6748387.773802225477993, 9102404.350310968235135 ], [ 6748414.654216918163002, 9102463.237244926393032 ], [ 6748414.728026947006583, 9102463.441212745383382 ], [ 6748431.453360005281866, 9102515.474566210061312 ], [ 6748463.04128400515765, 9102614.867889624089003 ], [ 6748486.571781124919653, 9102696.750033231452107 ], [ 6748509.42719391733408, 9102771.467476334422827 ], [ 6748470.896959618665278, 9102809.133768683299422 ], [ 6748413.998256049118936, 9102862.446256445720792 ], [ 6748389.429178798571229, 9102887.939784377813339 ], [ 6748341.195575138553977, 9102935.653552416712046 ], [ 6748279.028111808001995, 9102995.10184034705162 ], [ 6748212.459634616971016, 9103055.818026382476091 ], [ 6748147.677689650095999, 9103118.878576142713428 ], [ 6748070.473275352269411, 9103190.101644245907664 ], [ 6748037.812088618054986, 9103236.343496236950159 ], [ 6747973.905066651292145, 9103328.612695813179016 ], [ 6747944.291153186932206, 9103280.751555595546961 ], [ 6747901.934944871813059, 9103236.896052716299891 ], [ 6747890.196001568809152, 9103222.165069339796901 ], [ 6747883.983012461103499, 9103202.884581334888935 ], [ 6747872.55139399971813, 9103167.915704976767302 ], [ 6747865.351933129131794, 9103150.601959934458137 ], [ 6747859.139123314991593, 9103136.375213166698813 ], [ 6747847.438555063679814, 9103110.800340883433819 ], [ 6747824.646816234104335, 9103057.043447075411677 ], [ 6747813.84450326487422, 9103039.601167019456625 ], [ 6747807.860801129601896, 9103020.553344994783401 ], [ 6747802.554899778217077, 9103003.409620290622115 ], [ 6747793.809861186891794, 9102906.523857142776251 ], [ 6747794.760651442222297, 9102885.19360657967627 ], [ 6747793.733278214931488, 9102836.188381319865584 ], [ 6747795.552993927150965, 9102773.224244460463524 ], [ 6747796.426668620668352, 9102732.015149252489209 ], [ 6747797.280137532390654, 9102691.748635154217482 ], [ 6747802.930862771347165, 9102613.100079741328955 ], [ 6747754.809148511849344, 9102609.800633596256375 ], [ 6747754.508674962446094, 9102539.106120890006423 ], [ 6747753.953739382326603, 9102501.040507819503546 ], [ 6747753.049533886834979, 9102475.840518917888403 ], [ 6747746.957713110372424, 9102408.49966368637979 ], [ 6747693.249728493392467, 9102407.524303434416652 ], [ 6747606.034987556748092, 9102395.888481123372912 ], [ 6747525.826398710720241, 9102396.358763881027699 ], [ 6747524.481607466936111, 9102449.817289004102349 ], [ 6747522.369582353159785, 9102485.616916116327047 ], [ 6747449.13129417784512, 9102487.145195925608277 ], [ 6747352.780097710900009, 9102493.666738828644156 ], [ 6747354.421173165552318, 9102442.529013821855187 ], [ 6747357.546912861987948, 9102398.077361434698105 ] ] ] } },
{ "type": "Feature", "properties": { "lv_id": "LOC_024389", "id": 120706.0, "CD_SETOR": "261247105000013", "SITUACAO": "Rural", "CD_SIT": "8", "CD_TIPO": "0", "AREA_KM2": 11.670149656500035, "CD_REGIAO": "2", "NM_REGIAO": "Nordeste", "CD_UF": "26", "NM_UF": "Pernambuco", "CD_MUN": "2612471", "NM_MUN": "Santa Cruz da Baixa Verde", "CD_DIST": "261247105", "NM_DIST": "Santa Cruz da Baixa Verde", "CD_SUBDIST": "26124710500", "NM_SUBDIST": null, "CD_BAIRRO": null, "NM_BAIRRO": null, "CD_NU": null, "NM_NU": null, "CD_FCU": null, "NM_FCU": null, "CD_AGLOM": null, "NM_AGLOM": null, "CD_RGINT": "2603", "NM_RGINT": "Serra Talhada", "CD_RGI": "260013", "NM_RGI": "Serra Talhada", "CD_CONCURB": null, "NM_CONCURB": null, "mun_code_x": "2612471", "index_right": 49391, "dist_m": 1872.6326867737355, "local_id": 251597, "ano": 2022, "cod_localidade_ibge": 2612471, "NR_ZONA": "71", "nr_cep": 56895000.0, "nm_localidade": "SANTA CRUZ DA BAIXA VERDE", "nm_locvot": "ESCOLA MUNICIPAL FRANCISCA FLOR", "ds_endereco": "RUA ANTÔNIO DA SILVA FEITOSA, 61", "ds_bairro": "CENTRO", "pred_long": -38.15877, "pred_lat": -7.821493, "pred_dist": 0.0, "tse_long": -38.1578603, "tse_lat": -7.8217053, "long": -38.1578603, "lat": -7.8217053, "ID_UNICO": "LOC_024389", "SG_UF": "PE", "CD_MUNICIPIO": "23043", "NR_LOCAL_VOTACAO": "1066", "QT_SECOES_AGREGADAS": 0, "QT_ELEITORES_TRANSFERIDOS": 0, "CIRO GOMES (PDT) (NÃO ELEITO) 1T": 6.0, "CONSTITUINTE EYMAEL (DC) (NÃO ELEITO) 1T": 0.0, "FELIPE D AVILA (NOVO) (NÃO ELEITO) 1T": 1.0, "JAIR BOLSONARO (PL) (2º TURNO) 1T": 85.0, "LULA (PT) (2º TURNO) 1T": 618.0, "LÉO PÉRICLES (UP) (NÃO ELEITO) 1T": 1.0, "PADRE KELMON (PTB) (NÃO ELEITO) 1T": 1.0, "SIMONE TEBET (MDB) (NÃO ELEITO) 1T": 10.0, "SOFIA MANZANO (PCB) (NÃO ELEITO) 1T": 0.0, "SORAYA THRONICKE (UNIÃO) (NÃO ELEITO) 1T": 0.0, "VERA (PSTU) (NÃO ELEITO) 1T": 0.0, "Total_Votos_Validos 1T": 722.0, "Votos_Brancos 1T": 3.0, "Votos_Nulos 1T": 19.0, "Abstenções 1T": 157.0, "Eleitores_Aptos 1T": 901.0, "JAIR BOLSONARO (PL) (NÃO ELEITO) 2T": 90.0, "LULA (PT) (ELEITO) 2T": 636.0, "Total_Votos_Validos 2T": 726.0, "Votos_Brancos 2T": 7.0, "Votos_Nulos 2T": 34.0, "Abstenções 2T": 134.0, "Eleitores_Aptos 2T": 901.0, "mun_code_y": "2612471", "mun_code": "2612471" }, "geometry": { "type": "Polygon", "coordinates": [ [ [ 6746443.801750166341662, 9099788.031783871352673 ], [ 6746450.203448802232742, 9099714.940144132822752 ], [ 6746486.309884998947382, 9099191.704437740147114 ], [ 6746491.424437084235251, 9099146.282791769132018 ], [ 6746508.027575223706663, 9099107.077080680057406 ], [ 6746592.774445745162666, 9098996.799541531130672 ], [ 6746610.488060310482979, 9098965.476350210607052 ], [ 6746617.518487679772079, 9098930.892945567145944 ], [ 6746609.16262608859688, 9098886.496741117909551 ], [ 6746590.234483039006591, 9098855.708006018772721 ], [ 6746570.659265326336026, 9098840.402822557836771 ], [ 6746556.888204937800765, 9098827.738160388544202 ], [ 6746539.419541360810399, 9098816.832630617544055 ], [ 6746463.130782413296402, 9098829.328151786699891 ], [ 6746352.232076892629266, 9098848.299331532791257 ], [ 6746320.11169442627579, 9098850.512007484212518 ], [ 6746241.113836327567697, 9098869.965894253924489 ], [ 6746181.710252027027309, 9098859.105515658855438 ], [ 6746077.868798155337572, 9098816.410658882930875 ], [ 6745993.88603089004755, 9098775.917432053014636 ], [ 6745974.244765401817858, 9098768.596982827410102 ], [ 6745908.574788601137698, 9098753.942208442837 ], [ 6745856.397753000259399, 9098756.923803137615323 ], [ 6745767.563500468619168, 9098787.819820374250412 ], [ 6745708.040026891045272, 9098799.474018281325698 ], [ 6745653.635370327159762, 9098794.810194075107574 ], [ 6745588.930288372561336, 9098788.858580959960818 ], [ 6745512.688631979748607, 9098776.291017133742571 ], [ 6745426.479311212897301, 9098764.846351204439998 ], [ 6745385.531102570705116, 9098757.319870753213763 ], [ 6745336.230304997414351, 9098740.369875634089112 ], [ 6745265.548181507736444, 9098703.17614221572876 ], [ 6745251.9544678311795, 9098694.961232831701636 ], [ 6745232.214400514028966, 9098684.693015772849321 ], [ 6745215.081711592152715, 9098671.248489644378424 ], [ 6745197.76045767404139, 9098661.623959636315703 ], [ 6745158.157625171355903, 9098631.881659161299467 ], [ 6745125.3916379744187, 9098609.093492170795798 ], [ 6745099.964514786377549, 9098592.516942527145147 ], [ 6745063.458247647620738, 9098570.639561051502824 ], [ 6745044.961668568663299, 9098563.528659570962191 ], [ 6745024.909589525312185, 9098559.094958860427141 ], [ 6744983.280969487503171, 9098561.723610766232014 ], [ 6744909.21166299842298, 9098577.498060811311007 ], [ 6744859.263580710627139, 9098589.341106567531824 ], [ 6744827.861649639904499, 9098596.016360787674785 ], [ 6744812.186183270066977, 9098597.079113028943539 ], [ 6744797.060939892195165, 9098594.549457371234894 ], [ 6744783.293402874842286, 9098588.477301554754376 ], [ 6744766.31191162019968, 9098574.349672762677073 ], [ 6744756.575217235833406, 9098557.996166134253144 ], [ 6744752.796280198730528, 9098546.332988530397415 ], [ 6744751.765637176111341, 9098530.833637004718184 ], [ 6744742.110289951786399, 9098525.536467030644417 ], [ 6744732.057493831031024, 9098518.164165200665593 ], [ 6744723.492325271479785, 9098511.619984116405249 ], [ 6744716.737110418267548, 9098508.923603998497128 ], [ 6744709.741310831159353, 9098510.428074454888701 ], [ 6744702.277448989450932, 9098516.543931160122156 ], [ 6744695.767341883853078, 9098521.601668180897832 ], [ 6744683.005941483192146, 9098525.046479376032948 ], [ 6744676.000396127812564, 9098520.372768456116319 ], [ 6744664.740460636094213, 9098509.336640371009707 ], [ 6744652.211953923106194, 9098508.374180862680078 ], [ 6744631.840586980804801, 9098508.39691586047411 ], [ 6744617.543772669509053, 9098502.631900910288095 ], [ 6744609.120826316066086, 9098501.675193302333355 ], [ 6744596.88909749314189, 9098495.94704856351018 ], [ 6744581.657739312388003, 9098494.121964709833264 ], [ 6744555.753718232735991, 9098495.524979189038277 ], [ 6744538.699315620586276, 9098498.672477398067713 ], [ 6744526.274412648752332, 9098501.966725543141365 ], [ 6744514.485209352336824, 9098502.480758840218186 ], [ 6744503.960374073125422, 9098501.683789739385247 ], [ 6744473.521679505705833, 9098490.09710387326777 ], [ 6744444.994724673219025, 9098480.057516003027558 ], [ 6744416.380205988883972, 9098478.025693217292428 ], [ 6744407.336327070370317, 9098474.623324677348137 ], [ 6744386.719791433773935, 9098456.533292600885034 ], [ 6744369.97436648607254, 9098455.833380222320557 ], [ 6744351.283316299319267, 9098447.351787718012929 ], [ 6744320.457324521616101, 9098437.215295109897852 ], [ 6744288.480350192636251, 9098408.942960400134325 ], [ 6744265.979350232519209, 9098397.137065190821886 ], [ 6744247.445467460900545, 9098384.584226094186306 ], [ 6744229.276776157319546, 9098376.496393980458379 ], [ 6744211.795882325619459, 9098371.758909545838833 ], [ 6744190.595585356466472, 9098367.012565275654197 ], [ 6744173.439847094006836, 9098362.412098789587617 ], [ 6744164.736065004020929, 9098361.913870127871633 ], [ 6744155.698828748427331, 9098359.280718175694346 ], [ 6744148.78760457970202, 9098353.880036659538746 ], [ 6744141.439691447652876, 9098345.647809237241745 ], [ 6744114.960142720490694, 9098330.730743743479252 ], [ 6744103.537013304419816, 9098325.672687880694866 ], [ 6744092.180084448307753, 9098322.093569939956069 ], [ 6744044.21623183786869, 9098312.271222984418273 ], [ 6744012.943238463252783, 9098301.09521397575736 ], [ 6743986.1162901353091, 9098292.840533725917339 ], [ 6743969.444246393628418, 9098290.851654130965471 ], [ 6743938.924148289486766, 9098291.280448935925961 ], [ 6743919.238334654830396, 9098288.968954004347324 ], [ 6743909.119223796762526, 9098280.703612700104713 ], [ 6743897.925060041248798, 9098266.989560937508941 ], [ 6743886.465325962752104, 9098253.848256906494498 ], [ 6743871.32423641346395, 9098232.841684801504016 ], [ 6743848.240138844586909, 9098209.838256869465113 ], [ 6743832.100414635613561, 9098202.592662516981363 ], [ 6743813.573293604888022, 9098193.473472015932202 ], [ 6743792.971674690954387, 9098185.247967740520835 ], [ 6743760.463493533432484, 9098176.162855982780457 ], [ 6743743.848352250643075, 9098166.822210647165775 ], [ 6743736.525407711043954, 9098158.370989168062806 ], [ 6743728.27942303288728, 9098145.292191838845611 ], [ 6743710.578179247677326, 9098115.413588585332036 ], [ 6743690.634263864718378, 9098090.500317964702845 ], [ 6743671.111042754724622, 9098071.244189767166972 ], [ 6743644.662433338351548, 9098044.727703925222158 ], [ 6743632.483023286797106, 9098034.186129353940487 ], [ 6743618.338652389124036, 9098026.291122741997242 ], [ 6743591.832565443590283, 9098013.913392351940274 ], [ 6743558.450600976124406, 9098002.702519979327917 ], [ 6743540.42773474380374, 9097996.745447924360633 ], [ 6743520.419991124421358, 9097988.463227842003107 ], [ 6743495.261078771203756, 9097987.644704833626747 ], [ 6743479.06059003341943, 9097983.5021559484303 ], [ 6743437.391861077398062, 9097962.555980524048209 ], [ 6743399.501574112102389, 9097942.018393551930785 ], [ 6743385.729899389669299, 9097921.925224363803864 ], [ 6743375.72934241220355, 9097890.803174359723926 ], [ 6743374.732074057683349, 9097877.381989711895585 ], [ 6743370.447192302905023, 9097861.030298959463835 ], [ 6743361.510876167565584, 9097848.379740327596664 ], [ 6743351.667205508798361, 9097839.805695470422506 ], [ 6743319.895351857878268, 9097821.758889904245734 ], [ 6743283.743041734211147, 9097804.026815803721547 ], [ 6743256.031407118774951, 9097788.617260415107012 ], [ 6743234.045201133936644, 9097775.517910314723849 ], [ 6743218.065005662851036, 9097761.008964907377958 ], [ 6743192.710812346078455, 9097740.457674553617835 ], [ 6743169.932382227852941, 9097724.758559504523873 ], [ 6743159.969487100839615, 9097712.100956186652184 ], [ 6743151.004083859734237, 9097698.670745151117444 ], [ 6743130.654208475723863, 9097670.271040696650743 ], [ 6743103.098444880917668, 9097632.416961569339037 ], [ 6743086.38717463798821, 9097618.130980109795928 ], [ 6743071.028373476117849, 9097614.657337993383408 ], [ 6743049.78696671500802, 9097611.463273599743843 ], [ 6743018.566858798265457, 9097602.582772539928555 ], [ 6742977.531348356977105, 9097577.307092567905784 ], [ 6742918.862043282017112, 9097555.315642584115267 ], [ 6742896.698402266949415, 9097533.909251650795341 ], [ 6742866.449338912963867, 9097501.657849881798029 ], [ 6742851.809910224750638, 9097484.928198175504804 ], [ 6742836.001043617725372, 9097470.573859622702003 ], [ 6742803.408434376120567, 9097461.28599888086319 ], [ 6742764.989258944056928, 9097436.623781077563763 ], [ 6742753.641791729256511, 9097425.603430088609457 ], [ 6742735.970419614575803, 9097413.386506723240018 ], [ 6742697.857936860993505, 9097396.647788714617491 ], [ 6742675.323949334211648, 9097394.892122266814113 ], [ 6742652.028181627392769, 9097403.775801243260503 ], [ 6742633.230939344502985, 9097413.144111573696136 ], [ 6742618.192462289705873, 9097425.057542473077774 ], [ 6742588.574255971238017, 9097448.166541449725628 ], [ 6742562.277872620150447, 9097470.392132004722953 ], [ 6742539.744164500385523, 9097489.352133836597204 ], [ 6742511.667624425143003, 9097503.204640615731478 ], [ 6742495.459044906310737, 9097512.15349075384438 ], [ 6742485.745935359969735, 9097513.289619501680136 ], [ 6742475.489878670312464, 9097518.212743949145079 ], [ 6742464.279056060127914, 9097532.450352694839239 ], [ 6742448.003773830831051, 9097547.304038867354393 ], [ 6742437.573817499913275, 9097553.186804946511984 ], [ 6742423.423616175539792, 9097556.373672289773822 ], [ 6742413.533042762428522, 9097555.415042059496045 ], [ 6742404.430062067694962, 9097548.352068085223436 ], [ 6742360.094281632453203, 9097478.96810638718307 ], [ 6742326.555317563004792, 9097420.93542755022645 ], [ 6742308.974877221509814, 9097397.840615525841713 ], [ 6742293.856203979812562, 9097373.584941884502769 ], [ 6742259.186988035216928, 9097336.13851154781878 ], [ 6742234.892620392143726, 9097307.900270042940974 ], [ 6742223.700373237021267, 9097290.684857496991754 ], [ 6742207.738732760772109, 9097255.667029473930597 ], [ 6742194.940192229114473, 9097256.035516811534762 ], [ 6742172.406250982545316, 9097264.040430795401335 ], [ 6742163.734612364321947, 9097260.256951436400414 ], [ 6742147.739959912374616, 9097245.060241905972362 ], [ 6742107.254409538581967, 9097245.165178617462516 ], [ 6742063.411297961138189, 9097250.816860867664218 ], [ 6742048.403333149850368, 9097249.052520273253322 ], [ 6742029.515580295585096, 9097234.102900696918368 ], [ 6742014.442557675763965, 9097226.748795811086893 ], [ 6741998.002384837716818, 9097227.415522651746869 ], [ 6741984.745512068271637, 9097233.542775623500347 ], [ 6741972.307212740182877, 9097240.018047930672765 ], [ 6741967.429083274677396, 9097257.461169047281146 ], [ 6741962.575940383598208, 9097271.136920645833015 ], [ 6741952.332620365545154, 9097278.470888385549188 ], [ 6741933.30956665892154, 9097289.477887157350779 ], [ 6741895.990278918296099, 9097298.729780187830329 ], [ 6741869.687274438329041, 9097307.760912928730249 ], [ 6741846.541664876043797, 9097312.091122312471271 ], [ 6741828.386294815689325, 9097317.071167370304465 ], [ 6741808.361389857716858, 9097321.042385831475258 ], [ 6741797.021277344785631, 9097314.948219368234277 ], [ 6741782.87262415420264, 9097306.043432069942355 ], [ 6741768.376843465492129, 9097303.513275645673275 ], [ 6741747.627803433686495, 9097291.619510538876057 ], [ 6741707.194809196516871, 9097251.118698954582214 ], [ 6741695.02005176898092, 9097246.020640624687076 ], [ 6741684.537732401862741, 9097247.243151633068919 ], [ 6741671.725937651470304, 9097247.256043778732419 ], [ 6741665.255753829143941, 9097244.503293339163065 ], [ 6741660.962961279787123, 9097240.657850485295057 ], [ 6741654.915147710591555, 9097234.731376944109797 ], [ 6741638.835830660536885, 9097214.301888521760702 ], [ 6741624.843015288934112, 9097194.781169733032584 ], [ 6741619.337675154209137, 9097187.421845067292452 ], [ 6741614.229300763458014, 9097183.308654924854636 ], [ 6741607.614350793883204, 9097181.112561976537108 ], [ 6741597.93354269862175, 9097181.041711097583175 ], [ 6741589.532239900901914, 9097180.658447116613388 ], [ 6741584.95853275898844, 9097179.636913428083062 ], [ 6741578.706189757212996, 9097176.807059612125158 ], [ 6741571.071168754249811, 9097171.227607097476721 ], [ 6741563.435120558366179, 9097163.84539783000946 ], [ 6741557.543883429840207, 9097155.903557311743498 ], [ 6741553.308313384652138, 9097148.266659261658788 ], [ 6741552.209147134795785, 9097136.549786675721407 ], [ 6741552.130360715091228, 9097119.05299673601985 ], [ 6741549.108869481831789, 9097113.196029294282198 ], [ 6741532.530464569106698, 9097095.954768823459744 ], [ 6741518.47817927505821, 9097079.869769312441349 ], [ 6741512.749766085296869, 9097072.151466086506844 ], [ 6741509.927884958684444, 9097062.474696468561888 ], [ 6741508.642281956970692, 9097052.269128313288093 ], [ 6741504.649171220138669, 9097037.228204226121306 ], [ 6741501.874071676284075, 9097025.551673771813512 ], [ 6741493.459457608871162, 9097005.877918627113104 ], [ 6741478.792044038884342, 9096996.969968469813466 ], [ 6741461.096215444616973, 9096991.781959960237145 ], [ 6741454.681707078590989, 9096999.396090064197779 ], [ 6741446.383881802670658, 9097005.33595122769475 ], [ 6741439.197258458472788, 9097010.889367481693625 ], [ 6741430.397663811221719, 9097015.803235800936818 ], [ 6741407.205476127564907, 9097029.826636858284473 ], [ 6741389.443153599277139, 9097022.264186298474669 ], [ 6741376.656077333725989, 9097014.95023276284337 ], [ 6741365.636549749411643, 9097004.136219711974263 ], [ 6741353.406160794198513, 9096996.066366078332067 ], [ 6741316.449460979551077, 9096966.217388005927205 ], [ 6741303.677412021905184, 9096956.939365554600954 ], [ 6741293.780624457634985, 9096952.260677013546228 ], [ 6741279.960654925554991, 9096946.248859740793705 ], [ 6741275.274799295701087, 9096925.653665566816926 ], [ 6741273.494496954604983, 9096914.020062755793333 ], [ 6741273.026183757930994, 9096891.70398236438632 ], [ 6741263.8395019993186, 9096855.180080991238356 ], [ 6741258.383088876493275, 9096838.483664652332664 ], [ 6741258.911356652155519, 9096827.796334609389305 ], [ 6741257.121584427542984, 9096817.093196561560035 ], [ 6741256.956322941929102, 9096807.339185616001487 ], [ 6741256.982434999197721, 9096799.461102092638612 ], [ 6741261.077591107226908, 9096782.03654483705759 ], [ 6741266.372721811756492, 9096764.830763971433043 ], [ 6741273.8537323102355, 9096747.944314502179623 ], [ 6741282.710449180565774, 9096725.93055872246623 ], [ 6741282.935975603759289, 9096716.299568846821785 ], [ 6741288.014226679690182, 9096693.578781431540847 ], [ 6741296.906576536595821, 9096662.170815901830792 ], [ 6741299.002459309063852, 9096652.388794483616948 ], [ 6741299.803133218549192, 9096641.610769612714648 ], [ 6741297.797004796564579, 9096637.828365836292505 ], [ 6741300.174214478582144, 9096634.994215711951256 ], [ 6741300.915045439265668, 9096628.823002297431231 ], [ 6741302.475512463599443, 9096623.619821662083268 ], [ 6741302.756190800108016, 9096615.468002643436193 ], [ 6741302.272842328064144, 9096610.204229133203626 ], [ 6741299.156387467868626, 9096604.465782430022955 ], [ 6741297.540674435906112, 9096597.246797608211637 ], [ 6741296.749109661206603, 9096586.976739432662725 ], [ 6741296.371694520115852, 9096576.86327768675983 ], [ 6741292.437324354425073, 9096565.471809616312385 ], [ 6741289.889953659847379, 9096554.579119166359305 ], [ 6741284.729472232051194, 9096547.000289056450129 ], [ 6741277.4753129016608, 9096543.347243949770927 ], [ 6741273.988977149128914, 9096541.59578388184309 ], [ 6741260.48719893861562, 9096538.787325924262404 ], [ 6741253.083353454247117, 9096538.515838328748941 ], [ 6741247.904777439311147, 9096536.070448357611895 ], [ 6741247.578373163938522, 9096529.985490541905165 ], [ 6741247.545348645187914, 9096516.97689419426024 ], [ 6741247.946892983280122, 9096510.290304969996214 ], [ 6741249.608977548778057, 9096503.670923434197903 ], [ 6741256.553744562901556, 9096493.120115472003818 ], [ 6741261.640321919694543, 9096483.638489171862602 ], [ 6741265.257615933194757, 9096477.071547085419297 ], [ 6741269.365236587822437, 9096471.519518740475178 ], [ 6741272.445762142539024, 9096463.284898515790701 ], [ 6741273.915249285288155, 9096457.419154791161418 ], [ 6741274.096055055968463, 9096451.027962025254965 ], [ 6741272.026246161200106, 9096445.835614131763577 ], [ 6741270.355824233032763, 9096439.812909260392189 ], [ 6741266.998498897999525, 9096426.734684703871608 ], [ 6741263.615392246283591, 9096417.400785000994802 ], [ 6741260.438882380723953, 9096409.758515940979123 ], [ 6741251.586742010898888, 9096405.867335844784975 ], [ 6741240.373888328671455, 9096397.564146896824241 ], [ 6741230.255627861246467, 9096386.360429970547557 ], [ 6741214.957181957550347, 9096370.598620975390077 ], [ 6741210.559292257763445, 9096364.529706586152315 ], [ 6741210.096871934831142, 9096359.827813750132918 ], [ 6741204.802956545725465, 9096354.8836057651788 ], [ 6741198.177036056295037, 9096350.322721252217889 ], [ 6741193.295142736285925, 9096347.843197535723448 ], [ 6741186.56266067083925, 9096342.792588915675879 ], [ 6741174.975029694847763, 9096334.205049833282828 ], [ 6741169.12948084063828, 9096328.673114346340299 ], [ 6741153.436388649046421, 9096320.964102180674672 ], [ 6741147.089484193362296, 9096313.234971629455686 ], [ 6741143.129508223384619, 9096309.733119882643223 ], [ 6741138.555207993835211, 9096306.920470647513866 ], [ 6741132.897100121714175, 9096300.497303925454617 ], [ 6741125.197425413876772, 9096290.821322286501527 ], [ 6741111.952744191512465, 9096278.047866381704807 ], [ 6741101.289051476866007, 9096265.83141016215086 ], [ 6741084.046729234978557, 9096248.547093216329813 ], [ 6741077.897994503378868, 9096246.126940242946148 ], [ 6741070.939060176722705, 9096247.721852613613009 ], [ 6741063.439848282374442, 9096251.989649871364236 ], [ 6741050.127136643044651, 9096263.114014204591513 ], [ 6741038.227419515140355, 9096277.503435581922531 ], [ 6741030.988410849124193, 9096288.742773240432143 ], [ 6741027.743900982663035, 9096295.835261683911085 ], [ 6741022.755272774025798, 9096307.64407267794013 ], [ 6741019.592819050885737, 9096317.822259936481714 ], [ 6741013.599231549538672, 9096327.246210822835565 ], [ 6741007.883593828417361, 9096336.430004781112075 ], [ 6741004.687849347479641, 9096336.550735117867589 ], [ 6741000.457526352256536, 9096334.37959517724812 ], [ 6740995.993113203905523, 9096334.215260062366724 ], [ 6740994.22994393017143, 9096337.829972233623266 ], [ 6740989.312006724067032, 9096336.454138536006212 ], [ 6740984.325703725218773, 9096337.090330043807626 ], [ 6740980.108860182575881, 9096340.602531265467405 ], [ 6740979.514327205717564, 9096336.204219117760658 ], [ 6740977.156516878865659, 9096333.93937479890883 ], [ 6740973.347837086766958, 9096329.168739270418882 ], [ 6740969.53744513168931, 9096326.717638853937387 ], [ 6740968.557965650223196, 9096317.327492484822869 ], [ 6740967.495878712274134, 9096297.445443915203214 ], [ 6740967.493620969355106, 9096288.810673724859953 ], [ 6740959.249216347932816, 9096296.470954809337854 ], [ 6740934.441474976018071, 9096348.206762192770839 ], [ 6740845.421046353876591, 9096360.376605395227671 ], [ 6740806.374859681352973, 9096359.405768156051636 ], [ 6740787.311143405735493, 9096331.752777861431241 ], [ 6740743.104126581922174, 9096293.326064301654696 ], [ 6740713.87218046374619, 9096308.128791691735387 ], [ 6740705.242919864133, 9096309.91301460750401 ], [ 6740661.816591845825315, 9096284.420514885336161 ], [ 6740640.162763275206089, 9096271.046256467700005 ], [ 6740621.507077474147081, 9096256.100502654910088 ], [ 6740612.929746290668845, 9096251.291892915964127 ], [ 6740553.335513133555651, 9096226.949921613559127 ], [ 6740530.559826862066984, 9096214.858198747038841 ], [ 6740501.314454599283636, 9096205.938860915601254 ], [ 6740500.474563034251332, 9096189.642761854454875 ], [ 6740493.983292531222105, 9096185.731375826522708 ], [ 6740478.896570904180408, 9096189.240732515230775 ], [ 6740442.952145028859377, 9096183.261316945776343 ], [ 6740432.562605368904769, 9096169.220560973510146 ], [ 6740412.447303134948015, 9096159.221520021557808 ], [ 6740395.250430811196566, 9096169.17173090018332 ], [ 6740374.951262513175607, 9096171.396736029535532 ], [ 6740331.965658933855593, 9096165.69474739767611 ], [ 6740316.285807183012366, 9096167.504120079800487 ], [ 6740298.230157658457756, 9096185.78831983730197 ], [ 6740281.254910875111818, 9096196.947167761623859 ], [ 6740261.582846872508526, 9096203.557567145675421 ], [ 6740232.569493990391493, 9096224.218976648524404 ], [ 6740201.622045446187258, 9096238.592251308262348 ], [ 6740175.904556387104094, 9096254.71992283128202 ], [ 6740158.849930172786117, 9096295.402173090726137 ], [ 6740154.690634437836707, 9096309.92338034324348 ], [ 6740141.950381621718407, 9096327.524321487173438 ], [ 6740120.452551608905196, 9096368.61534084007144 ], [ 6740064.050985304638743, 9096442.57687708735466 ], [ 6740037.669619599357247, 9096477.008672419935465 ], [ 6739990.995767946355045, 9096528.350183490663767 ], [ 6739930.781888082623482, 9096613.442956682294607 ], [ 6739904.42001826968044, 9096643.969675917178392 ], [ 6739882.927407093346119, 9096679.008671194314957 ], [ 6739881.800471446476877, 9096699.09874795563519 ], [ 6739874.560121778398752, 9096706.467865623533726 ], [ 6739869.258255345746875, 9096759.909886399284005 ], [ 6739864.06256796233356, 9096796.963094670325518 ], [ 6739848.828364264219999, 9096861.056200752034783 ], [ 6739841.697245916351676, 9096961.356111759319901 ], [ 6739821.775975353084505, 9097071.438813921064138 ], [ 6739798.704205743037164, 9097209.231214080005884 ], [ 6739817.581943672150373, 9097312.189630573615432 ], [ 6739850.672986980527639, 9097386.412532074376941 ], [ 6739805.924494192004204, 9097384.356900034472346 ], [ 6739781.986137419939041, 9097371.263147370889783 ], [ 6739756.564354535192251, 9097359.821335561573505 ], [ 6739740.848022608086467, 9097354.443407284095883 ], [ 6739717.608402779325843, 9097346.478710291907191 ], [ 6739655.188220701180398, 9097342.838988034054637 ], [ 6739634.433522569946945, 9097343.219750612974167 ], [ 6739595.184007140807807, 9097345.101627795025706 ], [ 6739581.53442460950464, 9097351.655754648149014 ], [ 6739569.879639443941414, 9097357.25055405497551 ], [ 6739532.501918515190482, 9097386.273642659187317 ], [ 6739503.544958470389247, 9097403.761425415053964 ], [ 6739466.650646168738604, 9097414.360814793035388 ], [ 6739431.083199917338789, 9097419.697408054023981 ], [ 6739395.857035163789988, 9097423.826995408162475 ], [ 6739347.923955805599689, 9097427.230006085708737 ], [ 6739347.8819784745574, 9097410.399404067546129 ], [ 6739338.476107244379818, 9097391.636963360011578 ], [ 6739275.883431838825345, 9097676.744303826242685 ], [ 6741377.79268588218838, 9100509.345649611204863 ], [ 6739772.688447195105255, 9102613.758010493591428 ], [ 6740145.789761792868376, 9102819.546176051720977 ], [ 6740525.391668297350407, 9103154.05052062869072 ], [ 6740833.09628829266876, 9103684.951605701819062 ], [ 6741375.072765085846186, 9103911.197189826518297 ], [ 6741596.798832590691745, 9104003.75328966230154 ], [ 6741613.909206883981824, 9104003.835645591840148 ], [ 6741846.006764732301235, 9104005.048971898853779 ], [ 6744025.317745551466942, 9105257.045434487983584 ], [ 6744059.01405415777117, 9105305.34727843105793 ], [ 6744065.657754119485617, 9105314.871137786656618 ], [ 6744240.51156051736325, 9105565.4454539809376 ], [ 6744524.913297167047858, 9105715.845264738425612 ], [ 6744642.123202674090862, 9105932.547085894271731 ], [ 6744817.042015547864139, 9106086.740914415568113 ], [ 6745110.022939119488001, 9105915.851384811103344 ], [ 6745456.519791644066572, 9106279.746829316020012 ], [ 6746058.030617109499872, 9106669.946686312556267 ], [ 6746213.424694781191647, 9106834.850266741588712 ], [ 6746304.527139415033162, 9107017.448494225740433 ], [ 6746474.833081068471074, 9107005.951105272397399 ], [ 6746504.428311499767005, 9107003.947363082319498 ], [ 6746535.224137377925217, 9107001.875683629885316 ], [ 6746576.344354440458119, 9106987.38118196465075 ], [ 6746566.600830880925059, 9106941.495879262685776 ], [ 6746550.833624025806785, 9106901.659034434705973 ], [ 6746543.62740879971534, 9106879.613513749092817 ], [ 6746575.699697266332805, 9106675.736766062676907 ], [ 6746606.862522798590362, 9106477.165058230981231 ], [ 6746622.936178063973784, 9106367.489540543407202 ], [ 6746635.192379653453827, 9106295.145463349297643 ], [ 6746644.005897890776396, 9106229.097774153575301 ], [ 6746645.652574208565056, 9106192.479149105027318 ], [ 6746641.841803243383765, 9105966.423823302611709 ], [ 6746635.157813964411616, 9105777.584412068128586 ], [ 6746629.789189041592181, 9105731.868434764444828 ], [ 6746621.389814192429185, 9105691.641113871708512 ], [ 6746601.175985363312066, 9105614.346651557832956 ], [ 6746583.935778660699725, 9105536.584755826741457 ], [ 6746558.910287622362375, 9105428.036440536379814 ], [ 6746555.918742285110056, 9105385.424334347248077 ], [ 6746557.904016925022006, 9105352.318931860849261 ], [ 6746563.452619956806302, 9105317.678691912442446 ], [ 6746581.021760269068182, 9105266.979364285245538 ], [ 6746615.769100271165371, 9105182.145090425387025 ], [ 6746650.233300631865859, 9105106.061299294233322 ], [ 6746691.845585206523538, 9105020.348673341795802 ], [ 6746730.673609801568091, 9104939.334236368536949 ], [ 6746773.973925445228815, 9104835.468472110107541 ], [ 6746825.820563780143857, 9104713.261213194578886 ], [ 6746877.266035159118474, 9104593.652570271864533 ], [ 6746922.514872097410262, 9104481.971124991774559 ], [ 6746938.171442440710962, 9104444.343313131481409 ], [ 6746956.465596925467253, 9104404.032208643853664 ], [ 6747026.481046807020903, 9104234.95800007134676 ], [ 6747040.552730473689735, 9104196.275274101644754 ], [ 6747051.032718262635171, 9104156.280279884114861 ], [ 6747055.990776059217751, 9104125.118162401020527 ], [ 6747061.558202777057886, 9104092.830545866861939 ], [ 6747066.962041158229113, 9104047.513234017416835 ], [ 6747057.768283906392753, 9104045.435268770903349 ], [ 6746975.98030530102551, 9104028.696107594296336 ], [ 6746941.611052796244621, 9104023.34893405996263 ], [ 6746871.045963290147483, 9104018.454315077513456 ], [ 6746778.153787291608751, 9104016.557643320411444 ], [ 6746736.454304931685328, 9104008.786778094246984 ], [ 6746685.230873973108828, 9104004.612500792369246 ], [ 6746637.525815000757575, 9104002.453735377639532 ], [ 6746573.235009387135506, 9103999.482347752898932 ], [ 6746142.863030980341136, 9103010.790051531046629 ], [ 6746168.274622114375234, 9102869.190582107752562 ], [ 6746223.740369888022542, 9102876.177857482805848 ], [ 6746620.667982658371329, 9102919.524914335459471 ], [ 6746616.292491627857089, 9102948.207021299749613 ], [ 6746609.414626502431929, 9102990.041796823963523 ], [ 6746601.961095062084496, 9103016.68042878434062 ], [ 6746589.106310482136905, 9103064.597314724698663 ], [ 6746565.724104022607207, 9103117.021659076213837 ], [ 6746991.423215863294899, 9103069.967708686366677 ], [ 6747151.351252777501941, 9103058.186441587284207 ], [ 6747136.347887928597629, 9103038.766278570517898 ], [ 6747108.082412586547434, 9103020.350376440212131 ], [ 6747093.620675942860544, 9103002.437435755506158 ], [ 6747076.560441835783422, 9102980.533483237028122 ], [ 6747061.146248269826174, 9102950.355623062700033 ], [ 6747051.173762395977974, 9102920.489917291328311 ], [ 6747043.343919373117387, 9102908.483697693794966 ], [ 6747024.625351046212018, 9102855.620395332574844 ], [ 6747017.006281767971814, 9102835.922602390870452 ], [ 6747006.320500428788364, 9102813.296595701947808 ], [ 6746994.909445040859282, 9102780.659741068258882 ], [ 6746958.73634934425354, 9102765.665699424222112 ], [ 6746937.251196000725031, 9102765.46337004005909 ], [ 6746896.839367505162954, 9102784.602211620658636 ], [ 6746863.477827256545424, 9102787.051825435832143 ], [ 6746850.941734192892909, 9102780.862025234848261 ], [ 6746839.757251614704728, 9102771.543337365612388 ], [ 6746825.810646565631032, 9102754.128127029165626 ], [ 6746818.351503709331155, 9102739.030055992305279 ], [ 6746810.521656456403434, 9102727.023977482691407 ], [ 6746804.252711196430027, 9102717.520379897207022 ], [ 6746791.009246529079974, 9102693.486254202201962 ], [ 6746810.164763946086168, 9102678.225247845053673 ], [ 6746816.17533219140023, 9102670.384396195411682 ], [ 6746820.848935904912651, 9102648.547421518713236 ], [ 6746819.850918241776526, 9102613.681391060352325 ], [ 6746816.378873227164149, 9102590.347737483680248 ], [ 6746817.961388459429145, 9102558.990962825715542 ], [ 6746827.181583262979984, 9102527.048141453415155 ], [ 6746842.456909517757595, 9102501.825978243723512 ], [ 6746851.741421241313219, 9102491.208761475980282 ], [ 6746858.5460653770715, 9102476.527207087725401 ], [ 6746861.801600082777441, 9102462.86358118057251 ], [ 6746876.832256658002734, 9102447.390028763562441 ], [ 6746921.205570506863296, 9102504.536014631390572 ], [ 6746955.215004468336701, 9102474.990747682750225 ], [ 6746970.052906474098563, 9102462.051136542111635 ], [ 6746986.42652868386358, 9102448.858451526612043 ], [ 6747011.75948990136385, 9102429.069014796987176 ], [ 6746993.152089012786746, 9102410.680817231535912 ], [ 6747051.313435515388846, 9102362.538702182471752 ], [ 6747101.710904544219375, 9102321.981776904314756 ], [ 6747197.397468005307019, 9102248.341349095106125 ], [ 6747195.568071091547608, 9102222.005266819149256 ], [ 6747199.35605941247195, 9102150.859802331775427 ], [ 6747201.870377777144313, 9102089.984292259439826 ], [ 6747267.849950685165823, 9102089.750694908201694 ], [ 6747269.945723894052207, 9102039.583710946142673 ], [ 6747352.024340544827282, 9102075.152552077546716 ], [ 6747371.452582936733961, 9102086.227932320907712 ], [ 6747453.625653937458992, 9102122.85004485398531 ], [ 6747477.198023996315897, 9102130.806125489994884 ], [ 6747485.692796086892486, 9102133.679175950586796 ], [ 6747498.033725999295712, 9102114.745601326227188 ], [ 6747519.403024568222463, 9102096.712395152077079 ], [ 6747535.230124190449715, 9102086.64066581428051 ], [ 6747565.557700896635652, 9102067.328142408281565 ], [ 6747578.16670255549252, 9102051.152380792424083 ], [ 6747587.854355175048113, 9102025.576558412984014 ], [ 6747590.63536087423563, 9101999.767005929723382 ], [ 6747593.923371414653957, 9101969.194788444787264 ], [ 6747603.62688897550106, 9101946.420801261439919 ], [ 6747629.272755589336157, 9101925.573018092662096 ], [ 6747636.542370660230517, 9101916.581544704735279 ], [ 6747648.609462404623628, 9101893.856262670829892 ], [ 6747654.763120168820024, 9101877.418174296617508 ], [ 6747659.371958125382662, 9101752.763077512383461 ], [ 6747665.942956653423607, 9101712.258254678919911 ], [ 6747670.826447807252407, 9101676.824746465310454 ], [ 6747673.10392177850008, 9101648.174087069928646 ], [ 6747664.828295465558767, 9101617.09567397646606 ], [ 6747600.231890608556569, 9101527.886337034404278 ], [ 6747484.885019687004387, 9101368.610222125425935 ], [ 6747443.778862855397165, 9101311.836055375635624 ], [ 6747418.106620537117124, 9101276.532459681853652 ], [ 6747378.02534962259233, 9101221.201548669487238 ], [ 6747188.926274222321808, 9100965.761483270674944 ], [ 6746939.09050559438765, 9100623.454694576561451 ], [ 6746774.267463756725192, 9100396.991198034957051 ], [ 6746621.657804561778903, 9100190.582003341987729 ], [ 6746521.519651554524899, 9100055.389772290363908 ], [ 6746472.943659226410091, 9099988.622018789872527 ], [ 6746454.500108819454908, 9099953.335121691226959 ], [ 6746443.204688842408359, 9099917.663680711761117 ], [ 6746439.82224153354764, 9099854.462486986070871 ], [ 6746443.801750166341662, 9099788.031783871352673 ] ] ] } }
]
}
