{
"type": "FeatureCollection",
"name": "2906600",
"crs": { "type": "name", "properties": { "name": "urn:ogc:def:crs:EPSG::5880" } },
"features": [
{ "type": "Feature", "properties": { "lv_id": "LOC_029954", "id": 140527.0, "CD_SETOR": "290660005000011", "SITUACAO": "Rural", "CD_SIT": "8", "CD_TIPO": "0", "AREA_KM2": 32.48517465019809, "CD_REGIAO": "2", "NM_REGIAO": "Nordeste", "CD_UF": "29", "NM_UF": "Bahia", "CD_MUN": "2906600", "NM_MUN": "Candiba", "CD_DIST": "290660005", "NM_DIST": "Candiba", "CD_SUBDIST": "29066000500", "NM_SUBDIST": null, "CD_BAIRRO": null, "NM_BAIRRO": null, "CD_NU": null, "NM_NU": null, "CD_FCU": null, "NM_FCU": null, "CD_AGLOM": null, "NM_AGLOM": null, "CD_RGINT": "2905", "NM_RGINT": "Guanambi", "CD_RGI": "290016", "NM_RGI": "Guanambi", "CD_CONCURB": null, "NM_CONCURB": null, "mun_code_x": "2906600", "index_right": 5430, "dist_m": 762.69854204107537, "local_id": 317226, "ano": 2022, "cod_localidade_ibge": 2906600, "NR_ZONA": "64", "nr_cep": 46380000.0, "nm_localidade": "CANDIBA", "nm_locvot": "CENTRO EDUCACIONAL DOM JOSÉ PEDRO COSTA", "ds_endereco": "RUA CASTRO ALVES N 05 - ZONA URBANA", "ds_bairro": "CENTRO", "pred_long": -42.8652133, "pred_lat": -14.40927, "pred_dist": 0.0, "tse_long": -42.8648661, "tse_lat": -14.4089313, "long": -42.8648661, "lat": -14.4089313, "ID_UNICO": "LOC_029954", "SG_UF": "BA", "CD_MUNICIPIO": "34312", "NR_LOCAL_VOTACAO": "1015", "QT_SECOES_AGREGADAS": 1, "QT_ELEITORES_TRANSFERIDOS": 2, "CIRO GOMES (PDT) (NÃO ELEITO) 1T": 50.0, "CONSTITUINTE EYMAEL (DC) (NÃO ELEITO) 1T": 0.0, "FELIPE D AVILA (NOVO) (NÃO ELEITO) 1T": 4.0, "JAIR BOLSONARO (PL) (2º TURNO) 1T": 639.0, "LULA (PT) (2º TURNO) 1T": 2647.0, "LÉO PÉRICLES (UP) (NÃO ELEITO) 1T": 0.0, "PADRE KELMON (PTB) (NÃO ELEITO) 1T": 5.0, "SIMONE TEBET (MDB) (NÃO ELEITO) 1T": 34.0, "SOFIA MANZANO (PCB) (NÃO ELEITO) 1T": 3.0, "SORAYA THRONICKE (UNIÃO) (NÃO ELEITO) 1T": 47.0, "VERA (PSTU) (NÃO ELEITO) 1T": 0.0, "Total_Votos_Validos 1T": 3429.0, "Votos_Brancos 1T": 61.0, "Votos_Nulos 1T": 143.0, "Abstenções 1T": 779.0, "Eleitores_Aptos 1T": 4412.0, "JAIR BOLSONARO (PL) (NÃO ELEITO) 2T": 747.0, "LULA (PT) (ELEITO) 2T": 2756.0, "Total_Votos_Validos 2T": 3503.0, "Votos_Brancos 2T": 51.0, "Votos_Nulos 2T": 145.0, "Abstenções 2T": 713.0, "Eleitores_Aptos 2T": 4412.0, "mun_code_y": "2906600", "mun_code": "2906600" }, "geometry": { "type": "Polygon", "coordinates": [ [ [ 6200681.157130647450686, 8377122.075670028105378 ], [ 6200639.13305046595633, 8377164.823756116442382 ], [ 6200637.369343930855393, 8377163.172828665003181 ], [ 6200381.255131280049682, 8377203.521721126511693 ], [ 6200313.522257809527218, 8377213.47488590888679 ], [ 6200314.609185793437064, 8377225.069032891653478 ], [ 6200236.061413165181875, 8377236.210598102770746 ], [ 6200157.288079515099525, 8377248.050546841695905 ], [ 6200168.10488012060523, 8377322.751454822719097 ], [ 6200179.94005243293941, 8377390.570683222264051 ], [ 6200186.763228633441031, 8377428.044373380020261 ], [ 6200186.679316427558661, 8377437.970118930563331 ], [ 6200225.359631621278822, 8377497.815785858780146 ], [ 6200253.978285130113363, 8377543.536450063809752 ], [ 6200291.429295042529702, 8377604.084399071522057 ], [ 6200311.474872093647718, 8377630.714815156534314 ], [ 6200367.845564743503928, 8377659.026254904456437 ], [ 6200422.808665580116212, 8377685.680757395923138 ], [ 6200475.770259520038962, 8377711.34972114302218 ], [ 6200540.307695662602782, 8377743.787045045755804 ], [ 6200565.773926107212901, 8377810.372315982356668 ], [ 6200581.228184668347239, 8377855.118118855170906 ], [ 6200613.782367317937315, 8377938.870238236151636 ], [ 6200612.893186374567449, 8377943.727597415447235 ], [ 6200587.153790988028049, 8378004.774521010927856 ], [ 6200563.267311936244369, 8378074.94313635956496 ], [ 6200551.356573190540075, 8378110.144205249845982 ], [ 6200532.164401079528034, 8378139.868488043546677 ], [ 6199482.696712038479745, 8378007.379264352843165 ], [ 6199472.708169578574598, 8378014.085619454272091 ], [ 6199465.653347375802696, 8378029.94022267498076 ], [ 6199446.163339197635651, 8378084.041082973591983 ], [ 6199437.939505160786211, 8378117.134288595058024 ], [ 6199434.070001103915274, 8378202.194725991226733 ], [ 6199439.582358801737428, 8378295.561831761151552 ], [ 6199441.369535732083023, 8378356.796685744076967 ], [ 6199439.873305208981037, 8378401.831137962639332 ], [ 6199432.702641082927585, 8378448.763333189301193 ], [ 6199407.182776916772127, 8378511.768813693895936 ], [ 6199375.609808658249676, 8378567.670709747821093 ], [ 6199349.762521415017545, 8378606.564691475592554 ], [ 6199319.770716849714518, 8378649.98817711789161 ], [ 6199300.475569592788815, 8378673.119592753238976 ], [ 6199266.552001338452101, 8378704.15074654482305 ], [ 6199237.227591148577631, 8378721.464280208572745 ], [ 6199198.98238305747509, 8378739.851362669840455 ], [ 6199165.619213836267591, 8378755.804017379879951 ], [ 6199140.296032603830099, 8378773.701967621222138 ], [ 6199101.129373506642878, 8378821.0178750352934 ], [ 6199072.307359527796507, 8378863.18895578943193 ], [ 6199060.555174516513944, 8378892.539679458364844 ], [ 6199046.543612131848931, 8378918.910370416007936 ], [ 6199038.744051624089479, 8378947.38240182492882 ], [ 6199035.797474758699536, 8379022.283939972519875 ], [ 6199033.527101484127343, 8379071.244690353050828 ], [ 6199028.953485012054443, 8379107.092029078863561 ], [ 6199000.412619529291987, 8379199.441741104237735 ], [ 6198979.524320937693119, 8379254.634102508425713 ], [ 6198959.273949014954269, 8379281.283202392980456 ], [ 6198918.439247343689203, 8379317.505762977525592 ], [ 6198882.371933748945594, 8379355.876839407719672 ], [ 6198871.950270751491189, 8379375.399459727108479 ], [ 6198850.082008874043822, 8379430.435740432702005 ], [ 6198835.060987784527242, 8379465.039625206962228 ], [ 6198825.786071898415685, 8379496.310797855257988 ], [ 6198821.376399948261678, 8379547.516475480049849 ], [ 6198819.924585739150643, 8379586.78663787804544 ], [ 6198815.674348287284374, 8379629.168235164135695 ], [ 6198810.284355425275862, 8379655.900002567097545 ], [ 6198806.86237557977438, 8379687.192972560413182 ], [ 6198788.605866623111069, 8379783.092222875915468 ], [ 6198775.863890448585153, 8379826.278147308155894 ], [ 6198727.552050093188882, 8379913.289237486198545 ], [ 6198709.05113510414958, 8379936.820342736318707 ], [ 6198692.06156574562192, 8379966.648319881409407 ], [ 6198679.577153003774583, 8379997.882332020439208 ], [ 6198674.181446201168001, 8380027.207182221114635 ], [ 6198674.010605230927467, 8380085.096381399780512 ], [ 6198681.993491953238845, 8380204.700895928777754 ], [ 6198682.999702695757151, 8380219.150773355737329 ], [ 6198681.978940236382186, 8380232.537216102704406 ], [ 6198664.685952259227633, 8380325.390208942815661 ], [ 6198653.038618836551905, 8380395.704525781795382 ], [ 6198635.140889463946223, 8380453.219856065697968 ], [ 6198620.863327066414058, 8380504.720547299832106 ], [ 6198617.163632620126009, 8380558.619679865427315 ], [ 6198623.917909045703709, 8380613.908623765222728 ], [ 6198628.973946162499487, 8380645.491314142942429 ], [ 6198635.685743685811758, 8380667.918570501729846 ], [ 6198660.345727728679776, 8380725.974218286573887 ], [ 6198716.585359597578645, 8380808.268066813237965 ], [ 6198706.939408225938678, 8380829.364766483195126 ], [ 6198691.914015494287014, 8380851.769365112297237 ], [ 6198687.250154161825776, 8380895.703702188096941 ], [ 6198686.830877061933279, 8380971.868713809177279 ], [ 6198688.29506500530988, 8381015.924652963876724 ], [ 6198697.250006269663572, 8381076.812283481471241 ], [ 6198710.513905115425587, 8381144.696273709647357 ], [ 6198710.524939499795437, 8381207.773946183733642 ], [ 6198703.939298750832677, 8381231.000302344560623 ], [ 6198681.918281768448651, 8381251.419525554403663 ], [ 6198652.467864837497473, 8381280.393090602941811 ], [ 6198638.010432080365717, 8381297.313389495946467 ], [ 6198617.03897799551487, 8381328.369617437943816 ], [ 6198587.867910260334611, 8381372.865060635842383 ], [ 6198557.956398420035839, 8381428.951900141313672 ], [ 6198547.482187399640679, 8381447.427491677924991 ], [ 6198516.088218701072037, 8381512.469467110000551 ], [ 6198503.156962457112968, 8381527.669953119941056 ], [ 6198478.631920321844518, 8381581.253272466361523 ], [ 6198462.657199392095208, 8381599.869811188429594 ], [ 6198439.190734530799091, 8381620.335526913404465 ], [ 6198415.137202559038997, 8381647.255614967085421 ], [ 6198394.580869281664491, 8381688.347524048760533 ], [ 6198382.337262246757746, 8381738.193206558004022 ], [ 6198372.186371367424726, 8381758.017078088596463 ], [ 6198317.943990724161267, 8381789.514401181600988 ], [ 6198260.825487850233912, 8381820.033964424394071 ], [ 6198218.806225035339594, 8381842.960096574388444 ], [ 6198187.081372757442296, 8381861.230125886388123 ], [ 6198116.699894145131111, 8381898.690113919787109 ], [ 6198050.942667364142835, 8381935.081478102132678 ], [ 6198004.044728346168995, 8381960.76728246640414 ], [ 6197957.323415006510913, 8381980.672263100743294 ], [ 6197918.716603840701282, 8381998.427603918127716 ], [ 6197886.953561687842011, 8382016.586051090620458 ], [ 6197863.34758904017508, 8382034.836372582241893 ], [ 6197802.680367877706885, 8382079.673454771749675 ], [ 6197755.084990058094263, 8382120.126683140173554 ], [ 6197691.501652852632105, 8382176.467441922985017 ], [ 6197650.122746004723012, 8382214.151975069195032 ], [ 6197612.91540109179914, 8382245.141916782595217 ], [ 6197585.81709343008697, 8382266.24290441442281 ], [ 6197576.920688094571233, 8382270.560564664192498 ], [ 6197524.113779409788549, 8382279.979462746530771 ], [ 6197481.905310722067952, 8382289.733594316989183 ], [ 6197443.463060813955963, 8382304.176533449441195 ], [ 6197393.885164715349674, 8382319.471005843020976 ], [ 6197356.227890031412244, 8382328.881790074519813 ], [ 6197304.010377462953329, 8382343.852114949375391 ], [ 6197270.617239356040955, 8382352.786945100873709 ], [ 6197207.581561408936977, 8382373.666334573179483 ], [ 6197179.632984368130565, 8382388.967793072573841 ], [ 6197144.831390911713243, 8382412.028155312873423 ], [ 6197123.963844889774919, 8382433.820479283109307 ], [ 6197090.370625491254032, 8382479.887982897460461 ], [ 6197038.648848038166761, 8382544.2900331299752 ], [ 6196992.441036473959684, 8382602.970192206092179 ], [ 6196936.44092910271138, 8382673.214126060716808 ], [ 6196898.057322230190039, 8382703.807475102134049 ], [ 6196854.132145555689931, 8382727.136630926281214 ], [ 6196827.085418628528714, 8382738.504560930654407 ], [ 6196796.595230492763221, 8382751.706505264155567 ], [ 6196762.330400142818689, 8382771.786266440525651 ], [ 6196719.820003499276936, 8382808.676384331658483 ], [ 6196698.429764753207564, 8382833.78475031722337 ], [ 6196669.140991417691112, 8382861.279513033106923 ], [ 6196648.132460612803698, 8382875.400517413392663 ], [ 6196626.499352726154029, 8382903.564180661924183 ], [ 6196619.711693147197366, 8382922.863438953645527 ], [ 6196621.781547334045172, 8382932.278546964749694 ], [ 6196620.671340305358171, 8382949.264359557069838 ], [ 6196628.801324473693967, 8382965.952451325953007 ], [ 6196641.975578732788563, 8383000.288686975836754 ], [ 6196673.254937145859003, 8383095.081055010668933 ], [ 6196690.858524350449443, 8383138.493586567230523 ], [ 6196717.368056525476277, 8383201.724797263741493 ], [ 6196726.574384565465152, 8383229.18357255961746 ], [ 6196748.365250902250409, 8383294.456729834899306 ], [ 6196772.990975417196751, 8383351.939094768837094 ], [ 6196792.777099145576358, 8383403.284754656255245 ], [ 6196813.545479909516871, 8383452.587861233390868 ], [ 6196828.120373863726854, 8383486.406099156476557 ], [ 6196856.258073382079601, 8383505.751271275803447 ], [ 6196970.420385681092739, 8383583.854929010383785 ], [ 6197000.966440197080374, 8383601.393329754471779 ], [ 6197046.224150154739618, 8383623.297473455779254 ], [ 6197119.49059094954282, 8383659.355943070724607 ], [ 6197203.500762582756579, 8383699.903223361819983 ], [ 6197254.625536340288818, 8383725.031246077269316 ], [ 6197305.271782997064292, 8383746.924223710782826 ], [ 6197342.197463501244783, 8383771.630142187699676 ], [ 6197376.795879380777478, 8383797.349848546087742 ], [ 6197419.099142275750637, 8383827.242307037115097 ], [ 6197440.291349850594997, 8383846.538167672231793 ], [ 6197456.390509152784944, 8383890.54248364828527 ], [ 6197464.096890896558762, 8383936.314475822262466 ], [ 6197471.947294119745493, 8383979.67829667776823 ], [ 6197478.574226362630725, 8384000.384795260615647 ], [ 6197483.34854362718761, 8384015.092668353579938 ], [ 6197493.061986381188035, 8384033.497530376538634 ], [ 6197553.777649518102407, 8384104.949833552353084 ], [ 6197591.373768266290426, 8384149.093201757408679 ], [ 6197646.778366175480187, 8384204.770025288686156 ], [ 6197696.26597922295332, 8384258.65707547031343 ], [ 6197731.683052198030055, 8384299.004705646075308 ], [ 6197774.108068199828267, 8384348.823470382019877 ], [ 6197801.825176808983088, 8384384.874130815267563 ], [ 6197822.290321627631783, 8384406.347209862433374 ], [ 6197836.813044133596122, 8384425.501811468973756 ], [ 6197894.697658937424421, 8384473.855875112116337 ], [ 6197914.063179135322571, 8384485.652693495154381 ], [ 6197936.45268196426332, 8384496.323297956958413 ], [ 6197948.498998166061938, 8384509.306302594020963 ], [ 6197969.957095829769969, 8384531.441937539726496 ], [ 6197989.581155052408576, 8384561.97448412515223 ], [ 6198003.950455883517861, 8384592.827360136434436 ], [ 6198012.828295118175447, 8384620.178882408887148 ], [ 6198020.77261467371136, 8384652.174971558153629 ], [ 6198025.990614714100957, 8384682.036142464727163 ], [ 6198043.336483770981431, 8384711.900434319861233 ], [ 6198052.377964993938804, 8384734.76847087405622 ], [ 6198064.82333118468523, 8384766.942776558920741 ], [ 6198078.506989270448685, 8384812.822773090563715 ], [ 6198088.001892704516649, 8384865.059636832214892 ], [ 6198101.348142971284688, 8384917.438299046829343 ], [ 6198124.360798456706107, 8384997.401310782879591 ], [ 6198139.012996313162148, 8385027.395276808179915 ], [ 6198172.196077662520111, 8385105.494082327932119 ], [ 6198190.014618836343288, 8385154.738013756461442 ], [ 6198211.324889298528433, 8385217.838678408414125 ], [ 6198222.303309734910727, 8385248.922541226260364 ], [ 6198234.363381518051028, 8385286.369192879647017 ], [ 6198245.641256621107459, 8385333.210688367486 ], [ 6198258.230484673753381, 8385349.41471410356462 ], [ 6198284.741851560771465, 8385376.493857876397669 ], [ 6198326.885969377122819, 8385419.055805580690503 ], [ 6198384.658936417661607, 8385469.107658590190113 ], [ 6198420.011937756091356, 8385505.378416179679334 ], [ 6198454.695801411755383, 8385542.335252271965146 ], [ 6198483.245520314201713, 8385574.322112527675927 ], [ 6198516.429931492544711, 8385613.346560397185385 ], [ 6198540.560076178982854, 8385643.020584728568792 ], [ 6198573.320360623300076, 8385689.213117430917919 ], [ 6198602.602198490872979, 8385723.182918918319046 ], [ 6198645.357748473063111, 8385777.39556678198278 ], [ 6198673.623539135791361, 8385816.994862803258002 ], [ 6198695.392788168042898, 8385844.042960403487086 ], [ 6198723.758975783362985, 8385872.408669838681817 ], [ 6198758.650353278964758, 8385887.935385048389435 ], [ 6198789.853734891861677, 8385905.837799402885139 ], [ 6198822.555247210897505, 8385930.680588164366782 ], [ 6198863.735737003386021, 8385955.76965719088912 ], [ 6198923.346446927636862, 8385998.597307614982128 ], [ 6198977.395639914087951, 8386036.686698844656348 ], [ 6199016.433249325491488, 8386061.224910378456116 ], [ 6199038.668054424226284, 8386080.606998085044324 ], [ 6199050.2608508085832, 8386099.001285145059228 ], [ 6199072.029260499402881, 8386143.648371474817395 ], [ 6199088.809916567988694, 8386192.627761486917734 ], [ 6199106.779817430302501, 8386239.599604757502675 ], [ 6199119.960933483205736, 8386278.571645871736109 ], [ 6199098.745180859230459, 8386306.953654449433088 ], [ 6199002.208640356548131, 8386414.649863759055734 ], [ 6199025.118275673128664, 8386488.836521002463996 ], [ 6199063.686419502831995, 8386593.048730707727373 ], [ 6199082.718438326381147, 8386657.963029433041811 ], [ 6199096.959660794585943, 8386718.22597152274102 ], [ 6199108.739106605760753, 8386743.240628929808736 ], [ 6199119.175648969598114, 8386761.623060799203813 ], [ 6199133.165387695655227, 8386780.229328220710158 ], [ 6199165.715727327391505, 8386814.099304879084229 ], [ 6199188.848803907632828, 8386834.870479503646493 ], [ 6199209.491266483440995, 8386854.600132656283677 ], [ 6199246.458429696969688, 8386899.081005522049963 ], [ 6200815.297076661139727, 8387113.72968271560967 ], [ 6200817.51278689224273, 8387110.150494324043393 ], [ 6200855.146823864430189, 8387049.519991716369987 ], [ 6200887.189433000981808, 8386992.349073266610503 ], [ 6200909.965955941937864, 8386923.684048454277217 ], [ 6200940.164191843010485, 8386817.139621618203819 ], [ 6200976.39412366040051, 8386694.463685282506049 ], [ 6201057.870297367684543, 8386629.658410423435271 ], [ 6201076.913683047518134, 8386618.425320578739047 ], [ 6201111.084328365512192, 8386573.485371765680611 ], [ 6201140.557971386238933, 8386538.952510081231594 ], [ 6201154.544410326518118, 8386508.040259446948767 ], [ 6201165.166965806856751, 8386468.450525211170316 ], [ 6201160.61493441555649, 8386412.386115830391645 ], [ 6201142.72199209779501, 8386310.692501658573747 ], [ 6201133.090693079866469, 8386236.968407575972378 ], [ 6201145.570719441398978, 8386161.06335632968694 ], [ 6201154.321290638297796, 8386107.876082140952349 ], [ 6201169.013878387399018, 8386011.423184648156166 ], [ 6201192.727547428570688, 8385863.393263363279402 ], [ 6201208.003633481450379, 8385765.615357366390526 ], [ 6201222.071377345360816, 8385681.402745191007853 ], [ 6201236.284815551713109, 8385640.602280389517546 ], [ 6201267.783499522134662, 8385613.44586050324142 ], [ 6201334.636015951633453, 8385578.294618409126997 ], [ 6201359.388787708245218, 8385553.932168796658516 ], [ 6201397.9575270190835, 8385507.087074614129961 ], [ 6201424.66888097114861, 8385472.437596019357443 ], [ 6201420.097161293029785, 8385401.130116737447679 ], [ 6201406.853813827969134, 8385249.365906880237162 ], [ 6201395.514650534838438, 8385111.659947192296386 ], [ 6201390.3256541416049, 8385030.189790864475071 ], [ 6201385.111365844495595, 8384956.308852333575487 ], [ 6201370.945593036711216, 8384875.023395915515721 ], [ 6201403.264097571372986, 8384831.658210040070117 ], [ 6201421.392886524088681, 8384809.497273084707558 ], [ 6201501.297941599041224, 8384708.083156918175519 ], [ 6201529.925646254792809, 8384681.458287264220417 ], [ 6201617.230397145263851, 8384599.034154755994678 ], [ 6201648.620297254063189, 8384570.78745891712606 ], [ 6201687.211486136540771, 8384545.880291233770549 ], [ 6201751.856027118861675, 8384501.033756411634386 ], [ 6201791.852005999535322, 8384467.816471256315708 ], [ 6201838.612401959486306, 8384422.073152434080839 ], [ 6201874.010334772989154, 8384385.311483639292419 ], [ 6201931.582029536366463, 8384332.168408844619989 ], [ 6201977.854598373174667, 8384292.029145637527108 ], [ 6202042.485252723097801, 8384240.16851719096303 ], [ 6202107.643859235569835, 8384192.566597214899957 ], [ 6202146.601321878843009, 8384163.16402761079371 ], [ 6202186.757700045593083, 8384144.347232003696263 ], [ 6202249.62955685146153, 8384117.296839297749102 ], [ 6202323.100990293547511, 8384094.413809583522379 ], [ 6202328.050190524198115, 8384082.550175476819277 ], [ 6202323.969669047743082, 8384068.405045763589442 ], [ 6202296.328675503842533, 8384041.957051772624254 ], [ 6202257.868463535793126, 8384008.116085208952427 ], [ 6202224.060028862208128, 8383978.718548103235662 ], [ 6202189.443405506201088, 8383947.556007336825132 ], [ 6202219.737717947922647, 8383919.473097497597337 ], [ 6202255.64075255766511, 8383882.696790950372815 ], [ 6202294.558299425058067, 8383845.955236241221428 ], [ 6202341.786669354885817, 8383816.54713489394635 ], [ 6202411.212110210210085, 8383766.989476982504129 ], [ 6202470.799122799187899, 8383726.205064293928444 ], [ 6202504.762433397583663, 8383698.530525468289852 ], [ 6202560.613803818821907, 8383677.79314945731312 ], [ 6202625.044028125703335, 8383643.201097353361547 ], [ 6202687.800988562405109, 8383605.701589598320425 ], [ 6202715.759733190760016, 8383581.180405028164387 ], [ 6202737.164037454873323, 8383561.846684537827969 ], [ 6202766.922374368645251, 8383532.299827763810754 ], [ 6202818.456048442982137, 8383480.356708872132003 ], [ 6202834.150360187515616, 8383452.98861681856215 ], [ 6202863.882318563759327, 8383394.566358393058181 ], [ 6202892.830674775876105, 8383327.928186383098364 ], [ 6202921.492131965234876, 8383287.474038320593536 ], [ 6202933.418411560356617, 8383279.241789578460157 ], [ 6202965.206848959438503, 8383257.128178274258971 ], [ 6202993.701856812462211, 8383247.83598118275404 ], [ 6203013.380997654981911, 8383246.107098964974284 ], [ 6203042.349012725055218, 8383248.011088227853179 ], [ 6203085.912363176234066, 8383247.789063880220056 ], [ 6203115.897932911291718, 8383245.697377058677375 ], [ 6203165.453760297968984, 8383238.036951595917344 ], [ 6203211.572514853440225, 8383229.640471770428121 ], [ 6203250.349945431575179, 8383215.44222975242883 ], [ 6203354.629400510340929, 8383162.041171228513122 ], [ 6203450.673613364808261, 8383110.988138033077121 ], [ 6203492.382313723675907, 8383084.312025155872107 ], [ 6203579.337599565275013, 8383031.104062639176846 ], [ 6203621.518767424859107, 8382997.413754135370255 ], [ 6203674.888616059906781, 8382955.210339425131679 ], [ 6203731.080267049372196, 8382909.036466085352004 ], [ 6203736.430380617268384, 8382896.329322145320475 ], [ 6203747.308555191382766, 8382843.619092301465571 ], [ 6203796.739345583133399, 8382900.088069264777005 ], [ 6203869.742264521308243, 8383034.009414009749889 ], [ 6203907.848348340950906, 8383096.833339050412178 ], [ 6203946.347895184531808, 8383148.971402735449374 ], [ 6203990.929942834191024, 8383212.170148950070143 ], [ 6204072.842029898427427, 8383346.078775128349662 ], [ 6204154.00907126814127, 8383475.490918005816638 ], [ 6204197.520208793692291, 8383548.303876122459769 ], [ 6204234.893607688136399, 8383587.563475684262812 ], [ 6204282.187636775895953, 8383633.481042683124542 ], [ 6204312.976111993193626, 8383664.929197549819946 ], [ 6204371.001925055868924, 8383771.218006572686136 ], [ 6204399.987701307982206, 8383809.868568256497383 ], [ 6204442.407179766334593, 8383881.753860889934003 ], [ 6204483.071522518992424, 8383950.375166123732924 ], [ 6204530.341438016854227, 8384035.095019950531423 ], [ 6204567.053795939311385, 8384094.514725062064826 ], [ 6204617.322799080051482, 8384160.518213291652501 ], [ 6204646.576442098245025, 8384209.902230517007411 ], [ 6204699.301284210756421, 8384288.574191552586854 ], [ 6204726.091420006938279, 8384328.943855522200465 ], [ 6204750.313827861100435, 8384356.33492178004235 ], [ 6204827.094704763963819, 8384422.083028141409159 ], [ 6204895.148080267012119, 8384477.236462708562613 ], [ 6204969.537294095382094, 8384541.972756989300251 ], [ 6205003.803063706494868, 8384569.351911701261997 ], [ 6205078.708112180233002, 8384639.419563189148903 ], [ 6205188.94500083848834, 8384727.579798959195614 ], [ 6205252.430347131565213, 8384793.948774826712906 ], [ 6205335.092134160920978, 8384908.532441874966025 ], [ 6205362.655133190564811, 8384954.627530548721552 ], [ 6205483.423619227483869, 8385149.956538898870349 ], [ 6205592.537427332252264, 8385321.650917950086296 ], [ 6205664.153184118680656, 8385426.147762038744986 ], [ 6205696.808569142594934, 8385479.541032923385501 ], [ 6205719.391374397091568, 8385514.589855340309441 ], [ 6205749.482743695378304, 8385570.136957083828747 ], [ 6205802.671590523794293, 8385670.090138191357255 ], [ 6205917.795480441302061, 8385898.712549393065274 ], [ 6205977.129258954897523, 8386036.179249750450253 ], [ 6206181.111839591525495, 8386472.979462524875998 ], [ 6206252.510565385222435, 8386603.267608891241252 ], [ 6206310.980967191979289, 8386727.482766704633832 ], [ 6206353.228136061690748, 8386811.672492782585323 ], [ 6206380.988039849326015, 8386862.744165846146643 ], [ 6206419.967096470296383, 8386927.245291528292 ], [ 6206574.973026821389794, 8387138.868793189525604 ], [ 6206606.358852718956769, 8387180.654046973213553 ], [ 6206643.144423404708505, 8387215.231921646744013 ], [ 6206736.30008537042886, 8387272.750795044004917 ], [ 6206806.473011353053153, 8387315.457914210855961 ], [ 6206932.202970340847969, 8387397.665670757181942 ], [ 6206958.949115321040154, 8387419.084118699654937 ], [ 6207009.111795893870294, 8387462.307535339146852 ], [ 6207054.710568785667419, 8387486.975756051018834 ], [ 6207076.825500531122088, 8387499.675617977976799 ], [ 6207146.810471864417195, 8387527.88986499235034 ], [ 6207216.810103458352387, 8387555.956743692047894 ], [ 6207366.593919613398612, 8387618.575072577223182 ], [ 6207524.943509017117321, 8387682.989229708909988 ], [ 6207640.972617287188768, 8387730.944085170514882 ], [ 6207726.206135651096702, 8387784.470356710255146 ], [ 6207797.451445031911135, 8387837.973945188336074 ], [ 6207967.158928834833205, 8387890.335512562654912 ], [ 6208183.863811989314854, 8387963.158016594126821 ], [ 6208372.817742496728897, 8388024.669199790805578 ], [ 6208476.742316519841552, 8388058.266092153266072 ], [ 6208577.18451364338398, 8388098.278920507058501 ], [ 6208656.25030006095767, 8388123.672967448830605 ], [ 6208694.824884760193527, 8388133.399626404047012 ], [ 6208695.185368419624865, 8388133.483680160716176 ], [ 6208696.288371716625988, 8388133.734798568300903 ], [ 6208697.77161786146462, 8388130.663252575322986 ], [ 6208698.974778275005519, 8388128.056352923624218 ], [ 6208705.569000124931335, 8388113.798462308943272 ], [ 6208707.729467869736254, 8388110.434765513055027 ], [ 6208749.991160986945033, 8388044.571113823913038 ], [ 6208750.232468357309699, 8388044.198560571298003 ], [ 6208745.384224696084857, 8388019.081628809683025 ], [ 6208724.841162094846368, 8387992.378514064475894 ], [ 6208724.455241736024618, 8387991.765656694769859 ], [ 6208698.617422243580222, 8387958.056160640902817 ], [ 6208669.062681290321052, 8387898.272882163524628 ], [ 6208668.26678310893476, 8387895.424395304173231 ], [ 6208659.130901351571083, 8387858.865516207180917 ], [ 6208629.165405315347016, 8387817.935385229066014 ], [ 6208628.551025085151196, 8387817.288476809859276 ], [ 6208608.330416843295097, 8387796.163441020995378 ], [ 6208611.694795805029571, 8387784.148146543651819 ], [ 6208615.071025389246643, 8387772.15482997149229 ], [ 6208603.881598157808185, 8387754.652599668130279 ], [ 6208562.821255549788475, 8387711.879980692639947 ], [ 6208480.278524405322969, 8387688.95555062033236 ], [ 6208478.712665480561554, 8387688.512570027261972 ], [ 6208475.330394572578371, 8387687.582346929237247 ], [ 6208400.900038248859346, 8387652.097050357609987 ], [ 6208386.912771864794195, 8387639.748653966002166 ], [ 6208366.936504328623414, 8387603.714623052626848 ], [ 6208360.201660327613354, 8387571.93418403621763 ], [ 6208311.439729451201856, 8387492.093991000205278 ], [ 6208300.40333816409111, 8387483.831813829019666 ], [ 6208238.480195228941739, 8387410.831141478382051 ], [ 6208220.209537443704903, 8387395.656530653126538 ], [ 6208213.884886488318443, 8387386.997207315638661 ], [ 6208207.720126778818667, 8387367.740853413008153 ], [ 6208211.344125446863472, 8387350.570733054541051 ], [ 6208214.385181084275246, 8387336.101516138762236 ], [ 6208208.004345602355897, 8387306.965516403317451 ], [ 6208189.143175409175456, 8387296.578510125167668 ], [ 6208164.413845344446599, 8387282.979547678492963 ], [ 6208123.064523365348577, 8387260.227102499455214 ], [ 6208112.735689977183938, 8387254.547036967240274 ], [ 6208095.089787082746625, 8387242.702847738750279 ], [ 6208078.481762401759624, 8387231.552728749811649 ], [ 6208076.885624804534018, 8387230.479696384631097 ], [ 6208067.318319900892675, 8387215.707221174612641 ], [ 6208055.638784590177238, 8387197.665093987248838 ], [ 6208048.0703737847507, 8387177.743736589327455 ], [ 6208037.495400195941329, 8387149.882160939276218 ], [ 6208033.660784052684903, 8387139.771687064319849 ], [ 6208033.01951565220952, 8387131.829774838872254 ], [ 6208028.214549759402871, 8387072.361074001528323 ], [ 6208012.38835041411221, 8387048.723219021223485 ], [ 6207993.360702169127762, 8387020.27836683858186 ], [ 6207993.332114525139332, 8387020.133147514425218 ], [ 6207992.963623744435608, 8387017.86172127071768 ], [ 6207987.975284971296787, 8386987.361652568913996 ], [ 6207949.116852075792849, 8386938.472558446228504 ], [ 6207852.914902910590172, 8386837.664690623059869 ], [ 6207826.770641173236072, 8386804.523525904864073 ], [ 6207815.181695827282965, 8386778.932811476290226 ], [ 6207808.638762233778834, 8386776.734665248543024 ], [ 6207806.432280801236629, 8386775.995665855705738 ], [ 6207793.920358709059656, 8386737.954635906033218 ], [ 6207776.809889627620578, 8386719.273364114575088 ], [ 6207774.867306215688586, 8386705.834892777726054 ], [ 6207774.741589402779937, 8386705.017750852741301 ], [ 6207772.885093847289681, 8386703.246880417689681 ], [ 6207761.46428676135838, 8386692.375926233828068 ], [ 6207759.525363159365952, 8386685.748630766756833 ], [ 6207752.991443916223943, 8386663.307730392552912 ], [ 6207722.915356004610658, 8386637.788563005626202 ], [ 6207721.214643454179168, 8386636.337190794758499 ], [ 6207661.017875311896205, 8386553.612592570483685 ], [ 6207658.400972518138587, 8386507.300419250503182 ], [ 6207672.425996858626604, 8386435.813116054981947 ], [ 6207678.866116784512997, 8386431.610834342427552 ], [ 6207698.155217286199331, 8386419.028036692179739 ], [ 6207707.371673638932407, 8386398.452405730262399 ], [ 6207700.192736331373453, 8386373.606950912624598 ], [ 6207693.479214830324054, 8386324.989509168080986 ], [ 6207697.506225375458598, 8386274.679364502429962 ], [ 6207697.308986288495362, 8386272.151575159281492 ], [ 6207695.762694422155619, 8386251.239830081351101 ], [ 6207692.751233094371855, 8386210.878432653844357 ], [ 6207680.630454888567328, 8386196.906499397009611 ], [ 6207658.871461191214621, 8386159.279540041461587 ], [ 6207648.262289037927985, 8386121.507559950463474 ], [ 6207652.239302026107907, 8386104.726509723812342 ], [ 6207633.158187698572874, 8386072.473172928206623 ], [ 6207609.69585270434618, 8386001.695360789075494 ], [ 6207616.459658812731504, 8385961.582548475824296 ], [ 6207613.64875016734004, 8385942.897266067564487 ], [ 6207629.317761858925223, 8385925.347167123109102 ], [ 6207630.889333877712488, 8385900.777352740988135 ], [ 6207624.89819881785661, 8385794.251307673752308 ], [ 6207620.169734782539308, 8385751.435795206576586 ], [ 6207624.043801555410028, 8385728.930951846763492 ], [ 6207603.171402648091316, 8385712.642618673853576 ], [ 6207585.245296102017164, 8385691.148245855234563 ], [ 6207557.847724365070462, 8385673.698581210337579 ], [ 6207519.954780315980315, 8385613.216566623188555 ], [ 6207512.253005435690284, 8385590.528008880093694 ], [ 6207503.488995580002666, 8385575.164559301920235 ], [ 6207444.066870895214379, 8385532.088025755248964 ], [ 6207420.798015779815614, 8385510.435189674608409 ], [ 6207412.230777459219098, 8385497.588287521153688 ], [ 6207358.703211111947894, 8385480.039354375563562 ], [ 6207334.723691176623106, 8385462.243830629624426 ], [ 6207310.197184283286333, 8385437.122231410816312 ], [ 6207292.471550740301609, 8385401.612344196997583 ], [ 6207266.444291749969125, 8385388.167399737983942 ], [ 6207216.686666525900364, 8385390.599019556306303 ], [ 6207215.275202983990312, 8385390.892893666401505 ], [ 6207163.41786552593112, 8385401.534145837649703 ], [ 6207130.36095460690558, 8385405.840945417992771 ], [ 6207113.494178308174014, 8385414.878318351693451 ], [ 6207057.588241271674633, 8385444.852098080329597 ], [ 6207037.924361699260771, 8385452.321977518498898 ], [ 6207017.83487962372601, 8385446.009589023888111 ], [ 6207017.123573911376297, 8385445.367410104721785 ], [ 6207013.136483233422041, 8385441.737560756504536 ], [ 6206983.001341721974313, 8385414.29375290311873 ], [ 6206957.326874700374901, 8385376.530015722848475 ], [ 6206954.141598255373538, 8385354.998885920271277 ], [ 6206940.677847485989332, 8385263.958856577984989 ], [ 6206918.737886359915137, 8385255.322871100157499 ], [ 6206869.943075679242611, 8385256.884216988459229 ], [ 6206858.404740784317255, 8385257.251031158491969 ], [ 6206842.956064088270068, 8385254.908987417817116 ], [ 6206836.718363283202052, 8385236.153169455006719 ], [ 6206847.850269955582917, 8385193.450441369786859 ], [ 6206848.572409658692777, 8385192.073547773994505 ], [ 6206858.849822765216231, 8385172.461895374581218 ], [ 6206867.268639143556356, 8385164.724443078041077 ], [ 6206875.490847703069448, 8385157.165653442963958 ], [ 6206886.456845077686012, 8385124.484650172293186 ], [ 6206889.466136733070016, 8385103.533275899477303 ], [ 6206896.123620695434511, 8385057.179074209183455 ], [ 6206911.785525622777641, 8385028.273916433565319 ], [ 6206926.611457824707031, 8385006.90827523637563 ], [ 6206933.919520629569888, 8385006.836368860676885 ], [ 6206950.456264618784189, 8385006.65594417322427 ], [ 6206956.095682745799422, 8384992.783051019534469 ], [ 6206947.723029617220163, 8384981.731180576607585 ], [ 6206929.501634875312448, 8384957.680366666987538 ], [ 6206925.055316041223705, 8384953.035338568501174 ], [ 6206893.51132667157799, 8384920.100684161297977 ], [ 6206893.42778093740344, 8384919.935577151365578 ], [ 6206893.235349461436272, 8384919.527652388438582 ], [ 6206882.007135512307286, 8384896.491498664952815 ], [ 6206877.453540716320276, 8384887.14924603048712 ], [ 6206873.607539271935821, 8384865.582515567541122 ], [ 6206872.942352902144194, 8384861.859548703767359 ], [ 6206876.999756198376417, 8384829.704643122851849 ], [ 6206888.202104279771447, 8384817.874147453345358 ], [ 6206893.988823373802006, 8384811.77511992584914 ], [ 6206909.601921408437192, 8384780.966411301866174 ], [ 6206915.913154472596943, 8384759.065703637897968 ], [ 6206903.593059059232473, 8384741.168306064791977 ], [ 6206896.929701738059521, 8384708.190544562414289 ], [ 6206857.757056087255478, 8384619.083646710962057 ], [ 6206823.355606304481626, 8384589.828570257872343 ], [ 6206788.035054616630077, 8384543.274334949441254 ], [ 6206738.923505459912121, 8384509.510494383051991 ], [ 6206707.93532152287662, 8384483.180031042546034 ], [ 6206663.815216802060604, 8384455.512040712870657 ], [ 6206648.492303209379315, 8384445.901977267116308 ], [ 6206609.318951668217778, 8384413.979947284795344 ], [ 6206604.305705820210278, 8384408.324976207688451 ], [ 6206599.874996172264218, 8384403.329677872359753 ], [ 6206577.434769950807095, 8384378.006221964024007 ], [ 6206571.686231035739183, 8384364.030821363441646 ], [ 6206566.854090308770537, 8384352.266390710137784 ], [ 6206564.430617057718337, 8384340.509372239001095 ], [ 6206562.30489191878587, 8384330.226461995393038 ], [ 6206562.542115699499846, 8384309.578607762232423 ], [ 6206560.215430771000683, 8384301.402897295542061 ], [ 6206559.695634202100337, 8384299.578688490204513 ], [ 6206559.973205165937543, 8384297.941402234137058 ], [ 6206565.055969529785216, 8384267.575195381417871 ], [ 6206589.976833272725344, 8384220.370671219192445 ], [ 6206614.99736210796982, 8384184.212409717030823 ], [ 6206639.114518407732248, 8384130.190362301655114 ], [ 6206624.081917365081608, 8384105.523222006857395 ], [ 6206606.327172510325909, 8384062.448999065905809 ], [ 6206587.237573642283678, 8384042.342476778663695 ], [ 6206562.727683703415096, 8383988.611965034157038 ], [ 6206562.619219432584941, 8383971.555553032085299 ], [ 6206503.716047877445817, 8383939.64236453641206 ], [ 6206485.318777209147811, 8383937.951028430834413 ], [ 6206465.987053444609046, 8383933.000871599651873 ], [ 6206453.127973217517138, 8383929.699370909482241 ], [ 6206441.964370916597545, 8383926.845756839029491 ], [ 6206440.783413298428059, 8383926.542098112404346 ], [ 6206434.610703224316239, 8383926.412533213384449 ], [ 6206400.860124859958887, 8383925.690248562023044 ], [ 6206398.93599087651819, 8383924.306190986186266 ], [ 6206391.969942370429635, 8383918.689477425068617 ], [ 6206362.457004639320076, 8383916.036601603962481 ], [ 6206350.958311159163713, 8383921.476243503391743 ], [ 6206333.790255271829665, 8383929.614901370368898 ], [ 6206318.712172525934875, 8383936.750200854614377 ], [ 6206311.787230149842799, 8383938.044058540835977 ], [ 6206300.581267273053527, 8383940.142883417196572 ], [ 6206220.258879283443093, 8383910.157475145533681 ], [ 6206166.959039319306612, 8383936.757447280921042 ], [ 6206154.026340989395976, 8383949.201488223858178 ], [ 6206130.030361901968718, 8383972.318800784647465 ], [ 6206112.624886777251959, 8383970.590467024594545 ], [ 6206088.392380863428116, 8383956.483993975445628 ], [ 6206086.327213675715029, 8383953.291230249218643 ], [ 6206078.044998206198215, 8383940.521220857277513 ], [ 6206077.449482224881649, 8383939.591547428630292 ], [ 6206077.413386527448893, 8383933.007794167846441 ], [ 6206077.363989068195224, 8383920.538329451344907 ], [ 6206079.538256454281509, 8383907.374820185825229 ], [ 6206080.342452100478113, 8383902.543351721949875 ], [ 6206077.103963116183877, 8383890.679355972446501 ], [ 6206076.9335732832551, 8383890.056119436398149 ], [ 6206076.146867036819458, 8383887.173585318960249 ], [ 6206063.207086930982769, 8383868.731471443548799 ], [ 6206060.691997204907238, 8383865.165818804875016 ], [ 6206059.462741901166737, 8383863.409814216196537 ], [ 6206054.324837290681899, 8383858.527756718918681 ], [ 6206050.386947467923164, 8383854.79418676532805 ], [ 6206049.28746978007257, 8383852.817644905298948 ], [ 6206019.804245410487056, 8383799.847187234088778 ], [ 6206019.220308283343911, 8383797.811856368556619 ], [ 6206011.504050937481225, 8383770.997767101041973 ], [ 6206012.495777925476432, 8383714.646060757339001 ], [ 6206013.223361154086888, 8383673.000448853708804 ], [ 6206024.752320570871234, 8383617.266120322048664 ], [ 6206030.249494626186788, 8383607.178061237558722 ], [ 6206012.736071104183793, 8383578.301211254671216 ], [ 6206012.246316933073103, 8383571.716881727799773 ], [ 6206012.227903064340353, 8383571.334371437318623 ], [ 6206009.86277262121439, 8383539.028883934952319 ], [ 6206010.569554258137941, 8383536.885946189984679 ], [ 6206022.844288436695933, 8383499.789382182061672 ], [ 6206023.484853794798255, 8383497.841349990107119 ], [ 6206025.587425472214818, 8383491.492325734347105 ], [ 6206024.976101979613304, 8383487.766844771802425 ], [ 6206022.214581157080829, 8383470.782800855115056 ], [ 6206021.185615057125688, 8383464.438837265595794 ], [ 6206012.046450544148684, 8383452.262997128069401 ], [ 6206008.862108130939305, 8383448.03064102306962 ], [ 6205999.226082445122302, 8383435.1797233838588 ], [ 6205992.75779643189162, 8383433.170011308975518 ], [ 6205981.059822065755725, 8383429.53038576617837 ], [ 6205979.324802985414863, 8383426.01719992980361 ], [ 6205971.872696092352271, 8383410.974369267001748 ], [ 6205973.758191416040063, 8383406.846062987111509 ], [ 6205978.8175732139498, 8383395.741751600056887 ], [ 6206039.725740173831582, 8383346.411499951034784 ], [ 6206043.11204759310931, 8383344.296646926552057 ], [ 6206063.137954942882061, 8383331.824628078378737 ], [ 6206095.48072812333703, 8383320.819607699289918 ], [ 6206108.221710258163512, 8383304.629535336978734 ], [ 6206113.724552806466818, 8383252.276505053974688 ], [ 6206102.140627757646143, 8383196.060091801919043 ], [ 6206101.716100011020899, 8383193.97193755954504 ], [ 6206101.793501483276486, 8383193.336700272746384 ], [ 6206104.070468506775796, 8383176.93175732716918 ], [ 6206105.063504197634757, 8383169.745583577081561 ], [ 6206137.561238999478519, 8383143.351563954725862 ], [ 6206183.184701830148697, 8383106.296664216555655 ], [ 6206188.691747652366757, 8383100.008160699158907 ], [ 6206202.899866731837392, 8383083.791928036138415 ], [ 6206231.874251786619425, 8383071.021330047398806 ], [ 6206251.706053359434009, 8383070.894952233880758 ], [ 6206256.316273768432438, 8383070.874564819969237 ], [ 6206274.841440530493855, 8383060.211440670304 ], [ 6206282.659451094456017, 8383055.71667281165719 ], [ 6206300.228008511476219, 8383045.596035474911332 ], [ 6206306.947726883925498, 8383033.993798580020666 ], [ 6206318.119161106646061, 8383021.995423901826143 ], [ 6206330.935096745379269, 8382992.57385515421629 ], [ 6206376.119269877672195, 8382903.373573782853782 ], [ 6206394.524300913326442, 8382880.582339873537421 ], [ 6206402.532232988625765, 8382862.771783675067127 ], [ 6206408.192839912138879, 8382735.273863788694143 ], [ 6206396.672448382712901, 8382679.95623829215765 ], [ 6206381.84359070751816, 8382646.968957848846912 ], [ 6206387.967951067723334, 8382630.636672557331622 ], [ 6206381.628502499312162, 8382599.92178510222584 ], [ 6206386.707833494991064, 8382551.817334392108023 ], [ 6206384.867877012118697, 8382524.165872065350413 ], [ 6206375.187213998287916, 8382507.03221339173615 ], [ 6206373.448221256956458, 8382471.391973791643977 ], [ 6206380.316640285775065, 8382454.144005278125405 ], [ 6206390.530076286755502, 8382444.909476700238883 ], [ 6206400.002019502222538, 8382445.386286132968962 ], [ 6206413.936286680400372, 8382412.076043353416026 ], [ 6206431.800853310152888, 8382356.574370240792632 ], [ 6206433.555024028755724, 8382353.760365414433181 ], [ 6206454.468761247582734, 8382320.077818753197789 ], [ 6206466.372628957033157, 8382304.468828933313489 ], [ 6206496.287035894580185, 8382290.839614586904645 ], [ 6206510.46707209944725, 8382296.467076446861029 ], [ 6206527.433296393603086, 8382307.473774570971727 ], [ 6206537.3206802662462, 8382303.351995822973549 ], [ 6206562.208568682894111, 8382284.68886969704181 ], [ 6206583.179416373372078, 8382282.21734774671495 ], [ 6206585.820100163109601, 8382282.337395560927689 ], [ 6206608.165697917342186, 8382283.294990941882133 ], [ 6206621.607070617377758, 8382276.734202058985829 ], [ 6206638.0336001701653, 8382261.086161725223064 ], [ 6206646.005493202246726, 8382245.678921004757285 ], [ 6206657.099796081893146, 8382224.256326501257718 ], [ 6206659.151344493031502, 8382219.995706067420542 ], [ 6206670.845330840907991, 8382195.781191437505186 ], [ 6206720.786334227770567, 8382184.29275125451386 ], [ 6206731.37230836506933, 8382167.112233996391296 ], [ 6206758.472439549863338, 8382123.115148831158876 ], [ 6206750.736301170662045, 8382101.748626795597374 ], [ 6206731.445796802639961, 8382079.938862045295537 ], [ 6206733.671154338866472, 8382060.694167639128864 ], [ 6206744.415993318893015, 8382040.540082572028041 ], [ 6206754.824209921993315, 8381998.175674398429692 ], [ 6206768.696813073009253, 8381980.407121382653713 ], [ 6206785.21195703279227, 8381966.829397553578019 ], [ 6206796.46133007761091, 8381957.589291023090482 ], [ 6206804.979205748066306, 8381947.241216070950031 ], [ 6206813.105680113658309, 8381931.239861921407282 ], [ 6206807.285092649050057, 8381900.781509631313384 ], [ 6206791.556130971759558, 8381875.348378472961485 ], [ 6206790.221086449921131, 8381873.191600944846869 ], [ 6206787.5159648116678, 8381868.823361358605325 ], [ 6206772.47499364707619, 8381865.718848063610494 ], [ 6206767.981560327112675, 8381864.797855067066848 ], [ 6206757.721387078985572, 8381845.955781796947122 ], [ 6206769.224614443257451, 8381818.468686208128929 ], [ 6206769.717633173801005, 8381817.271978772245347 ], [ 6206773.557919305749238, 8381811.142792588099837 ], [ 6206791.584002282470465, 8381782.324313291348517 ], [ 6206794.792209517210722, 8381777.195587500929832 ], [ 6206802.442055554129183, 8381769.67495428584516 ], [ 6206804.535182559862733, 8381767.622516157105565 ], [ 6206822.95919072907418, 8381749.520227121189237 ], [ 6206825.427215320058167, 8381748.971973204985261 ], [ 6206846.132870297878981, 8381744.37013269867748 ], [ 6206846.848715738393366, 8381744.211358042433858 ], [ 6206849.889982551336288, 8381745.473420093767345 ], [ 6206864.037119898013771, 8381751.316379680298269 ], [ 6206889.014296322129667, 8381761.618290806189179 ], [ 6206890.446845614351332, 8381762.214125479571521 ], [ 6206890.634639721363783, 8381761.629893392324448 ], [ 6206895.079686433076859, 8381747.44217601697892 ], [ 6206896.118712154217064, 8381744.132745911367238 ], [ 6206893.822143520228565, 8381734.354339212179184 ], [ 6206893.483355066739023, 8381732.927334845997393 ], [ 6206895.095920637249947, 8381729.19538686145097 ], [ 6206898.282296645455062, 8381721.823584785684943 ], [ 6206900.089163677766919, 8381717.642409604974091 ], [ 6206902.041069482453167, 8381716.916201737709343 ], [ 6206920.489921828731894, 8381710.078172963112593 ], [ 6206920.032783293165267, 8381709.107985942624509 ], [ 6206894.358161563053727, 8381654.792450349777937 ], [ 6206730.222893882542849, 8381498.553710923530161 ], [ 6206730.527641595341265, 8381498.155512811616063 ], [ 6206753.148454625159502, 8381468.786941402591765 ], [ 6206737.284196726046503, 8381288.99191090092063 ], [ 6206621.874635522253811, 8381188.319282951764762 ], [ 6206529.484488559886813, 8381107.73023241199553 ], [ 6206454.156612466089427, 8380988.874614347703755 ], [ 6206401.02399567514658, 8380905.039123268797994 ], [ 6206397.634146581403911, 8380904.831479187123477 ], [ 6206390.638989171013236, 8380904.426644680090249 ], [ 6206333.159214706160128, 8380901.047332155518234 ], [ 6206327.066706310026348, 8380891.148803961463273 ], [ 6206322.109801268205047, 8380883.078386750072241 ], [ 6206277.387397810816765, 8380797.188655754551291 ], [ 6206277.232154991477728, 8380796.880441108718514 ], [ 6206227.831954616121948, 8380714.972974304109812 ], [ 6206295.237678133882582, 8380658.870805675163865 ], [ 6206329.337751992046833, 8380591.269763159565628 ], [ 6206313.930345870554447, 8380516.767994834110141 ], [ 6206200.1349156210199, 8380412.568478962406516 ], [ 6206188.835948249325156, 8380329.669454957358539 ], [ 6206284.736032048240304, 8380187.867561605758965 ], [ 6206290.833138834685087, 8380017.06766358204186 ], [ 6206262.739066667854786, 8379943.272277485579252 ], [ 6206264.130923190154135, 8379859.576616889797151 ], [ 6206322.037918136455119, 8379773.869828469119966 ], [ 6206331.637068192474544, 8379718.170263538137078 ], [ 6206431.13835674058646, 8379589.575840868987143 ], [ 6206454.536898335441947, 8379451.370100600644946 ], [ 6206437.134799130260944, 8379314.367918972857296 ], [ 6206486.834131453186274, 8379220.870968777686357 ], [ 6206486.629337946884334, 8379120.269238770008087 ], [ 6206529.229244209825993, 8379039.870745630934834 ], [ 6206495.928260053507984, 8378941.474644988775253 ], [ 6206509.636865304782987, 8378856.672180128283799 ], [ 6206476.035497240722179, 8378736.864913400262594 ], [ 6206344.027397247031331, 8378613.472534133121371 ], [ 6206360.935907907783985, 8378295.671827958896756 ], [ 6206344.830419501289725, 8378192.065445458516479 ], [ 6206216.629321348853409, 8378005.768736927770078 ], [ 6206197.936149265617132, 8377848.171526757068932 ], [ 6206158.931381039321423, 8377791.067742832005024 ], [ 6206028.730230083689094, 8377708.367303886450827 ], [ 6206004.23090090136975, 8377499.665379137732089 ], [ 6205923.230128512717783, 8377398.166382546536624 ], [ 6205909.63353463076055, 8377282.37339595053345 ], [ 6205964.327263861894608, 8377196.774300591088831 ], [ 6206114.728887080214918, 8377166.264659009873867 ], [ 6206195.625603401102126, 8377063.264229180291295 ], [ 6206220.324995556846261, 8376891.264976974576712 ], [ 6206196.434025854803622, 8376587.672431017272174 ], [ 6206240.729447400197387, 8376482.26710148435086 ], [ 6206330.528879377990961, 8376457.170862389728427 ], [ 6206381.73368726670742, 8376405.568529486656189 ], [ 6206398.525505122728646, 8376325.97130664717406 ], [ 6206448.927615275606513, 8376248.865469292737544 ], [ 6206520.826867534779012, 8376220.66953038610518 ], [ 6206591.425463028252125, 8376243.463154820725322 ], [ 6206667.62992587313056, 8376203.171211508102715 ], [ 6206689.962872618809342, 8376161.137378656305373 ], [ 6206693.673631322570145, 8376154.156720314174891 ], [ 6206713.43360411003232, 8376116.96183212287724 ], [ 6206710.326375344768167, 8376043.170048077590764 ], [ 6206641.129418892785907, 8375878.467437800019979 ], [ 6206615.531484690494835, 8375758.464154799468815 ], [ 6206656.530635010451078, 8375657.568837192840874 ], [ 6206746.925505278632045, 8375570.370964400470257 ], [ 6206819.934434012509882, 8375554.66966712102294 ], [ 6206904.929844550788403, 8375505.365026615560055 ], [ 6206958.727639417164028, 8375524.565473801456392 ], [ 6206994.932242594659328, 8375510.859352752566338 ], [ 6207040.029222862794995, 8375400.560124307870865 ], [ 6207118.63354701269418, 8375316.065029897727072 ], [ 6207171.329959748312831, 8375212.46528135612607 ], [ 6207113.924184484407306, 8374843.365376530215144 ], [ 6207131.831368695944548, 8374446.766067048534751 ], [ 6207006.82914268784225, 8373886.162396125495434 ], [ 6206980.273988304659724, 8373915.808068805374205 ], [ 6206976.320426542311907, 8373949.606663698330522 ], [ 6206974.178265947848558, 8373967.325973370112479 ], [ 6206960.894802705384791, 8373981.472412282600999 ], [ 6206917.98002765327692, 8374016.595599425956607 ], [ 6206905.957660144194961, 8374038.721036985516548 ], [ 6206899.853548914194107, 8374058.223536750301719 ], [ 6206890.578164014965296, 8374063.524924317374825 ], [ 6206885.998179664835334, 8374079.727850412018597 ], [ 6206854.884170941077173, 8374084.59412382915616 ], [ 6206833.385831916704774, 8374085.833974681794643 ], [ 6206795.84060209710151, 8374074.053033385425806 ], [ 6206745.972206568345428, 8374051.686027556657791 ], [ 6206713.075339952483773, 8374036.024669509381056 ], [ 6206657.048862744122744, 8374013.112052982673049 ], [ 6206625.360295112244785, 8374004.338389057666063 ], [ 6206599.257979632355273, 8374003.242658512666821 ], [ 6206569.267137402668595, 8374005.8887013271451 ], [ 6206548.17256173864007, 8374004.988613867200911 ], [ 6206532.155201431363821, 8374007.94583501573652 ], [ 6206518.79497280344367, 8374003.804368395358324 ], [ 6206497.689403858035803, 8373990.646741779521108 ], [ 6206485.119553312659264, 8373981.651490298099816 ], [ 6206477.401431895792484, 8373966.736172396689653 ], [ 6206464.408629801124334, 8373962.824885100126266 ], [ 6206454.537056459113955, 8373949.807573712430894 ], [ 6206446.188096148893237, 8373929.89350762590766 ], [ 6206440.320918917655945, 8373914.188815362751484 ], [ 6206426.656075901351869, 8373908.438324267044663 ], [ 6206411.339748193509877, 8373912.940107910893857 ], [ 6206396.182915287092328, 8373917.61453483812511 ], [ 6206381.381204099394381, 8373914.468021317385137 ], [ 6206355.366008211858571, 8373903.805079492740333 ], [ 6206334.877216908149421, 8373896.244559139944613 ], [ 6206316.500386891886592, 8373883.03286911174655 ], [ 6206316.185409938916564, 8373855.589010546915233 ], [ 6206287.948979438282549, 8373821.138640637509525 ], [ 6206170.086388100869954, 8373827.60482813604176 ], [ 6206145.412017137743533, 8373827.679670846089721 ], [ 6206100.866802083328366, 8373831.609738648869097 ], [ 6206077.300933605059981, 8373835.848017251119018 ], [ 6206047.09075045119971, 8373850.006602038629353 ], [ 6206021.815719659440219, 8373859.075623735785484 ], [ 6205997.901205531321466, 8373863.917182741686702 ], [ 6205972.061038732528687, 8373865.108659900724888 ], [ 6205944.25718505308032, 8373862.978937341831625 ], [ 6205926.118693528696895, 8373855.574345337226987 ], [ 6205885.440473325550556, 8373847.294568963348866 ], [ 6205862.880287867039442, 8373846.442921042442322 ], [ 6205846.972640517167747, 8373870.831444318406284 ], [ 6205837.270687397569418, 8373877.134205837734044 ], [ 6205788.105667135678232, 8373908.04833029024303 ], [ 6205691.772549044340849, 8373960.295068267732859 ], [ 6205611.940318491309881, 8374002.41163133084774 ], [ 6205588.222553743049502, 8374015.779473640024662 ], [ 6205561.076420283876359, 8374018.094027270562947 ], [ 6205519.932817874476314, 8374047.917327675968409 ], [ 6205502.730297669768333, 8374052.262174582108855 ], [ 6205480.450006784871221, 8374070.126844845712185 ], [ 6205470.216915471479297, 8374082.409239542670548 ], [ 6205397.492289280518889, 8374136.672837620601058 ], [ 6205325.879419040866196, 8374191.163764470256865 ], [ 6205263.132442023605108, 8374257.096747129224241 ], [ 6205247.828761916607618, 8374271.012789526954293 ], [ 6205202.527983902022243, 8374295.929116193205118 ], [ 6205172.275420895777643, 8374313.696410433389246 ], [ 6205148.205514144152403, 8374334.52304611261934 ], [ 6205137.080221685580909, 8374344.660894222557545 ], [ 6205129.59136722702533, 8374356.549985169433057 ], [ 6205099.814541183412075, 8374428.770430150441825 ], [ 6205047.22517529502511, 8374550.273893121629953 ], [ 6205031.562282513827085, 8374571.27736296877265 ], [ 6204995.429803938604891, 8374589.578335745260119 ], [ 6204974.599367970600724, 8374597.267699853517115 ], [ 6204941.31267911568284, 8374604.548338461667299 ], [ 6204939.7725421609357, 8374604.623287801630795 ], [ 6204936.629623590037227, 8374605.486646628938615 ], [ 6204930.845086580142379, 8374607.087480200454593 ], [ 6204926.232752389274538, 8374608.371911959722638 ], [ 6204909.999746488407254, 8374616.254696507006884 ], [ 6204907.148937455378473, 8374617.577442608773708 ], [ 6204778.690512696281075, 8374677.34562749043107 ], [ 6204751.912655165418983, 8374689.744394357316196 ], [ 6204588.264248173683882, 8374765.453745049424469 ], [ 6204558.865942425094545, 8374775.013988390564919 ], [ 6204540.009510576725006, 8374779.550902789458632 ], [ 6204483.787573873065412, 8374818.876961277797818 ], [ 6204451.135323844850063, 8374837.277950344607234 ], [ 6204403.251746010035276, 8374856.600064708851278 ], [ 6204358.803842266090214, 8374871.28958491794765 ], [ 6204317.797987194731832, 8374877.681492164731026 ], [ 6204206.495503875426948, 8374902.703188326209784 ], [ 6204141.235603637993336, 8374914.310957401059568 ], [ 6204117.124928276054561, 8374918.471447275020182 ], [ 6204101.135118660517037, 8374925.811578882858157 ], [ 6204090.277268684469163, 8374935.022076482884586 ], [ 6204040.198954805731773, 8374971.262479299679399 ], [ 6203993.798018075525761, 8375034.454044884070754 ], [ 6203865.100909342989326, 8375184.106926307082176 ], [ 6203804.158102180808783, 8375265.200086906552315 ], [ 6203753.12008342333138, 8375311.994908111169934 ], [ 6203717.419838472269475, 8375352.473865829408169 ], [ 6203691.450697197578847, 8375374.043709071353078 ], [ 6203656.83797849342227, 8375398.153349385596812 ], [ 6203632.770206193439662, 8375419.529187802225351 ], [ 6203598.126813041046262, 8375456.64124559238553 ], [ 6203526.345188420265913, 8375532.418210722506046 ], [ 6203419.991949283517897, 8375578.854132305830717 ], [ 6203389.242307965643704, 8375595.784343931823969 ], [ 6203384.983927441760898, 8375588.977631049230695 ], [ 6203357.339519415050745, 8375546.130518268793821 ], [ 6203267.852920273318887, 8375478.390987915918231 ], [ 6203247.144939403049648, 8375466.508600952103734 ], [ 6203225.014791013672948, 8375461.393088117241859 ], [ 6203124.88423488009721, 8375462.749524842947721 ], [ 6203034.02767582796514, 8375459.641061183996499 ], [ 6202859.510126560926437, 8375454.877969417721033 ], [ 6202617.111941706389189, 8375458.00970879662782 ], [ 6202595.45641546882689, 8375458.474680263549089 ], [ 6202560.063859848305583, 8375461.748845912516117 ], [ 6202541.617374761030078, 8375464.730286315083504 ], [ 6202499.8692836612463, 8375496.93010301887989 ], [ 6202435.18023169785738, 8375561.577829502522945 ], [ 6202373.345379858277738, 8375620.054241672158241 ], [ 6202311.342441454529762, 8375677.963388096541166 ], [ 6202258.576099577359855, 8375710.494028398767114 ], [ 6202178.775517131201923, 8375755.758158243261278 ], [ 6202126.932018524035811, 8375787.285089378245175 ], [ 6202073.344324710778892, 8375822.71877630520612 ], [ 6201922.963173336349428, 8375903.664155647158623 ], [ 6201814.64755823276937, 8375972.183299790136516 ], [ 6201764.316962134093046, 8375999.283193602226675 ], [ 6201717.3942980626598, 8376010.635296076536179 ], [ 6201691.780794219113886, 8376024.855161051265895 ], [ 6201655.703706189990044, 8376061.647923314012587 ], [ 6201533.208609425462782, 8376142.20640900824219 ], [ 6201379.0546815097332, 8376237.918689534068108 ], [ 6201281.171848021447659, 8376300.087157767266035 ], [ 6201204.46099691092968, 8376350.85579293128103 ], [ 6201181.721817023120821, 8376357.076673313044012 ], [ 6201030.543415407650173, 8376346.757446248084307 ], [ 6200994.079009066335857, 8376328.928522797301412 ], [ 6200922.746259353123605, 8376281.129134868271649 ], [ 6200882.51588742621243, 8376274.317866367287934 ], [ 6200849.065844648517668, 8376285.668870260939002 ], [ 6200780.034697297029197, 8376325.544093674048781 ], [ 6200732.91435703728348, 8376359.486759179271758 ], [ 6200669.041478220373392, 8376410.532908828929067 ], [ 6200628.802252278663218, 8376459.362828470766544 ], [ 6200601.929176434874535, 8376494.083040421828628 ], [ 6200582.429726487025619, 8376514.228501990437508 ], [ 6200530.544565765187144, 8376542.50437646638602 ], [ 6200488.280406513251364, 8376567.90131981857121 ], [ 6200889.776159956119955, 8376919.815431735478342 ], [ 6200685.540528824552894, 8377126.114035841077566 ], [ 6200681.157130647450686, 8377122.075670028105378 ] ] ] } },
{ "type": "Feature", "properties": { "lv_id": "LOC_029955", "id": 140520.0, "CD_SETOR": "290660005000003", "SITUACAO": "Urbana", "CD_SIT": "1", "CD_TIPO": "0", "AREA_KM2": 0.60041447621233501, "CD_REGIAO": "2", "NM_REGIAO": "Nordeste", "CD_UF": "29", "NM_UF": "Bahia", "CD_MUN": "2906600", "NM_MUN": "Candiba", "CD_DIST": "290660005", "NM_DIST": "Candiba", "CD_SUBDIST": "29066000500", "NM_SUBDIST": null, "CD_BAIRRO": null, "NM_BAIRRO": null, "CD_NU": null, "NM_NU": null, "CD_FCU": null, "NM_FCU": null, "CD_AGLOM": "290660000003", "NM_AGLOM": "Lagoa dos Prates", "CD_RGINT": "2905", "NM_RGINT": "Guanambi", "CD_RGI": "290016", "NM_RGI": "Guanambi", "CD_CONCURB": null, "NM_CONCURB": null, "mun_code_x": "2906600", "index_right": 5432, "dist_m": 459.24648600869136, "local_id": 317228, "ano": 2022, "cod_localidade_ibge": 2906600, "NR_ZONA": "64", "nr_cep": 46380000.0, "nm_localidade": "CANDIBA", "nm_locvot": "COLÉGIO ESTADUAL ANTONIO BATISTA", "ds_endereco": "RUA PRESIDENTE VARGAS, 83 - ZONA URBANA", "ds_bairro": "CENTRO", "pred_long": -42.86858, "pred_lat": -14.41239, "pred_dist": 0.0, "tse_long": -42.8688221, "tse_lat": -14.4127261, "long": -42.8688221, "lat": -14.4127261, "ID_UNICO": "LOC_029955", "SG_UF": "BA", "CD_MUNICIPIO": "34312", "NR_LOCAL_VOTACAO": "1031", "QT_SECOES_AGREGADAS": 1, "QT_ELEITORES_TRANSFERIDOS": 0, "CIRO GOMES (PDT) (NÃO ELEITO) 1T": 46.0, "CONSTITUINTE EYMAEL (DC) (NÃO ELEITO) 1T": 0.0, "FELIPE D AVILA (NOVO) (NÃO ELEITO) 1T": 3.0, "JAIR BOLSONARO (PL) (2º TURNO) 1T": 492.0, "LULA (PT) (2º TURNO) 1T": 1578.0, "LÉO PÉRICLES (UP) (NÃO ELEITO) 1T": 0.0, "PADRE KELMON (PTB) (NÃO ELEITO) 1T": 2.0, "SIMONE TEBET (MDB) (NÃO ELEITO) 1T": 20.0, "SOFIA MANZANO (PCB) (NÃO ELEITO) 1T": 0.0, "SORAYA THRONICKE (UNIÃO) (NÃO ELEITO) 1T": 31.0, "VERA (PSTU) (NÃO ELEITO) 1T": 1.0, "Total_Votos_Validos 1T": 2173.0, "Votos_Brancos 1T": 19.0, "Votos_Nulos 1T": 102.0, "Abstenções 1T": 665.0, "Eleitores_Aptos 1T": 2959.0, "JAIR BOLSONARO (PL) (NÃO ELEITO) 2T": 589.0, "LULA (PT) (ELEITO) 2T": 1655.0, "Total_Votos_Validos 2T": 2244.0, "Votos_Brancos 2T": 30.0, "Votos_Nulos 2T": 94.0, "Abstenções 2T": 591.0, "Eleitores_Aptos 2T": 2959.0, "mun_code_y": "2906600", "mun_code": "2906600" }, "geometry": { "type": "Polygon", "coordinates": [ [ [ 6200742.494582906365395, 8372850.947655839845538 ], [ 6200688.634613582864404, 8372811.698943266645074 ], [ 6200655.881365203298628, 8372780.118404822424054 ], [ 6200587.714399792253971, 8372702.090947677381337 ], [ 6200530.515188718214631, 8372649.339317318052053 ], [ 6200514.976280326023698, 8372636.924717194400728 ], [ 6200451.640730156563222, 8372611.12485399376601 ], [ 6200430.093262716196477, 8372593.871919967234135 ], [ 6200412.598414802923799, 8372593.041353639215231 ], [ 6200370.845063876360655, 8372591.697282079607248 ], [ 6200312.261460251174867, 8372574.663882683962584 ], [ 6200282.777726899832487, 8372553.782382868230343 ], [ 6200256.665123071521521, 8372537.664316359907389 ], [ 6200198.56538696680218, 8372515.443488498218358 ], [ 6200157.25229412689805, 8372499.285338627174497 ], [ 6200131.103831922635436, 8372493.158421650528908 ], [ 6200096.531041391193867, 8372498.343087413348258 ], [ 6200068.464345674961805, 8372501.453037071041763 ], [ 6200017.684725075028837, 8372511.24637370929122 ], [ 6200005.433391374535859, 8372511.254734419286251 ], [ 6199987.373469650745392, 8372501.172295638360083 ], [ 6199964.050319012254477, 8372476.417622881010175 ], [ 6199945.861713447608054, 8372467.694395610131323 ], [ 6199918.101123529486358, 8372457.237183796241879 ], [ 6199883.174449210986495, 8372440.768852284178138 ], [ 6199861.568195089697838, 8372426.314838140271604 ], [ 6199829.940064828842878, 8372400.801984755322337 ], [ 6199796.638442232273519, 8372373.938483662903309 ], [ 6199743.01161777228117, 8372336.57258809171617 ], [ 6199724.324178445152938, 8372326.903938791714609 ], [ 6199707.431747087277472, 8372325.130592964589596 ], [ 6199656.83418217394501, 8372337.124397581443191 ], [ 6199586.664576040580869, 8372357.136971343308687 ], [ 6199530.768610427156091, 8372369.838526267558336 ], [ 6199506.169382765889168, 8372371.877728195860982 ], [ 6199444.782865835353732, 8372367.651824273169041 ], [ 6199404.850841147825122, 8372365.564280217513442 ], [ 6199359.271667409688234, 8372355.38499591499567 ], [ 6199342.15329341031611, 8372355.640516866929829 ], [ 6199279.634166976436973, 8372373.138733787462115 ], [ 6199246.499353118240833, 8372380.383399106562138 ], [ 6199220.664741555228829, 8372382.098910724744201 ], [ 6199199.349424442276359, 8372379.04029874317348 ], [ 6199181.982803894206882, 8372379.296470851637423 ], [ 6199132.757720566354692, 8372392.000354897230864 ], [ 6199081.640195386484265, 8372413.364431379362941 ], [ 6199062.767868978902698, 8372430.300694838166237 ], [ 6199036.147041687741876, 8372464.738498279824853 ], [ 6199002.221060304902494, 8372503.487801088951528 ], [ 6198961.543289309367537, 8372543.026654176414013 ], [ 6198915.77928782440722, 8372583.646284628659487 ], [ 6198866.548923164606094, 8372624.242134985513985 ], [ 6198837.93647881038487, 8372646.712432878091931 ], [ 6198822.424972699023783, 8372650.970840086229146 ], [ 6198807.503788818605244, 8372675.313928543590009 ], [ 6198799.868620574474335, 8372697.860622844658792 ], [ 6198753.863867240026593, 8372758.807426006533206 ], [ 6198738.751928647048771, 8372776.733291524462402 ], [ 6198734.262893106788397, 8372805.880646329373121 ], [ 6198735.444167206995189, 8372869.139574145898223 ], [ 6198741.03611421957612, 8372920.88789349514991 ], [ 6198730.873284382745624, 8372913.838061614893377 ], [ 6198708.396326278336346, 8372896.088359940797091 ], [ 6198684.032697221264243, 8372885.555432403460145 ], [ 6198650.929092269390821, 8372899.065641913563013 ], [ 6198627.087543130852282, 8372915.046866417862475 ], [ 6198587.708441188558936, 8372939.007892944850028 ], [ 6198567.105885584838688, 8372934.617392748594284 ], [ 6198544.69305304531008, 8372923.572659880854189 ], [ 6198476.562262970022857, 8372888.271948840469122 ], [ 6198423.414465713314712, 8372862.380522936582565 ], [ 6198362.201147229410708, 8372835.549606763757765 ], [ 6198337.820973636582494, 8372835.423327449709177 ], [ 6198318.737912068143487, 8372832.097781457938254 ], [ 6198284.039619661867619, 8372825.504091250710189 ], [ 6198222.2325294688344, 8372809.197973341681063 ], [ 6198171.133129617199302, 8372792.880250321701169 ], [ 6198123.989970266819, 8372753.146259299479425 ], [ 6198031.320356709882617, 8372680.567365130409598 ], [ 6198018.559796549379826, 8372674.037951225414872 ], [ 6197992.68999233096838, 8372667.185439056716859 ], [ 6197951.474663836881518, 8372659.9715904770419 ], [ 6197927.415306882932782, 8372649.694223648868501 ], [ 6197906.583786889910698, 8372638.302171161398292 ], [ 6197882.414614281617105, 8372626.19245917443186 ], [ 6197867.744509004056454, 8372655.764548065140843 ], [ 6197810.271451064385474, 8372759.687429359182715 ], [ 6197779.76619468908757, 8372816.170640723779798 ], [ 6197765.093224330805242, 8372846.58816219959408 ], [ 6197745.18293721973896, 8372903.86574075371027 ], [ 6197695.556719110347331, 8373034.712775912135839 ], [ 6197632.599853088147938, 8373181.965656587854028 ], [ 6197618.021916385740042, 8373212.130140577442944 ], [ 6197589.384738037362695, 8373290.190179010853171 ], [ 6197572.921532831154764, 8373343.985583396628499 ], [ 6197566.976966201327741, 8373368.275378711521626 ], [ 6197581.58657771255821, 8373378.233095368370414 ], [ 6197604.790826025418937, 8373377.019450975582004 ], [ 6197643.488386321812868, 8373373.39837898965925 ], [ 6197660.863759454339743, 8373377.348484133370221 ], [ 6197674.515632199123502, 8373398.355848141014576 ], [ 6197670.705840494483709, 8373423.263896537944674 ], [ 6197638.03791621234268, 8373450.786707331426442 ], [ 6197560.470085816457868, 8373508.498580477200449 ], [ 6197526.556985171511769, 8373538.640502665191889 ], [ 6197503.183323957026005, 8373560.786337459459901 ], [ 6197446.839904171414673, 8373609.578342167660594 ], [ 6197376.56672156881541, 8373682.065245935693383 ], [ 6197348.222459373064339, 8373709.050981470383704 ], [ 6197273.101026012562215, 8373798.129944324493408 ], [ 6197240.836448300629854, 8373838.100725437514484 ], [ 6197219.633569844067097, 8373863.872439220547676 ], [ 6197200.348350562155247, 8373902.132751361466944 ], [ 6197197.673535616137087, 8373908.913645248860121 ], [ 6197189.956379012204707, 8373928.463566279038787 ], [ 6197176.840645611286163, 8373962.130019264295697 ], [ 6197162.726491291075945, 8373998.381315623410046 ], [ 6197162.438607685267925, 8373999.353505488485098 ], [ 6197156.171938456594944, 8374020.783541277050972 ], [ 6197153.652872860431671, 8374030.803691345266998 ], [ 6197121.399286789819598, 8374028.37317306920886 ], [ 6197002.92274135351181, 8374047.869540361687541 ], [ 6196988.091447440907359, 8374813.771298469044268 ], [ 6196925.388535453006625, 8374721.608732641674578 ], [ 6196878.347333939746022, 8374683.298239985480905 ], [ 6196811.970705004408956, 8374635.528372522443533 ], [ 6196804.399324833415449, 8374627.585827199742198 ], [ 6196793.227916371077299, 8374619.310022013261914 ], [ 6196780.466100142337382, 8374610.062669691629708 ], [ 6196769.394173692911863, 8374603.856384425424039 ], [ 6196759.34487837459892, 8374597.589385692961514 ], [ 6196753.058537228964269, 8374590.328772786073387 ], [ 6196746.840603286400437, 8374583.143768523819745 ], [ 6196743.967242712154984, 8374572.324829073622823 ], [ 6196743.715577185153961, 8374571.356200501322746 ], [ 6196736.472649281844497, 8374563.059581991285086 ], [ 6196735.021585618145764, 8374561.393614180386066 ], [ 6196732.738599982112646, 8374560.162438959814608 ], [ 6196731.042651267722249, 8374559.241088334470987 ], [ 6196724.491518051363528, 8374555.679719640873373 ], [ 6196710.314485898241401, 8374549.104975305497646 ], [ 6196703.4093137094751, 8374544.241722481325269 ], [ 6196702.980586354620755, 8374543.85660333558917 ], [ 6196695.899017956107855, 8374537.344674774445593 ], [ 6196693.725773277692497, 8374532.557043035514653 ], [ 6196692.445204826071858, 8374529.721663842909038 ], [ 6196690.879995737224817, 8374525.231568615883589 ], [ 6196690.204344348981977, 8374523.302645029500127 ], [ 6196688.878365981392562, 8374519.52248817589134 ], [ 6196685.916652507148683, 8374511.357108267955482 ], [ 6196682.227473437786102, 8374500.633995867334306 ], [ 6196680.004535531625152, 8374495.037078198976815 ], [ 6196679.448603987693787, 8374494.026793831028044 ], [ 6196675.146241925656796, 8374490.086149294860661 ], [ 6196669.806080135516822, 8374485.665824023075402 ], [ 6196658.783947075717151, 8374480.494308241643012 ], [ 6196655.098024438135326, 8374478.598183585330844 ], [ 6196645.70472340285778, 8374475.422241073101759 ], [ 6196637.676942504942417, 8374468.538948552682996 ], [ 6196626.922576373443007, 8374458.157413974404335 ], [ 6196624.160351393744349, 8374454.142314553260803 ], [ 6196614.568125694990158, 8374446.827351246029139 ], [ 6196608.229684115387499, 8374442.973869562149048 ], [ 6196602.929042045027018, 8374439.600069113075733 ], [ 6196594.152191122993827, 8374438.468639876693487 ], [ 6196589.011521367356181, 8374438.198580322787166 ], [ 6196579.767439238727093, 8374438.126893020235002 ], [ 6196576.697957398369908, 8374438.275281954556704 ], [ 6196567.279812196269631, 8374434.581953158602118 ], [ 6196561.015978320501745, 8374432.280597683042288 ], [ 6196554.628355805762112, 8374427.403606061823666 ], [ 6196554.0367924682796, 8374425.876467898488045 ], [ 6196551.667213146574795, 8374419.249497777782381 ], [ 6196545.735515745356679, 8374413.302036569453776 ], [ 6196536.809480673633516, 8374409.066339183598757 ], [ 6196530.902653303928673, 8374403.636255154386163 ], [ 6196526.735418994911015, 8374402.281974801793694 ], [ 6196524.689100787043571, 8374402.380898701958358 ], [ 6196519.056340627372265, 8374402.653198873624206 ], [ 6196512.325824469327927, 8374401.422831314615905 ], [ 6196507.61676147673279, 8374399.576164125464857 ], [ 6196491.293526194058359, 8374391.019581076689065 ], [ 6196483.783302229829133, 8374384.122548690065742 ], [ 6196480.946503100916743, 8374378.555330311879516 ], [ 6196478.15889438893646, 8374374.011616164818406 ], [ 6196471.08027318585664, 8374365.537990158423781 ], [ 6196464.150305769406259, 8374360.157369977794588 ], [ 6196461.523201754316688, 8374358.728635718114674 ], [ 6196457.405707493424416, 8374358.409102948382497 ], [ 6196456.371780161745846, 8374358.459084095433354 ], [ 6196450.307431627064943, 8374360.307971457950771 ], [ 6196449.284274288453162, 8374360.357431629672647 ], [ 6196436.995616041123867, 8374360.951470990665257 ], [ 6196434.432337594218552, 8374361.075380271300673 ], [ 6196430.856671839952469, 8374361.248228069394827 ], [ 6196427.751565109938383, 8374360.879751916974783 ], [ 6196419.317662259563804, 8374356.10167841706425 ], [ 6196410.872991908341646, 8374351.324125193990767 ], [ 6196405.483159625902772, 8374345.869053040631115 ], [ 6196398.985349878668785, 8374338.923085110262036 ], [ 6196392.215897222049534, 8374336.6574347615242 ], [ 6196383.253732259385288, 8374331.893623625859618 ], [ 6196375.301172606647015, 8374326.573706419207156 ], [ 6196369.319794411770999, 8374319.591504110023379 ], [ 6196369.021425977349281, 8374313.383017210289836 ], [ 6196368.921969585120678, 8374311.313521590083838 ], [ 6196368.872241342440248, 8374310.278773788362741 ], [ 6196366.99425488896668, 8374303.09821954369545 ], [ 6196355.872782523743808, 8374295.85718671604991 ], [ 6196350.040594501420856, 8374291.979230938479304 ], [ 6196340.597659401595592, 8374287.768512351438403 ], [ 6196338.427031416445971, 8374285.280560882762074 ], [ 6196331.91460834722966, 8374277.805460020899773 ], [ 6196330.125853575766087, 8374272.706173711456358 ], [ 6196328.361962661147118, 8374268.124261109158397 ], [ 6196323.072148147039115, 8374264.74993821978569 ], [ 6196308.264281027019024, 8374255.601531194522977 ], [ 6196306.72416662517935, 8374255.67597790248692 ], [ 6196303.073925392702222, 8374254.296699983999133 ], [ 6196297.142295846715569, 8374248.349254030734301 ], [ 6196290.113465309143066, 8374240.910395031794906 ], [ 6196289.571640530601144, 8374240.41801124997437 ], [ 6196287.425881592556834, 8374238.447434931993484 ], [ 6196283.640014864504337, 8374234.470566946081817 ], [ 6196280.93833842035383, 8374231.489713912829757 ], [ 6196280.6399748576805, 8374225.281242348253727 ], [ 6196281.314493449404836, 8374217.977320736274123 ], [ 6196281.215038159862161, 8374215.90783020760864 ], [ 6196280.548894423991442, 8374212.828583638183773 ], [ 6196276.356834704987705, 8374210.956924260593951 ], [ 6196268.478366801515222, 8374207.177889225073159 ], [ 6196262.179509784094989, 8374204.370919836685061 ], [ 6196252.130967207252979, 8374198.115183932706714 ], [ 6196245.101611733436584, 8374190.665085554122925 ], [ 6196234.422569373622537, 8374181.846958551555872 ], [ 6196227.050303670577705, 8374178.043454230763018 ], [ 6196223.856538254767656, 8374175.604965098202229 ], [ 6196216.360499674454331, 8374169.225849038921297 ], [ 6196213.067282789386809, 8374164.717873573303223 ], [ 6196206.037940493784845, 8374157.267779964953661 ], [ 6196203.84246364608407, 8374154.262463722378016 ], [ 6196200.031749085523188, 8374149.768231055699289 ], [ 6196197.885999337770045, 8374147.797658172436059 ], [ 6196191.647656572982669, 8374146.024910662323236 ], [ 6196188.036389435641468, 8374145.680896249599755 ], [ 6196185.9900928363204, 8374145.779808380641043 ], [ 6196182.846059071831405, 8374144.376062601804733 ], [ 6196181.831298874691129, 8374134.042379538528621 ], [ 6196183.554372878745198, 8374127.217641104012728 ], [ 6196189.737270334735513, 8374117.054610708728433 ], [ 6196187.984162797220051, 8374112.472194362431765 ], [ 6196177.874620273709297, 8374105.17100147344172 ], [ 6196161.83642062637955, 8374102.316242377273738 ], [ 6196155.180583529174328, 8374102.63796806242317 ], [ 6196139.946929629892111, 8374105.967178028076887 ], [ 6196133.465669725090265, 8374109.921738063916564 ], [ 6196128.538064655847847, 8374114.308496603742242 ], [ 6196124.138185830786824, 8374118.669744920916855 ], [ 6196117.706642681732774, 8374123.659037458710372 ], [ 6196110.782458748668432, 8374129.179436629638076 ], [ 6196101.687667844817042, 8374132.211887460201979 ], [ 6196095.648226832970977, 8374134.578085013665259 ], [ 6196089.48447862546891, 8374134.35743085667491 ], [ 6196088.942658526822925, 8374133.865047494880855 ], [ 6196080.572678703814745, 8374130.639598298817873 ], [ 6196070.192036650143564, 8374128.029901081696153 ], [ 6196067.122593990527093, 8374128.178256679326296 ], [ 6196061.022660059854388, 8374129.510226272977889 ], [ 6196054.983216569758952, 8374131.876412274315953 ], [ 6196047.760691771283746, 8374131.188351606018841 ], [ 6196041.853990456089377, 8374125.758282734081149 ], [ 6196036.415069120004773, 8374119.279737584292889 ], [ 6196031.730940977111459, 8374117.950418964028358 ], [ 6196026.689785823225975, 8374119.749778937548399 ], [ 6196023.153105759061873, 8374120.957853399217129 ], [ 6196019.209676453843713, 8374124.259867542423308 ], [ 6196016.204043855890632, 8374125.960844485089183 ], [ 6196004.849983185529709, 8374124.435315310023725 ], [ 6195985.582430399022996, 8374118.625113627873361 ], [ 6195952.178928741253912, 8374117.646639787591994 ], [ 6195945.915212899446487, 8374115.345237708650529 ], [ 6195937.694408364593983, 8374115.223967867903411 ], [ 6195934.674683986231685, 8374116.407044172286987 ], [ 6195927.501884571276605, 8374116.753691693767905 ], [ 6195924.949401872232556, 8374116.877047743648291 ], [ 6195919.26699192635715, 8374116.114527907222509 ], [ 6195918.243844882585108, 8374116.163974148221314 ], [ 6195912.019618993625045, 8374114.909068998880684 ], [ 6195911.563146200962365, 8374115.968266525305808 ], [ 6195908.076177624985576, 8374118.211056716740131 ], [ 6195898.401150238700211, 8374119.727031204849482 ], [ 6195895.231738364323974, 8374117.794651227071881 ], [ 6195893.567345323041081, 8374115.282243618741632 ], [ 6195887.710935058072209, 8374110.89814867824316 ], [ 6195885.122825612314045, 8374110.504654658958316 ], [ 6195884.666351950727403, 8374111.563850964419544 ], [ 6195881.746055097319186, 8374114.816387607716024 ], [ 6195875.0405003875494, 8374114.103304417803884 ], [ 6195857.168986853212118, 8374116.004091586917639 ], [ 6195852.202391282655299, 8374119.355509295128286 ], [ 6195848.372993927448988, 8374125.256081945262849 ], [ 6195849.719274327158928, 8374131.932403506711125 ], [ 6195856.366598573513329, 8374141.993803594261408 ], [ 6195859.784031420946121, 8374149.088607795536518 ], [ 6195860.00827784370631, 8374153.756154954433441 ], [ 6195857.038256416097283, 8374155.973949627950788 ], [ 6195852.652405858971179, 8374160.853000238537788 ], [ 6195845.47959335707128, 8374161.199615548364818 ], [ 6195837.418679708614945, 8374164.181981799192727 ], [ 6195832.541258888319135, 8374169.614619549363852 ], [ 6195828.215879676863551, 8374175.527872911654413 ], [ 6195817.174158912152052, 8374180.72853496670723 ], [ 6195803.619422355666757, 8374187.099027213640511 ], [ 6195788.584505427628756, 8374194.566889751702547 ], [ 6195784.259647518396378, 8374200.491372268646955 ], [ 6195775.720688222907484, 8374204.533935981802642 ], [ 6195773.118489105254412, 8374203.62253946904093 ], [ 6195757.710751467384398, 8374203.329891989938915 ], [ 6195755.664450047537684, 8374203.428766346536577 ], [ 6195749.589335101656616, 8374205.278004206717014 ], [ 6195744.722110755741596, 8374210.698838581331074 ], [ 6195738.746403968892992, 8374214.61753202881664 ], [ 6195720.835872972384095, 8374215.482917978428304 ], [ 6195706.9574721949175, 8374215.116343315690756 ], [ 6195670.086799102835357, 8374206.007909955456853 ], [ 6195658.746276021935046, 8374204.988859202712774 ], [ 6195651.5842205574736, 8374205.334890718571842 ], [ 6195643.706396847032011, 8374201.566987443715334 ], [ 6195634.288464431650937, 8374197.873492449522018 ], [ 6195627.076709628105164, 8374197.184791784733534 ], [ 6195619.903886461630464, 8374197.531336412765086 ], [ 6195616.367175825871527, 8374198.739334473386407 ], [ 6195607.332772979512811, 8374202.805760147050023 ], [ 6195603.7960608843714, 8374204.013755548745394 ], [ 6195598.82940726261586, 8374207.365088412538171 ], [ 6195588.3192053809762, 8374213.069765252992511 ], [ 6195584.251450508832932, 8374213.784848417155445 ], [ 6195575.106868280097842, 8374215.782324966043234 ], [ 6195567.502396603114903, 8374217.705393392592669 ], [ 6195554.956108804792166, 8374223.497139310464263 ], [ 6195539.02272533532232, 8374233.612276936881244 ], [ 6195532.61533407215029, 8374239.107436501421034 ], [ 6195519.300267335958779, 8374261.034265302121639 ], [ 6195516.910931432619691, 8374264.77962348330766 ], [ 6195516.061709542758763, 8374268.45058237016201 ], [ 6195513.365497259423137, 8374276.370533658191562 ], [ 6195510.569353226572275, 8374282.209789182059467 ], [ 6195504.817747842520475, 8374290.795893317088485 ], [ 6195503.462327986955643, 8374294.491301878355443 ], [ 6195500.074674360454082, 8374298.803440313786268 ], [ 6195492.202208298258483, 8374305.936299178749323 ], [ 6195469.388676230795681, 8374311.705350367352366 ], [ 6195464.272899928502738, 8374311.952462307177484 ], [ 6195453.956041058525443, 8374310.895120183937252 ], [ 6195448.765729116275907, 8374309.590146321803331 ], [ 6195431.61852382030338, 8374305.221525476314127 ], [ 6195423.616492867469788, 8374298.866755564697087 ], [ 6195419.225195147097111, 8374292.844866141676903 ], [ 6195410.373928459361196, 8374290.161041269078851 ], [ 6195406.270541010424495, 8374290.359244262799621 ], [ 6195393.848932261578739, 8374298.748908091336489 ], [ 6195391.285660459659994, 8374298.872717722319067 ], [ 6195390.804312381893396, 8374299.414527612738311 ], [ 6195387.217885771766305, 8374299.58775648381561 ], [ 6195373.930947781540453, 8374300.748087465763092 ], [ 6195362.740005813539028, 8374302.844293404370546 ], [ 6195343.189919782802463, 8374301.714319635182619 ], [ 6195328.830138962715864, 8374301.88932497985661 ], [ 6195315.999705577269197, 8374301.990457560867071 ], [ 6195296.042800754308701, 8374302.954334486275911 ], [ 6195285.233835238963366, 8374302.439261388033628 ], [ 6195281.141215784475207, 8374302.63692273106426 ], [ 6195275.035942647606134, 8374293.067907650955021 ], [ 6195266.834679131396115, 8374282.563008335418999 ], [ 6195263.417429466731846, 8374275.468237398192286 ], [ 6195256.462901995517313, 8374269.570150725543499 ], [ 6195249.831861174665391, 8374270.40896715503186 ], [ 6195245.888837450183928, 8374273.722022015601397 ], [ 6195244.865683801472187, 8374273.771436696872115 ], [ 6195242.808606451377273, 8374273.870786084793508 ], [ 6195237.618313552811742, 8374272.565784553065896 ], [ 6195233.658728024922311, 8374264.967379314824939 ], [ 6195230.932338949292898, 8374261.469150261953473 ], [ 6195229.11842668056488, 8374255.841348887421191 ], [ 6195222.089924526400864, 8374248.40243671182543 ], [ 6195217.430669822730124, 8374247.590346304699779 ], [ 6195213.338059604167938, 8374247.788003340363503 ], [ 6195207.124620259739459, 8374246.532415060326457 ], [ 6195206.60765899438411, 8374246.557382110506296 ], [ 6195199.246321775019169, 8374242.753172492608428 ], [ 6195195.163078902289271, 8374232.579233438707888 ], [ 6195194.422005905769765, 8374227.936737527139485 ], [ 6195192.743615174666047, 8374224.906454554758966 ], [ 6195185.864173274487257, 8374220.571690024808049 ], [ 6195178.641660994850099, 8374219.883392123505473 ], [ 6195177.112318923696876, 8374219.957252432592213 ], [ 6195169.422528443858027, 8374220.328633118420839 ], [ 6195167.893186345696449, 8374220.402492858469486 ], [ 6195164.823732123710215, 8374220.550732192583382 ], [ 6195159.523319446481764, 8374217.176819147542119 ], [ 6195154.15861551836133, 8374212.239068768918514 ], [ 6195150.617187106050551, 8374202.557529637590051 ], [ 6195148.371618878096342, 8374198.506255282089114 ], [ 6195131.026349760591984, 8374190.009929195977747 ], [ 6195128.706262096762657, 8374184.406587088480592 ], [ 6195127.96573550440371, 8374179.775346044450998 ], [ 6195127.791849900968373, 8374176.153851391747594 ], [ 6195128.591431481763721, 8374171.448230985552073 ], [ 6195129.589199863374233, 8374170.870214627124369 ], [ 6195131.928888812661171, 8374166.090213724412024 ], [ 6195131.705318843014538, 8374161.434005866758525 ], [ 6195131.174288236536086, 8374160.94109611120075 ], [ 6195128.918491429649293, 8374156.901592021808028 ], [ 6195128.262715006247163, 8374153.810653556138277 ], [ 6195126.623242406174541, 8374151.815608529374003 ], [ 6195123.454432276077569, 8374149.894423809833825 ], [ 6195117.821730847470462, 8374150.166457464918494 ], [ 6195113.261859676800668, 8374151.423789117485285 ], [ 6195109.686224899254739, 8374151.596474442631006 ], [ 6195107.604317088611424, 8374151.178464200347662 ], [ 6195105.384134533815086, 8374147.655797393061221 ], [ 6195101.684296481311321, 8374145.241702018305659 ], [ 6195092.365829832851887, 8374143.617511853575706 ], [ 6195091.848870756104589, 8374143.642478135414422 ], [ 6195088.804266767576337, 8374144.30807102099061 ], [ 6195086.241011266596615, 8374144.431861650198698 ], [ 6195084.194714847952127, 8374144.530685910955071 ], [ 6195078.879710881970823, 8374140.627653542906046 ], [ 6195075.686065003275871, 8374138.189111175946891 ], [ 6195075.487341839820147, 8374134.050266156904399 ], [ 6195075.437660971656442, 8374133.015554912388325 ], [ 6195075.919009393081069, 8374132.473753299564123 ], [ 6195076.336606284603477, 8374130.379364626482129 ], [ 6195076.162182565778494, 8374126.746628327295184 ], [ 6195076.06282027810812, 8374124.677205805666745 ], [ 6195073.917163284495473, 8374122.70660803001374 ], [ 6195068.234787235036492, 8374121.943924210034311 ], [ 6195057.967704304493964, 8374121.92120807338506 ], [ 6195049.79659628123045, 8374122.83437579870224 ], [ 6195040.886348560452461, 8374129.487337921746075 ], [ 6195030.386849124915898, 8374135.191205841489136 ], [ 6195029.352931331843138, 8374135.241136145778 ], [ 6195028.846742413938046, 8374135.265581175684929 ], [ 6195025.260340042412281, 8374135.438776508904994 ], [ 6195019.995565151795745, 8374132.581696941517293 ], [ 6195017.774854680523276, 8374129.047786086797714 ], [ 6195014.57044564653188, 8374126.609761859290302 ], [ 6195011.943444225937128, 8374125.180962093174458 ], [ 6195007.82601545471698, 8374124.861246202141047 ], [ 6195006.310748541727662, 8374125.452975290827453 ], [ 6195000.727730831131339, 8374126.759696346707642 ], [ 6194999.729422356933355, 8374127.326460167765617 ], [ 6194996.143021158874035, 8374127.499652255326509 ], [ 6194991.458955992013216, 8374126.170189408585429 ], [ 6194989.412661117501557, 8374126.269007189199328 ], [ 6194987.883324941620231, 8374126.34286036901176 ], [ 6194984.098214232362807, 8374122.377216210588813 ], [ 6194978.440680580213666, 8374122.131869491189718 ], [ 6194976.875736093148589, 8374121.688888053409755 ], [ 6194970.537604598328471, 8374117.835258211940527 ], [ 6194969.29091059230268, 8374113.228479410521686 ], [ 6194968.968008382245898, 8374106.502875858917832 ], [ 6194968.943169697187841, 8374105.985521748661995 ], [ 6194962.594271499663591, 8374102.13241383805871 ], [ 6194955.983460218645632, 8374092.599139316938818 ], [ 6194955.8592669358477, 8374090.012369684875011 ], [ 6194953.390177264809608, 8374081.304923796094954 ], [ 6194951.045820964500308, 8374075.195494941435754 ], [ 6194950.971304490230978, 8374073.643433392979205 ], [ 6194943.673784430138767, 8374071.391799023374915 ], [ 6194931.678683774545789, 8374067.304073567502201 ], [ 6194927.437073059380054, 8374064.397585306316614 ], [ 6194923.234370043501258, 8374062.526324078440666 ], [ 6194918.624833649024367, 8374062.748920139856637 ], [ 6194911.954939397983253, 8374062.552457320503891 ], [ 6194909.798527198843658, 8374060.582379546016455 ], [ 6194904.826648742891848, 8374053.032908612862229 ], [ 6194902.164050162769854, 8374051.087275015190244 ], [ 6194898.995264746248722, 8374049.166085180826485 ], [ 6194892.771115489304066, 8374047.910990603268147 ], [ 6194889.701683063060045, 8374048.059212368912995 ], [ 6194877.056022267788649, 8374051.781175791285932 ], [ 6194876.539065146818757, 8374051.80613910779357 ], [ 6194872.694863244891167, 8374057.177292384207249 ], [ 6194864.092098881490529, 8374059.666914431378245 ], [ 6194857.942461103200912, 8374059.963868676684797 ], [ 6194852.260106479749084, 8374059.201153783127666 ], [ 6194844.60135477874428, 8374049.199943320825696 ], [ 6194834.909845557995141, 8374039.804171109572053 ], [ 6194829.645105085335672, 8374036.947084043174982 ], [ 6194821.841958539560437, 8374034.731121213175356 ], [ 6194813.089639857411385, 8374034.105370606295764 ], [ 6194803.190535794012249, 8374030.953509627841413 ], [ 6194798.431986927986145, 8374028.071978198364377 ], [ 6194782.776033379137516, 8374022.60533800162375 ], [ 6194781.7528903093189, 8374022.654741659760475 ], [ 6194776.452012387104332, 8374019.269572954624891 ], [ 6194774.20703762024641, 8374015.229569174349308 ], [ 6194765.737929417751729, 8374009.934452855959535 ], [ 6194763.691644337028265, 8374010.033259521238506 ], [ 6194761.18884483538568, 8374011.191209914162755 ], [ 6194759.67358189355582, 8374011.782925753854215 ], [ 6194757.234519518911839, 8374014.493448837660253 ], [ 6194753.315798434428871, 8374018.312517424114048 ], [ 6194745.379549684934318, 8374023.892493239603937 ], [ 6194731.392466587945819, 8374031.8275495627895 ], [ 6194723.578561421483755, 8374029.612085372209549 ], [ 6194715.219571335241199, 8374026.385839268565178 ], [ 6194706.268582878634334, 8374021.621254492551088 ], [ 6194694.903901832178235, 8374020.09577822778374 ], [ 6194691.416853874921799, 8374022.338339544832706 ], [ 6194690.13640674483031, 8374027.596927903592587 ], [ 6194688.869482478126884, 8374033.362139184959233 ], [ 6194685.929317173548043, 8374046.997647012583911 ], [ 6194683.108222116716206, 8374052.319344798102975 ], [ 6194674.013320575468242, 8374055.351202161051333 ], [ 6194664.105247240513563, 8374062.581977922469378 ], [ 6194656.058316841721535, 8374066.081776763312519 ], [ 6194643.893971147015691, 8374069.261809282004833 ], [ 6194636.682290960103273, 8374068.572886642068624 ], [ 6194626.832866966724396, 8374066.455664858222008 ], [ 6194611.2762670526281, 8374063.058329790830612 ], [ 6194607.615379448980093, 8374061.679427171126008 ], [ 6194603.929120452143252, 8374059.771928668022156 ], [ 6194584.835800180211663, 8374057.582424759864807 ], [ 6194576.625812415033579, 8374057.460232744924724 ], [ 6194565.866639818064868, 8374057.979651683941483 ], [ 6194562.216525464318693, 8374056.600225233472884 ], [ 6194553.266102309338748, 8374051.846849038265646 ], [ 6194540.16213411744684, 8374046.245622785761952 ], [ 6194534.023269732482731, 8374046.541981784626842 ], [ 6194519.713313033804297, 8374047.751347886398435 ], [ 6194513.563678339123726, 8374048.048221638426185 ], [ 6194506.401669361628592, 8374048.393965850584209 ], [ 6194500.25203450769186, 8374048.690836290828884 ], [ 6194491.143595900386572, 8374051.215995399281383 ], [ 6194483.588776806369424, 8374054.173424410633743 ], [ 6194476.058785129338503, 8374057.648197138682008 ], [ 6194467.743167317472398, 8374066.346346540376544 ], [ 6194439.864179058000445, 8374073.407389916479588 ], [ 6194420.994321490637958, 8374075.87388860527426 ], [ 6194398.955714675597847, 8374076.419147161766887 ], [ 6194385.013731670565903, 8374074.499395057559013 ], [ 6194372.203311131335795, 8374064.217040430754423 ], [ 6194359.328061290085316, 8374042.011307194828987 ], [ 6194353.561336507089436, 8374017.895555876195431 ], [ 6194348.633181160315871, 8373990.109526220709085 ], [ 6194343.720755312591791, 8373973.223434301093221 ], [ 6194330.413810546509922, 8373952.594207398593426 ], [ 6194293.155348765663803, 8373924.813177665695548 ], [ 6194266.834803754463792, 8373911.034652492962778 ], [ 6194231.922303819097579, 8373899.745014308020473 ], [ 6194199.750132782384753, 8373892.471417663618922 ], [ 6194159.702098544687033, 8373891.811698413453996 ], [ 6194125.400064880028367, 8373893.467294348403811 ], [ 6194115.207567855715752, 8373894.996308811940253 ], [ 6194093.243600595742464, 8373897.093449802137911 ], [ 6194060.213470194488764, 8373903.884232146665454 ], [ 6194049.047473716549575, 8373906.497275731526315 ], [ 6194029.328349806368351, 8373912.63432340696454 ], [ 6194013.662896216847003, 8373917.538644511252642 ], [ 6193986.821194622665644, 8373925.067724884487689 ], [ 6193977.095989651046693, 8373925.537043469026685 ], [ 6193967.172216071747243, 8373921.867638561874628 ], [ 6193966.406511023640633, 8373916.707939491607249 ], [ 6193966.526325687766075, 8373908.405553366988897 ], [ 6193968.667052731849253, 8373899.475831078365445 ], [ 6193974.875503858551383, 8373889.831266318447888 ], [ 6193988.147157405503094, 8373877.782949784770608 ], [ 6194001.93520743958652, 8373865.698422260582447 ], [ 6194017.288151912391186, 8373854.056891428306699 ], [ 6194029.635912513360381, 8373844.127267066389322 ], [ 6194037.865756413899362, 8373833.866560809314251 ], [ 6194039.688610504381359, 8373829.111733141355217 ], [ 6194052.780962190590799, 8373802.530343031510711 ], [ 6194059.481454459019005, 8373792.343425133265555 ], [ 6194067.587665244936943, 8373779.507228034548461 ], [ 6194073.13010723516345, 8373766.783493178896606 ], [ 6194078.891576003283262, 8373747.826703706756234 ], [ 6194081.980855396948755, 8373737.295523762702942 ], [ 6194079.164433535188437, 8373721.34546011313796 ], [ 6194078.766667657531798, 8373713.056750343181193 ], [ 6194078.518400296568871, 8373707.883335907012224 ], [ 6194078.443919938057661, 8373706.331311590969563 ], [ 6194078.046150466427207, 8373698.042602075263858 ], [ 6194077.300799615681171, 8373682.511112857609987 ], [ 6194080.36576153896749, 8373671.473832382820547 ], [ 6194092.231459495611489, 8373662.074622580781579 ], [ 6194103.928330719470978, 8373659.954386098310351 ], [ 6194111.139881613664329, 8373660.643357389606535 ], [ 6194115.292819192633033, 8373661.479970595799387 ], [ 6194119.976764470338821, 8373662.809491347521544 ], [ 6194131.628967445343733, 8373670.55494311824441 ], [ 6194137.202291342429817, 8373679.619642524980009 ], [ 6194139.348402152769268, 8373681.601481970399618 ], [ 6194150.861873952671885, 8373686.231114685535431 ], [ 6194159.195877593010664, 8373688.940061191096902 ], [ 6194171.484195375815034, 8373688.346873928792775 ], [ 6194184.696324659511447, 8373685.634919127449393 ], [ 6194194.24261358845979, 8373670.643646700307727 ], [ 6194194.867924856022, 8373662.30552043300122 ], [ 6194190.208337196148932, 8373629.321247854270041 ], [ 6194161.370005671866238, 8373605.81215775385499 ], [ 6194151.653966815210879, 8373595.899101957678795 ], [ 6194147.78948800265789, 8373579.481072656810284 ], [ 6194154.3548873513937, 8373566.707865576259792 ], [ 6194163.22614021319896, 8373559.02001866325736 ], [ 6194177.987271826714277, 8373545.851129874587059 ], [ 6194186.957832094281912, 8373540.232635941356421 ], [ 6194201.093124328181148, 8373535.390601408667862 ], [ 6194214.007168961688876, 8373526.470451340079308 ], [ 6194222.718074321746826, 8373515.667773649096489 ], [ 6194230.516489276662469, 8373506.994585227221251 ], [ 6194236.783257234841585, 8373488.001943036913872 ], [ 6194238.332825483754277, 8373477.556275309063494 ], [ 6194237.984612772241235, 8373470.302218346856534 ], [ 6194234.418576497584581, 8373460.103542249649763 ], [ 6194230.027552535757422, 8373454.081767536699772 ], [ 6194222.50727531965822, 8373447.185268744826317 ], [ 6194215.046898223459721, 8373441.311690752394497 ], [ 6194208.549744539894164, 8373434.365795247256756 ], [ 6194206.930073520168662, 8373421.98771137278527 ], [ 6194207.625234863720834, 8373404.312439823523164 ], [ 6194209.44795991294086, 8373399.557553073391318 ], [ 6194210.842830533161759, 8373375.096171663142741 ], [ 6194207.72381363902241, 8373374.209685425274074 ], [ 6194187.016449495218694, 8373370.542630875483155 ], [ 6194167.426430107094347, 8373357.995136568322778 ], [ 6194160.621792866848409, 8373355.212433395907283 ], [ 6194127.860573535785079, 8373356.794208735227585 ], [ 6194065.263011369854212, 8373367.594519417732954 ], [ 6194015.942825518548489, 8373387.617179212160408 ], [ 6193998.826810231432319, 8373394.677204446867108 ], [ 6193966.587494015693665, 8373407.134116610512137 ], [ 6193943.198459605686367, 8373422.263699338771403 ], [ 6193894.976186389103532, 8373443.799860224127769 ], [ 6193875.555404610931873, 8373456.145094349980354 ], [ 6193745.040319096297026, 8373425.605984665453434 ], [ 6193701.952631071209908, 8373503.087153257802129 ], [ 6193697.023664431646466, 8373511.948469743132591 ], [ 6193621.726831902749836, 8373647.311985099688172 ], [ 6193594.428735692054033, 8373696.401757957413793 ], [ 6193570.727019582875073, 8373739.005339774303138 ], [ 6193244.457704153843224, 8374325.51811046898365 ], [ 6193183.025787133723497, 8374488.839464881457388 ], [ 6193157.320610309019685, 8374634.07055532746017 ], [ 6193155.811791230924428, 8374744.047803966328502 ], [ 6193154.612514714710414, 8374831.882661748677492 ], [ 6193151.747779343277216, 8375040.647548930719495 ], [ 6193149.693967368453741, 8375190.656115168705583 ], [ 6193147.391457865945995, 8375358.475459408015013 ], [ 6193176.768346490338445, 8375505.244990582577884 ], [ 6193203.261416449211538, 8375637.567340564914048 ], [ 6193272.756136262789369, 8375760.040483468212187 ], [ 6193339.504465445876122, 8375877.686428691260517 ], [ 6193356.425810556858778, 8375938.643470180220902 ], [ 6193360.383482838049531, 8376021.281661650165915 ], [ 6193363.842783685773611, 8376093.516989228315651 ], [ 6193333.145879258401692, 8376161.952903137542307 ], [ 6193262.862518616020679, 8376203.595929301343858 ], [ 6193172.307373528368771, 8376257.25027940236032 ], [ 6193108.122465349733829, 8376295.273518349044025 ], [ 6193060.843813875690103, 8376369.613033190369606 ], [ 6192976.054332145489752, 8376502.930408237501979 ], [ 6192811.878578712232411, 8376648.375156342983246 ], [ 6192683.002423186786473, 8376717.531734240241349 ], [ 6192522.442886709235609, 8376803.687948090024292 ], [ 6192416.941349337808788, 8376893.224301430396736 ], [ 6192288.800889864563942, 8377053.227049861103296 ], [ 6192138.473652666434646, 8377204.228952068835497 ], [ 6192027.46597555000335, 8377276.002457378432155 ], [ 6191791.846303338184953, 8377480.79719920642674 ], [ 6191588.721803837455809, 8377699.219644355587661 ], [ 6191405.843122425489128, 8377895.869179214350879 ], [ 6191291.617494349367917, 8378072.446215897798538 ], [ 6191208.299928402528167, 8378212.843733775429428 ], [ 6191182.961291212588549, 8378288.62126961350441 ], [ 6191137.422561780549586, 8378424.802885603159666 ], [ 6191065.857132306322455, 8378556.33835680782795 ], [ 6190978.477027155458927, 8378692.250144334509969 ], [ 6190901.851032854057848, 8378811.459137653000653 ], [ 6190855.279137978330255, 8378920.422374952584505 ], [ 6190781.279550263658166, 8379093.60631241928786 ], [ 6190699.001759454607964, 8379285.006160537712276 ], [ 6190771.547898216173053, 8379305.87247453443706 ], [ 6190841.582316588610411, 8379309.61402079090476 ], [ 6190893.946078903973103, 8379294.647280010394752 ], [ 6190970.24660044722259, 8379295.980135506018996 ], [ 6191080.965308613143861, 8379311.069495104253292 ], [ 6191125.782251354306936, 8379320.100480767898262 ], [ 6191186.584916486404836, 8379358.68461574241519 ], [ 6191243.324684141203761, 8379401.724317086860538 ], [ 6191268.013230515643954, 8379437.397454648278654 ], [ 6191295.322410522028804, 8379485.907093608751893 ], [ 6191334.888823140412569, 8379523.154552904888988 ], [ 6191349.2487912485376, 8379565.703040456399322 ], [ 6191348.730357721447945, 8379606.666028725914657 ], [ 6191359.027182392776012, 8379653.670130711048841 ], [ 6191364.764603930525482, 8379692.236482109874487 ], [ 6191377.103695955127478, 8379737.012322535738349 ], [ 6191393.332767555490136, 8379773.02393710333854 ], [ 6191397.616752810776234, 8379828.882941209711134 ], [ 6191397.432969518005848, 8379878.45261927228421 ], [ 6191399.026678976602852, 8379919.336855567060411 ], [ 6191415.925507186912, 8379972.561855498701334 ], [ 6191424.698445295915008, 8380034.709232529625297 ], [ 6191439.39303435664624, 8380085.864633665420115 ], [ 6191456.453554881736636, 8380143.387709985487163 ], [ 6191473.686597092077136, 8380205.208279696293175 ], [ 6191500.326063824817538, 8380236.505241278558969 ], [ 6191509.871854358352721, 8380264.147331482730806 ], [ 6191533.614984506741166, 8380330.029126279987395 ], [ 6191556.099590645171702, 8380363.633246496319771 ], [ 6191565.564491446129978, 8380389.126405276358128 ], [ 6191577.141921972855926, 8380414.540793178603053 ], [ 6191601.485142951831222, 8380441.608488906174898 ], [ 6191613.396897044032812, 8380475.618354527279735 ], [ 6191627.178538816049695, 8380503.102480405941606 ], [ 6191664.887229807674885, 8380546.887438295409083 ], [ 6191680.862331224605441, 8380576.441821725107729 ], [ 6191695.302904661744833, 8380621.139953347854316 ], [ 6191704.605534411966801, 8380642.323991091921926 ], [ 6191705.772300520911813, 8380672.453387288376689 ], [ 6191711.346914651803672, 8380706.710952594876289 ], [ 6191732.054471001960337, 8380749.012077419087291 ], [ 6191742.269853908568621, 8380793.867857650853693 ], [ 6191760.103605437092483, 8380816.885867783799767 ], [ 6191767.871604286134243, 8380853.213726943358779 ], [ 6191777.92520279251039, 8380893.771563925780356 ], [ 6191787.09547062870115, 8380911.727083099074662 ], [ 6191796.266277292743325, 8380929.693854359909892 ], [ 6191825.514740325510502, 8380973.806073109619319 ], [ 6191837.670130722224712, 8381014.285738890059292 ], [ 6191837.485283000394702, 8381063.856005778536201 ], [ 6191830.445103661157191, 8381100.770067185163498 ], [ 6191838.720718638040125, 8381150.013529459014535 ], [ 6191846.650785205885768, 8381190.650773528032005 ], [ 6191841.560792251490057, 8381223.176807570271194 ], [ 6191847.388957671821117, 8381263.89230368565768 ], [ 6191855.57277624681592, 8381310.987328297458589 ], [ 6191875.945004755631089, 8381344.670855173841119 ], [ 6191897.677319264039397, 8381397.37210323382169 ], [ 6191898.349184775725007, 8381399.008094863034785 ], [ 6191911.599868371151388, 8381444.575301054865122 ], [ 6191930.021732175722718, 8381482.646929150447249 ], [ 6191955.542451538145542, 8381539.844410934485495 ], [ 6191978.524266965687275, 8381586.365407408215106 ], [ 6192008.107534291222692, 8381639.084989696741104 ], [ 6192052.581176614388824, 8381693.390179592184722 ], [ 6192089.945795537903905, 8381728.581288213841617 ], [ 6192137.894194371066988, 8381763.355175577104092 ], [ 6192175.512259799987078, 8381804.992887821979821 ], [ 6192214.999985696747899, 8381840.093559389933944 ], [ 6192250.678529715165496, 8381886.118874654173851 ], [ 6192279.593389158137143, 8381921.63634380325675 ], [ 6192308.41613735537976, 8381954.994076492264867 ], [ 6192341.24112931266427, 8381995.745865598320961 ], [ 6192406.716994694434106, 8382045.730647950433195 ], [ 6192448.874852346256375, 8382108.747785499319434 ], [ 6192490.414344744756818, 8382155.619569954462349 ], [ 6192560.954747883602977, 8382233.687886876985431 ], [ 6192583.600683913566172, 8382305.542371300980449 ], [ 6192629.302342164330184, 8382377.655459213070571 ], [ 6192638.596475962549448, 8382392.314189339056611 ], [ 6192680.754253791645169, 8382455.320546326227486 ], [ 6192703.40021179895848, 8382527.175313200801611 ], [ 6192699.071291983127594, 8382562.089035285636783 ], [ 6192691.307621698826551, 8382624.625746604986489 ], [ 6192632.416647331789136, 8382744.101449260488153 ], [ 6192604.765784196555614, 8382850.232585629448295 ], [ 6192558.080969283357263, 8382977.3057203842327 ], [ 6192504.250566674396396, 8383124.863505044952035 ], [ 6192485.169769778847694, 8383246.825749920681119 ], [ 6192485.122293598949909, 8383347.84597465954721 ], [ 6192478.669139556586742, 8383469.462282984517515 ], [ 6192478.238161363638937, 8383477.4182771127671 ], [ 6192482.821312945336103, 8383595.191949941217899 ], [ 6192485.297757077030838, 8383658.984436805360019 ], [ 6192476.138026339933276, 8383724.923576166853309 ], [ 6192515.079895691014826, 8383691.84674896299839 ], [ 6192575.340946539305151, 8383646.352742366492748 ], [ 6192631.169680986553431, 8383583.531758786179125 ], [ 6192680.060837737284601, 8383526.058797901496291 ], [ 6192736.722423944622278, 8383480.736327862367034 ], [ 6192938.215458815917373, 8383325.718007984571159 ], [ 6193024.891645351424813, 8383255.149190747179091 ], [ 6193079.760260962881148, 8383197.387744058854878 ], [ 6193130.087197915650904, 8383119.790753890760243 ], [ 6193159.737899390980601, 8383061.975222134962678 ], [ 6193209.863081285730004, 8382929.875603728927672 ], [ 6193212.133835005573928, 8382905.249968839809299 ], [ 6193219.169851817190647, 8382870.724390836432576 ], [ 6193222.792082753963768, 8382778.412742636166513 ], [ 6193231.927602961659431, 8382761.427238643169403 ], [ 6193258.377047074027359, 8382724.144507139921188 ], [ 6193282.087545447051525, 8382692.606550053693354 ], [ 6193293.860905665904284, 8382672.969504677690566 ], [ 6193322.391452989540994, 8382613.211594894528389 ], [ 6193334.712804228067398, 8382587.179442284628749 ], [ 6193372.692001020535827, 8382532.412539601325989 ], [ 6193399.297904472798109, 8382495.707947667688131 ], [ 6193457.333883085288107, 8382400.063785026781261 ], [ 6193457.534335610456765, 8382399.738547570072114 ], [ 6193488.754934740252793, 8382347.955520020797849 ], [ 6193512.303167761303484, 8382314.621068275533617 ], [ 6193565.388305481523275, 8382239.492237912490964 ], [ 6193649.068868496455252, 8382144.318139269948006 ], [ 6193671.979193897917867, 8382105.321346409618855 ], [ 6193691.426352489739656, 8382074.989971600472927 ], [ 6193712.827446934767067, 8382055.284689120948315 ], [ 6193740.56983288936317, 8382037.901439107954502 ], [ 6193763.185844014398754, 8382034.832001033239067 ], [ 6193844.799175145104527, 8382030.779306711629033 ], [ 6193876.806146748363972, 8382022.434419865719974 ], [ 6193999.942444151267409, 8381974.35327510535717 ], [ 6194077.157571309246123, 8381972.26933922059834 ], [ 6194121.888100299984217, 8381968.295551968738437 ], [ 6194171.594583447091281, 8381962.470795618370175 ], [ 6194286.946783279068768, 8381985.225639641284943 ], [ 6194358.022441169247031, 8381999.521566985175014 ], [ 6194393.293195057660341, 8382007.973010980524123 ], [ 6194439.31272916123271, 8382019.00816186517477 ], [ 6194493.38086302857846, 8382035.326805564574897 ], [ 6194537.632269842550159, 8382048.453290915116668 ], [ 6194587.206160406582057, 8382062.688084867782891 ], [ 6194649.513326266780496, 8382057.068922318518162 ], [ 6194777.944516158662736, 8381994.840965359471738 ], [ 6194869.738419846631587, 8381942.138999707996845 ], [ 6194937.352253939956427, 8381893.22477431409061 ], [ 6195036.236746446229517, 8381814.242416322231293 ], [ 6195081.517174479551613, 8381779.972931037656963 ], [ 6195141.682027570903301, 8381743.770460205152631 ], [ 6195391.601235825568438, 8381592.120974817313254 ], [ 6195410.662010501138866, 8381567.091949942521751 ], [ 6195415.926257365383208, 8381539.648694148287177 ], [ 6195415.066106091253459, 8381498.611699592322111 ], [ 6195415.25274514220655, 8381455.078159783966839 ], [ 6195421.622433022595942, 8381315.912585278041661 ], [ 6195429.542827030643821, 8381246.688231219537556 ], [ 6195430.783685956150293, 8381236.28005291428417 ], [ 6195439.56929081119597, 8381162.572517864406109 ], [ 6195477.324118350632489, 8381028.773673759773374 ], [ 6195526.153939519077539, 8380959.272297498770058 ], [ 6195532.730239261873066, 8380937.154133637435734 ], [ 6195545.969556125812232, 8380883.895252013579011 ], [ 6195550.826659085229039, 8380849.989348427392542 ], [ 6195575.738789406605065, 8380795.391007887199521 ], [ 6195613.877940874546766, 8380735.827385304495692 ], [ 6195630.245906250551343, 8380714.128556712530553 ], [ 6195659.208615092560649, 8380688.013455080799758 ], [ 6195721.105541608296335, 8380639.357096424326301 ], [ 6195746.974608915857971, 8380623.513779847882688 ], [ 6195851.794939107261598, 8380548.069524114951491 ], [ 6195947.294723658822477, 8380478.91242681350559 ], [ 6195977.226154300384223, 8380454.102645631879568 ], [ 6196031.203080855309963, 8380388.89362461399287 ], [ 6196181.696412792429328, 8380235.661269405856729 ], [ 6196236.318026955239475, 8380183.722351810894907 ], [ 6196282.91022233851254, 8380150.590224586427212 ], [ 6196306.486409150063992, 8380129.72678286768496 ], [ 6196302.094889715313911, 8380047.474670760333538 ], [ 6196303.183374039828777, 8380003.231228669174016 ], [ 6196321.159891498275101, 8379961.939682996831834 ], [ 6196352.943522486835718, 8379904.809287570416927 ], [ 6196408.862687478773296, 8379814.387370982207358 ], [ 6196458.126642534509301, 8379748.692272780463099 ], [ 6196513.424948683939874, 8379685.682303816080093 ], [ 6196529.118987407535315, 8379654.240250119939446 ], [ 6196543.745038523338735, 8379593.967379687353969 ], [ 6196559.593443876132369, 8379560.56750526279211 ], [ 6196602.989755347371101, 8379487.364268746227026 ], [ 6196614.663877394981682, 8379440.535920612514019 ], [ 6196634.888509287498891, 8379397.973907868377864 ], [ 6196688.181252761743963, 8379334.608303870074451 ], [ 6196725.426031274721026, 8379284.472967348992825 ], [ 6196754.742804465815425, 8379236.083679749630392 ], [ 6196818.149716922082007, 8379158.938390492461622 ], [ 6196854.004063559696078, 8379121.25898571498692 ], [ 6196883.124084098264575, 8379097.387156175449491 ], [ 6196906.119316259399056, 8379093.505264586769044 ], [ 6196989.297504419460893, 8379096.834017090499401 ], [ 6197131.467398047447205, 8379118.331873703747988 ], [ 6197273.514722688123584, 8379139.293941834941506 ], [ 6197340.260485808365047, 8379148.487318300642073 ], [ 6197458.386809386312962, 8379160.77166142500937 ], [ 6197511.411556407809258, 8379161.449715899303555 ], [ 6197540.476297951303422, 8379156.023120068013668 ], [ 6197609.240835411474109, 8379125.130755554884672 ], [ 6197668.412346502766013, 8379077.249141953885555 ], [ 6197737.066731626167893, 8379034.614224903285503 ], [ 6197829.361436747014523, 8378972.743883323855698 ], [ 6197875.019268279895186, 8378948.151041067205369 ], [ 6198015.508968742564321, 8378894.337013854645193 ], [ 6198070.500012773089111, 8378870.521994335576892 ], [ 6198090.04264491610229, 8378852.52141721919179 ], [ 6198143.005264298990369, 8378793.189796677790582 ], [ 6198166.598893959075212, 8378778.161499684676528 ], [ 6198200.642488802783191, 8378768.276950662955642 ], [ 6198239.840885415673256, 8378767.038625035434961 ], [ 6198316.690363122150302, 8378794.861962631344795 ], [ 6198356.02665160689503, 8378803.019326660782099 ], [ 6198400.378856981173158, 8378795.556780247017741 ], [ 6198428.049808090552688, 8378782.473342513665557 ], [ 6198445.457865788601339, 8378771.520092257298529 ], [ 6198461.618908178061247, 8378754.832188657484949 ], [ 6198494.989660050719976, 8378704.167691728100181 ], [ 6198553.464470248669386, 8378610.351367857307196 ], [ 6198564.447924812324345, 8378595.570575103163719 ], [ 6198609.80167724750936, 8378493.841637055389583 ], [ 6198644.420636005699635, 8378445.13419533520937 ], [ 6198681.494412183761597, 8378405.056720774620771 ], [ 6198764.16502723749727, 8378304.32019797898829 ], [ 6198796.205163941718638, 8378264.880008375272155 ], [ 6198864.84840137604624, 8378181.877945685759187 ], [ 6198905.132790404371917, 8378135.161781516857445 ], [ 6198945.635559911839664, 8378091.422543205320835 ], [ 6199013.052056983113289, 8378048.084918451495469 ], [ 6199021.580505466088653, 8378044.019924853928387 ], [ 6199044.97997438069433, 8378033.520219128578901 ], [ 6199064.661814582534134, 8378031.261223615147173 ], [ 6199094.195675215683877, 8378033.159782325848937 ], [ 6199126.836511858738959, 8378040.624197372235358 ], [ 6199176.231017962098122, 8378043.310305771417916 ], [ 6199228.556716067716479, 8378047.004631700925529 ], [ 6199335.148262861184776, 8378048.707161893136799 ], [ 6199362.308172102086246, 8378045.015394182875752 ], [ 6199403.854850575327873, 8378038.068842774257064 ], [ 6199438.635073069483042, 8378027.368000261485577 ], [ 6199472.708169578574598, 8378014.085619454272091 ], [ 6199482.696712038479745, 8378007.379264352843165 ], [ 6200532.164401079528034, 8378139.868488043546677 ], [ 6200551.356573190540075, 8378110.144205249845982 ], [ 6200563.267311936244369, 8378074.94313635956496 ], [ 6200587.153790988028049, 8378004.774521010927856 ], [ 6200612.893186374567449, 8377943.727597415447235 ], [ 6200613.782367317937315, 8377938.870238236151636 ], [ 6200581.228184668347239, 8377855.118118855170906 ], [ 6200565.773926107212901, 8377810.372315982356668 ], [ 6200540.307695662602782, 8377743.787045045755804 ], [ 6200475.770259520038962, 8377711.34972114302218 ], [ 6200422.808665580116212, 8377685.680757395923138 ], [ 6200367.845564743503928, 8377659.026254904456437 ], [ 6200311.474872093647718, 8377630.714815156534314 ], [ 6200291.429295042529702, 8377604.084399071522057 ], [ 6200253.978285130113363, 8377543.536450063809752 ], [ 6200225.359631621278822, 8377497.815785858780146 ], [ 6200186.679316427558661, 8377437.970118930563331 ], [ 6200186.763228633441031, 8377428.044373380020261 ], [ 6200179.94005243293941, 8377390.570683222264051 ], [ 6200168.10488012060523, 8377322.751454822719097 ], [ 6200157.288079515099525, 8377248.050546841695905 ], [ 6200236.061413165181875, 8377236.210598102770746 ], [ 6200314.609185793437064, 8377225.069032891653478 ], [ 6200313.522257809527218, 8377213.47488590888679 ], [ 6200381.255131280049682, 8377203.521721126511693 ], [ 6200637.369343930855393, 8377163.172828665003181 ], [ 6200639.13305046595633, 8377164.823756116442382 ], [ 6200681.157130647450686, 8377122.075670028105378 ], [ 6200685.540528824552894, 8377126.114035841077566 ], [ 6200889.776159956119955, 8376919.815431735478342 ], [ 6200488.280406513251364, 8376567.90131981857121 ], [ 6200517.164460680447519, 8376496.238033005036414 ], [ 6200569.161318596452475, 8376389.123297674581409 ], [ 6200572.78965419344604, 8376373.895684543065727 ], [ 6200573.513398033566773, 8376267.6406837310642 ], [ 6200557.493207958526909, 8376224.174407303333282 ], [ 6200511.917732929810882, 8376115.5622797627002 ], [ 6200502.449099829420447, 8376089.547782263718545 ], [ 6200501.913707477971911, 8376070.361482815816998 ], [ 6200530.545238161459565, 8375978.922586756758392 ], [ 6200560.494164017029107, 8375860.157150000333786 ], [ 6200571.78524169139564, 8375816.202000069431961 ], [ 6200561.215457651764154, 8375679.488384580239654 ], [ 6200506.384702334180474, 8375543.938918891362846 ], [ 6200499.445044435560703, 8375511.71360589005053 ], [ 6200505.041797243058681, 8375484.24754754267633 ], [ 6200540.32741298340261, 8375383.08228996116668 ], [ 6200542.157129602506757, 8375302.536494906060398 ], [ 6200544.36082150042057, 8375213.178185809403658 ], [ 6200551.332467993721366, 8375188.712114403024316 ], [ 6200565.688909159973264, 8375153.954916499555111 ], [ 6200582.921010418795049, 8375117.491067731752992 ], [ 6200707.637162942439318, 8375026.003654452040792 ], [ 6200825.791903674602509, 8374931.450638580136001 ], [ 6200857.48784788697958, 8374904.139055212959647 ], [ 6200901.650814068503678, 8374860.22358900681138 ], [ 6200962.530270868912339, 8374801.86568814329803 ], [ 6201005.354715541936457, 8374750.798682939261198 ], [ 6201041.832855855114758, 8374682.529230069369078 ], [ 6201092.381580983288586, 8374585.479570770636201 ], [ 6201089.045107345096767, 8374570.916248941794038 ], [ 6201074.604761379770935, 8374546.823036951944232 ], [ 6201025.116413404233754, 8374494.844555471092463 ], [ 6201013.598262255080044, 8374478.738895701244473 ], [ 6200988.414503182284534, 8374416.775581016205251 ], [ 6200930.795950380153954, 8374279.49056997615844 ], [ 6200900.860192709602416, 8374208.084098350256681 ], [ 6200895.627090415917337, 8374172.776739504188299 ], [ 6200899.693082521669567, 8374092.132508119568229 ], [ 6200901.715816298499703, 8374040.969985384494066 ], [ 6200899.029525335878134, 8373959.999415023252368 ], [ 6200910.235853215679526, 8373907.883829161524773 ], [ 6200931.328095549717546, 8373811.868420692160726 ], [ 6200966.827573788352311, 8373745.979444810189307 ], [ 6201009.523234220221639, 8373682.920524093322456 ], [ 6201077.12666860036552, 8373572.526007451117039 ], [ 6201080.326121581718326, 8373553.823225147090852 ], [ 6201062.279961185529828, 8373513.62429653480649 ], [ 6201045.549538728781044, 8373471.162887870334089 ], [ 6201041.010695990175009, 8373433.036818997934461 ], [ 6201046.914809007197618, 8373325.445567700080574 ], [ 6201046.543492540717125, 8373278.615771688520908 ], [ 6201039.21691214852035, 8373193.923823013901711 ], [ 6201033.856038477271795, 8373167.845616305246949 ], [ 6200990.626704974099994, 8373056.337414777837694 ], [ 6200955.567900730296969, 8372962.472690581344068 ], [ 6200843.391302904114127, 8372908.17357718013227 ], [ 6200771.448901327326894, 8372871.584310300648212 ], [ 6200742.494582906365395, 8372850.947655839845538 ] ] ] } },
{ "type": "Feature", "properties": { "lv_id": "LOC_029956", "id": 140522.0, "CD_SETOR": "290660005000006", "SITUACAO": "Rural", "CD_SIT": "8", "CD_TIPO": "0", "AREA_KM2": 15.846665319147938, "CD_REGIAO": "2", "NM_REGIAO": "Nordeste", "CD_UF": "29", "NM_UF": "Bahia", "CD_MUN": "2906600", "NM_MUN": "Candiba", "CD_DIST": "290660005", "NM_DIST": "Candiba", "CD_SUBDIST": "29066000500", "NM_SUBDIST": null, "CD_BAIRRO": null, "NM_BAIRRO": null, "CD_NU": null, "NM_NU": null, "CD_FCU": null, "NM_FCU": null, "CD_AGLOM": null, "NM_AGLOM": null, "CD_RGINT": "2905", "NM_RGINT": "Guanambi", "CD_RGI": "290016", "NM_RGI": "Guanambi", "CD_CONCURB": null, "NM_CONCURB": null, "mun_code_x": "2906600", "index_right": 5431, "dist_m": 89.080598042633454, "local_id": 317227, "ano": 2022, "cod_localidade_ibge": 2906600, "NR_ZONA": "64", "nr_cep": 46380000.0, "nm_localidade": "CANDIBA", "nm_locvot": "GRUPO ESCOLAR DE LAGOA GRANDE", "ds_endereco": "LAGOA GRANDE - ZONA RURAL", "ds_bairro": "POVOADO LAGOA GRANDE", "pred_long": -42.831224, "pred_lat": -14.460818, "pred_dist": 0.0, "tse_long": -42.8243144, "tse_lat": -14.4601773, "long": -42.8243144, "lat": -14.4601773, "ID_UNICO": "LOC_029956", "SG_UF": "BA", "CD_MUNICIPIO": "34312", "NR_LOCAL_VOTACAO": "1058", "QT_SECOES_AGREGADAS": 0, "QT_ELEITORES_TRANSFERIDOS": 0, "CIRO GOMES (PDT) (NÃO ELEITO) 1T": 7.0, "CONSTITUINTE EYMAEL (DC) (NÃO ELEITO) 1T": 0.0, "FELIPE D AVILA (NOVO) (NÃO ELEITO) 1T": 0.0, "JAIR BOLSONARO (PL) (2º TURNO) 1T": 61.0, "LULA (PT) (2º TURNO) 1T": 433.0, "LÉO PÉRICLES (UP) (NÃO ELEITO) 1T": 0.0, "PADRE KELMON (PTB) (NÃO ELEITO) 1T": 0.0, "SIMONE TEBET (MDB) (NÃO ELEITO) 1T": 10.0, "SOFIA MANZANO (PCB) (NÃO ELEITO) 1T": 0.0, "SORAYA THRONICKE (UNIÃO) (NÃO ELEITO) 1T": 5.0, "VERA (PSTU) (NÃO ELEITO) 1T": 0.0, "Total_Votos_Validos 1T": 516.0, "Votos_Brancos 1T": 5.0, "Votos_Nulos 1T": 18.0, "Abstenções 1T": 93.0, "Eleitores_Aptos 1T": 632.0, "JAIR BOLSONARO (PL) (NÃO ELEITO) 2T": 78.0, "LULA (PT) (ELEITO) 2T": 462.0, "Total_Votos_Validos 2T": 540.0, "Votos_Brancos 2T": 7.0, "Votos_Nulos 2T": 12.0, "Abstenções 2T": 73.0, "Eleitores_Aptos 2T": 632.0, "mun_code_y": "2906600", "mun_code": "2906600" }, "geometry": { "type": "Polygon", "coordinates": [ [ [ 6206946.432144612073898, 8373718.76701121032238 ], [ 6208793.725720959715545, 8372959.69834291189909 ], [ 6208796.2763453386724, 8372958.648926605470479 ], [ 6208798.826969489455223, 8372957.59950989857316 ], [ 6210085.672902064397931, 8372428.66592840384692 ], [ 6210098.817126173526049, 8372423.703170130029321 ], [ 6205015.384348468855023, 8363922.958700938150287 ], [ 6203853.649954741820693, 8361980.20927631482482 ], [ 6202706.798646598123014, 8360062.340000623837113 ], [ 6202691.962127860635519, 8360037.527390128001571 ], [ 6202678.891087987460196, 8360066.200313029810786 ], [ 6202663.404959857463837, 8360106.19990945328027 ], [ 6202660.491358194500208, 8360113.717229953035712 ], [ 6202628.657198953442276, 8360179.359130447730422 ], [ 6202618.090521878562868, 8360202.970267737284303 ], [ 6202574.022133908234537, 8360272.628250667825341 ], [ 6202483.234584087505937, 8360396.09538391046226 ], [ 6202333.501606751233339, 8360599.734501535072923 ], [ 6202246.39466820191592, 8360780.457418570294976 ], [ 6202241.003715622238815, 8360918.342482185922563 ], [ 6202237.585068034939468, 8361005.897251565009356 ], [ 6202209.959966911934316, 8361052.364758343435824 ], [ 6202192.836831678636372, 8361081.17862340528518 ], [ 6202170.906497519463301, 8361118.075813974253833 ], [ 6202131.841920155100524, 8361183.787186407484114 ], [ 6202097.543418887071311, 8361347.408831922337413 ], [ 6201942.459332475438714, 8361634.729028374888003 ], [ 6201850.865216979756951, 8361751.202098919078708 ], [ 6201804.468695669434965, 8361810.211783376522362 ], [ 6201697.791579698212445, 8361905.907613227143884 ], [ 6201638.890543191693723, 8361958.751748042181134 ], [ 6201436.399657212197781, 8362140.418053857982159 ], [ 6201274.467021635733545, 8362338.532296896912158 ], [ 6201214.36581011582166, 8362499.698875997215509 ], [ 6201132.744436298497021, 8362718.541551610454917 ], [ 6201086.342938194982708, 8362795.317298339679837 ], [ 6201031.221999795176089, 8362886.522849273867905 ], [ 6200894.619389844126999, 8363112.525530777871609 ], [ 6200772.213115835562348, 8363263.426852028816938 ], [ 6200719.260435994714499, 8363328.69258495233953 ], [ 6200590.751649053767323, 8363487.094246730208397 ], [ 6200520.0561178997159, 8363711.031793527305126 ], [ 6200376.043875815346837, 8363998.113481437787414 ], [ 6200305.389152119867504, 8364138.971232229843736 ], [ 6200234.721682778559625, 8364279.817478310316801 ], [ 6200013.445576353929937, 8364462.366059516556561 ], [ 6199902.725092262029648, 8364600.258658963255584 ], [ 6199807.955183847807348, 8364825.901854075491428 ], [ 6199740.599898212589324, 8364908.121505321934819 ], [ 6199655.196114297956228, 8365069.50137301441282 ], [ 6199569.119355542585254, 8365232.175626581534743 ], [ 6199459.846710982732475, 8365438.665175769478083 ], [ 6199314.626436542719603, 8365670.378100443631411 ], [ 6199254.733932944945991, 8365868.482264809310436 ], [ 6199209.043095029890537, 8366019.60029311850667 ], [ 6199174.482034328393638, 8366094.365478733554482 ], [ 6199100.633307620882988, 8366165.237357206642628 ], [ 6198979.528500782325864, 8366237.710722899064422 ], [ 6198789.582524446770549, 8366300.839415554888546 ], [ 6198673.074003133922815, 8366375.555494466796517 ], [ 6198512.374667432159185, 8366516.132458963431418 ], [ 6198439.49905398953706, 8366561.912417790852487 ], [ 6198351.500068709254265, 8366550.060886491090059 ], [ 6198274.020561994053423, 8366501.5633296482265 ], [ 6198163.66722490824759, 8366432.500118928030133 ], [ 6198046.292223285883665, 8366412.370219031348825 ], [ 6197973.923279834911227, 8366427.796377455815673 ], [ 6197914.978424351662397, 8366493.190096171572804 ], [ 6197845.534150656312704, 8366570.221642172895372 ], [ 6197817.581830349750817, 8366601.220735933631659 ], [ 6197706.701766994781792, 8366697.132516928017139 ], [ 6197573.63085450977087, 8366812.216847121715546 ], [ 6197478.514588880352676, 8366925.747631762176752 ], [ 6197352.665912962518632, 8366984.435341112315655 ], [ 6197228.901812589727342, 8367068.634917130693793 ], [ 6197214.503095091320574, 8367078.421394562348723 ], [ 6197193.710674311034381, 8367092.57715205848217 ], [ 6197140.09384279511869, 8367138.564370712265372 ], [ 6197036.881042481400073, 8367227.107075673528016 ], [ 6197003.058400287292898, 8367301.736835574731231 ], [ 6196982.577626400627196, 8367402.797870458103716 ], [ 6196960.504018500447273, 8367511.782649531029165 ], [ 6196939.508062871173024, 8367615.382406994700432 ], [ 6196845.72912476491183, 8367752.76400734577328 ], [ 6196748.198492013849318, 8367844.205956457182765 ], [ 6196648.942598080262542, 8367937.26395027525723 ], [ 6196453.85694517660886, 8368025.130661840550601 ], [ 6196324.652004438452423, 8368100.790209197439253 ], [ 6196206.02736784145236, 8368216.812778871506453 ], [ 6196132.606855027377605, 8368325.579089919105172 ], [ 6196089.936889487318695, 8368444.036214634776115 ], [ 6196058.964378571137786, 8368530.021744297817349 ], [ 6195994.76091945823282, 8368612.207590711303055 ], [ 6195828.45408465154469, 8368825.064655107446015 ], [ 6195669.675788772292435, 8369028.27552976179868 ], [ 6195542.897186638787389, 8369190.543874500319362 ], [ 6195439.142061498016119, 8369323.331306453794241 ], [ 6195426.053402796387672, 8369411.445453077554703 ], [ 6195450.72716061770916, 8369503.772271949797869 ], [ 6195505.274755172431469, 8369565.375250741839409 ], [ 6195516.620602552779019, 8369689.777754667215049 ], [ 6195476.368684976361692, 8369741.003022605553269 ], [ 6195338.466511490754783, 8369916.532574011012912 ], [ 6195217.770276984199882, 8370070.179784796200693 ], [ 6195143.918882523663342, 8370208.660763333551586 ], [ 6195101.262009540572762, 8370344.289177324622869 ], [ 6195051.162020869553089, 8370503.578761872835457 ], [ 6194991.267558068968356, 8370616.367151820100844 ], [ 6194868.501627170480788, 8370669.294401079416275 ], [ 6194763.620134385302663, 8370770.911038896068931 ], [ 6194730.242426509968936, 8370884.589978810399771 ], [ 6194747.312635433860123, 8371019.79425751324743 ], [ 6194763.110586125403643, 8371144.937100877985358 ], [ 6194747.229519977234304, 8371227.456414210610092 ], [ 6194631.907002435065806, 8371335.380747336894274 ], [ 6194601.944255753420293, 8371403.193078759126365 ], [ 6194571.991968287155032, 8371471.004734741523862 ], [ 6194543.353601172566414, 8371656.418376923538744 ], [ 6194543.676535757258534, 8371742.403083378449082 ], [ 6194499.436158116906881, 8371824.454833465628326 ], [ 6194454.353961586020887, 8371908.091334166005254 ], [ 6194379.574062027968466, 8371975.047604896128178 ], [ 6194252.496511092409492, 8372035.490070378407836 ], [ 6194193.999099138192832, 8372080.555766494944692 ], [ 6194144.362688271328807, 8372154.592118419706821 ], [ 6194119.470370228402317, 8372297.931800031103194 ], [ 6194091.769815059378743, 8372457.436547891236842 ], [ 6194066.546756440773606, 8372602.696666876785457 ], [ 6194041.212959224358201, 8372748.593103067949414 ], [ 6194009.145341007038951, 8372933.220171114429832 ], [ 6193964.855364694260061, 8373083.187527665868402 ], [ 6193928.028453353792429, 8373159.950741240754724 ], [ 6193882.032629242166877, 8373210.992766820825636 ], [ 6193836.035998608916998, 8373262.023328507319093 ], [ 6193745.040319096297026, 8373425.605984665453434 ], [ 6193875.555404610931873, 8373456.145094349980354 ], [ 6193894.976186389103532, 8373443.799860224127769 ], [ 6193943.198459605686367, 8373422.263699338771403 ], [ 6193966.587494015693665, 8373407.134116610512137 ], [ 6193998.826810231432319, 8373394.677204446867108 ], [ 6194015.942825518548489, 8373387.617179212160408 ], [ 6194065.263011369854212, 8373367.594519417732954 ], [ 6194127.860573535785079, 8373356.794208735227585 ], [ 6194160.621792866848409, 8373355.212433395907283 ], [ 6194167.426430107094347, 8373357.995136568322778 ], [ 6194187.016449495218694, 8373370.542630875483155 ], [ 6194207.72381363902241, 8373374.209685425274074 ], [ 6194210.842830533161759, 8373375.096171663142741 ], [ 6194209.44795991294086, 8373399.557553073391318 ], [ 6194207.625234863720834, 8373404.312439823523164 ], [ 6194206.930073520168662, 8373421.98771137278527 ], [ 6194208.549744539894164, 8373434.365795247256756 ], [ 6194215.046898223459721, 8373441.311690752394497 ], [ 6194222.50727531965822, 8373447.185268744826317 ], [ 6194230.027552535757422, 8373454.081767536699772 ], [ 6194234.418576497584581, 8373460.103542249649763 ], [ 6194237.984612772241235, 8373470.302218346856534 ], [ 6194238.332825483754277, 8373477.556275309063494 ], [ 6194236.783257234841585, 8373488.001943036913872 ], [ 6194230.516489276662469, 8373506.994585227221251 ], [ 6194222.718074321746826, 8373515.667773649096489 ], [ 6194214.007168961688876, 8373526.470451340079308 ], [ 6194201.093124328181148, 8373535.390601408667862 ], [ 6194186.957832094281912, 8373540.232635941356421 ], [ 6194177.987271826714277, 8373545.851129874587059 ], [ 6194163.22614021319896, 8373559.02001866325736 ], [ 6194154.3548873513937, 8373566.707865576259792 ], [ 6194147.78948800265789, 8373579.481072656810284 ], [ 6194151.653966815210879, 8373595.899101957678795 ], [ 6194161.370005671866238, 8373605.81215775385499 ], [ 6194190.208337196148932, 8373629.321247854270041 ], [ 6194194.867924856022, 8373662.30552043300122 ], [ 6194194.24261358845979, 8373670.643646700307727 ], [ 6194184.696324659511447, 8373685.634919127449393 ], [ 6194171.484195375815034, 8373688.346873928792775 ], [ 6194159.195877593010664, 8373688.940061191096902 ], [ 6194150.861873952671885, 8373686.231114685535431 ], [ 6194139.348402152769268, 8373681.601481970399618 ], [ 6194137.202291342429817, 8373679.619642524980009 ], [ 6194131.628967445343733, 8373670.55494311824441 ], [ 6194119.976764470338821, 8373662.809491347521544 ], [ 6194115.292819192633033, 8373661.479970595799387 ], [ 6194111.139881613664329, 8373660.643357389606535 ], [ 6194103.928330719470978, 8373659.954386098310351 ], [ 6194092.231459495611489, 8373662.074622580781579 ], [ 6194080.36576153896749, 8373671.473832382820547 ], [ 6194077.300799615681171, 8373682.511112857609987 ], [ 6194078.046150466427207, 8373698.042602075263858 ], [ 6194078.443919938057661, 8373706.331311590969563 ], [ 6194078.518400296568871, 8373707.883335907012224 ], [ 6194078.766667657531798, 8373713.056750343181193 ], [ 6194079.164433535188437, 8373721.34546011313796 ], [ 6194081.980855396948755, 8373737.295523762702942 ], [ 6194078.891576003283262, 8373747.826703706756234 ], [ 6194073.13010723516345, 8373766.783493178896606 ], [ 6194067.587665244936943, 8373779.507228034548461 ], [ 6194059.481454459019005, 8373792.343425133265555 ], [ 6194052.780962190590799, 8373802.530343031510711 ], [ 6194039.688610504381359, 8373829.111733141355217 ], [ 6194037.865756413899362, 8373833.866560809314251 ], [ 6194029.635912513360381, 8373844.127267066389322 ], [ 6194017.288151912391186, 8373854.056891428306699 ], [ 6194001.93520743958652, 8373865.698422260582447 ], [ 6193988.147157405503094, 8373877.782949784770608 ], [ 6193974.875503858551383, 8373889.831266318447888 ], [ 6193968.667052731849253, 8373899.475831078365445 ], [ 6193966.526325687766075, 8373908.405553366988897 ], [ 6193966.406511023640633, 8373916.707939491607249 ], [ 6193967.172216071747243, 8373921.867638561874628 ], [ 6193977.095989651046693, 8373925.537043469026685 ], [ 6193986.821194622665644, 8373925.067724884487689 ], [ 6194013.662896216847003, 8373917.538644511252642 ], [ 6194029.328349806368351, 8373912.63432340696454 ], [ 6194049.047473716549575, 8373906.497275731526315 ], [ 6194060.213470194488764, 8373903.884232146665454 ], [ 6194093.243600595742464, 8373897.093449802137911 ], [ 6194115.207567855715752, 8373894.996308811940253 ], [ 6194125.400064880028367, 8373893.467294348403811 ], [ 6194159.702098544687033, 8373891.811698413453996 ], [ 6194199.750132782384753, 8373892.471417663618922 ], [ 6194231.922303819097579, 8373899.745014308020473 ], [ 6194266.834803754463792, 8373911.034652492962778 ], [ 6194293.155348765663803, 8373924.813177665695548 ], [ 6194330.413810546509922, 8373952.594207398593426 ], [ 6194343.720755312591791, 8373973.223434301093221 ], [ 6194348.633181160315871, 8373990.109526220709085 ], [ 6194353.561336507089436, 8374017.895555876195431 ], [ 6194359.328061290085316, 8374042.011307194828987 ], [ 6194372.203311131335795, 8374064.217040430754423 ], [ 6194385.013731670565903, 8374074.499395057559013 ], [ 6194398.955714675597847, 8374076.419147161766887 ], [ 6194420.994321490637958, 8374075.87388860527426 ], [ 6194439.864179058000445, 8374073.407389916479588 ], [ 6194467.743167317472398, 8374066.346346540376544 ], [ 6194476.058785129338503, 8374057.648197138682008 ], [ 6194483.588776806369424, 8374054.173424410633743 ], [ 6194491.143595900386572, 8374051.215995399281383 ], [ 6194500.25203450769186, 8374048.690836290828884 ], [ 6194506.401669361628592, 8374048.393965850584209 ], [ 6194513.563678339123726, 8374048.048221638426185 ], [ 6194519.713313033804297, 8374047.751347886398435 ], [ 6194534.023269732482731, 8374046.541981784626842 ], [ 6194540.16213411744684, 8374046.245622785761952 ], [ 6194553.266102309338748, 8374051.846849038265646 ], [ 6194562.216525464318693, 8374056.600225233472884 ], [ 6194565.866639818064868, 8374057.979651683941483 ], [ 6194576.625812415033579, 8374057.460232744924724 ], [ 6194584.835800180211663, 8374057.582424759864807 ], [ 6194603.929120452143252, 8374059.771928668022156 ], [ 6194607.615379448980093, 8374061.679427171126008 ], [ 6194611.2762670526281, 8374063.058329790830612 ], [ 6194626.832866966724396, 8374066.455664858222008 ], [ 6194636.682290960103273, 8374068.572886642068624 ], [ 6194643.893971147015691, 8374069.261809282004833 ], [ 6194656.058316841721535, 8374066.081776763312519 ], [ 6194664.105247240513563, 8374062.581977922469378 ], [ 6194674.013320575468242, 8374055.351202161051333 ], [ 6194683.108222116716206, 8374052.319344798102975 ], [ 6194685.929317173548043, 8374046.997647012583911 ], [ 6194688.869482478126884, 8374033.362139184959233 ], [ 6194690.13640674483031, 8374027.596927903592587 ], [ 6194691.416853874921799, 8374022.338339544832706 ], [ 6194694.903901832178235, 8374020.09577822778374 ], [ 6194706.268582878634334, 8374021.621254492551088 ], [ 6194715.219571335241199, 8374026.385839268565178 ], [ 6194723.578561421483755, 8374029.612085372209549 ], [ 6194731.392466587945819, 8374031.8275495627895 ], [ 6194745.379549684934318, 8374023.892493239603937 ], [ 6194753.315798434428871, 8374018.312517424114048 ], [ 6194757.234519518911839, 8374014.493448837660253 ], [ 6194759.67358189355582, 8374011.782925753854215 ], [ 6194761.18884483538568, 8374011.191209914162755 ], [ 6194763.691644337028265, 8374010.033259521238506 ], [ 6194765.737929417751729, 8374009.934452855959535 ], [ 6194774.20703762024641, 8374015.229569174349308 ], [ 6194776.452012387104332, 8374019.269572954624891 ], [ 6194781.7528903093189, 8374022.654741659760475 ], [ 6194782.776033379137516, 8374022.60533800162375 ], [ 6194798.431986927986145, 8374028.071978198364377 ], [ 6194803.190535794012249, 8374030.953509627841413 ], [ 6194813.089639857411385, 8374034.105370606295764 ], [ 6194821.841958539560437, 8374034.731121213175356 ], [ 6194829.645105085335672, 8374036.947084043174982 ], [ 6194834.909845557995141, 8374039.804171109572053 ], [ 6194844.60135477874428, 8374049.199943320825696 ], [ 6194852.260106479749084, 8374059.201153783127666 ], [ 6194857.942461103200912, 8374059.963868676684797 ], [ 6194864.092098881490529, 8374059.666914431378245 ], [ 6194872.694863244891167, 8374057.177292384207249 ], [ 6194876.539065146818757, 8374051.80613910779357 ], [ 6194877.056022267788649, 8374051.781175791285932 ], [ 6194889.701683063060045, 8374048.059212368912995 ], [ 6194892.771115489304066, 8374047.910990603268147 ], [ 6194898.995264746248722, 8374049.166085180826485 ], [ 6194902.164050162769854, 8374051.087275015190244 ], [ 6194904.826648742891848, 8374053.032908612862229 ], [ 6194909.798527198843658, 8374060.582379546016455 ], [ 6194911.954939397983253, 8374062.552457320503891 ], [ 6194918.624833649024367, 8374062.748920139856637 ], [ 6194923.234370043501258, 8374062.526324078440666 ], [ 6194927.437073059380054, 8374064.397585306316614 ], [ 6194931.678683774545789, 8374067.304073567502201 ], [ 6194943.673784430138767, 8374071.391799023374915 ], [ 6194950.971304490230978, 8374073.643433392979205 ], [ 6194951.045820964500308, 8374075.195494941435754 ], [ 6194953.390177264809608, 8374081.304923796094954 ], [ 6194955.8592669358477, 8374090.012369684875011 ], [ 6194955.983460218645632, 8374092.599139316938818 ], [ 6194962.594271499663591, 8374102.13241383805871 ], [ 6194968.943169697187841, 8374105.985521748661995 ], [ 6194968.968008382245898, 8374106.502875858917832 ], [ 6194969.29091059230268, 8374113.228479410521686 ], [ 6194970.537604598328471, 8374117.835258211940527 ], [ 6194976.875736093148589, 8374121.688888053409755 ], [ 6194978.440680580213666, 8374122.131869491189718 ], [ 6194984.098214232362807, 8374122.377216210588813 ], [ 6194987.883324941620231, 8374126.34286036901176 ], [ 6194989.412661117501557, 8374126.269007189199328 ], [ 6194991.458955992013216, 8374126.170189408585429 ], [ 6194996.143021158874035, 8374127.499652255326509 ], [ 6194999.729422356933355, 8374127.326460167765617 ], [ 6195000.727730831131339, 8374126.759696346707642 ], [ 6195006.310748541727662, 8374125.452975290827453 ], [ 6195007.82601545471698, 8374124.861246202141047 ], [ 6195011.943444225937128, 8374125.180962093174458 ], [ 6195014.57044564653188, 8374126.609761859290302 ], [ 6195017.774854680523276, 8374129.047786086797714 ], [ 6195019.995565151795745, 8374132.581696941517293 ], [ 6195025.260340042412281, 8374135.438776508904994 ], [ 6195028.846742413938046, 8374135.265581175684929 ], [ 6195029.352931331843138, 8374135.241136145778 ], [ 6195030.386849124915898, 8374135.191205841489136 ], [ 6195040.886348560452461, 8374129.487337921746075 ], [ 6195049.79659628123045, 8374122.83437579870224 ], [ 6195057.967704304493964, 8374121.92120807338506 ], [ 6195068.234787235036492, 8374121.943924210034311 ], [ 6195073.917163284495473, 8374122.70660803001374 ], [ 6195076.06282027810812, 8374124.677205805666745 ], [ 6195076.162182565778494, 8374126.746628327295184 ], [ 6195076.336606284603477, 8374130.379364626482129 ], [ 6195075.919009393081069, 8374132.473753299564123 ], [ 6195075.437660971656442, 8374133.015554912388325 ], [ 6195075.487341839820147, 8374134.050266156904399 ], [ 6195075.686065003275871, 8374138.189111175946891 ], [ 6195078.879710881970823, 8374140.627653542906046 ], [ 6195084.194714847952127, 8374144.530685910955071 ], [ 6195086.241011266596615, 8374144.431861650198698 ], [ 6195088.804266767576337, 8374144.30807102099061 ], [ 6195091.848870756104589, 8374143.642478135414422 ], [ 6195092.365829832851887, 8374143.617511853575706 ], [ 6195101.684296481311321, 8374145.241702018305659 ], [ 6195105.384134533815086, 8374147.655797393061221 ], [ 6195107.604317088611424, 8374151.178464200347662 ], [ 6195109.686224899254739, 8374151.596474442631006 ], [ 6195113.261859676800668, 8374151.423789117485285 ], [ 6195117.821730847470462, 8374150.166457464918494 ], [ 6195123.454432276077569, 8374149.894423809833825 ], [ 6195126.623242406174541, 8374151.815608529374003 ], [ 6195128.262715006247163, 8374153.810653556138277 ], [ 6195128.918491429649293, 8374156.901592021808028 ], [ 6195131.174288236536086, 8374160.94109611120075 ], [ 6195131.705318843014538, 8374161.434005866758525 ], [ 6195131.928888812661171, 8374166.090213724412024 ], [ 6195129.589199863374233, 8374170.870214627124369 ], [ 6195128.591431481763721, 8374171.448230985552073 ], [ 6195127.791849900968373, 8374176.153851391747594 ], [ 6195127.96573550440371, 8374179.775346044450998 ], [ 6195128.706262096762657, 8374184.406587088480592 ], [ 6195131.026349760591984, 8374190.009929195977747 ], [ 6195148.371618878096342, 8374198.506255282089114 ], [ 6195150.617187106050551, 8374202.557529637590051 ], [ 6195154.15861551836133, 8374212.239068768918514 ], [ 6195159.523319446481764, 8374217.176819147542119 ], [ 6195164.823732123710215, 8374220.550732192583382 ], [ 6195167.893186345696449, 8374220.402492858469486 ], [ 6195169.422528443858027, 8374220.328633118420839 ], [ 6195177.112318923696876, 8374219.957252432592213 ], [ 6195178.641660994850099, 8374219.883392123505473 ], [ 6195185.864173274487257, 8374220.571690024808049 ], [ 6195192.743615174666047, 8374224.906454554758966 ], [ 6195194.422005905769765, 8374227.936737527139485 ], [ 6195195.163078902289271, 8374232.579233438707888 ], [ 6195199.246321775019169, 8374242.753172492608428 ], [ 6195206.60765899438411, 8374246.557382110506296 ], [ 6195207.124620259739459, 8374246.532415060326457 ], [ 6195213.338059604167938, 8374247.788003340363503 ], [ 6195217.430669822730124, 8374247.590346304699779 ], [ 6195222.089924526400864, 8374248.40243671182543 ], [ 6195229.11842668056488, 8374255.841348887421191 ], [ 6195230.932338949292898, 8374261.469150261953473 ], [ 6195233.658728024922311, 8374264.967379314824939 ], [ 6195237.618313552811742, 8374272.565784553065896 ], [ 6195242.808606451377273, 8374273.870786084793508 ], [ 6195244.865683801472187, 8374273.771436696872115 ], [ 6195245.888837450183928, 8374273.722022015601397 ], [ 6195249.831861174665391, 8374270.40896715503186 ], [ 6195256.462901995517313, 8374269.570150725543499 ], [ 6195263.417429466731846, 8374275.468237398192286 ], [ 6195266.834679131396115, 8374282.563008335418999 ], [ 6195275.035942647606134, 8374293.067907650955021 ], [ 6195281.141215784475207, 8374302.63692273106426 ], [ 6195285.233835238963366, 8374302.439261388033628 ], [ 6195296.042800754308701, 8374302.954334486275911 ], [ 6195315.999705577269197, 8374301.990457560867071 ], [ 6195328.830138962715864, 8374301.88932497985661 ], [ 6195343.189919782802463, 8374301.714319635182619 ], [ 6195362.740005813539028, 8374302.844293404370546 ], [ 6195373.930947781540453, 8374300.748087465763092 ], [ 6195387.217885771766305, 8374299.58775648381561 ], [ 6195390.804312381893396, 8374299.414527612738311 ], [ 6195391.285660459659994, 8374298.872717722319067 ], [ 6195393.848932261578739, 8374298.748908091336489 ], [ 6195406.270541010424495, 8374290.359244262799621 ], [ 6195410.373928459361196, 8374290.161041269078851 ], [ 6195419.225195147097111, 8374292.844866141676903 ], [ 6195423.616492867469788, 8374298.866755564697087 ], [ 6195431.61852382030338, 8374305.221525476314127 ], [ 6195448.765729116275907, 8374309.590146321803331 ], [ 6195453.956041058525443, 8374310.895120183937252 ], [ 6195464.272899928502738, 8374311.952462307177484 ], [ 6195469.388676230795681, 8374311.705350367352366 ], [ 6195492.202208298258483, 8374305.936299178749323 ], [ 6195500.074674360454082, 8374298.803440313786268 ], [ 6195503.462327986955643, 8374294.491301878355443 ], [ 6195504.817747842520475, 8374290.795893317088485 ], [ 6195510.569353226572275, 8374282.209789182059467 ], [ 6195513.365497259423137, 8374276.370533658191562 ], [ 6195516.061709542758763, 8374268.45058237016201 ], [ 6195516.910931432619691, 8374264.77962348330766 ], [ 6195519.300267335958779, 8374261.034265302121639 ], [ 6195532.61533407215029, 8374239.107436501421034 ], [ 6195539.02272533532232, 8374233.612276936881244 ], [ 6195554.956108804792166, 8374223.497139310464263 ], [ 6195567.502396603114903, 8374217.705393392592669 ], [ 6195575.106868280097842, 8374215.782324966043234 ], [ 6195584.251450508832932, 8374213.784848417155445 ], [ 6195588.3192053809762, 8374213.069765252992511 ], [ 6195598.82940726261586, 8374207.365088412538171 ], [ 6195603.7960608843714, 8374204.013755548745394 ], [ 6195607.332772979512811, 8374202.805760147050023 ], [ 6195616.367175825871527, 8374198.739334473386407 ], [ 6195619.903886461630464, 8374197.531336412765086 ], [ 6195627.076709628105164, 8374197.184791784733534 ], [ 6195634.288464431650937, 8374197.873492449522018 ], [ 6195643.706396847032011, 8374201.566987443715334 ], [ 6195651.5842205574736, 8374205.334890718571842 ], [ 6195658.746276021935046, 8374204.988859202712774 ], [ 6195670.086799102835357, 8374206.007909955456853 ], [ 6195706.9574721949175, 8374215.116343315690756 ], [ 6195720.835872972384095, 8374215.482917978428304 ], [ 6195738.746403968892992, 8374214.61753202881664 ], [ 6195744.722110755741596, 8374210.698838581331074 ], [ 6195749.589335101656616, 8374205.278004206717014 ], [ 6195755.664450047537684, 8374203.428766346536577 ], [ 6195757.710751467384398, 8374203.329891989938915 ], [ 6195773.118489105254412, 8374203.62253946904093 ], [ 6195775.720688222907484, 8374204.533935981802642 ], [ 6195784.259647518396378, 8374200.491372268646955 ], [ 6195788.584505427628756, 8374194.566889751702547 ], [ 6195803.619422355666757, 8374187.099027213640511 ], [ 6195817.174158912152052, 8374180.72853496670723 ], [ 6195828.215879676863551, 8374175.527872911654413 ], [ 6195832.541258888319135, 8374169.614619549363852 ], [ 6195837.418679708614945, 8374164.181981799192727 ], [ 6195845.47959335707128, 8374161.199615548364818 ], [ 6195852.652405858971179, 8374160.853000238537788 ], [ 6195857.038256416097283, 8374155.973949627950788 ], [ 6195860.00827784370631, 8374153.756154954433441 ], [ 6195859.784031420946121, 8374149.088607795536518 ], [ 6195856.366598573513329, 8374141.993803594261408 ], [ 6195849.719274327158928, 8374131.932403506711125 ], [ 6195848.372993927448988, 8374125.256081945262849 ], [ 6195852.202391282655299, 8374119.355509295128286 ], [ 6195857.168986853212118, 8374116.004091586917639 ], [ 6195875.0405003875494, 8374114.103304417803884 ], [ 6195881.746055097319186, 8374114.816387607716024 ], [ 6195884.666351950727403, 8374111.563850964419544 ], [ 6195885.122825612314045, 8374110.504654658958316 ], [ 6195887.710935058072209, 8374110.89814867824316 ], [ 6195893.567345323041081, 8374115.282243618741632 ], [ 6195895.231738364323974, 8374117.794651227071881 ], [ 6195898.401150238700211, 8374119.727031204849482 ], [ 6195908.076177624985576, 8374118.211056716740131 ], [ 6195911.563146200962365, 8374115.968266525305808 ], [ 6195912.019618993625045, 8374114.909068998880684 ], [ 6195918.243844882585108, 8374116.163974148221314 ], [ 6195919.26699192635715, 8374116.114527907222509 ], [ 6195924.949401872232556, 8374116.877047743648291 ], [ 6195927.501884571276605, 8374116.753691693767905 ], [ 6195934.674683986231685, 8374116.407044172286987 ], [ 6195937.694408364593983, 8374115.223967867903411 ], [ 6195945.915212899446487, 8374115.345237708650529 ], [ 6195952.178928741253912, 8374117.646639787591994 ], [ 6195985.582430399022996, 8374118.625113627873361 ], [ 6196004.849983185529709, 8374124.435315310023725 ], [ 6196016.204043855890632, 8374125.960844485089183 ], [ 6196019.209676453843713, 8374124.259867542423308 ], [ 6196023.153105759061873, 8374120.957853399217129 ], [ 6196026.689785823225975, 8374119.749778937548399 ], [ 6196031.730940977111459, 8374117.950418964028358 ], [ 6196036.415069120004773, 8374119.279737584292889 ], [ 6196041.853990456089377, 8374125.758282734081149 ], [ 6196047.760691771283746, 8374131.188351606018841 ], [ 6196054.983216569758952, 8374131.876412274315953 ], [ 6196061.022660059854388, 8374129.510226272977889 ], [ 6196067.122593990527093, 8374128.178256679326296 ], [ 6196070.192036650143564, 8374128.029901081696153 ], [ 6196080.572678703814745, 8374130.639598298817873 ], [ 6196088.942658526822925, 8374133.865047494880855 ], [ 6196089.48447862546891, 8374134.35743085667491 ], [ 6196095.648226832970977, 8374134.578085013665259 ], [ 6196101.687667844817042, 8374132.211887460201979 ], [ 6196110.782458748668432, 8374129.179436629638076 ], [ 6196117.706642681732774, 8374123.659037458710372 ], [ 6196124.138185830786824, 8374118.669744920916855 ], [ 6196128.538064655847847, 8374114.308496603742242 ], [ 6196133.465669725090265, 8374109.921738063916564 ], [ 6196139.946929629892111, 8374105.967178028076887 ], [ 6196155.180583529174328, 8374102.63796806242317 ], [ 6196161.83642062637955, 8374102.316242377273738 ], [ 6196177.874620273709297, 8374105.17100147344172 ], [ 6196187.984162797220051, 8374112.472194362431765 ], [ 6196189.737270334735513, 8374117.054610708728433 ], [ 6196183.554372878745198, 8374127.217641104012728 ], [ 6196181.831298874691129, 8374134.042379538528621 ], [ 6196182.846059071831405, 8374144.376062601804733 ], [ 6196185.9900928363204, 8374145.779808380641043 ], [ 6196188.036389435641468, 8374145.680896249599755 ], [ 6196191.647656572982669, 8374146.024910662323236 ], [ 6196197.885999337770045, 8374147.797658172436059 ], [ 6196200.031749085523188, 8374149.768231055699289 ], [ 6196203.84246364608407, 8374154.262463722378016 ], [ 6196206.037940493784845, 8374157.267779964953661 ], [ 6196213.067282789386809, 8374164.717873573303223 ], [ 6196216.360499674454331, 8374169.225849038921297 ], [ 6196223.856538254767656, 8374175.604965098202229 ], [ 6196227.050303670577705, 8374178.043454230763018 ], [ 6196234.422569373622537, 8374181.846958551555872 ], [ 6196245.101611733436584, 8374190.665085554122925 ], [ 6196252.130967207252979, 8374198.115183932706714 ], [ 6196262.179509784094989, 8374204.370919836685061 ], [ 6196268.478366801515222, 8374207.177889225073159 ], [ 6196276.356834704987705, 8374210.956924260593951 ], [ 6196280.548894423991442, 8374212.828583638183773 ], [ 6196281.215038159862161, 8374215.90783020760864 ], [ 6196281.314493449404836, 8374217.977320736274123 ], [ 6196280.6399748576805, 8374225.281242348253727 ], [ 6196280.93833842035383, 8374231.489713912829757 ], [ 6196283.640014864504337, 8374234.470566946081817 ], [ 6196287.425881592556834, 8374238.447434931993484 ], [ 6196289.571640530601144, 8374240.41801124997437 ], [ 6196290.113465309143066, 8374240.910395031794906 ], [ 6196297.142295846715569, 8374248.349254030734301 ], [ 6196303.073925392702222, 8374254.296699983999133 ], [ 6196306.72416662517935, 8374255.67597790248692 ], [ 6196308.264281027019024, 8374255.601531194522977 ], [ 6196323.072148147039115, 8374264.74993821978569 ], [ 6196328.361962661147118, 8374268.124261109158397 ], [ 6196330.125853575766087, 8374272.706173711456358 ], [ 6196331.91460834722966, 8374277.805460020899773 ], [ 6196338.427031416445971, 8374285.280560882762074 ], [ 6196340.597659401595592, 8374287.768512351438403 ], [ 6196350.040594501420856, 8374291.979230938479304 ], [ 6196355.872782523743808, 8374295.85718671604991 ], [ 6196366.99425488896668, 8374303.09821954369545 ], [ 6196368.872241342440248, 8374310.278773788362741 ], [ 6196368.921969585120678, 8374311.313521590083838 ], [ 6196369.021425977349281, 8374313.383017210289836 ], [ 6196369.319794411770999, 8374319.591504110023379 ], [ 6196375.301172606647015, 8374326.573706419207156 ], [ 6196383.253732259385288, 8374331.893623625859618 ], [ 6196392.215897222049534, 8374336.6574347615242 ], [ 6196398.985349878668785, 8374338.923085110262036 ], [ 6196405.483159625902772, 8374345.869053040631115 ], [ 6196410.872991908341646, 8374351.324125193990767 ], [ 6196419.317662259563804, 8374356.10167841706425 ], [ 6196427.751565109938383, 8374360.879751916974783 ], [ 6196430.856671839952469, 8374361.248228069394827 ], [ 6196434.432337594218552, 8374361.075380271300673 ], [ 6196436.995616041123867, 8374360.951470990665257 ], [ 6196449.284274288453162, 8374360.357431629672647 ], [ 6196450.307431627064943, 8374360.307971457950771 ], [ 6196456.371780161745846, 8374358.459084095433354 ], [ 6196457.405707493424416, 8374358.409102948382497 ], [ 6196461.523201754316688, 8374358.728635718114674 ], [ 6196464.150305769406259, 8374360.157369977794588 ], [ 6196471.08027318585664, 8374365.537990158423781 ], [ 6196478.15889438893646, 8374374.011616164818406 ], [ 6196480.946503100916743, 8374378.555330311879516 ], [ 6196483.783302229829133, 8374384.122548690065742 ], [ 6196491.293526194058359, 8374391.019581076689065 ], [ 6196507.61676147673279, 8374399.576164125464857 ], [ 6196512.325824469327927, 8374401.422831314615905 ], [ 6196519.056340627372265, 8374402.653198873624206 ], [ 6196524.689100787043571, 8374402.380898701958358 ], [ 6196526.735418994911015, 8374402.281974801793694 ], [ 6196530.902653303928673, 8374403.636255154386163 ], [ 6196536.809480673633516, 8374409.066339183598757 ], [ 6196545.735515745356679, 8374413.302036569453776 ], [ 6196551.667213146574795, 8374419.249497777782381 ], [ 6196554.0367924682796, 8374425.876467898488045 ], [ 6196554.628355805762112, 8374427.403606061823666 ], [ 6196561.015978320501745, 8374432.280597683042288 ], [ 6196567.279812196269631, 8374434.581953158602118 ], [ 6196576.697957398369908, 8374438.275281954556704 ], [ 6196579.767439238727093, 8374438.126893020235002 ], [ 6196589.011521367356181, 8374438.198580322787166 ], [ 6196594.152191122993827, 8374438.468639876693487 ], [ 6196602.929042045027018, 8374439.600069113075733 ], [ 6196608.229684115387499, 8374442.973869562149048 ], [ 6196614.568125694990158, 8374446.827351246029139 ], [ 6196624.160351393744349, 8374454.142314553260803 ], [ 6196626.922576373443007, 8374458.157413974404335 ], [ 6196637.676942504942417, 8374468.538948552682996 ], [ 6196645.70472340285778, 8374475.422241073101759 ], [ 6196655.098024438135326, 8374478.598183585330844 ], [ 6196658.783947075717151, 8374480.494308241643012 ], [ 6196669.806080135516822, 8374485.665824023075402 ], [ 6196675.146241925656796, 8374490.086149294860661 ], [ 6196679.448603987693787, 8374494.026793831028044 ], [ 6196680.004535531625152, 8374495.037078198976815 ], [ 6196682.227473437786102, 8374500.633995867334306 ], [ 6196685.916652507148683, 8374511.357108267955482 ], [ 6196688.878365981392562, 8374519.52248817589134 ], [ 6196690.204344348981977, 8374523.302645029500127 ], [ 6196690.879995737224817, 8374525.231568615883589 ], [ 6196692.445204826071858, 8374529.721663842909038 ], [ 6196693.725773277692497, 8374532.557043035514653 ], [ 6196695.899017956107855, 8374537.344674774445593 ], [ 6196702.980586354620755, 8374543.85660333558917 ], [ 6196703.4093137094751, 8374544.241722481325269 ], [ 6196710.314485898241401, 8374549.104975305497646 ], [ 6196724.491518051363528, 8374555.679719640873373 ], [ 6196731.042651267722249, 8374559.241088334470987 ], [ 6196732.738599982112646, 8374560.162438959814608 ], [ 6196735.021585618145764, 8374561.393614180386066 ], [ 6196736.472649281844497, 8374563.059581991285086 ], [ 6196743.715577185153961, 8374571.356200501322746 ], [ 6196743.967242712154984, 8374572.324829073622823 ], [ 6196746.840603286400437, 8374583.143768523819745 ], [ 6196753.058537228964269, 8374590.328772786073387 ], [ 6196759.34487837459892, 8374597.589385692961514 ], [ 6196769.394173692911863, 8374603.856384425424039 ], [ 6196780.466100142337382, 8374610.062669691629708 ], [ 6196793.227916371077299, 8374619.310022013261914 ], [ 6196804.399324833415449, 8374627.585827199742198 ], [ 6196811.970705004408956, 8374635.528372522443533 ], [ 6196878.347333939746022, 8374683.298239985480905 ], [ 6196925.388535453006625, 8374721.608732641674578 ], [ 6196988.091447440907359, 8374813.771298469044268 ], [ 6197002.92274135351181, 8374047.869540361687541 ], [ 6197121.399286789819598, 8374028.37317306920886 ], [ 6197153.652872860431671, 8374030.803691345266998 ], [ 6197156.171938456594944, 8374020.783541277050972 ], [ 6197162.438607685267925, 8373999.353505488485098 ], [ 6197162.726491291075945, 8373998.381315623410046 ], [ 6197176.840645611286163, 8373962.130019264295697 ], [ 6197189.956379012204707, 8373928.463566279038787 ], [ 6197197.673535616137087, 8373908.913645248860121 ], [ 6197200.348350562155247, 8373902.132751361466944 ], [ 6197219.633569844067097, 8373863.872439220547676 ], [ 6197240.836448300629854, 8373838.100725437514484 ], [ 6197273.101026012562215, 8373798.129944324493408 ], [ 6197348.222459373064339, 8373709.050981470383704 ], [ 6197376.56672156881541, 8373682.065245935693383 ], [ 6197446.839904171414673, 8373609.578342167660594 ], [ 6197503.183323957026005, 8373560.786337459459901 ], [ 6197526.556985171511769, 8373538.640502665191889 ], [ 6197560.470085816457868, 8373508.498580477200449 ], [ 6197638.03791621234268, 8373450.786707331426442 ], [ 6197670.705840494483709, 8373423.263896537944674 ], [ 6197674.515632199123502, 8373398.355848141014576 ], [ 6197660.863759454339743, 8373377.348484133370221 ], [ 6197643.488386321812868, 8373373.39837898965925 ], [ 6197604.790826025418937, 8373377.019450975582004 ], [ 6197581.58657771255821, 8373378.233095368370414 ], [ 6197566.976966201327741, 8373368.275378711521626 ], [ 6197572.921532831154764, 8373343.985583396628499 ], [ 6197589.384738037362695, 8373290.190179010853171 ], [ 6197618.021916385740042, 8373212.130140577442944 ], [ 6197632.599853088147938, 8373181.965656587854028 ], [ 6197695.556719110347331, 8373034.712775912135839 ], [ 6197745.18293721973896, 8372903.86574075371027 ], [ 6197765.093224330805242, 8372846.58816219959408 ], [ 6197779.76619468908757, 8372816.170640723779798 ], [ 6197810.271451064385474, 8372759.687429359182715 ], [ 6197867.744509004056454, 8372655.764548065140843 ], [ 6197882.414614281617105, 8372626.19245917443186 ], [ 6197906.583786889910698, 8372638.302171161398292 ], [ 6197927.415306882932782, 8372649.694223648868501 ], [ 6197951.474663836881518, 8372659.9715904770419 ], [ 6197992.68999233096838, 8372667.185439056716859 ], [ 6198018.559796549379826, 8372674.037951225414872 ], [ 6198031.320356709882617, 8372680.567365130409598 ], [ 6198123.989970266819, 8372753.146259299479425 ], [ 6198171.133129617199302, 8372792.880250321701169 ], [ 6198222.2325294688344, 8372809.197973341681063 ], [ 6198284.039619661867619, 8372825.504091250710189 ], [ 6198318.737912068143487, 8372832.097781457938254 ], [ 6198337.820973636582494, 8372835.423327449709177 ], [ 6198362.201147229410708, 8372835.549606763757765 ], [ 6198423.414465713314712, 8372862.380522936582565 ], [ 6198476.562262970022857, 8372888.271948840469122 ], [ 6198544.69305304531008, 8372923.572659880854189 ], [ 6198567.105885584838688, 8372934.617392748594284 ], [ 6198587.708441188558936, 8372939.007892944850028 ], [ 6198627.087543130852282, 8372915.046866417862475 ], [ 6198650.929092269390821, 8372899.065641913563013 ], [ 6198684.032697221264243, 8372885.555432403460145 ], [ 6198708.396326278336346, 8372896.088359940797091 ], [ 6198730.873284382745624, 8372913.838061614893377 ], [ 6198741.03611421957612, 8372920.88789349514991 ], [ 6198735.444167206995189, 8372869.139574145898223 ], [ 6198734.262893106788397, 8372805.880646329373121 ], [ 6198738.751928647048771, 8372776.733291524462402 ], [ 6198753.863867240026593, 8372758.807426006533206 ], [ 6198799.868620574474335, 8372697.860622844658792 ], [ 6198807.503788818605244, 8372675.313928543590009 ], [ 6198822.424972699023783, 8372650.970840086229146 ], [ 6198837.93647881038487, 8372646.712432878091931 ], [ 6198866.548923164606094, 8372624.242134985513985 ], [ 6198915.77928782440722, 8372583.646284628659487 ], [ 6198961.543289309367537, 8372543.026654176414013 ], [ 6199002.221060304902494, 8372503.487801088951528 ], [ 6199036.147041687741876, 8372464.738498279824853 ], [ 6199062.767868978902698, 8372430.300694838166237 ], [ 6199081.640195386484265, 8372413.364431379362941 ], [ 6199132.757720566354692, 8372392.000354897230864 ], [ 6199181.982803894206882, 8372379.296470851637423 ], [ 6199199.349424442276359, 8372379.04029874317348 ], [ 6199220.664741555228829, 8372382.098910724744201 ], [ 6199246.499353118240833, 8372380.383399106562138 ], [ 6199279.634166976436973, 8372373.138733787462115 ], [ 6199342.15329341031611, 8372355.640516866929829 ], [ 6199359.271667409688234, 8372355.38499591499567 ], [ 6199404.850841147825122, 8372365.564280217513442 ], [ 6199444.782865835353732, 8372367.651824273169041 ], [ 6199506.169382765889168, 8372371.877728195860982 ], [ 6199530.768610427156091, 8372369.838526267558336 ], [ 6199586.664576040580869, 8372357.136971343308687 ], [ 6199656.83418217394501, 8372337.124397581443191 ], [ 6199707.431747087277472, 8372325.130592964589596 ], [ 6199724.324178445152938, 8372326.903938791714609 ], [ 6199743.01161777228117, 8372336.57258809171617 ], [ 6199796.638442232273519, 8372373.938483662903309 ], [ 6199829.940064828842878, 8372400.801984755322337 ], [ 6199861.568195089697838, 8372426.314838140271604 ], [ 6199883.174449210986495, 8372440.768852284178138 ], [ 6199918.101123529486358, 8372457.237183796241879 ], [ 6199945.861713447608054, 8372467.694395610131323 ], [ 6199964.050319012254477, 8372476.417622881010175 ], [ 6199987.373469650745392, 8372501.172295638360083 ], [ 6200005.433391374535859, 8372511.254734419286251 ], [ 6200017.684725075028837, 8372511.24637370929122 ], [ 6200068.464345674961805, 8372501.453037071041763 ], [ 6200096.531041391193867, 8372498.343087413348258 ], [ 6200131.103831922635436, 8372493.158421650528908 ], [ 6200157.25229412689805, 8372499.285338627174497 ], [ 6200198.56538696680218, 8372515.443488498218358 ], [ 6200256.665123071521521, 8372537.664316359907389 ], [ 6200282.777726899832487, 8372553.782382868230343 ], [ 6200312.261460251174867, 8372574.663882683962584 ], [ 6200370.845063876360655, 8372591.697282079607248 ], [ 6200412.598414802923799, 8372593.041353639215231 ], [ 6200430.093262716196477, 8372593.871919967234135 ], [ 6200451.640730156563222, 8372611.12485399376601 ], [ 6200514.976280326023698, 8372636.924717194400728 ], [ 6200530.515188718214631, 8372649.339317318052053 ], [ 6200587.714399792253971, 8372702.090947677381337 ], [ 6200655.881365203298628, 8372780.118404822424054 ], [ 6200688.634613582864404, 8372811.698943266645074 ], [ 6200742.494582906365395, 8372850.947655839845538 ], [ 6200771.448901327326894, 8372871.584310300648212 ], [ 6200843.391302904114127, 8372908.17357718013227 ], [ 6200955.567900730296969, 8372962.472690581344068 ], [ 6200990.626704974099994, 8373056.337414777837694 ], [ 6201033.856038477271795, 8373167.845616305246949 ], [ 6201039.21691214852035, 8373193.923823013901711 ], [ 6201046.543492540717125, 8373278.615771688520908 ], [ 6201046.914809007197618, 8373325.445567700080574 ], [ 6201041.010695990175009, 8373433.036818997934461 ], [ 6201045.549538728781044, 8373471.162887870334089 ], [ 6201062.279961185529828, 8373513.62429653480649 ], [ 6201080.326121581718326, 8373553.823225147090852 ], [ 6201077.12666860036552, 8373572.526007451117039 ], [ 6201009.523234220221639, 8373682.920524093322456 ], [ 6200966.827573788352311, 8373745.979444810189307 ], [ 6200931.328095549717546, 8373811.868420692160726 ], [ 6200910.235853215679526, 8373907.883829161524773 ], [ 6200899.029525335878134, 8373959.999415023252368 ], [ 6200901.715816298499703, 8374040.969985384494066 ], [ 6200899.693082521669567, 8374092.132508119568229 ], [ 6200895.627090415917337, 8374172.776739504188299 ], [ 6200900.860192709602416, 8374208.084098350256681 ], [ 6200930.795950380153954, 8374279.49056997615844 ], [ 6200988.414503182284534, 8374416.775581016205251 ], [ 6201013.598262255080044, 8374478.738895701244473 ], [ 6201025.116413404233754, 8374494.844555471092463 ], [ 6201074.604761379770935, 8374546.823036951944232 ], [ 6201089.045107345096767, 8374570.916248941794038 ], [ 6201092.381580983288586, 8374585.479570770636201 ], [ 6201041.832855855114758, 8374682.529230069369078 ], [ 6201005.354715541936457, 8374750.798682939261198 ], [ 6200962.530270868912339, 8374801.86568814329803 ], [ 6200901.650814068503678, 8374860.22358900681138 ], [ 6200857.48784788697958, 8374904.139055212959647 ], [ 6200825.791903674602509, 8374931.450638580136001 ], [ 6200707.637162942439318, 8375026.003654452040792 ], [ 6200582.921010418795049, 8375117.491067731752992 ], [ 6200565.688909159973264, 8375153.954916499555111 ], [ 6200551.332467993721366, 8375188.712114403024316 ], [ 6200544.36082150042057, 8375213.178185809403658 ], [ 6200542.157129602506757, 8375302.536494906060398 ], [ 6200540.32741298340261, 8375383.08228996116668 ], [ 6200505.041797243058681, 8375484.24754754267633 ], [ 6200499.445044435560703, 8375511.71360589005053 ], [ 6200506.384702334180474, 8375543.938918891362846 ], [ 6200561.215457651764154, 8375679.488384580239654 ], [ 6200571.78524169139564, 8375816.202000069431961 ], [ 6200560.494164017029107, 8375860.157150000333786 ], [ 6200530.545238161459565, 8375978.922586756758392 ], [ 6200501.913707477971911, 8376070.361482815816998 ], [ 6200502.449099829420447, 8376089.547782263718545 ], [ 6200511.917732929810882, 8376115.5622797627002 ], [ 6200557.493207958526909, 8376224.174407303333282 ], [ 6200573.513398033566773, 8376267.6406837310642 ], [ 6200572.78965419344604, 8376373.895684543065727 ], [ 6200569.161318596452475, 8376389.123297674581409 ], [ 6200517.164460680447519, 8376496.238033005036414 ], [ 6200488.280406513251364, 8376567.90131981857121 ], [ 6200530.544565765187144, 8376542.50437646638602 ], [ 6200582.429726487025619, 8376514.228501990437508 ], [ 6200601.929176434874535, 8376494.083040421828628 ], [ 6200628.802252278663218, 8376459.362828470766544 ], [ 6200669.041478220373392, 8376410.532908828929067 ], [ 6200732.91435703728348, 8376359.486759179271758 ], [ 6200780.034697297029197, 8376325.544093674048781 ], [ 6200849.065844648517668, 8376285.668870260939002 ], [ 6200882.51588742621243, 8376274.317866367287934 ], [ 6200922.746259353123605, 8376281.129134868271649 ], [ 6200994.079009066335857, 8376328.928522797301412 ], [ 6201030.543415407650173, 8376346.757446248084307 ], [ 6201181.721817023120821, 8376357.076673313044012 ], [ 6201204.46099691092968, 8376350.85579293128103 ], [ 6201281.171848021447659, 8376300.087157767266035 ], [ 6201379.0546815097332, 8376237.918689534068108 ], [ 6201533.208609425462782, 8376142.20640900824219 ], [ 6201655.703706189990044, 8376061.647923314012587 ], [ 6201691.780794219113886, 8376024.855161051265895 ], [ 6201717.3942980626598, 8376010.635296076536179 ], [ 6201764.316962134093046, 8375999.283193602226675 ], [ 6201814.64755823276937, 8375972.183299790136516 ], [ 6201922.963173336349428, 8375903.664155647158623 ], [ 6202073.344324710778892, 8375822.71877630520612 ], [ 6202126.932018524035811, 8375787.285089378245175 ], [ 6202178.775517131201923, 8375755.758158243261278 ], [ 6202258.576099577359855, 8375710.494028398767114 ], [ 6202311.342441454529762, 8375677.963388096541166 ], [ 6202373.345379858277738, 8375620.054241672158241 ], [ 6202435.18023169785738, 8375561.577829502522945 ], [ 6202499.8692836612463, 8375496.93010301887989 ], [ 6202541.617374761030078, 8375464.730286315083504 ], [ 6202560.063859848305583, 8375461.748845912516117 ], [ 6202595.45641546882689, 8375458.474680263549089 ], [ 6202617.111941706389189, 8375458.00970879662782 ], [ 6202859.510126560926437, 8375454.877969417721033 ], [ 6203034.02767582796514, 8375459.641061183996499 ], [ 6203124.88423488009721, 8375462.749524842947721 ], [ 6203225.014791013672948, 8375461.393088117241859 ], [ 6203247.144939403049648, 8375466.508600952103734 ], [ 6203267.852920273318887, 8375478.390987915918231 ], [ 6203357.339519415050745, 8375546.130518268793821 ], [ 6203384.983927441760898, 8375588.977631049230695 ], [ 6203389.242307965643704, 8375595.784343931823969 ], [ 6203419.991949283517897, 8375578.854132305830717 ], [ 6203526.345188420265913, 8375532.418210722506046 ], [ 6203598.126813041046262, 8375456.64124559238553 ], [ 6203632.770206193439662, 8375419.529187802225351 ], [ 6203656.83797849342227, 8375398.153349385596812 ], [ 6203691.450697197578847, 8375374.043709071353078 ], [ 6203717.419838472269475, 8375352.473865829408169 ], [ 6203753.12008342333138, 8375311.994908111169934 ], [ 6203804.158102180808783, 8375265.200086906552315 ], [ 6203865.100909342989326, 8375184.106926307082176 ], [ 6203993.798018075525761, 8375034.454044884070754 ], [ 6204040.198954805731773, 8374971.262479299679399 ], [ 6204090.277268684469163, 8374935.022076482884586 ], [ 6204101.135118660517037, 8374925.811578882858157 ], [ 6204117.124928276054561, 8374918.471447275020182 ], [ 6204141.235603637993336, 8374914.310957401059568 ], [ 6204206.495503875426948, 8374902.703188326209784 ], [ 6204317.797987194731832, 8374877.681492164731026 ], [ 6204358.803842266090214, 8374871.28958491794765 ], [ 6204403.251746010035276, 8374856.600064708851278 ], [ 6204451.135323844850063, 8374837.277950344607234 ], [ 6204483.787573873065412, 8374818.876961277797818 ], [ 6204540.009510576725006, 8374779.550902789458632 ], [ 6204558.865942425094545, 8374775.013988390564919 ], [ 6204588.264248173683882, 8374765.453745049424469 ], [ 6204751.912655165418983, 8374689.744394357316196 ], [ 6204778.690512696281075, 8374677.34562749043107 ], [ 6204907.148937455378473, 8374617.577442608773708 ], [ 6204909.999746488407254, 8374616.254696507006884 ], [ 6204926.232752389274538, 8374608.371911959722638 ], [ 6204930.845086580142379, 8374607.087480200454593 ], [ 6204936.629623590037227, 8374605.486646628938615 ], [ 6204939.7725421609357, 8374604.623287801630795 ], [ 6204941.31267911568284, 8374604.548338461667299 ], [ 6204974.599367970600724, 8374597.267699853517115 ], [ 6204995.429803938604891, 8374589.578335745260119 ], [ 6205031.562282513827085, 8374571.27736296877265 ], [ 6205047.22517529502511, 8374550.273893121629953 ], [ 6205099.814541183412075, 8374428.770430150441825 ], [ 6205129.59136722702533, 8374356.549985169433057 ], [ 6205137.080221685580909, 8374344.660894222557545 ], [ 6205148.205514144152403, 8374334.52304611261934 ], [ 6205172.275420895777643, 8374313.696410433389246 ], [ 6205202.527983902022243, 8374295.929116193205118 ], [ 6205247.828761916607618, 8374271.012789526954293 ], [ 6205263.132442023605108, 8374257.096747129224241 ], [ 6205325.879419040866196, 8374191.163764470256865 ], [ 6205397.492289280518889, 8374136.672837620601058 ], [ 6205470.216915471479297, 8374082.409239542670548 ], [ 6205480.450006784871221, 8374070.126844845712185 ], [ 6205502.730297669768333, 8374052.262174582108855 ], [ 6205519.932817874476314, 8374047.917327675968409 ], [ 6205561.076420283876359, 8374018.094027270562947 ], [ 6205588.222553743049502, 8374015.779473640024662 ], [ 6205611.940318491309881, 8374002.41163133084774 ], [ 6205691.772549044340849, 8373960.295068267732859 ], [ 6205788.105667135678232, 8373908.04833029024303 ], [ 6205837.270687397569418, 8373877.134205837734044 ], [ 6205846.972640517167747, 8373870.831444318406284 ], [ 6205862.880287867039442, 8373846.442921042442322 ], [ 6205885.440473325550556, 8373847.294568963348866 ], [ 6205926.118693528696895, 8373855.574345337226987 ], [ 6205944.25718505308032, 8373862.978937341831625 ], [ 6205972.061038732528687, 8373865.108659900724888 ], [ 6205997.901205531321466, 8373863.917182741686702 ], [ 6206021.815719659440219, 8373859.075623735785484 ], [ 6206047.09075045119971, 8373850.006602038629353 ], [ 6206077.300933605059981, 8373835.848017251119018 ], [ 6206100.866802083328366, 8373831.609738648869097 ], [ 6206145.412017137743533, 8373827.679670846089721 ], [ 6206170.086388100869954, 8373827.60482813604176 ], [ 6206287.948979438282549, 8373821.138640637509525 ], [ 6206316.185409938916564, 8373855.589010546915233 ], [ 6206316.500386891886592, 8373883.03286911174655 ], [ 6206334.877216908149421, 8373896.244559139944613 ], [ 6206355.366008211858571, 8373903.805079492740333 ], [ 6206381.381204099394381, 8373914.468021317385137 ], [ 6206396.182915287092328, 8373917.61453483812511 ], [ 6206411.339748193509877, 8373912.940107910893857 ], [ 6206426.656075901351869, 8373908.438324267044663 ], [ 6206440.320918917655945, 8373914.188815362751484 ], [ 6206446.188096148893237, 8373929.89350762590766 ], [ 6206454.537056459113955, 8373949.807573712430894 ], [ 6206464.408629801124334, 8373962.824885100126266 ], [ 6206477.401431895792484, 8373966.736172396689653 ], [ 6206485.119553312659264, 8373981.651490298099816 ], [ 6206497.689403858035803, 8373990.646741779521108 ], [ 6206518.79497280344367, 8374003.804368395358324 ], [ 6206532.155201431363821, 8374007.94583501573652 ], [ 6206548.17256173864007, 8374004.988613867200911 ], [ 6206569.267137402668595, 8374005.8887013271451 ], [ 6206599.257979632355273, 8374003.242658512666821 ], [ 6206625.360295112244785, 8374004.338389057666063 ], [ 6206657.048862744122744, 8374013.112052982673049 ], [ 6206713.075339952483773, 8374036.024669509381056 ], [ 6206745.972206568345428, 8374051.686027556657791 ], [ 6206795.84060209710151, 8374074.053033385425806 ], [ 6206833.385831916704774, 8374085.833974681794643 ], [ 6206854.884170941077173, 8374084.59412382915616 ], [ 6206885.998179664835334, 8374079.727850412018597 ], [ 6206890.578164014965296, 8374063.524924317374825 ], [ 6206899.853548914194107, 8374058.223536750301719 ], [ 6206905.957660144194961, 8374038.721036985516548 ], [ 6206917.98002765327692, 8374016.595599425956607 ], [ 6206960.894802705384791, 8373981.472412282600999 ], [ 6206974.178265947848558, 8373967.325973370112479 ], [ 6206976.320426542311907, 8373949.606663698330522 ], [ 6206980.273988304659724, 8373915.808068805374205 ], [ 6207006.82914268784225, 8373886.162396125495434 ], [ 6206942.624693071469665, 8373826.16414800286293 ], [ 6206946.432144612073898, 8373718.76701121032238 ] ] ] } },
{ "type": "Feature", "properties": { "lv_id": "LOC_029964", "id": 140544.0, "CD_SETOR": "290660015000001", "SITUACAO": "Urbana", "CD_SIT": "1", "CD_TIPO": "0", "AREA_KM2": 1.3050911842950299, "CD_REGIAO": "2", "NM_REGIAO": "Nordeste", "CD_UF": "29", "NM_UF": "Bahia", "CD_MUN": "2906600", "NM_MUN": "Candiba", "CD_DIST": "290660015", "NM_DIST": "Pilões", "CD_SUBDIST": "29066001500", "NM_SUBDIST": null, "CD_BAIRRO": null, "NM_BAIRRO": null, "CD_NU": null, "NM_NU": null, "CD_FCU": null, "NM_FCU": null, "CD_AGLOM": null, "NM_AGLOM": null, "CD_RGINT": "2905", "NM_RGINT": "Guanambi", "CD_RGI": "290016", "NM_RGI": "Guanambi", "CD_CONCURB": null, "NM_CONCURB": null, "mun_code_x": "2906600", "index_right": 5433, "dist_m": 0.0, "local_id": 317229, "ano": 2022, "cod_localidade_ibge": 2906600, "NR_ZONA": "64", "nr_cep": 46380000.0, "nm_localidade": "CANDIBA", "nm_locvot": "GRUPO ESCOLAR REGINALDO MARTINS PRADO JÚNIOR", "ds_endereco": "DISTRITO DE PILÕES - ZONA RURAL", "ds_bairro": "DISTRITO PILÕES", "pred_long": -42.7697225, "pred_lat": -14.3724091, "pred_dist": 0.0, "tse_long": -42.7696448, "tse_lat": -14.3724413, "long": -42.7696448, "lat": -14.3724413, "ID_UNICO": "LOC_029964", "SG_UF": "BA", "CD_MUNICIPIO": "34312", "NR_LOCAL_VOTACAO": "1090", "QT_SECOES_AGREGADAS": 0, "QT_ELEITORES_TRANSFERIDOS": 0, "CIRO GOMES (PDT) (NÃO ELEITO) 1T": 26.0, "CONSTITUINTE EYMAEL (DC) (NÃO ELEITO) 1T": 0.0, "FELIPE D AVILA (NOVO) (NÃO ELEITO) 1T": 1.0, "JAIR BOLSONARO (PL) (2º TURNO) 1T": 441.0, "LULA (PT) (2º TURNO) 1T": 1359.0, "LÉO PÉRICLES (UP) (NÃO ELEITO) 1T": 0.0, "PADRE KELMON (PTB) (NÃO ELEITO) 1T": 2.0, "SIMONE TEBET (MDB) (NÃO ELEITO) 1T": 22.0, "SOFIA MANZANO (PCB) (NÃO ELEITO) 1T": 0.0, "SORAYA THRONICKE (UNIÃO) (NÃO ELEITO) 1T": 16.0, "VERA (PSTU) (NÃO ELEITO) 1T": 0.0, "Total_Votos_Validos 1T": 1867.0, "Votos_Brancos 1T": 37.0, "Votos_Nulos 1T": 83.0, "Abstenções 1T": 376.0, "Eleitores_Aptos 1T": 2363.0, "JAIR BOLSONARO (PL) (NÃO ELEITO) 2T": 470.0, "LULA (PT) (ELEITO) 2T": 1452.0, "Total_Votos_Validos 2T": 1922.0, "Votos_Brancos 2T": 29.0, "Votos_Nulos 2T": 75.0, "Abstenções 2T": 337.0, "Eleitores_Aptos 2T": 2363.0, "mun_code_y": "2906600", "mun_code": "2906600" }, "geometry": { "type": "Polygon", "coordinates": [ [ [ 6212473.885846830904484, 8376395.29949321039021 ], [ 6212470.265911875292659, 8376389.23923123255372 ], [ 6210098.817126173526049, 8372423.703170130029321 ], [ 6210085.672902064397931, 8372428.66592840384692 ], [ 6208798.826969489455223, 8372957.59950989857316 ], [ 6208796.2763453386724, 8372958.648926605470479 ], [ 6208793.725720959715545, 8372959.69834291189909 ], [ 6206946.432144612073898, 8373718.76701121032238 ], [ 6206942.624693071469665, 8373826.16414800286293 ], [ 6207006.82914268784225, 8373886.162396125495434 ], [ 6207131.831368695944548, 8374446.766067048534751 ], [ 6207113.924184484407306, 8374843.365376530215144 ], [ 6207171.329959748312831, 8375212.46528135612607 ], [ 6207118.63354701269418, 8375316.065029897727072 ], [ 6207040.029222862794995, 8375400.560124307870865 ], [ 6206994.932242594659328, 8375510.859352752566338 ], [ 6206958.727639417164028, 8375524.565473801456392 ], [ 6206904.929844550788403, 8375505.365026615560055 ], [ 6206819.934434012509882, 8375554.66966712102294 ], [ 6206746.925505278632045, 8375570.370964400470257 ], [ 6206656.530635010451078, 8375657.568837192840874 ], [ 6206615.531484690494835, 8375758.464154799468815 ], [ 6206641.129418892785907, 8375878.467437800019979 ], [ 6206710.326375344768167, 8376043.170048077590764 ], [ 6206713.43360411003232, 8376116.96183212287724 ], [ 6206693.673631322570145, 8376154.156720314174891 ], [ 6206689.962872618809342, 8376161.137378656305373 ], [ 6206667.62992587313056, 8376203.171211508102715 ], [ 6206591.425463028252125, 8376243.463154820725322 ], [ 6206520.826867534779012, 8376220.66953038610518 ], [ 6206448.927615275606513, 8376248.865469292737544 ], [ 6206398.525505122728646, 8376325.97130664717406 ], [ 6206381.73368726670742, 8376405.568529486656189 ], [ 6206330.528879377990961, 8376457.170862389728427 ], [ 6206240.729447400197387, 8376482.26710148435086 ], [ 6206196.434025854803622, 8376587.672431017272174 ], [ 6206220.324995556846261, 8376891.264976974576712 ], [ 6206195.625603401102126, 8377063.264229180291295 ], [ 6206114.728887080214918, 8377166.264659009873867 ], [ 6205964.327263861894608, 8377196.774300591088831 ], [ 6205909.63353463076055, 8377282.37339595053345 ], [ 6205923.230128512717783, 8377398.166382546536624 ], [ 6206004.23090090136975, 8377499.665379137732089 ], [ 6206028.730230083689094, 8377708.367303886450827 ], [ 6206158.931381039321423, 8377791.067742832005024 ], [ 6206197.936149265617132, 8377848.171526757068932 ], [ 6206216.629321348853409, 8378005.768736927770078 ], [ 6206344.830419501289725, 8378192.065445458516479 ], [ 6206360.935907907783985, 8378295.671827958896756 ], [ 6206344.027397247031331, 8378613.472534133121371 ], [ 6206476.035497240722179, 8378736.864913400262594 ], [ 6206509.636865304782987, 8378856.672180128283799 ], [ 6206495.928260053507984, 8378941.474644988775253 ], [ 6206529.229244209825993, 8379039.870745630934834 ], [ 6206486.629337946884334, 8379120.269238770008087 ], [ 6206486.834131453186274, 8379220.870968777686357 ], [ 6206437.134799130260944, 8379314.367918972857296 ], [ 6206454.536898335441947, 8379451.370100600644946 ], [ 6206431.13835674058646, 8379589.575840868987143 ], [ 6206331.637068192474544, 8379718.170263538137078 ], [ 6206322.037918136455119, 8379773.869828469119966 ], [ 6206264.130923190154135, 8379859.576616889797151 ], [ 6206262.739066667854786, 8379943.272277485579252 ], [ 6206290.833138834685087, 8380017.06766358204186 ], [ 6206284.736032048240304, 8380187.867561605758965 ], [ 6206188.835948249325156, 8380329.669454957358539 ], [ 6206200.1349156210199, 8380412.568478962406516 ], [ 6206313.930345870554447, 8380516.767994834110141 ], [ 6206329.337751992046833, 8380591.269763159565628 ], [ 6206295.237678133882582, 8380658.870805675163865 ], [ 6206227.831954616121948, 8380714.972974304109812 ], [ 6206277.232154991477728, 8380796.880441108718514 ], [ 6206277.387397810816765, 8380797.188655754551291 ], [ 6206322.109801268205047, 8380883.078386750072241 ], [ 6206327.066706310026348, 8380891.148803961463273 ], [ 6206333.159214706160128, 8380901.047332155518234 ], [ 6206390.638989171013236, 8380904.426644680090249 ], [ 6206397.634146581403911, 8380904.831479187123477 ], [ 6206401.02399567514658, 8380905.039123268797994 ], [ 6206454.156612466089427, 8380988.874614347703755 ], [ 6206529.484488559886813, 8381107.73023241199553 ], [ 6206621.874635522253811, 8381188.319282951764762 ], [ 6206737.284196726046503, 8381288.99191090092063 ], [ 6206753.148454625159502, 8381468.786941402591765 ], [ 6206730.527641595341265, 8381498.155512811616063 ], [ 6206730.222893882542849, 8381498.553710923530161 ], [ 6206894.358161563053727, 8381654.792450349777937 ], [ 6206920.032783293165267, 8381709.107985942624509 ], [ 6206920.489921828731894, 8381710.078172963112593 ], [ 6206902.041069482453167, 8381716.916201737709343 ], [ 6206900.089163677766919, 8381717.642409604974091 ], [ 6206898.282296645455062, 8381721.823584785684943 ], [ 6206895.095920637249947, 8381729.19538686145097 ], [ 6206893.483355066739023, 8381732.927334845997393 ], [ 6206893.822143520228565, 8381734.354339212179184 ], [ 6206896.118712154217064, 8381744.132745911367238 ], [ 6206895.079686433076859, 8381747.44217601697892 ], [ 6206890.634639721363783, 8381761.629893392324448 ], [ 6206890.446845614351332, 8381762.214125479571521 ], [ 6206889.014296322129667, 8381761.618290806189179 ], [ 6206864.037119898013771, 8381751.316379680298269 ], [ 6206849.889982551336288, 8381745.473420093767345 ], [ 6206846.848715738393366, 8381744.211358042433858 ], [ 6206846.132870297878981, 8381744.37013269867748 ], [ 6206825.427215320058167, 8381748.971973204985261 ], [ 6206822.95919072907418, 8381749.520227121189237 ], [ 6206804.535182559862733, 8381767.622516157105565 ], [ 6206802.442055554129183, 8381769.67495428584516 ], [ 6206794.792209517210722, 8381777.195587500929832 ], [ 6206791.584002282470465, 8381782.324313291348517 ], [ 6206773.557919305749238, 8381811.142792588099837 ], [ 6206769.717633173801005, 8381817.271978772245347 ], [ 6206769.224614443257451, 8381818.468686208128929 ], [ 6206757.721387078985572, 8381845.955781796947122 ], [ 6206767.981560327112675, 8381864.797855067066848 ], [ 6206772.47499364707619, 8381865.718848063610494 ], [ 6206787.5159648116678, 8381868.823361358605325 ], [ 6206790.221086449921131, 8381873.191600944846869 ], [ 6206791.556130971759558, 8381875.348378472961485 ], [ 6206807.285092649050057, 8381900.781509631313384 ], [ 6206813.105680113658309, 8381931.239861921407282 ], [ 6206804.979205748066306, 8381947.241216070950031 ], [ 6206796.46133007761091, 8381957.589291023090482 ], [ 6206785.21195703279227, 8381966.829397553578019 ], [ 6206768.696813073009253, 8381980.407121382653713 ], [ 6206754.824209921993315, 8381998.175674398429692 ], [ 6206744.415993318893015, 8382040.540082572028041 ], [ 6206733.671154338866472, 8382060.694167639128864 ], [ 6206731.445796802639961, 8382079.938862045295537 ], [ 6206750.736301170662045, 8382101.748626795597374 ], [ 6206758.472439549863338, 8382123.115148831158876 ], [ 6206731.37230836506933, 8382167.112233996391296 ], [ 6206720.786334227770567, 8382184.29275125451386 ], [ 6206670.845330840907991, 8382195.781191437505186 ], [ 6206659.151344493031502, 8382219.995706067420542 ], [ 6206657.099796081893146, 8382224.256326501257718 ], [ 6206646.005493202246726, 8382245.678921004757285 ], [ 6206638.0336001701653, 8382261.086161725223064 ], [ 6206621.607070617377758, 8382276.734202058985829 ], [ 6206608.165697917342186, 8382283.294990941882133 ], [ 6206585.820100163109601, 8382282.337395560927689 ], [ 6206583.179416373372078, 8382282.21734774671495 ], [ 6206562.208568682894111, 8382284.68886969704181 ], [ 6206537.3206802662462, 8382303.351995822973549 ], [ 6206527.433296393603086, 8382307.473774570971727 ], [ 6206510.46707209944725, 8382296.467076446861029 ], [ 6206496.287035894580185, 8382290.839614586904645 ], [ 6206466.372628957033157, 8382304.468828933313489 ], [ 6206454.468761247582734, 8382320.077818753197789 ], [ 6206433.555024028755724, 8382353.760365414433181 ], [ 6206431.800853310152888, 8382356.574370240792632 ], [ 6206413.936286680400372, 8382412.076043353416026 ], [ 6206400.002019502222538, 8382445.386286132968962 ], [ 6206390.530076286755502, 8382444.909476700238883 ], [ 6206380.316640285775065, 8382454.144005278125405 ], [ 6206373.448221256956458, 8382471.391973791643977 ], [ 6206375.187213998287916, 8382507.03221339173615 ], [ 6206384.867877012118697, 8382524.165872065350413 ], [ 6206386.707833494991064, 8382551.817334392108023 ], [ 6206381.628502499312162, 8382599.92178510222584 ], [ 6206387.967951067723334, 8382630.636672557331622 ], [ 6206381.84359070751816, 8382646.968957848846912 ], [ 6206396.672448382712901, 8382679.95623829215765 ], [ 6206408.192839912138879, 8382735.273863788694143 ], [ 6206402.532232988625765, 8382862.771783675067127 ], [ 6206394.524300913326442, 8382880.582339873537421 ], [ 6206376.119269877672195, 8382903.373573782853782 ], [ 6206330.935096745379269, 8382992.57385515421629 ], [ 6206318.119161106646061, 8383021.995423901826143 ], [ 6206306.947726883925498, 8383033.993798580020666 ], [ 6206300.228008511476219, 8383045.596035474911332 ], [ 6206282.659451094456017, 8383055.71667281165719 ], [ 6206274.841440530493855, 8383060.211440670304 ], [ 6206256.316273768432438, 8383070.874564819969237 ], [ 6206251.706053359434009, 8383070.894952233880758 ], [ 6206231.874251786619425, 8383071.021330047398806 ], [ 6206202.899866731837392, 8383083.791928036138415 ], [ 6206188.691747652366757, 8383100.008160699158907 ], [ 6206183.184701830148697, 8383106.296664216555655 ], [ 6206137.561238999478519, 8383143.351563954725862 ], [ 6206105.063504197634757, 8383169.745583577081561 ], [ 6206104.070468506775796, 8383176.93175732716918 ], [ 6206101.793501483276486, 8383193.336700272746384 ], [ 6206101.716100011020899, 8383193.97193755954504 ], [ 6206102.140627757646143, 8383196.060091801919043 ], [ 6206113.724552806466818, 8383252.276505053974688 ], [ 6206108.221710258163512, 8383304.629535336978734 ], [ 6206095.48072812333703, 8383320.819607699289918 ], [ 6206063.137954942882061, 8383331.824628078378737 ], [ 6206043.11204759310931, 8383344.296646926552057 ], [ 6206039.725740173831582, 8383346.411499951034784 ], [ 6205978.8175732139498, 8383395.741751600056887 ], [ 6205973.758191416040063, 8383406.846062987111509 ], [ 6205971.872696092352271, 8383410.974369267001748 ], [ 6205979.324802985414863, 8383426.01719992980361 ], [ 6205981.059822065755725, 8383429.53038576617837 ], [ 6205992.75779643189162, 8383433.170011308975518 ], [ 6205999.226082445122302, 8383435.1797233838588 ], [ 6206008.862108130939305, 8383448.03064102306962 ], [ 6206012.046450544148684, 8383452.262997128069401 ], [ 6206021.185615057125688, 8383464.438837265595794 ], [ 6206022.214581157080829, 8383470.782800855115056 ], [ 6206024.976101979613304, 8383487.766844771802425 ], [ 6206025.587425472214818, 8383491.492325734347105 ], [ 6206023.484853794798255, 8383497.841349990107119 ], [ 6206022.844288436695933, 8383499.789382182061672 ], [ 6206010.569554258137941, 8383536.885946189984679 ], [ 6206009.86277262121439, 8383539.028883934952319 ], [ 6206012.227903064340353, 8383571.334371437318623 ], [ 6206012.246316933073103, 8383571.716881727799773 ], [ 6206012.736071104183793, 8383578.301211254671216 ], [ 6206030.249494626186788, 8383607.178061237558722 ], [ 6206024.752320570871234, 8383617.266120322048664 ], [ 6206013.223361154086888, 8383673.000448853708804 ], [ 6206012.495777925476432, 8383714.646060757339001 ], [ 6206011.504050937481225, 8383770.997767101041973 ], [ 6206019.220308283343911, 8383797.811856368556619 ], [ 6206019.804245410487056, 8383799.847187234088778 ], [ 6206049.28746978007257, 8383852.817644905298948 ], [ 6206050.386947467923164, 8383854.79418676532805 ], [ 6206054.324837290681899, 8383858.527756718918681 ], [ 6206059.462741901166737, 8383863.409814216196537 ], [ 6206060.691997204907238, 8383865.165818804875016 ], [ 6206063.207086930982769, 8383868.731471443548799 ], [ 6206076.146867036819458, 8383887.173585318960249 ], [ 6206076.9335732832551, 8383890.056119436398149 ], [ 6206077.103963116183877, 8383890.679355972446501 ], [ 6206080.342452100478113, 8383902.543351721949875 ], [ 6206079.538256454281509, 8383907.374820185825229 ], [ 6206077.363989068195224, 8383920.538329451344907 ], [ 6206077.413386527448893, 8383933.007794167846441 ], [ 6206077.449482224881649, 8383939.591547428630292 ], [ 6206078.044998206198215, 8383940.521220857277513 ], [ 6206086.327213675715029, 8383953.291230249218643 ], [ 6206088.392380863428116, 8383956.483993975445628 ], [ 6206112.624886777251959, 8383970.590467024594545 ], [ 6206130.030361901968718, 8383972.318800784647465 ], [ 6206154.026340989395976, 8383949.201488223858178 ], [ 6206166.959039319306612, 8383936.757447280921042 ], [ 6206220.258879283443093, 8383910.157475145533681 ], [ 6206300.581267273053527, 8383940.142883417196572 ], [ 6206311.787230149842799, 8383938.044058540835977 ], [ 6206318.712172525934875, 8383936.750200854614377 ], [ 6206333.790255271829665, 8383929.614901370368898 ], [ 6206350.958311159163713, 8383921.476243503391743 ], [ 6206362.457004639320076, 8383916.036601603962481 ], [ 6206391.969942370429635, 8383918.689477425068617 ], [ 6206398.93599087651819, 8383924.306190986186266 ], [ 6206400.860124859958887, 8383925.690248562023044 ], [ 6206434.610703224316239, 8383926.412533213384449 ], [ 6206440.783413298428059, 8383926.542098112404346 ], [ 6206441.964370916597545, 8383926.845756839029491 ], [ 6206453.127973217517138, 8383929.699370909482241 ], [ 6206465.987053444609046, 8383933.000871599651873 ], [ 6206485.318777209147811, 8383937.951028430834413 ], [ 6206503.716047877445817, 8383939.64236453641206 ], [ 6206562.619219432584941, 8383971.555553032085299 ], [ 6206562.727683703415096, 8383988.611965034157038 ], [ 6206587.237573642283678, 8384042.342476778663695 ], [ 6206606.327172510325909, 8384062.448999065905809 ], [ 6206624.081917365081608, 8384105.523222006857395 ], [ 6206639.114518407732248, 8384130.190362301655114 ], [ 6206614.99736210796982, 8384184.212409717030823 ], [ 6206589.976833272725344, 8384220.370671219192445 ], [ 6206565.055969529785216, 8384267.575195381417871 ], [ 6206559.973205165937543, 8384297.941402234137058 ], [ 6206559.695634202100337, 8384299.578688490204513 ], [ 6206560.215430771000683, 8384301.402897295542061 ], [ 6206562.542115699499846, 8384309.578607762232423 ], [ 6206562.30489191878587, 8384330.226461995393038 ], [ 6206564.430617057718337, 8384340.509372239001095 ], [ 6206566.854090308770537, 8384352.266390710137784 ], [ 6206571.686231035739183, 8384364.030821363441646 ], [ 6206577.434769950807095, 8384378.006221964024007 ], [ 6206599.874996172264218, 8384403.329677872359753 ], [ 6206604.305705820210278, 8384408.324976207688451 ], [ 6206609.318951668217778, 8384413.979947284795344 ], [ 6206648.492303209379315, 8384445.901977267116308 ], [ 6206663.815216802060604, 8384455.512040712870657 ], [ 6206707.93532152287662, 8384483.180031042546034 ], [ 6206738.923505459912121, 8384509.510494383051991 ], [ 6206788.035054616630077, 8384543.274334949441254 ], [ 6206823.355606304481626, 8384589.828570257872343 ], [ 6206857.757056087255478, 8384619.083646710962057 ], [ 6206896.929701738059521, 8384708.190544562414289 ], [ 6206903.593059059232473, 8384741.168306064791977 ], [ 6206915.913154472596943, 8384759.065703637897968 ], [ 6206909.601921408437192, 8384780.966411301866174 ], [ 6206893.988823373802006, 8384811.77511992584914 ], [ 6206888.202104279771447, 8384817.874147453345358 ], [ 6206876.999756198376417, 8384829.704643122851849 ], [ 6206872.942352902144194, 8384861.859548703767359 ], [ 6206873.607539271935821, 8384865.582515567541122 ], [ 6206877.453540716320276, 8384887.14924603048712 ], [ 6206882.007135512307286, 8384896.491498664952815 ], [ 6206893.235349461436272, 8384919.527652388438582 ], [ 6206893.42778093740344, 8384919.935577151365578 ], [ 6206893.51132667157799, 8384920.100684161297977 ], [ 6206925.055316041223705, 8384953.035338568501174 ], [ 6206929.501634875312448, 8384957.680366666987538 ], [ 6206947.723029617220163, 8384981.731180576607585 ], [ 6206956.095682745799422, 8384992.783051019534469 ], [ 6206950.456264618784189, 8385006.65594417322427 ], [ 6206933.919520629569888, 8385006.836368860676885 ], [ 6206926.611457824707031, 8385006.90827523637563 ], [ 6206911.785525622777641, 8385028.273916433565319 ], [ 6206896.123620695434511, 8385057.179074209183455 ], [ 6206889.466136733070016, 8385103.533275899477303 ], [ 6206886.456845077686012, 8385124.484650172293186 ], [ 6206875.490847703069448, 8385157.165653442963958 ], [ 6206867.268639143556356, 8385164.724443078041077 ], [ 6206858.849822765216231, 8385172.461895374581218 ], [ 6206848.572409658692777, 8385192.073547773994505 ], [ 6206847.850269955582917, 8385193.450441369786859 ], [ 6206836.718363283202052, 8385236.153169455006719 ], [ 6206842.956064088270068, 8385254.908987417817116 ], [ 6206858.404740784317255, 8385257.251031158491969 ], [ 6206869.943075679242611, 8385256.884216988459229 ], [ 6206918.737886359915137, 8385255.322871100157499 ], [ 6206940.677847485989332, 8385263.958856577984989 ], [ 6206954.141598255373538, 8385354.998885920271277 ], [ 6206957.326874700374901, 8385376.530015722848475 ], [ 6206983.001341721974313, 8385414.29375290311873 ], [ 6207013.136483233422041, 8385441.737560756504536 ], [ 6207017.123573911376297, 8385445.367410104721785 ], [ 6207017.83487962372601, 8385446.009589023888111 ], [ 6207037.924361699260771, 8385452.321977518498898 ], [ 6207057.588241271674633, 8385444.852098080329597 ], [ 6207113.494178308174014, 8385414.878318351693451 ], [ 6207130.36095460690558, 8385405.840945417992771 ], [ 6207163.41786552593112, 8385401.534145837649703 ], [ 6207215.275202983990312, 8385390.892893666401505 ], [ 6207216.686666525900364, 8385390.599019556306303 ], [ 6207266.444291749969125, 8385388.167399737983942 ], [ 6207292.471550740301609, 8385401.612344196997583 ], [ 6207310.197184283286333, 8385437.122231410816312 ], [ 6207334.723691176623106, 8385462.243830629624426 ], [ 6207358.703211111947894, 8385480.039354375563562 ], [ 6207412.230777459219098, 8385497.588287521153688 ], [ 6207420.798015779815614, 8385510.435189674608409 ], [ 6207444.066870895214379, 8385532.088025755248964 ], [ 6207503.488995580002666, 8385575.164559301920235 ], [ 6207512.253005435690284, 8385590.528008880093694 ], [ 6207519.954780315980315, 8385613.216566623188555 ], [ 6207557.847724365070462, 8385673.698581210337579 ], [ 6207585.245296102017164, 8385691.148245855234563 ], [ 6207603.171402648091316, 8385712.642618673853576 ], [ 6207624.043801555410028, 8385728.930951846763492 ], [ 6207620.169734782539308, 8385751.435795206576586 ], [ 6207624.89819881785661, 8385794.251307673752308 ], [ 6207630.889333877712488, 8385900.777352740988135 ], [ 6207629.317761858925223, 8385925.347167123109102 ], [ 6207613.64875016734004, 8385942.897266067564487 ], [ 6207616.459658812731504, 8385961.582548475824296 ], [ 6207609.69585270434618, 8386001.695360789075494 ], [ 6207633.158187698572874, 8386072.473172928206623 ], [ 6207652.239302026107907, 8386104.726509723812342 ], [ 6207648.262289037927985, 8386121.507559950463474 ], [ 6207658.871461191214621, 8386159.279540041461587 ], [ 6207680.630454888567328, 8386196.906499397009611 ], [ 6207692.751233094371855, 8386210.878432653844357 ], [ 6207695.762694422155619, 8386251.239830081351101 ], [ 6207697.308986288495362, 8386272.151575159281492 ], [ 6207697.506225375458598, 8386274.679364502429962 ], [ 6207693.479214830324054, 8386324.989509168080986 ], [ 6207700.192736331373453, 8386373.606950912624598 ], [ 6207707.371673638932407, 8386398.452405730262399 ], [ 6207698.155217286199331, 8386419.028036692179739 ], [ 6207678.866116784512997, 8386431.610834342427552 ], [ 6207672.425996858626604, 8386435.813116054981947 ], [ 6207658.400972518138587, 8386507.300419250503182 ], [ 6207661.017875311896205, 8386553.612592570483685 ], [ 6207721.214643454179168, 8386636.337190794758499 ], [ 6207722.915356004610658, 8386637.788563005626202 ], [ 6207752.991443916223943, 8386663.307730392552912 ], [ 6207759.525363159365952, 8386685.748630766756833 ], [ 6207761.46428676135838, 8386692.375926233828068 ], [ 6207772.885093847289681, 8386703.246880417689681 ], [ 6207774.741589402779937, 8386705.017750852741301 ], [ 6207774.867306215688586, 8386705.834892777726054 ], [ 6207776.809889627620578, 8386719.273364114575088 ], [ 6207793.920358709059656, 8386737.954635906033218 ], [ 6207806.432280801236629, 8386775.995665855705738 ], [ 6207808.638762233778834, 8386776.734665248543024 ], [ 6207815.181695827282965, 8386778.932811476290226 ], [ 6207826.770641173236072, 8386804.523525904864073 ], [ 6207852.914902910590172, 8386837.664690623059869 ], [ 6207949.116852075792849, 8386938.472558446228504 ], [ 6207987.975284971296787, 8386987.361652568913996 ], [ 6207992.963623744435608, 8387017.86172127071768 ], [ 6207993.332114525139332, 8387020.133147514425218 ], [ 6207993.360702169127762, 8387020.27836683858186 ], [ 6208012.38835041411221, 8387048.723219021223485 ], [ 6208028.214549759402871, 8387072.361074001528323 ], [ 6208033.01951565220952, 8387131.829774838872254 ], [ 6208033.660784052684903, 8387139.771687064319849 ], [ 6208037.495400195941329, 8387149.882160939276218 ], [ 6208048.0703737847507, 8387177.743736589327455 ], [ 6208055.638784590177238, 8387197.665093987248838 ], [ 6208067.318319900892675, 8387215.707221174612641 ], [ 6208076.885624804534018, 8387230.479696384631097 ], [ 6208078.481762401759624, 8387231.552728749811649 ], [ 6208095.089787082746625, 8387242.702847738750279 ], [ 6208112.735689977183938, 8387254.547036967240274 ], [ 6208123.064523365348577, 8387260.227102499455214 ], [ 6208164.413845344446599, 8387282.979547678492963 ], [ 6208189.143175409175456, 8387296.578510125167668 ], [ 6208208.004345602355897, 8387306.965516403317451 ], [ 6208214.385181084275246, 8387336.101516138762236 ], [ 6208211.344125446863472, 8387350.570733054541051 ], [ 6208207.720126778818667, 8387367.740853413008153 ], [ 6208213.884886488318443, 8387386.997207315638661 ], [ 6208220.209537443704903, 8387395.656530653126538 ], [ 6208238.480195228941739, 8387410.831141478382051 ], [ 6208300.40333816409111, 8387483.831813829019666 ], [ 6208311.439729451201856, 8387492.093991000205278 ], [ 6208360.201660327613354, 8387571.93418403621763 ], [ 6208366.936504328623414, 8387603.714623052626848 ], [ 6208386.912771864794195, 8387639.748653966002166 ], [ 6208400.900038248859346, 8387652.097050357609987 ], [ 6208475.330394572578371, 8387687.582346929237247 ], [ 6208478.712665480561554, 8387688.512570027261972 ], [ 6208480.278524405322969, 8387688.95555062033236 ], [ 6208562.821255549788475, 8387711.879980692639947 ], [ 6208603.881598157808185, 8387754.652599668130279 ], [ 6208615.071025389246643, 8387772.15482997149229 ], [ 6208611.694795805029571, 8387784.148146543651819 ], [ 6208608.330416843295097, 8387796.163441020995378 ], [ 6208628.551025085151196, 8387817.288476809859276 ], [ 6208629.165405315347016, 8387817.935385229066014 ], [ 6208659.130901351571083, 8387858.865516207180917 ], [ 6208668.26678310893476, 8387895.424395304173231 ], [ 6208669.062681290321052, 8387898.272882163524628 ], [ 6208698.617422243580222, 8387958.056160640902817 ], [ 6208724.455241736024618, 8387991.765656694769859 ], [ 6208724.841162094846368, 8387992.378514064475894 ], [ 6208745.384224696084857, 8388019.081628809683025 ], [ 6208750.232468357309699, 8388044.198560571298003 ], [ 6208749.991160986945033, 8388044.571113823913038 ], [ 6208707.729467869736254, 8388110.434765513055027 ], [ 6208705.569000124931335, 8388113.798462308943272 ], [ 6208698.974778275005519, 8388128.056352923624218 ], [ 6208697.77161786146462, 8388130.663252575322986 ], [ 6208696.288371716625988, 8388133.734798568300903 ], [ 6208689.668695382773876, 8388147.463874007575214 ], [ 6208676.688028463162482, 8388170.195553401485085 ], [ 6208628.462734245695174, 8388260.525873861275613 ], [ 6208594.775625063106418, 8388296.280787075869739 ], [ 6208589.535993439145386, 8388306.14253834541887 ], [ 6208560.536925370804965, 8388360.774279106408358 ], [ 6208557.1174046844244, 8388381.757594302296638 ], [ 6208543.247382696717978, 8388407.791167336516082 ], [ 6208543.422467141412199, 8388415.924906091764569 ], [ 6208543.615446591749787, 8388424.655475873500109 ], [ 6208535.518607361242175, 8388435.749280210584402 ], [ 6208526.357329441234469, 8388448.29294696636498 ], [ 6208526.129621921107173, 8388449.397858211770654 ], [ 6208503.346485489979386, 8388555.818381004035473 ], [ 6208510.571534449234605, 8388700.257923854514956 ], [ 6208512.517946574836969, 8388739.39744127355516 ], [ 6208552.647042959928513, 8388745.497465081512928 ], [ 6208590.284017901867628, 8388751.210491893813014 ], [ 6209490.922058545053005, 8388887.909546108916402 ], [ 6209508.320910800248384, 8388890.552337292581797 ], [ 6210251.541534387506545, 8389003.340474929660559 ], [ 6210270.790442315861583, 8389006.265491597354412 ], [ 6213183.277608033269644, 8389448.10320838727057 ], [ 6213205.512789004482329, 8389350.330246157944202 ], [ 6213255.516672447323799, 8389224.963500175625086 ], [ 6213263.401897388510406, 8389121.062718696892262 ], [ 6213229.031594079919159, 8389021.445929599925876 ], [ 6213272.597094993107021, 8388831.412905711680651 ], [ 6213256.554160666652024, 8388676.903059111908078 ], [ 6213289.797466368414462, 8388433.750159781426191 ], [ 6213295.482605243101716, 8388313.871888467110693 ], [ 6213324.516468890011311, 8388092.115730918012559 ], [ 6213404.110498826950788, 8387933.693594187498093 ], [ 6213492.723656749352813, 8387712.684587281197309 ], [ 6213641.364329979754984, 8387596.720544123090804 ], [ 6213844.901663017459214, 8387554.672038870863616 ], [ 6213924.242200680077076, 8387510.526340341195464 ], [ 6214082.668570199981332, 8387422.347467276267707 ], [ 6214328.13820166233927, 8387316.477813519537449 ], [ 6214432.926458627916873, 8387259.192002898082137 ], [ 6214706.854330458678305, 8387117.597437142394483 ], [ 6214917.413332648575306, 8387012.705830035731196 ], [ 6215101.277592968195677, 8386951.273798472248018 ], [ 6215221.773526853881776, 8386918.901603238657117 ], [ 6215449.126678941771388, 8386980.114602437242866 ], [ 6215577.972667049616575, 8386987.264604883268476 ], [ 6215743.265035067684948, 8386912.146154241636395 ], [ 6215954.488977886736393, 8386815.973770779557526 ], [ 6216223.110689890570939, 8386631.104396703653038 ], [ 6216441.993577603250742, 8386480.869455698877573 ], [ 6216590.125434067100286, 8386355.545875431038439 ], [ 6216670.612223362550139, 8386319.417224893346429 ], [ 6216821.337143510580063, 8386247.647085670381784 ], [ 6216861.320827769115567, 8386224.231082128360868 ], [ 6216971.012185028754175, 8386154.460142261348665 ], [ 6217017.649558553472161, 8386067.786112932488322 ], [ 6217072.870887788943946, 8386042.554583572782576 ], [ 6217188.969184302724898, 8386040.35464055929333 ], [ 6217223.806862357072532, 8386005.716391829773784 ], [ 6217241.327648489736021, 8385956.310700001195073 ], [ 6217253.964972399175167, 8385908.880373297259212 ], [ 6217271.748392871581018, 8385864.673302861861885 ], [ 6217286.296448737382889, 8385822.349932129494846 ], [ 6217291.79234179481864, 8385773.767598013393581 ], [ 6217299.972343929111958, 8385730.42376979906112 ], [ 6217308.152255995199084, 8385687.079916924238205 ], [ 6217262.975528746843338, 8385603.394983921200037 ], [ 6217271.112892688252032, 8385550.938617770560086 ], [ 6217274.714396011084318, 8385527.660497606731951 ], [ 6217286.464324197731912, 8385451.936677886173129 ], [ 6217226.160124365240335, 8385374.348531029187143 ], [ 6217165.856644289568067, 8385296.771774982102215 ], [ 6217151.193173998035491, 8385206.22880363278091 ], [ 6217136.518761022947729, 8385115.68642318341881 ], [ 6217114.184337402693927, 8385079.190171950496733 ], [ 6217091.861255183815956, 8385042.704677267000079 ], [ 6217065.889510877430439, 8384931.236022669821978 ], [ 6217039.928902844898403, 8384819.778233535587788 ], [ 6217013.696867266669869, 8384702.953079882077873 ], [ 6216987.475394570268691, 8384586.127546595409513 ], [ 6216980.198470170609653, 8384436.171773201785982 ], [ 6216972.92088445276022, 8384286.216047495603561 ], [ 6216927.733098644763231, 8384202.533696513622999 ], [ 6216882.556155218742788, 8384118.850962027907372 ], [ 6216880.666251799091697, 8383974.001984406262636 ], [ 6216878.775672873482108, 8383829.153009044006467 ], [ 6216848.724066231399775, 8383739.362626393325627 ], [ 6216818.661084728315473, 8383649.561636664904654 ], [ 6216806.252276628278196, 8383499.857177220284939 ], [ 6216793.842870115302503, 8383350.152806987054646 ], [ 6216796.630891250446439, 8383301.702907996252179 ], [ 6216799.418823821470141, 8383253.252999196760356 ], [ 6216782.213239103555679, 8383216.518727029673755 ], [ 6216765.018433721736073, 8383179.783953903242946 ], [ 6216752.160873412154615, 8383126.7289994424209 ], [ 6216739.303273458965123, 8383073.674077245406806 ], [ 6216709.250803925096989, 8382983.884533585049212 ], [ 6216679.187506323680282, 8382894.095636644400656 ], [ 6216670.937782662920654, 8382830.076866932213306 ], [ 6216662.687964452430606, 8382766.058123162947595 ], [ 6216650.361231407150626, 8382723.71632022690028 ], [ 6216644.192744441330433, 8382702.551317765377462 ], [ 6216638.02370631787926, 8382681.375067711807787 ], [ 6216688.255241575650871, 8382657.442735127173364 ], [ 6216713.366128293797374, 8382645.488023676909506 ], [ 6216738.487214994616807, 8382633.521490773186088 ], [ 6216763.337281160056591, 8382616.198714514262974 ], [ 6216788.19862518273294, 8382598.886616729199886 ], [ 6216891.262863501906395, 8382604.576981882564723 ], [ 6216994.316940612159669, 8382610.278765978291631 ], [ 6217097.121566289104521, 8382610.622884153388441 ], [ 6217199.926215402781963, 8382610.966610442847013 ], [ 6217234.511888789013028, 8382582.428108433261514 ], [ 6217269.108780571259558, 8382553.900230042636395 ], [ 6217313.690998082980514, 8382519.514464298263192 ], [ 6217358.272512805648148, 8382485.117279345169663 ], [ 6217345.933573642745614, 8382442.775547890923917 ], [ 6217333.594616220332682, 8382400.433840434998274 ], [ 6217337.941730053164065, 8382384.112626950256526 ], [ 6217342.289376527070999, 8382367.802662201225758 ], [ 6217321.437562889419496, 8382256.084488240070641 ], [ 6217300.585518204607069, 8382144.366427443921566 ], [ 6217299.804276751354337, 8382128.296008938923478 ], [ 6217299.023574796505272, 8382112.236844787374139 ], [ 6217357.165951437316835, 8382039.600226320326328 ], [ 6217415.308374758809805, 8381966.974482759833336 ], [ 6217448.06951209064573, 8381900.94831420481205 ], [ 6217480.830336671322584, 8381834.921975007280707 ], [ 6217579.204007635824382, 8381744.217997656203806 ], [ 6217677.576722960919142, 8381653.513126950711012 ], [ 6217707.031596340239048, 8381625.223577179014683 ], [ 6217736.497700097970665, 8381596.944671971723437 ], [ 6217771.341076992452145, 8381573.760844928212464 ], [ 6217806.184922438114882, 8381550.588178481906652 ], [ 6217834.608239058405161, 8381500.881483180448413 ], [ 6217863.020043270662427, 8381451.163946058601141 ], [ 6217838.338534505106509, 8381366.480405426584184 ], [ 6217813.667725815437734, 8381281.796433441340923 ], [ 6217825.652780482545495, 8381211.415642921812832 ], [ 6217837.648925149813294, 8381141.045520462095737 ], [ 6217780.645694499835372, 8381025.726883707568049 ], [ 6217723.642544635571539, 8380910.408505313098431 ], [ 6217704.535116458311677, 8380728.821860421448946 ], [ 6217685.416092347353697, 8380547.235912771895528 ], [ 6217666.11304422467947, 8380508.732540708966553 ], [ 6217655.348719202913344, 8380487.251017605885863 ], [ 6217617.11441982164979, 8380411.004555258899927 ], [ 6217548.812323045916855, 8380274.762307167984545 ], [ 6217558.981568730436265, 8380166.905906691215932 ], [ 6217569.149793552234769, 8380059.038176069967449 ], [ 6217534.993150402791798, 8379990.917645025998354 ], [ 6217500.847858726046979, 8379922.807930927723646 ], [ 6217465.919550376012921, 8379838.616589989513159 ], [ 6217430.981015538796782, 8379754.43715403508395 ], [ 6217385.276202688924968, 8379660.046095722354949 ], [ 6217339.571437052451074, 8379565.655208304524422 ], [ 6217348.262145871296525, 8379533.023233980871737 ], [ 6217356.952249078080058, 8379500.379985600709915 ], [ 6217353.56198663264513, 8379430.764051736332476 ], [ 6217350.171033527702093, 8379361.136874401941895 ], [ 6217341.913239330984652, 8379297.117755480110645 ], [ 6217333.655898700468242, 8379233.109916314482689 ], [ 6217304.887625630944967, 8379170.095890626311302 ], [ 6217276.130136981606483, 8379107.08141059614718 ], [ 6217258.399748424068093, 8379059.635359174571931 ], [ 6217240.669351833872497, 8379012.189344207756221 ], [ 6217232.161042815074325, 8378942.813158216886222 ], [ 6217225.367963192053139, 8378852.348442263901234 ], [ 6212473.885846830904484, 8376395.29949321039021 ] ] ] } },
{ "type": "Feature", "properties": { "lv_id": "LOC_029966", "id": 140526.0, "CD_SETOR": "290660005000010", "SITUACAO": "Rural", "CD_SIT": "8", "CD_TIPO": "0", "AREA_KM2": 18.957111848968236, "CD_REGIAO": "2", "NM_REGIAO": "Nordeste", "CD_UF": "29", "NM_UF": "Bahia", "CD_MUN": "2906600", "NM_MUN": "Candiba", "CD_DIST": "290660005", "NM_DIST": "Candiba", "CD_SUBDIST": "29066000500", "NM_SUBDIST": null, "CD_BAIRRO": null, "NM_BAIRRO": null, "CD_NU": null, "NM_NU": null, "CD_FCU": null, "NM_FCU": null, "CD_AGLOM": null, "NM_AGLOM": null, "CD_RGINT": "2905", "NM_RGINT": "Guanambi", "CD_RGI": "290016", "NM_RGI": "Guanambi", "CD_CONCURB": null, "NM_CONCURB": null, "mun_code_x": "2906600", "index_right": 5434, "dist_m": 44.142249235735981, "local_id": 317230, "ano": 2022, "cod_localidade_ibge": 2906600, "NR_ZONA": "64", "nr_cep": 46380000.0, "nm_localidade": "CANDIBA", "nm_locvot": "GRUPO ESCOLAR D.PEDRO II", "ds_endereco": "POVOADO LAGOA DA PEDRA - ZONA RURAL", "ds_bairro": "POVOADO LAGOA DA PEDRA", "pred_long": -42.913698, "pred_lat": -14.3510335, "pred_dist": 0.0, "tse_long": -42.9147496, "tse_lat": -14.3503622, "long": -42.9147496, "lat": -14.3503622, "ID_UNICO": "LOC_029966", "SG_UF": "BA", "CD_MUNICIPIO": "34312", "NR_LOCAL_VOTACAO": "1120", "QT_SECOES_AGREGADAS": 0, "QT_ELEITORES_TRANSFERIDOS": 2, "CIRO GOMES (PDT) (NÃO ELEITO) 1T": 2.0, "CONSTITUINTE EYMAEL (DC) (NÃO ELEITO) 1T": 0.0, "FELIPE D AVILA (NOVO) (NÃO ELEITO) 1T": 0.0, "JAIR BOLSONARO (PL) (2º TURNO) 1T": 21.0, "LULA (PT) (2º TURNO) 1T": 419.0, "LÉO PÉRICLES (UP) (NÃO ELEITO) 1T": 0.0, "PADRE KELMON (PTB) (NÃO ELEITO) 1T": 0.0, "SIMONE TEBET (MDB) (NÃO ELEITO) 1T": 2.0, "SOFIA MANZANO (PCB) (NÃO ELEITO) 1T": 0.0, "SORAYA THRONICKE (UNIÃO) (NÃO ELEITO) 1T": 0.0, "VERA (PSTU) (NÃO ELEITO) 1T": 0.0, "Total_Votos_Validos 1T": 444.0, "Votos_Brancos 1T": 6.0, "Votos_Nulos 1T": 15.0, "Abstenções 1T": 106.0, "Eleitores_Aptos 1T": 571.0, "JAIR BOLSONARO (PL) (NÃO ELEITO) 2T": 21.0, "LULA (PT) (ELEITO) 2T": 427.0, "Total_Votos_Validos 2T": 448.0, "Votos_Brancos 2T": 3.0, "Votos_Nulos 2T": 12.0, "Abstenções 2T": 108.0, "Eleitores_Aptos 2T": 571.0, "mun_code_y": "2906600", "mun_code": "2906600" }, "geometry": { "type": "Polygon", "coordinates": [ [ [ 6199188.848803907632828, 8386834.870479503646493 ], [ 6199165.715727327391505, 8386814.099304879084229 ], [ 6199133.165387695655227, 8386780.229328220710158 ], [ 6199119.175648969598114, 8386761.623060799203813 ], [ 6199108.739106605760753, 8386743.240628929808736 ], [ 6199096.959660794585943, 8386718.22597152274102 ], [ 6199082.718438326381147, 8386657.963029433041811 ], [ 6199063.686419502831995, 8386593.048730707727373 ], [ 6199025.118275673128664, 8386488.836521002463996 ], [ 6199002.208640356548131, 8386414.649863759055734 ], [ 6199098.745180859230459, 8386306.953654449433088 ], [ 6199119.960933483205736, 8386278.571645871736109 ], [ 6199106.779817430302501, 8386239.599604757502675 ], [ 6199088.809916567988694, 8386192.627761486917734 ], [ 6199072.029260499402881, 8386143.648371474817395 ], [ 6199050.2608508085832, 8386099.001285145059228 ], [ 6199038.668054424226284, 8386080.606998085044324 ], [ 6199016.433249325491488, 8386061.224910378456116 ], [ 6198977.395639914087951, 8386036.686698844656348 ], [ 6198923.346446927636862, 8385998.597307614982128 ], [ 6198863.735737003386021, 8385955.76965719088912 ], [ 6198822.555247210897505, 8385930.680588164366782 ], [ 6198789.853734891861677, 8385905.837799402885139 ], [ 6198758.650353278964758, 8385887.935385048389435 ], [ 6198723.758975783362985, 8385872.408669838681817 ], [ 6198695.392788168042898, 8385844.042960403487086 ], [ 6198673.623539135791361, 8385816.994862803258002 ], [ 6198645.357748473063111, 8385777.39556678198278 ], [ 6198602.602198490872979, 8385723.182918918319046 ], [ 6198573.320360623300076, 8385689.213117430917919 ], [ 6198540.560076178982854, 8385643.020584728568792 ], [ 6198516.429931492544711, 8385613.346560397185385 ], [ 6198483.245520314201713, 8385574.322112527675927 ], [ 6198454.695801411755383, 8385542.335252271965146 ], [ 6198420.011937756091356, 8385505.378416179679334 ], [ 6198384.658936417661607, 8385469.107658590190113 ], [ 6198326.885969377122819, 8385419.055805580690503 ], [ 6198284.741851560771465, 8385376.493857876397669 ], [ 6198258.230484673753381, 8385349.41471410356462 ], [ 6198245.641256621107459, 8385333.210688367486 ], [ 6198234.363381518051028, 8385286.369192879647017 ], [ 6198222.303309734910727, 8385248.922541226260364 ], [ 6198211.324889298528433, 8385217.838678408414125 ], [ 6198190.014618836343288, 8385154.738013756461442 ], [ 6198172.196077662520111, 8385105.494082327932119 ], [ 6198139.012996313162148, 8385027.395276808179915 ], [ 6198124.360798456706107, 8384997.401310782879591 ], [ 6198101.348142971284688, 8384917.438299046829343 ], [ 6198088.001892704516649, 8384865.059636832214892 ], [ 6198078.506989270448685, 8384812.822773090563715 ], [ 6198064.82333118468523, 8384766.942776558920741 ], [ 6198052.377964993938804, 8384734.76847087405622 ], [ 6198043.336483770981431, 8384711.900434319861233 ], [ 6198025.990614714100957, 8384682.036142464727163 ], [ 6198020.77261467371136, 8384652.174971558153629 ], [ 6198012.828295118175447, 8384620.178882408887148 ], [ 6198003.950455883517861, 8384592.827360136434436 ], [ 6197989.581155052408576, 8384561.97448412515223 ], [ 6197969.957095829769969, 8384531.441937539726496 ], [ 6197948.498998166061938, 8384509.306302594020963 ], [ 6197936.45268196426332, 8384496.323297956958413 ], [ 6197914.063179135322571, 8384485.652693495154381 ], [ 6197894.697658937424421, 8384473.855875112116337 ], [ 6197836.813044133596122, 8384425.501811468973756 ], [ 6197822.290321627631783, 8384406.347209862433374 ], [ 6197801.825176808983088, 8384384.874130815267563 ], [ 6197774.108068199828267, 8384348.823470382019877 ], [ 6197731.683052198030055, 8384299.004705646075308 ], [ 6197696.26597922295332, 8384258.65707547031343 ], [ 6197646.778366175480187, 8384204.770025288686156 ], [ 6197591.373768266290426, 8384149.093201757408679 ], [ 6197553.777649518102407, 8384104.949833552353084 ], [ 6197493.061986381188035, 8384033.497530376538634 ], [ 6197483.34854362718761, 8384015.092668353579938 ], [ 6197478.574226362630725, 8384000.384795260615647 ], [ 6197471.947294119745493, 8383979.67829667776823 ], [ 6197464.096890896558762, 8383936.314475822262466 ], [ 6197456.390509152784944, 8383890.54248364828527 ], [ 6197440.291349850594997, 8383846.538167672231793 ], [ 6197419.099142275750637, 8383827.242307037115097 ], [ 6197376.795879380777478, 8383797.349848546087742 ], [ 6197342.197463501244783, 8383771.630142187699676 ], [ 6197305.271782997064292, 8383746.924223710782826 ], [ 6197254.625536340288818, 8383725.031246077269316 ], [ 6197203.500762582756579, 8383699.903223361819983 ], [ 6197119.49059094954282, 8383659.355943070724607 ], [ 6197046.224150154739618, 8383623.297473455779254 ], [ 6197000.966440197080374, 8383601.393329754471779 ], [ 6196970.420385681092739, 8383583.854929010383785 ], [ 6196856.258073382079601, 8383505.751271275803447 ], [ 6196828.120373863726854, 8383486.406099156476557 ], [ 6196813.545479909516871, 8383452.587861233390868 ], [ 6196792.777099145576358, 8383403.284754656255245 ], [ 6196772.990975417196751, 8383351.939094768837094 ], [ 6196748.365250902250409, 8383294.456729834899306 ], [ 6196726.574384565465152, 8383229.18357255961746 ], [ 6196717.368056525476277, 8383201.724797263741493 ], [ 6196690.858524350449443, 8383138.493586567230523 ], [ 6196673.254937145859003, 8383095.081055010668933 ], [ 6196641.975578732788563, 8383000.288686975836754 ], [ 6196628.801324473693967, 8382965.952451325953007 ], [ 6196620.671340305358171, 8382949.264359557069838 ], [ 6196621.781547334045172, 8382932.278546964749694 ], [ 6196619.711693147197366, 8382922.863438953645527 ], [ 6196626.499352726154029, 8382903.564180661924183 ], [ 6196648.132460612803698, 8382875.400517413392663 ], [ 6196669.140991417691112, 8382861.279513033106923 ], [ 6196698.429764753207564, 8382833.78475031722337 ], [ 6196719.820003499276936, 8382808.676384331658483 ], [ 6196762.330400142818689, 8382771.786266440525651 ], [ 6196796.595230492763221, 8382751.706505264155567 ], [ 6196827.085418628528714, 8382738.504560930654407 ], [ 6196854.132145555689931, 8382727.136630926281214 ], [ 6196898.057322230190039, 8382703.807475102134049 ], [ 6196936.44092910271138, 8382673.214126060716808 ], [ 6196992.441036473959684, 8382602.970192206092179 ], [ 6197038.648848038166761, 8382544.2900331299752 ], [ 6197090.370625491254032, 8382479.887982897460461 ], [ 6197123.963844889774919, 8382433.820479283109307 ], [ 6197144.831390911713243, 8382412.028155312873423 ], [ 6197179.632984368130565, 8382388.967793072573841 ], [ 6197207.581561408936977, 8382373.666334573179483 ], [ 6197270.617239356040955, 8382352.786945100873709 ], [ 6197304.010377462953329, 8382343.852114949375391 ], [ 6197356.227890031412244, 8382328.881790074519813 ], [ 6197393.885164715349674, 8382319.471005843020976 ], [ 6197443.463060813955963, 8382304.176533449441195 ], [ 6197481.905310722067952, 8382289.733594316989183 ], [ 6197524.113779409788549, 8382279.979462746530771 ], [ 6197576.920688094571233, 8382270.560564664192498 ], [ 6197585.81709343008697, 8382266.24290441442281 ], [ 6197612.91540109179914, 8382245.141916782595217 ], [ 6197650.122746004723012, 8382214.151975069195032 ], [ 6197691.501652852632105, 8382176.467441922985017 ], [ 6197755.084990058094263, 8382120.126683140173554 ], [ 6197802.680367877706885, 8382079.673454771749675 ], [ 6197863.34758904017508, 8382034.836372582241893 ], [ 6197886.953561687842011, 8382016.586051090620458 ], [ 6197918.716603840701282, 8381998.427603918127716 ], [ 6197957.323415006510913, 8381980.672263100743294 ], [ 6198004.044728346168995, 8381960.76728246640414 ], [ 6198050.942667364142835, 8381935.081478102132678 ], [ 6198116.699894145131111, 8381898.690113919787109 ], [ 6198187.081372757442296, 8381861.230125886388123 ], [ 6198218.806225035339594, 8381842.960096574388444 ], [ 6198260.825487850233912, 8381820.033964424394071 ], [ 6198317.943990724161267, 8381789.514401181600988 ], [ 6198372.186371367424726, 8381758.017078088596463 ], [ 6198382.337262246757746, 8381738.193206558004022 ], [ 6198394.580869281664491, 8381688.347524048760533 ], [ 6198415.137202559038997, 8381647.255614967085421 ], [ 6198439.190734530799091, 8381620.335526913404465 ], [ 6198462.657199392095208, 8381599.869811188429594 ], [ 6198478.631920321844518, 8381581.253272466361523 ], [ 6198503.156962457112968, 8381527.669953119941056 ], [ 6198516.088218701072037, 8381512.469467110000551 ], [ 6198547.482187399640679, 8381447.427491677924991 ], [ 6198557.956398420035839, 8381428.951900141313672 ], [ 6198587.867910260334611, 8381372.865060635842383 ], [ 6198617.03897799551487, 8381328.369617437943816 ], [ 6198638.010432080365717, 8381297.313389495946467 ], [ 6198652.467864837497473, 8381280.393090602941811 ], [ 6198681.918281768448651, 8381251.419525554403663 ], [ 6198703.939298750832677, 8381231.000302344560623 ], [ 6198710.524939499795437, 8381207.773946183733642 ], [ 6198710.513905115425587, 8381144.696273709647357 ], [ 6198697.250006269663572, 8381076.812283481471241 ], [ 6198688.29506500530988, 8381015.924652963876724 ], [ 6198686.830877061933279, 8380971.868713809177279 ], [ 6198687.250154161825776, 8380895.703702188096941 ], [ 6198691.914015494287014, 8380851.769365112297237 ], [ 6198706.939408225938678, 8380829.364766483195126 ], [ 6198716.585359597578645, 8380808.268066813237965 ], [ 6198660.345727728679776, 8380725.974218286573887 ], [ 6198635.685743685811758, 8380667.918570501729846 ], [ 6198628.973946162499487, 8380645.491314142942429 ], [ 6198623.917909045703709, 8380613.908623765222728 ], [ 6198617.163632620126009, 8380558.619679865427315 ], [ 6198620.863327066414058, 8380504.720547299832106 ], [ 6198635.140889463946223, 8380453.219856065697968 ], [ 6198653.038618836551905, 8380395.704525781795382 ], [ 6198664.685952259227633, 8380325.390208942815661 ], [ 6198681.978940236382186, 8380232.537216102704406 ], [ 6198682.999702695757151, 8380219.150773355737329 ], [ 6198681.993491953238845, 8380204.700895928777754 ], [ 6198674.010605230927467, 8380085.096381399780512 ], [ 6198674.181446201168001, 8380027.207182221114635 ], [ 6198679.577153003774583, 8379997.882332020439208 ], [ 6198692.06156574562192, 8379966.648319881409407 ], [ 6198709.05113510414958, 8379936.820342736318707 ], [ 6198727.552050093188882, 8379913.289237486198545 ], [ 6198775.863890448585153, 8379826.278147308155894 ], [ 6198788.605866623111069, 8379783.092222875915468 ], [ 6198806.86237557977438, 8379687.192972560413182 ], [ 6198810.284355425275862, 8379655.900002567097545 ], [ 6198815.674348287284374, 8379629.168235164135695 ], [ 6198819.924585739150643, 8379586.78663787804544 ], [ 6198821.376399948261678, 8379547.516475480049849 ], [ 6198825.786071898415685, 8379496.310797855257988 ], [ 6198835.060987784527242, 8379465.039625206962228 ], [ 6198850.082008874043822, 8379430.435740432702005 ], [ 6198871.950270751491189, 8379375.399459727108479 ], [ 6198882.371933748945594, 8379355.876839407719672 ], [ 6198918.439247343689203, 8379317.505762977525592 ], [ 6198959.273949014954269, 8379281.283202392980456 ], [ 6198979.524320937693119, 8379254.634102508425713 ], [ 6199000.412619529291987, 8379199.441741104237735 ], [ 6199028.953485012054443, 8379107.092029078863561 ], [ 6199033.527101484127343, 8379071.244690353050828 ], [ 6199035.797474758699536, 8379022.283939972519875 ], [ 6199038.744051624089479, 8378947.38240182492882 ], [ 6199046.543612131848931, 8378918.910370416007936 ], [ 6199060.555174516513944, 8378892.539679458364844 ], [ 6199072.307359527796507, 8378863.18895578943193 ], [ 6199101.129373506642878, 8378821.0178750352934 ], [ 6199140.296032603830099, 8378773.701967621222138 ], [ 6199165.619213836267591, 8378755.804017379879951 ], [ 6199198.98238305747509, 8378739.851362669840455 ], [ 6199237.227591148577631, 8378721.464280208572745 ], [ 6199266.552001338452101, 8378704.15074654482305 ], [ 6199300.475569592788815, 8378673.119592753238976 ], [ 6199319.770716849714518, 8378649.98817711789161 ], [ 6199349.762521415017545, 8378606.564691475592554 ], [ 6199375.609808658249676, 8378567.670709747821093 ], [ 6199407.182776916772127, 8378511.768813693895936 ], [ 6199432.702641082927585, 8378448.763333189301193 ], [ 6199439.873305208981037, 8378401.831137962639332 ], [ 6199441.369535732083023, 8378356.796685744076967 ], [ 6199439.582358801737428, 8378295.561831761151552 ], [ 6199434.070001103915274, 8378202.194725991226733 ], [ 6199437.939505160786211, 8378117.134288595058024 ], [ 6199446.163339197635651, 8378084.041082973591983 ], [ 6199465.653347375802696, 8378029.94022267498076 ], [ 6199472.708169578574598, 8378014.085619454272091 ], [ 6199438.635073069483042, 8378027.368000261485577 ], [ 6199403.854850575327873, 8378038.068842774257064 ], [ 6199362.308172102086246, 8378045.015394182875752 ], [ 6199335.148262861184776, 8378048.707161893136799 ], [ 6199228.556716067716479, 8378047.004631700925529 ], [ 6199176.231017962098122, 8378043.310305771417916 ], [ 6199126.836511858738959, 8378040.624197372235358 ], [ 6199094.195675215683877, 8378033.159782325848937 ], [ 6199064.661814582534134, 8378031.261223615147173 ], [ 6199044.97997438069433, 8378033.520219128578901 ], [ 6199021.580505466088653, 8378044.019924853928387 ], [ 6199013.052056983113289, 8378048.084918451495469 ], [ 6198945.635559911839664, 8378091.422543205320835 ], [ 6198905.132790404371917, 8378135.161781516857445 ], [ 6198864.84840137604624, 8378181.877945685759187 ], [ 6198796.205163941718638, 8378264.880008375272155 ], [ 6198764.16502723749727, 8378304.32019797898829 ], [ 6198681.494412183761597, 8378405.056720774620771 ], [ 6198644.420636005699635, 8378445.13419533520937 ], [ 6198609.80167724750936, 8378493.841637055389583 ], [ 6198564.447924812324345, 8378595.570575103163719 ], [ 6198553.464470248669386, 8378610.351367857307196 ], [ 6198494.989660050719976, 8378704.167691728100181 ], [ 6198461.618908178061247, 8378754.832188657484949 ], [ 6198445.457865788601339, 8378771.520092257298529 ], [ 6198428.049808090552688, 8378782.473342513665557 ], [ 6198400.378856981173158, 8378795.556780247017741 ], [ 6198356.02665160689503, 8378803.019326660782099 ], [ 6198316.690363122150302, 8378794.861962631344795 ], [ 6198239.840885415673256, 8378767.038625035434961 ], [ 6198200.642488802783191, 8378768.276950662955642 ], [ 6198166.598893959075212, 8378778.161499684676528 ], [ 6198143.005264298990369, 8378793.189796677790582 ], [ 6198090.04264491610229, 8378852.52141721919179 ], [ 6198070.500012773089111, 8378870.521994335576892 ], [ 6198015.508968742564321, 8378894.337013854645193 ], [ 6197875.019268279895186, 8378948.151041067205369 ], [ 6197829.361436747014523, 8378972.743883323855698 ], [ 6197737.066731626167893, 8379034.614224903285503 ], [ 6197668.412346502766013, 8379077.249141953885555 ], [ 6197609.240835411474109, 8379125.130755554884672 ], [ 6197540.476297951303422, 8379156.023120068013668 ], [ 6197511.411556407809258, 8379161.449715899303555 ], [ 6197458.386809386312962, 8379160.77166142500937 ], [ 6197340.260485808365047, 8379148.487318300642073 ], [ 6197273.514722688123584, 8379139.293941834941506 ], [ 6197131.467398047447205, 8379118.331873703747988 ], [ 6196989.297504419460893, 8379096.834017090499401 ], [ 6196906.119316259399056, 8379093.505264586769044 ], [ 6196883.124084098264575, 8379097.387156175449491 ], [ 6196854.004063559696078, 8379121.25898571498692 ], [ 6196818.149716922082007, 8379158.938390492461622 ], [ 6196754.742804465815425, 8379236.083679749630392 ], [ 6196725.426031274721026, 8379284.472967348992825 ], [ 6196688.181252761743963, 8379334.608303870074451 ], [ 6196634.888509287498891, 8379397.973907868377864 ], [ 6196614.663877394981682, 8379440.535920612514019 ], [ 6196602.989755347371101, 8379487.364268746227026 ], [ 6196559.593443876132369, 8379560.56750526279211 ], [ 6196543.745038523338735, 8379593.967379687353969 ], [ 6196529.118987407535315, 8379654.240250119939446 ], [ 6196513.424948683939874, 8379685.682303816080093 ], [ 6196458.126642534509301, 8379748.692272780463099 ], [ 6196408.862687478773296, 8379814.387370982207358 ], [ 6196352.943522486835718, 8379904.809287570416927 ], [ 6196321.159891498275101, 8379961.939682996831834 ], [ 6196303.183374039828777, 8380003.231228669174016 ], [ 6196302.094889715313911, 8380047.474670760333538 ], [ 6196306.486409150063992, 8380129.72678286768496 ], [ 6196282.91022233851254, 8380150.590224586427212 ], [ 6196236.318026955239475, 8380183.722351810894907 ], [ 6196181.696412792429328, 8380235.661269405856729 ], [ 6196031.203080855309963, 8380388.89362461399287 ], [ 6195977.226154300384223, 8380454.102645631879568 ], [ 6195947.294723658822477, 8380478.91242681350559 ], [ 6195851.794939107261598, 8380548.069524114951491 ], [ 6195746.974608915857971, 8380623.513779847882688 ], [ 6195721.105541608296335, 8380639.357096424326301 ], [ 6195659.208615092560649, 8380688.013455080799758 ], [ 6195630.245906250551343, 8380714.128556712530553 ], [ 6195613.877940874546766, 8380735.827385304495692 ], [ 6195575.738789406605065, 8380795.391007887199521 ], [ 6195550.826659085229039, 8380849.989348427392542 ], [ 6195545.969556125812232, 8380883.895252013579011 ], [ 6195532.730239261873066, 8380937.154133637435734 ], [ 6195526.153939519077539, 8380959.272297498770058 ], [ 6195477.324118350632489, 8381028.773673759773374 ], [ 6195439.56929081119597, 8381162.572517864406109 ], [ 6195430.783685956150293, 8381236.28005291428417 ], [ 6195429.542827030643821, 8381246.688231219537556 ], [ 6195421.622433022595942, 8381315.912585278041661 ], [ 6195415.25274514220655, 8381455.078159783966839 ], [ 6195415.066106091253459, 8381498.611699592322111 ], [ 6195415.926257365383208, 8381539.648694148287177 ], [ 6195410.662010501138866, 8381567.091949942521751 ], [ 6195391.601235825568438, 8381592.120974817313254 ], [ 6195141.682027570903301, 8381743.770460205152631 ], [ 6195081.517174479551613, 8381779.972931037656963 ], [ 6195036.236746446229517, 8381814.242416322231293 ], [ 6194937.352253939956427, 8381893.22477431409061 ], [ 6194869.738419846631587, 8381942.138999707996845 ], [ 6194777.944516158662736, 8381994.840965359471738 ], [ 6194649.513326266780496, 8382057.068922318518162 ], [ 6194587.206160406582057, 8382062.688084867782891 ], [ 6194537.632269842550159, 8382048.453290915116668 ], [ 6194493.38086302857846, 8382035.326805564574897 ], [ 6194439.31272916123271, 8382019.00816186517477 ], [ 6194393.293195057660341, 8382007.973010980524123 ], [ 6194358.022441169247031, 8381999.521566985175014 ], [ 6194286.946783279068768, 8381985.225639641284943 ], [ 6194171.594583447091281, 8381962.470795618370175 ], [ 6194121.888100299984217, 8381968.295551968738437 ], [ 6194077.157571309246123, 8381972.26933922059834 ], [ 6193999.942444151267409, 8381974.35327510535717 ], [ 6193876.806146748363972, 8382022.434419865719974 ], [ 6193844.799175145104527, 8382030.779306711629033 ], [ 6193763.185844014398754, 8382034.832001033239067 ], [ 6193740.56983288936317, 8382037.901439107954502 ], [ 6193712.827446934767067, 8382055.284689120948315 ], [ 6193691.426352489739656, 8382074.989971600472927 ], [ 6193671.979193897917867, 8382105.321346409618855 ], [ 6193649.068868496455252, 8382144.318139269948006 ], [ 6193565.388305481523275, 8382239.492237912490964 ], [ 6193512.303167761303484, 8382314.621068275533617 ], [ 6193488.754934740252793, 8382347.955520020797849 ], [ 6193457.534335610456765, 8382399.738547570072114 ], [ 6193457.333883085288107, 8382400.063785026781261 ], [ 6193399.297904472798109, 8382495.707947667688131 ], [ 6193372.692001020535827, 8382532.412539601325989 ], [ 6193334.712804228067398, 8382587.179442284628749 ], [ 6193322.391452989540994, 8382613.211594894528389 ], [ 6193293.860905665904284, 8382672.969504677690566 ], [ 6193282.087545447051525, 8382692.606550053693354 ], [ 6193258.377047074027359, 8382724.144507139921188 ], [ 6193231.927602961659431, 8382761.427238643169403 ], [ 6193222.792082753963768, 8382778.412742636166513 ], [ 6193219.169851817190647, 8382870.724390836432576 ], [ 6193212.133835005573928, 8382905.249968839809299 ], [ 6193209.863081285730004, 8382929.875603728927672 ], [ 6193159.737899390980601, 8383061.975222134962678 ], [ 6193130.087197915650904, 8383119.790753890760243 ], [ 6193079.760260962881148, 8383197.387744058854878 ], [ 6193024.891645351424813, 8383255.149190747179091 ], [ 6192938.215458815917373, 8383325.718007984571159 ], [ 6192736.722423944622278, 8383480.736327862367034 ], [ 6192680.060837737284601, 8383526.058797901496291 ], [ 6192631.169680986553431, 8383583.531758786179125 ], [ 6192575.340946539305151, 8383646.352742366492748 ], [ 6192515.079895691014826, 8383691.84674896299839 ], [ 6192476.138026339933276, 8383724.923576166853309 ], [ 6192472.880876804701984, 8383748.367105606943369 ], [ 6192475.552794688381255, 8383816.951985551044345 ], [ 6192485.987501730211079, 8383881.197425023652613 ], [ 6192513.374317749403417, 8383973.069808239117265 ], [ 6192524.437157398089767, 8384053.460294041782618 ], [ 6192543.752272194251418, 8384141.605166474357247 ], [ 6192574.3291130727157, 8384213.159790124744177 ], [ 6192630.259223770350218, 8384324.124172765761614 ], [ 6192636.258523728698492, 8384376.420015142299235 ], [ 6192696.62416404299438, 8384499.345945467241108 ], [ 6192757.189067031256855, 8384525.279442332684994 ], [ 6192833.312743819318712, 8384542.532465848140419 ], [ 6192897.057414609007537, 8384548.148109346628189 ], [ 6193045.536501199938357, 8384485.816081640310585 ], [ 6193160.209780394099653, 8384473.289863228797913 ], [ 6193275.500220731832087, 8384476.897626737132668 ], [ 6193388.868840024806559, 8384533.113670481368899 ], [ 6193457.527869106270373, 8384562.772767664864659 ], [ 6193539.014110617339611, 8384616.187632106244564 ], [ 6193616.224722552113235, 8384661.680128011852503 ], [ 6193678.047785350121558, 8384719.892204527743161 ], [ 6193739.242855400778353, 8384761.970095654949546 ], [ 6193812.966884768567979, 8384819.724791660904884 ], [ 6193881.627494852989912, 8384849.394976487383246 ], [ 6193940.857303468510509, 8384895.320736426860094 ], [ 6193961.647073324769735, 8384939.774394030682743 ], [ 6193990.299913654103875, 8384968.836634809151292 ], [ 6194037.386822206899524, 8385035.972682013176382 ], [ 6194063.926837729290128, 8385065.113682307302952 ], [ 6194100.26718045771122, 8385128.368599358014762 ], [ 6194120.88421384152025, 8385168.513452723622322 ], [ 6194148.762074233964086, 8385232.08380040153861 ], [ 6194157.279789809137583, 8385287.78939373511821 ], [ 6194181.626240747049451, 8385314.860109934583306 ], [ 6194244.035577493719757, 8385340.456552894786 ], [ 6194346.043517728336155, 8385349.433746645227075 ], [ 6194422.169257054105401, 8385346.484718070365489 ], [ 6194496.34417144395411, 8385347.923757466487586 ], [ 6194579.755400406196713, 8385314.516301585361362 ], [ 6194636.520175782032311, 8385303.690667677670717 ], [ 6194707.639769888482988, 8385274.557829717174172 ], [ 6194715.45955176372081, 8385274.577530262991786 ], [ 6195309.554925106465816, 8385275.773748707957566 ], [ 6195415.216684971936047, 8385275.981887128204107 ], [ 6196336.279419233091176, 8385277.817061450332403 ], [ 6196598.507347392849624, 8385278.340135811828077 ], [ 6198616.160404587164521, 8386944.06605370156467 ], [ 6198710.067396933212876, 8387021.595216248184443 ], [ 6198839.403012875467539, 8387128.358256089501083 ], [ 6199049.077387862838805, 8387301.465194333344698 ], [ 6199562.277605350129306, 8387379.513727131299675 ], [ 6208512.517946574836969, 8388739.39744127355516 ], [ 6208510.571534449234605, 8388700.257923854514956 ], [ 6208503.346485489979386, 8388555.818381004035473 ], [ 6208526.129621921107173, 8388449.397858211770654 ], [ 6208526.357329441234469, 8388448.29294696636498 ], [ 6208535.518607361242175, 8388435.749280210584402 ], [ 6208543.615446591749787, 8388424.655475873500109 ], [ 6208543.422467141412199, 8388415.924906091764569 ], [ 6208543.247382696717978, 8388407.791167336516082 ], [ 6208557.1174046844244, 8388381.757594302296638 ], [ 6208560.536925370804965, 8388360.774279106408358 ], [ 6208589.535993439145386, 8388306.14253834541887 ], [ 6208594.775625063106418, 8388296.280787075869739 ], [ 6208628.462734245695174, 8388260.525873861275613 ], [ 6208676.688028463162482, 8388170.195553401485085 ], [ 6208689.668695382773876, 8388147.463874007575214 ], [ 6208696.288371716625988, 8388133.734798568300903 ], [ 6208695.185368419624865, 8388133.483680160716176 ], [ 6208694.824884760193527, 8388133.399626404047012 ], [ 6208656.25030006095767, 8388123.672967448830605 ], [ 6208577.18451364338398, 8388098.278920507058501 ], [ 6208476.742316519841552, 8388058.266092153266072 ], [ 6208372.817742496728897, 8388024.669199790805578 ], [ 6208183.863811989314854, 8387963.158016594126821 ], [ 6207967.158928834833205, 8387890.335512562654912 ], [ 6207797.451445031911135, 8387837.973945188336074 ], [ 6207726.206135651096702, 8387784.470356710255146 ], [ 6207640.972617287188768, 8387730.944085170514882 ], [ 6207524.943509017117321, 8387682.989229708909988 ], [ 6207366.593919613398612, 8387618.575072577223182 ], [ 6207216.810103458352387, 8387555.956743692047894 ], [ 6207146.810471864417195, 8387527.88986499235034 ], [ 6207076.825500531122088, 8387499.675617977976799 ], [ 6207054.710568785667419, 8387486.975756051018834 ], [ 6207009.111795893870294, 8387462.307535339146852 ], [ 6206958.949115321040154, 8387419.084118699654937 ], [ 6206932.202970340847969, 8387397.665670757181942 ], [ 6206806.473011353053153, 8387315.457914210855961 ], [ 6206736.30008537042886, 8387272.750795044004917 ], [ 6206643.144423404708505, 8387215.231921646744013 ], [ 6206606.358852718956769, 8387180.654046973213553 ], [ 6206574.973026821389794, 8387138.868793189525604 ], [ 6206419.967096470296383, 8386927.245291528292 ], [ 6206380.988039849326015, 8386862.744165846146643 ], [ 6206353.228136061690748, 8386811.672492782585323 ], [ 6206310.980967191979289, 8386727.482766704633832 ], [ 6206252.510565385222435, 8386603.267608891241252 ], [ 6206181.111839591525495, 8386472.979462524875998 ], [ 6205977.129258954897523, 8386036.179249750450253 ], [ 6205917.795480441302061, 8385898.712549393065274 ], [ 6205802.671590523794293, 8385670.090138191357255 ], [ 6205749.482743695378304, 8385570.136957083828747 ], [ 6205719.391374397091568, 8385514.589855340309441 ], [ 6205696.808569142594934, 8385479.541032923385501 ], [ 6205664.153184118680656, 8385426.147762038744986 ], [ 6205592.537427332252264, 8385321.650917950086296 ], [ 6205483.423619227483869, 8385149.956538898870349 ], [ 6205362.655133190564811, 8384954.627530548721552 ], [ 6205335.092134160920978, 8384908.532441874966025 ], [ 6205252.430347131565213, 8384793.948774826712906 ], [ 6205188.94500083848834, 8384727.579798959195614 ], [ 6205078.708112180233002, 8384639.419563189148903 ], [ 6205003.803063706494868, 8384569.351911701261997 ], [ 6204969.537294095382094, 8384541.972756989300251 ], [ 6204895.148080267012119, 8384477.236462708562613 ], [ 6204827.094704763963819, 8384422.083028141409159 ], [ 6204750.313827861100435, 8384356.33492178004235 ], [ 6204726.091420006938279, 8384328.943855522200465 ], [ 6204699.301284210756421, 8384288.574191552586854 ], [ 6204646.576442098245025, 8384209.902230517007411 ], [ 6204617.322799080051482, 8384160.518213291652501 ], [ 6204567.053795939311385, 8384094.514725062064826 ], [ 6204530.341438016854227, 8384035.095019950531423 ], [ 6204483.071522518992424, 8383950.375166123732924 ], [ 6204442.407179766334593, 8383881.753860889934003 ], [ 6204399.987701307982206, 8383809.868568256497383 ], [ 6204371.001925055868924, 8383771.218006572686136 ], [ 6204312.976111993193626, 8383664.929197549819946 ], [ 6204282.187636775895953, 8383633.481042683124542 ], [ 6204234.893607688136399, 8383587.563475684262812 ], [ 6204197.520208793692291, 8383548.303876122459769 ], [ 6204154.00907126814127, 8383475.490918005816638 ], [ 6204072.842029898427427, 8383346.078775128349662 ], [ 6203990.929942834191024, 8383212.170148950070143 ], [ 6203946.347895184531808, 8383148.971402735449374 ], [ 6203907.848348340950906, 8383096.833339050412178 ], [ 6203869.742264521308243, 8383034.009414009749889 ], [ 6203796.739345583133399, 8382900.088069264777005 ], [ 6203747.308555191382766, 8382843.619092301465571 ], [ 6203736.430380617268384, 8382896.329322145320475 ], [ 6203731.080267049372196, 8382909.036466085352004 ], [ 6203674.888616059906781, 8382955.210339425131679 ], [ 6203621.518767424859107, 8382997.413754135370255 ], [ 6203579.337599565275013, 8383031.104062639176846 ], [ 6203492.382313723675907, 8383084.312025155872107 ], [ 6203450.673613364808261, 8383110.988138033077121 ], [ 6203354.629400510340929, 8383162.041171228513122 ], [ 6203250.349945431575179, 8383215.44222975242883 ], [ 6203211.572514853440225, 8383229.640471770428121 ], [ 6203165.453760297968984, 8383238.036951595917344 ], [ 6203115.897932911291718, 8383245.697377058677375 ], [ 6203085.912363176234066, 8383247.789063880220056 ], [ 6203042.349012725055218, 8383248.011088227853179 ], [ 6203013.380997654981911, 8383246.107098964974284 ], [ 6202993.701856812462211, 8383247.83598118275404 ], [ 6202965.206848959438503, 8383257.128178274258971 ], [ 6202933.418411560356617, 8383279.241789578460157 ], [ 6202921.492131965234876, 8383287.474038320593536 ], [ 6202892.830674775876105, 8383327.928186383098364 ], [ 6202863.882318563759327, 8383394.566358393058181 ], [ 6202834.150360187515616, 8383452.98861681856215 ], [ 6202818.456048442982137, 8383480.356708872132003 ], [ 6202766.922374368645251, 8383532.299827763810754 ], [ 6202737.164037454873323, 8383561.846684537827969 ], [ 6202715.759733190760016, 8383581.180405028164387 ], [ 6202687.800988562405109, 8383605.701589598320425 ], [ 6202625.044028125703335, 8383643.201097353361547 ], [ 6202560.613803818821907, 8383677.79314945731312 ], [ 6202504.762433397583663, 8383698.530525468289852 ], [ 6202470.799122799187899, 8383726.205064293928444 ], [ 6202411.212110210210085, 8383766.989476982504129 ], [ 6202341.786669354885817, 8383816.54713489394635 ], [ 6202294.558299425058067, 8383845.955236241221428 ], [ 6202255.64075255766511, 8383882.696790950372815 ], [ 6202219.737717947922647, 8383919.473097497597337 ], [ 6202189.443405506201088, 8383947.556007336825132 ], [ 6202224.060028862208128, 8383978.718548103235662 ], [ 6202257.868463535793126, 8384008.116085208952427 ], [ 6202296.328675503842533, 8384041.957051772624254 ], [ 6202323.969669047743082, 8384068.405045763589442 ], [ 6202328.050190524198115, 8384082.550175476819277 ], [ 6202323.100990293547511, 8384094.413809583522379 ], [ 6202249.62955685146153, 8384117.296839297749102 ], [ 6202186.757700045593083, 8384144.347232003696263 ], [ 6202146.601321878843009, 8384163.16402761079371 ], [ 6202107.643859235569835, 8384192.566597214899957 ], [ 6202042.485252723097801, 8384240.16851719096303 ], [ 6201977.854598373174667, 8384292.029145637527108 ], [ 6201931.582029536366463, 8384332.168408844619989 ], [ 6201874.010334772989154, 8384385.311483639292419 ], [ 6201838.612401959486306, 8384422.073152434080839 ], [ 6201791.852005999535322, 8384467.816471256315708 ], [ 6201751.856027118861675, 8384501.033756411634386 ], [ 6201687.211486136540771, 8384545.880291233770549 ], [ 6201648.620297254063189, 8384570.78745891712606 ], [ 6201617.230397145263851, 8384599.034154755994678 ], [ 6201529.925646254792809, 8384681.458287264220417 ], [ 6201501.297941599041224, 8384708.083156918175519 ], [ 6201421.392886524088681, 8384809.497273084707558 ], [ 6201403.264097571372986, 8384831.658210040070117 ], [ 6201370.945593036711216, 8384875.023395915515721 ], [ 6201385.111365844495595, 8384956.308852333575487 ], [ 6201390.3256541416049, 8385030.189790864475071 ], [ 6201395.514650534838438, 8385111.659947192296386 ], [ 6201406.853813827969134, 8385249.365906880237162 ], [ 6201420.097161293029785, 8385401.130116737447679 ], [ 6201424.66888097114861, 8385472.437596019357443 ], [ 6201397.9575270190835, 8385507.087074614129961 ], [ 6201359.388787708245218, 8385553.932168796658516 ], [ 6201334.636015951633453, 8385578.294618409126997 ], [ 6201267.783499522134662, 8385613.44586050324142 ], [ 6201236.284815551713109, 8385640.602280389517546 ], [ 6201222.071377345360816, 8385681.402745191007853 ], [ 6201208.003633481450379, 8385765.615357366390526 ], [ 6201192.727547428570688, 8385863.393263363279402 ], [ 6201169.013878387399018, 8386011.423184648156166 ], [ 6201154.321290638297796, 8386107.876082140952349 ], [ 6201145.570719441398978, 8386161.06335632968694 ], [ 6201133.090693079866469, 8386236.968407575972378 ], [ 6201142.72199209779501, 8386310.692501658573747 ], [ 6201160.61493441555649, 8386412.386115830391645 ], [ 6201165.166965806856751, 8386468.450525211170316 ], [ 6201154.544410326518118, 8386508.040259446948767 ], [ 6201140.557971386238933, 8386538.952510081231594 ], [ 6201111.084328365512192, 8386573.485371765680611 ], [ 6201076.913683047518134, 8386618.425320578739047 ], [ 6201057.870297367684543, 8386629.658410423435271 ], [ 6200976.39412366040051, 8386694.463685282506049 ], [ 6200940.164191843010485, 8386817.139621618203819 ], [ 6200909.965955941937864, 8386923.684048454277217 ], [ 6200887.189433000981808, 8386992.349073266610503 ], [ 6200855.146823864430189, 8387049.519991716369987 ], [ 6200817.51278689224273, 8387110.150494324043393 ], [ 6200815.297076661139727, 8387113.72968271560967 ], [ 6199246.458429696969688, 8386899.081005522049963 ], [ 6199209.491266483440995, 8386854.600132656283677 ], [ 6199188.848803907632828, 8386834.870479503646493 ] ] ] } }
]
}
