{
"type": "FeatureCollection",
"name": "2917003",
"crs": { "type": "name", "properties": { "name": "urn:ogc:def:crs:EPSG::5880" } },
"features": [
{ "type": "Feature", "properties": { "lv_id": "LOC_031976", "id": 148702.0, "CD_SETOR": "291700305000001", "SITUACAO": "Urbana", "CD_SIT": "1", "CD_TIPO": "0", "AREA_KM2": 0.061438519098334997, "CD_REGIAO": "2", "NM_REGIAO": "Nordeste", "CD_UF": "29", "NM_UF": "Bahia", "CD_MUN": "2917003", "NM_MUN": "Itiúba", "CD_DIST": "291700305", "NM_DIST": "Itiúba", "CD_SUBDIST": "29170030500", "NM_SUBDIST": null, "CD_BAIRRO": null, "NM_BAIRRO": null, "CD_NU": null, "NM_NU": null, "CD_FCU": null, "NM_FCU": null, "CD_AGLOM": null, "NM_AGLOM": null, "CD_RGINT": "2908", "NM_RGINT": "Juazeiro", "CD_RGI": "290023", "NM_RGI": "Senhor do Bonfim", "CD_CONCURB": null, "NM_CONCURB": null, "mun_code_x": "2917003", "index_right": 7729, "dist_m": 0.0, "local_id": 339711, "ano": 2022, "cod_localidade_ibge": 2917003, "NR_ZONA": "149", "nr_cep": 48850000.0, "nm_localidade": "ITIÚBA", "nm_locvot": "PREFEITURA MUNICIPAL E ANEXO", "ds_endereco": "AVENIDA GETULIO VARGAS, 255 - ZONA URBANA", "ds_bairro": "CENTRO", "pred_long": -39.85282, "pred_lat": -10.69226, "pred_dist": 0.181796730402497, "tse_long": null, "tse_lat": null, "long": -39.85282, "lat": -10.69226, "ID_UNICO": "LOC_031976", "SG_UF": "BA", "CD_MUNICIPIO": "36412", "NR_LOCAL_VOTACAO": "1040", "QT_SECOES_AGREGADAS": 0, "QT_ELEITORES_TRANSFERIDOS": 4, "CIRO GOMES (PDT) (NÃO ELEITO) 1T": 20.0, "CONSTITUINTE EYMAEL (DC) (NÃO ELEITO) 1T": 0.0, "FELIPE D AVILA (NOVO) (NÃO ELEITO) 1T": 0.0, "JAIR BOLSONARO (PL) (2º TURNO) 1T": 167.0, "LULA (PT) (2º TURNO) 1T": 393.0, "LÉO PÉRICLES (UP) (NÃO ELEITO) 1T": 0.0, "PADRE KELMON (PTB) (NÃO ELEITO) 1T": 1.0, "SIMONE TEBET (MDB) (NÃO ELEITO) 1T": 14.0, "SOFIA MANZANO (PCB) (NÃO ELEITO) 1T": 0.0, "SORAYA THRONICKE (UNIÃO) (NÃO ELEITO) 1T": 3.0, "VERA (PSTU) (NÃO ELEITO) 1T": 0.0, "Total_Votos_Validos 1T": 598.0, "Votos_Brancos 1T": 10.0, "Votos_Nulos 1T": 24.0, "Abstenções 1T": 236.0, "Eleitores_Aptos 1T": 868.0, "JAIR BOLSONARO (PL) (NÃO ELEITO) 2T": 181.0, "LULA (PT) (ELEITO) 2T": 401.0, "Total_Votos_Validos 2T": 582.0, "Votos_Brancos 2T": 7.0, "Votos_Nulos 2T": 29.0, "Abstenções 2T": 250.0, "Eleitores_Aptos 2T": 868.0, "mun_code_y": "2917003", "mun_code": "2917003" }, "geometry": { "type": "Polygon", "coordinates": [ [ [ 6547637.3133495580405, 8781648.442204128950834 ], [ 6547538.259026693180203, 8781609.593865586444736 ], [ 6547471.317407031543553, 8781580.958481537178159 ], [ 6547450.36014324426651, 8781576.686795026063919 ], [ 6547419.759869059547782, 8781578.307121189311147 ], [ 6547404.082889745943248, 8781586.129059534519911 ], [ 6547393.49906731210649, 8781596.864024501293898 ], [ 6547361.930918538942933, 8781688.311211764812469 ], [ 6547326.39232640620321, 8781669.214298084378242 ], [ 6547366.221125568263233, 8781594.478359095752239 ], [ 6547397.817165290936828, 8781521.009079633280635 ], [ 6547468.5136782778427, 8781346.203515689820051 ], [ 6547554.177734315395355, 8781210.419790273532271 ], [ 6547605.096615893766284, 8781126.508388603106141 ], [ 6547674.335575129836798, 8781034.641399370506406 ], [ 6547682.440592907369137, 8781011.786380674690008 ], [ 6547652.766335566528141, 8781038.584305819123983 ], [ 6547560.547258052043617, 8781139.737368570640683 ], [ 6547468.849452622234821, 8781277.200580453500152 ], [ 6547413.587302948348224, 8781382.436335014179349 ], [ 6547387.063671879470348, 8781448.467748999595642 ], [ 6547359.093938203528523, 8781547.274687550961971 ], [ 6547337.673957455903292, 8781592.116694653406739 ], [ 6547266.462203115224838, 8781686.202730122953653 ], [ 6547196.558151497505605, 8781753.8806914370507 ], [ 6547140.196645669639111, 8781823.650566475465894 ], [ 6547102.746066255494952, 8781878.199312124401331 ], [ 6547058.362386991269886, 8781953.712605463340878 ], [ 6547020.495329449884593, 8782036.485561335459352 ], [ 6546979.528496159240603, 8782147.71984151378274 ], [ 6546913.219200434163213, 8782343.386217214167118 ], [ 6546900.208211091347039, 8782387.521894944831729 ], [ 6546929.505262767896056, 8782392.88294936530292 ], [ 6546942.055785052478313, 8782351.390491364523768 ], [ 6546973.45213682949543, 8782276.33685483597219 ], [ 6546998.495381273329258, 8782205.11984403245151 ], [ 6547094.610345529392362, 8782252.314315244555473 ], [ 6547066.680217994377017, 8782333.274796957150102 ], [ 6547098.340679016895592, 8782339.314030956476927 ], [ 6547120.673895236104727, 8782341.323033625259995 ], [ 6547137.541549338027835, 8782342.830083096399903 ], [ 6547252.495627058669925, 8782352.690000396221876 ], [ 6547286.263643024489284, 8782354.494012266397476 ], [ 6547321.269230991601944, 8782327.11191700771451 ], [ 6547281.344307803548872, 8782278.219439810141921 ], [ 6547310.798193323425949, 8782249.164998156949878 ], [ 6547324.372914656996727, 8782267.148998133838177 ], [ 6547352.052195387892425, 8782238.08461051248014 ], [ 6547373.755412723869085, 8782262.639149298891425 ], [ 6547388.33676637802273, 8782253.830395041033626 ], [ 6547474.642063322477043, 8782294.075257498770952 ], [ 6547509.298560868017375, 8782155.309474097564816 ], [ 6547637.3133495580405, 8781648.442204128950834 ] ] ] } },
{ "type": "Feature", "properties": { "lv_id": "LOC_031977", "id": 148709.0, "CD_SETOR": "291700305000008", "SITUACAO": "Urbana", "CD_SIT": "1", "CD_TIPO": "0", "AREA_KM2": 0.246411250680031, "CD_REGIAO": "2", "NM_REGIAO": "Nordeste", "CD_UF": "29", "NM_UF": "Bahia", "CD_MUN": "2917003", "NM_MUN": "Itiúba", "CD_DIST": "291700305", "NM_DIST": "Itiúba", "CD_SUBDIST": "29170030500", "NM_SUBDIST": null, "CD_BAIRRO": null, "NM_BAIRRO": null, "CD_NU": null, "NM_NU": null, "CD_FCU": null, "NM_FCU": null, "CD_AGLOM": "291700300036", "NM_AGLOM": "Agrovila do PA Bela Conquista", "CD_RGINT": "2908", "NM_RGINT": "Juazeiro", "CD_RGI": "290023", "NM_RGI": "Senhor do Bonfim", "CD_CONCURB": null, "NM_CONCURB": null, "mun_code_x": "2917003", "index_right": 7728, "dist_m": 0.0, "local_id": 339710, "ano": 2022, "cod_localidade_ibge": 2917003, "NR_ZONA": "149", "nr_cep": 48850000.0, "nm_localidade": "ITIÚBA", "nm_locvot": "GINASIO ANTONIO SIMOES VALADARES", "ds_endereco": "RUA VEREADOR ADEMIR SIMOES, S/N - ZONA URBANA", "ds_bairro": "ALTO DO GINASIO", "pred_long": -39.853829, "pred_lat": -10.696299, "pred_dist": 0.093512760840585601, "tse_long": null, "tse_lat": null, "long": -39.853829, "lat": -10.696299, "ID_UNICO": "LOC_031977", "SG_UF": "BA", "CD_MUNICIPIO": "36412", "NR_LOCAL_VOTACAO": "1082", "QT_SECOES_AGREGADAS": 0, "QT_ELEITORES_TRANSFERIDOS": 2, "CIRO GOMES (PDT) (NÃO ELEITO) 1T": 10.0, "CONSTITUINTE EYMAEL (DC) (NÃO ELEITO) 1T": 0.0, "FELIPE D AVILA (NOVO) (NÃO ELEITO) 1T": 1.0, "JAIR BOLSONARO (PL) (2º TURNO) 1T": 234.0, "LULA (PT) (2º TURNO) 1T": 611.0, "LÉO PÉRICLES (UP) (NÃO ELEITO) 1T": 0.0, "PADRE KELMON (PTB) (NÃO ELEITO) 1T": 0.0, "SIMONE TEBET (MDB) (NÃO ELEITO) 1T": 20.0, "SOFIA MANZANO (PCB) (NÃO ELEITO) 1T": 0.0, "SORAYA THRONICKE (UNIÃO) (NÃO ELEITO) 1T": 8.0, "VERA (PSTU) (NÃO ELEITO) 1T": 0.0, "Total_Votos_Validos 1T": 884.0, "Votos_Brancos 1T": 20.0, "Votos_Nulos 1T": 26.0, "Abstenções 1T": 376.0, "Eleitores_Aptos 1T": 1306.0, "JAIR BOLSONARO (PL) (NÃO ELEITO) 2T": 246.0, "LULA (PT) (ELEITO) 2T": 638.0, "Total_Votos_Validos 2T": 884.0, "Votos_Brancos 2T": 11.0, "Votos_Nulos 2T": 30.0, "Abstenções 2T": 381.0, "Eleitores_Aptos 2T": 1306.0, "mun_code_y": "2917003", "mun_code": "2917003" }, "geometry": { "type": "MultiPolygon", "coordinates": [ [ [ [ 6548125.582100803032517, 8779842.257639367133379 ], [ 6547718.159441918134689, 8779793.484882384538651 ], [ 6547628.540621639229357, 8780911.342746650800109 ], [ 6547652.766335566528141, 8781038.584305819123983 ], [ 6547682.440592907369137, 8781011.786380674690008 ], [ 6547722.840084444731474, 8780981.953595040366054 ], [ 6547795.02687905728817, 8780915.203812787309289 ], [ 6547939.733856563456357, 8780785.21036821603775 ], [ 6548031.842410118319094, 8780681.698583677411079 ], [ 6548063.879927258938551, 8780637.780282203108072 ], [ 6548096.778307724744081, 8780592.56815879046917 ], [ 6548126.804753866046667, 8780542.482619680464268 ], [ 6548149.816062190569937, 8780502.36469885520637 ], [ 6548168.632071693427861, 8780470.64837097749114 ], [ 6548196.875497568398714, 8780410.987442037090659 ], [ 6548217.096281207166612, 8780359.607476053759456 ], [ 6548248.754298103973269, 8780320.608305562287569 ], [ 6548309.253534540534019, 8780281.788844903931022 ], [ 6548371.089972067624331, 8780247.331417236477137 ], [ 6548425.541212021373212, 8780235.879198845475912 ], [ 6548512.332203347235918, 8780229.051908308640122 ], [ 6548556.160333626903594, 8780218.783079179003835 ], [ 6548599.421303564682603, 8780201.106427194550633 ], [ 6548646.157282123342156, 8780161.618393190205097 ], [ 6548692.484401227906346, 8780098.718698365613818 ], [ 6548751.924417813308537, 8780023.187234694138169 ], [ 6548893.180859101936221, 8779850.126432029530406 ], [ 6548918.080388136208057, 8779811.846248589456081 ], [ 6548933.570942886173725, 8779723.261081689968705 ], [ 6548970.803100854158401, 8779654.985695818439126 ], [ 6549018.397490248084068, 8779614.190535966306925 ], [ 6549075.838607757352293, 8779560.947602082043886 ], [ 6549121.635282391682267, 8779452.337017346173525 ], [ 6549203.955779281444848, 8779350.802197262644768 ], [ 6549361.603664624504745, 8779171.425740962848067 ], [ 6549451.935715159401298, 8778985.293610513210297 ], [ 6549024.858997513540089, 8778591.486621774733067 ], [ 6548125.582100803032517, 8779842.257639367133379 ] ] ], [ [ [ 6547682.440592907369137, 8781011.786380674690008 ], [ 6547674.335575129836798, 8781034.641399370506406 ], [ 6547605.096615893766284, 8781126.508388603106141 ], [ 6547554.177734315395355, 8781210.419790273532271 ], [ 6547468.5136782778427, 8781346.203515689820051 ], [ 6547397.817165290936828, 8781521.009079633280635 ], [ 6547366.221125568263233, 8781594.478359095752239 ], [ 6547326.39232640620321, 8781669.214298084378242 ], [ 6547361.930918538942933, 8781688.311211764812469 ], [ 6547393.49906731210649, 8781596.864024501293898 ], [ 6547404.082889745943248, 8781586.129059534519911 ], [ 6547419.759869059547782, 8781578.307121189311147 ], [ 6547450.36014324426651, 8781576.686795026063919 ], [ 6547471.317407031543553, 8781580.958481537178159 ], [ 6547538.259026693180203, 8781609.593865586444736 ], [ 6547637.3133495580405, 8781648.442204128950834 ], [ 6547800.157585335895419, 8781131.636028923094273 ], [ 6547682.440592907369137, 8781011.786380674690008 ] ] ], [ [ [ 6546329.592973157763481, 8782054.003563823178411 ], [ 6546405.825140102766454, 8782112.90536255016923 ], [ 6546516.266865371726453, 8782195.89103714376688 ], [ 6546557.749099554494023, 8782156.539236830547452 ], [ 6546766.102712525054812, 8782254.168478570878506 ], [ 6546878.317470613867044, 8782310.088059516623616 ], [ 6546848.396707124076784, 8782374.710430469363928 ], [ 6546900.208211091347039, 8782387.521894944831729 ], [ 6546913.219200434163213, 8782343.386217214167118 ], [ 6546979.528496159240603, 8782147.71984151378274 ], [ 6547020.495329449884593, 8782036.485561335459352 ], [ 6547058.362386991269886, 8781953.712605463340878 ], [ 6547102.746066255494952, 8781878.199312124401331 ], [ 6547140.196645669639111, 8781823.650566475465894 ], [ 6547196.558151497505605, 8781753.8806914370507 ], [ 6547266.462203115224838, 8781686.202730122953653 ], [ 6546803.978100443258882, 8781338.779937945306301 ], [ 6546759.618075123056769, 8781320.749200258404016 ], [ 6546692.947756307199597, 8781287.940345391631126 ], [ 6546329.592973157763481, 8782054.003563823178411 ] ] ] ] } },
{ "type": "Feature", "properties": { "lv_id": "LOC_031978", "id": 148733.0, "CD_SETOR": "291700305000043", "SITUACAO": "Rural", "CD_SIT": "8", "CD_TIPO": "0", "AREA_KM2": 47.319664422590201, "CD_REGIAO": "2", "NM_REGIAO": "Nordeste", "CD_UF": "29", "NM_UF": "Bahia", "CD_MUN": "2917003", "NM_MUN": "Itiúba", "CD_DIST": "291700305", "NM_DIST": "Itiúba", "CD_SUBDIST": "29170030500", "NM_SUBDIST": null, "CD_BAIRRO": null, "NM_BAIRRO": null, "CD_NU": null, "NM_NU": null, "CD_FCU": null, "NM_FCU": null, "CD_AGLOM": null, "NM_AGLOM": null, "CD_RGINT": "2908", "NM_RGINT": "Juazeiro", "CD_RGI": "290023", "NM_RGI": "Senhor do Bonfim", "CD_CONCURB": null, "NM_CONCURB": null, "mun_code_x": "2917003", "index_right": 7749, "dist_m": 186.73417526135393, "local_id": 339731, "ano": 2022, "cod_localidade_ibge": 2917003, "NR_ZONA": "149", "nr_cep": 48850000.0, "nm_localidade": "ITIÚBA", "nm_locvot": "PREDIO ESCOLAR ALMIRO JOSE DA SILVA", "ds_endereco": "RUA BENJAMIN CONSTANT, S/N - ZONA URBANA", "ds_bairro": "CENTRO", "pred_long": -39.849522, "pred_lat": -10.687544, "pred_dist": 0.044337183949316898, "tse_long": null, "tse_lat": null, "long": -39.849522, "lat": -10.687544, "ID_UNICO": "LOC_031978", "SG_UF": "BA", "CD_MUNICIPIO": "36412", "NR_LOCAL_VOTACAO": "1058", "QT_SECOES_AGREGADAS": 0, "QT_ELEITORES_TRANSFERIDOS": 0, "CIRO GOMES (PDT) (NÃO ELEITO) 1T": 11.0, "CONSTITUINTE EYMAEL (DC) (NÃO ELEITO) 1T": 0.0, "FELIPE D AVILA (NOVO) (NÃO ELEITO) 1T": 2.0, "JAIR BOLSONARO (PL) (2º TURNO) 1T": 116.0, "LULA (PT) (2º TURNO) 1T": 287.0, "LÉO PÉRICLES (UP) (NÃO ELEITO) 1T": 0.0, "PADRE KELMON (PTB) (NÃO ELEITO) 1T": 0.0, "SIMONE TEBET (MDB) (NÃO ELEITO) 1T": 3.0, "SOFIA MANZANO (PCB) (NÃO ELEITO) 1T": 0.0, "SORAYA THRONICKE (UNIÃO) (NÃO ELEITO) 1T": 2.0, "VERA (PSTU) (NÃO ELEITO) 1T": 0.0, "Total_Votos_Validos 1T": 421.0, "Votos_Brancos 1T": 4.0, "Votos_Nulos 1T": 15.0, "Abstenções 1T": 177.0, "Eleitores_Aptos 1T": 617.0, "JAIR BOLSONARO (PL) (NÃO ELEITO) 2T": 125.0, "LULA (PT) (ELEITO) 2T": 286.0, "Total_Votos_Validos 2T": 411.0, "Votos_Brancos 2T": 4.0, "Votos_Nulos 2T": 18.0, "Abstenções 2T": 184.0, "Eleitores_Aptos 2T": 617.0, "mun_code_y": "2917003", "mun_code": "2917003" }, "geometry": { "type": "Polygon", "coordinates": [ [ [ 6550303.987445801496506, 8784983.641224376857281 ], [ 6550611.201139938086271, 8784793.887819206342101 ], [ 6550833.376268340274692, 8784662.929078739136457 ], [ 6551017.965030867606401, 8784549.642508018761873 ], [ 6551084.067781589925289, 8784501.0922930855304 ], [ 6551120.385028481483459, 8784460.350241102278233 ], [ 6551564.009422667324543, 8783810.934833627194166 ], [ 6551650.654173259623349, 8783688.425667194649577 ], [ 6551702.95120558142662, 8783636.205872748047113 ], [ 6551850.892971361987293, 8783543.116278704255819 ], [ 6552018.813896716572344, 8783431.820554496720433 ], [ 6552064.942393246106803, 8783378.126242266967893 ], [ 6552166.728818457573652, 8783227.69738538376987 ], [ 6552229.373232549987733, 8783079.692719254642725 ], [ 6552261.576789698563516, 8783038.906621690839529 ], [ 6552334.755728070624173, 8782958.778217351064086 ], [ 6552365.25957808457315, 8782916.268126023933291 ], [ 6552440.274716325104237, 8782755.000794230028987 ], [ 6552492.611133748665452, 8782659.237169686704874 ], [ 6552524.007687214761972, 8782623.846478786319494 ], [ 6552629.204984098672867, 8782540.567042037844658 ], [ 6552732.561675489880145, 8782452.958191387355328 ], [ 6552854.062993192113936, 8782276.126438019797206 ], [ 6552935.751352133229375, 8782151.162304336205125 ], [ 6552994.858754456043243, 8782068.299854474142194 ], [ 6553040.835461203940213, 8782036.39870778657496 ], [ 6553089.329015854746103, 8782024.885008385404944 ], [ 6553131.690810179337859, 8782028.774372436106205 ], [ 6553203.108522047288716, 8782051.932828703895211 ], [ 6553216.839711719192564, 8782012.962351804599166 ], [ 6553226.230772944167256, 8781963.586274299770594 ], [ 6553260.234679310582578, 8781935.713457390666008 ], [ 6553348.120241085998714, 8781932.136290948837996 ], [ 6553378.600379934534431, 8781876.452358422800899 ], [ 6553364.603556089103222, 8781772.160749899223447 ], [ 6553384.975999321788549, 8781702.561908148229122 ], [ 6553481.6153305452317, 8781585.946838028728962 ], [ 6553545.798171708360314, 8781470.859377706423402 ], [ 6553627.693517913110554, 8781453.380963729694486 ], [ 6553660.245983212254941, 8781519.540227927267551 ], [ 6553735.325638629496098, 8781574.732381580397487 ], [ 6553790.847793985158205, 8781578.32226731441915 ], [ 6553843.742352391593158, 8781566.318645015358925 ], [ 6553908.782184053212404, 8781529.111870933324099 ], [ 6553951.312987092882395, 8781446.19710317067802 ], [ 6553955.551113192923367, 8781386.177242070436478 ], [ 6553959.556286313571036, 8781285.045743230730295 ], [ 6553987.874570043757558, 8781207.962442183867097 ], [ 6554210.148626956157386, 8780979.72309297695756 ], [ 6554608.916468570008874, 8780549.812865978106856 ], [ 6554720.469646904617548, 8780455.008684150874615 ], [ 6554784.705741388723254, 8780307.759475329890847 ], [ 6554776.353935693390667, 8780222.498773014172912 ], [ 6554740.810799000784755, 8780075.871819401159883 ], [ 6554755.689945759251714, 8779952.133503571152687 ], [ 6554772.490441595204175, 8779815.579184751957655 ], [ 6554772.79170854575932, 8779734.948533155024052 ], [ 6554725.75388499442488, 8779692.916376728564501 ], [ 6554675.740139551460743, 8779651.42079553194344 ], [ 6554638.099536535330117, 8779566.531478486955166 ], [ 6554658.293726812116802, 8779452.994196351617575 ], [ 6554717.213478336110711, 8779156.569484235718846 ], [ 6554821.522194659337401, 8778867.170358996838331 ], [ 6555041.782855103723705, 8778289.958231635391712 ], [ 6555292.210909051820636, 8777685.439511559903622 ], [ 6555393.488427656702697, 8777554.415897015482187 ], [ 6555430.648735637776554, 8777457.742358703166246 ], [ 6555430.019299168139696, 8777261.144427446648479 ], [ 6555297.612389403395355, 8776238.325911372900009 ], [ 6555202.30975534953177, 8775610.686192218214273 ], [ 6555168.751071620732546, 8775378.720974968746305 ], [ 6555144.395705314353108, 8775246.188006335869431 ], [ 6555146.338855354115367, 8774928.960092136636376 ], [ 6555174.115955682471395, 8774820.629411159083247 ], [ 6555168.947612160816789, 8774566.364443797618151 ], [ 6555297.370245830155909, 8774293.336648708209395 ], [ 6555326.051687881350517, 8774207.874396435916424 ], [ 6555363.223023061640561, 8774009.533785123378038 ], [ 6555394.099708831869066, 8773806.968258820474148 ], [ 6555411.26751777343452, 8773684.722996897995472 ], [ 6555420.829980279318988, 8773515.649145219475031 ], [ 6555436.156190634705126, 8773383.863350227475166 ], [ 6555114.82093249913305, 8773411.788730002939701 ], [ 6555146.591207524761558, 8773318.324946200475097 ], [ 6554992.922985217534006, 8773337.350941397249699 ], [ 6554783.280515406280756, 8773358.916099920868874 ], [ 6554733.248224864713848, 8773360.667144913226366 ], [ 6554675.432728480547667, 8773344.098805336281657 ], [ 6554483.032845008186996, 8773253.373512804508209 ], [ 6554421.810012272559106, 8773230.554048346355557 ], [ 6554346.859291855245829, 8773218.498404275625944 ], [ 6554270.671364204958081, 8773227.415412357077003 ], [ 6554210.886147969402373, 8773252.096058055758476 ], [ 6554164.80927006341517, 8773283.70164362154901 ], [ 6553816.806497529149055, 8773646.716635908931494 ], [ 6553412.608615972101688, 8774060.46899108029902 ], [ 6553329.720242840237916, 8774124.806202534586191 ], [ 6553247.234383348375559, 8774170.479046789929271 ], [ 6553052.051497559063137, 8774257.0074846688658 ], [ 6552986.801023442298174, 8774290.556850828230381 ], [ 6552888.856946256011724, 8774362.795514170080423 ], [ 6552817.365409208461642, 8774433.842855533584952 ], [ 6552747.928355756215751, 8774520.337537148967385 ], [ 6552702.352009533904493, 8774602.363092646002769 ], [ 6552659.089245716109872, 8774700.953078486025333 ], [ 6552632.183656395412982, 8774798.819868938997388 ], [ 6552606.976829710416496, 8774971.995951890945435 ], [ 6552590.66281380597502, 8775020.747883684933186 ], [ 6552553.678586840629578, 8775097.74446857534349 ], [ 6552532.834149712696671, 8775153.730273617431521 ], [ 6552520.690484615042806, 8775227.798369454219937 ], [ 6552525.362000238150358, 8775289.856211472302675 ], [ 6552544.798052832484245, 8775348.197815183550119 ], [ 6552659.186303645372391, 8775627.160234516486526 ], [ 6552669.275461356155574, 8775694.680986031889915 ], [ 6552659.025980450212955, 8775750.130981901660562 ], [ 6552614.429683682508767, 8775861.095924286171794 ], [ 6552547.418251235969365, 8776005.048997551202774 ], [ 6552497.197399968281388, 8776081.925897378474474 ], [ 6552427.656595006585121, 8776171.144363667815924 ], [ 6552377.907236241735518, 8776237.769842771813273 ], [ 6552340.479548409581184, 8776304.954491293057799 ], [ 6552276.094853986054659, 8776449.216214677318931 ], [ 6552240.218615733087063, 8776510.364586601033807 ], [ 6552086.930037338286638, 8776727.128005526959896 ], [ 6551889.529788700863719, 8777010.888352807611227 ], [ 6551836.33355978038162, 8777078.615594649687409 ], [ 6551781.037076586857438, 8777123.884261529892683 ], [ 6551710.675997798331082, 8777165.378098985180259 ], [ 6551636.242815256118774, 8777193.490026585757732 ], [ 6551553.886280340142548, 8777203.973553482443094 ], [ 6551340.695666364394128, 8777194.462433185428381 ], [ 6551270.258363244123757, 8777173.447966285049915 ], [ 6551150.37957157753408, 8777108.283141179010272 ], [ 6551106.355915193445981, 8777096.18678505346179 ], [ 6551052.432847335003316, 8777096.052573246881366 ], [ 6550998.164319273084402, 8777113.277695652097464 ], [ 6550949.128531753085554, 8777149.885181695222855 ], [ 6550916.693629485554993, 8777198.258009850978851 ], [ 6550903.244342149235308, 8777241.091079806908965 ], [ 6550872.8740359172225, 8777443.235268974676728 ], [ 6550856.806257406249642, 8777489.404414303600788 ], [ 6550833.277949552983046, 8777523.751032775267959 ], [ 6550796.843413759022951, 8777566.093101177364588 ], [ 6550741.787663937546313, 8777608.780677784234285 ], [ 6550643.656560137867928, 8777662.302723560482264 ], [ 6550579.057625159621239, 8777702.236956316977739 ], [ 6550537.012264095246792, 8777749.774060983210802 ], [ 6550486.160296296700835, 8777830.829637521877885 ], [ 6550446.006937085650861, 8777925.576227065175772 ], [ 6550424.898426400497556, 8777960.425804665312171 ], [ 6550390.14688404276967, 8777998.652141228318214 ], [ 6550355.154126434586942, 8778051.26784310862422 ], [ 6550306.958406782709062, 8778136.099147042259574 ], [ 6550235.481140743009746, 8778204.831007083877921 ], [ 6550195.040296368300915, 8778260.695788487792015 ], [ 6550109.673712242394686, 8778380.943542402237654 ], [ 6550065.581661289557815, 8778414.638854967430234 ], [ 6549985.173557870090008, 8778455.183493973687291 ], [ 6549958.719471456483006, 8778472.980843499302864 ], [ 6549894.261010537855327, 8778541.033405406400561 ], [ 6549861.927516145631671, 8778562.214108873158693 ], [ 6549766.34717586543411, 8778600.959191773086786 ], [ 6549584.987578462809324, 8778782.94059276022017 ], [ 6549471.806017125956714, 8778944.358137281611562 ], [ 6549451.935715159401298, 8778985.293610513210297 ], [ 6549361.603664624504745, 8779171.425740962848067 ], [ 6549203.955779281444848, 8779350.802197262644768 ], [ 6549121.635282391682267, 8779452.337017346173525 ], [ 6549075.838607757352293, 8779560.947602082043886 ], [ 6549018.397490248084068, 8779614.190535966306925 ], [ 6548970.803100854158401, 8779654.985695818439126 ], [ 6548933.570942886173725, 8779723.261081689968705 ], [ 6548918.080388136208057, 8779811.846248589456081 ], [ 6548893.180859101936221, 8779850.126432029530406 ], [ 6548751.924417813308537, 8780023.187234694138169 ], [ 6548692.484401227906346, 8780098.718698365613818 ], [ 6548646.157282123342156, 8780161.618393190205097 ], [ 6548599.421303564682603, 8780201.106427194550633 ], [ 6548556.160333626903594, 8780218.783079179003835 ], [ 6548512.332203347235918, 8780229.051908308640122 ], [ 6548425.541212021373212, 8780235.879198845475912 ], [ 6548371.089972067624331, 8780247.331417236477137 ], [ 6548309.253534540534019, 8780281.788844903931022 ], [ 6548248.754298103973269, 8780320.608305562287569 ], [ 6548217.096281207166612, 8780359.607476053759456 ], [ 6548196.875497568398714, 8780410.987442037090659 ], [ 6548168.632071693427861, 8780470.64837097749114 ], [ 6548149.816062190569937, 8780502.36469885520637 ], [ 6548126.804753866046667, 8780542.482619680464268 ], [ 6548096.778307724744081, 8780592.56815879046917 ], [ 6548063.879927258938551, 8780637.780282203108072 ], [ 6548031.842410118319094, 8780681.698583677411079 ], [ 6547939.733856563456357, 8780785.21036821603775 ], [ 6547795.02687905728817, 8780915.203812787309289 ], [ 6547722.840084444731474, 8780981.953595040366054 ], [ 6547682.440592907369137, 8781011.786380674690008 ], [ 6547800.157585335895419, 8781131.636028923094273 ], [ 6547637.3133495580405, 8781648.442204128950834 ], [ 6547509.298560868017375, 8782155.309474097564816 ], [ 6547474.642063322477043, 8782294.075257498770952 ], [ 6547388.33676637802273, 8782253.830395041033626 ], [ 6547373.755412723869085, 8782262.639149298891425 ], [ 6547352.052195387892425, 8782238.08461051248014 ], [ 6547324.372914656996727, 8782267.148998133838177 ], [ 6547310.798193323425949, 8782249.164998156949878 ], [ 6547281.344307803548872, 8782278.219439810141921 ], [ 6547321.269230991601944, 8782327.11191700771451 ], [ 6547286.263643024489284, 8782354.494012266397476 ], [ 6547252.495627058669925, 8782352.690000396221876 ], [ 6547137.541549338027835, 8782342.830083096399903 ], [ 6547120.673895236104727, 8782341.323033625259995 ], [ 6547098.340679016895592, 8782339.314030956476927 ], [ 6547066.680217994377017, 8782333.274796957150102 ], [ 6547094.610345529392362, 8782252.314315244555473 ], [ 6546998.495381273329258, 8782205.11984403245151 ], [ 6546973.45213682949543, 8782276.33685483597219 ], [ 6546942.055785052478313, 8782351.390491364523768 ], [ 6546929.505262767896056, 8782392.88294936530292 ], [ 6546900.208211091347039, 8782387.521894944831729 ], [ 6546875.224808795377612, 8782481.069638287648559 ], [ 6546851.085694877430797, 8782552.689121043309569 ], [ 6546807.564424964599311, 8782675.279651859775186 ], [ 6546752.815002676099539, 8782802.169028153643012 ], [ 6546692.710967865772545, 8782892.638566914945841 ], [ 6546620.931418435648084, 8782985.990784091874957 ], [ 6546521.75196516700089, 8783077.199589924886823 ], [ 6546494.697842327877879, 8783105.366433631628752 ], [ 6546451.214813323691487, 8783150.645140793174505 ], [ 6546389.598433192819357, 8783225.688247621059418 ], [ 6546350.251702136360109, 8783279.840466337278485 ], [ 6547612.856528647243977, 8782957.207558117806911 ], [ 6547724.663564875721931, 8783309.142837148159742 ], [ 6547729.825304942205548, 8783352.18483455106616 ], [ 6547710.241612313315272, 8783569.394343629479408 ], [ 6547653.049356773495674, 8783664.943700125440955 ], [ 6547645.227565126493573, 8783699.904039079323411 ], [ 6547653.682934002019465, 8783765.597180958837271 ], [ 6547696.910909097641706, 8783927.667214196175337 ], [ 6547715.604524487629533, 8783967.25077504850924 ], [ 6547788.831822158768773, 8784042.200392277911305 ], [ 6548147.313279367983341, 8784385.527761584147811 ], [ 6548307.415345704182982, 8784533.015497729182243 ], [ 6548469.888302245177329, 8784678.434754276648164 ], [ 6548579.795610100030899, 8784778.763268873095512 ], [ 6548676.148719630204141, 8784866.623939547687769 ], [ 6548726.678589778020978, 8784938.785038217902184 ], [ 6548797.148379156365991, 8785062.799663761630654 ], [ 6548832.334220280870795, 8785101.379308788105845 ], [ 6548885.162780081853271, 8785137.999870046973228 ], [ 6548943.323210874572396, 8785156.943453447893262 ], [ 6549013.456624668091536, 8785159.992402942851186 ], [ 6549170.548181409016252, 8785145.606229430064559 ], [ 6549539.485719282180071, 8785098.828942365944386 ], [ 6550244.814185423776507, 8785010.456655036658049 ], [ 6550303.987445801496506, 8784983.641224376857281 ] ] ] } },
{ "type": "Feature", "properties": { "lv_id": "LOC_031979", "id": 148782.0, "CD_SETOR": "291700305000099", "SITUACAO": "Rural", "CD_SIT": "8", "CD_TIPO": "0", "AREA_KM2": 21.60732921046344, "CD_REGIAO": "2", "NM_REGIAO": "Nordeste", "CD_UF": "29", "NM_UF": "Bahia", "CD_MUN": "2917003", "NM_MUN": "Itiúba", "CD_DIST": "291700305", "NM_DIST": "Itiúba", "CD_SUBDIST": "29170030500", "NM_SUBDIST": null, "CD_BAIRRO": null, "NM_BAIRRO": null, "CD_NU": null, "NM_NU": null, "CD_FCU": null, "NM_FCU": null, "CD_AGLOM": null, "NM_AGLOM": null, "CD_RGINT": "2908", "NM_RGINT": "Juazeiro", "CD_RGI": "290023", "NM_RGI": "Senhor do Bonfim", "CD_CONCURB": null, "NM_CONCURB": null, "mun_code_x": "2917003", "index_right": 7738, "dist_m": 0.0, "local_id": 339720, "ano": 2022, "cod_localidade_ibge": 2917003, "NR_ZONA": "149", "nr_cep": 48850000.0, "nm_localidade": "ITIÚBA", "nm_locvot": "COLEGIO GETULIO VARGAS", "ds_endereco": "AV. VEREADOR OSVALDO CAMPOS, S/N - ZONA URBANA", "ds_bairro": "CENTRO", "pred_long": -39.845033, "pred_lat": -10.737664, "pred_dist": 0.018671906520381001, "tse_long": null, "tse_lat": null, "long": -39.845033, "lat": -10.737664, "ID_UNICO": "LOC_031979", "SG_UF": "BA", "CD_MUNICIPIO": "36412", "NR_LOCAL_VOTACAO": "1104", "QT_SECOES_AGREGADAS": 0, "QT_ELEITORES_TRANSFERIDOS": 16, "CIRO GOMES (PDT) (NÃO ELEITO) 1T": 19.0, "CONSTITUINTE EYMAEL (DC) (NÃO ELEITO) 1T": 0.0, "FELIPE D AVILA (NOVO) (NÃO ELEITO) 1T": 0.0, "JAIR BOLSONARO (PL) (2º TURNO) 1T": 239.0, "LULA (PT) (2º TURNO) 1T": 464.0, "LÉO PÉRICLES (UP) (NÃO ELEITO) 1T": 0.0, "PADRE KELMON (PTB) (NÃO ELEITO) 1T": 0.0, "SIMONE TEBET (MDB) (NÃO ELEITO) 1T": 14.0, "SOFIA MANZANO (PCB) (NÃO ELEITO) 1T": 1.0, "SORAYA THRONICKE (UNIÃO) (NÃO ELEITO) 1T": 8.0, "VERA (PSTU) (NÃO ELEITO) 1T": 0.0, "Total_Votos_Validos 1T": 745.0, "Votos_Brancos 1T": 16.0, "Votos_Nulos 1T": 25.0, "Abstenções 1T": 420.0, "Eleitores_Aptos 1T": 1206.0, "JAIR BOLSONARO (PL) (NÃO ELEITO) 2T": 252.0, "LULA (PT) (ELEITO) 2T": 486.0, "Total_Votos_Validos 2T": 738.0, "Votos_Brancos 2T": 15.0, "Votos_Nulos 2T": 38.0, "Abstenções 2T": 415.0, "Eleitores_Aptos 2T": 1206.0, "mun_code_y": "2917003", "mun_code": "2917003" }, "geometry": { "type": "Polygon", "coordinates": [ [ [ 6547652.766335566528141, 8781038.584305819123983 ], [ 6547628.540621639229357, 8780911.342746650800109 ], [ 6547718.159441918134689, 8779793.484882384538651 ], [ 6548125.582100803032517, 8779842.257639367133379 ], [ 6549024.858997513540089, 8778591.486621774733067 ], [ 6549451.935715159401298, 8778985.293610513210297 ], [ 6549471.806017125956714, 8778944.358137281611562 ], [ 6549584.987578462809324, 8778782.94059276022017 ], [ 6549766.34717586543411, 8778600.959191773086786 ], [ 6549706.066696586087346, 8778426.67246794141829 ], [ 6549776.232552924193442, 8778377.399035012349486 ], [ 6549847.675305865705013, 8778243.79318012483418 ], [ 6549873.26468070782721, 8778126.414976555854082 ], [ 6549898.777788691222668, 8777887.413067284971476 ], [ 6549879.367316542193294, 8777782.17622958868742 ], [ 6549806.851831245236099, 8777680.83519608527422 ], [ 6549745.531267089769244, 8777522.01362501271069 ], [ 6549689.531748753041029, 8777409.000407421961427 ], [ 6549653.838691303506494, 8777262.053829627111554 ], [ 6549518.727449334226549, 8777112.610516967251897 ], [ 6549334.568726422265172, 8776924.7131717056036 ], [ 6549239.029978209175169, 8776773.105546981096268 ], [ 6549165.806918052956462, 8776621.267858881503344 ], [ 6549084.580409815534949, 8776577.342163901776075 ], [ 6548960.667352241463959, 8776569.51042801886797 ], [ 6548825.933181886561215, 8776609.574281180277467 ], [ 6548754.538673014380038, 8776612.865710385143757 ], [ 6548582.735855353996158, 8776553.071273364126682 ], [ 6548514.438367354683578, 8776481.732960937544703 ], [ 6548437.963932100683451, 8776387.181999878957868 ], [ 6548380.344848837703466, 8776250.91039764881134 ], [ 6548412.796057062223554, 8776107.213933140039444 ], [ 6548486.407489356584847, 8775854.261310676112771 ], [ 6548569.67792391218245, 8775687.696290826424956 ], [ 6548615.174421593546867, 8775522.872832546010613 ], [ 6548622.865295933559537, 8775359.80466566234827 ], [ 6548604.730952695943415, 8775239.247883219271898 ], [ 6548477.968851821497083, 8775117.239927591755986 ], [ 6548339.355984458699822, 8775039.698460189625621 ], [ 6548239.800552202388644, 8775024.955822113901377 ], [ 6548205.188452926464379, 8774979.157023333013058 ], [ 6548158.84215003810823, 8774960.978362085297704 ], [ 6548088.388763086870313, 8774984.54696068353951 ], [ 6547962.617832810617983, 8774936.18239120207727 ], [ 6547910.399306936189532, 8774931.819474974647164 ], [ 6547844.582990325987339, 8774914.539113646373153 ], [ 6547797.969310203567147, 8774917.81861238181591 ], [ 6547694.097955819219351, 8774894.392851658165455 ], [ 6547659.795307801105082, 8774855.352753987535834 ], [ 6547619.002105975523591, 8774816.600787984207273 ], [ 6547585.945155183784664, 8774804.581296216696501 ], [ 6547535.579643225297332, 8774840.766627866774797 ], [ 6547449.984718468040228, 8774817.626253305003047 ], [ 6547325.758885134011507, 8774803.05160827934742 ], [ 6547290.849499568343163, 8774750.483913984149694 ], [ 6547178.060281029902399, 8774701.520445806905627 ], [ 6547104.51965500228107, 8774657.507345210760832 ], [ 6547068.056239362806082, 8774571.162144351750612 ], [ 6546953.735243106260896, 8774488.420379415154457 ], [ 6546863.623009943403304, 8774457.929923545569181 ], [ 6546744.225108219310641, 8774457.452195715159178 ], [ 6546643.174273405224085, 8774458.818442268297076 ], [ 6546628.298154917545617, 8774485.259063798934221 ], [ 6546611.161806027404964, 8774672.680805625393987 ], [ 6546535.338364836759865, 8774835.913668897002935 ], [ 6546469.661770306527615, 8775034.852163294330239 ], [ 6546458.478934223763645, 8775224.483048310503364 ], [ 6546427.786691810935736, 8775275.775782015174627 ], [ 6546406.186809467151761, 8775401.540579976513982 ], [ 6546364.364365184679627, 8775547.971475712954998 ], [ 6546322.201753254048526, 8775638.018407877534628 ], [ 6546239.214215103536844, 8775730.105192041024566 ], [ 6546209.52757347561419, 8775866.125251688063145 ], [ 6546200.094867398031056, 8775959.143980346620083 ], [ 6546179.747159537859261, 8775995.308899288997054 ], [ 6546164.894287776201963, 8776101.300077326595783 ], [ 6546178.555620559491217, 8776131.954203955829144 ], [ 6546179.823534635826945, 8776180.644721314311028 ], [ 6546168.97439044341445, 8776214.297156376764178 ], [ 6546185.726535303518176, 8776281.758322298526764 ], [ 6546110.023997891694307, 8776492.653877794742584 ], [ 6546072.625793130137026, 8776562.664510743692517 ], [ 6546064.647395936772227, 8776614.391092356294394 ], [ 6546055.090701763518155, 8776649.51131627894938 ], [ 6546019.590998185798526, 8776712.422819618135691 ], [ 6546010.794145580381155, 8776735.149823492392898 ], [ 6545990.328135261312127, 8776768.035809349268675 ], [ 6545968.819557359442115, 8776796.306909823790193 ], [ 6545963.151973180472851, 8776814.420847456902266 ], [ 6545949.548678326420486, 8776831.634476656094193 ], [ 6545940.103936431929469, 8776853.843945452943444 ], [ 6545928.321581184864044, 8776890.593928260728717 ], [ 6545924.720916027203202, 8776912.979081472381949 ], [ 6545883.075861494988203, 8776971.532499121502042 ], [ 6545852.455742688849568, 8777150.229101264849305 ], [ 6545843.395393375307322, 8777216.939250094816089 ], [ 6545847.302761537022889, 8777241.179206240922213 ], [ 6545828.642311085015535, 8777326.947677725926042 ], [ 6545813.561409181915224, 8777345.870493283495307 ], [ 6545775.7417859621346, 8777436.281918985769153 ], [ 6545763.644129939377308, 8777477.434945115819573 ], [ 6545762.223872642032802, 8777497.701703138649464 ], [ 6545743.136379409581423, 8777545.024450715631247 ], [ 6545725.227934941649437, 8777583.856646338477731 ], [ 6545696.953483851626515, 8777622.526949120685458 ], [ 6545667.418491709977388, 8777692.674376994371414 ], [ 6545657.053582593798637, 8777705.280813161283731 ], [ 6545582.300906637683511, 8777741.88067265599966 ], [ 6545528.53183573205024, 8777783.375387519598007 ], [ 6545506.482844251208007, 8777803.187875155359507 ], [ 6545449.307807790115476, 8777888.216604566201568 ], [ 6545373.781268872320652, 8777972.78855979628861 ], [ 6545311.107484748587012, 8778043.123308762907982 ], [ 6545285.794242653995752, 8778061.717240834608674 ], [ 6545244.367263621650636, 8778120.598510347306728 ], [ 6545208.120826258324087, 8778153.762303879484534 ], [ 6545204.125632836483419, 8778169.438592419028282 ], [ 6545206.510670365765691, 8778185.517169095575809 ], [ 6545243.912985665723681, 8778311.081186775118113 ], [ 6545238.843105157837272, 8778344.294613631442189 ], [ 6545224.540463358163834, 8778370.487852074205875 ], [ 6545213.182595034129918, 8778425.308248782530427 ], [ 6545207.086352575570345, 8778441.981600286439061 ], [ 6545207.428100458346307, 8778455.030415607616305 ], [ 6545199.005383460782468, 8778469.667390806600451 ], [ 6545195.149498888291419, 8778489.133444989100099 ], [ 6545186.561745205894113, 8778503.994579829275608 ], [ 6545182.729676828719676, 8778519.651894576847553 ], [ 6545176.386973391287029, 8778615.168074136599898 ], [ 6545166.274927208200097, 8778650.687682410702109 ], [ 6545162.93009327724576, 8778673.20822542347014 ], [ 6545169.119538204744458, 8778689.397108901292086 ], [ 6545160.638347084634006, 8778722.014566229656339 ], [ 6545150.192493341863155, 8778777.647739306092262 ], [ 6545154.385386252775788, 8778809.409599918872118 ], [ 6545140.266286201775074, 8778849.04607892036438 ], [ 6545127.32920048199594, 8778869.647152591496706 ], [ 6545121.406996550038457, 8778885.822121568024158 ], [ 6545124.281814696267247, 8779003.714833768084645 ], [ 6545135.277058749459684, 8779029.270590614527464 ], [ 6545136.929013389162719, 8779084.872603502124548 ], [ 6545126.221405930817127, 8779137.177328811958432 ], [ 6545123.491910093463957, 8779171.799145707860589 ], [ 6545110.75266124214977, 8779251.682525616139174 ], [ 6545109.870700294151902, 8779370.317539824172854 ], [ 6545129.453143160790205, 8779419.054615952074528 ], [ 6545144.301073202863336, 8779508.182765221223235 ], [ 6545118.6385568222031, 8779570.94332099892199 ], [ 6545098.177230460569263, 8779616.353658014908433 ], [ 6545092.186224012635648, 8779658.740198852494359 ], [ 6545101.613898176699877, 8779700.898118177428842 ], [ 6545117.444522373378277, 8779739.615899063646793 ], [ 6545165.220894407480955, 8779879.62809962965548 ], [ 6545174.507919031195343, 8779924.961841810494661 ], [ 6545166.780945988371968, 8780002.90497007034719 ], [ 6545143.554317646659911, 8780087.019559418782592 ], [ 6545109.985043598338962, 8780138.479871064424515 ], [ 6545096.772986676543951, 8780187.535827239975333 ], [ 6545073.901162326335907, 8780310.826843705028296 ], [ 6545024.838992716744542, 8780448.200366919860244 ], [ 6544964.448791977018118, 8780579.457799512892962 ], [ 6544940.313031213358045, 8780657.114701673388481 ], [ 6544920.130669126287103, 8780758.906238567084074 ], [ 6544947.25606095418334, 8781054.459853919222951 ], [ 6544957.538884571753442, 8781132.157901342958212 ], [ 6544952.993045119568706, 8781167.603329062461853 ], [ 6544902.820254762656987, 8781282.567269083112478 ], [ 6544895.546263610012829, 8781351.778617225587368 ], [ 6544891.656774225644767, 8781455.285317214205861 ], [ 6544935.528364989906549, 8781611.996470019221306 ], [ 6544988.621147772297263, 8781728.169445974752307 ], [ 6545020.203339454717934, 8781805.65612293407321 ], [ 6545062.017893409356475, 8781858.848483802750707 ], [ 6545064.350910438224673, 8781882.761325363069773 ], [ 6545036.736655271612108, 8781962.297816956415772 ], [ 6545007.491077095270157, 8782003.696281595155597 ], [ 6544988.293800785206258, 8782043.300767550244927 ], [ 6544979.823869591578841, 8782112.749176593497396 ], [ 6544949.80933066830039, 8782215.935708925127983 ], [ 6544919.96679669059813, 8782353.849481891840696 ], [ 6544968.76999045163393, 8782389.702646793797612 ], [ 6544997.570930473506451, 8782433.89275642298162 ], [ 6545009.76008521206677, 8782482.217633021995425 ], [ 6545646.315913213416934, 8782799.163247223943472 ], [ 6545876.112860101275146, 8782479.046038331463933 ], [ 6545882.584345994517207, 8782333.441604383289814 ], [ 6546053.022318520583212, 8782341.253636348992586 ], [ 6546101.513206358999014, 8782301.639240425080061 ], [ 6546299.925970720127225, 8782095.743486223742366 ], [ 6546329.592973157763481, 8782054.003563823178411 ], [ 6546692.947756307199597, 8781287.940345391631126 ], [ 6546759.618075123056769, 8781320.749200258404016 ], [ 6546803.978100443258882, 8781338.779937945306301 ], [ 6547266.462203115224838, 8781686.202730122953653 ], [ 6547337.673957455903292, 8781592.116694653406739 ], [ 6547359.093938203528523, 8781547.274687550961971 ], [ 6547387.063671879470348, 8781448.467748999595642 ], [ 6547413.587302948348224, 8781382.436335014179349 ], [ 6547468.849452622234821, 8781277.200580453500152 ], [ 6547560.547258052043617, 8781139.737368570640683 ], [ 6547652.766335566528141, 8781038.584305819123983 ] ] ] } },
{ "type": "Feature", "properties": { "lv_id": "LOC_031980", "id": 148725.0, "CD_SETOR": "291700305000028", "SITUACAO": "Rural", "CD_SIT": "8", "CD_TIPO": "0", "AREA_KM2": 84.338704614874999, "CD_REGIAO": "2", "NM_REGIAO": "Nordeste", "CD_UF": "29", "NM_UF": "Bahia", "CD_MUN": "2917003", "NM_MUN": "Itiúba", "CD_DIST": "291700305", "NM_DIST": "Itiúba", "CD_SUBDIST": "29170030500", "NM_SUBDIST": null, "CD_BAIRRO": null, "NM_BAIRRO": null, "CD_NU": null, "NM_NU": null, "CD_FCU": null, "NM_FCU": null, "CD_AGLOM": "291700300006", "NM_AGLOM": "Picos", "CD_RGINT": "2908", "NM_RGINT": "Juazeiro", "CD_RGI": "290023", "NM_RGI": "Senhor do Bonfim", "CD_CONCURB": null, "NM_CONCURB": null, "mun_code_x": "2917003", "index_right": 7754, "dist_m": 58.950339870532837, "local_id": 339736, "ano": 2022, "cod_localidade_ibge": 2917003, "NR_ZONA": "149", "nr_cep": 48850000.0, "nm_localidade": "ITIÚBA", "nm_locvot": "COLÉGIO AGRÁRIO SOARES DE ARAÚJO", "ds_endereco": "POV. PICOS - ZONA RURAL", "ds_bairro": "POVOADO PICOS", "pred_long": -39.898774, "pred_lat": -10.632469, "pred_dist": 0.021697187907303801, "tse_long": null, "tse_lat": null, "long": -39.898774, "lat": -10.632469, "ID_UNICO": "LOC_031980", "SG_UF": "BA", "CD_MUNICIPIO": "36412", "NR_LOCAL_VOTACAO": "1422", "QT_SECOES_AGREGADAS": 0, "QT_ELEITORES_TRANSFERIDOS": 0, "CIRO GOMES (PDT) (NÃO ELEITO) 1T": 8.0, "CONSTITUINTE EYMAEL (DC) (NÃO ELEITO) 1T": 0.0, "FELIPE D AVILA (NOVO) (NÃO ELEITO) 1T": 0.0, "JAIR BOLSONARO (PL) (2º TURNO) 1T": 85.0, "LULA (PT) (2º TURNO) 1T": 221.0, "LÉO PÉRICLES (UP) (NÃO ELEITO) 1T": 0.0, "PADRE KELMON (PTB) (NÃO ELEITO) 1T": 0.0, "SIMONE TEBET (MDB) (NÃO ELEITO) 1T": 11.0, "SOFIA MANZANO (PCB) (NÃO ELEITO) 1T": 0.0, "SORAYA THRONICKE (UNIÃO) (NÃO ELEITO) 1T": 0.0, "VERA (PSTU) (NÃO ELEITO) 1T": 0.0, "Total_Votos_Validos 1T": 325.0, "Votos_Brancos 1T": 11.0, "Votos_Nulos 1T": 11.0, "Abstenções 1T": 142.0, "Eleitores_Aptos 1T": 489.0, "JAIR BOLSONARO (PL) (NÃO ELEITO) 2T": 92.0, "LULA (PT) (ELEITO) 2T": 228.0, "Total_Votos_Validos 2T": 320.0, "Votos_Brancos 2T": 6.0, "Votos_Nulos 2T": 19.0, "Abstenções 2T": 144.0, "Eleitores_Aptos 2T": 489.0, "mun_code_y": "2917003", "mun_code": "2917003" }, "geometry": { "type": "Polygon", "coordinates": [ [ [ 6543247.012579446658492, 8789515.353896528482437 ], [ 6543303.634686231613159, 8789512.78037435375154 ], [ 6543519.029168085195124, 8789436.111320858821273 ], [ 6543583.935430373065174, 8789403.454533403739333 ], [ 6543642.109983989968896, 8789354.848388196900487 ], [ 6543691.207808585837483, 8789298.299080975353718 ], [ 6543735.105388024821877, 8789220.897505961358547 ], [ 6543757.833230981603265, 8789160.588219882920384 ], [ 6543813.375051813200116, 8788907.929436977952719 ], [ 6543834.149018701165915, 8788810.113857937976718 ], [ 6543863.441697355359793, 8788717.838109917938709 ], [ 6543914.253032011911273, 8788612.602335058152676 ], [ 6543933.058414002880454, 8788563.732890754938126 ], [ 6543939.653475657105446, 8788524.880426539108157 ], [ 6543938.808034582063556, 8788487.654665499925613 ], [ 6543931.16767424531281, 8788451.068719789385796 ], [ 6543885.081764275208116, 8788339.629467163234949 ], [ 6543868.980178151279688, 8788280.812606368213892 ], [ 6543854.616691193543375, 8788199.083998514339328 ], [ 6543854.646681202575564, 8788120.063040811568499 ], [ 6543858.829184212721884, 8788070.228906841948628 ], [ 6543867.924365983344615, 8788014.938842916861176 ], [ 6543880.457885060459375, 8787966.434345165267587 ], [ 6543905.310185842216015, 8787899.403660846874118 ], [ 6543943.777432346716523, 8787821.949485281482339 ], [ 6543969.205783946439624, 8787766.975472826510668 ], [ 6543989.16098952293396, 8787710.620474003255367 ], [ 6544004.230913366191089, 8787637.99303282238543 ], [ 6544012.289702652022243, 8787566.311784610152245 ], [ 6544009.762030487880111, 8787493.528174512088299 ], [ 6544004.587323563173413, 8787447.288797993212938 ], [ 6543965.991341565735638, 8787256.751738604158163 ], [ 6543936.496586412191391, 8787106.518784871324897 ], [ 6543910.514000215567648, 8786983.643979139626026 ], [ 6543902.264296002686024, 8786926.316619364544749 ], [ 6543900.941770576871932, 8786886.821305811405182 ], [ 6543904.185894665308297, 8786843.675296412780881 ], [ 6543915.693398527801037, 8786793.609480638056993 ], [ 6543939.283828855492175, 8786737.532647557556629 ], [ 6543961.259143945761025, 8786699.300868239253759 ], [ 6543986.484179568476975, 8786666.096188195049763 ], [ 6544008.909674420952797, 8786643.905419003218412 ], [ 6544079.563840305432677, 8786591.747240021824837 ], [ 6544117.591426389291883, 8786560.956622827798128 ], [ 6544148.115796238183975, 8786522.630948076024652 ], [ 6544170.623490501195192, 8786487.714303351938725 ], [ 6544223.002723494544625, 8786371.650809785351157 ], [ 6544279.45591714605689, 8786233.776134384796023 ], [ 6544293.645041594281793, 8786208.688526241108775 ], [ 6544307.222722339443862, 8786186.068263335153461 ], [ 6544338.920873881317675, 8786154.596255324780941 ], [ 6544371.125999560579658, 8786131.924253137782216 ], [ 6544407.350103954784572, 8786113.605866674333811 ], [ 6544461.317444741725922, 8786101.602764708921313 ], [ 6544546.238681594841182, 8786103.234975956380367 ], [ 6544604.211522174067795, 8786100.134370062500238 ], [ 6544668.241284938529134, 8786081.527395119890571 ], [ 6544720.552494432777166, 8786051.781592380255461 ], [ 6544764.532466107048094, 8786014.116739749908447 ], [ 6544810.361404827795923, 8785952.177122371271253 ], [ 6544894.181489548645914, 8785805.387820852920413 ], [ 6545034.211063046008348, 8785560.831525962799788 ], [ 6545217.115761319175363, 8785248.274279907345772 ], [ 6545365.314872791990638, 8784985.758465178310871 ], [ 6545505.961855221539736, 8784740.148330943658948 ], [ 6545631.74964683689177, 8784524.683414444327354 ], [ 6545803.021122552454472, 8784227.323507526889443 ], [ 6546003.459865763783455, 8783879.398062147200108 ], [ 6546117.430406185798347, 8783680.401203222572803 ], [ 6546199.177005504257977, 8783536.458765111863613 ], [ 6546264.943611626513302, 8783412.080112718045712 ], [ 6546350.251702136360109, 8783279.840466337278485 ], [ 6545354.402644213289022, 8783272.687035365030169 ], [ 6545326.760931711643934, 8783245.371746746823192 ], [ 6545265.350602688267827, 8783248.637165244668722 ], [ 6545161.173151860013604, 8783197.964888734742999 ], [ 6545338.169042805209756, 8782786.169468138366938 ], [ 6544806.318555599078536, 8782473.756178082898259 ], [ 6544477.281898453831673, 8782284.405191706493497 ], [ 6544472.868504027836025, 8782281.745841158553958 ], [ 6544365.50078125204891, 8782217.178350215777755 ], [ 6544285.218108553439379, 8782166.441883089020848 ], [ 6544205.932307291775942, 8782112.810045262798667 ], [ 6544032.317966191098094, 8781985.089153805747628 ], [ 6543697.483818532899022, 8781751.790303211659193 ], [ 6543278.568438317626715, 8781442.809879515320063 ], [ 6543061.637010381557047, 8781291.918032623827457 ], [ 6542974.350317677482963, 8781223.836091861128807 ], [ 6542876.956941811367869, 8781158.428299408406019 ], [ 6542777.083825618959963, 8781119.727994658052921 ], [ 6542684.585420138202608, 8781084.03014961630106 ], [ 6542435.397044191136956, 8780997.196744536980987 ], [ 6542280.811686389148235, 8780944.893349273130298 ], [ 6542270.384235807694495, 8780973.114979296922684 ], [ 6542301.695387670770288, 8781008.705608181655407 ], [ 6542341.939386254176497, 8781011.606279907748103 ], [ 6542371.100661271251738, 8781032.134962387382984 ], [ 6542391.851239547133446, 8781135.302180640399456 ], [ 6542432.885780496522784, 8781258.846004752442241 ], [ 6542392.645816585049033, 8781291.087327672168612 ], [ 6542357.008455560542643, 8781306.965918805450201 ], [ 6542332.008988169953227, 8781354.8557347971946 ], [ 6542342.943339515477419, 8781397.762117885053158 ], [ 6542331.587026599794626, 8781443.204035172238946 ], [ 6542277.569552574306726, 8781517.737282156944275 ], [ 6542205.107227193191648, 8781617.107802912592888 ], [ 6542148.162398336455226, 8781633.549531523138285 ], [ 6542124.506533746607602, 8781713.79484535753727 ], [ 6542042.941736210137606, 8781716.406720191240311 ], [ 6541992.006642671301961, 8781782.385050136595964 ], [ 6541918.581535572186112, 8781849.653187127783895 ], [ 6541849.889494433999062, 8782004.074254676699638 ], [ 6541845.507111243903637, 8782072.984878860414028 ], [ 6541814.186986503191292, 8782087.740970369428396 ], [ 6541794.422262001782656, 8782106.414401073008776 ], [ 6541804.400854959152639, 8782150.743185423314571 ], [ 6541830.291599659249187, 8782213.711028598248959 ], [ 6541818.95352734066546, 8782254.283459840342402 ], [ 6541790.174431236460805, 8782278.007801799103618 ], [ 6541699.363710187375546, 8782289.531416667625308 ], [ 6541582.280588833615184, 8782307.817317675799131 ], [ 6541503.655588328838348, 8782295.075002267956734 ], [ 6541428.601787310093641, 8782344.324639718979597 ], [ 6541403.777299592271447, 8782395.440167663618922 ], [ 6541374.082937283441424, 8782513.697484476491809 ], [ 6541459.663705785758793, 8782612.180530918762088 ], [ 6541453.046010762453079, 8782661.746376683935523 ], [ 6541409.175491854548454, 8782680.391184648498893 ], [ 6541358.902247891761363, 8782664.734376903623343 ], [ 6541302.24786697793752, 8782616.462093817070127 ], [ 6541212.317597752436996, 8782566.597615975886583 ], [ 6541182.203120998106897, 8782578.732570653781295 ], [ 6541129.894969442859292, 8782612.032806642353535 ], [ 6541096.217841167934239, 8782593.577942183241248 ], [ 6541075.189151007682085, 8782563.010656511411071 ], [ 6541033.905959245748818, 8782553.38334321603179 ], [ 6541023.578524112701416, 8782566.449816592037678 ], [ 6541050.464463396929204, 8782609.333241106942296 ], [ 6541083.666400434449315, 8782657.239936579018831 ], [ 6541077.122881945222616, 8782698.287160715088248 ], [ 6541092.43973178230226, 8782778.127489140257239 ], [ 6541119.942715462297201, 8782817.221604375168681 ], [ 6541161.404981100931764, 8782866.894409080967307 ], [ 6541135.390994001179934, 8782933.644312437623739 ], [ 6541133.727416420355439, 8782995.680841010063887 ], [ 6541104.309176951646805, 8783011.601804494857788 ], [ 6541044.438826773315668, 8783022.996853470802307 ], [ 6541045.44800522737205, 8783056.951495422050357 ], [ 6541083.429480126127601, 8783126.536471856757998 ], [ 6541016.472367375157773, 8783192.669323617592454 ], [ 6541004.216745886951685, 8783290.785173647105694 ], [ 6541019.113204643130302, 8783433.824588056653738 ], [ 6540975.710803529247642, 8783489.284605832770467 ], [ 6540932.206917017698288, 8783526.990782521665096 ], [ 6540899.702408708631992, 8783581.759501948952675 ], [ 6540883.852574352174997, 8783620.962338570505381 ], [ 6540843.928694487549365, 8783707.140252966433764 ], [ 6540745.841756775975227, 8783916.036712186411023 ], [ 6540661.994251574389637, 8783987.768756674602628 ], [ 6540595.169373961165547, 8784074.635670345276594 ], [ 6540429.621227903291583, 8784104.145500682294369 ], [ 6540269.438495025038719, 8784123.208694713190198 ], [ 6540178.162430930882692, 8784277.408354874700308 ], [ 6540170.688109726645052, 8784414.886530747637153 ], [ 6540081.968906091526151, 8784548.873642014339566 ], [ 6539805.236517398618162, 8784743.737009149044752 ], [ 6539563.918296288698912, 8784813.524705626070499 ], [ 6539371.340820232406259, 8784794.550635613501072 ], [ 6539020.460649872198701, 8784869.45716224424541 ], [ 6538764.51542641967535, 8785126.279085874557495 ], [ 6538462.693286327645183, 8785294.506142746657133 ], [ 6538210.70642048958689, 8785387.999901400879025 ], [ 6538115.576944886706769, 8785470.176793556660414 ], [ 6537989.488508361391723, 8785630.015808111056685 ], [ 6537868.765392902307212, 8785711.5302051641047 ], [ 6537724.850484527647495, 8785857.405582511797547 ], [ 6537637.599970870651305, 8785925.646650854498148 ], [ 6537492.12973714619875, 8786007.563576670363545 ], [ 6537332.514134553261101, 8786081.084076397120953 ], [ 6537273.82557522598654, 8786137.164572428911924 ], [ 6537172.127063462510705, 8786115.069783866405487 ], [ 6537091.644985750317574, 8786130.519728826358914 ], [ 6537016.823521867394447, 8786130.350147165358067 ], [ 6536869.737486554309726, 8786196.608122412115335 ], [ 6536788.225612410344183, 8786272.21878457069397 ], [ 6536669.73961238656193, 8786359.78634993173182 ], [ 6536629.34134469088167, 8786427.364274192601442 ], [ 6536555.451375796459615, 8786656.018667574971914 ], [ 6536545.662511769682169, 8786695.551439918577671 ], [ 6536525.478645533323288, 8786752.604344476014376 ], [ 6536528.980009301565588, 8786830.520089199766517 ], [ 6536464.574687696993351, 8786886.695635503157973 ], [ 6536371.697517367079854, 8786908.355931956321001 ], [ 6536278.881926048547029, 8786977.46589476428926 ], [ 6536219.392848297022283, 8786971.947410875931382 ], [ 6536174.754739744588733, 8786945.20849260315299 ], [ 6536088.607527256011963, 8787037.946301009505987 ], [ 6536060.7497334824875, 8787044.884677289053798 ], [ 6535960.299316415563226, 8787030.841451361775398 ], [ 6535794.701979266479611, 8787188.443237667903304 ], [ 6535718.267655871808529, 8787245.331233331933618 ], [ 6535505.844915702007711, 8787275.072507055476308 ], [ 6535331.714613752439618, 8787227.535793777555227 ], [ 6535271.01417392026633, 8787259.447702117264271 ], [ 6535221.014733775518835, 8787319.192310702055693 ], [ 6535086.733291983604431, 8787291.261077549308538 ], [ 6534941.765534780919552, 8787372.981582814827561 ], [ 6534922.775759822688997, 8787453.324564162641764 ], [ 6534895.512131007388234, 8787508.425395300611854 ], [ 6534942.724139737896621, 8787563.993098951876163 ], [ 6534848.787025360390544, 8787670.976703910157084 ], [ 6534757.13902869541198, 8787740.866515526548028 ], [ 6534730.311484852805734, 8787773.236007520928979 ], [ 6534711.498304534703493, 8787792.84448123164475 ], [ 6534670.695695928297937, 8787832.30767959356308 ], [ 6534648.372217045165598, 8787864.495776234194636 ], [ 6534611.913446771912277, 8787903.13530383259058 ], [ 6534505.845630209892988, 8787949.472444726154208 ], [ 6534450.059034943580627, 8788014.57987287081778 ], [ 6534406.120196560397744, 8788015.622854266315699 ], [ 6534384.996781578287482, 8788074.591499879956245 ], [ 6534373.311140681616962, 8788113.943538341671228 ], [ 6534360.478873195126653, 8788131.628347154706717 ], [ 6534288.644239201210439, 8788214.052221724763513 ], [ 6534127.321904179640114, 8788176.888507597148418 ], [ 6534065.758326418697834, 8788153.4542216360569 ], [ 6533966.49126249179244, 8788137.491703907027841 ], [ 6533899.193461405113339, 8788163.53144440613687 ], [ 6533810.779632183723152, 8788264.137044712901115 ], [ 6533770.744710316881537, 8788347.181906051933765 ], [ 6533793.3579744361341, 8788415.052371326833963 ], [ 6533729.562360994517803, 8788471.368097463622689 ], [ 6533660.828649951145053, 8788548.998509883880615 ], [ 6533562.935965874232352, 8788641.98514317907393 ], [ 6533291.972652301192284, 8788799.437263170257211 ], [ 6533143.405248103663325, 8788921.191800462082028 ], [ 6533141.035998206585646, 8789065.234918907284737 ], [ 6533111.762702085077763, 8789150.478461485356092 ], [ 6533038.904196754097939, 8789217.784650010988116 ], [ 6532895.41836675349623, 8789470.842430477961898 ], [ 6532848.002046339213848, 8789557.006341014057398 ], [ 6532812.168323863297701, 8789575.226195979863405 ], [ 6532772.328107717446983, 8789587.132086982950568 ], [ 6532654.952430623583496, 8789542.980733811855316 ], [ 6532523.646489212289453, 8789501.805624736472964 ], [ 6532438.8057751217857, 8789513.338804239407182 ], [ 6532364.876585384830832, 8789546.723134810104966 ], [ 6532258.420291407965124, 8789620.600484665483236 ], [ 6532064.49463125038892, 8789671.739821430295706 ], [ 6531879.751396180130541, 8789745.273817313835025 ], [ 6531830.610184668563306, 8789792.189836455509067 ], [ 6531826.188776387833059, 8789805.993734866380692 ], [ 6531809.432731049135327, 8789858.23908363468945 ], [ 6531791.908524919301271, 8790065.602003633975983 ], [ 6531781.453392064198852, 8790091.698609167709947 ], [ 6531768.7404032535851, 8790123.40030643157661 ], [ 6531736.857145021669567, 8790166.574398577213287 ], [ 6531655.12527664937079, 8790252.148664684966207 ], [ 6531574.475355516187847, 8790291.095388045534492 ], [ 6531456.670323059894145, 8790418.287108417600393 ], [ 6531450.323063867166638, 8790424.543636795133352 ], [ 6531404.823372507467866, 8790469.424241412431002 ], [ 6531399.29367845878005, 8790474.857706902548671 ], [ 6531373.903738991357386, 8790490.301540857180953 ], [ 6531327.861714884638786, 8790513.968338467180729 ], [ 6531324.293266531080008, 8790514.755861654877663 ], [ 6531296.367839958518744, 8790514.875373555347323 ], [ 6531270.740129176527262, 8790517.147239729762077 ], [ 6531229.620432290248573, 8790518.100749302655458 ], [ 6531189.85805834736675, 8790505.297835808247328 ], [ 6531156.449858019128442, 8790487.126923259347677 ], [ 6531123.231961561366916, 8790471.009698202833533 ], [ 6531069.313046244904399, 8790461.773074878379703 ], [ 6530997.229752864688635, 8790457.844231031835079 ], [ 6530972.910144382156432, 8790461.936907874420285 ], [ 6530965.539901491254568, 8790463.191984556615353 ], [ 6530905.026982787065208, 8790491.976450253278017 ], [ 6530889.857758692465723, 8790503.529559396207333 ], [ 6530884.206412363797426, 8790509.674718633294106 ], [ 6530869.100378181785345, 8790526.078596282750368 ], [ 6530835.275870471261442, 8790562.125320538878441 ], [ 6530802.621969545260072, 8790587.101652938872576 ], [ 6530748.215273898094893, 8790626.320107154548168 ], [ 6530712.861357782036066, 8790661.728939291089773 ], [ 6530672.350852779112756, 8790715.109562192112207 ], [ 6530658.100674600340426, 8790743.825021704658866 ], [ 6530652.550883561372757, 8790776.546337505802512 ], [ 6530645.094927441328764, 8790794.78131671063602 ], [ 6530616.150932846590877, 8790865.596479363739491 ], [ 6530587.037304316647351, 8790912.242301601916552 ], [ 6530559.866266978904605, 8790953.331669129431248 ], [ 6530515.859052322804928, 8790994.404482219368219 ], [ 6530492.855478751473129, 8791011.801410838961601 ], [ 6530487.657009033486247, 8791014.109132252633572 ], [ 6530458.408083310350776, 8791028.517390014603734 ], [ 6530419.978162569925189, 8791039.442546632140875 ], [ 6530372.674253389239311, 8791042.962850097566843 ], [ 6530346.585036876611412, 8791044.228888604789972 ], [ 6530332.813489467836916, 8791044.894636400043964 ], [ 6530285.333793089725077, 8791044.719915783032775 ], [ 6530244.400767157785594, 8791034.645831055939198 ], [ 6530192.949761157855392, 8791003.637486169114709 ], [ 6530164.592181508429348, 8790984.007883708924055 ], [ 6530164.162587070837617, 8790983.7082185652107 ], [ 6530120.936607060953975, 8790976.004641573876143 ], [ 6530103.341411733068526, 8790976.648829830810428 ], [ 6530071.596214840188622, 8790993.538808315992355 ], [ 6530054.019425662234426, 8791011.294667027890682 ], [ 6530020.976984637789428, 8791040.604506358504295 ], [ 6530018.209197487682104, 8791043.873633189126849 ], [ 6530013.765127879567444, 8791049.098101168870926 ], [ 6529979.527423396706581, 8791061.679540896788239 ], [ 6529949.572001466527581, 8791069.829884108155966 ], [ 6529922.208583438768983, 8791069.29587659612298 ], [ 6529897.094854581169784, 8791065.664185894653201 ], [ 6529866.482923118397593, 8791059.830498108640313 ], [ 6529844.839606708846986, 8791053.456326048821211 ], [ 6529818.276503264904022, 8791044.341437537223101 ], [ 6529782.98105311114341, 8791039.345188552513719 ], [ 6529752.197968046180904, 8791042.690562529489398 ], [ 6529724.67430766671896, 8791051.335042534396052 ], [ 6529692.268033944070339, 8791068.880744667723775 ], [ 6529657.342223632149398, 8791083.964970089495182 ], [ 6529620.657131904736161, 8791087.59861895442009 ], [ 6529578.307019674219191, 8791083.569100901484489 ], [ 6529537.536209892481565, 8791076.882268225774169 ], [ 6529513.079014952294528, 8791074.462651124224067 ], [ 6529498.071953529492021, 8791073.212695835158229 ], [ 6533893.728999549522996, 8795341.997770149260759 ], [ 6537481.042290612123907, 8798826.152515701949596 ], [ 6537484.378167640417814, 8798822.33305074647069 ], [ 6537494.27250207029283, 8798809.067743957042694 ], [ 6537506.157310730777681, 8798795.724378488957882 ], [ 6537512.198827240616083, 8798791.156533684581518 ], [ 6537518.240341424942017, 8798786.588685883209109 ], [ 6537530.216244374401867, 8798775.292514603585005 ], [ 6537542.100504777394235, 8798761.937731835991144 ], [ 6537554.087315175682306, 8798750.641040794551373 ], [ 6537565.960611798800528, 8798737.286719277501106 ], [ 6537577.954166037030518, 8798723.926977246999741 ], [ 6537589.823380817659199, 8798710.481636824086308 ], [ 6537601.7184978723526, 8798697.126286031678319 ], [ 6537607.704976403154433, 8798690.338591076433659 ], [ 6537623.776830578222871, 8798676.795501863583922 ], [ 6537637.759779666550457, 8798663.334875863045454 ], [ 6537649.643904913216829, 8798649.979957038536668 ], [ 6537661.820647060871124, 8798640.737320905551314 ], [ 6537663.823755318298936, 8798638.481998728588223 ], [ 6537678.009999892674387, 8798629.342764997854829 ], [ 6537692.19218328781426, 8798620.112528216093779 ], [ 6537706.371653375215828, 8798613.036297304555774 ], [ 6537720.255770026706159, 8798604.001769313588738 ], [ 6537734.572133022360504, 8798599.016278518363833 ], [ 6537748.822414884343743, 8798589.839904546737671 ], [ 6537763.615299910306931, 8798584.730403214693069 ], [ 6537792.316122809424996, 8798574.813261289149523 ], [ 6537799.744934695772827, 8798571.140199348330498 ], [ 6537806.669473445042968, 8798567.706332383677363 ], [ 6537820.947798626497388, 8798560.636951861903071 ], [ 6537835.227793495170772, 8798551.390780292451382 ], [ 6537851.92497147526592, 8798541.808003414422274 ], [ 6537855.599626505747437, 8798539.694034332409501 ], [ 6537865.797405758872628, 8798534.973357137292624 ], [ 6537886.16921248100698, 8798523.276569381356239 ], [ 6537898.258694832213223, 8798512.077459421008825 ], [ 6537905.940444039180875, 8798498.831407845020294 ], [ 6537917.8197723897174, 8798485.373838268220425 ], [ 6537925.603951505385339, 8798472.214330263435841 ], [ 6537937.686654048040509, 8798463.078218929469585 ], [ 6537947.565551064908504, 8798449.721942666918039 ], [ 6537959.652791190892458, 8798440.688169607892632 ], [ 6537974.044044218957424, 8798435.664897002279758 ], [ 6537988.322249127551913, 8798428.595340736210346 ], [ 6538002.702557472512126, 8798423.572537273168564 ], [ 6538015.102525677531958, 8798418.855298144742846 ], [ 6538039.868455750867724, 8798413.331303440034389 ], [ 6538072.842617182061076, 8798403.187317406758666 ], [ 6538087.326370066031814, 8798398.273765174672008 ], [ 6538103.809997079893947, 8798393.247480990365148 ], [ 6538118.1907764300704, 8798388.235967898741364 ], [ 6538132.577754614874721, 8798381.150005020201206 ], [ 6538161.139386341907084, 8798366.885019157081842 ], [ 6538175.325811883434653, 8798357.756664866581559 ], [ 6538189.50260110385716, 8798348.412194954231381 ], [ 6538201.688117064535618, 8798339.373794263228774 ], [ 6538213.768241155892611, 8798327.96964449249208 ], [ 6538244.128021854907274, 8798307.344134479761124 ], [ 6538258.309315549209714, 8798298.101952673867345 ], [ 6538274.58988868445158, 8798288.765339130535722 ], [ 6538288.881005479954183, 8798279.529582053422928 ], [ 6538303.153979938477278, 8798272.34600643441081 ], [ 6538317.545405525714159, 8798265.362228149548173 ], [ 6538331.722595593892038, 8798256.02898183465004 ], [ 6538345.90838935226202, 8798246.889074891805649 ], [ 6538360.183962355367839, 8798237.551372407004237 ], [ 6538374.365174561738968, 8798228.309071423485875 ], [ 6538388.654099406674504, 8798221.238660536706448 ], [ 6538400.830357061699033, 8798211.995344024151564 ], [ 6538412.917323011904955, 8798202.961170451715589 ], [ 6538425.093561787158251, 8798193.717829681932926 ], [ 6538439.381947075948119, 8798186.635994553565979 ], [ 6538453.563101159408689, 8798177.393610492348671 ], [ 6538455.662384081631899, 8798177.299174563959241 ], [ 6538484.634879931807518, 8798167.345785994082689 ], [ 6538511.703326315619051, 8798166.048295905813575 ], [ 6538526.593128824606538, 8798171.726387618109584 ], [ 6538539.602671446278691, 8798181.922370992600918 ], [ 6538552.690565213561058, 8798191.909695014357567 ], [ 6538561.593786274082959, 8798204.364615021273494 ], [ 6538568.603353827260435, 8798219.070098835974932 ], [ 6538577.507081084884703, 8798231.536405136808753 ], [ 6538582.509595721960068, 8798248.40638660825789 ], [ 6538583.324967630207539, 8798265.476128894835711 ], [ 6538590.323587549850345, 8798280.18212778866291 ], [ 6538593.238233225420117, 8798297.157440925016999 ], [ 6538596.185407204553485, 8798361.336372379213572 ], [ 6538599.50649824179709, 8798386.943498250097036 ], [ 6538602.311747779138386, 8798403.923745088279247 ], [ 6538605.01595414429903, 8798416.66897127404809 ], [ 6538611.923001496121287, 8798431.287959175184369 ], [ 6538614.826635761186481, 8798448.263790970668197 ], [ 6538619.741900082677603, 8798463.177517771720886 ], [ 6538626.648429401218891, 8798477.785148603841662 ], [ 6538633.65842807944864, 8798492.502098612487316 ], [ 6538642.557047329843044, 8798504.854768957942724 ], [ 6538653.657936587929726, 8798517.210963556542993 ], [ 6538666.752847794443369, 8798529.568653335794806 ], [ 6538679.753301372751594, 8798539.560081716626883 ], [ 6538692.845790082588792, 8798549.649946466088295 ], [ 6538705.748163526877761, 8798557.685559494420886 ], [ 6538711.384721678681672, 8798560.50916001573205 ], [ 6538717.873562214896083, 8798562.05218349583447 ], [ 6538721.253441165201366, 8798561.683627298101783 ], [ 6538723.573983510956168, 8798559.91533150151372 ], [ 6538724.107257721014321, 8798556.392547762021422 ], [ 6538724.198987218551338, 8798552.05766175314784 ], [ 6538723.977259168401361, 8798547.326591849327087 ], [ 6538723.609717919491231, 8798535.387945516034961 ], [ 6538718.602723461575806, 8798518.415478313341737 ], [ 6538711.597259014844894, 8798503.800856489688158 ], [ 6538706.784938858821988, 8798488.985022900626063 ], [ 6538696.978970082476735, 8798459.464095635339618 ], [ 6538696.163668385706842, 8798442.39427992887795 ], [ 6538699.345061808824539, 8798418.637152262032032 ], [ 6538709.430900994688272, 8798411.653137106448412 ], [ 6538723.811110178008676, 8798406.629922090098262 ], [ 6538738.493230969645083, 8798405.923879005014896 ], [ 6538755.283467885106802, 8798407.288380665704608 ], [ 6538766.089172978885472, 8798413.264254180714488 ], [ 6538779.083286329172552, 8798423.358488058671355 ], [ 6538792.079518021084368, 8798431.287245750427246 ], [ 6538806.973984979093075, 8798437.067799095064402 ], [ 6538821.756669772788882, 8798440.585421923547983 ], [ 6538838.439193591475487, 8798439.777972526848316 ], [ 6538852.933303616009653, 8798434.852147793397307 ], [ 6538867.110492175444961, 8798425.518609767779708 ], [ 6538879.090264372527599, 8798414.323661275207996 ], [ 6538889.062621589750051, 8798400.859868180006742 ], [ 6538893.164410024881363, 8798398.498543934896588 ], [ 6538908.939728122204542, 8798378.562393866479397 ], [ 6538935.302214289084077, 8798360.18991831690073 ], [ 6538953.784139717929065, 8798352.805206760764122 ], [ 6538968.155446028336883, 8798345.616820191964507 ], [ 6538984.639438704587519, 8798340.601338058710098 ], [ 6539005.82622826565057, 8798345.973330313339829 ], [ 6539018.822510277852416, 8798353.902041245251894 ], [ 6539029.923562238924205, 8798366.258238488808274 ], [ 6539038.934159208089113, 8798380.873906126245856 ], [ 6539048.642082599923015, 8798410.399519776925445 ], [ 6539051.554269047454, 8798429.529226893559098 ], [ 6539058.564466861076653, 8798444.246318714693189 ], [ 6539065.563728231005371, 8798458.963908698409796 ], [ 6539070.271077733486891, 8798469.453800719231367 ], [ 6539083.571498644538224, 8798485.927954068407416 ], [ 6539094.573640052229166, 8798498.277268748730421 ], [ 6539109.46817546710372, 8798504.057806683704257 ], [ 6539126.253407603129745, 8798505.308485431596637 ], [ 6539143.034875459037721, 8798504.507882038131356 ], [ 6539157.518053978681564, 8798499.582414258271456 ], [ 6539169.611410499550402, 8798490.445021793246269 ], [ 6539181.787666566669941, 8798481.201314544305205 ], [ 6539191.567719181068242, 8798467.848540205508471 ], [ 6539199.445266488008201, 8798454.581355815753341 ], [ 6539201.345568507909775, 8798450.267584435641766 ], [ 6539210.718459091149271, 8798428.271419260650873 ], [ 6539220.603512661531568, 8798412.851027425378561 ], [ 6539221.882154659368098, 8798395.572688613086939 ], [ 6539225.168320917524397, 8798376.141162261366844 ], [ 6539232.851567593403161, 8798360.728640750050545 ], [ 6539232.035435697995126, 8798343.647126220166683 ], [ 6539229.225790068507195, 8798326.575542479753494 ], [ 6539222.215475085191429, 8798311.85841840878129 ], [ 6539215.207741682417691, 8798294.987159218639135 ], [ 6539201.192167105153203, 8798265.666684739291668 ], [ 6539192.196961253881454, 8798251.152879979461432 ], [ 6539183.087346791289747, 8798236.530261870473623 ], [ 6539174.183906939812005, 8798224.075188778340816 ], [ 6539165.182063402608037, 8798211.624550241976976 ], [ 6539158.580998032353818, 8798203.385313360020518 ], [ 6539147.1740787550807, 8798184.660640383139253 ], [ 6539133.976249128580093, 8798170.244837330654263 ], [ 6539122.775000370107591, 8798153.67634679377079 ], [ 6539113.574121167883277, 8798137.006443958729506 ], [ 6539102.566840302199125, 8798124.543529694899917 ], [ 6539093.462294365279377, 8798110.034721463918686 ], [ 6539084.558857307769358, 8798097.579709779471159 ], [ 6539073.462810080498457, 8798085.337352659553289 ], [ 6539064.554304151795805, 8798072.768612753599882 ], [ 6539051.463758415542543, 8798060.513461083173752 ], [ 6539040.367717002518475, 8798048.271124396473169 ], [ 6539031.464284704066813, 8798035.816144837066531 ], [ 6539020.363176031969488, 8798023.460080811753869 ], [ 6539011.459745172411203, 8798011.00511385127902 ], [ 6539000.256437956355512, 8797996.602226011455059 ], [ 6538984.857162234373391, 8797980.234187122434378 ], [ 6538967.058669379912317, 8797957.477933363988996 ], [ 6538966.238349227234721, 8797940.305597359314561 ], [ 6538961.333891931921244, 8797923.431051686406136 ], [ 6538957.36554173193872, 8797837.859712833538651 ], [ 6538964.437798647210002, 8797807.522045468911529 ], [ 6538965.727067386731505, 8797790.243352586403489 ], [ 6538971.304823475889862, 8797775.039589174091816 ], [ 6538985.080284988507628, 8797754.987824521958828 ], [ 6538990.454354563727975, 8797735.462395194917917 ], [ 6538993.842306009493768, 8797718.077803965657949 ], [ 6538997.430078884586692, 8797702.963587392121553 ], [ 6538996.609578581526875, 8797685.791238216683269 ], [ 6538991.698371288366616, 8797670.979853339493275 ], [ 6538986.786652357317507, 8797656.157099070027471 ], [ 6538983.882883382961154, 8797639.192514017224312 ], [ 6538977.084715757519007, 8797624.568665619939566 ], [ 6538970.074749832041562, 8797609.86318352073431 ], [ 6538961.068502146750689, 8797595.350154252722859 ], [ 6538956.157270073890686, 8797580.538800040259957 ], [ 6538947.15484881028533, 8797568.077046947553754 ], [ 6538942.248175584711134, 8797553.368069523945451 ], [ 6538939.438205282203853, 8797536.296722657978535 ], [ 6538934.531521414406598, 8797521.587753966450691 ], [ 6538929.523386538028717, 8797504.603986550122499 ], [ 6538930.904996873810887, 8797487.435101956129074 ], [ 6538934.393727309070528, 8797472.313950540497899 ], [ 6538936.192898953333497, 8797465.736733552068472 ], [ 6538939.259234248660505, 8797441.881805354729295 ], [ 6538948.642298070713878, 8797417.924793357029557 ], [ 6538953.812375254929066, 8797394.077687829732895 ], [ 6538959.395698300562799, 8797378.759615456685424 ], [ 6538962.982743007130921, 8797363.633999660611153 ], [ 6538968.467637613415718, 8797348.320345340296626 ], [ 6538972.050598768517375, 8797333.103727094829082 ], [ 6538979.828981863334775, 8797319.84078823775053 ], [ 6538985.412237506359816, 8797304.522681459784508 ], [ 6538993.083772546611726, 8797289.11052380874753 ], [ 6539000.877615058794618, 8797275.949431449174881 ], [ 6539008.651886407285929, 8797262.595463452860713 ], [ 6539020.735479584895074, 8797251.292600380256772 ], [ 6539034.91577797010541, 8797242.049309393391013 ], [ 6539049.297237833961844, 8797234.859784502536058 ], [ 6539055.379724949598312, 8797230.24361963942647 ], [ 6539087.973365406505764, 8797254.338974623009562 ], [ 6539099.166467040777206, 8797268.753448322415352 ], [ 6539117.067578031681478, 8797293.556151045486331 ], [ 6539134.465514935553074, 8797305.605560030788183 ], [ 6539145.371475327759981, 8797315.7933315243572 ], [ 6539147.674443567171693, 8797320.020455371588469 ], [ 6539158.672242897562683, 8797332.266947323456407 ], [ 6539165.667401453480124, 8797346.881927354261279 ], [ 6539174.776781438849866, 8797361.492873176932335 ], [ 6539179.589801789261401, 8797376.308712715283036 ], [ 6539188.688244942575693, 8797390.920164847746491 ], [ 6539195.595418769866228, 8797405.5277353618294 ], [ 6539206.692130015231669, 8797417.781212208792567 ], [ 6539219.686404298059642, 8797427.874989153817296 ], [ 6539243.070518407970667, 8797433.14721592143178 ], [ 6539259.754535069689155, 8797430.173430044203997 ], [ 6539274.042247796431184, 8797423.090661322697997 ], [ 6539286.217723567038774, 8797413.846399918198586 ], [ 6539298.292921043001115, 8797400.389745702967048 ], [ 6539305.9728331444785, 8797387.131032776087523 ], [ 6539313.855902465060353, 8797373.760586839169264 ], [ 6539312.943190660327673, 8797354.529325678944588 ], [ 6539307.827946288511157, 8797335.3961738999933 ], [ 6539300.929642871022224, 8797322.953611332923174 ], [ 6539292.229195302352309, 8797314.809120876714587 ], [ 6539289.316133813932538, 8797295.679370753467083 ], [ 6539296.99140496738255, 8797282.318266097456217 ], [ 6539311.473827810958028, 8797277.392055043950677 ], [ 6539328.259056126698852, 8797278.653269082307816 ], [ 6539343.249213677830994, 8797282.160771891474724 ], [ 6539387.819224311970174, 8797292.792484488338232 ], [ 6539404.608523423783481, 8797294.144672062247992 ], [ 6539423.575384527444839, 8797295.193617673590779 ], [ 6539457.346733311191201, 8797297.798103572800756 ], [ 6539490.815902007743716, 8797296.085279429331422 ], [ 6539522.380670757032931, 8797296.623664077371359 ], [ 6539562.147012252360582, 8797294.615698430687189 ], [ 6539577.042861199937761, 8797298.218576630577445 ], [ 6539593.819149481132627, 8797297.314645901322365 ], [ 6539627.492118893191218, 8797299.92343482375145 ], [ 6539642.077313236892223, 8797297.055305415764451 ], [ 6539650.662969106808305, 8797298.697205847129226 ], [ 6539661.075997174717486, 8797300.781049374490976 ], [ 6539667.55559594091028, 8797302.118928480893373 ], [ 6539682.435958277434111, 8797305.619907818734646 ], [ 6539699.431560704484582, 8797309.139560597017407 ], [ 6539722.907069953158498, 8797316.458868395537138 ], [ 6539736.008875301107764, 8797328.713248465210199 ], [ 6539749.101713823154569, 8797338.802569041028619 ], [ 6539758.09940548427403, 8797351.1506860665977 ], [ 6539767.008339822292328, 8797363.719355108216405 ], [ 6539778.615172502584755, 8797386.663330936804414 ], [ 6539781.835212583653629, 8797410.21310044080019 ], [ 6539782.034446690231562, 8797414.432496406137943 ], [ 6539786.847702201455832, 8797429.248601831495762 ], [ 6539787.559419157914817, 8797446.426355911418796 ], [ 6539792.466496790759265, 8797461.135666895657778 ], [ 6539799.477376535534859, 8797475.852783603593707 ], [ 6539808.376653142273426, 8797488.205389481037855 ], [ 6539817.490830022841692, 8797502.918946648016572 ], [ 6539826.486535319127142, 8797517.432697927579284 ], [ 6539837.686425759457052, 8797529.784260999411345 ], [ 6539850.676320465281606, 8797539.775744566693902 ], [ 6539861.683472024276853, 8797552.227181505411863 ], [ 6539874.881111104041338, 8797562.209318438544869 ], [ 6539885.884207487106323, 8797574.56977335177362 ], [ 6539903.578077558428049, 8797592.999911049380898 ], [ 6539910.588447229005396, 8797607.705726806074381 ], [ 6539913.090190134011209, 8797616.140991160646081 ], [ 6539917.796053444035351, 8797628.796538965776563 ], [ 6539920.108040906488895, 8797635.188843656331301 ], [ 6539927.102900630794466, 8797649.792798705399036 ], [ 6539932.014515674673021, 8797664.604573050513864 ], [ 6539941.02571954485029, 8797679.220289055258036 ], [ 6539948.021079103462398, 8797693.835637105628848 ], [ 6539956.929493381641805, 8797706.393086804077029 ], [ 6539970.22357910592109, 8797718.536444991827011 ], [ 6539983.121655603870749, 8797726.46924739331007 ], [ 6539998.013617087155581, 8797729.981260569766164 ], [ 6540023.288590732961893, 8797728.762969680130482 ], [ 6540039.968672944232821, 8797725.69794762134552 ], [ 6540054.451273750513792, 8797720.771560849621892 ], [ 6540064.742743063718081, 8797715.954179652035236 ], [ 6540076.719008863903582, 8797702.490089675411582 ], [ 6540092.980550558306277, 8797690.781885080039501 ], [ 6540109.156749311834574, 8797674.951657695695758 ], [ 6540127.62893502227962, 8797665.400495767593384 ], [ 6540142.015560357831419, 8797658.324244795367122 ], [ 6540154.284823346883059, 8797648.972715882584453 ], [ 6540168.769327331334352, 8797641.880631385371089 ], [ 6540183.258227410726249, 8797636.851264331489801 ], [ 6540199.92731119133532, 8797633.786590738222003 ], [ 6540216.718762926757336, 8797632.97308038175106 ], [ 6540250.490494003519416, 8797635.577369689941406 ], [ 6540265.371527901850641, 8797639.089757114648819 ], [ 6540280.359944018535316, 8797644.762818099930882 ], [ 6540297.243279505521059, 8797646.008075326681137 ], [ 6540314.230095010250807, 8797647.36263888888061 ], [ 6540331.115387223660946, 8797646.442278770729899 ], [ 6540347.692585676908493, 8797641.318728554993868 ], [ 6540361.870599301531911, 8797638.161056153476238 ], [ 6540371.46599442884326, 8797637.386779902502894 ], [ 6540374.434854049235582, 8797637.13903284445405 ], [ 6540386.972049538046122, 8797637.47452456317842 ], [ 6540381.052460536360741, 8797649.913766108453274 ], [ 6540377.883713742718101, 8797656.974815400317311 ], [ 6540374.301633429713547, 8797672.203684408217669 ], [ 6540366.624007671140134, 8797687.719656271860003 ], [ 6540363.04190107434988, 8797702.948513571172953 ], [ 6540357.360528228804469, 8797718.271948194131255 ], [ 6540353.981708009727299, 8797737.811275884509087 ], [ 6540350.703233459033072, 8797755.180557690560818 ], [ 6540345.021815553307533, 8797770.503972109407187 ], [ 6540345.729013466276228, 8797787.579705100506544 ], [ 6540344.451353130862117, 8797804.858833389356732 ], [ 6540340.869155235588551, 8797820.087659696117043 ], [ 6540339.687395302578807, 8797839.516581416130066 ], [ 6540336.81885008700192, 8797869.757894178852439 ], [ 6540337.837134392932057, 8797893.316158097237349 ], [ 6540341.804876413196325, 8797981.262570163235068 ], [ 6540350.816154026426375, 8797995.878515167161822 ], [ 6540353.626540815457702, 8798012.950693883001804 ], [ 6540358.534117308445275, 8798027.671713974326849 ], [ 6540365.549083409830928, 8798042.480175441130996 ], [ 6540366.359085249714553, 8798059.653864922001958 ], [ 6540371.069839471951127, 8798074.383762972429395 ], [ 6540372.230602364987135, 8798100.64823379740119 ], [ 6540375.555768977850676, 8798175.186074335128069 ], [ 6540372.167628704570234, 8798192.560239136219025 ], [ 6540372.98846990428865, 8798209.733443427830935 ], [ 6540367.306715238839388, 8798225.056774634867907 ], [ 6540365.919415276497602, 8798242.34081688337028 ], [ 6540362.336920897476375, 8798257.56959586776793 ], [ 6540358.955281614325941, 8798272.880504228174686 ], [ 6540355.368196723051369, 8798288.006902884691954 ], [ 6540351.892488464713097, 8798305.384976770728827 ], [ 6540344.102436002343893, 8798318.637692688032985 ], [ 6540340.519879021681845, 8798333.866446644067764 ], [ 6540332.642838083207607, 8798347.134459698572755 ], [ 6540327.063931831158698, 8798362.555672407150269 ], [ 6540317.087569057941437, 8798375.918195923790336 ], [ 6540307.305982653051615, 8798391.437447948381305 ], [ 6540299.428886798210442, 8798404.705420754849911 ], [ 6540291.842441281303763, 8798422.279920443892479 ], [ 6540283.969882279634476, 8798435.65024452842772 ], [ 6540276.190642478875816, 8798448.902382714673877 ], [ 6540264.104463848285377, 8798462.371220933273435 ], [ 6540256.325704274699092, 8798475.63471207395196 ], [ 6540246.452194426208735, 8798489.095080524682999 ], [ 6540236.3663614615798, 8798502.462418392300606 ], [ 6540226.48825766146183, 8798515.820390786975622 ], [ 6540214.511341469362378, 8798529.284235879778862 ], [ 6540204.539367944933474, 8798542.748982951045036 ], [ 6540196.531715792603791, 8798553.583670768886805 ], [ 6540194.650793467648327, 8798556.118783256039023 ], [ 6540180.478159009478986, 8798567.515927301719785 ], [ 6540168.503702659159899, 8798583.247674321755767 ], [ 6540156.419412735849619, 8798594.550773609429598 ], [ 6540140.150448530912399, 8798608.321701884269714 ], [ 6540128.072236056439579, 8798617.550176970660686 ], [ 6540113.589103261008859, 8798622.476122120395303 ], [ 6540099.001190759241581, 8798627.509348789229989 ], [ 6540084.618965213187039, 8798634.698798218742013 ], [ 6540068.041068626567721, 8798639.821573840454221 ], [ 6540017.690597157925367, 8798642.338632293045521 ], [ 6540008.158529426902533, 8798638.641849663108587 ], [ 6540002.796375582925975, 8798636.569549344480038 ], [ 6539985.811214538291097, 8798633.048666641116142 ], [ 6539971.321685086004436, 8798638.077386397868395 ], [ 6539959.14551205188036, 8798647.32154112495482 ], [ 6539951.366504251025617, 8798660.584766754880548 ], [ 6539947.783033967018127, 8798675.801840607076883 ], [ 6539948.947224314324558, 8798701.917570695281029 ], [ 6539949.309761060401797, 8798710.050300609320402 ], [ 6539954.210490330122411, 8798724.874135315418243 ], [ 6539963.212501479312778, 8798737.325120648369193 ], [ 6539972.422420030459762, 8798756.160627294331789 ], [ 6539983.521173510700464, 8798770.671350592747331 ], [ 6539986.134463600814342, 8798781.369761658832431 ], [ 6539995.646380063146353, 8798804.522670399397612 ], [ 6540002.656330769881606, 8798819.228824427351356 ], [ 6540007.565387010574341, 8798836.206412386149168 ], [ 6540021.570789037272334, 8798865.539621956646442 ], [ 6540024.391436534933746, 8798882.611207418143749 ], [ 6540033.485201513394713, 8798897.121041862294078 ], [ 6540038.396310867741704, 8798911.933077994734049 ], [ 6540047.403378802351654, 8798924.497888445854187 ], [ 6540054.408743344247341, 8798939.101720986887813 ], [ 6540061.309834895655513, 8798953.824224911630154 ], [ 6540066.220931043848395, 8798968.636282607913017 ], [ 6540075.625524485483766, 8798989.628640364855528 ], [ 6540082.429776577278972, 8799002.178633991628885 ], [ 6540089.639210574328899, 8799021.115694442763925 ], [ 6540094.246107399463654, 8799027.382074113935232 ], [ 6540099.157692008651793, 8799042.205532977357507 ], [ 6540106.053693778812885, 8799056.814333660528064 ], [ 6540110.96476345974952, 8799071.626428103074431 ], [ 6540117.975169101729989, 8799086.344065664336085 ], [ 6540124.969568774104118, 8799100.948456220328808 ], [ 6540131.984531600959599, 8799115.768476996570826 ], [ 6540133.921553334221244, 8799121.619333151727915 ], [ 6540136.89558626525104, 8799130.580592608079314 ], [ 6540145.989321472123265, 8799145.090542498975992 ], [ 6540152.999714184552431, 8799159.808211266994476 ], [ 6540166.195318654179573, 8799171.956723242998123 ], [ 6540175.400862422771752, 8799188.729738218709826 ], [ 6540182.212254973128438, 8799199.227962980046868 ], [ 6540191.20967619959265, 8799211.576784089207649 ], [ 6540193.404829466715455, 8799213.632118552923203 ], [ 6540206.808562014251947, 8799230.204872366040945 ], [ 6540215.709674149751663, 8799240.392542123794556 ], [ 6540226.815573090687394, 8799252.851671494543552 ], [ 6540237.911842906847596, 8799265.094690959900618 ], [ 6540242.970440350472927, 8799270.679756974801421 ], [ 6540249.111590780317783, 8799277.447035435587168 ], [ 6540260.212933484464884, 8799289.803814351558685 ], [ 6540263.223600544035435, 8799308.929945684969425 ], [ 6540257.639369232580066, 8799324.248531389981508 ], [ 6540249.86453122831881, 8799337.61413536965847 ], [ 6540244.157330526039004, 8799345.256402812898159 ], [ 6540239.970265679061413, 8799350.86992771551013 ], [ 6540227.992630660533905, 8799364.333407944068313 ], [ 6540215.914414728991687, 8799373.572973698377609 ], [ 6540209.641513058915734, 8799380.568222520872951 ], [ 6540203.837836947292089, 8799387.029476733878255 ], [ 6540191.759599114768207, 8799396.269016433507204 ], [ 6540179.567448767833412, 8799405.411091860383749 ], [ 6540167.489192041568458, 8799414.650607381016016 ], [ 6540153.003468252718449, 8799421.741734765470028 ], [ 6540138.727423759177327, 8799431.080088280141354 ], [ 6540126.644577881321311, 8799440.217194717377424 ], [ 6540110.265095164999366, 8799449.558956341817975 ], [ 6540095.984964638948441, 8799458.80626835487783 ], [ 6540075.617423100396991, 8799470.606837745755911 ], [ 6540063.425192315131426, 8799479.74880338832736 ], [ 6540049.151208521798253, 8799486.921481054276228 ], [ 6540034.871034520678222, 8799496.168729661032557 ], [ 6540020.389791122637689, 8799503.362098958343267 ], [ 6540006.212059104815125, 8799512.695888161659241 ], [ 6539991.824646485038102, 8799519.782433938235044 ], [ 6539984.548277394846082, 8799523.437693633139133 ], [ 6539977.550622095353901, 8799526.955044874921441 ], [ 6539963.060549053363502, 8799531.983278650790453 ], [ 6539948.670692966319621, 8799536.801843799650669 ], [ 6539934.092629997991025, 8799541.822615591809154 ], [ 6539926.16768183466047, 8799547.889040786772966 ], [ 6539922.014217028394341, 8799551.061908904463053 ], [ 6539914.45272365398705, 8799552.006021421402693 ], [ 6539894.927511481568217, 8799554.434133104979992 ], [ 6539882.341602723114192, 8799557.199803732335567 ], [ 6539870.557860705070198, 8799560.510651240125299 ], [ 6539863.762607629410923, 8799562.423245096579194 ], [ 6539845.087344935163856, 8799565.485531270503998 ], [ 6539830.806554566137493, 8799574.721218407154083 ], [ 6539816.423627263866365, 8799581.909989323467016 ], [ 6539802.14737690333277, 8799591.248016912490129 ], [ 6539787.858281570486724, 8799598.329966023564339 ], [ 6539778.303112940862775, 8799599.773981103673577 ], [ 6539766.985209904611111, 8799601.491008462384343 ], [ 6539752.187100334092975, 8799597.882488818839192 ], [ 6539735.206200016662478, 8799594.463295804336667 ], [ 6539720.917090340517461, 8799601.545200917869806 ], [ 6539706.636242255568504, 8799610.780780548229814 ], [ 6539694.756595551967621, 8799624.239288179203868 ], [ 6539691.271258314140141, 8799639.463008185848594 ], [ 6539685.788645966909826, 8799656.828008120879531 ], [ 6539682.410459313541651, 8799674.21235291659832 ], [ 6539687.515726163052022, 8799691.181079190224409 ], [ 6539694.520651748403907, 8799705.784975461661816 ], [ 6539701.425856108777225, 8799720.609906800091267 ], [ 6539704.438608704134822, 8799737.581551497802138 ], [ 6539701.051098833791912, 8799752.789463637396693 ], [ 6539695.466291533783078, 8799768.107554433867335 ], [ 6539687.68179976940155, 8799781.26789833791554 ], [ 6539677.900877516716719, 8799794.620559241622686 ], [ 6539663.517264165915549, 8799801.797740492969751 ], [ 6539648.622881107032299, 8799796.027961373329163 ], [ 6539637.423438652418554, 8799783.675505694001913 ], [ 6539624.33743092417717, 8799771.521840421482921 ], [ 6539613.23640176653862, 8799759.164974726736546 ], [ 6539600.029763743281364, 8799748.977046348154545 ], [ 6539585.043729713186622, 8799741.148534692823887 ], [ 6539573.475683948025107, 8799737.987330561503768 ], [ 6539568.703898354433477, 8799738.840086087584496 ], [ 6539558.722115192562342, 8799743.745077010244131 ], [ 6539550.002500094473362, 8799751.898470290005207 ], [ 6539542.142881722189486, 8799757.220915272831917 ], [ 6539538.264287961646914, 8799764.108143165707588 ], [ 6539534.383507877588272, 8799773.160907991230488 ], [ 6539530.424730019643903, 8799780.46202902123332 ], [ 6539530.458099887706339, 8799793.760894190520048 ], [ 6539530.946904207579792, 8799804.247007446363568 ], [ 6539533.756148039363325, 8799816.896827386692166 ], [ 6539536.400844012387097, 8799828.31176676414907 ], [ 6539545.224365571513772, 8799841.192713484168053 ], [ 6539554.859629143029451, 8799852.373206403106451 ], [ 6539562.980986260809004, 8799863.017711481079459 ], [ 6539564.562340537086129, 8799864.576409313827753 ], [ 6539569.385475985705853, 8799869.305934527888894 ], [ 6539576.949026483111084, 8799876.772943032905459 ], [ 6539589.95009115897119, 8799884.804727286100388 ], [ 6539601.051090430468321, 8799897.161639798432589 ], [ 6539627.446310293860734, 8799921.561631411314011 ], [ 6539638.540940318256617, 8799934.021425679326057 ], [ 6539647.553488604724407, 8799946.472242457792163 ], [ 6539656.651320619508624, 8799961.08468228764832 ], [ 6539665.755528600886464, 8799975.594269067049026 ], [ 6539667.481669275090098, 8800009.935955950990319 ], [ 6539661.990504628047347, 8800025.147175382822752 ], [ 6539658.707724867388606, 8800044.681204939261079 ], [ 6539658.333694972097874, 8800049.815316738560796 ], [ 6539657.428119263611734, 8800061.959744594991207 ], [ 6539656.657277739606798, 8800089.92869321629405 ], [ 6539651.577294815331697, 8800113.885775957256556 ], [ 6539652.686966245993972, 8800137.336726129055023 ], [ 6539649.513429251499474, 8800156.865819294005632 ], [ 6539650.420117172412574, 8800174.034690879285336 ], [ 6539644.841346606612206, 8800189.249794883653522 ], [ 6539641.355089040473104, 8800204.462030690163374 ], [ 6539633.773974861949682, 8800219.983648732304573 ], [ 6539625.993684816174209, 8800233.246186079457402 ], [ 6539622.715698056854308, 8800236.892398290336132 ], [ 6543929.903529994189739, 8804343.669643752276897 ], [ 6543996.82931380905211, 8804341.622203812003136 ], [ 6544020.984597935341299, 8804348.38005012832582 ], [ 6544030.358106401748955, 8804369.183924479410052 ], [ 6544075.035952491685748, 8804470.782623233273625 ], [ 6544114.513366888277233, 8804526.403790663927794 ], [ 6544137.168600717559457, 8804547.477790787816048 ], [ 6544194.301746209152043, 8804581.970708290114999 ], [ 6544228.10994385369122, 8804622.959616720676422 ], [ 6544305.521867585368454, 8804741.886645101010799 ], [ 6544353.705159651115537, 8804839.031854424625635 ], [ 6544396.202016835100949, 8804970.207973828539252 ], [ 6544420.76268520206213, 8805024.527711728587747 ], [ 6544465.199847856536508, 8805119.003437930718064 ], [ 6544514.95203485712409, 8805168.134661875665188 ], [ 6544813.14594142511487, 8804962.786549162119627 ], [ 6544858.860089311376214, 8804884.142435742542148 ], [ 6544960.901789733208716, 8804749.68807459063828 ], [ 6545038.154753070324659, 8804578.021267179399729 ], [ 6545014.516112637706101, 8804518.108106032013893 ], [ 6544990.203102612867951, 8804439.838223798200488 ], [ 6544975.332851814106107, 8804355.353375624865294 ], [ 6544981.306842936202884, 8804205.685495708137751 ], [ 6545033.027046207338572, 8804137.245318157598376 ], [ 6545119.567381581291556, 8804059.63653208501637 ], [ 6545338.347975691780448, 8803900.185116184875369 ], [ 6545435.542196100577712, 8803820.966361882165074 ], [ 6545517.170416205190122, 8803778.526325814425945 ], [ 6545548.18094252422452, 8803752.463261855766177 ], [ 6545484.692377439700067, 8803590.799628270789981 ], [ 6545446.716136843897402, 8803279.920475771650672 ], [ 6545470.451622396707535, 8803178.388483891263604 ], [ 6545487.183999081142247, 8803105.36248224042356 ], [ 6545508.702629108913243, 8803046.803685186430812 ], [ 6545506.507966242730618, 8802997.553635260090232 ], [ 6545536.053291025571525, 8802938.644905602559447 ], [ 6545706.017407700419426, 8802782.926278533414006 ], [ 6545760.37302912492305, 8802739.349708780646324 ], [ 6545797.566965540871024, 8802671.876394363120198 ], [ 6545842.431730426847935, 8802595.826903650537133 ], [ 6545866.473071749322116, 8802413.773508686572313 ], [ 6545774.532611627131701, 8802335.652749231085181 ], [ 6545746.976243263110518, 8802277.683432633057237 ], [ 6545708.953956466168165, 8802231.710573157295585 ], [ 6545647.935638403519988, 8802201.5244648642838 ], [ 6545624.76188228931278, 8802098.59166113473475 ], [ 6545604.391652059741318, 8802021.672146884724498 ], [ 6545597.028583755716681, 8801918.745710730552673 ], [ 6545591.327044310048223, 8801833.915512459352612 ], [ 6545612.842314152978361, 8801775.3667545709759 ], [ 6545562.498610361479223, 8801728.285341946408153 ], [ 6545575.976457318291068, 8801670.098623862490058 ], [ 6545598.390659583732486, 8801618.200855178758502 ], [ 6545588.366086861118674, 8801587.280603125691414 ], [ 6545592.196965578012168, 8801547.163620287552476 ], [ 6545566.310055281966925, 8801518.280394533649087 ], [ 6545534.568185076117516, 8801555.117684686556458 ], [ 6545524.167358293198049, 8801590.172711081802845 ], [ 6545498.760095914825797, 8801615.99742566794157 ], [ 6545474.204336915165186, 8801634.385372623801231 ], [ 6545459.649709273129702, 8801604.581260193139315 ], [ 6545456.42686294298619, 8801569.182490590959787 ], [ 6545495.808184644207358, 8801494.336903614923358 ], [ 6545540.734313982538879, 8801447.751710906624794 ], [ 6545536.580123306252062, 8801410.149078238755465 ], [ 6545530.997389681637287, 8801179.238751415163279 ], [ 6545550.014717758633196, 8801131.289788123220205 ], [ 6545539.084969024173915, 8801073.963347062468529 ], [ 6545517.946824867278337, 8801064.576536128297448 ], [ 6545493.225532450713217, 8801072.120066674426198 ], [ 6545458.377270378172398, 8800996.629187246784568 ], [ 6545479.906533150933683, 8800958.815284918993711 ], [ 6545491.405524558387697, 8800921.875189110636711 ], [ 6545491.779620392248034, 8800859.570741413161159 ], [ 6545481.963354703038931, 8800787.192384827882051 ], [ 6545470.011652853339911, 8800737.173804961144924 ], [ 6545458.866606808267534, 8800703.7509451135993 ], [ 6545471.273963929153979, 8800633.91606998629868 ], [ 6545513.769560202024877, 8800636.50304520688951 ], [ 6545621.096641055308282, 8800573.856203019618988 ], [ 6545664.66379982046783, 8800461.337272211909294 ], [ 6545660.701939875259995, 8800325.540094971656799 ], [ 6545656.301898733712733, 8800227.039769288152456 ], [ 6545667.575304560363293, 8800119.601846821606159 ], [ 6545674.532129056751728, 8800047.492516508325934 ], [ 6545624.486826534382999, 8799932.81186187826097 ], [ 6545615.518163274973631, 8799835.327155865728855 ], [ 6545605.416781334206462, 8799761.046416403725743 ], [ 6545441.13935493119061, 8799638.251692194491625 ], [ 6545384.385116072371602, 8799539.435658583417535 ], [ 6545313.489061155356467, 8799445.339159885421395 ], [ 6545261.463561102747917, 8799321.425140280276537 ], [ 6545307.022505537606776, 8799276.882825542241335 ], [ 6545316.292484080418944, 8799184.994083162397146 ], [ 6545316.968232148326933, 8799055.760504091158509 ], [ 6545317.589800480753183, 8798915.528705645352602 ], [ 6545289.688757376745343, 8798832.066509502008557 ], [ 6545185.967589361593127, 8798693.137591723352671 ], [ 6545232.506811471655965, 8798639.441807409748435 ], [ 6545309.80938492808491, 8798530.368001000955701 ], [ 6545348.592444117181003, 8798512.463250750675797 ], [ 6545397.315609890036285, 8798537.735942233353853 ], [ 6545492.00040915235877, 8798634.802882116287947 ], [ 6545674.480536617338657, 8798631.793863488361239 ], [ 6545813.081180704757571, 8798676.524936731904745 ], [ 6545864.586301472038031, 8798679.727419292554259 ], [ 6545988.574560887180269, 8798617.993530770763755 ], [ 6546057.27196282427758, 8798550.24096405506134 ], [ 6546171.02765453979373, 8798485.353935729712248 ], [ 6546194.386618629097939, 8798421.233622863888741 ], [ 6546254.631821034476161, 8798369.548030903562903 ], [ 6546291.293094516731799, 8798307.926946280524135 ], [ 6546325.692146113142371, 8798274.82825754955411 ], [ 6546360.386671071872115, 8798143.834988340735435 ], [ 6546349.584470464847982, 8797934.630193831399083 ], [ 6546358.290047770366073, 8797850.126741245388985 ], [ 6546400.48986217752099, 8797773.023514902219176 ], [ 6546555.795113163068891, 8797626.427934994921088 ], [ 6546603.788724348880351, 8797490.623974910005927 ], [ 6546639.361702151596546, 8797462.988071201369166 ], [ 6546679.96625012345612, 8797390.184673301875591 ], [ 6546649.715555969625711, 8797281.826033387333155 ], [ 6546628.01956158131361, 8797161.703080141916871 ], [ 6546637.425575599074364, 8797128.593002079054713 ], [ 6546632.372760978527367, 8797100.674479223787785 ], [ 6546600.423940588720143, 8797043.910698097199202 ], [ 6546604.10987891908735, 8797019.575433392077684 ], [ 6546605.893121257424355, 8796976.743906272575259 ], [ 6546585.505697287619114, 8796940.832460725679994 ], [ 6546555.6965710259974, 8796901.744994619861245 ], [ 6546550.945761933922768, 8796862.481111031025648 ], [ 6546561.454071328043938, 8796834.907229542732239 ], [ 6546584.458947848528624, 8796780.125400669872761 ], [ 6546599.536390690132976, 8796687.078328043222427 ], [ 6546587.394147107377648, 8796628.10740858502686 ], [ 6546587.115056473761797, 8796580.831917999312282 ], [ 6546574.494881277903914, 8796496.790811106562614 ], [ 6546589.572191601619124, 8796410.606497237458825 ], [ 6546601.351868662051857, 8796261.892875362187624 ], [ 6546593.648582528345287, 8796190.773626269772649 ], [ 6546556.285932946950197, 8796056.324148597195745 ], [ 6546559.260850525461137, 8796005.903019128367305 ], [ 6546509.862829470075667, 8795888.905554939061403 ], [ 6546525.818886711262167, 8795855.566805394366384 ], [ 6546529.294088366441429, 8795782.607596602290869 ], [ 6546596.618232116103172, 8795674.299260951578617 ], [ 6546610.400400054641068, 8795645.014599336311221 ], [ 6546611.789778439328074, 8795599.806622991338372 ], [ 6546599.117751700803638, 8795543.482103215530515 ], [ 6546580.491657862439752, 8795421.374371172860265 ], [ 6546581.345615645870566, 8795336.17578774318099 ], [ 6546574.183271146379411, 8795258.123642956838012 ], [ 6546564.838174477219582, 8795191.730310402810574 ], [ 6546525.805278122425079, 8795096.061588495969772 ], [ 6546530.078063061460853, 8795031.889782480895519 ], [ 6546528.822940975427628, 8795000.516216376796365 ], [ 6546500.534737251698971, 8794885.778376393020153 ], [ 6546502.274998948909342, 8794859.148345960304141 ], [ 6546481.428350601345301, 8794796.457365559414029 ], [ 6546470.158507607877254, 8794735.281706998124719 ], [ 6546449.294399456121027, 8794625.611378379166126 ], [ 6546454.058276010677218, 8794566.05724317394197 ], [ 6546447.747880773618817, 8794501.407752553001046 ], [ 6546434.590215479955077, 8794384.79881970025599 ], [ 6546443.834371758624911, 8794290.133972205221653 ], [ 6546462.517664371058345, 8794181.736816097050905 ], [ 6546417.509734203107655, 8794075.533294742926955 ], [ 6546377.186662469990551, 8794005.335966704413295 ], [ 6546372.840222463011742, 8793961.505573969334364 ], [ 6546387.19264149479568, 8793937.164840584620833 ], [ 6546392.295834335498512, 8793851.066952761262655 ], [ 6546363.143285686150193, 8793815.179354630410671 ], [ 6546232.27055162191391, 8793775.242741698399186 ], [ 6546219.738725300878286, 8793752.087608752772212 ], [ 6546225.586768011562526, 8793722.307324636727571 ], [ 6546138.572335351258516, 8793701.049485865980387 ], [ 6546052.104321209713817, 8793652.942447757348418 ], [ 6546002.519561070017517, 8793596.527365701273084 ], [ 6546010.948462174274027, 8793537.639893319457769 ], [ 6545984.257940390147269, 8793490.229709288105369 ], [ 6545969.080368397757411, 8793522.040447657927871 ], [ 6545939.84414604306221, 8793544.012354969978333 ], [ 6545907.56243328936398, 8793531.363740380853415 ], [ 6545866.980367210693657, 8793393.726013984531164 ], [ 6545734.675184652209282, 8793355.51994152367115 ], [ 6545623.891431599855423, 8793330.382049150764942 ], [ 6545601.793659202754498, 8793267.67067826539278 ], [ 6545547.30342464055866, 8793180.334836471825838 ], [ 6545418.134428489953279, 8793048.086732786148787 ], [ 6545342.668686776421964, 8792980.296473255380988 ], [ 6545316.65875758510083, 8792936.812389114871621 ], [ 6545240.343599013984203, 8792873.518338372930884 ], [ 6545165.240659915842116, 8792904.228406086564064 ], [ 6545119.698412172496319, 8792908.745684834197164 ], [ 6545065.67675125785172, 8792881.06739180162549 ], [ 6545026.993830288760364, 8792863.443065298721194 ], [ 6544892.620743446983397, 8792841.576209211722016 ], [ 6544808.32655277941376, 8792815.22574313916266 ], [ 6544770.634248747490346, 8792821.107910685241222 ], [ 6544787.490817287005484, 8792860.070582693442702 ], [ 6544787.997800566256046, 8792914.753941934555769 ], [ 6544784.053070290014148, 8792974.221835788339376 ], [ 6544773.953201239928603, 8793021.771392427384853 ], [ 6544749.174110844731331, 8793024.445632942020893 ], [ 6544701.34204101935029, 8792987.503445066511631 ], [ 6544667.571106597781181, 8792935.10423650406301 ], [ 6544636.041576214134693, 8792915.285729303956032 ], [ 6544585.666151018813252, 8792986.081256119534373 ], [ 6544544.576363498345017, 8793038.512641349807382 ], [ 6544496.58193438872695, 8793099.897662257775664 ], [ 6544450.635402780026197, 8793166.399046374484897 ], [ 6544422.539862239733338, 8793167.672968534752727 ], [ 6544377.937573935836554, 8793114.34007241204381 ], [ 6544361.277712821960449, 8793043.154233066365123 ], [ 6544294.064121240749955, 8793003.933326318860054 ], [ 6544240.223916599527001, 8792923.20543047785759 ], [ 6544192.170749720185995, 8792855.962869986891747 ], [ 6544148.83426324557513, 8792796.178289342671633 ], [ 6544090.287796795368195, 8792753.099538404494524 ], [ 6544069.363619866780937, 8792700.141495153307915 ], [ 6544036.848855293355882, 8792645.942293055355549 ], [ 6544001.667667490430176, 8792596.275610364973545 ], [ 6543916.464645355939865, 8792507.966056479141116 ], [ 6543907.394258664920926, 8792439.435318164527416 ], [ 6543916.242489639669657, 8792366.466918557882309 ], [ 6543888.364442797377706, 8792295.517784666270018 ], [ 6543880.094678292050958, 8792247.74288983643055 ], [ 6543892.45785197429359, 8792172.56316952034831 ], [ 6543869.012633462436497, 8792107.63708820566535 ], [ 6543783.161618071608245, 8792068.294989325106144 ], [ 6543780.084279915317893, 8792019.555196572095156 ], [ 6543786.633121537044644, 8791939.806228021159768 ], [ 6543785.735528314486146, 8791896.188324254006147 ], [ 6543760.53620963357389, 8791790.533423937857151 ], [ 6543784.844446222297847, 8791753.762529850006104 ], [ 6543814.761988382786512, 8791722.618947945535183 ], [ 6543817.487645946443081, 8791664.576226623728871 ], [ 6543762.602924965322018, 8791643.493651200085878 ], [ 6543764.805479351431131, 8791618.167445108294487 ], [ 6543792.528039822354913, 8791603.994071993976831 ], [ 6543840.399250799790025, 8791599.666973130777478 ], [ 6543835.779737166129053, 8791470.348073475062847 ], [ 6543825.295020617544651, 8791423.038750248029828 ], [ 6543817.067098837345839, 8791332.127861393615603 ], [ 6543825.635253459215164, 8791273.466428345069289 ], [ 6543833.706943191587925, 8791173.562528215348721 ], [ 6543861.786711983382702, 8791126.668133361265063 ], [ 6543871.683127951808274, 8791072.711038378998637 ], [ 6543859.510471480898559, 8790996.410525282844901 ], [ 6543871.232076885178685, 8790889.523868706077337 ], [ 6543876.120326736941934, 8790810.202909441664815 ], [ 6543865.714192325249314, 8790752.733474332839251 ], [ 6543849.216047543101013, 8790682.078350909054279 ], [ 6543798.997756980359554, 8790630.794673677533865 ], [ 6543729.762310256250203, 8790549.768266806378961 ], [ 6543681.480475969612598, 8790488.935683201998472 ], [ 6543661.965001135133207, 8790436.91891909763217 ], [ 6543666.661313816905022, 8790385.489394338801503 ], [ 6543684.764301067218184, 8790336.243556343019009 ], [ 6543712.047919092699885, 8790263.668278351426125 ], [ 6543709.67982887942344, 8790238.549594851210713 ], [ 6543628.023800732567906, 8790246.146631730720401 ], [ 6543613.501749935559928, 8790247.171172074973583 ], [ 6543578.553734394721687, 8790213.193803707137704 ], [ 6543562.441229823976755, 8790187.149419909343123 ], [ 6543535.755668508820236, 8790152.033019430935383 ], [ 6543514.280954451300204, 8790141.678031301125884 ], [ 6543475.78152709454298, 8790113.242531729862094 ], [ 6543448.683629338629544, 8790083.810304891318083 ], [ 6543425.030163140036166, 8790043.780128976330161 ], [ 6543414.43214054312557, 8789986.445878529921174 ], [ 6543393.983970722183585, 8789955.332378139719367 ], [ 6543359.182465678080916, 8789925.338452646508813 ], [ 6543313.503170190379024, 8789884.610849754884839 ], [ 6543293.191962650045753, 8789813.948275756090879 ], [ 6543181.511505410075188, 8789684.470065470784903 ], [ 6543138.954205282963812, 8789617.463387385010719 ], [ 6543188.947976976633072, 8789504.13179374858737 ], [ 6543247.012579446658492, 8789515.353896528482437 ] ], [ [ 6543615.141593396663666, 8803359.659093039110303 ], [ 6543551.904293794184923, 8803102.79166516289115 ], [ 6543786.060783783905208, 8802945.258088357746601 ], [ 6543853.674307991750538, 8802940.258289754390717 ], [ 6544016.66137426905334, 8803173.050002902746201 ], [ 6544049.478588910773396, 8803381.304052799940109 ], [ 6543730.419169524684548, 8803473.072789220139384 ], [ 6543697.288742751814425, 8803405.951954696327448 ], [ 6543615.141593396663666, 8803359.659093039110303 ] ] ] } },
{ "type": "Feature", "properties": { "lv_id": "LOC_031981", "id": 148713.0, "CD_SETOR": "291700305000012", "SITUACAO": "Rural", "CD_SIT": "8", "CD_TIPO": "0", "AREA_KM2": 24.217996883635593, "CD_REGIAO": "2", "NM_REGIAO": "Nordeste", "CD_UF": "29", "NM_UF": "Bahia", "CD_MUN": "2917003", "NM_MUN": "Itiúba", "CD_DIST": "291700305", "NM_DIST": "Itiúba", "CD_SUBDIST": "29170030500", "NM_SUBDIST": null, "CD_BAIRRO": null, "NM_BAIRRO": null, "CD_NU": "2917003001", "NM_NU": "Engenheiro Rômulo Campos", "CD_FCU": null, "NM_FCU": null, "CD_AGLOM": null, "NM_AGLOM": null, "CD_RGINT": "2908", "NM_RGINT": "Juazeiro", "CD_RGI": "290023", "NM_RGI": "Senhor do Bonfim", "CD_CONCURB": null, "NM_CONCURB": null, "mun_code_x": "2917003", "index_right": 7727, "dist_m": 278.08915762034042, "local_id": 339709, "ano": 2022, "cod_localidade_ibge": 2917003, "NR_ZONA": "149", "nr_cep": 48850000.0, "nm_localidade": "ITIÚBA", "nm_locvot": "COLEGIO HILDA SAMPAIO DE MENDONCA", "ds_endereco": "POV. ROMULO CAMPOS - ZONA RURAL", "ds_bairro": "POVOADO ROMULO CAMPOS", "pred_long": -39.74972, "pred_lat": -10.66639, "pred_dist": 0.038968749788446, "tse_long": null, "tse_lat": null, "long": -39.74972, "lat": -10.66639, "ID_UNICO": "LOC_031981", "SG_UF": "BA", "CD_MUNICIPIO": "36412", "NR_LOCAL_VOTACAO": "1120", "QT_SECOES_AGREGADAS": 0, "QT_ELEITORES_TRANSFERIDOS": 0, "CIRO GOMES (PDT) (NÃO ELEITO) 1T": 15.0, "CONSTITUINTE EYMAEL (DC) (NÃO ELEITO) 1T": 0.0, "FELIPE D AVILA (NOVO) (NÃO ELEITO) 1T": 0.0, "JAIR BOLSONARO (PL) (2º TURNO) 1T": 117.0, "LULA (PT) (2º TURNO) 1T": 387.0, "LÉO PÉRICLES (UP) (NÃO ELEITO) 1T": 0.0, "PADRE KELMON (PTB) (NÃO ELEITO) 1T": 0.0, "SIMONE TEBET (MDB) (NÃO ELEITO) 1T": 6.0, "SOFIA MANZANO (PCB) (NÃO ELEITO) 1T": 0.0, "SORAYA THRONICKE (UNIÃO) (NÃO ELEITO) 1T": 3.0, "VERA (PSTU) (NÃO ELEITO) 1T": 0.0, "Total_Votos_Validos 1T": 528.0, "Votos_Brancos 1T": 4.0, "Votos_Nulos 1T": 23.0, "Abstenções 1T": 270.0, "Eleitores_Aptos 1T": 825.0, "JAIR BOLSONARO (PL) (NÃO ELEITO) 2T": 126.0, "LULA (PT) (ELEITO) 2T": 396.0, "Total_Votos_Validos 2T": 522.0, "Votos_Brancos 2T": 5.0, "Votos_Nulos 2T": 23.0, "Abstenções 2T": 275.0, "Eleitores_Aptos 2T": 825.0, "mun_code_y": "2917003", "mun_code": "2917003" }, "geometry": { "type": "Polygon", "coordinates": [ [ [ 6561753.823640432208776, 8779349.180918866768479 ], [ 6561639.557433342561126, 8779392.954819304868579 ], [ 6561508.514626774936914, 8779409.774536916986108 ], [ 6561358.545361937023699, 8779384.762285416945815 ], [ 6561247.480523096397519, 8779384.958855923265219 ], [ 6561138.055820260196924, 8779460.753702450543642 ], [ 6561052.139999497681856, 8779504.762017803266644 ], [ 6560887.100613120943308, 8779512.408403208479285 ], [ 6560818.348910228349268, 8779558.66608527302742 ], [ 6560731.004679922014475, 8779587.305428177118301 ], [ 6560607.001331577077508, 8779586.912268217653036 ], [ 6560461.331638922914863, 8779630.5713504049927 ], [ 6560307.248955748975277, 8779748.454584863036871 ], [ 6560232.03160476218909, 8779782.701080609112978 ], [ 6560100.87712799012661, 8779868.311529625207186 ], [ 6559860.143972990103066, 8779916.822503821924329 ], [ 6559658.789649637416005, 8779930.681098155677319 ], [ 6559489.468204136937857, 8779831.057302746921778 ], [ 6559316.2807034291327, 8779812.426371891051531 ], [ 6559169.386242681182921, 8779759.37489141523838 ], [ 6558977.147003328427672, 8779761.585383636876941 ], [ 6558803.346422584727407, 8779821.112724421545863 ], [ 6558642.816052790731192, 8779905.471422523260117 ], [ 6558553.018960760906339, 8779865.300994981080294 ], [ 6558467.037339459173381, 8779858.225163275375962 ], [ 6558327.323946375399828, 8779981.573158282786608 ], [ 6558120.469178410246968, 8780108.034541040658951 ], [ 6558025.600204106420279, 8780100.113247577100992 ], [ 6557880.203233170323074, 8780043.373057495802641 ], [ 6557753.617104864679277, 8780094.230468532070518 ], [ 6557690.738475454039872, 8780140.203867821022868 ], [ 6557611.796295637264848, 8780088.341441601514816 ], [ 6557418.654780344106257, 8780050.755472159013152 ], [ 6557185.79149173758924, 8780068.381371639668941 ], [ 6557085.047612234018743, 8780102.701033629477024 ], [ 6556935.137502296827734, 8780150.50267319008708 ], [ 6556778.582663221284747, 8780189.26925602927804 ], [ 6556611.703730107285082, 8780223.789806293323636 ], [ 6556384.995064153335989, 8780262.041193595156074 ], [ 6556297.419847903773189, 8780284.5378836132586 ], [ 6556161.74451444670558, 8780265.996159356087446 ], [ 6556067.770130936987698, 8780288.890181548893452 ], [ 6556004.940597471781075, 8780347.252059329301119 ], [ 6555955.263946564868093, 8780423.368141993880272 ], [ 6555892.662258820608258, 8780475.468923062086105 ], [ 6555865.995172118768096, 8780538.21673171594739 ], [ 6555774.211469861678779, 8780597.810591468587518 ], [ 6555568.326920824125409, 8780602.953583240509033 ], [ 6555477.80107996892184, 8780703.760847454890609 ], [ 6555288.051793774589896, 8780687.914169317111373 ], [ 6555208.50286777690053, 8780753.110269822180271 ], [ 6555182.229523772373796, 8780828.120013527572155 ], [ 6555101.472201367840171, 8780888.6951016895473 ], [ 6555039.058667940087616, 8780921.714831283316016 ], [ 6554926.124281260184944, 8780882.228600453585386 ], [ 6554861.111104521900415, 8780910.600707648321986 ], [ 6554802.725807492621243, 8780925.597728908061981 ], [ 6554800.195541430264711, 8781000.423593489453197 ], [ 6554748.824055509641767, 8781038.806331174448133 ], [ 6554651.145827462896705, 8781098.664784340187907 ], [ 6554585.731539163738489, 8781218.560912441462278 ], [ 6554601.24550168402493, 8781303.662158966064453 ], [ 6554440.317952373996377, 8781397.497905574738979 ], [ 6554448.337923294864595, 8781502.946817142888904 ], [ 6554345.98713606223464, 8781531.017530705779791 ], [ 6554377.421044480055571, 8781572.631112150847912 ], [ 6554378.821205761283636, 8781603.323315389454365 ], [ 6554355.51778138615191, 8781610.543559601530433 ], [ 6554267.938477346673608, 8781614.577730134129524 ], [ 6554182.617408229038119, 8781575.446321658790112 ], [ 6554092.516998709179461, 8781542.693229211494327 ], [ 6553980.524129193276167, 8781547.851394711062312 ], [ 6553908.782184053212404, 8781529.111870933324099 ], [ 6553843.742352391593158, 8781566.318645015358925 ], [ 6553790.847793985158205, 8781578.32226731441915 ], [ 6553735.325638629496098, 8781574.732381580397487 ], [ 6553660.245983212254941, 8781519.540227927267551 ], [ 6553627.693517913110554, 8781453.380963729694486 ], [ 6553545.798171708360314, 8781470.859377706423402 ], [ 6553481.6153305452317, 8781585.946838028728962 ], [ 6553384.975999321788549, 8781702.561908148229122 ], [ 6553364.603556089103222, 8781772.160749899223447 ], [ 6553378.600379934534431, 8781876.452358422800899 ], [ 6553348.120241085998714, 8781932.136290948837996 ], [ 6553260.234679310582578, 8781935.713457390666008 ], [ 6553226.230772944167256, 8781963.586274299770594 ], [ 6553216.839711719192564, 8782012.962351804599166 ], [ 6553203.108522047288716, 8782051.932828703895211 ], [ 6553241.210641352459788, 8782070.489219967275858 ], [ 6553302.138728927820921, 8782094.164587773382664 ], [ 6553337.912440476939082, 8782123.866813011467457 ], [ 6553371.893376028165221, 8782163.49287417344749 ], [ 6553416.142232468351722, 8782223.207221306860447 ], [ 6553467.59514232352376, 8782291.770146071910858 ], [ 6553502.923909201286733, 8782325.404586475342512 ], [ 6553566.684302453882992, 8782372.293338863179088 ], [ 6553674.527154044248164, 8782435.103264274075627 ], [ 6553796.26588493399322, 8782508.928636545315385 ], [ 6553973.803528943099082, 8782614.489441305398941 ], [ 6554133.260508267208934, 8782708.749079156666994 ], [ 6554288.963013326749206, 8782775.162403229624033 ], [ 6554489.394374090246856, 8782857.239374805241823 ], [ 6554717.94268393702805, 8782939.870010271668434 ], [ 6554896.980060051195323, 8782996.086435724049807 ], [ 6555189.377866938710213, 8783086.874596426263452 ], [ 6555280.679126849398017, 8783118.036881569772959 ], [ 6555339.448623783886433, 8783146.921824298799038 ], [ 6555404.730846919119358, 8783185.577138010412455 ], [ 6555761.927071594633162, 8783427.583773605525494 ], [ 6555834.948608236387372, 8783458.458996193483472 ], [ 6556072.005892089568079, 8783546.960568103939295 ], [ 6555896.043627423234284, 8783574.380407935008407 ], [ 6555745.886477041989565, 8783700.139227449893951 ], [ 6555577.349397734738886, 8783764.347588993608952 ], [ 6555524.04318658914417, 8783819.318100832402706 ], [ 6555447.551644505932927, 8783926.697844676673412 ], [ 6555380.458908941596746, 8783958.409481065347791 ], [ 6555311.546887722797692, 8783961.967248504981399 ], [ 6555252.054633893072605, 8784035.034542240202427 ], [ 6555183.042096652090549, 8784069.331152621656656 ], [ 6554958.591222908347845, 8784094.80961250513792 ], [ 6554903.267097828909755, 8784282.056138209998608 ], [ 6554836.370068485848606, 8784407.350237004458904 ], [ 6554794.667701563797891, 8784424.742677018046379 ], [ 6554750.554155550897121, 8784525.1082500256598 ], [ 6554693.833081987686455, 8784574.677336929365993 ], [ 6554619.832437012344599, 8784606.748077968135476 ], [ 6554559.026194835081697, 8784608.915192138403654 ], [ 6554499.771718062460423, 8784657.938413709402084 ], [ 6554442.386373084038496, 8784702.553321750834584 ], [ 6554316.302929727360606, 8784762.446493908762932 ], [ 6554236.106818329542875, 8784810.742738373577595 ], [ 6554182.256148315966129, 8784876.017546435818076 ], [ 6554064.697477811947465, 8784882.329475671052933 ], [ 6554007.972664665430784, 8784915.24604913033545 ], [ 6553989.197623123414814, 8785034.627813601866364 ], [ 6553979.61141318641603, 8785129.936019716784358 ], [ 6554000.891586847603321, 8785559.69090836122632 ], [ 6554018.070167941972613, 8785682.690373193472624 ], [ 6554043.653497976250947, 8785815.191317785531282 ], [ 6554047.158478395082057, 8785888.698902390897274 ], [ 6554076.008568465709686, 8785956.447736501693726 ], [ 6554120.578580169007182, 8786073.674926357343793 ], [ 6554153.745855625718832, 8786223.185250468552113 ], [ 6554138.938874633051455, 8786352.180283343419433 ], [ 6554122.102973209694028, 8786416.756891995668411 ], [ 6554124.902731718495488, 8786512.14669874496758 ], [ 6554130.423162846826017, 8786622.350699476897717 ], [ 6554155.064752941019833, 8786728.89528975263238 ], [ 6554173.10280299000442, 8786786.991558849811554 ], [ 6554173.991003529168665, 8786883.005141239613295 ], [ 6554199.788165219128132, 8787020.08212505467236 ], [ 6554260.499150068499148, 8787108.837102087214589 ], [ 6554394.374992514029145, 8787306.862814795225859 ], [ 6554421.495791960507631, 8787337.048628309741616 ], [ 6554499.308523993939161, 8787384.399861771613359 ], [ 6554527.188618399202824, 8787453.746373953297734 ], [ 6554592.392250544391572, 8787493.807217337191105 ], [ 6554656.453501775860786, 8787543.203379958868027 ], [ 6554739.906254254281521, 8787562.06019851565361 ], [ 6554921.014974947087467, 8787594.880133574828506 ], [ 6555009.921487430110574, 8787684.876716950908303 ], [ 6555063.261367020197213, 8787702.935905341058969 ], [ 6555154.62436156719923, 8787714.108452800661325 ], [ 6555249.514627104625106, 8787765.330556811764836 ], [ 6555412.932161219418049, 8787854.762758893892169 ], [ 6555508.618901447393, 8787878.407155996188521 ], [ 6555524.888383654877543, 8787962.441290069371462 ], [ 6555537.052057701162994, 8788026.010415067896247 ], [ 6555530.418894193135202, 8788068.567756522446871 ], [ 6555584.352804058231413, 8788114.654950860887766 ], [ 6555657.573713039979339, 8788078.441773613914847 ], [ 6555716.508718216791749, 8788083.17525939270854 ], [ 6555786.484002580866218, 8788003.955786246806383 ], [ 6555839.094760270789266, 8787955.77687980979681 ], [ 6555946.924949143081903, 8787963.171375630423427 ], [ 6555978.301363421604037, 8787920.630260420963168 ], [ 6556019.392608430236578, 8787916.179550236091018 ], [ 6556091.349351745098829, 8787931.491435239091516 ], [ 6556132.722981341183186, 8787976.421171214431524 ], [ 6556179.079862900078297, 8787972.629800306633115 ], [ 6556204.707676695659757, 8787926.998845178633928 ], [ 6556255.323787401430309, 8787922.692574637010694 ], [ 6556306.790469963103533, 8787919.749982299283147 ], [ 6556353.206168700940907, 8787898.449293248355389 ], [ 6556394.070418741554022, 8787868.028446432203054 ], [ 6556466.369727335870266, 8787827.474719194695354 ], [ 6556590.977855411358178, 8787800.350289905443788 ], [ 6556673.823226284235716, 8787792.545572247356176 ], [ 6556733.28976222500205, 8787776.199173547327518 ], [ 6556825.663289979100227, 8787708.605343014001846 ], [ 6556952.220573453232646, 8787740.763825912028551 ], [ 6557059.23389037232846, 8787712.357423847541213 ], [ 6557129.238792072050273, 8787692.435448914766312 ], [ 6557190.696429930627346, 8787704.475000113248825 ], [ 6557241.924995310604572, 8787660.403197566047311 ], [ 6557264.343358310870826, 8787624.930395744740963 ], [ 6557334.158456581644714, 8787593.132160557433963 ], [ 6557366.345402099192142, 8787606.047631604596972 ], [ 6557414.353406880050898, 8787585.344005547463894 ], [ 6557437.955515515059233, 8787586.267558924853802 ], [ 6557501.888402426615357, 8787570.603525400161743 ], [ 6557577.489334175363183, 8787559.341962894424796 ], [ 6557732.703288859687746, 8787589.63464174605906 ], [ 6557878.362135117873549, 8787595.99252463132143 ], [ 6558414.819353153929114, 8787432.67852545902133 ], [ 6559120.118895730935037, 8787458.603115100413561 ], [ 6559127.678886679932475, 8787448.549090400338173 ], [ 6559138.647391098551452, 8787433.96987116523087 ], [ 6559206.502523176372051, 8787343.765447540208697 ], [ 6559223.9046939490363, 8787320.620936669409275 ], [ 6559291.996907150372863, 8787230.108283573761582 ], [ 6559393.59477215167135, 8787147.794912997633219 ], [ 6559598.162031672894955, 8786982.064318533986807 ], [ 6559720.704405223950744, 8786882.781538400799036 ], [ 6559922.066137694753706, 8786719.633382892236114 ], [ 6560001.012611792422831, 8786655.660294426605105 ], [ 6560295.987347560934722, 8786314.806586094200611 ], [ 6560568.66503197979182, 8786202.099038584157825 ], [ 6560909.644077498465776, 8786230.604853438213468 ], [ 6560974.452218210324645, 8786222.69148594327271 ], [ 6561015.244585713371634, 8786178.127741005271673 ], [ 6561061.539376161061227, 8786082.526887156069279 ], [ 6561079.539486576803029, 8785960.45373179204762 ], [ 6561097.601034921593964, 8785841.902261523529887 ], [ 6561098.746687164530158, 8785834.366537358611822 ], [ 6561111.348282065242529, 8785775.462260011583567 ], [ 6561114.438871717080474, 8785767.825475797057152 ], [ 6561115.638773009181023, 8785764.838596250861883 ], [ 6561121.792402980849147, 8785748.961723124608397 ], [ 6561128.941977032460272, 8785722.510355219244957 ], [ 6561139.650140677578747, 8785699.396861102432013 ], [ 6561146.167836678214371, 8785685.978471264243126 ], [ 6561152.935900017619133, 8785672.046627528965473 ], [ 6561160.255181421525776, 8785657.233845874667168 ], [ 6561168.039099918678403, 8785643.962384825572371 ], [ 6561175.604054121300578, 8785628.533689990639687 ], [ 6561183.485792430117726, 8785615.246292030438781 ], [ 6561193.263538140803576, 8785601.985547613352537 ], [ 6561211.734859697520733, 8785575.707919932901859 ], [ 6561232.774482622742653, 8785550.749114908277988 ], [ 6561238.236172043718398, 8785535.314643664285541 ], [ 6561243.812339917756617, 8785519.988956246525049 ], [ 6561247.392536770552397, 8785504.846541311591864 ], [ 6561254.968271008692682, 8785489.417240502312779 ], [ 6561262.647032714448869, 8785474.085841104388237 ], [ 6561272.419958227314055, 8785460.722537323832512 ], [ 6561280.28592733386904, 8785447.333077298477292 ], [ 6561290.074431812390685, 8785434.071693493053317 ], [ 6561297.847205549478531, 8785420.800578892230988 ], [ 6561307.624232895672321, 8785407.528292901813984 ], [ 6561315.501597959548235, 8785394.149671006947756 ], [ 6561323.180124613456428, 8785380.974126888439059 ], [ 6561330.854089294560254, 8785365.540195209905505 ], [ 6561338.423420525155962, 8785350.213740421459079 ], [ 6561344.080504452809691, 8785336.424148183315992 ], [ 6561348.679422799497843, 8785323.926711194217205 ], [ 6561354.105034279637039, 8785307.467129543423653 ], [ 6561356.942328887060285, 8785301.963576901704073 ], [ 6561367.071698161773384, 8785277.222290607169271 ], [ 6561373.120282764546573, 8785269.608623644337058 ], [ 6561375.160111773759127, 8785266.309174790978432 ], [ 6561377.774564227089286, 8785262.161918204277754 ], [ 6561384.059596710838377, 8785251.331960417330265 ], [ 6561393.930142580531538, 8785237.952562145888805 ], [ 6561405.910066166892648, 8785224.475865172222257 ], [ 6561417.879453894682229, 8785213.166977591812611 ], [ 6561429.958535281941295, 8785204.020357396453619 ], [ 6561447.135957331396639, 8785194.513097459450364 ], [ 6561456.869601072743535, 8785190.847358871251345 ], [ 6561475.207967584021389, 8785184.697237189859152 ], [ 6561506.379048552364111, 8785178.947607105597854 ], [ 6561523.066802160814404, 8785178.143657827749848 ], [ 6561539.742685433477163, 8785175.161490108817816 ], [ 6561587.810004557482898, 8785172.932888498529792 ], [ 6561606.240614503622055, 8785175.037172887474298 ], [ 6561619.492193242534995, 8785177.893673084676266 ], [ 6561634.383684544824064, 8785181.404582468792796 ], [ 6561664.274734160862863, 8785192.950054688379169 ], [ 6561679.067869800142944, 8785196.465498453006148 ], [ 6561694.074203804135323, 8785204.408497234806418 ], [ 6561706.966471230611205, 8785212.346355197951198 ], [ 6561720.071082265116274, 8785220.377086022868752 ], [ 6561732.97428638022393, 8785228.314446460455656 ], [ 6561745.877494067884982, 8785236.251810198649764 ], [ 6561760.87239960860461, 8785244.183945879340172 ], [ 6561775.862292404286563, 8785247.690318239852786 ], [ 6561784.156743961386383, 8785247.284880638122559 ], [ 6561790.252455521374941, 8785242.8628641795367 ], [ 6561793.005757505074143, 8785214.662687050178647 ], [ 6561792.290822404436767, 8785197.573432082310319 ], [ 6561795.559500053524971, 8785178.018957048654556 ], [ 6561803.33657565433532, 8785164.849861398339272 ], [ 6561817.5087865376845, 8785155.492321599274874 ], [ 6561834.205447981134057, 8785152.725756198167801 ], [ 6561837.002872227691114, 8785152.585289087146521 ], [ 6561838.40184435993433, 8785152.520747071132064 ], [ 6561849.39954701717943, 8785164.778070658445358 ], [ 6561862.511321079917252, 8785177.040533734485507 ], [ 6561871.623428178019822, 8785189.498935865238309 ], [ 6561901.20766135957092, 8785196.723732344806194 ], [ 6561922.299928415566683, 8785197.872379945591092 ], [ 6561939.085980193689466, 8785199.219691038131714 ], [ 6561955.965718496590853, 8785200.460008533671498 ], [ 6561993.635494463145733, 8785198.630768487229943 ], [ 6562010.233805947937071, 8785195.868673607707024 ], [ 6562049.99110796302557, 8785193.943052234128118 ], [ 6562068.881875516846776, 8785195.090533923357725 ], [ 6562085.558187579736114, 8785194.275453934445977 ], [ 6562102.454062772914767, 8785195.629039926454425 ], [ 6562119.239669932983816, 8785194.808901617303491 ], [ 6562140.33240523096174, 8785198.124817106872797 ], [ 6562173.904537326656282, 8785200.819265082478523 ], [ 6562190.690667226910591, 8785200.010479969903827 ], [ 6562205.586914862506092, 8785203.623705599457026 ], [ 6562239.064972843974829, 8785202.101707227528095 ], [ 6562256.054487204179168, 8785205.50425436720252 ], [ 6562272.741733935661614, 8785204.688589425757527 ], [ 6562289.422787692397833, 8785201.819862881675363 ], [ 6562306.110552690923214, 8785201.015563540160656 ], [ 6562334.970331422053277, 8785190.945660660043359 ], [ 6562347.147537771612406, 8785181.793887622654438 ], [ 6562361.324308663606644, 8785172.538416374474764 ], [ 6562375.802885669283569, 8785165.333754839375615 ], [ 6562390.192928100004792, 8785160.505922457203269 ], [ 6562406.880196324549615, 8785157.53414873406291 ], [ 6562425.556105181574821, 8785154.45917752943933 ], [ 6562459.029431493021548, 8785152.834461279213428 ], [ 6562492.711379025131464, 8785155.534944705665112 ], [ 6562509.288860517553985, 8785150.400746254250407 ], [ 6562525.870982710272074, 8785147.525013819336891 ], [ 6562540.349997042678297, 8785142.487644538283348 ], [ 6562554.636992065235972, 8785135.405766343697906 ], [ 6562569.01714192610234, 8785128.205499514937401 ], [ 6562581.19372599478811, 8785119.042159352451563 ], [ 6562593.271964180283248, 8785107.727313982322812 ], [ 6562607.449137769639492, 8785098.483010176569223 ], [ 6562612.666187337599695, 8785093.530864169821143 ], [ 6562617.883234490640461, 8785088.578715492039919 ], [ 6562618.144559549167752, 8785083.513091348111629 ], [ 6562621.970221839845181, 8785050.516862530261278 ], [ 6562624.319370497018099, 8785011.816538559272885 ], [ 6562627.894455977715552, 8784996.582070477306843 ], [ 6562633.375409968197346, 8784981.350875405594707 ], [ 6562634.659991478547454, 8784964.168768621981144 ], [ 6562635.51575889531523, 8784938.325272507965565 ], [ 6562638.485563418827951, 8784910.33080623857677 ], [ 6562645.135948549024761, 8784875.641255144029856 ], [ 6562651.472971295937896, 8784832.421850590035319 ], [ 6562650.949928660877049, 8784819.543993258848786 ], [ 6562654.123598845675588, 8784797.928337208926678 ], [ 6562653.304919361136854, 8784780.740643609315157 ], [ 6562654.479532716795802, 8784763.552174711599946 ], [ 6562662.157094092108309, 8784748.219476163387299 ], [ 6562663.534652672708035, 8784730.91895879432559 ], [ 6562664.709215618669987, 8784711.574440855532885 ], [ 6562668.076413970440626, 8784696.34949211217463 ], [ 6562675.038209252990782, 8784666.083009079098701 ], [ 6562680.711454234085977, 8784650.751556558534503 ], [ 6562684.089011759497225, 8784635.514700822532177 ], [ 6562693.144966896623373, 8784605.060205135494471 ], [ 6562707.77931269723922, 8784559.358421683311462 ], [ 6562711.459743952378631, 8784548.351188112050295 ], [ 6562716.940320311114192, 8784533.119837710633874 ], [ 6562720.515026801265776, 8784517.885240122675896 ], [ 6562728.192908236756921, 8784504.719846177846193 ], [ 6562738.057664720341563, 8784491.236693829298019 ], [ 6562747.942706992849708, 8784477.957929171621799 ], [ 6562759.812171123921871, 8784464.484826467931271 ], [ 6562772.087119207717478, 8784455.327894348651171 ], [ 6562784.066407766193151, 8784444.017146671190858 ], [ 6562796.242972185835242, 8784434.864732319489121 ], [ 6562810.528911398723722, 8784427.770925497636199 ], [ 6562835.195435031317174, 8784415.839869389310479 ], [ 6562855.665636660531163, 8784404.114021906629205 ], [ 6562882.530604248866439, 8784398.583740320056677 ], [ 6562892.926793809980154, 8784393.848417429253459 ], [ 6562907.306936657987535, 8784388.814972892403603 ], [ 6562921.675570900551975, 8784381.614578066393733 ], [ 6562935.966657653450966, 8784374.634499317035079 ], [ 6562950.346205881796777, 8784367.433573424816132 ], [ 6562964.726325441151857, 8784362.400082189589739 ], [ 6562979.208909415639937, 8784355.297040306031704 ], [ 6562993.484351682476699, 8784348.214962318539619 ], [ 6563007.758682151325047, 8784338.954036328941584 ], [ 6563024.142922257073224, 8784331.763095829635859 ], [ 6563046.507239294238389, 8784315.717188682407141 ], [ 6563074.859017012640834, 8784295.048226173967123 ], [ 6563086.931239994242787, 8784283.618800221011043 ], [ 6563099.013940779492259, 8784274.573110301047564 ], [ 6563111.283982363529503, 8784265.313410863280296 ], [ 6563123.168743035756052, 8784251.94186482205987 ], [ 6563135.136833420954645, 8784240.631270926445723 ], [ 6563147.214202803559601, 8784229.315612960606813 ], [ 6563157.094194964505732, 8784215.933986078947783 ], [ 6563169.066329035907984, 8784202.558340273797512 ], [ 6563178.941603290848434, 8784189.074232576414943 ], [ 6563186.619072518311441, 8784175.908423524349928 ], [ 6563200.893742676824331, 8784166.658649224787951 ], [ 6563212.762767106294632, 8784153.18503662571311 ], [ 6563222.741035213693976, 8784139.798785569146276 ], [ 6563232.516323666088283, 8784126.524572607129812 ], [ 6563246.278873859904706, 8784106.563577061519027 ], [ 6563266.138696979731321, 8784084.141850681975484 ], [ 6563278.215901606716216, 8784072.826024016365409 ], [ 6563285.986921163275838, 8784059.553111175075173 ], [ 6563297.855820385739207, 8784046.07938077300787 ], [ 6563307.838658478111029, 8784032.795478576794267 ], [ 6563319.707526200450957, 8784019.321718260645866 ], [ 6563331.68566863425076, 8784005.842890590429306 ], [ 6563343.763424895703793, 8783996.694458570331335 ], [ 6563358.135758117772639, 8783987.428543962538242 ], [ 6563370.114495813846588, 8783976.117151513695717 ], [ 6563384.290083155035973, 8783966.860300108790398 ], [ 6563398.674473966471851, 8783959.772702230140567 ], [ 6563415.459447056055069, 8783958.951178021728992 ], [ 6563430.252444701269269, 8783962.46549454703927 ], [ 6563445.050134823657572, 8783966.082264330238104 ], [ 6563464.863044656813145, 8783984.514338849112391 ], [ 6563491.064910778775811, 8784004.704535681754351 ], [ 6563510.361480803228915, 8784012.334312319755554 ], [ 6563535.237532216124237, 8784009.062484856694937 ], [ 6563537.335396478883922, 8784008.95409869775176 ], [ 6563551.818275494500995, 8784004.017990512773395 ], [ 6563566.197971486486495, 8783996.827849861234426 ], [ 6563580.581828673370183, 8783989.728767652064562 ], [ 6563594.757374905049801, 8783980.471772598102689 ], [ 6563609.137046480551362, 8783973.281591456383467 ], [ 6563623.312572976574302, 8783964.024567104876041 ], [ 6563637.696396924555302, 8783956.925430420786142 ], [ 6563651.872424905188382, 8783947.679760782048106 ], [ 6563666.448923783376813, 8783942.636551173403859 ], [ 6563683.041195347905159, 8783939.758935127407312 ], [ 6563699.617704486474395, 8783934.623233551159501 ], [ 6563716.198898703791201, 8783929.589974476024508 ], [ 6563748.844940611161292, 8783910.877117769792676 ], [ 6563771.309803706593812, 8783901.111186664551497 ], [ 6563817.067065336741507, 8783890.325244704261422 ], [ 6563820.595618770457804, 8783890.607003891840577 ], [ 6563833.951558767817914, 8783891.677835404872894 ], [ 6563867.423593925312161, 8783890.050216991454363 ], [ 6563884.418212380260229, 8783895.721396313980222 ], [ 6563897.42492812499404, 8783903.755945255979896 ], [ 6563910.323903441429138, 8783911.590132350102067 ], [ 6563925.527367647737265, 8783919.523107677698135 ], [ 6563942.30830614361912, 8783920.766381969675422 ], [ 6563958.999431174248457, 8783917.895438680425286 ], [ 6563972.881105164065957, 8783912.986839888617396 ], [ 6563987.260659340769053, 8783905.796378172934055 ], [ 6564006.238065461628139, 8783896.408245153725147 ], [ 6564013.134184526279569, 8783887.715689782053232 ], [ 6564028.598486492410302, 8783876.231154944747686 ], [ 6564038.472092108801007, 8783868.940997537225485 ], [ 6564052.652645700611174, 8783859.797450693324208 ], [ 6564081.51034627482295, 8783849.724114375188947 ], [ 6564093.79545958712697, 8783840.565513430163264 ], [ 6564094.865945254452527, 8783840.025448501110077 ], [ 6564122.449294796213508, 8783826.280470246449113 ], [ 6564151.311629260890186, 8783816.309476191177964 ], [ 6564169.584583358839154, 8783804.694871708750725 ], [ 6564188.054425130598247, 8783795.227307114750147 ], [ 6564200.028062885627151, 8783783.812757605686784 ], [ 6564202.032059757970273, 8783781.655157240107656 ], [ 6564209.801812417805195, 8783766.213960347697139 ], [ 6564213.182781664654613, 8783751.078434675931931 ], [ 6564218.756296394392848, 8783735.750217653810978 ], [ 6564217.109223965555429, 8783701.464506106451154 ], [ 6564209.999885053373873, 8783686.84845594316721 ], [ 6564207.173987651243806, 8783669.866682402789593 ], [ 6564202.047065800987184, 8783650.709690287709236 ], [ 6564201.231559003703296, 8783633.623514574021101 ], [ 6564198.108590951189399, 8783612.308919783681631 ], [ 6564201.583646229468286, 8783597.077757084742188 ], [ 6564207.063380287028849, 8783581.856523234397173 ], [ 6564214.833166993223131, 8783568.571428690105677 ], [ 6564230.6508310418576, 8783549.746017640456557 ], [ 6564240.111938883550465, 8783536.086029320955276 ], [ 6564252.403904030099511, 8783525.169961186125875 ], [ 6564262.092352317646146, 8783516.233896708115935 ], [ 6564274.395224277861416, 8783505.317297589033842 ], [ 6564286.46790939476341, 8783487.703212484717369 ], [ 6564298.54901996254921, 8783476.488815378397703 ], [ 6564310.511440452188253, 8783465.074544556438923 ], [ 6564320.292541358619928, 8783451.707680458202958 ], [ 6564332.361940855160356, 8783438.326187565922737 ], [ 6564342.137795897200704, 8783424.845454320311546 ], [ 6564349.912630874663591, 8783411.6740607842803 ], [ 6564359.780583334155381, 8783398.291716851294041 ], [ 6564365.364692131988704, 8783382.962811823934317 ], [ 6564368.635807595215738, 8783365.676010958850384 ], [ 6564372.105398738756776, 8783350.330858470872045 ], [ 6564379.059672061353922, 8783319.9706841558218 ], [ 6564380.336984736844897, 8783302.673456022515893 ], [ 6564379.51023297291249, 8783285.587683103978634 ], [ 6564379.972437201999128, 8783253.371738616377115 ], [ 6564376.62872270680964, 8783225.575864275917411 ], [ 6564361.77653930336237, 8783181.097334681078792 ], [ 6564354.764532225206494, 8783164.309252401813865 ], [ 6564345.650785787962377, 8783149.69478234834969 ], [ 6564336.541212430223823, 8783135.171394050121307 ], [ 6564327.426942736841738, 8783120.545555157586932 ], [ 6564320.395375538617373, 8783105.720652472227812 ], [ 6564309.39171710703522, 8783093.361280206590891 ], [ 6564300.282141355797648, 8783078.837921883910894 ], [ 6564291.267522986978292, 8783066.386501926928759 ], [ 6564280.258650816977024, 8783053.913308499380946 ], [ 6564269.047351378947496, 8783041.563575340434909 ], [ 6564256.148338885046542, 8783033.729821192100644 ], [ 6564243.250867222435772, 8783025.690648552030325 ], [ 6564228.150485198944807, 8783017.856116374954581 ], [ 6564214.934540564194322, 8783005.496517676860094 ], [ 6564197.747297594323754, 8782997.769992981106043 ], [ 6564173.836057670414448, 8782979.539587879553437 ], [ 6564147.9298174995929, 8782963.660387378185987 ], [ 6564141.536773760803044, 8782961.811523517593741 ], [ 6564128.534742294810712, 8782953.879897190257907 ], [ 6564102.630586220882833, 8782937.806681314483285 ], [ 6564089.518505928106606, 8782927.712582420557737 ], [ 6564076.625776381231844, 8782919.775912098586559 ], [ 6564063.409876871854067, 8782907.416379407048225 ], [ 6564050.40709500014782, 8782897.317238409072161 ], [ 6564037.400393769145012, 8782889.283182319253683 ], [ 6564026.297921090386808, 8782876.91711637377739 ], [ 6564017.288051368668675, 8782864.568284021690488 ], [ 6564010.370501840487123, 8782849.840961152687669 ], [ 6564001.256280881352723, 8782835.215319093316793 ], [ 6563994.334031034260988, 8782820.385552607476711 ], [ 6563980.203840175643563, 8782790.944610584527254 ], [ 6563975.384062867611647, 8782776.1088110152632 ], [ 6563965.442928858101368, 8782744.397700123488903 ], [ 6563960.00774335116148, 8782718.763975234702229 ], [ 6563949.852394002489746, 8782680.468848939985037 ], [ 6563935.10308235604316, 8782636.089061036705971 ], [ 6563926.197257698513567, 8782623.621429516002536 ], [ 6563919.181296166963875, 8782608.898754432797432 ], [ 6563908.063714856281877, 8782596.442257422953844 ], [ 6563899.048604433424771, 8782583.979704406112432 ], [ 6563890.143302321434021, 8782571.52348249964416 ], [ 6563885.22510698530823, 8782556.692313022911549 ], [ 6563880.302210506983101, 8782541.758691759780049 ], [ 6563877.471095936372876, 8782524.674758829176426 ], [ 6563870.455117251724005, 8782509.952127024531364 ], [ 6563869.633804552257061, 8782492.752341121435165 ], [ 6563870.915986966341734, 8782475.569254118949175 ], [ 6563876.378859382122755, 8782460.234682392328978 ], [ 6563877.446550672873855, 8782438.612313460558653 ], [ 6563886.800637769512832, 8782412.362433310598135 ], [ 6563896.84614036232233, 8782388.772859022021294 ], [ 6563899.940577858127654, 8782381.499442838132381 ], [ 6563909.295383936725557, 8782357.417041040956974 ], [ 6563917.075289011001587, 8782344.131283883005381 ], [ 6563924.647247206419706, 8782328.698987763375044 ], [ 6563932.416718440130353, 8782315.425101360306144 ], [ 6563942.295381661504507, 8782302.053539147600532 ], [ 6563947.867375323548913, 8782286.713818687945604 ], [ 6563955.533751948736608, 8782273.342001244425774 ], [ 6563966.054192622192204, 8782227.632487529888749 ], [ 6563967.232559968717396, 8782210.340033911168575 ], [ 6563968.399679305031896, 8782190.891936937347054 ], [ 6563965.474130916409194, 8782173.903615841642022 ], [ 6563960.654602475464344, 8782159.079313553869724 ], [ 6563953.633226548321545, 8782144.242903666570783 ], [ 6563946.612369931302965, 8782129.417884282767773 ], [ 6563941.792829496785998, 8782114.593597812578082 ], [ 6563932.579211216419935, 8782097.805249037221074 ], [ 6563916.338178595528007, 8782064.138736646622419 ], [ 6563911.419743658043444, 8782049.307645685970783 ], [ 6563902.404501609504223, 8782036.845273427665234 ], [ 6563893.290587762370706, 8782022.231320846825838 ], [ 6563885.774910193867981, 8782011.661725932732224 ], [ 6563878.373173493891954, 8781997.36777551099658 ], [ 6563867.618526349775493, 8781979.932145263999701 ], [ 6563867.004163675941527, 8781977.998384984210134 ], [ 6563863.528935658745468, 8781967.652367472648621 ], [ 6563856.512748225592077, 8781952.929883193224669 ], [ 6563850.663000841625035, 8781918.747999098151922 ], [ 6563841.637506783008575, 8781903.913249837234616 ], [ 6563838.707151357084513, 8781886.822572538629174 ], [ 6563831.387626532465219, 8781865.725568484514952 ], [ 6563823.95188853982836, 8781840.184755170717835 ], [ 6563814.628604978322983, 8781821.24547104164958 ], [ 6563809.500761715695262, 8781802.089045835658908 ], [ 6563806.67964487709105, 8781784.993334833532572 ], [ 6563799.663411548361182, 8781770.270918214693666 ], [ 6563796.732997074723244, 8781753.180278131738305 ], [ 6563791.810296508483589, 8781738.258221264928579 ], [ 6563784.892406540922821, 8781723.531265985220671 ], [ 6563775.777920571155846, 8781708.906070601195097 ], [ 6563766.757611284963787, 8781694.185254788026214 ], [ 6563757.643123704940081, 8781679.560074847191572 ], [ 6563748.626990149728954, 8781664.930346412584186 ], [ 6563739.612238846719265, 8781652.479523435235023 ], [ 6563730.591404562816024, 8781637.747353747487068 ], [ 6563724.449348744004965, 8781629.190550437197089 ], [ 6563721.582359820604324, 8781625.182197919115424 ], [ 6563714.566101597622037, 8781610.459853546693921 ], [ 6563709.746426406316459, 8781595.635756764560938 ], [ 6563704.717722085304558, 8781578.642388679087162 ], [ 6563697.701453200541437, 8781563.920062430202961 ], [ 6563692.359099045395851, 8781538.179769828915596 ], [ 6563687.23637161962688, 8781519.137307398021221 ], [ 6563683.898034384474158, 8781493.395451225340366 ], [ 6563678.979965232312679, 8781478.575944608077407 ], [ 6563676.049436237663031, 8781461.485402142629027 ], [ 6563674.560559781268239, 8781429.508877297863364 ], [ 6563672.835092851892114, 8781392.614992717280984 ], [ 6563674.012120828032494, 8781373.155185181647539 ], [ 6563674.16951331589371, 8781355.818903543055058 ], [ 6563680.038365697488189, 8781342.427591115236282 ], [ 6563682.831283495761454, 8781335.989468486979604 ], [ 6563686.206599755212665, 8781320.762889590114355 ], [ 6563690.094377236440778, 8781314.08009172603488 ], [ 6563693.981629140675068, 8781307.385907534509897 ], [ 6563701.652064645662904, 8781294.11643554829061 ], [ 6563709.41994989477098, 8781278.674885004758835 ], [ 6563714.683480387553573, 8781259.01426518522203 ], [ 6563714.474058235064149, 8781254.688862431794405 ], [ 6563717.644205909222364, 8781233.083175823092461 ], [ 6563724.580534214153886, 8781200.237015813589096 ], [ 6563725.845703596249223, 8781182.940620165318251 ], [ 6563729.639769859611988, 8781176.36480151489377 ], [ 6563735.210987815633416, 8781161.024990106001496 ], [ 6563742.974045380949974, 8781145.480917608365417 ], [ 6563750.545081893913448, 8781130.048406604677439 ], [ 6563758.324645033106208, 8781116.773778105154634 ], [ 6563768.190944363363087, 8781103.391018066555262 ], [ 6563780.052372766658664, 8781089.813101572915912 ], [ 6563787.827192645519972, 8781076.43598435074091 ], [ 6563795.398152356036007, 8781061.003418326377869 ], [ 6563803.165801825001836, 8781045.561724601313472 ], [ 6563810.836000990122557, 8781032.292099181562662 ], [ 6563816.402370406314731, 8781016.849741859361529 ], [ 6563824.181824088096619, 8781003.575033331289887 ], [ 6563834.048006676137447, 8780990.192180529236794 ], [ 6563841.724378414452076, 8780976.819554483518004 ], [ 6563857.477053664624691, 8780954.493542317301035 ], [ 6563877.21645650267601, 8780929.792299412190914 ], [ 6563895.165998478420079, 8780909.520530877634883 ], [ 6563907.142128888517618, 8780898.207341207191348 ], [ 6563919.211895847693086, 8780886.787121528759599 ], [ 6563943.04822582937777, 8780859.728219380602241 ], [ 6563955.01243020221591, 8780846.247946145012975 ], [ 6563964.884660445153713, 8780832.761971261352301 ], [ 6563968.357853229157627, 8780817.530578646808863 ], [ 6563973.830339248292148, 8780802.195077193900943 ], [ 6563972.992736391723156, 8780784.904698288068175 ], [ 6563968.183504222892225, 8780770.080126592889428 ], [ 6563961.264639429748058, 8780755.341965608298779 ], [ 6563952.134656881913543, 8780740.626473436132073 ], [ 6563943.125312202610075, 8780728.061562761664391 ], [ 6563932.012091665528715, 8780715.708290493115783 ], [ 6563927.296925643458962, 8780702.932877717539668 ], [ 6563927.186691204085946, 8780700.770414570346475 ], [ 6563928.315212389454246, 8780697.204336289316416 ], [ 6563932.658671640790999, 8780683.278771286830306 ], [ 6563942.524552713148296, 8780669.895715199410915 ], [ 6563956.703662235289812, 8780660.53371549025178 ], [ 6563971.070020716637373, 8780653.342003885656595 ], [ 6563985.253814615309238, 8780644.082431346178055 ], [ 6563999.002399055287242, 8780623.913853956386447 ], [ 6564006.671242705546319, 8780608.476430796086788 ], [ 6564014.77878198120743, 8780560.6190000846982 ], [ 6564016.14791851863265, 8780543.214845709502697 ], [ 6564023.816687378101051, 8780527.777385303750634 ], [ 6564029.284221883863211, 8780512.339325357228518 ], [ 6564037.063217467628419, 8780499.064316688105464 ], [ 6564044.731940422207117, 8780483.626826906576753 ], [ 6564048.200146801769733, 8780468.292876234278083 ], [ 6564049.365290315821767, 8780448.833239724859595 ], [ 6564050.629754181019962, 8780431.536580108106136 ], [ 6564049.078880485147238, 8780397.052624989300966 ], [ 6564046.147523177787662, 8780379.961982879787683 ], [ 6564045.000648832879961, 8780356.183140341192484 ], [ 6564035.362854165025055, 8780330.65337548032403 ], [ 6564035.239405918866396, 8780330.111501026898623 ], [ 6564027.506489787250757, 8780296.461921330541372 ], [ 6564024.894981132820249, 8780285.859217008575797 ], [ 6564017.878075830638409, 8780271.137103125452995 ], [ 6564012.119805247522891, 8780236.848357137292624 ], [ 6564007.195322593674064, 8780219.758938625454903 ], [ 6564007.758207627572119, 8780211.986568171530962 ], [ 6564007.910195239819586, 8780209.811934070661664 ], [ 6564008.459641119465232, 8780202.462294837459922 ], [ 6564009.636523937806487, 8780185.169704679399729 ], [ 6564008.79849303048104, 8780167.879317173734307 ], [ 6564011.333784308284521, 8780133.194440135732293 ], [ 6564014.910511242225766, 8780117.844009609892964 ], [ 6564016.071206165477633, 8780098.293306909501553 ], [ 6564006.222071964293718, 8780068.643630813807249 ], [ 6564005.394370072521269, 8780051.341357000172138 ], [ 6564000.260129267349839, 8780029.926533862948418 ], [ 6563986.424876832403243, 8780004.808406807482243 ], [ 6563974.582127315923572, 8779975.148608211427927 ], [ 6563972.175484988838434, 8779968.768930405378342 ], [ 6563965.153773217462003, 8779953.944460509344935 ], [ 6563960.233345320448279, 8779936.946188259869814 ], [ 6563953.20069863088429, 8779922.122237974777818 ], [ 6563948.277099965140224, 8779907.200437694787979 ], [ 6563943.352973649278283, 8779892.267258124426007 ], [ 6563940.530644427984953, 8779875.171656358987093 ], [ 6563935.60702998843044, 8779860.249869843944907 ], [ 6563932.675408346578479, 8779843.159346073865891 ], [ 6563927.751259763725102, 8779828.226184578612447 ], [ 6563924.831073641777039, 8779811.146545460447669 ], [ 6563921.260038908571005, 8779803.497555691748857 ], [ 6563917.907147236168385, 8779796.306185901165009 ], [ 6563910.890099514275789, 8779781.584236618131399 ], [ 6563903.85270624794066, 8779766.657888235524297 ], [ 6563894.218252281658351, 8779739.063356118276715 ], [ 6563884.684206711128354, 8779715.799332762137055 ], [ 6563870.952895668335259, 8779690.562520669773221 ], [ 6563868.320881270803511, 8779679.755518825724721 ], [ 6563861.41308650188148, 8779665.028546603396535 ], [ 6563856.47848357539624, 8779650.107338489964604 ], [ 6563849.461406070739031, 8779635.385449226945639 ], [ 6563844.537199434824288, 8779620.452360400930047 ], [ 6563837.618464280851185, 8779605.725919058546424 ], [ 6563828.395510354079306, 8779590.901067674160004 ], [ 6563819.379192038439214, 8779576.283391796052456 ], [ 6563810.358687237836421, 8779563.71940553560853 ], [ 6563803.439944821409881, 8779548.992991182953119 ], [ 6563797.58267124928534, 8779514.709196211770177 ], [ 6563795.921553695574403, 8779480.230666734278202 ], [ 6563803.485950225964189, 8779464.683788353577256 ], [ 6563812.687068176455796, 8779445.6726786326617 ], [ 6563816.356549549847841, 8779438.782896811142564 ], [ 6563817.535065894015133, 8779432.020134629681706 ], [ 6563817.150058725848794, 8779423.881089737638831 ], [ 6563815.00074028223753, 8779410.473454132676125 ], [ 6563813.080531196668744, 8779403.957190005108714 ], [ 6563811.528553387150168, 8779398.781419564038515 ], [ 6563802.971421592868865, 8779383.195610817521811 ], [ 6563801.6260931994766, 8779380.371762489899993 ], [ 6563794.608935495838523, 8779365.649962402880192 ], [ 6563783.082256251014769, 8779344.543506514281034 ], [ 6563769.755181448534131, 8779327.86717700958252 ], [ 6563755.913378598168492, 8779300.468181651085615 ], [ 6563744.387756049633026, 8779281.529288996011019 ], [ 6563735.271959719248116, 8779264.748790627345443 ], [ 6563726.251410994678736, 8779252.184927549213171 ], [ 6563717.234503930434585, 8779237.556011639535427 ], [ 6563710.109561865217984, 8779222.633933335542679 ], [ 6563705.190461130812764, 8779207.814817059785128 ], [ 6563696.16883953101933, 8779193.083466978743672 ], [ 6563690.311246054247022, 8779158.799865394830704 ], [ 6563685.376488302834332, 8779143.87882075086236 ], [ 6563682.455490329302847, 8779126.788003398105502 ], [ 6563680.016828082501888, 8779115.664113281294703 ], [ 6563678.582934644073248, 8779098.287510143592954 ], [ 6563678.024214053526521, 8779084.703441759571433 ], [ 6563677.628203319385648, 8779076.56494889780879 ], [ 6563677.752092938870192, 8779070.683964479714632 ], [ 6563677.365617458708584, 8779021.064740169793367 ], [ 6563680.722584642469883, 8779003.568393498659134 ], [ 6563684.526296095922589, 8778951.484377358108759 ], [ 6563685.490553721785545, 8778927.915845304727554 ], [ 6563684.006909430958331, 8778913.747263023629785 ], [ 6563683.865646542981267, 8778912.818347230553627 ], [ 6563683.813832844607532, 8778911.691338494420052 ], [ 6563683.806521754711866, 8778909.626788919791579 ], [ 6563683.716501727700233, 8778907.668753547593951 ], [ 6563683.604302857071161, 8778888.793347423896194 ], [ 6563682.776499564759433, 8778871.502686016261578 ], [ 6563679.746066520921886, 8778854.416971335187554 ], [ 6563672.414782825857401, 8778833.104567751288414 ], [ 6563662.554285195656121, 8778801.083212209865451 ], [ 6563650.514111084863544, 8778771.43332314491272 ], [ 6563646.097198736853898, 8778765.158553613349795 ], [ 6563641.172685895115137, 8778750.225706508383155 ], [ 6563631.958961017429829, 8778735.606116598471999 ], [ 6563625.035263390280306, 8778720.777521999552846 ], [ 6563618.013217062689364, 8778705.953500509262085 ], [ 6563608.894231230020523, 8778693.394417246803641 ], [ 6563599.972460905089974, 8778680.837590560317039 ], [ 6563590.967459943145514, 8778668.37590060569346 ], [ 6563579.849301684647799, 8778655.92107973061502 ], [ 6563566.726738066412508, 8778643.456670872867107 ], [ 6563551.737433767877519, 8778637.78696297109127 ], [ 6563534.5245954208076, 8778629.961691601201892 ], [ 6563517.625636745244265, 8778626.342866841703653 ], [ 6563477.661902359686792, 8778626.236407546326518 ], [ 6563435.798906388692558, 8778628.168886348605156 ], [ 6563421.308374034240842, 8778633.10837078653276 ], [ 6563406.936531081795692, 8778638.247679052874446 ], [ 6563390.248502437025309, 8778641.121635735034943 ], [ 6563375.87665057182312, 8778646.260921971872449 ], [ 6563361.397027119994164, 8778651.199855297803879 ], [ 6563347.009527679532766, 8778656.237172938883305 ], [ 6563332.436259121634066, 8778661.283104682341218 ], [ 6563315.752922581508756, 8778664.259460221976042 ], [ 6563301.376336736604571, 8778669.296237608417869 ], [ 6563279.144178557209671, 8778669.244671093299985 ], [ 6563260.441667354665697, 8778663.553357783704996 ], [ 6563235.488408077508211, 8778652.904552172869444 ], [ 6563224.7888826392591, 8778646.93294744938612 ], [ 6563209.78038074914366, 8778643.226250233128667 ], [ 6563194.988920469768345, 8778639.714819207787514 ], [ 6563180.094407346099615, 8778636.105498740449548 ], [ 6563146.623042299412191, 8778637.636621439829469 ], [ 6563129.631017756648362, 8778634.136075282469392 ], [ 6563112.837329557165504, 8778634.949943296611309 ], [ 6563107.665204886347055, 8778633.684203399345279 ], [ 6563098.041173666715622, 8778631.336038896813989 ], [ 6563081.154801474884152, 8778629.895419128239155 ], [ 6563064.266922954469919, 8778628.66020699031651 ], [ 6563034.473228741437197, 8778621.339056987315416 ], [ 6563009.077581247314811, 8778616.072503818199039 ], [ 6562985.791984709911048, 8778612.87549727410078 ], [ 6562973.093890500254929, 8778609.164178568869829 ], [ 6562958.199413597583771, 8778605.554818499833345 ], [ 6562943.095694839023054, 8778597.631573338061571 ], [ 6562930.089495953172445, 8778589.599554052576423 ], [ 6562916.972953122109175, 8778579.405160406604409 ], [ 6562903.86734134145081, 8778569.210264964029193 ], [ 6562890.651385490782559, 8778556.852999383583665 ], [ 6562881.63098101131618, 8778544.289569549262524 ], [ 6562868.006939873099327, 8778523.29268553853035 ], [ 6562856.580907940864563, 8778506.517363792285323 ], [ 6562849.237908139824867, 8778483.038614228367805 ], [ 6562828.696749408729374, 8778451.639502555131912 ], [ 6562817.578837176784873, 8778439.184904564172029 ], [ 6562808.558431582525373, 8778426.621530905365944 ], [ 6562797.451449670828879, 8778414.166439421474934 ], [ 6562786.333542477339506, 8778401.711862292140722 ], [ 6562773.217038842849433, 8778391.51756558381021 ], [ 6562766.6142768105492, 8778385.33303752169013 ], [ 6562760.355554409325123, 8778379.486182257533073 ], [ 6562746.79719796590507, 8778368.970175793394446 ], [ 6562744.480132508091629, 8778367.161230171099305 ], [ 6562736.916888977400959, 8778361.283679950982332 ], [ 6562733.680705668404698, 8778358.775896525010467 ], [ 6562720.673489180393517, 8778348.576549787074327 ], [ 6562713.407128622755408, 8778341.772597800940275 ], [ 6562709.585800405591726, 8778338.208240274339914 ], [ 6562701.764983330853283, 8778330.300659542903304 ], [ 6562689.527677589096129, 8778313.266535105183721 ], [ 6562688.098857273347676, 8778311.484804578125477 ], [ 6562686.961532508023083, 8778310.08881445042789 ], [ 6562683.792112003080547, 8778306.174778923392296 ], [ 6562677.371024627238512, 8778298.225042421370745 ], [ 6562639.439168652519584, 8778374.94654531404376 ], [ 6562621.594732845202088, 8778529.197982389479876 ], [ 6562550.880315429531038, 8778723.023467814549804 ], [ 6562470.95848304592073, 8778844.721945397555828 ], [ 6562367.439056253060699, 8778995.314607333391905 ], [ 6562219.162048026919365, 8779209.331508707255125 ], [ 6562026.931315344758332, 8779225.763620413839817 ], [ 6561892.399064066819847, 8779280.574586207047105 ], [ 6561753.823640432208776, 8779349.180918866768479 ] ] ] } },
{ "type": "Feature", "properties": { "lv_id": "LOC_031982", "id": 148721.0, "CD_SETOR": "291700305000023", "SITUACAO": "Rural", "CD_SIT": "8", "CD_TIPO": "0", "AREA_KM2": 51.821292888278862, "CD_REGIAO": "2", "NM_REGIAO": "Nordeste", "CD_UF": "29", "NM_UF": "Bahia", "CD_MUN": "2917003", "NM_MUN": "Itiúba", "CD_DIST": "291700305", "NM_DIST": "Itiúba", "CD_SUBDIST": "29170030500", "NM_SUBDIST": null, "CD_BAIRRO": null, "NM_BAIRRO": null, "CD_NU": null, "NM_NU": null, "CD_FCU": null, "NM_FCU": null, "CD_AGLOM": null, "NM_AGLOM": null, "CD_RGINT": "2908", "NM_RGINT": "Juazeiro", "CD_RGI": "290023", "NM_RGI": "Senhor do Bonfim", "CD_CONCURB": null, "NM_CONCURB": null, "mun_code_x": "2917003", "index_right": 7734, "dist_m": 0.0, "local_id": 339716, "ano": 2022, "cod_localidade_ibge": 2917003, "NR_ZONA": "149", "nr_cep": 48850000.0, "nm_localidade": "ITIÚBA", "nm_locvot": "COLEGIO HAMILTON PITANGA", "ds_endereco": "POV. COVAS - ZONA RURAL", "ds_bairro": "POVOADO COVAS", "pred_long": -40.056136666666703, "pred_lat": -10.852508333333301, "pred_dist": 0.60289416759066505, "tse_long": null, "tse_lat": null, "long": -40.056136666666703, "lat": -10.852508333333301, "ID_UNICO": "LOC_031982", "SG_UF": "BA", "CD_MUNICIPIO": "36412", "NR_LOCAL_VOTACAO": "1155", "QT_SECOES_AGREGADAS": 0, "QT_ELEITORES_TRANSFERIDOS": 0, "CIRO GOMES (PDT) (NÃO ELEITO) 1T": 9.0, "CONSTITUINTE EYMAEL (DC) (NÃO ELEITO) 1T": 0.0, "FELIPE D AVILA (NOVO) (NÃO ELEITO) 1T": 1.0, "JAIR BOLSONARO (PL) (2º TURNO) 1T": 97.0, "LULA (PT) (2º TURNO) 1T": 178.0, "LÉO PÉRICLES (UP) (NÃO ELEITO) 1T": 0.0, "PADRE KELMON (PTB) (NÃO ELEITO) 1T": 0.0, "SIMONE TEBET (MDB) (NÃO ELEITO) 1T": 3.0, "SOFIA MANZANO (PCB) (NÃO ELEITO) 1T": 0.0, "SORAYA THRONICKE (UNIÃO) (NÃO ELEITO) 1T": 2.0, "VERA (PSTU) (NÃO ELEITO) 1T": 0.0, "Total_Votos_Validos 1T": 290.0, "Votos_Brancos 1T": 7.0, "Votos_Nulos 1T": 6.0, "Abstenções 1T": 147.0, "Eleitores_Aptos 1T": 450.0, "JAIR BOLSONARO (PL) (NÃO ELEITO) 2T": 108.0, "LULA (PT) (ELEITO) 2T": 182.0, "Total_Votos_Validos 2T": 290.0, "Votos_Brancos 2T": 5.0, "Votos_Nulos 2T": 13.0, "Abstenções 2T": 142.0, "Eleitores_Aptos 2T": 450.0, "mun_code_y": "2917003", "mun_code": "2917003" }, "geometry": { "type": "Polygon", "coordinates": [ [ [ 6528445.003857625648379, 8773760.285078125074506 ], [ 6528497.063259487971663, 8773776.525142300873995 ], [ 6528596.833776, 8773773.851283997297287 ], [ 6528688.820224540308118, 8773722.998170286417007 ], [ 6528803.6680444534868, 8773652.336393861100078 ], [ 6528864.582559436559677, 8773535.396462639793754 ], [ 6528931.698641650378704, 8773494.096524344757199 ], [ 6529044.629517937079072, 8773454.668836833909154 ], [ 6529169.793669487349689, 8773422.600043900310993 ], [ 6529313.890600400045514, 8773342.223998848348856 ], [ 6529474.260677329264581, 8773195.682254360988736 ], [ 6529488.444036722183228, 8773153.961057743057609 ], [ 6529519.42239800747484, 8773030.510856976732612 ], [ 6529593.016625345684588, 8772943.007173540070653 ], [ 6529670.784777098335326, 8772880.240974478423595 ], [ 6529762.619723244570196, 8772821.080989312380552 ], [ 6529848.221224455162883, 8772759.664572218433022 ], [ 6529917.199008972384036, 8772664.553415283560753 ], [ 6530035.411328393034637, 8772567.56615386903286 ], [ 6530173.802696034312248, 8772508.82624164223671 ], [ 6530331.317572580650449, 8772482.662550883367658 ], [ 6530432.617655153386295, 8772419.111378319561481 ], [ 6530521.969491720199585, 8772397.511358015239239 ], [ 6530650.46605955902487, 8772377.982489466667175 ], [ 6530761.968250970356166, 8772356.450502298772335 ], [ 6530879.58401863835752, 8772328.986800443381071 ], [ 6530989.657612595707178, 8772239.245906427502632 ], [ 6531047.196875981986523, 8772164.100353147834539 ], [ 6531075.088965615257621, 8772021.354433896020055 ], [ 6531152.710948358289897, 8771950.438659375533462 ], [ 6531278.112205289304256, 8771910.502964211627841 ], [ 6531349.204077790491283, 8771881.724528059363365 ], [ 6531508.961999349296093, 8771747.27076006308198 ], [ 6531654.58341169077903, 8771632.570613900199533 ], [ 6531793.912196302786469, 8771512.402740526944399 ], [ 6531855.226362026296556, 8771453.236298782750964 ], [ 6531892.003175939433277, 8771325.50533165037632 ], [ 6531937.248125312849879, 8771160.547366557642817 ], [ 6532023.569420840591192, 8771035.910942494869232 ], [ 6532165.467567415907979, 8770957.744730936363339 ], [ 6532338.63441832922399, 8771012.69158561527729 ], [ 6532466.731891376897693, 8771002.590087832883 ], [ 6532531.392342537641525, 8770968.471527129411697 ], [ 6532596.57579795178026, 8770938.157348332926631 ], [ 6532646.343383504077792, 8770911.66077009961009 ], [ 6532653.852082661353052, 8770858.86600992642343 ], [ 6532752.959596848115325, 8770842.970618337392807 ], [ 6532577.453128467313945, 8770786.173308335244656 ], [ 6532522.459122304804623, 8770761.485112857073545 ], [ 6532426.632096883840859, 8770730.066840346902609 ], [ 6532321.665038352832198, 8770703.728191798552871 ], [ 6532246.078132404945791, 8770656.124122316017747 ], [ 6532177.533620608970523, 8770612.925938995555043 ], [ 6532134.818352713249624, 8770592.232573954388499 ], [ 6532079.390795957297087, 8770574.617674980312586 ], [ 6532054.32279702834785, 8770551.998304260894656 ], [ 6532029.76251807436347, 8770511.39784768037498 ], [ 6531978.460921762511134, 8770348.222265396267176 ], [ 6531898.06291301548481, 8770145.33892241679132 ], [ 6531821.87435488589108, 8769935.130477862432599 ], [ 6531723.721583809703588, 8769686.55164423584938 ], [ 6531659.859181193634868, 8769542.118005692958832 ], [ 6531597.056824926286936, 8769408.005167748779058 ], [ 6531575.849513893015683, 8769357.373260276392102 ], [ 6531558.24272074457258, 8769298.29244370944798 ], [ 6531528.519969262182713, 8769174.740099167451262 ], [ 6531481.35066082328558, 8769021.406400581821799 ], [ 6531418.496227046474814, 8768839.236338058486581 ], [ 6531346.392300795763731, 8768641.448478385806084 ], [ 6531246.827772903256118, 8768406.238958660513163 ], [ 6531124.603584962897003, 8768142.412387080490589 ], [ 6530996.163082769140601, 8767869.974414004012942 ], [ 6530921.865237347781658, 8767735.176268281415105 ], [ 6530831.112397335469723, 8767604.655457925051451 ], [ 6530720.461647878400981, 8767457.115212654694915 ], [ 6530543.008848585188389, 8767188.917667504400015 ], [ 6530464.31742924079299, 8767086.261865267530084 ], [ 6530356.142895855009556, 8766904.144189264625311 ], [ 6530304.00751649402082, 8766829.152626378461719 ], [ 6530177.6103087477386, 8766623.776060836389661 ], [ 6530126.151041405275464, 8766527.573048461228609 ], [ 6530055.127608760260046, 8766367.108384042978287 ], [ 6529985.9361273618415, 8766194.961302723735571 ], [ 6529865.14511938393116, 8765899.525695480406284 ], [ 6529822.145469828508794, 8765798.982045706361532 ], [ 6529781.598913433030248, 8765715.769617786630988 ], [ 6529702.925897073000669, 8765600.311923049390316 ], [ 6529636.998474353924394, 8765513.550258100032806 ], [ 6529520.136996177025139, 8765356.793280642479658 ], [ 6529410.707045863382518, 8765141.645270705223083 ], [ 6529390.27647184021771, 8765116.049390936270356 ], [ 6529343.455178566277027, 8765016.20800905674696 ], [ 6529309.275317618623376, 8764966.315666403621435 ], [ 6529267.770578762516379, 8764887.068879833444953 ], [ 6529207.071206802502275, 8764790.13391131721437 ], [ 6529099.987043593078852, 8764684.122037829831243 ], [ 6529048.670946775004268, 8764627.840827103704214 ], [ 6528988.468366122804582, 8764564.380584578961134 ], [ 6528926.646852865815163, 8764454.58980456367135 ], [ 6528857.686833569779992, 8764340.912319803610444 ], [ 6528829.403313411399722, 8764298.873405758291483 ], [ 6528777.156848541460931, 8764246.190628916025162 ], [ 6528726.485979559831321, 8764192.774674486368895 ], [ 6528687.352580182254314, 8764140.582539299502969 ], [ 6528669.939206290058792, 8764096.653804173693061 ], [ 6528666.2098487932235, 8764010.999904423952103 ], [ 6528596.623491279780865, 8764077.354765867814422 ], [ 6528380.408989693038166, 8763923.640215430408716 ], [ 6528136.108783550560474, 8763779.741178598254919 ], [ 6528087.451798063702881, 8763724.3881696164608 ], [ 6528124.881045224145055, 8763494.542962100356817 ], [ 6528287.620052156038582, 8763126.278262048959732 ], [ 6528242.264092791825533, 8763099.883673451840878 ], [ 6528091.58896897919476, 8763055.585946422070265 ], [ 6528083.233351870439947, 8763009.16799333691597 ], [ 6528073.074648505076766, 8763014.64862990193069 ], [ 6528034.45946723036468, 8763035.498327935114503 ], [ 6528028.403034249320626, 8763038.77351163700223 ], [ 6527984.119620144367218, 8763060.85243202932179 ], [ 6527965.146366400644183, 8763066.009617436677217 ], [ 6527930.878676226362586, 8763067.712395826354623 ], [ 6527915.468253994360566, 8763064.354486554861069 ], [ 6527898.886099725030363, 8763060.742902198806405 ], [ 6527893.242167394608259, 8763059.863407967612147 ], [ 6527857.419421223923564, 8763054.346219358965755 ], [ 6527813.629061637446284, 8763057.956923933699727 ], [ 6527749.114215257577598, 8763073.92576645500958 ], [ 6527717.779448127374053, 8763078.261802081018686 ], [ 6527694.508179562166333, 8763079.412635309621692 ], [ 6527668.227228770032525, 8763076.486612901091576 ], [ 6527641.869530773721635, 8763072.117217918857932 ], [ 6527614.50353367254138, 8763073.479246163740754 ], [ 6527584.533789405599236, 8763079.187821947038174 ], [ 6527567.445825135335326, 8763094.249451322481036 ], [ 6527551.718204442411661, 8763110.581408224999905 ], [ 6527532.317818547599018, 8763135.661136958748102 ], [ 6527518.40963245742023, 8763160.453901743516326 ], [ 6527492.622508764266968, 8763194.292272098362446 ], [ 6527467.717730890028179, 8763219.63651860691607 ], [ 6527454.593728132545948, 8763231.62177574634552 ], [ 6527437.226151001639664, 8763241.033831400796771 ], [ 6527411.290326681919396, 8763245.200691442936659 ], [ 6527393.369697318412364, 8763243.19983777962625 ], [ 6527376.397348372265697, 8763234.14881694316864 ], [ 6527351.448555427603424, 8763229.714284840971231 ], [ 6527328.506776411086321, 8763237.856098294258118 ], [ 6527315.727889653295279, 8763256.934403879567981 ], [ 6527309.872589386068285, 8763278.553719941526651 ], [ 6527306.605512950569391, 8763295.724723868072033 ], [ 6527310.267781067639589, 8763315.322574317455292 ], [ 6527314.033000792376697, 8763335.018227016553283 ], [ 6527315.002658151090145, 8763354.853884875774384 ], [ 6527308.863250660710037, 8763370.721537306904793 ], [ 6527286.485181197524071, 8763390.275514202192426 ], [ 6527251.377766674384475, 8763403.340150533244014 ], [ 6527225.474800282157958, 8763406.069703860208392 ], [ 6527206.628115888684988, 8763414.011481316760182 ], [ 6527195.010861728340387, 8763430.244931811466813 ], [ 6527181.86218064557761, 8763456.346477594226599 ], [ 6527177.300535094924271, 8763498.196396989747882 ], [ 6527165.73804946988821, 8763515.87412541359663 ], [ 6527154.008687740191817, 8763533.012662950903177 ], [ 6527151.720143899321556, 8763536.353425959125161 ], [ 6527137.263506684452295, 8763549.846414729952812 ], [ 6527121.39788518473506, 8763563.404183121398091 ], [ 6527084.980001444928348, 8763576.54000661149621 ], [ 6527042.778789287433028, 8763585.737858437001705 ], [ 6526992.190389279276133, 8763589.579478600993752 ], [ 6526944.003071165643632, 8763589.186504762619734 ], [ 6526895.694900614209473, 8763584.458479382097721 ], [ 6526842.178019973449409, 8763571.345801392570138 ], [ 6526839.655645930208266, 8763570.755452245473862 ], [ 6526807.023210857994854, 8763558.869799228385091 ], [ 6526788.899537862278521, 8763554.815789595246315 ], [ 6526752.786948825232685, 8763541.255971256643534 ], [ 6526722.901819135993719, 8763534.176921585574746 ], [ 6526669.465987907722592, 8763524.76299331150949 ], [ 6526636.222402755171061, 8763518.681374030187726 ], [ 6526607.833742037415504, 8763513.698037618771195 ], [ 6526578.152211408130825, 8763510.847546467557549 ], [ 6526547.743186987005174, 8763507.40390582382679 ], [ 6526506.2392084505409, 8763502.351371038705111 ], [ 6526487.950926005840302, 8763497.325127402320504 ], [ 6526458.22473875246942, 8763489.167800841853023 ], [ 6526410.275540884584188, 8763477.416646832600236 ], [ 6526373.16458245087415, 8763463.800130534917116 ], [ 6526336.163162057287991, 8763458.836709635332227 ], [ 6526291.200280955061316, 8763462.908774172887206 ], [ 6526281.908727901987731, 8763465.329560039564967 ], [ 6526254.086597559973598, 8763479.994434805586934 ], [ 6526240.762618245556951, 8763490.244757529348135 ], [ 6526226.959384076297283, 8763508.958735862746835 ], [ 6526216.704896053299308, 8763524.604548551142216 ], [ 6526207.166844825260341, 8763536.514943208545446 ], [ 6526197.441443286836147, 8763546.474477302283049 ], [ 6526189.530459608882666, 8763552.534211862832308 ], [ 6526178.49307238124311, 8763554.112408626824617 ], [ 6526156.41032081656158, 8763553.247709989547729 ], [ 6526147.130993373692036, 8763551.851471450179815 ], [ 6526135.918537737801671, 8763547.661861386150122 ], [ 6526113.695563933812082, 8763545.880823105573654 ], [ 6526097.065384717658162, 8763545.779385225847363 ], [ 6526077.917087770998478, 8763549.50752242282033 ], [ 6526061.721815727651119, 8763556.073272490873933 ], [ 6526051.232211202383041, 8763568.961435219272971 ], [ 6526042.782767230644822, 8763582.667191289365292 ], [ 6526036.759406492114067, 8763592.445068586617708 ], [ 6526028.069767469540238, 8763603.279633356258273 ], [ 6526018.358206378296018, 8763611.381472978740931 ], [ 6525994.712575021199882, 8763617.298423808068037 ], [ 6525981.915428136475384, 8763619.891550030559301 ], [ 6525963.67309769615531, 8763623.566531106829643 ], [ 6525948.415814840234816, 8763631.023203816264868 ], [ 6525939.630841745063663, 8763640.005166795104742 ], [ 6525931.052000957541168, 8763652.794001011177897 ], [ 6525926.390562934800982, 8763670.130526952445507 ], [ 6525920.392616242170334, 8763686.719622362405062 ], [ 6525919.059800518676639, 8763690.38076819293201 ], [ 6525912.369948795996606, 8763703.071376467123628 ], [ 6525904.64475979283452, 8763714.898184381425381 ], [ 6525887.528839407488704, 8763723.362923825159669 ], [ 6525876.626936512999237, 8763725.754944887012243 ], [ 6525865.641200672835112, 8763726.305298240855336 ], [ 6525855.408730053342879, 8763723.927452923730016 ], [ 6525840.494154377840459, 8763719.919229511171579 ], [ 6525823.584872372448444, 8763714.168538192287087 ], [ 6525811.239697684533894, 8763705.291771935299039 ], [ 6525801.676672728732228, 8763698.144077092409134 ], [ 6525782.918659099377692, 8763691.453053114935756 ], [ 6525743.865240607410669, 8763691.424732346087694 ], [ 6525726.158396874554455, 8763697.968479990959167 ], [ 6525713.538894709199667, 8763712.400966333225369 ], [ 6525706.69122626259923, 8763727.878330521285534 ], [ 6525701.277449051849544, 8763754.419784393161535 ], [ 6525693.904561908915639, 8763773.748965069651604 ], [ 6525677.370319199748337, 8763794.034439394250512 ], [ 6525670.517154783010483, 8763795.203678602352738 ], [ 6525655.036064341664314, 8763793.898509539663792 ], [ 6525643.610363701358438, 8763787.667972199618816 ], [ 6525627.708997080102563, 8763777.849526558071375 ], [ 6525621.973872369155288, 8763771.118336532264948 ], [ 6525607.403246872127056, 8763755.668099919334054 ], [ 6525592.694944633170962, 8763737.433172196149826 ], [ 6525567.375820488668978, 8763709.227931343019009 ], [ 6525551.097775541245937, 8763695.701671311631799 ], [ 6525517.525207990780473, 8763686.957118462771177 ], [ 6525511.192654073238373, 8763686.097455812618136 ], [ 6525497.051030381582677, 8763684.161162167787552 ], [ 6525473.81404017470777, 8763687.996894549578428 ], [ 6525461.111563879996538, 8763692.430894086137414 ], [ 6525452.468761126510799, 8763704.299563026055694 ], [ 6525451.371874499134719, 8763706.411883316934109 ], [ 6525434.488395218737423, 8763731.771146073937416 ], [ 6525416.806349772959948, 8763740.78553968667984 ], [ 6525389.383248019963503, 8763735.130368299782276 ], [ 6525373.559054533950984, 8763724.841329284012318 ], [ 6525358.512817032635212, 8763715.051977073773742 ], [ 6525333.209294431842864, 8763698.249359937384725 ], [ 6525297.911212685517967, 8763695.359594281762838 ], [ 6525284.511492173187435, 8763705.15689692646265 ], [ 6525270.549950701184571, 8763715.35592008754611 ], [ 6525266.36310484725982, 8763736.395236853510141 ], [ 6525262.355370167642832, 8763756.560541693121195 ], [ 6525260.128006270155311, 8763803.346449732780457 ], [ 6525239.317064736969769, 8763840.539554577320814 ], [ 6525204.812565529718995, 8763853.89192303083837 ], [ 6525171.932293094694614, 8763853.146375101059675 ], [ 6525099.342436540871859, 8763828.809429001063108 ], [ 6525047.074717755429447, 8763802.240577904507518 ], [ 6524966.080783574841917, 8763743.294345270842314 ], [ 6524913.632604708895087, 8763713.236656777560711 ], [ 6524910.744139762595296, 8763712.537711285054684 ], [ 6524865.50332086533308, 8763701.606000266969204 ], [ 6524791.923898298293352, 8763704.107641238719225 ], [ 6524756.146629119291902, 8763714.020779956132174 ], [ 6524741.046267434954643, 8763728.782753137871623 ], [ 6524739.813327047973871, 8763773.141210608184338 ], [ 6524719.517346289008856, 8763798.56496867723763 ], [ 6524678.757464779540896, 8763798.317549753934145 ], [ 6524631.822798818349838, 8763788.887218207120895 ], [ 6524593.767780344933271, 8763799.018513461574912 ], [ 6524571.033801020123065, 8763842.074085215106606 ], [ 6524577.703462838195264, 8763956.001891570165753 ], [ 6524558.967920642346144, 8763990.717433497309685 ], [ 6524527.853042928501964, 8764026.149211075156927 ], [ 6524470.469800270162523, 8764057.011045953258872 ], [ 6524429.331097188405693, 8764096.342797100543976 ], [ 6524397.25953103043139, 8764134.814006600528955 ], [ 6524387.370475543662906, 8764151.785381659865379 ], [ 6524349.300595818087459, 8764208.792082706466317 ], [ 6524327.194782311096787, 8764221.630715118721128 ], [ 6524308.212277407757938, 8764230.703540379181504 ], [ 6524288.230062146671116, 8764239.936127744615078 ], [ 6524250.998152713291347, 8764246.519976181909442 ], [ 6524218.30722616892308, 8764251.630980845540762 ], [ 6524214.321795696392655, 8764252.804887004196644 ], [ 6524199.24249950516969, 8764257.210325261577964 ], [ 6524193.114285776391625, 8764259.883674431592226 ], [ 6524186.986070863902569, 8764262.557021390646696 ], [ 6524179.729154082015157, 8764275.796341273933649 ], [ 6524170.414048391394317, 8764296.249653538689017 ], [ 6524162.567709466442466, 8764320.121305609121919 ], [ 6524152.540104752406478, 8764348.740663509815931 ], [ 6524131.876805915497243, 8764368.51843479834497 ], [ 6524117.476546328514814, 8764375.102518739178777 ], [ 6524100.448014908470213, 8764377.079775871708989 ], [ 6524084.39925745408982, 8764374.36443586088717 ], [ 6524066.78991349413991, 8764362.357057474553585 ], [ 6524058.097010004334152, 8764346.409363595768809 ], [ 6524048.090526793152094, 8764328.050033148378134 ], [ 6524048.942008297890425, 8764309.215386884287 ], [ 6524049.148861857131124, 8764304.615218034014106 ], [ 6524056.447837631218135, 8764290.132420198991895 ], [ 6524063.82998472917825, 8764279.16569959372282 ], [ 6524067.855603688396513, 8764267.316353628411889 ], [ 6524063.934546052478254, 8764256.902358187362552 ], [ 6524054.509031949564815, 8764250.363320481032133 ], [ 6524032.759840594604611, 8764247.932343799620867 ], [ 6523999.073698354884982, 8764255.469540370628238 ], [ 6523996.929285795427859, 8764257.174082102254033 ], [ 6523986.848689950071275, 8764265.120577918365598 ], [ 6523970.524726810865104, 8764278.023879976943135 ], [ 6523957.297853482887149, 8764293.086112573742867 ], [ 6523944.727046793326735, 8764307.411974063143134 ], [ 6523924.095974588766694, 8764342.110514976084232 ], [ 6523888.942536007612944, 8764415.635596996173263 ], [ 6523880.083515700884163, 8764459.863826762884855 ], [ 6523882.551679824478924, 8764508.163171613588929 ], [ 6523877.870472927577794, 8764547.745797226205468 ], [ 6523849.30805120896548, 8764643.739097006618977 ], [ 6523822.508603848516941, 8764718.315675958991051 ], [ 6523811.86327338591218, 8764769.01598497107625 ], [ 6523802.915355186909437, 8764815.400914300233126 ], [ 6523804.11071446724236, 8764921.967209814116359 ], [ 6523812.610137710347772, 8764993.672108333557844 ], [ 6523831.898234138265252, 8765056.38468792848289 ], [ 6523872.78486168757081, 8765143.27037077024579 ], [ 6523898.458795374259353, 8765191.143914105370641 ], [ 6523940.170830111019313, 8765253.785810958594084 ], [ 6523967.634392916224897, 8765297.442491794005036 ], [ 6523992.10148729942739, 8765341.156841630116105 ], [ 6523994.195817264728248, 8765347.747491547837853 ], [ 6523997.428272986784577, 8765346.619690421968699 ], [ 6524002.855432644486427, 8765344.650866808369756 ], [ 6524009.370827225036919, 8765342.301817361265421 ], [ 6524015.935073759406805, 8765340.064438693225384 ], [ 6524021.881797411479056, 8765338.20849003456533 ], [ 6524027.247979498468339, 8765336.584191048517823 ], [ 6524032.540282212197781, 8765335.02023309096694 ], [ 6524038.165513627231121, 8765333.315710123628378 ], [ 6524044.293193851597607, 8765331.588155295699835 ], [ 6524050.575258484110236, 8765330.126911953091621 ], [ 6524056.796947590075433, 8765328.782346660271287 ], [ 6524063.024397069588304, 8765327.323603227734566 ], [ 6524069.130146467126906, 8765325.836262701079249 ], [ 6524075.006000060588121, 8765324.348067030310631 ], [ 6524080.935434756800532, 8765322.834631241858006 ], [ 6524087.36163992062211, 8765321.173119219020009 ], [ 6524094.516059219837189, 8765319.398486630991101 ], [ 6524102.150565114803612, 8765317.590454116463661 ], [ 6524109.905737269669771, 8765315.78827908821404 ], [ 6524117.600017672404647, 8765314.09141400270164 ], [ 6524125.231341540813446, 8765312.454388566315174 ], [ 6524132.773217312060297, 8765310.775895768776536 ], [ 6524138.793126598000526, 8765309.326644767075777 ], [ 6524140.125274791382253, 8765309.014971477910876 ], [ 6524147.210538052022457, 8765307.163753071799874 ], [ 6524153.987897015176713, 8765305.281081587076187 ], [ 6524160.421920256689191, 8765303.550842005759478 ], [ 6524166.074147056788206, 8765301.958960143849254 ], [ 6524170.884719433262944, 8765300.633484734222293 ], [ 6524175.355054080486298, 8765299.528648342937231 ], [ 6524179.364402391016483, 8765298.877812381833792 ], [ 6524182.529950233176351, 8765298.687134638428688 ], [ 6524184.680112017318606, 8765298.793611761182547 ], [ 6524186.135860648006201, 8765299.034443313255906 ], [ 6524187.31536012981087, 8765299.458807935938239 ], [ 6524188.276838205754757, 8765300.143775524571538 ], [ 6524188.94546558894217, 8765300.88773300498724 ], [ 6524189.475194009952247, 8765301.706405622884631 ], [ 6524189.779755146242678, 8765302.387313345447183 ], [ 6524189.971392879262567, 8765303.232875816524029 ], [ 6524190.115644006058574, 8765304.240088745951653 ], [ 6524190.30513506103307, 8765305.27940171957016 ], [ 6524190.60265832580626, 8765306.769414339214563 ], [ 6524190.990253032185137, 8765309.519732194021344 ], [ 6524191.43748646043241, 8765314.306358739733696 ], [ 6524191.983918893150985, 8765321.036350183188915 ], [ 6524192.541461424902081, 8765328.734092928469181 ], [ 6524193.020313402637839, 8765336.868312407284975 ], [ 6524193.420556377619505, 8765345.199787525460124 ], [ 6524193.928394301794469, 8765353.731374017894268 ], [ 6524194.401314120739698, 8765362.458213366568089 ], [ 6524194.925067344680429, 8765371.581418173387647 ], [ 6524195.5423125019297, 8765381.076250471174717 ], [ 6524196.223460448905826, 8765390.773197192698717 ], [ 6524196.884308069944382, 8765400.505248608067632 ], [ 6524197.620063642039895, 8765410.199692793190479 ], [ 6524198.43537306599319, 8765419.958838570863008 ], [ 6524199.184625967405736, 8765429.709621228277683 ], [ 6524199.871951828710735, 8765439.542981812730432 ], [ 6524200.561339057050645, 8765449.421813389286399 ], [ 6524201.283574464730918, 8765459.059922333806753 ], [ 6524201.934158432297409, 8765468.325402863323689 ], [ 6524202.622752928175032, 8765477.463837135583162 ], [ 6524203.49918120354414, 8765486.400010272860527 ], [ 6524204.36786429118365, 8765495.165669299662113 ], [ 6524205.196117133833468, 8765503.523094993084669 ], [ 6524206.044399156235158, 8765511.116385906934738 ], [ 6524206.786448949947953, 8765517.575416127219796 ], [ 6524207.414524869993329, 8765522.729670863598585 ], [ 6524207.922350103035569, 8765526.681959396228194 ], [ 6524208.36901767551899, 8765530.010529553517699 ], [ 6524208.86402181815356, 8765533.439406082034111 ], [ 6524209.129561366513371, 8765537.118017068132758 ], [ 6524209.267304001376033, 8765541.839093752205372 ], [ 6524209.700242036953568, 8765548.722379311919212 ], [ 6524210.528912308625877, 8765557.33039671741426 ], [ 6524211.399903634563088, 8765566.870561499148607 ], [ 6524212.279414119198918, 8765577.321640327572823 ], [ 6524213.342209144495428, 8765588.675623543560505 ], [ 6524214.59008885640651, 8765600.248950816690922 ], [ 6524215.87855909857899, 8765611.752070747315884 ], [ 6524217.052634737454355, 8765623.146521128714085 ], [ 6524218.156523579731584, 8765634.441667092964053 ], [ 6524219.1517797075212, 8765645.513966169208288 ], [ 6524220.118045100942254, 8765656.188898798078299 ], [ 6524221.188028434291482, 8765666.255339652299881 ], [ 6524222.141207460314035, 8765675.677829723805189 ], [ 6524222.921419790014625, 8765684.424768732860684 ], [ 6524223.574847184121609, 8765691.343518514186144 ], [ 6524223.694058254361153, 8765692.5227508880198 ], [ 6524224.678013165481389, 8765700.212353708222508 ], [ 6524225.876211190596223, 8765708.040225777775049 ], [ 6524227.067527865990996, 8765716.198761546984315 ], [ 6524228.180232268758118, 8765724.554552543908358 ], [ 6524229.346086385659873, 8765732.634517099708319 ], [ 6524230.593300120905042, 8765740.09562336280942 ], [ 6524231.724228672683239, 8765746.924145916476846 ], [ 6524232.613989758305252, 8765753.262503072619438 ], [ 6524233.21054910402745, 8765759.17003564722836 ], [ 6524233.552782829850912, 8765765.020875029265881 ], [ 6524234.327462578192353, 8765771.717636965215206 ], [ 6524235.840947076678276, 8765779.257674379274249 ], [ 6524237.295084875077009, 8765786.937127657234669 ], [ 6524238.390913099981844, 8765794.439348554238677 ], [ 6524239.411396838724613, 8765801.728587636724114 ], [ 6524240.371157512068748, 8765808.644696541130543 ], [ 6524240.987143972888589, 8765815.462645601481199 ], [ 6524241.921012790873647, 8765823.496289733797312 ], [ 6524243.369720481336117, 8765833.22643044218421 ], [ 6524244.881553918123245, 8765843.864984031766653 ], [ 6524246.345993340946734, 8765854.665188528597355 ], [ 6524247.761060895398259, 8765865.342351794242859 ], [ 6524249.140259764157236, 8765875.952811578288674 ], [ 6524250.369715840555727, 8765886.399263862520456 ], [ 6524251.419842967763543, 8765896.512194469571114 ], [ 6524252.418105376884341, 8765906.206023598089814 ], [ 6524253.455586506053805, 8765915.317099418491125 ], [ 6524254.601437035016716, 8765923.921992657706141 ], [ 6524255.756747325882316, 8765932.253061540424824 ], [ 6524257.003654710017145, 8765940.431847037747502 ], [ 6524258.336396278813481, 8765948.57252636551857 ], [ 6524259.486627653241158, 8765956.550698973238468 ], [ 6524260.260401597246528, 8765964.192990006878972 ], [ 6524260.907399870455265, 8765971.453785331919789 ], [ 6524261.727188384160399, 8765978.421881245449185 ], [ 6524262.746169861406088, 8765985.437807518988848 ], [ 6524263.900870060548186, 8765992.550037756562233 ], [ 6524264.771228982135653, 8765999.185469662770629 ], [ 6524265.300480053760111, 8766005.540356192737818 ], [ 6524265.93225259333849, 8766011.742458630353212 ], [ 6524266.917348613962531, 8766017.529677346348763 ], [ 6524267.761475970968604, 8766023.346137646585703 ], [ 6524268.255888985469937, 8766029.657055865973234 ], [ 6524268.663772289641201, 8766036.473156431689858 ], [ 6524269.428931011818349, 8766043.443758087232709 ], [ 6524270.387091495096684, 8766050.325778413563967 ], [ 6524271.017042806372046, 8766057.211444672197104 ], [ 6524271.328675901517272, 8766064.077520836144686 ], [ 6524271.323626669123769, 8766070.718888079747558 ], [ 6524271.236438897438347, 8766077.238713866099715 ], [ 6524271.238786081783473, 8766083.560785252600908 ], [ 6524271.284396456554532, 8766089.630265602841973 ], [ 6524271.497463034465909, 8766095.771813344210386 ], [ 6524271.803160634823143, 8766101.783812914043665 ], [ 6524272.073685189709067, 8766107.2620322201401 ], [ 6524272.39547838550061, 8766111.940510891377926 ], [ 6524272.831838144920766, 8766116.249218998476863 ], [ 6524272.959255505353212, 8766120.503732763230801 ], [ 6524272.654908137395978, 8766124.891939833760262 ], [ 6524272.339032171294093, 8766129.508501149713993 ], [ 6524272.301552232354879, 8766135.194483095780015 ], [ 6524272.372679722495377, 8766142.550012361258268 ], [ 6524272.307124117389321, 8766150.993977818638086 ], [ 6524272.310537512414157, 8766159.992957804352045 ], [ 6524272.481316381134093, 8766169.303227202966809 ], [ 6524272.82470874208957, 8766178.799241326749325 ], [ 6524273.294016065075994, 8766188.175574218854308 ], [ 6524273.466422182507813, 8766197.280725389719009 ], [ 6524273.685186509042978, 8766206.201491866260767 ], [ 6524274.130753780715168, 8766215.054912146180868 ], [ 6524274.442661446519196, 8766223.857498750090599 ], [ 6524274.643271572887897, 8766232.619618492200971 ], [ 6524274.672719970345497, 8766241.469317933544517 ], [ 6524274.469594633206725, 8766250.500540532171726 ], [ 6524274.496793443337083, 8766259.783212408423424 ], [ 6524274.915493914857507, 8766269.492211692035198 ], [ 6524275.412110312841833, 8766279.471033433452249 ], [ 6524275.883781723678112, 8766289.382650097832084 ], [ 6524276.22239881940186, 8766299.015578804537654 ], [ 6524276.542442090809345, 8766308.239271182566881 ], [ 6524276.613675156608224, 8766316.5630556140095 ], [ 6524276.671855988912284, 8766323.634393762797117 ], [ 6524277.290147818624973, 8766329.540945190936327 ], [ 6524278.166223593056202, 8766334.615514844655991 ], [ 6524278.638839123770595, 8766339.241521302610636 ], [ 6524278.853334121406078, 8766344.209698859602213 ], [ 6524279.125266656279564, 8766349.961245937272906 ], [ 6524279.122026496566832, 8766357.126528071239591 ], [ 6524279.041260863654315, 8766365.719274675473571 ], [ 6524279.323080827482045, 8766375.548457523807883 ], [ 6524279.710669572465122, 8766386.26131796091795 ], [ 6524280.219865214079618, 8766397.241999998688698 ], [ 6524280.717010383494198, 8766408.439668977633119 ], [ 6524281.091417007148266, 8766419.586003130301833 ], [ 6524281.496616921387613, 8766430.446144230663776 ], [ 6524282.014230728149414, 8766441.130267141386867 ], [ 6524282.586456368677318, 8766451.811888968572021 ], [ 6524283.21587279997766, 8766462.54784819856286 ], [ 6524283.948327806778252, 8766473.142392857000232 ], [ 6524284.780818996950984, 8766483.28809523023665 ], [ 6524285.694595168344676, 8766493.054162047803402 ], [ 6524286.713474117219448, 8766502.724285298958421 ], [ 6524287.796102914959192, 8766511.628271721303463 ], [ 6524288.670618060044944, 8766519.322919704020023 ], [ 6524289.176597740501165, 8766526.373750114813447 ], [ 6524289.500822140835226, 8766534.002470044419169 ], [ 6524289.830955917946994, 8766542.485267577692866 ], [ 6524290.045996448025107, 8766551.326466627418995 ], [ 6524290.070274400524795, 8766559.823271287605166 ], [ 6524289.997034410014749, 8766567.6182805839926 ], [ 6524290.132550533860922, 8766574.948077231645584 ], [ 6524290.500031242147088, 8766582.324207438156009 ], [ 6524290.753872963599861, 8766590.332063805311918 ], [ 6524290.864585696719587, 8766598.562909604981542 ], [ 6524291.064930866472423, 8766606.356780935078859 ], [ 6524291.205593490973115, 8766613.800254806876183 ], [ 6524291.176309917122126, 8766620.875597996637225 ], [ 6524291.217391867190599, 8766627.571805607527494 ], [ 6524291.27895815204829, 8766633.754466244950891 ], [ 6524291.404702168889344, 8766639.421579085290432 ], [ 6524291.640286690555513, 8766644.855835817754269 ], [ 6524291.776435913518071, 8766650.511080846190453 ], [ 6524291.808414775878191, 8766656.524226622655988 ], [ 6524291.770633478648961, 8766662.688653809949756 ], [ 6524291.934720075689256, 8766668.718532541766763 ], [ 6524292.168048480525613, 8766674.585762247443199 ], [ 6524292.207944692112505, 8766680.290979972109199 ], [ 6524292.238557260483503, 8766685.791579242795706 ], [ 6524292.266168408095837, 8766690.984750624746084 ], [ 6524292.426404863595963, 8766696.20602280087769 ], [ 6524292.502348183654249, 8766701.499502681195736 ], [ 6524292.504593906924129, 8766706.374878872185946 ], [ 6524292.508667891845107, 8766710.566692940890789 ], [ 6524292.537026784382761, 8766713.846090478822589 ], [ 6524292.704154612496495, 8766716.082524875178933 ], [ 6524292.874752767384052, 8766717.430278519168496 ], [ 6524293.033723661676049, 8766719.245608134195209 ], [ 6524293.247028425335884, 8766721.776102082803845 ], [ 6524293.995479727163911, 8766724.521309044212103 ], [ 6524295.364683769643307, 8766726.714091695845127 ], [ 6524297.063931606709957, 8766728.219674646854401 ], [ 6524298.957830144092441, 8766729.43156193010509 ], [ 6524300.95364804379642, 8766730.718521554023027 ], [ 6524302.666586103849113, 8766731.801999479532242 ], [ 6524303.736785674467683, 8766732.470647439360619 ], [ 6524305.090380880981684, 8766733.354144908487797 ], [ 6524307.019300657324493, 8766734.131559044122696 ], [ 6524309.796111547388136, 8766734.779017588123679 ], [ 6524313.048390454612672, 8766735.290791111066937 ], [ 6524316.312718216329813, 8766735.585577761754394 ], [ 6524319.400726416148245, 8766735.854264006018639 ], [ 6524322.326432384550571, 8766736.164555909112096 ], [ 6524325.224525321274996, 8766736.590025268495083 ], [ 6524327.980521535500884, 8766737.261218927800655 ], [ 6524330.677166264504194, 8766738.071826135739684 ], [ 6524333.289518867619336, 8766738.954641040414572 ], [ 6524336.303970571607351, 8766739.773478223010898 ], [ 6524339.990931225940585, 8766740.698216505348682 ], [ 6524344.095367524772882, 8766742.139230474829674 ], [ 6524348.545457730069757, 8766744.202331066131592 ], [ 6524353.47556350659579, 8766746.471278039738536 ], [ 6524359.071287027560174, 8766749.176790535449982 ], [ 6524365.063249927014112, 8766752.171725172549486 ], [ 6524371.265334585681558, 8766755.213995156809688 ], [ 6524378.164869987405837, 8766758.429372541606426 ], [ 6524385.830068478360772, 8766761.632472278550267 ], [ 6524393.748144842684269, 8766764.618948377668858 ], [ 6524401.822242635302246, 8766767.66662822291255 ], [ 6524410.097508404403925, 8766771.046837015077472 ], [ 6524418.549001581035554, 8766774.692368928343058 ], [ 6524427.109213458374143, 8766778.321531457826495 ], [ 6524435.933648789301515, 8766781.984160505235195 ], [ 6524444.933280467987061, 8766785.889377431944013 ], [ 6524453.875015664845705, 8766790.20733549259603 ], [ 6524462.514509759843349, 8766794.61887426301837 ], [ 6524469.209515224210918, 8766798.151189217343926 ], [ 6524470.824243342503905, 8766798.999948872253299 ], [ 6524478.93684309720993, 8766803.378660213202238 ], [ 6524486.701445366255939, 8766807.807482277974486 ], [ 6524494.351565219461918, 8766812.366853039711714 ], [ 6524502.001499203965068, 8766817.40467189066112 ], [ 6524509.124678141437471, 8766823.377925230190158 ], [ 6524515.859588522464037, 8766829.961312912404537 ], [ 6524522.477624759078026, 8766836.139964116737247 ], [ 6524529.084925880655646, 8766841.840669760480523 ], [ 6524535.759408664889634, 8766847.333255287259817 ], [ 6524542.297655548900366, 8766852.718166790902615 ], [ 6524548.850530273281038, 8766857.942930147051811 ], [ 6524555.641656464897096, 8766863.111219150945544 ], [ 6524562.428048780187964, 8766868.416423324495554 ], [ 6524569.079658606089652, 8766873.887280846014619 ], [ 6524575.680778348818421, 8766879.451583316549659 ], [ 6524582.378755690529943, 8766884.738057786598802 ], [ 6524589.35473981872201, 8766889.396665934473276 ], [ 6524596.737138764932752, 8766893.603790098801255 ], [ 6524604.468148089013994, 8766897.532948413863778 ], [ 6524612.353304075077176, 8766900.999391086399555 ], [ 6524620.26729282643646, 8766903.894941696897149 ], [ 6524628.138714238069952, 8766906.576004166156054 ], [ 6524635.746851439587772, 8766909.485560623928905 ], [ 6524643.179513424634933, 8766912.870202267542481 ], [ 6524650.293243074789643, 8766916.463103922083974 ], [ 6524657.151517585851252, 8766920.215793156996369 ], [ 6524663.923437722027302, 8766923.99522041156888 ], [ 6524670.633944408036768, 8766927.868592385202646 ], [ 6524677.223263775929809, 8766931.724731702357531 ], [ 6524683.530639697797596, 8766935.639348728582263 ], [ 6524689.796808228828013, 8766939.852031815797091 ], [ 6524696.232407435774803, 8766944.421484230086207 ], [ 6524702.731298069469631, 8766949.420915538445115 ], [ 6524709.359207171015441, 8766954.368874048814178 ], [ 6524716.368074706755579, 8766958.786771794781089 ], [ 6524723.695548270829022, 8766962.506591396406293 ], [ 6524731.05968317668885, 8766965.586809374392033 ], [ 6524738.206054193899035, 8766968.209948603063822 ], [ 6524745.253271009773016, 8766970.336402734741569 ], [ 6524752.4241130836308, 8766971.568658567965031 ], [ 6524759.67591798491776, 8766971.931452011689544 ], [ 6524766.800439122132957, 8766971.901370460167527 ], [ 6524773.640859625302255, 8766972.123519388958812 ], [ 6524779.999434432014823, 8766972.823393473401666 ], [ 6524785.54794695507735, 8766974.004632294178009 ], [ 6524790.110684957355261, 8766975.413278255611658 ], [ 6524794.14858581777662, 8766976.834567414596677 ], [ 6524798.062111018225551, 8766978.409642051905394 ], [ 6524801.148647755384445, 8766979.851715752854943 ], [ 6524802.919924638234079, 8766980.773054130375385 ], [ 6524805.063018916174769, 8766981.927978681400418 ], [ 6524806.610671203583479, 8766982.745642796158791 ], [ 6524808.438112338073552, 8766983.698583828285336 ], [ 6524810.414261896163225, 8766984.79280461370945 ], [ 6524812.561998113058507, 8766986.050040511414409 ], [ 6524814.785682306624949, 8766987.292406933382154 ], [ 6524816.963094449602067, 8766988.479934828355908 ], [ 6524818.763954665511847, 8766989.570791708305478 ], [ 6524820.020802168175578, 8766990.492905722931027 ], [ 6524821.203857735730708, 8766991.236134640872478 ], [ 6524822.938755126670003, 8766992.079398820176721 ], [ 6524824.5379304792732, 8766992.826354658231139 ], [ 6524827.679508564993739, 8766994.516522318124771 ], [ 6524831.35760058183223, 8766996.933961505070329 ], [ 6524835.910738408565521, 8767000.302391635254025 ], [ 6524840.915159425698221, 8767004.208341058343649 ], [ 6524846.378270008601248, 8767008.332507859915495 ], [ 6524852.254313873127103, 8767012.631421439349651 ], [ 6524858.267019231803715, 8767017.288606910035014 ], [ 6524864.031488995067775, 8767022.264733165502548 ], [ 6524869.555222267284989, 8767027.001271136105061 ], [ 6524874.986597759649158, 8767031.14967917278409 ], [ 6524879.763881016522646, 8767034.633157584816217 ], [ 6524883.344512463547289, 8767037.556293366476893 ], [ 6524886.060835101641715, 8767040.006390606984496 ], [ 6524888.979967756196856, 8767042.583899142220616 ], [ 6524893.111740922555327, 8767046.074157562106848 ], [ 6524898.150299902074039, 8767050.491172946989536 ], [ 6524903.487823990173638, 8767055.224853508174419 ], [ 6524908.879449959844351, 8767059.944666033610702 ], [ 6524914.037982059642673, 8767064.834636062383652 ], [ 6524918.781239412724972, 8767070.222070466727018 ], [ 6524922.894879501312971, 8767076.2079176902771 ], [ 6524926.201032917015254, 8767082.731973761692643 ], [ 6524928.811697956174612, 8767089.367621470242739 ], [ 6524930.809713116846979, 8767095.769319800660014 ], [ 6524932.377072864212096, 8767102.088216127827764 ], [ 6524933.878375442698598, 8767108.398746471852064 ], [ 6524935.504053673706949, 8767114.555491345003247 ], [ 6524937.388283036649227, 8767120.620655881240964 ], [ 6524939.556004835292697, 8767126.661447528749704 ], [ 6524941.943741561844945, 8767132.726339546963573 ], [ 6524944.468840817920864, 8767138.682418016716838 ], [ 6524946.919022724032402, 8767144.676102777943015 ], [ 6524949.259969807229936, 8767150.674790546298027 ], [ 6524951.699227185919881, 8767156.668977294117212 ], [ 6524954.067177023738623, 8767162.780346039682627 ], [ 6524956.32847042940557, 8767168.953557567670941 ], [ 6524958.63087840564549, 8767175.067929310724139 ], [ 6524960.947819080203772, 8767181.261377496644855 ], [ 6524963.159650256857276, 8767187.550772331655025 ], [ 6524965.25915211904794, 8767193.776962209492922 ], [ 6524967.155327243730426, 8767199.864372823387384 ], [ 6524968.915779028087854, 8767205.855474775657058 ], [ 6524970.839050384238362, 8767211.816338552162051 ], [ 6524972.607939710840583, 8767217.51087418012321 ], [ 6524974.039420871064067, 8767222.765196997672319 ], [ 6524975.382576515898108, 8767227.761558214202523 ], [ 6524976.826199566945434, 8767232.559662407264113 ], [ 6524978.173152238130569, 8767237.157144967466593 ], [ 6524979.372942702844739, 8767241.647450543940067 ], [ 6524980.5998306395486, 8767246.011208187788725 ], [ 6524981.663381890393794, 8767250.393836859613657 ], [ 6524982.281649045646191, 8767254.853813093155622 ], [ 6524982.523876747116446, 8767259.228483766317368 ], [ 6524982.41613158211112, 8767263.368564456701279 ], [ 6524982.209232058376074, 8767267.011955311521888 ], [ 6524982.014991388656199, 8767270.210494449362159 ], [ 6524981.809405656531453, 8767273.158938031643629 ], [ 6524981.47409582324326, 8767276.625942947342992 ], [ 6524980.795980739407241, 8767281.46424331702292 ], [ 6524979.796717039309442, 8767288.151293873786926 ], [ 6524978.650941861793399, 8767295.71081286855042 ], [ 6524977.407883938401937, 8767303.297568548470736 ], [ 6524976.087748314253986, 8767311.1156842187047 ], [ 6524975.063995749689639, 8767319.193626523017883 ], [ 6524974.841169182211161, 8767327.553860798478127 ], [ 6524975.570230362936854, 8767335.904686216264963 ], [ 6524977.021881835535169, 8767344.01737892255187 ], [ 6524978.807519126683474, 8767352.012256279587746 ], [ 6524980.785137094557285, 8767359.89582028798759 ], [ 6524982.549535148777068, 8767367.663840088993311 ], [ 6524984.00858916528523, 8767375.457232458516955 ], [ 6524985.162203408777714, 8767383.515224887058139 ], [ 6524985.699363023042679, 8767391.738140877336264 ], [ 6524985.686735368333757, 8767399.906487423926592 ], [ 6524985.547243527136743, 8767407.932551480829716 ], [ 6524985.383324050344527, 8767415.902775757014751 ], [ 6524985.188178270123899, 8767423.908604182302952 ], [ 6524984.887919451110065, 8767432.010377395898104 ], [ 6524984.347759919241071, 8767440.373748425394297 ], [ 6524983.661370679736137, 8767448.891904249787331 ], [ 6524982.765368822962046, 8767457.374089553952217 ], [ 6524981.624921306967735, 8767465.776332492008805 ], [ 6524980.262390688993037, 8767474.109000626951456 ], [ 6524978.839052110910416, 8767482.307752525433898 ], [ 6524977.383036160841584, 8767490.268776098266244 ], [ 6524976.028937948867679, 8767498.304873857647181 ], [ 6524974.888989593833685, 8767506.718480605632067 ], [ 6524973.981010288931429, 8767515.178424937650561 ], [ 6524973.540259674191475, 8767523.320798182860017 ], [ 6524973.652064644731581, 8767531.096128355711699 ], [ 6524974.291485488414764, 8767538.437208181247115 ], [ 6524975.090215098112822, 8767545.429247986525297 ], [ 6524975.927063537761569, 8767552.055012540891767 ], [ 6524976.767198235727847, 8767558.27053009532392 ], [ 6524977.430074202828109, 8767564.197981335222721 ], [ 6524978.132003473117948, 8767570.021120812743902 ], [ 6524979.107536478899419, 8767575.843127276748419 ], [ 6524980.425823532044888, 8767581.740576473996043 ], [ 6524982.256904764100909, 8767587.842383680865169 ], [ 6524984.350569112226367, 8767594.182786200195551 ], [ 6524986.53687409311533, 8767600.393641348928213 ], [ 6524988.865700454451144, 8767606.609364792704582 ], [ 6524991.093538684770465, 8767613.011977296322584 ], [ 6524993.229765649884939, 8767619.566874857991934 ], [ 6524995.356001503765583, 8767626.384237080812454 ], [ 6524997.540365214459598, 8767633.51790377497673 ], [ 6524999.946194993332028, 8767640.949006594717503 ], [ 6525002.716528570279479, 8767648.693781368434429 ], [ 6525005.508094837889075, 8767656.665417293086648 ], [ 6525008.188361894339323, 8767664.596582869067788 ], [ 6525010.729909958317876, 8767672.12400221824646 ], [ 6525013.040612776763737, 8767679.388591257855296 ], [ 6525015.237438932061195, 8767686.555869553238153 ], [ 6525017.557516715489328, 8767693.785856675356627 ], [ 6525019.88120190333575, 8767701.095420842990279 ], [ 6525022.364616306498647, 8767708.306541930884123 ], [ 6525025.022807629778981, 8767715.509664000943303 ], [ 6525027.537444517016411, 8767722.685183338820934 ], [ 6525029.829484103247523, 8767729.779759867116809 ], [ 6525031.95622031763196, 8767736.608505360782146 ], [ 6525034.084085051901639, 8767743.220759676769376 ], [ 6525036.320571155287325, 8767750.055875014513731 ], [ 6525038.725451495498419, 8767757.22503157146275 ], [ 6525041.116215690039098, 8767764.565709311515093 ], [ 6525043.498117060400546, 8767771.952360190451145 ], [ 6525045.880017332732677, 8767779.339012181386352 ], [ 6525048.417424838989973, 8767786.775505512952805 ], [ 6525051.142079658806324, 8767794.237604316323996 ], [ 6525053.920320811681449, 8767801.674468444660306 ], [ 6525056.59200079832226, 8767808.933945449069142 ], [ 6525059.089000463485718, 8767815.962194999679923 ], [ 6525061.373810674995184, 8767822.897633055225015 ], [ 6525063.437668664380908, 8767829.547003157436848 ], [ 6525065.337770007550716, 8767835.964645367115736 ], [ 6525067.079883923754096, 8767842.036379361525178 ], [ 6525068.613099594600499, 8767847.605052605271339 ], [ 6525070.102917777374387, 8767852.458041060715914 ], [ 6525071.700525119900703, 8767857.032697841525078 ], [ 6525073.441586730070412, 8767861.874188024550676 ], [ 6525075.408753553405404, 8767867.115428257733583 ], [ 6525077.579563298262656, 8767872.985279081389308 ], [ 6525079.762028578668833, 8767879.595052227377892 ], [ 6525081.923477464355528, 8767886.707019243389368 ], [ 6525083.973011748865247, 8767894.006375182420015 ], [ 6525085.868582436814904, 8767901.289995355531573 ], [ 6525087.809492565691471, 8767908.36649215221405 ], [ 6525089.91374141536653, 8767915.424122566357255 ], [ 6525092.091778095811605, 8767922.660642744973302 ], [ 6525094.342056279070675, 8767930.041948666796088 ], [ 6525096.585532965138555, 8767937.514699839055538 ], [ 6525098.707816966809332, 8767944.97021534666419 ], [ 6525100.743225557729602, 8767952.441099390387535 ], [ 6525102.811919371597469, 8767959.921852644532919 ], [ 6525104.803630582988262, 8767967.394738372415304 ], [ 6525106.465567681007087, 8767974.837150808423758 ], [ 6525107.706732984632254, 8767982.173512864857912 ], [ 6525108.572882752865553, 8767989.447296692058444 ], [ 6525109.064016788266599, 8767996.658502008765936 ], [ 6525109.355945143848658, 8768003.821865905076265 ], [ 6525109.422697171568871, 8768010.84744374640286 ], [ 6525109.242425401695073, 8768017.736235184594989 ], [ 6525108.822961206547916, 8768024.419531906023622 ], [ 6525108.290235491469502, 8768030.777654446661472 ], [ 6525107.727929848246276, 8768036.966255947947502 ], [ 6525107.118835333734751, 8768043.088648544624448 ], [ 6525106.573220033198595, 8768049.162569291889668 ], [ 6525106.018225482665002, 8768055.271093778312206 ], [ 6525105.369038607925177, 8768061.475061340257525 ], [ 6525104.701094727031887, 8768067.748236587271094 ], [ 6525103.847445494495332, 8768074.029909608885646 ], [ 6525102.815922390669584, 8768080.25137216411531 ], [ 6525101.863026296719909, 8768086.275578502565622 ], [ 6525101.048014309257269, 8768092.202341634780169 ], [ 6525100.322452059946954, 8768098.170577500015497 ], [ 6525099.709733102470636, 8768104.213390504941344 ], [ 6525099.040332367643714, 8768110.213230434805155 ], [ 6525098.448528510518372, 8768115.993078395724297 ], [ 6525098.031604847870767, 8768121.525699581950903 ], [ 6525097.668471282348037, 8768126.554627960547805 ], [ 6525097.190118419937789, 8768130.973681200295687 ], [ 6525096.562541110441089, 8768135.240079993382096 ], [ 6525095.972989339381456, 8768139.379430742934346 ], [ 6525095.463402374647558, 8768142.626576151698828 ], [ 6525095.19773892313242, 8768144.734789850190282 ], [ 6525095.089124557562172, 8768145.719438832253218 ], [ 6525095.065940802916884, 8768146.415388219058514 ], [ 6525095.029052885249257, 8768147.533454461023211 ], [ 6525094.846243024803698, 8768149.296128327026963 ], [ 6525094.451147397980094, 8768152.412726601585746 ], [ 6525093.908792676404119, 8768156.868881987407804 ], [ 6525093.280904148705304, 8768161.852965250611305 ], [ 6525092.474938085302711, 8768167.255294751375914 ], [ 6525091.627234677784145, 8768172.944323962554336 ], [ 6525090.82889327313751, 8768178.756401771679521 ], [ 6525090.017565266229212, 8768184.523506920784712 ], [ 6525089.269717127084732, 8768190.242140535265207 ], [ 6525088.768476666882634, 8768195.846965286880732 ], [ 6525088.367094771005213, 8768201.481395406648517 ], [ 6525087.936444774270058, 8768207.436129571869969 ], [ 6525087.638837337493896, 8768213.669566221535206 ], [ 6525087.313609862700105, 8768220.018182514235377 ], [ 6525086.990441859699786, 8768226.412270752713084 ], [ 6525086.805571699514985, 8768232.959513433277607 ], [ 6525086.624822087585926, 8768239.597700256854296 ], [ 6525086.456540336832404, 8768246.269491255283356 ], [ 6525086.286195670254529, 8768252.895810013636947 ], [ 6525086.053913348354399, 8768259.604703744873405 ], [ 6525085.926126713864505, 8768266.445515470579267 ], [ 6525085.761959882453084, 8768273.208250287920237 ], [ 6525085.420433921739459, 8768279.922141658142209 ], [ 6525085.051287296228111, 8768286.751212548464537 ], [ 6525084.665958957746625, 8768293.706331171095371 ], [ 6525084.286296430043876, 8768300.786497922614217 ], [ 6525083.93888799007982, 8768307.853797044605017 ], [ 6525083.551492463797331, 8768314.763442872092128 ], [ 6525083.174091815017164, 8768321.410624172538519 ], [ 6525082.842033982276917, 8768327.850681778043509 ], [ 6525082.660023909062147, 8768333.737077217549086 ], [ 6525082.745751713402569, 8768338.76824445463717 ], [ 6525082.936391041614115, 8768342.974416319280863 ], [ 6525082.887428307905793, 8768346.724494386464357 ], [ 6525082.653994012624025, 8768351.234857989475131 ], [ 6525082.269166581332684, 8768356.993832619860768 ], [ 6525082.132593924179673, 8768363.641386030241847 ], [ 6525082.611153004691005, 8768370.818985687568784 ], [ 6525083.741430109366775, 8768378.126252120360732 ], [ 6525085.487151600420475, 8768385.24588037841022 ], [ 6525087.39631852786988, 8768392.10741656832397 ], [ 6525089.090202981606126, 8768398.807928405702114 ], [ 6525090.60363735165447, 8768405.391388615593314 ], [ 6525092.087494697421789, 8768411.805328421294689 ], [ 6525093.652559294365346, 8768418.078854406252503 ], [ 6525095.219273008406162, 8768424.147256599739194 ], [ 6525096.747031776234508, 8768430.080742171034217 ], [ 6525098.351771928369999, 8768436.0220981631428 ], [ 6525100.02999166958034, 8768441.652519758790731 ], [ 6525101.561257696710527, 8768446.69730094820261 ], [ 6525103.505883250385523, 8768450.959934579208493 ], [ 6525105.66754499822855, 8768454.939241200685501 ], [ 6525107.508808045648038, 8768458.853464372456074 ], [ 6525108.938674941658974, 8768462.627025546506047 ], [ 6525110.063703594729304, 8768466.437315700575709 ], [ 6525111.003541286103427, 8768470.267469631507993 ], [ 6525111.881441732868552, 8768474.180198492482305 ], [ 6525112.702661634422839, 8768478.049954054877162 ], [ 6525113.519244412891567, 8768481.817397402599454 ], [ 6525114.178255824372172, 8768485.489524714648724 ], [ 6525114.691650096327066, 8768489.088572299107909 ], [ 6525115.201437659561634, 8768492.608043679967523 ], [ 6525115.78254016302526, 8768496.010336637496948 ], [ 6525116.460926901549101, 8768499.385396124795079 ], [ 6525117.127359077334404, 8768502.738219395279884 ], [ 6525117.797502279281616, 8768505.931390406563878 ], [ 6525118.499386506155133, 8768509.100326295942068 ], [ 6525119.083168432116508, 8768512.320231439545751 ], [ 6525119.500515849329531, 8768515.490792211145163 ], [ 6525119.798215351067483, 8768518.678217997774482 ], [ 6525120.084990621544421, 8768521.866143565624952 ], [ 6525120.260981104336679, 8768525.024962175637484 ], [ 6525120.332474123686552, 8768528.051861634477973 ], [ 6525120.362437180243433, 8768530.887003399431705 ], [ 6525120.34612850472331, 8768533.667303754016757 ], [ 6525120.403710932470858, 8768536.387265896424651 ], [ 6525120.420384034514427, 8768538.687609612941742 ], [ 6525120.457979754544795, 8768540.7249890640378 ], [ 6525120.518968611955643, 8768542.795473255217075 ], [ 6525120.399613510817289, 8768544.509675446897745 ], [ 6525120.300771410576999, 8768545.710316551849246 ], [ 6525119.429293913766742, 8768549.66889725998044 ], [ 6525119.26621818728745, 8768553.800121668726206 ], [ 6525119.046660149469972, 8768558.617426585406065 ], [ 6525118.86367735825479, 8768564.24186292104423 ], [ 6525118.763646338135004, 8768570.489043409004807 ], [ 6525118.808504063636065, 8768577.276393599808216 ], [ 6525118.947342451661825, 8768584.446759646758437 ], [ 6525119.049180145375431, 8768591.766909139230847 ], [ 6525119.10051734931767, 8768599.180501479655504 ], [ 6525119.355694925412536, 8768606.744252266362309 ], [ 6525119.843469601124525, 8768614.126489490270615 ], [ 6525120.035993527621031, 8768621.032392641529441 ], [ 6525119.893586058169603, 8768627.794133327901363 ], [ 6525119.504153668880463, 8768634.419081984087825 ], [ 6525118.943755019456148, 8768640.6531440038234 ], [ 6525118.41839967481792, 8768646.452721489593387 ], [ 6525118.071644457057118, 8768651.845423055812716 ], [ 6525117.866277580149472, 8768657.459489559754729 ], [ 6525117.87340232450515, 8768663.656200395897031 ], [ 6525117.824769060127437, 8768670.071902099996805 ], [ 6525117.659576576203108, 8768676.572676286101341 ], [ 6525117.86311424896121, 8768683.238850753754377 ], [ 6525118.274098493158817, 8768690.134760716930032 ], [ 6525118.55811445787549, 8768697.127610990777612 ], [ 6525118.756690513342619, 8768704.409159440547228 ], [ 6525118.78604038245976, 8768712.062979463487864 ], [ 6525118.584332568570971, 8768719.932416370138526 ], [ 6525118.10591764934361, 8768727.734767563641071 ], [ 6525117.725922994315624, 8768735.293393079191446 ], [ 6525117.738158514723182, 8768742.811295736581087 ], [ 6525118.109852597117424, 8768750.289974715560675 ], [ 6525118.686524706892669, 8768757.702320832759142 ], [ 6525119.673670222982764, 8768764.993369294330478 ], [ 6525121.08438125718385, 8768771.968864265829325 ], [ 6525122.804782927036285, 8768778.531489606946707 ], [ 6525124.823951680213213, 8768784.681745046749711 ], [ 6525127.077781565487385, 8768790.695961259305477 ], [ 6525129.385607998818159, 8768796.93554100766778 ], [ 6525131.68549239821732, 8768803.483058422803879 ], [ 6525133.82810415700078, 8768810.425084430724382 ], [ 6525135.940925426781178, 8768817.676047399640083 ], [ 6525138.330342828296125, 8768825.233326664194465 ], [ 6525140.84713370539248, 8768832.944264370948076 ], [ 6525143.653205809183419, 8768840.516665555536747 ], [ 6525147.314248279668391, 8768847.389253329485655 ], [ 6525151.890655538067222, 8768853.445349585264921 ], [ 6525157.196504134684801, 8768859.171905325725675 ], [ 6525162.941265563480556, 8768865.163180273026228 ], [ 6525168.813809251412749, 8768871.558711592108011 ], [ 6525174.724276024848223, 8768878.066426713019609 ], [ 6525180.481807256117463, 8768884.58113794028759 ], [ 6525186.065069861710072, 8768891.115212485194206 ], [ 6525191.75551297608763, 8768897.5988206602633 ], [ 6525197.648769438266754, 8768904.209855133667588 ], [ 6525203.56129936221987, 8768910.763051906600595 ], [ 6525209.398500073701143, 8768917.103254357352853 ], [ 6525215.190568482503295, 8768923.172123102471232 ], [ 6525221.390133336186409, 8768928.812258344143629 ], [ 6525228.014299357309937, 8768934.159577436745167 ], [ 6525234.536951594986022, 8768939.682415286079049 ], [ 6525241.221405144780874, 8768945.152288464829326 ], [ 6525248.178038815967739, 8768950.347707526758313 ], [ 6525255.008328769356012, 8768955.412206027656794 ], [ 6525261.749682391062379, 8768960.446598140522838 ], [ 6525268.475369396619499, 8768965.618408055976033 ], [ 6525274.970622505061328, 8768970.777974313125014 ], [ 6525281.036748681217432, 8768975.888816900551319 ], [ 6525286.690337157808244, 8768981.07548550888896 ], [ 6525292.323108308017254, 8768986.285890812054276 ], [ 6525298.298239223659039, 8768991.321157010272145 ], [ 6525304.743213422596455, 8768996.095712123438716 ], [ 6525311.407184649258852, 8769000.871644869446754 ], [ 6525318.19647182803601, 8769005.755764702335 ], [ 6525325.233706469647586, 8769011.038647469133139 ], [ 6525331.990305339917541, 8769016.892558854073286 ], [ 6525337.706734435632825, 8769023.466151379048824 ], [ 6525341.95375594869256, 8769030.949930569157004 ], [ 6525345.192862739786506, 8769039.140523973852396 ], [ 6525347.966651792638004, 8769047.933375420048833 ], [ 6525349.848053477704525, 8769057.325231732800603 ], [ 6525350.31086821295321, 8769066.816137481480837 ], [ 6525349.42560061533004, 8769075.787715131416917 ], [ 6525347.692073984071612, 8769084.399373490363359 ], [ 6525345.357312997803092, 8769092.787907397374511 ], [ 6525342.539422417990863, 8769100.902348602190614 ], [ 6525339.480683023110032, 8769109.016409784555435 ], [ 6525336.423375367186964, 8769117.403803870081902 ], [ 6525333.746643123216927, 8769126.218068594112992 ], [ 6525331.64557483419776, 8769135.416108228266239 ], [ 6525329.869025716558099, 8769144.7701820358634 ], [ 6525328.188214281573892, 8769154.062918053939939 ], [ 6525326.500188997015357, 8769163.196498842909932 ], [ 6525324.617180337198079, 8769172.133943643420935 ], [ 6525322.530324107967317, 8769180.921224368736148 ], [ 6525320.224981512874365, 8769189.718493783846498 ], [ 6525317.698062656447291, 8769198.457542791962624 ], [ 6525314.913595164194703, 8769207.310891220346093 ], [ 6525311.800259251147509, 8769216.395716551691294 ], [ 6525308.562008211389184, 8769225.622951004654169 ], [ 6525305.324671443551779, 8769235.112149506807327 ], [ 6525301.97231319360435, 8769244.720521043986082 ], [ 6525298.133623324334621, 8769254.225817404687405 ], [ 6525293.773769510909915, 8769263.584063872694969 ], [ 6525289.077432161197066, 8769272.764032617211342 ], [ 6525284.308850418776274, 8769281.799208715558052 ], [ 6525279.76915524713695, 8769290.812524301931262 ], [ 6525275.595100535079837, 8769299.923035632818937 ], [ 6525271.800699908286333, 8769309.198452422395349 ], [ 6525268.383490614593029, 8769318.342704555019736 ], [ 6525265.280099360272288, 8769327.165031734853983 ], [ 6525262.427556198090315, 8769335.72527164965868 ], [ 6525259.806072790175676, 8769344.069895999506116 ], [ 6525257.413478104397655, 8769352.39266249537468 ], [ 6525255.148880471475422, 8769360.641225606203079 ], [ 6525253.223040716722608, 8769368.635075449943542 ], [ 6525251.619259532541037, 8769376.488892395049334 ], [ 6525250.217258960939944, 8769384.447400070726871 ], [ 6525249.084643529728055, 8769392.553074678406119 ], [ 6525248.832137999124825, 8769400.755213702097535 ], [ 6525249.987820426933467, 8769408.870193779468536 ], [ 6525252.53201546240598, 8769416.705257486552 ], [ 6525255.729086747393012, 8769424.453518165275455 ], [ 6525259.015095216222107, 8769432.231889568269253 ], [ 6525262.488358703441918, 8769440.035877225920558 ], [ 6525266.522472320124507, 8769447.654744602739811 ], [ 6525270.949454865418375, 8769455.005037741735578 ], [ 6525275.409322721883655, 8769462.114604564383626 ], [ 6525279.55456062592566, 8769469.04489779099822 ], [ 6525282.805444499477744, 8769476.289476482197642 ], [ 6525285.047985069453716, 8769483.990251002833247 ], [ 6525286.42007761169225, 8769492.04978384077549 ], [ 6525287.090845810249448, 8769500.335034964606166 ], [ 6525287.419758663512766, 8769508.806788263842463 ], [ 6525287.67683254648, 8769517.384350478649139 ], [ 6525287.700263096019626, 8769526.120684511959553 ], [ 6525287.671128708869219, 8769534.904987849295139 ], [ 6525288.025997439399362, 8769543.466687919571996 ], [ 6525289.090938905254006, 8769551.995930138975382 ], [ 6525290.814935974776745, 8769560.574788792058825 ], [ 6525292.945300918072462, 8769568.941414909437299 ], [ 6525295.492443678900599, 8769577.083941262215376 ], [ 6525298.452647376805544, 8769585.162021320313215 ], [ 6525301.664622481912374, 8769593.239986140280962 ], [ 6525304.895871193148196, 8769601.260113187134266 ], [ 6525307.836396209895611, 8769609.145438781008124 ], [ 6525310.538130766712129, 8769617.075855609029531 ], [ 6525312.814733318053186, 8769625.287714323028922 ], [ 6525314.80615970492363, 8769633.729050844907761 ], [ 6525316.442231087945402, 8769642.300547664985061 ], [ 6525317.128518011420965, 8769650.687624372541904 ], [ 6525317.018074199557304, 8769658.644059311598539 ], [ 6525316.333903275430202, 8769666.50140905380249 ], [ 6525315.635202120989561, 8769674.279680674895644 ], [ 6525315.209319881163538, 8769681.555640324950218 ], [ 6525314.708224344067276, 8769688.379370534792542 ], [ 6525314.169721301645041, 8769695.102285094559193 ], [ 6525314.25830358453095, 8769702.377513028681278 ], [ 6525315.657338987104595, 8769710.549746321514249 ], [ 6525318.277089693583548, 8769719.087679108604789 ], [ 6525321.521582646295428, 8769727.642626147717237 ], [ 6525325.122858088463545, 8769736.340751629322767 ], [ 6525328.808323346078396, 8769745.205906242132187 ], [ 6525332.495331608690321, 8769754.105167295783758 ], [ 6525336.128746605478227, 8769763.029663076624274 ], [ 6525339.668074624612927, 8769771.810369092971087 ], [ 6525342.903810280375183, 8769780.172068383544683 ], [ 6525346.055700246244669, 8769787.649050211533904 ], [ 6525349.150226002559066, 8769794.342629116028547 ], [ 6525352.499329854734242, 8769800.614473663270473 ], [ 6525355.922330154106021, 8769806.825983714312315 ], [ 6525359.218355913646519, 8769813.13443155027926 ], [ 6525362.657542609609663, 8769819.219895703718066 ], [ 6525366.098672245629132, 8769825.590064458549023 ], [ 6525369.461954820901155, 8769832.658685332164168 ], [ 6525372.730520708486438, 8769839.811378184705973 ], [ 6525375.698467258363962, 8769846.852502677589655 ], [ 6525377.950437827967107, 8769854.279492212459445 ], [ 6525379.553007110953331, 8769862.112087227404118 ], [ 6525380.969744924455881, 8769870.192401263862848 ], [ 6525382.180976993404329, 8769878.32767453789711 ], [ 6525383.442196699790657, 8769886.358138665556908 ], [ 6525384.675904336385429, 8769894.264552034437656 ], [ 6525385.739568702876568, 8769902.042036613449454 ], [ 6525386.69347295537591, 8769909.813145978376269 ], [ 6525387.458573154173791, 8769917.524533830583096 ], [ 6525387.870207296684384, 8769924.682490363717079 ], [ 6525388.284878838807344, 8769930.940364267677069 ], [ 6525389.008868796750903, 8769936.534776141867042 ], [ 6525389.76843729428947, 8769941.706069618463516 ], [ 6525390.471839160658419, 8769946.845754954963923 ], [ 6525391.03030014410615, 8769952.652782410383224 ], [ 6525391.617230286821723, 8769959.814120851457119 ], [ 6525392.271694241091609, 8769968.225459894165397 ], [ 6525392.740207542665303, 8769977.123747877776623 ], [ 6525392.890764659270644, 8769986.253007888793945 ], [ 6525392.531872475519776, 8769995.735907146707177 ], [ 6525391.650547267869115, 8770005.527471581473947 ], [ 6525390.468481076881289, 8770015.446694687008858 ], [ 6525389.049161379225552, 8770025.445108216255903 ], [ 6525387.000456158071756, 8770035.324188193306327 ], [ 6525384.260538464412093, 8770044.927275342866778 ], [ 6525381.404681719839573, 8770054.387565856799483 ], [ 6525378.73184409737587, 8770064.021758079528809 ], [ 6525376.542645225301385, 8770073.941424421966076 ], [ 6525374.752380745485425, 8770083.968168852850795 ], [ 6525373.201419361867011, 8770093.961193889379501 ], [ 6525371.770107259973884, 8770103.937358759343624 ], [ 6525370.474000190384686, 8770113.99847799167037 ], [ 6525369.536217891611159, 8770124.236882263794541 ], [ 6525368.987990064546466, 8770134.616970043629408 ], [ 6525368.784590005874634, 8770145.118002006784081 ], [ 6525369.089884475804865, 8770155.732491489499807 ], [ 6525369.628704499453306, 8770166.427444720640779 ], [ 6525370.124337161891162, 8770177.135763000696898 ], [ 6525370.589765029028058, 8770187.902419827878475 ], [ 6525371.077552122995257, 8770198.679446892812848 ], [ 6525371.55247157625854, 8770209.172269960865378 ], [ 6525372.138018539175391, 8770218.965146321803331 ], [ 6525372.892813071608543, 8770228.385756643489003 ], [ 6525373.659162992611527, 8770237.57800573296845 ], [ 6525374.43667352385819, 8770246.291294667869806 ], [ 6525375.45887522213161, 8770254.60608771070838 ], [ 6525376.875109686516225, 8770262.435820452868938 ], [ 6525378.502868206240237, 8770269.617955988273025 ], [ 6525379.909922490827739, 8770276.035540830343962 ], [ 6525381.024432091973722, 8770281.794381963089108 ], [ 6525381.95346422214061, 8770287.083246385678649 ], [ 6525382.702283979393542, 8770291.776584902778268 ], [ 6525383.521005861461163, 8770296.079412903636694 ], [ 6525384.365692226216197, 8770300.472188400104642 ], [ 6525385.112846665084362, 8770305.370653923600912 ], [ 6525385.846023262478411, 8770311.169701285660267 ], [ 6525386.607616133987904, 8770317.354767959564924 ], [ 6525387.380252432078123, 8770323.300105009227991 ], [ 6525388.229599484242499, 8770328.763487102463841 ], [ 6525389.082907750271261, 8770333.588754137977958 ], [ 6525389.882227594032884, 8770338.188654098659754 ], [ 6525390.637214028276503, 8770343.018413284793496 ], [ 6525391.794228165410459, 8770348.02346539311111 ], [ 6525393.243510553613305, 8770353.197433095425367 ], [ 6525394.315973402000964, 8770358.753149451687932 ], [ 6525395.300404366105795, 8770364.540721446275711 ], [ 6525396.285742791369557, 8770370.590261109173298 ], [ 6525397.398452424444258, 8770376.793466124683619 ], [ 6525398.566298007033765, 8770383.005544502288103 ], [ 6525399.616151353344321, 8770389.0293547231704 ], [ 6525400.708006016910076, 8770394.28800349496305 ], [ 6525401.665526649914682, 8770398.755370993167162 ], [ 6525402.292859513312578, 8770402.941638303920627 ], [ 6525402.6653265459463, 8770407.059806549921632 ], [ 6525403.220423178747296, 8770411.101281994953752 ], [ 6525404.240402098745108, 8770415.49744700267911 ], [ 6525405.303988475352526, 8770421.099139353260398 ], [ 6525406.417113143950701, 8770428.521239507943392 ], [ 6525408.06841316819191, 8770437.433850908651948 ], [ 6525410.14243898075074, 8770446.737253917381167 ], [ 6525412.553065547719598, 8770455.979715472087264 ], [ 6525415.262253876775503, 8770465.288282074034214 ], [ 6525418.188781031407416, 8770474.803364515304565 ], [ 6525421.312341222539544, 8770484.560065660625696 ], [ 6525424.540908085182309, 8770494.460064135491848 ], [ 6525427.865100326947868, 8770504.537963686510921 ], [ 6525431.217827214859426, 8770514.762653920799494 ], [ 6525434.641243643127382, 8770525.098034279420972 ], [ 6525438.133806318044662, 8770535.510000253096223 ], [ 6525441.736127023585141, 8770545.928346684202552 ], [ 6525445.445633791387081, 8770556.29623262770474 ], [ 6525449.172358090057969, 8770566.560809098184109 ], [ 6525452.682768559083343, 8770576.641609277576208 ], [ 6525455.818262532353401, 8770586.420568466186523 ], [ 6525458.847717283293605, 8770596.033497301861644 ], [ 6525461.987959233112633, 8770605.675542760640383 ], [ 6525465.184879876673222, 8770615.360568072646856 ], [ 6525468.498882911168039, 8770624.971897259354591 ], [ 6525472.02777551766485, 8770634.493671365082264 ], [ 6525475.620671031065285, 8770643.978349052369595 ], [ 6525479.060106136836112, 8770653.458646228536963 ], [ 6525482.219737445935607, 8770662.803632758557796 ], [ 6525485.211382859386504, 8770672.065159846097231 ], [ 6525488.286700095050037, 8770681.482351090759039 ], [ 6525491.53514352440834, 8770691.096687838435173 ], [ 6525494.902090016752481, 8770700.910665087401867 ], [ 6525498.304894757457078, 8770710.791356915608048 ], [ 6525501.534446645528078, 8770720.7141387835145 ], [ 6525504.706801619380713, 8770730.582576241344213 ], [ 6525507.886087614111602, 8770740.120338996872306 ], [ 6525510.894547836855054, 8770749.027968719601631 ], [ 6525513.58874255232513, 8770757.038614692166448 ], [ 6525516.085510452277958, 8770764.557042574509978 ], [ 6525518.551046334207058, 8770772.111073166131973 ], [ 6525520.826623825356364, 8770779.821872862055898 ], [ 6525523.080350711941719, 8770787.533671537414193 ], [ 6525525.390366170555353, 8770795.037849390879273 ], [ 6525527.956523848697543, 8770802.154403140768409 ], [ 6525530.891280430369079, 8770808.707320982590318 ], [ 6525533.798776925541461, 8770814.65772295743227 ], [ 6525536.417459726333618, 8770819.7897191606462 ], [ 6525539.073792769573629, 8770824.544069364666939 ], [ 6525542.199248240329325, 8770829.504830598831177 ], [ 6525546.188409695401788, 8770835.166611116379499 ], [ 6525551.096805518493056, 8770841.788885593414307 ], [ 6525556.674320961348712, 8770849.166634196415544 ], [ 6525562.664545392617583, 8770857.197650102898479 ], [ 6525568.956174774095416, 8770865.841450016945601 ], [ 6525575.437000300735235, 8770874.795581586658955 ], [ 6525582.02694895118475, 8770883.983959643170238 ], [ 6525588.581037920899689, 8770893.105628050863743 ], [ 6525595.085895052179694, 8770901.865011688321829 ], [ 6525601.608611576259136, 8770910.293221663683653 ], [ 6525608.132995676249266, 8770918.516306612640619 ], [ 6525614.791935129091144, 8770926.083918819203973 ], [ 6525621.912391079589725, 8770932.47988848388195 ], [ 6525629.522899361327291, 8770937.851004678755999 ], [ 6525637.45446409471333, 8770943.059367414563894 ], [ 6525645.54823374375701, 8770948.465376092121005 ], [ 6525653.855355936102569, 8770953.747725149616599 ], [ 6525662.217865876853466, 8770958.560482965782285 ], [ 6525670.723941531032324, 8770963.400860976427794 ], [ 6525679.22744719684124, 8770968.184398546814919 ], [ 6525687.510402861982584, 8770972.932442087680101 ], [ 6525695.359971557743847, 8770977.780021209269762 ], [ 6525702.707909097895026, 8770982.912521464750171 ], [ 6525709.814351286739111, 8770988.272496003657579 ], [ 6525717.044690886512399, 8770993.467328561469913 ], [ 6525724.509327927604318, 8770998.275532834231853 ], [ 6525732.068812631070614, 8771002.760435957461596 ], [ 6525739.756823737174273, 8771007.182511469349265 ], [ 6525747.342913353815675, 8771011.529499739408493 ], [ 6525754.570669466629624, 8771015.699192330241203 ], [ 6525761.637375438585877, 8771019.454743012785912 ], [ 6525768.527867822907865, 8771022.944937765598297 ], [ 6525775.32454345934093, 8771026.781172523275018 ], [ 6525782.480974009260535, 8771031.068043913692236 ], [ 6525790.064375054091215, 8771035.597429508343339 ], [ 6525797.47594350669533, 8771040.442243224009871 ], [ 6525804.191043829545379, 8771046.104902107268572 ], [ 6525810.405292303301394, 8771052.553689505904913 ], [ 6525816.34039331227541, 8771059.60760323703289 ], [ 6525822.198259185999632, 8771067.132112247869372 ], [ 6525828.082089487463236, 8771074.746572680771351 ], [ 6525834.051775235682726, 8771082.322939053177834 ], [ 6525840.064521973021328, 8771090.125178497284651 ], [ 6525845.877537591382861, 8771097.868190459907055 ], [ 6525851.456628993153572, 8771105.28013158030808 ], [ 6525856.974535092711449, 8771112.307545585557818 ], [ 6525862.619424255564809, 8771119.238027695566416 ], [ 6525868.501448582857847, 8771126.328560620546341 ], [ 6525874.582566477358341, 8771133.706192400306463 ], [ 6525880.625004512257874, 8771141.438741037622094 ], [ 6525886.642897523008287, 8771149.354683065786958 ], [ 6525892.634312616661191, 8771157.16930983774364 ], [ 6525898.311091132462025, 8771164.804645406082273 ], [ 6525903.613980319350958, 8771172.160868410021067 ], [ 6525908.843606498092413, 8771179.349560840055346 ], [ 6525914.36396321747452, 8771186.673073317855597 ], [ 6525920.293555831536651, 8771194.331048430874944 ], [ 6525926.560025312937796, 8771202.417926045134664 ], [ 6525932.946543345227838, 8771210.738554058596492 ], [ 6525939.30748750269413, 8771219.219839313998818 ], [ 6525945.693881668150425, 8771227.779708554968238 ], [ 6525952.127061151899397, 8771236.40579567104578 ], [ 6525958.540448536165059, 8771245.07835716381669 ], [ 6525964.909622745588422, 8771253.741548705846071 ], [ 6525971.221087516285479, 8771262.339027009904385 ], [ 6525977.407751099206507, 8771270.839679980650544 ], [ 6525983.507016410119832, 8771279.344326766207814 ], [ 6525989.569393268786371, 8771287.759525470435619 ], [ 6525995.627656154334545, 8771296.083779398351908 ], [ 6526001.674480205401778, 8771304.397166445851326 ], [ 6526007.680690849199891, 8771312.780762316659093 ], [ 6526013.748211429454386, 8771321.309656322002411 ], [ 6526019.817789306864142, 8771329.88402690179646 ], [ 6526025.810893511399627, 8771338.46189234778285 ], [ 6526031.789987431839108, 8771346.97204871289432 ], [ 6526037.799798997119069, 8771355.435237409546971 ], [ 6526043.891866891644895, 8771363.78075335919857 ], [ 6526050.106805060990155, 8771371.938390325754881 ], [ 6526056.278558475896716, 8771380.10939384624362 ], [ 6526062.562257507815957, 8771388.093017123639584 ], [ 6526069.061494038440287, 8771395.759218351915479 ], [ 6526075.604430660605431, 8771403.423426663503051 ], [ 6526081.894942129030824, 8771411.315610997378826 ], [ 6526087.614150053821504, 8771419.404764238744974 ], [ 6526092.592524137347937, 8771427.573315756395459 ], [ 6526096.92902747541666, 8771435.588907124474645 ], [ 6526101.037136504426599, 8771443.637713257223368 ], [ 6526105.132777327671647, 8771451.652914728969336 ], [ 6526109.152069160714746, 8771459.43237298540771 ], [ 6526113.071105335839093, 8771466.93161161057651 ], [ 6526117.033840580843389, 8771474.42885659262538 ], [ 6526120.954932792112231, 8771481.973572626709938 ], [ 6526124.894274634309113, 8771489.437713271006942 ], [ 6526128.859191409312189, 8771496.74120020493865 ], [ 6526132.701877035200596, 8771504.004701996222138 ], [ 6526136.504074075259268, 8771511.099174434319139 ], [ 6526140.296500366181135, 8771517.977646954357624 ], [ 6526144.022348484024405, 8771524.836376953870058 ], [ 6526147.664396621286869, 8771531.778678555041552 ], [ 6526151.284594560042024, 8771538.721979288384318 ], [ 6526154.900164077989757, 8771545.562964932993054 ], [ 6526158.526658141054213, 8771552.403453204780817 ], [ 6526162.025652410462499, 8771559.329508315771818 ], [ 6526165.579270811751485, 8771566.253070766106248 ], [ 6526169.113610031083226, 8771573.234474847093225 ], [ 6526172.560035226866603, 8771580.208502380177379 ], [ 6526175.963788667693734, 8771587.207263620570302 ], [ 6526179.39196249935776, 8771594.261871233582497 ], [ 6526182.953165204264224, 8771601.595206314697862 ], [ 6526186.580818738788366, 8771609.187524851411581 ], [ 6526190.196905853226781, 8771617.008213050663471 ], [ 6526193.787930460646749, 8771625.000927180051804 ], [ 6526197.3055648971349, 8771633.065345797687769 ], [ 6526200.535423840396106, 8771641.302393047139049 ], [ 6526203.464525240473449, 8771649.667093491181731 ], [ 6526206.25160104688257, 8771658.038279784843326 ], [ 6526208.836884519085288, 8771666.304760493338108 ], [ 6526211.06292562931776, 8771674.131963815540075 ], [ 6526213.148737707175314, 8771681.521282197907567 ], [ 6526215.326188795268536, 8771688.758321596309543 ], [ 6526217.542710984125733, 8771695.891050077974796 ], [ 6526219.80138942040503, 8771702.987678838893771 ], [ 6526222.136027394793928, 8771710.06944864243269 ], [ 6526224.628368789330125, 8771717.007315419614315 ], [ 6526227.227001360617578, 8771723.632746268063784 ], [ 6526229.769720722921193, 8771729.748090272769332 ], [ 6526232.09162419103086, 8771735.338091768324375 ], [ 6526234.373681454919279, 8771740.531192686408758 ], [ 6526236.834778806194663, 8771745.568024232983589 ], [ 6526239.674523383378983, 8771750.747058032080531 ], [ 6526243.045350848697126, 8771756.049943009391427 ], [ 6526246.858960862271488, 8771761.218694172799587 ], [ 6526250.979754045605659, 8771765.917741578072309 ], [ 6526255.36107334960252, 8771769.841630546376109 ], [ 6526260.275915920734406, 8771773.217129962518811 ], [ 6526265.626471197232604, 8771776.060096945613623 ], [ 6526271.107226187363267, 8771778.635103568434715 ], [ 6526276.292492967098951, 8771781.212208550423384 ], [ 6526281.394214676693082, 8771783.394406799226999 ], [ 6526286.00765248015523, 8771785.188783947378397 ], [ 6526290.480221676640213, 8771786.773143652826548 ], [ 6526295.132860214449465, 8771788.223970057442784 ], [ 6526299.36726447660476, 8771789.625538229942322 ], [ 6526302.828952223993838, 8771791.369969153776765 ], [ 6526305.331170176155865, 8771793.443004984408617 ], [ 6526306.716982431709766, 8771795.52144125290215 ], [ 6526307.40166602563113, 8771797.347085865214467 ], [ 6526307.558219159021974, 8771798.388006646186113 ], [ 6527561.54364357329905, 8773019.692030163481832 ], [ 6527450.04517425969243, 8773106.282923474907875 ], [ 6527428.4665268920362, 8773125.894414881244302 ], [ 6527394.70746093057096, 8773156.508598236367106 ], [ 6527356.259141482412815, 8773222.892515312880278 ], [ 6527341.751774230971932, 8773280.995222663506866 ], [ 6527332.687900489196181, 8773345.93560060672462 ], [ 6527321.844999227672815, 8773407.368464231491089 ], [ 6527320.635376910679042, 8773489.859339093789458 ], [ 6527325.365197600796819, 8773552.370345037430525 ], [ 6527359.859208134002984, 8773654.536525880917907 ], [ 6527385.531968216411769, 8773707.342989692464471 ], [ 6527388.77815754711628, 8773714.007617969065905 ], [ 6527417.870833002962172, 8773777.082300793379545 ], [ 6527425.547952452674508, 8773792.886678673326969 ], [ 6527508.248887270689011, 8773786.551318567246199 ], [ 6527595.525296291336417, 8773805.879508417099714 ], [ 6527696.194725506938994, 8773798.872219264507294 ], [ 6527778.795055084861815, 8773839.489830665290356 ], [ 6527905.597586572170258, 8773936.888675045222044 ], [ 6528445.003857625648379, 8773760.285078125074506 ] ] ] } },
{ "type": "Feature", "properties": { "lv_id": "LOC_031983", "id": 148741.0, "CD_SETOR": "291700305000052", "SITUACAO": "Rural", "CD_SIT": "8", "CD_TIPO": "0", "AREA_KM2": 32.970626219517975, "CD_REGIAO": "2", "NM_REGIAO": "Nordeste", "CD_UF": "29", "NM_UF": "Bahia", "CD_MUN": "2917003", "NM_MUN": "Itiúba", "CD_DIST": "291700305", "NM_DIST": "Itiúba", "CD_SUBDIST": "29170030500", "NM_SUBDIST": null, "CD_BAIRRO": null, "NM_BAIRRO": null, "CD_NU": null, "NM_NU": null, "CD_FCU": null, "NM_FCU": null, "CD_AGLOM": "291700300005", "NM_AGLOM": "Covas", "CD_RGINT": "2908", "NM_RGINT": "Juazeiro", "CD_RGI": "290023", "NM_RGI": "Senhor do Bonfim", "CD_CONCURB": null, "NM_CONCURB": null, "mun_code_x": "2917003", "index_right": 7726, "dist_m": 323.42377650791394, "local_id": 339708, "ano": 2022, "cod_localidade_ibge": 2917003, "NR_ZONA": "149", "nr_cep": 48850000.0, "nm_localidade": "ITIÚBA", "nm_locvot": "GINASIO MUNICIPAL JOAO FELIX FILHO", "ds_endereco": "POV. COVAS - ZONA RURAL", "ds_bairro": "POVOADO COVAS", "pred_long": -40.017363, "pred_lat": -10.86362, "pred_dist": 0.013252737625184899, "tse_long": null, "tse_lat": null, "long": -40.017363, "lat": -10.86362, "ID_UNICO": "LOC_031983", "SG_UF": "BA", "CD_MUNICIPIO": "36412", "NR_LOCAL_VOTACAO": "1180", "QT_SECOES_AGREGADAS": 0, "QT_ELEITORES_TRANSFERIDOS": 0, "CIRO GOMES (PDT) (NÃO ELEITO) 1T": 17.0, "CONSTITUINTE EYMAEL (DC) (NÃO ELEITO) 1T": 0.0, "FELIPE D AVILA (NOVO) (NÃO ELEITO) 1T": 0.0, "JAIR BOLSONARO (PL) (2º TURNO) 1T": 284.0, "LULA (PT) (2º TURNO) 1T": 540.0, "LÉO PÉRICLES (UP) (NÃO ELEITO) 1T": 0.0, "PADRE KELMON (PTB) (NÃO ELEITO) 1T": 1.0, "SIMONE TEBET (MDB) (NÃO ELEITO) 1T": 17.0, "SOFIA MANZANO (PCB) (NÃO ELEITO) 1T": 0.0, "SORAYA THRONICKE (UNIÃO) (NÃO ELEITO) 1T": 6.0, "VERA (PSTU) (NÃO ELEITO) 1T": 0.0, "Total_Votos_Validos 1T": 865.0, "Votos_Brancos 1T": 12.0, "Votos_Nulos 1T": 22.0, "Abstenções 1T": 420.0, "Eleitores_Aptos 1T": 1319.0, "JAIR BOLSONARO (PL) (NÃO ELEITO) 2T": 312.0, "LULA (PT) (ELEITO) 2T": 554.0, "Total_Votos_Validos 2T": 866.0, "Votos_Brancos 2T": 10.0, "Votos_Nulos 2T": 20.0, "Abstenções 2T": 423.0, "Eleitores_Aptos 2T": 1319.0, "mun_code_y": "2917003", "mun_code": "2917003" }, "geometry": { "type": "Polygon", "coordinates": [ [ [ 6542219.678901581093669, 8758927.718350313603878 ], [ 6542304.84390486124903, 8758940.472553435713053 ], [ 6542341.292866224423051, 8758924.456405159085989 ], [ 6542346.85188236925751, 8758847.149009022861719 ], [ 6542356.152867365628481, 8758744.223750252276659 ], [ 6542362.579268737696111, 8758700.652172764763236 ], [ 6542348.300232992507517, 8758705.695089362561703 ], [ 6542340.060350431129336, 8758707.139293862506747 ], [ 6542331.819942072965205, 8758708.57212077639997 ], [ 6542317.629730708897114, 8758713.405686724931002 ], [ 6542303.258065650239587, 8758718.338894113898277 ], [ 6542297.430371313355863, 8758720.354615164920688 ], [ 6542288.974285550415516, 8758723.279393695294857 ], [ 6542255.797549400478601, 8758724.825678661465645 ], [ 6542241.524154921993613, 8758729.754264140501618 ], [ 6542219.83429445605725, 8758730.730945555493236 ], [ 6542198.155353955924511, 8758731.707103854045272 ], [ 6542172.631706302985549, 8758721.941901549696922 ], [ 6542139.032616326585412, 8758712.678442990407348 ], [ 6542122.341869475319982, 8758711.233438046649098 ], [ 6542114.931620198301971, 8758708.364187644794583 ], [ 6542107.531767450273037, 8758705.483053604140878 ], [ 6542092.831823307089508, 8758701.881996732205153 ], [ 6542076.128691323101521, 8758698.271699249744415 ], [ 6542060.937327357940376, 8758694.693539852276444 ], [ 6542042.747745058499277, 8758695.393026772886515 ], [ 6542034.496935616247356, 8758696.837659608572721 ], [ 6542026.25652105268091, 8758698.270406061783433 ], [ 6542011.696763749234378, 8758703.633991651237011 ], [ 6541997.712219275534153, 8758710.315868536010385 ], [ 6541969.359206113964319, 8758724.609411906450987 ], [ 6541955.291466172784567, 8758733.757354889065027 ], [ 6541941.12302424851805, 8758740.960712540894747 ], [ 6541926.735650204122066, 8758745.791827894747257 ], [ 6541912.462727023288608, 8758750.731591181829572 ], [ 6541897.289570240303874, 8758757.981726484373212 ], [ 6541882.756993172690272, 8758757.769740972667933 ], [ 6541876.514438664540648, 8758752.930987833067775 ], [ 6541872.807045497000217, 8758746.822793962433934 ], [ 6541872.22944725677371, 8758741.1843221783638 ], [ 6541871.836988067254424, 8758733.154798351228237 ], [ 6541872.769681308418512, 8758727.753730870783329 ], [ 6541873.712768729776144, 8758722.340779414400458 ], [ 6541885.566919664852321, 8758708.861757894977927 ], [ 6541897.323294100351632, 8758695.398675281554461 ], [ 6541900.05332997161895, 8758665.154829978942871 ], [ 6541898.598834050819278, 8758649.765321413055062 ], [ 6541896.367818119935691, 8758632.964304286986589 ], [ 6541893.422759943641722, 8758613.734341785311699 ], [ 6541892.685528436675668, 8758598.71038350276649 ], [ 6541896.139145758002996, 8758575.135524000972509 ], [ 6541894.679564975202084, 8758563.667574215680361 ], [ 6541894.066214507445693, 8758551.328048061579466 ], [ 6541888.628307105973363, 8758544.479784784838557 ], [ 6541877.240919695235789, 8758537.00825541652739 ], [ 6541858.238890457898378, 8758531.248097028583288 ], [ 6541839.544115206226707, 8758530.010482795536518 ], [ 6541818.760267939418554, 8758530.933461917564273 ], [ 6541802.280573784373701, 8758533.821684882044792 ], [ 6541769.098783602006733, 8758535.253996029496193 ], [ 6541752.297991408035159, 8758531.659654526039958 ], [ 6541739.908036822453141, 8758530.207983136177063 ], [ 6541731.426158336922526, 8758528.77937837690115 ], [ 6541715.966914306394756, 8758526.034442307427526 ], [ 6541714.900802429765463, 8758524.75042736530304 ], [ 6541708.631186479702592, 8758517.427987903356552 ], [ 6541707.408950288780034, 8758508.730435084551573 ], [ 6541710.455262386240065, 8758501.464039685204625 ], [ 6541719.116293677128851, 8758488.042656088247895 ], [ 6541726.674865717068315, 8758474.684036592021585 ], [ 6541736.535654373466969, 8758461.41190367937088 ], [ 6541744.098400169983506, 8758448.14426158927381 ], [ 6541751.757943259552121, 8758432.706265771761537 ], [ 6541759.310266521759331, 8758419.450488481670618 ], [ 6541770.425944236107171, 8758388.793145466595888 ], [ 6541773.589008299633861, 8758369.358396058902144 ], [ 6541766.129770677536726, 8758343.85282245837152 ], [ 6541754.99302195571363, 8758329.2452403139323 ], [ 6541742.084460286423564, 8758319.165904527530074 ], [ 6541720.342574991285801, 8758300.755158631131053 ], [ 6541709.426253776066005, 8758288.314561018720269 ], [ 6541708.337756043300033, 8758284.649185467511415 ], [ 6541707.001230656169355, 8758279.878258006647229 ], [ 6541706.628771082498133, 8758278.447931420058012 ], [ 6541701.61817043274641, 8758261.890588624402881 ], [ 6541698.611292567104101, 8758237.29468360543251 ], [ 6541693.669134056195617, 8758220.323793375864625 ], [ 6541694.299317911267281, 8758192.252629704773426 ], [ 6541689.355645393021405, 8758173.115989923477173 ], [ 6541686.411889540962875, 8758156.05196326225996 ], [ 6541679.385395711287856, 8758141.344077426940203 ], [ 6541672.544545950368047, 8758126.62754418887198 ], [ 6541661.534656079486012, 8758114.293976677581668 ], [ 6541644.622800844721496, 8758108.527821836993098 ], [ 6541627.822173964232206, 8758104.933705491945148 ], [ 6541612.916714230552316, 8758097.113385340198874 ], [ 6541602.060171375982463, 8758086.915716325864196 ], [ 6541597.690610859543085, 8758082.821947371587157 ], [ 6541586.354314470663667, 8758063.892171481624246 ], [ 6541581.527547995559871, 8758049.184398924931884 ], [ 6541581.244179138913751, 8758043.52087758667767 ], [ 6541580.679955656640232, 8758032.011332942172885 ], [ 6541577.104714639484882, 8758001.981892118230462 ], [ 6541578.368919537402689, 8757984.801577148959041 ], [ 6541572.479260634630919, 8757948.496562557294965 ], [ 6541573.743954845704138, 8757931.327622272074223 ], [ 6541579.197765303775668, 8757916.003819316625595 ], [ 6541586.863174295984209, 8757902.833919150754809 ], [ 6541594.52909585274756, 8757889.675384433940053 ], [ 6541599.978138193488121, 8757874.249186661094427 ], [ 6541603.338410817086697, 8757856.959722952917218 ], [ 6541603.754758449271321, 8757822.606306854635477 ], [ 6541598.507359724491835, 8757799.266279662027955 ], [ 6541589.482887810096145, 8757784.66306403465569 ], [ 6541576.143917775712907, 8757768.106594227254391 ], [ 6541565.227034916169941, 8757755.65485804527998 ], [ 6541556.302367313764989, 8757743.21283352561295 ], [ 6541555.038255796767771, 8757717.498511988669634 ], [ 6541556.298066161572933, 8757700.227199418470263 ], [ 6541555.454461399465799, 8757683.145153179764748 ], [ 6541556.714246904477477, 8757665.873838406056166 ], [ 6541551.882065664976835, 8757651.052400572225451 ], [ 6541544.948057054542005, 8757636.454362105578184 ], [ 6541533.937609506770968, 8757624.109637245535851 ], [ 6541520.913643472827971, 8757611.767615111544728 ], [ 6541497.396942472085357, 8757599.949061717838049 ], [ 6541478.492112985812128, 8757594.3901153113693 ], [ 6541453.61484482139349, 8757595.527294309809804 ], [ 6541433.137214705348015, 8757602.831356192007661 ], [ 6541418.864929967559874, 8757607.771447416394949 ], [ 6541382.74915268458426, 8757635.228464063256979 ], [ 6541372.466696714051068, 8757644.097518924623728 ], [ 6541362.494429364800453, 8757649.019456690177321 ], [ 6541354.086631145328283, 8757651.087100330740213 ], [ 6541350.518795503303409, 8757647.765358310192823 ], [ 6541348.427824484184384, 8757639.929164756089449 ], [ 6541349.785979299806058, 8757632.844080250710249 ], [ 6541353.035544307902455, 8757621.453192308545113 ], [ 6541354.772637501358986, 8757614.042665282264352 ], [ 6541354.132138054817915, 8757600.883920650929213 ], [ 6541350.391596185043454, 8757594.059355366975069 ], [ 6541342.404230318963528, 8757586.509482827037573 ], [ 6541335.128945121541619, 8757577.079780623316765 ], [ 6541326.300118952058256, 8757570.503861779347062 ], [ 6541313.862653908319771, 8757557.826773568987846 ], [ 6541310.54346626996994, 8757550.173248982056975 ], [ 6541309.000483313575387, 8757546.620324537158012 ], [ 6541300.855809264816344, 8757529.502687219530344 ], [ 6541289.304778357036412, 8757508.531455444172025 ], [ 6541294.44033023994416, 8757484.661988217383623 ], [ 6541304.213115883991122, 8757471.393887020647526 ], [ 6541311.878822668455541, 8757458.235422603785992 ], [ 6541321.635932268574834, 8757444.865437572821975 ], [ 6541320.787551447749138, 8757427.681169902905822 ], [ 6541315.960622139275074, 8757412.973616300150752 ], [ 6541313.658658502623439, 8757408.863344427198172 ], [ 6541299.797797148115933, 8757379.348059924319386 ], [ 6541273.55043288692832, 8757352.712994318455458 ], [ 6541262.845685223117471, 8757346.748977670446038 ], [ 6541243.937791975215077, 8757343.253492001444101 ], [ 6541225.251373203471303, 8757344.079263834282756 ], [ 6541208.871638461016119, 8757349.117651794105768 ], [ 6541192.397339344024658, 8757352.108632709830999 ], [ 6541187.505651697516441, 8757352.348128357902169 ], [ 6541165.090058462694287, 8757362.945618534460664 ], [ 6541144.019903320819139, 8757368.316648323088884 ], [ 6541114.393999993801117, 8757372.787111612036824 ], [ 6541097.703898586332798, 8757371.3425302375108 ], [ 6541052.135792534798384, 8757373.501357929781079 ], [ 6541012.877299071289599, 8757379.583512471988797 ], [ 6540991.883680270984769, 8757376.18515301682055 ], [ 6540974.98213129863143, 8757370.635409517213702 ], [ 6540962.16886486671865, 8757362.615299060940742 ], [ 6540947.266647580079734, 8757356.755766438320279 ], [ 6540932.461249655112624, 8757351.096898812800646 ], [ 6540919.449918305501342, 8757340.920260928571224 ], [ 6540906.530678929761052, 8757330.841923935338855 ], [ 6540891.304796069860458, 8757316.5509974360466 ], [ 6540876.196817356161773, 8757306.472128240391612 ], [ 6540843.437906874343753, 8757273.666358608752489 ], [ 6540834.402683599852026, 8757259.064049061387777 ], [ 6540829.904836488887668, 8757252.901850545778871 ], [ 6540818.977228851988912, 8757240.450953813269734 ], [ 6540807.956069840118289, 8757228.107014311477542 ], [ 6540799.03156672604382, 8757215.665328135713935 ], [ 6540786.107635414227843, 8757205.484685368835926 ], [ 6540773.311591588892043, 8757199.732189893722534 ], [ 6540748.78963840380311, 8757195.996828369796276 ], [ 6540737.745690850540996, 8757197.378029210492969 ], [ 6540723.565130276605487, 8757202.404863325878978 ], [ 6540707.520313931629062, 8757204.030599208548665 ], [ 6540700.415567722171545, 8757199.950536988675594 ], [ 6540690.637962519191206, 8757192.495689801871777 ], [ 6540686.021714456379414, 8757182.110125131905079 ], [ 6540685.466345829889178, 8757170.794322427362204 ], [ 6540692.258787107653916, 8757158.395031087100506 ], [ 6540699.680151217617095, 8757149.898959057405591 ], [ 6540704.024650637060404, 8757144.920349918305874 ], [ 6540713.884743023663759, 8757131.648494906723499 ], [ 6540719.343049447983503, 8757116.427505293861032 ], [ 6540714.094197426922619, 8757090.922563498839736 ], [ 6540704.960694088600576, 8757076.324934624135494 ], [ 6540692.146988078951836, 8757068.293575631454587 ], [ 6540651.946039619855583, 8757055.144511844962835 ], [ 6540624.43984142318368, 8757045.792037222534418 ], [ 6540605.06527501065284, 8757031.238794168457389 ], [ 6540602.820120559073985, 8757029.542487017810345 ], [ 6540591.803735980764031, 8757017.301034430041909 ], [ 6540578.879865730181336, 8757007.120491694658995 ], [ 6540569.955398384481668, 8756994.678927667438984 ], [ 6540565.123880273662508, 8756979.869392158463597 ], [ 6540558.102168027311563, 8756965.264569507911801 ], [ 6540556.217760242521763, 8756962.138016667217016 ], [ 6540551.012589040212333, 8756953.455583024770021 ], [ 6540542.168275653384626, 8756946.778012882918119 ], [ 6540527.773115247488022, 8756947.392213644459844 ], [ 6540517.622429524548352, 8756950.57837120257318 ], [ 6540507.468754744157195, 8756951.804100817069411 ], [ 6540479.49123540148139, 8756953.097153143957257 ], [ 6540465.669524945318699, 8756951.199693776667118 ], [ 6540459.379370553418994, 8756945.326326500624418 ], [ 6540450.810782856307924, 8756942.249258959665895 ], [ 6540441.243751176632941, 8756939.116155616939068 ], [ 6540435.464977255091071, 8756943.842431483790278 ], [ 6540430.54727088008076, 8756951.81135038100183 ], [ 6540422.783855631947517, 8756964.985307892784476 ], [ 6540417.330261385068297, 8756980.308485707268119 ], [ 6540411.762726066634059, 8756995.534380642697215 ], [ 6540408.402002368122339, 8757012.811715587973595 ], [ 6540396.54878266621381, 8757026.290287248790264 ], [ 6540383.788938259705901, 8757043.834799630567431 ], [ 6540375.545494800433517, 8757051.354590347036719 ], [ 6540363.878337532281876, 8757054.406166687607765 ], [ 6540349.333834952674806, 8757056.053065899759531 ], [ 6540331.150686213746667, 8757052.842823283746839 ], [ 6540313.940585914999247, 8757042.976069509983063 ], [ 6540302.919585002586246, 8757030.632290622219443 ], [ 6540296.089839778840542, 8757015.916018089279532 ], [ 6540289.064057187177241, 8757001.220288753509521 ], [ 6540280.138193317689002, 8756986.613142717629671 ], [ 6540275.412816476076841, 8756976.232809644192457 ], [ 6540270.053187852725387, 8756962.781651698052883 ], [ 6540264.320156134665012, 8756948.116866486147046 ], [ 6540257.004986098967493, 8756939.71523355320096 ], [ 6540251.364787452854216, 8756938.200005073100328 ], [ 6540245.734984049573541, 8756936.672893293201923 ], [ 6540233.942984782159328, 8756937.256812041625381 ], [ 6540213.388331636786461, 8756944.780554683879018 ], [ 6540205.727321408689022, 8756958.040773786604404 ], [ 6540200.159710369072855, 8756973.266522716730833 ], [ 6540194.471576838754117, 8756983.038010597229004 ], [ 6540192.494472657330334, 8756986.435732366517186 ], [ 6540189.038595047779381, 8757001.654215224087238 ], [ 6540185.571785252541304, 8757016.873202776536345 ], [ 6540178.017203978262842, 8757032.202939230948687 ], [ 6540168.156991438940167, 8757045.4744264613837 ], [ 6540156.192961449734867, 8757056.79223944246769 ], [ 6540150.199276723898947, 8757061.368830973282456 ], [ 6540144.216509627178311, 8757065.944910513237119 ], [ 6540136.4571025762707, 8757079.209627131000161 ], [ 6540124.493035749532282, 8757090.527401546016335 ], [ 6540116.840086627751589, 8757105.861650498583913 ], [ 6540104.975754927843809, 8757119.340451627969742 ], [ 6540090.704556496813893, 8757126.434307245537639 ], [ 6540081.258816068060696, 8757124.74303587898612 ], [ 6540071.81307659484446, 8757123.051763296127319 ], [ 6540058.696058262139559, 8757110.817082606256008 ], [ 6540055.850256170146167, 8757093.738108517602086 ], [ 6540052.086857805028558, 8757078.354674266651273 ], [ 6540045.624668722972274, 8757068.99000746011734 ], [ 6540039.927859850227833, 8757065.300274210050702 ], [ 6540034.241971733048558, 8757061.610032679513097 ], [ 6540015.457963667809963, 8757062.45131085626781 ], [ 6540004.45605275221169, 8757064.742225542664528 ], [ 6539996.931124748662114, 8757068.626437671482563 ], [ 6539989.557923542335629, 8757073.426843974739313 ], [ 6539973.705643493682146, 8757081.118662174791098 ], [ 6539958.375400103628635, 8757082.813387528061867 ], [ 6539939.303994948975742, 8757084.066946465522051 ], [ 6539922.216778260655701, 8757084.920268017798662 ], [ 6539910.109510201960802, 8757082.942675244063139 ], [ 6539902.326364489272237, 8757081.470260499045253 ], [ 6539887.758522409945726, 8757078.581483291462064 ], [ 6539873.65163598023355, 8757080.937253177165985 ], [ 6539853.284839040599763, 8757090.400937473401427 ], [ 6539839.129530696198344, 8757099.768908388912678 ], [ 6539829.258216250687838, 8757113.04062344878912 ], [ 6539827.371979605406523, 8757117.459881355985999 ], [ 6539825.691425671800971, 8757126.098328247666359 ], [ 6539817.870103107765317, 8757142.055683283135295 ], [ 6539810.602775624021888, 8757151.285007491707802 ], [ 6539804.743001859635115, 8757154.2594577614218 ], [ 6539798.032097335904837, 8757156.33890544809401 ], [ 6539791.273946923203766, 8757157.394705548882484 ], [ 6539782.68144122697413, 8757157.829284699633718 ], [ 6539774.901556046679616, 8757154.293585954234004 ], [ 6539765.882410743273795, 8757139.793489277362823 ], [ 6539756.749340003356338, 8757125.196124015375972 ], [ 6539749.915671739727259, 8757110.389034997671843 ], [ 6539740.893260208889842, 8757097.952200297266245 ], [ 6539739.765882257372141, 8757095.576900705695152 ], [ 6539733.959312543272972, 8757083.3435670863837 ], [ 6539723.776428202167153, 8757073.741999013349414 ], [ 6539718.290616750717163, 8757066.087229982018471 ], [ 6539710.512208890169859, 8757064.717154707759619 ], [ 6539709.336100555956364, 8757065.079712484031916 ], [ 6539704.609405973926187, 8757066.758945478126407 ], [ 6539698.966567322611809, 8757072.299284685403109 ], [ 6539694.205605547875166, 8757081.297792563214898 ], [ 6539691.087165783159435, 8757088.658199094235897 ], [ 6539686.84318545460701, 8757102.693435167893767 ], [ 6539687.581228750757873, 8757119.870408516377211 ], [ 6539684.21911608800292, 8757134.99297259002924 ], [ 6539676.464207761920989, 8757148.359711674973369 ], [ 6539664.495217025279999, 8757159.574750915169716 ], [ 6539650.229156783781946, 8757166.782038839533925 ], [ 6539633.335560144856572, 8757163.294816369190812 ], [ 6539616.639450501650572, 8757161.952653303742409 ], [ 6539601.633581834845245, 8757156.21181015856564 ], [ 6539586.630469623021781, 8757148.396365096792579 ], [ 6539571.733285114169121, 8757142.63906218111515 ], [ 6539567.430390525609255, 8757140.69667785987258 ], [ 6539545.903289718553424, 8757124.545368453487754 ], [ 6539530.481420626863837, 8757110.263878369703889 ], [ 6539508.543562762439251, 8757085.685683699324727 ], [ 6539495.323748866096139, 8757073.35329319909215 ], [ 6539482.306670520454645, 8757063.279699256643653 ], [ 6539469.497998841106892, 8757055.350652797147632 ], [ 6539456.491848320700228, 8757045.276559239253402 ], [ 6539441.486034866422415, 8757039.535750012844801 ], [ 6539426.693350914865732, 8757036.041843391954899 ], [ 6539411.785300269722939, 8757030.285080933943391 ], [ 6539382.289305336773396, 8757023.099328530952334 ], [ 6539365.605636024847627, 8757023.922217901796103 ], [ 6539362.642421633936465, 8757024.68717029877007 ], [ 6539342.838732060045004, 8757029.280006561428308 ], [ 6539328.462061700411141, 8757034.326670682057738 ], [ 6539314.08682501129806, 8757041.538894446566701 ], [ 6539299.715815112926066, 8757046.471290472894907 ], [ 6539285.334405197761953, 8757051.415558069944382 ], [ 6539251.869281153194606, 8757053.077152779325843 ], [ 6539235.285833485424519, 8757056.072320785373449 ], [ 6539220.909132787026465, 8757061.118909057229757 ], [ 6539206.743715496733785, 8757070.270338008180261 ], [ 6539197.191608076915145, 8757077.656715994700789 ], [ 6539180.202784244902432, 8757088.706334320828319 ], [ 6539162.341617308557034, 8757094.131746834143996 ], [ 6539143.999292260035872, 8757091.737720502540469 ], [ 6539135.455908367410302, 8757088.967031938955188 ], [ 6539127.841429582796991, 8757082.84765113517642 ], [ 6539113.044573426246643, 8757079.262648498639464 ], [ 6539099.929334766231477, 8757069.193638604134321 ], [ 6539086.812677370384336, 8757056.959081435576081 ], [ 6539073.696023726835847, 8757044.724531441926956 ], [ 6539060.680500029586256, 8757036.816511228680611 ], [ 6539043.031349491328001, 8757028.098514074459672 ], [ 6539021.114357025362551, 8757020.331583812832832 ], [ 6538990.58644013851881, 8757012.361657958477736 ], [ 6538973.283207041211426, 8757002.601739434525371 ], [ 6538958.26462952978909, 8756994.684454821050167 ], [ 6538941.481800584122539, 8756993.357569562271237 ], [ 6538926.68919185642153, 8756989.863554298877716 ], [ 6538893.101703777909279, 8756987.210775766521692 ], [ 6538878.210822899825871, 8756983.721328550949693 ], [ 6538863.207914275117218, 8756975.905896348878741 ], [ 6538846.810549814254045, 8756962.296901367604733 ], [ 6538836.861365939490497, 8756951.351024646311998 ], [ 6538833.763335578143597, 8756939.2311991173774 ], [ 6538822.700305018573999, 8756915.765350731089711 ], [ 6538799.996589761227369, 8756892.841730298474431 ], [ 6538798.458803674206138, 8756891.294860955327749 ], [ 6538791.715118175372481, 8756890.765531724318862 ], [ 6538781.676030140370131, 8756889.96797564253211 ], [ 6538764.994370987638831, 8756892.967560339719057 ], [ 6538750.61246426589787, 8756897.900232534855604 ], [ 6538733.724374463781714, 8756904.727686859667301 ], [ 6538718.61052305996418, 8756908.976361855864525 ], [ 6538694.03433473687619, 8756916.389816617593169 ], [ 6538676.449701955541968, 8756925.198686001822352 ], [ 6538660.07606229186058, 8756932.503613237291574 ], [ 6538645.596363066695631, 8756937.452155251055956 ], [ 6538627.988530511967838, 8756941.72572872787714 ], [ 6538603.607892570085824, 8756942.940962590277195 ], [ 6538587.38733325432986, 8756943.126483762636781 ], [ 6538573.1953817140311, 8756939.604430809617043 ], [ 6538557.396875583566725, 8756938.026427529752254 ], [ 6538543.274879222735763, 8756933.885633176192641 ], [ 6538514.816772129386663, 8756923.334463676437736 ], [ 6538498.544314010068774, 8756912.193021530285478 ], [ 6538482.363048461265862, 8756902.791192255914211 ], [ 6538479.090286243706942, 8756900.64126112870872 ], [ 6538472.116688560694456, 8756896.076391508802772 ], [ 6538455.597569555044174, 8756892.161209955811501 ], [ 6538436.335405307821929, 8756889.513537548482418 ], [ 6538420.508075432851911, 8756887.309983225539327 ], [ 6538413.548679263330996, 8756888.272341158241034 ], [ 6538404.309302700683475, 8756889.865165114402771 ], [ 6538389.888189983554184, 8756891.813262242823839 ], [ 6538381.826358024030924, 8756894.023706650361419 ], [ 6538373.774920298717916, 8756896.222266219556332 ], [ 6538362.928976516239345, 8756899.759106600657105 ], [ 6538355.392584187909961, 8756901.261212194338441 ], [ 6538340.314212387427688, 8756902.008937524631619 ], [ 6538326.253699203953147, 8756888.997868293896317 ], [ 6538310.799757569096982, 8756869.976741068065166 ], [ 6538300.176457723602653, 8756855.563290107995272 ], [ 6538291.360475501976907, 8756853.523319797590375 ], [ 6538281.891964504495263, 8756850.385367214679718 ], [ 6538256.229943226091564, 8756849.916274091228843 ], [ 6538242.557796365581453, 8756854.815628957003355 ], [ 6538231.722162676975131, 8756860.711259257048368 ], [ 6538210.012350045144558, 8756867.158808862790465 ], [ 6538193.348310390487313, 8756872.676138274371624 ], [ 6538179.477484903298318, 8756877.539106577634811 ], [ 6538165.102139197289944, 8756884.75066495500505 ], [ 6538150.830740147270262, 8756891.843394044786692 ], [ 6538148.185101395472884, 8756893.562238253653049 ], [ 6538142.373430790379643, 8756897.343286909162998 ], [ 6538136.561233885586262, 8756901.112959869205952 ], [ 6538126.496229267679155, 8756912.329497199505568 ], [ 6538110.765564268454909, 8756932.392175773158669 ], [ 6538101.103956473059952, 8756949.983935389667749 ], [ 6538099.540268146432936, 8756955.231229929253459 ], [ 6538091.996526597999036, 8756980.543097671121359 ], [ 6538084.334688499569893, 8756993.801830749958754 ], [ 6538076.570362122729421, 8757006.974144868552685 ], [ 6538068.795103010721505, 8757020.146958071738482 ], [ 6538061.145506281405687, 8757035.570625538006425 ], [ 6538055.592536136507988, 8757050.896680574864149 ], [ 6538047.821956012398005, 8757064.171824429184198 ], [ 6538044.150168417021632, 8757074.965253796428442 ], [ 6538045.203423419967294, 8757098.520523887127638 ], [ 6538050.237892344594002, 8757115.38247986882925 ], [ 6538052.575257292017341, 8757121.929840939119458 ], [ 6538059.990799303166568, 8757142.727096788585186 ], [ 6538061.363382662646472, 8757170.598581794649363 ], [ 6538057.803436746820807, 8757185.717859782278538 ], [ 6538049.708482824265957, 8757199.555140828713775 ], [ 6538042.382183833047748, 8757212.262470930814743 ], [ 6538038.811280408874154, 8757227.382238961756229 ], [ 6538033.356434271670878, 8757242.703662792220712 ], [ 6538036.927462080493569, 8757274.587305510416627 ], [ 6538046.003079200163484, 8757300.299443744122982 ], [ 6538046.581951512023807, 8757301.936541683971882 ], [ 6538056.020599013194442, 8757325.078751200810075 ], [ 6538082.360955533571541, 8757347.377368353307247 ], [ 6538095.477206236682832, 8757359.611963659524918 ], [ 6538098.414901612326503, 8757376.571569858118892 ], [ 6538090.748576267622411, 8757389.739207345992327 ], [ 6538076.274047140032053, 8757396.943634681403637 ], [ 6538062.007516974583268, 8757404.149765940383077 ], [ 6538047.527451341971755, 8757409.097712799906731 ], [ 6538041.447310353629291, 8757411.568992644548416 ], [ 6538016.589276384562254, 8757419.290779318660498 ], [ 6538000.428064916282892, 8757432.876453559845686 ], [ 6537984.382072752341628, 8757448.724844582378864 ], [ 6537972.622435033321381, 8757464.259775526821613 ], [ 6537966.975533963181078, 8757479.692607061937451 ], [ 6537965.709879689849913, 8757496.870533734560013 ], [ 6537964.173136282712221, 8757520.751398868858814 ], [ 6537955.72712623886764, 8757542.412107804790139 ], [ 6537947.197574526071548, 8757560.361107800155878 ], [ 6537943.03266407456249, 8757581.59464367851615 ], [ 6537942.065183650702238, 8757596.695727894082665 ], [ 6537943.996702491305768, 8757611.536556903272867 ], [ 6537950.923467438668013, 8757626.247553773224354 ], [ 6537959.945085341110826, 8757638.684171494096518 ], [ 6537968.806667665019631, 8757648.597998607903719 ], [ 6537970.976024029776454, 8757651.027309397235513 ], [ 6537982.089085434563458, 8757663.252658331766725 ], [ 6537993.206866170279682, 8757675.580371929332614 ], [ 6538006.118206742219627, 8757683.607569254934788 ], [ 6538015.135115468874574, 8757695.941859610378742 ], [ 6538020.074396587908268, 8757710.745371075347066 ], [ 6538020.173978127539158, 8757712.906264815479517 ], [ 6538018.603240345604718, 8757723.704399194568396 ], [ 6538012.655243683606386, 8757745.431232891976833 ], [ 6538005.560925555415452, 8757757.956613196060061 ], [ 6537999.191975882276893, 8757768.886781811714172 ], [ 6537990.393547846004367, 8757791.692181659862399 ], [ 6537980.533188240602612, 8757807.127198398113251 ], [ 6537970.774522507563233, 8757820.494524795562029 ], [ 6537960.80888094753027, 8757833.882863983511925 ], [ 6537951.050186051055789, 8757847.250165645033121 ], [ 6537945.398263365961611, 8757862.580540737137198 ], [ 6537937.841478873044252, 8757877.896938076242805 ], [ 6537934.373586928471923, 8757893.125703819096088 ], [ 6537939.308030165731907, 8757907.826858399435878 ], [ 6537942.146081543527544, 8757925.007602030411363 ], [ 6537949.083124170079827, 8757939.706794952973723 ], [ 6537958.099954929202795, 8757952.041156735271215 ], [ 6537963.028178510256112, 8757966.845197230577469 ], [ 6537964.704680254682899, 8758001.09642026014626 ], [ 6537958.157864523120224, 8758012.445081202313304 ], [ 6537946.801729540340602, 8758027.960946455597878 ], [ 6537938.650816512294114, 8758035.372288396582007 ], [ 6537931.12282891292125, 8758041.102019632235169 ], [ 6537915.482156694866717, 8758055.073306251317263 ], [ 6537906.423393720760942, 8758064.396028136834502 ], [ 6537896.017979335971177, 8758078.933016274124384 ], [ 6537892.070845917798579, 8758086.137412844225764 ], [ 6537889.703413280658424, 8758092.949211463332176 ], [ 6537888.289262398146093, 8758096.935699032619596 ], [ 6537886.04226300586015, 8758112.301371997222304 ], [ 6537886.888465762138367, 8758129.483550744131207 ], [ 6537885.626499247737229, 8758146.752372214570642 ], [ 6537888.465872451663017, 8758163.727885507047176 ], [ 6537887.413144577294588, 8758183.163885541260242 ], [ 6537886.162060283124447, 8758200.432196544483304 ], [ 6537886.893763108178973, 8758217.505724752321839 ], [ 6537883.536061243154109, 8758234.894787581637502 ], [ 6537877.98209470231086, 8758250.220459911972284 ], [ 6537873.258051497861743, 8758282.615075873211026 ], [ 6537861.946009683422744, 8758311.212930548936129 ], [ 6537852.392137316055596, 8758328.798881469294429 ], [ 6537842.855111575685441, 8758348.652118636295199 ], [ 6537832.986749844625592, 8758362.024219490587711 ], [ 6537823.125103867612779, 8758375.304815724492073 ], [ 6537815.47898686863482, 8758390.830256346613169 ], [ 6537795.851887905970216, 8758417.580668663606048 ], [ 6537778.233576642349362, 8758444.226242566481233 ], [ 6537768.377252987585962, 8758459.763196615502238 ], [ 6537758.63011599611491, 8758475.29505985416472 ], [ 6537746.549056062474847, 8758484.347727280110121 ], [ 6537734.391263540834188, 8758495.774600958451629 ], [ 6537722.325816612690687, 8758504.929092682898045 ], [ 6537708.059653460979462, 8758514.299846822395921 ], [ 6537693.688062249682844, 8758519.241918582469225 ], [ 6537651.726289171725512, 8758521.317850762978196 ], [ 6537618.039329546503723, 8758518.666719559580088 ], [ 6537590.34307829849422, 8758509.217849044129252 ], [ 6537566.943991421721876, 8758501.825900722295046 ], [ 6537537.245801161043346, 8758494.532988701015711 ], [ 6537520.247503374703228, 8758491.15168765746057 ], [ 6537505.351629797369242, 8758487.558688480407 ], [ 6537490.456282753497362, 8758483.977060222998261 ], [ 6537475.553007418289781, 8758478.321498889476061 ], [ 6537462.793073619715869, 8758475.24466809630394 ], [ 6537460.755427724681795, 8758474.723926575854421 ], [ 6537447.74641508422792, 8758466.71226947195828 ], [ 6537434.630515953525901, 8758454.477209961041808 ], [ 6537421.621511242352426, 8758446.465561116114259 ], [ 6537412.698562266305089, 8758434.024228367954493 ], [ 6537403.583757584914565, 8758421.694394145160913 ], [ 6537400.431605445221066, 8758407.662765363231301 ], [ 6537398.323560558259487, 8758398.244070651009679 ], [ 6537391.272495649755001, 8758385.100301072001457 ], [ 6537382.022382878698409, 8758374.110250666737556 ], [ 6537374.83841772004962, 8758366.637082953006029 ], [ 6537356.66480684094131, 8758359.594953410327435 ], [ 6537337.57187167275697, 8758356.117288993671536 ], [ 6537320.789746195077896, 8758356.954320564866066 ], [ 6537306.517162792384624, 8758364.045723918825388 ], [ 6537294.359327485784888, 8758375.472323292866349 ], [ 6537286.791438740678132, 8758390.799953646957874 ], [ 6537285.541620383039117, 8758410.24462971650064 ], [ 6537286.386802955530584, 8758427.41507482714951 ], [ 6537285.187596302479506, 8758445.820252550765872 ], [ 6537281.459482837468386, 8758457.550247889012098 ], [ 6537278.29834783449769, 8758464.717817060649395 ], [ 6537270.959894535131752, 8758472.193495374172926 ], [ 6537265.079195264726877, 8758474.962776156142354 ], [ 6537255.590329592116177, 8758475.426558118313551 ], [ 6537238.384051376022398, 8758473.707429884001613 ], [ 6537221.235161452554166, 8758469.193329576402903 ], [ 6537201.719802509061992, 8758455.113038936629891 ], [ 6537188.60451837349683, 8758442.889382423833013 ], [ 6537175.491083416156471, 8758434.985156340524554 ], [ 6537162.579906271770597, 8758426.957562696188688 ], [ 6537149.465294888243079, 8758416.887946734204888 ], [ 6537132.707730564288795, 8758408.036169450730085 ], [ 6537123.145529672503471, 8758405.00443847104907 ], [ 6537109.372728517279029, 8758403.934935038909316 ], [ 6537098.020096655935049, 8758400.997805105522275 ], [ 6537088.49559286236763, 8758398.784910012036562 ], [ 6537080.449722819961607, 8758392.081231454387307 ], [ 6537072.34626853838563, 8758384.126552702859044 ], [ 6537059.435644167475402, 8758376.110350705683231 ], [ 6537048.41661072243005, 8758363.777933346107602 ], [ 6537037.205199283547699, 8758351.545639600604773 ], [ 6537028.282373427413404, 8758339.104422135278583 ], [ 6537021.799676181748509, 8758325.467089926823974 ], [ 6537021.242890026420355, 8758324.30767160281539 ], [ 6537014.317981407046318, 8758311.762219272553921 ], [ 6537000.88721779640764, 8758293.15956955589354 ], [ 6536985.564880831167102, 8758278.873145399615169 ], [ 6536974.241903554648161, 8758262.315206624567509 ], [ 6536969.314244649372995, 8758247.511524556204677 ], [ 6536966.575376369059086, 8758232.708695909008384 ], [ 6536969.933538881130517, 8758215.320304060354829 ], [ 6536977.601420645602047, 8758202.165054108947515 ], [ 6536989.550535967573524, 8758188.582872793078423 ], [ 6537001.6135508492589, 8758175.097954412922263 ], [ 6537005.075843390077353, 8758159.972700303420424 ], [ 6537004.866485418751836, 8758155.662947438657284 ], [ 6537002.989669635891914, 8758143.89724432118237 ], [ 6536993.630587995052338, 8758126.735203983262181 ], [ 6536983.380746021866798, 8758109.717149205505848 ], [ 6536972.537398474290967, 8758098.824108295142651 ], [ 6536959.223195662721992, 8758080.61505189538002 ], [ 6536947.998975053429604, 8758064.064006736502051 ], [ 6536943.065033046528697, 8758049.363231875002384 ], [ 6536936.040587801486254, 8758034.65705874375999 ], [ 6536931.007150983437896, 8758017.795483386144042 ], [ 6536928.16398306004703, 8758000.729529852047563 ], [ 6536923.550330643542111, 8757992.510188536718488 ], [ 6536912.455237367190421, 8757984.706097895279527 ], [ 6536901.221055217087269, 8757984.339328838512301 ], [ 6536880.737655425444245, 8757985.359830731526017 ], [ 6536870.606295607984066, 8757991.118965243920684 ], [ 6536858.206947815604508, 8757999.673201892524958 ], [ 6536846.962239220738411, 8758015.479228358715773 ], [ 6536844.451392404735088, 8758026.548438206315041 ], [ 6536843.504690253175795, 8758030.706752998754382 ], [ 6536842.343244101852179, 8758049.930467896163464 ], [ 6536836.793672230094671, 8758065.357789328321815 ], [ 6536829.127555349841714, 8758080.689725020900369 ], [ 6536817.074288372881711, 8758092.008667169138789 ], [ 6536804.789302377961576, 8758099.007515855133533 ], [ 6536787.59515596088022, 8758105.630467996001244 ], [ 6536774.921071135438979, 8758110.595923602581024 ], [ 6536758.629967091605067, 8758111.398626232519746 ], [ 6536748.931875403039157, 8758107.552684819325805 ], [ 6536742.497579572722316, 8758099.007683485746384 ], [ 6536740.365385256707668, 8758090.251351831480861 ], [ 6536740.690676579251885, 8758074.257722597569227 ], [ 6536741.946435851044953, 8758057.081154219806194 ], [ 6536743.098520147614181, 8758037.652807066217065 ], [ 6536746.461354861035943, 8758020.366906311362982 ], [ 6536750.022458056919277, 8758005.248601971194148 ], [ 6536746.225257836282253, 8757996.934362281113863 ], [ 6536740.481847815215588, 8757984.379741983488202 ], [ 6536718.525694234296679, 8757988.591359505429864 ], [ 6536711.419996524229646, 8757989.947337213903666 ], [ 6536699.348445081152022, 8757999.204241005703807 ], [ 6536691.484567074105144, 8758012.37986565195024 ], [ 6536679.629065277986228, 8758025.85496006719768 ], [ 6536667.5648746881634, 8758037.174323691055179 ], [ 6536655.390283436514437, 8758046.333391405642033 ], [ 6536645.32331111561507, 8758055.394499558955431 ], [ 6536624.762913030572236, 8758064.9660421051085 ], [ 6536611.152992449700832, 8758067.194081297144294 ], [ 6536601.40107882861048, 8758062.416096270084381 ], [ 6536595.915606716647744, 8758054.75018198415637 ], [ 6536591.948599833995104, 8758045.361157299950719 ], [ 6536591.391292337328196, 8758023.74438614025712 ], [ 6536590.036444248631597, 8757995.976174501702189 ], [ 6536587.766657658852637, 8757982.804297618567944 ], [ 6536587.095152247697115, 8757978.914979446679354 ], [ 6536578.066733106039464, 8757964.416058490052819 ], [ 6536561.074955007061362, 8757960.931911490857601 ], [ 6536544.280930919572711, 8757959.603974098339677 ], [ 6536510.926420787349343, 8757965.58743342757225 ], [ 6536496.445814670994878, 8757970.534193044528365 ], [ 6536488.615988055244088, 8757974.465267404913902 ], [ 6536482.080297680571675, 8757977.743562605232 ], [ 6536477.982165419496596, 8757980.008230095729232 ], [ 6536462.382422815077007, 8757986.556937005370855 ], [ 6536448.857334824278951, 8757990.627286598086357 ], [ 6536424.053972587920725, 8757991.23283482529223 ], [ 6536407.272037440910935, 8757992.069653380662203 ], [ 6536379.938158648088574, 8757985.487418802455068 ], [ 6536377.470471042208374, 8757984.895486291497946 ], [ 6536362.583141238428652, 8757979.341830391436815 ], [ 6536347.577713583596051, 8757973.599917383864522 ], [ 6536332.780423264950514, 8757970.002322154119611 ], [ 6536319.874722748994827, 8757962.088630504906178 ], [ 6536304.771023968234658, 8757956.351285761222243 ], [ 6536296.373174306005239, 8757954.598917411640286 ], [ 6536277.184307183139026, 8757949.267933884635568 ], [ 6536253.890904887579381, 8757943.922528250142932 ], [ 6536216.011750761419535, 8757941.477207481861115 ], [ 6536188.736987417563796, 8757942.835689529776573 ], [ 6536174.354638104327023, 8757947.777710882946849 ], [ 6536166.145224655047059, 8757958.91762712225318 ], [ 6536154.6391337569803, 8757974.51865316927433 ], [ 6536142.570108717307448, 8757985.735299542546272 ], [ 6536128.302796462550759, 8757992.939864261075854 ], [ 6536111.020004107616842, 8758005.960054937750101 ], [ 6536101.206008394248784, 8758016.239930929616094 ], [ 6536093.338333641178906, 8758031.478094486519694 ], [ 6536082.878043612465262, 8758052.922505997121334 ], [ 6536073.119607538916171, 8758068.453619591891766 ], [ 6536067.134498931467533, 8758075.13657913915813 ], [ 6536055.070076403208077, 8758086.455466575920582 ], [ 6536030.001103213056922, 8758087.711203396320343 ], [ 6536013.206533257849514, 8758086.371602084487677 ], [ 6535998.102865537628531, 8758080.63412918150425 ], [ 6535983.105241442099214, 8758072.920116940513253 ], [ 6535972.401963654905558, 8758066.966837760061026 ], [ 6535969.522285355255008, 8758064.080507347360253 ], [ 6535961.021621636115015, 8758055.574643103405833 ], [ 6535952.781316169537604, 8758044.640608860179782 ], [ 6535947.24268595315516, 8758036.054138107225299 ], [ 6535934.754118352197111, 8758026.263377003371716 ], [ 6535922.143574615940452, 8758024.524276787415147 ], [ 6535903.260205902159214, 8758025.355880808085203 ], [ 6535891.085431212559342, 8758034.514446098357439 ], [ 6535879.016276439651847, 8758045.730871044099331 ], [ 6535871.368961453437805, 8758059.100972846150398 ], [ 6535864.418493330478668, 8758070.729212481528521 ], [ 6535863.493284798227251, 8758072.265137573704123 ], [ 6535851.422961097210646, 8758081.316232489421964 ], [ 6535839.264285895973444, 8758090.587953159585595 ], [ 6535818.587725236080587, 8758092.881735960021615 ], [ 6535817.444225925952196, 8758093.003228168934584 ], [ 6535805.658211066387594, 8758094.200262168422341 ], [ 6535803.631731502711773, 8758094.396955514326692 ], [ 6535801.300528020597994, 8758094.630595354363322 ], [ 6535792.745438610203564, 8758095.882693883031607 ], [ 6535782.631563724949956, 8758099.885372836142778 ], [ 6535774.387116372585297, 8758107.413914976641536 ], [ 6535771.372676259838045, 8758115.394727641716599 ], [ 6535770.919089635834098, 8758122.424652932211757 ], [ 6535776.319240444339812, 8758134.425099436193705 ], [ 6535789.528121180832386, 8758146.552925553172827 ], [ 6535798.450524328276515, 8758158.993808500468731 ], [ 6535811.45439132861793, 8758166.903056537732482 ], [ 6535826.565375234931707, 8758174.703046541661024 ], [ 6535839.57507998496294, 8758184.879942253232002 ], [ 6535847.455316504463553, 8758206.54347362741828 ], [ 6535847.176013068296015, 8758221.406147824600339 ], [ 6535840.943609222769737, 8758257.685891017317772 ], [ 6535833.177500116638839, 8758270.856276120990515 ], [ 6535821.217932231724262, 8758284.221398018300533 ], [ 6535806.95145914517343, 8758293.59088503010571 ], [ 6535790.373253510333598, 8758296.48052141815424 ], [ 6535784.085235974751413, 8758298.96066259033978 ], [ 6535774.358589138835669, 8758300.677368856966496 ], [ 6535760.704115634784102, 8758302.177594488486648 ], [ 6535747.009879613295197, 8758304.716741720214486 ], [ 6535731.716549449600279, 8758307.227570097893476 ], [ 6535717.87763071898371, 8758317.089965781196952 ], [ 6535705.916997151449323, 8758330.671551927924156 ], [ 6535682.101159871555865, 8758357.510677432641387 ], [ 6535670.146690026856959, 8758370.989359375089407 ], [ 6535649.941291211172938, 8758385.911001512780786 ], [ 6535638.932314773090184, 8758389.966462219133973 ], [ 6535628.262208505533636, 8758399.24854820035398 ], [ 6535613.48540748283267, 8758414.419517150148749 ], [ 6535616.421247790567577, 8758431.377870032563806 ], [ 6535619.264025275595486, 8758448.454511009156704 ], [ 6535632.477526111528277, 8758460.684822967275977 ], [ 6535647.379931202158332, 8758466.329354003071785 ], [ 6535662.385854724794626, 8758472.08304382674396 ], [ 6535675.291425148025155, 8758479.997011704370379 ], [ 6535683.897380812093616, 8758483.893915148451924 ], [ 6535691.085758168250322, 8758493.851180508732796 ], [ 6535690.080046207644045, 8758507.915534924715757 ], [ 6535684.643051333725452, 8758519.621415870264173 ], [ 6535667.950859925709665, 8758544.784817283973098 ], [ 6535660.405592419207096, 8758564.429316744208336 ], [ 6535648.440011906437576, 8758577.90839521586895 ], [ 6535638.675134036689997, 8758591.171328313648701 ], [ 6535636.898306241258979, 8758597.749789249151945 ], [ 6535635.867977544665337, 8758605.330670963972807 ], [ 6535633.196746376343071, 8758620.304243890568614 ], [ 6535633.716348991729319, 8758630.890212152153254 ], [ 6535637.002311816439033, 8758644.755298968404531 ], [ 6535644.271091282367706, 8758654.082058941945434 ], [ 6535649.970068518072367, 8758666.15986019000411 ], [ 6535657.779914864338934, 8758684.635655676946044 ], [ 6535656.429586780257523, 8758701.918377686291933 ], [ 6535648.762426614761353, 8758717.249217864125967 ], [ 6535636.602719077840447, 8758726.50914266705513 ], [ 6535620.012800353579223, 8758729.387554557994008 ], [ 6535604.912713187746704, 8758721.58672652207315 ], [ 6535595.892225755378604, 8758709.150266822427511 ], [ 6535588.972133139148355, 8758694.553564457222819 ], [ 6535579.935496270656586, 8758682.003902470692992 ], [ 6535571.123562643304467, 8758671.723099302500486 ], [ 6535561.445965493097901, 8758664.274604488164186 ], [ 6535554.429180406033993, 8758660.189902473241091 ], [ 6535545.93189502786845, 8758662.464739268645644 ], [ 6535540.200439058244228, 8758668.007316589355469 ], [ 6535536.284018915146589, 8758676.132398894056678 ], [ 6535531.92523748613894, 8758691.298192415386438 ], [ 6535532.17035173997283, 8758698.295599756762385 ], [ 6535529.897757809609175, 8758731.701355507597327 ], [ 6535526.753755064681172, 8758753.295298401266336 ], [ 6535521.198353425599635, 8758768.619176402688026 ], [ 6535511.328773389570415, 8758781.989361563697457 ], [ 6535503.399090555496514, 8758789.708064664155245 ], [ 6535490.127948719076812, 8758800.979615431278944 ], [ 6535482.201328809373081, 8758812.812250187620521 ], [ 6535479.227256060577929, 8758823.583093112334609 ], [ 6535480.595623336732388, 8758841.446079827845097 ], [ 6535487.322187243960798, 8758851.835098648443818 ], [ 6535496.342601759359241, 8758864.271581325680017 ], [ 6535501.166351975873113, 8758878.976972922682762 ], [ 6535509.884517030790448, 8758930.072627104818821 ], [ 6535510.094082375988364, 8758934.393526962026954 ], [ 6535507.065856052562594, 8758960.415236279368401 ], [ 6535507.794841626659036, 8758975.322061402723193 ], [ 6535501.185552582144737, 8759012.245322624221444 ], [ 6535497.721486163325608, 8759027.358110068365932 ], [ 6535504.867109569720924, 8759046.388976750895381 ], [ 6535509.805720638483763, 8759063.356948867440224 ], [ 6535514.842611669562757, 8759080.320365751162171 ], [ 6535521.86081522051245, 8759094.912576861679554 ], [ 6535526.68815749976784, 8759107.555101826786995 ], [ 6535542.439755812287331, 8759130.483123263344169 ], [ 6535556.193882334977388, 8759155.669161688536406 ], [ 6535571.92985522095114, 8759178.495380342006683 ], [ 6535578.95896833203733, 8759193.087129395455122 ], [ 6535581.790358664467931, 8759210.164329318329692 ], [ 6535588.73058536555618, 8759224.965348925441504 ], [ 6535589.574906647205353, 8759242.146147511899471 ], [ 6535584.008238261565566, 8759257.470472937449813 ], [ 6535582.436009512282908, 8759268.267435412853956 ], [ 6535579.607052059844136, 8759298.394019724801183 ], [ 6535570.06770957633853, 8759318.244659310206771 ], [ 6535560.418127507902682, 8759335.93508068472147 ], [ 6535550.6635378357023, 8759351.579007370397449 ], [ 6535547.203960433602333, 8759366.794130209833384 ], [ 6535539.436915549449623, 8759379.963986057788134 ], [ 6535527.272999123670161, 8759391.286453550681472 ], [ 6535517.516825707629323, 8759404.753695417195559 ], [ 6535507.658169946633279, 8759418.134507270529866 ], [ 6535500.203229319304228, 8759429.523404000326991 ], [ 6535494.592069545760751, 8759439.595958271995187 ], [ 6535494.162548047490418, 8759449.302789518609643 ], [ 6535494.945019212551415, 8759465.141624663025141 ], [ 6535500.840049035847187, 8759483.398664634674788 ], [ 6535508.938334229402244, 8759491.251198211684823 ], [ 6535523.939224754460156, 8759496.891757098957896 ], [ 6535538.736858446151018, 8759500.490396343171597 ], [ 6535551.647169230505824, 8759508.507205430418253 ], [ 6535556.573652701452374, 8759523.310519704595208 ], [ 6535555.431155094876885, 8759542.748766854405403 ], [ 6535551.873158426955342, 8759557.968425862491131 ], [ 6535544.517177237197757, 8759577.706263348460197 ], [ 6535540.540749963372946, 8759584.29546613804996 ], [ 6535531.099370600655675, 8759604.141404798254371 ], [ 6535519.254913895390928, 8759621.944868430495262 ], [ 6535509.499526208266616, 8759637.577283225953579 ], [ 6535501.638679524883628, 8759650.853941116482019 ], [ 6535489.67111062258482, 8759662.167140521109104 ], [ 6535475.304211435839534, 8759669.374951766803861 ], [ 6535460.82712521776557, 8759674.422554878517985 ], [ 6535446.663976173847914, 8759683.683627488091588 ], [ 6535438.084804164245725, 8759696.571873422712088 ], [ 6535434.221671216189861, 8759705.628767360001802 ], [ 6535432.957189060747623, 8759714.553750440478325 ], [ 6535432.296095179393888, 8759721.604545814916492 ], [ 6535432.852805541828275, 8759733.009244730696082 ], [ 6535435.561448938213289, 8759759.573833700269461 ], [ 6535442.491004502400756, 8759774.386815540492535 ], [ 6535447.329956160858274, 8759789.194182276725769 ], [ 6535450.269616948440671, 8759806.254929823800921 ], [ 6535446.799279084429145, 8759821.481803890317678 ], [ 6535439.052181215956807, 8759834.855648174881935 ], [ 6535426.887869203463197, 8759846.177834263071418 ], [ 6535415.024062981829047, 8759859.753938358277082 ], [ 6535386.604280651547015, 8759880.536594640463591 ], [ 6535368.348000340163708, 8759894.329267449676991 ], [ 6535348.215175336226821, 8759912.539505613967776 ], [ 6535334.376463064923882, 8759930.537661576643586 ], [ 6535322.523468423634768, 8759944.11314613185823 ], [ 6535310.45825816411525, 8759957.595886478200555 ], [ 6535300.394405232742429, 8759966.75781174749136 ], [ 6535280.79557759873569, 8759979.678081849589944 ], [ 6535264.709297267720103, 8759982.338408814743161 ], [ 6535249.172175928018987, 8759982.181188305839896 ], [ 6535233.986911911517382, 8759980.868026543408632 ], [ 6535219.189176634885371, 8759977.269045744091272 ], [ 6535204.084320779889822, 8759969.365133006125689 ], [ 6535191.064858827739954, 8759961.353151822462678 ], [ 6535179.947567063383758, 8759946.859718468040228 ], [ 6535166.455857472494245, 8759933.091763598844409 ], [ 6535156.626335334032774, 8759924.715389247983694 ], [ 6535149.529649008996785, 8759918.890434252098203 ], [ 6535130.516235966235399, 8759917.150741793215275 ], [ 6535116.834328735247254, 8759917.83059236779809 ], [ 6535107.521490625105798, 8759921.897695096209645 ], [ 6535097.585422964766622, 8759927.646129045635462 ], [ 6535078.706164271570742, 8759928.589683912694454 ], [ 6535067.569186558015645, 8759928.205654185265303 ], [ 6535058.007474503479898, 8759925.184463284909725 ], [ 6535049.01003204099834, 8759919.436226390302181 ], [ 6535042.672478465363383, 8759912.744166990742087 ], [ 6535036.249811676330864, 8759904.198482798412442 ], [ 6535021.884732383303344, 8759889.046540498733521 ], [ 6535009.242007256485522, 8759876.367501689121127 ], [ 6535002.744150254875422, 8759866.184272866696119 ], [ 6535001.417086763307452, 8759855.635988790541887 ], [ 6535001.708051172085106, 8759843.143731791526079 ], [ 6535006.215227134525776, 8759828.803579263389111 ], [ 6535014.289522173814476, 8759817.785273004323244 ], [ 6535022.220767229795456, 8759803.890364676713943 ], [ 6535029.983621211722493, 8759790.618644528090954 ], [ 6535039.93687098659575, 8759777.142800249159336 ], [ 6535047.601409866474569, 8759763.875616723671556 ], [ 6535053.256069055758417, 8759748.547731893137097 ], [ 6535050.316051967442036, 8759731.47583663649857 ], [ 6535045.275032166391611, 8759714.410185044631362 ], [ 6535039.865818778984249, 8759700.051102550700307 ], [ 6535031.487775042653084, 8759686.342499354854226 ], [ 6535022.735968769527972, 8759681.414871025830507 ], [ 6535015.000171485356987, 8759680.975803727284074 ], [ 6535003.948922579176724, 8759682.456853648647666 ], [ 6534996.205663158558309, 8759683.761737555265427 ], [ 6534973.099286941811442, 8759696.559633303433657 ], [ 6534961.241660601459444, 8759710.032579077407718 ], [ 6534955.949800334870815, 8759718.961759399622679 ], [ 6534953.380030462518334, 8759723.297459715977311 ], [ 6534943.623890802264214, 8759736.775516714900732 ], [ 6534931.463270950131118, 8759746.034508859738708 ], [ 6534917.195423804223537, 8759755.402571957558393 ], [ 6534908.903709805570543, 8759757.872446846216917 ], [ 6534892.014483535662293, 8759754.484424101188779 ], [ 6534879.314602647908032, 8759752.953486414626241 ], [ 6534864.516978402622044, 8759749.354536050930619 ], [ 6534849.522780361585319, 8759745.764696402475238 ], [ 6534834.521036020480096, 8759737.958660233765841 ], [ 6534823.392925431020558, 8759723.465907365083694 ], [ 6534818.355788963846862, 8759704.337507586926222 ], [ 6534817.319512162357569, 8759683.200271705165505 ], [ 6534816.983830625191331, 8759676.366801278665662 ], [ 6534812.046818391419947, 8759661.564272776246071 ], [ 6534807.218079477548599, 8759644.59147846326232 ], [ 6534798.187178583815694, 8759632.15539712831378 ], [ 6534787.169199392199516, 8759619.82283853366971 ], [ 6534773.951425313949585, 8759607.489704713225365 ], [ 6534760.947716637514532, 8759599.579712934792042 ], [ 6534759.382193293422461, 8759598.615250954404473 ], [ 6534750.24597885645926, 8759592.941925428807735 ], [ 6534748.037599746137857, 8759591.562821170315146 ], [ 6534741.627158230170608, 8759589.717553719878197 ], [ 6534714.144470699131489, 8759582.524389689788222 ], [ 6534684.341462065465748, 8759573.182378383353353 ], [ 6534675.523414851166308, 8759575.15242238715291 ], [ 6534659.370944150723517, 8759578.75021887011826 ], [ 6534642.703010370023549, 8759581.847683917731047 ], [ 6534626.018528022803366, 8759582.678104819729924 ], [ 6534611.220985280349851, 8759579.079180222004652 ], [ 6534598.426664204336703, 8759575.489955937489867 ], [ 6534572.816264153458178, 8759565.930758357048035 ], [ 6534534.747180342674255, 8759559.376422135159373 ], [ 6534517.85429278947413, 8759558.051239099353552 ], [ 6534484.386542248539627, 8759559.705166731029749 ], [ 6534467.60286632552743, 8759558.374901004135609 ], [ 6534440.429710501804948, 8759559.828179311007261 ], [ 6534414.615261407569051, 8759546.061925683170557 ], [ 6534403.702315063215792, 8759535.775859275832772 ], [ 6534390.68778290040791, 8759527.866386745125055 ], [ 6534377.475371356122196, 8759515.647053692489862 ], [ 6534368.537276022136211, 8759500.939033828675747 ], [ 6534359.51742884889245, 8759488.502588111907244 ], [ 6534357.265626681037247, 8759474.259570965543389 ], [ 6534356.478403821587563, 8759469.270484758540988 ], [ 6534353.113286052830517, 8759441.506602300330997 ], [ 6534349.539725869894028, 8759411.587173195555806 ], [ 6534338.300694918259978, 8759392.76938770711422 ], [ 6534329.275211691856384, 8759378.06546918861568 ], [ 6534320.255351735278964, 8759365.62907201051712 ], [ 6534307.240450272336602, 8759355.565879235044122 ], [ 6534294.232176136225462, 8759347.553635902702808 ], [ 6534292.233671056106687, 8759347.646278958767653 ], [ 6534274.688554879277945, 8759345.223181797191501 ], [ 6534266.231340393424034, 8759346.469908332452178 ], [ 6534258.682472858577967, 8759349.623211743310094 ], [ 6534251.897325147874653, 8759354.393504004925489 ], [ 6534247.690562451258302, 8759356.446025896817446 ], [ 6534246.031778510659933, 8759357.263646321371198 ], [ 6534231.031714558601379, 8759365.936032108962536 ], [ 6534219.042765713296831, 8759366.537345319986343 ], [ 6534205.189356682822108, 8759363.715170364826918 ], [ 6534198.237191449850798, 8759356.744112307205796 ], [ 6534185.221805853769183, 8759346.669554848223925 ], [ 6534172.103437930345535, 8759336.497214108705521 ], [ 6534159.10459747351706, 8759328.689661085605621 ], [ 6534142.321043163537979, 8759327.35940776206553 ], [ 6534125.637607839889824, 8759330.354899823665619 ], [ 6534116.994306619279087, 8759337.798115907236934 ], [ 6534110.569963943213224, 8759347.805082064121962 ], [ 6534107.821871843189001, 8759361.128748560324311 ], [ 6534107.525600790046155, 8759373.506879752501845 ], [ 6534094.909731714986265, 8759390.011489126831293 ], [ 6534078.556076731532812, 8759399.475808952003717 ], [ 6534055.373945924453437, 8759398.46482820622623 ], [ 6534038.584145182743669, 8759397.237340150400996 ], [ 6534023.681317655369639, 8759391.580621164292097 ], [ 6534008.786141245625913, 8759387.997568299993873 ], [ 6533988.836185083724558, 8759387.543292790651321 ], [ 6533977.820332593284547, 8759391.700456071645021 ], [ 6533970.523005021736026, 8759400.095412706956267 ], [ 6533963.130181728862226, 8759406.648686114698648 ], [ 6533951.619598107412457, 8759418.862718956544995 ], [ 6533937.462756134569645, 8759432.555458737537265 ], [ 6533925.191998522728682, 8759439.653841085731983 ], [ 6533910.824065847322345, 8759444.695616949349642 ], [ 6533894.140544584020972, 8759447.690907653421164 ], [ 6533887.851192431524396, 8759448.005153043195605 ], [ 6533860.468855754472315, 8759445.137439602985978 ], [ 6533847.244304249063134, 8759430.742200706154108 ], [ 6533829.507835482247174, 8759410.083333296701312 ], [ 6533822.793351579457521, 8759399.705380525439978 ], [ 6533813.970425306819379, 8759388.217201946303248 ], [ 6533811.665081184357405, 8759385.201631095260382 ], [ 6533798.437255267053843, 8759372.88058546744287 ], [ 6533785.43380634766072, 8759364.970649633556604 ], [ 6533772.523950504139066, 8759356.953819274902344 ], [ 6533755.729487091302872, 8759355.623899646103382 ], [ 6533740.830234684981406, 8759358.388335030525923 ], [ 6533739.061106374487281, 8759358.709624009206891 ], [ 6533734.868564528413117, 8759358.926697144284844 ], [ 6533715.603838497772813, 8759360.286634773015976 ], [ 6533699.151855135336518, 8759357.596141578629613 ], [ 6533691.282575345598161, 8759354.485142674297094 ], [ 6533679.006270991638303, 8759347.156876791268587 ], [ 6533668.877186944708228, 8759336.538354959338903 ], [ 6533667.71982254087925, 8759334.928232777863741 ], [ 6533659.841947759501636, 8759324.000277955085039 ], [ 6533648.823824829421937, 8759311.656652394682169 ], [ 6533635.611671975813806, 8759299.437494575977325 ], [ 6533620.795545851811767, 8759295.42909350246191 ], [ 6533617.905234679579735, 8759295.882102880626917 ], [ 6533612.240043010562658, 8759296.680211842060089 ], [ 6533605.624223663471639, 8759300.610562346875668 ], [ 6533597.44685179181397, 8759311.530361028388143 ], [ 6533594.617200649343431, 8759323.319115310907364 ], [ 6533592.11816544085741, 8759343.74175850301981 ], [ 6533591.595141546800733, 8759360.243937412276864 ], [ 6533591.447700258344412, 8759364.900147426873446 ], [ 6533588.815578136593103, 8759382.662393756210804 ], [ 6533578.605142090469599, 8759405.322584073990583 ], [ 6533571.865531983785331, 8759418.956222496926785 ], [ 6533560.017013695091009, 8759432.632834820076823 ], [ 6533545.744367245584726, 8759441.897724578157067 ], [ 6533533.693680035881698, 8759453.315964486449957 ], [ 6533519.425707539543509, 8759462.68316613137722 ], [ 6533504.948500599712133, 8759467.729757685214281 ], [ 6533488.165789008140564, 8759468.564258908852935 ], [ 6533454.493609267286956, 8759465.999065589159727 ], [ 6533414.840102440677583, 8759468.075403537601233 ], [ 6533387.759753388352692, 8759467.255960240960121 ], [ 6533369.002865840680897, 8759470.859786916524172 ], [ 6533353.885105406865478, 8759476.972943948581815 ], [ 6533345.73016650415957, 8759486.239147279411554 ], [ 6533330.292755100876093, 8759500.412252474576235 ], [ 6533326.841488361358643, 8759515.830586671829224 ], [ 6533328.743523710407317, 8759558.714593386277556 ], [ 6533321.729041137732565, 8759589.260139847174287 ], [ 6533314.084293217398226, 8759602.730352317914367 ], [ 6533302.116914046928287, 8759616.207047423347831 ], [ 6533290.860030681826174, 8759623.463117517530918 ], [ 6533275.761770814657211, 8759632.150589456781745 ], [ 6533263.060011673718691, 8759634.630519101396203 ], [ 6533241.239591231569648, 8759628.712754456326365 ], [ 6533220.406928428448737, 8759620.47016553580761 ], [ 6533207.402773431502283, 8759610.394999131560326 ], [ 6533194.738973604515195, 8759605.591519443318248 ], [ 6533192.500055079348385, 8759604.738005049526691 ], [ 6533177.604920143261552, 8759601.154613586142659 ], [ 6533163.127583617344499, 8759606.20093479193747 ], [ 6533148.764975102618337, 8759613.509603081271052 ], [ 6533136.599293442443013, 8759622.665113488212228 ], [ 6533122.335782043635845, 8759632.13427697122097 ], [ 6533107.962933333590627, 8759637.07315182313323 ], [ 6533093.699403214268386, 8759646.542286735028028 ], [ 6533081.440090713091195, 8759655.804637709632516 ], [ 6533060.576664054766297, 8759665.499609619379044 ], [ 6533048.008376927115023, 8759670.65114177018404 ], [ 6533030.970700366422534, 8759682.630290945991874 ], [ 6533007.91763583291322, 8759698.511663502082229 ], [ 6532993.758546518161893, 8759707.873295716941357 ], [ 6532979.490237126126885, 8759717.23996964469552 ], [ 6532967.235538646578789, 8759726.604551818221807 ], [ 6532957.375658340752125, 8759739.983313377946615 ], [ 6532953.729743954725564, 8759744.960924552753568 ], [ 6532947.519935760647058, 8759753.453031286597252 ], [ 6532939.765711647458375, 8759766.927990641444921 ], [ 6532934.110107867047191, 8759782.254357738420367 ], [ 6532930.752581916749477, 8759797.576872747391462 ], [ 6532928.190461488440633, 8759831.197487611323595 ], [ 6532928.160476024262607, 8759848.918463973328471 ], [ 6532928.253548757173121, 8759869.323017217218876 ], [ 6532932.294122171588242, 8759884.166263401508331 ], [ 6532939.289533399045467, 8759894.234853373840451 ], [ 6532946.645702353678644, 8759915.511056430637836 ], [ 6532955.571326581761241, 8759928.054225631058216 ], [ 6532960.496485287323594, 8759942.856539141386747 ], [ 6532969.532107044011354, 8759957.559725014492869 ], [ 6532970.374112107791007, 8759974.727569514885545 ], [ 6532969.125272309407592, 8759994.271256990730762 ], [ 6532963.572489323094487, 8760009.695385780185461 ], [ 6532960.017717630602419, 8760025.015619050711393 ], [ 6532952.35688971914351, 8760038.383617861196399 ], [ 6532948.797921545803547, 8760053.612870944663882 ], [ 6532946.866920672357082, 8760057.565243471413851 ], [ 6532941.152937570586801, 8760069.236375199630857 ], [ 6532933.503765966743231, 8760084.768900210037827 ], [ 6532932.254816823638976, 8760104.31255372799933 ], [ 6532927.224788021296263, 8760130.423942897468805 ], [ 6532923.768726103007793, 8760145.750957027077675 ], [ 6532925.363530008122325, 8760180.295828402042389 ], [ 6532930.41022861842066, 8760199.422727514058352 ], [ 6532933.353597866371274, 8760216.595842542126775 ], [ 6532934.200108706951141, 8760233.866010535508394 ], [ 6532939.137569049373269, 8760252.997978694736958 ], [ 6532942.080389932729304, 8760270.159732777625322 ], [ 6532947.025698132812977, 8760285.166274480521679 ], [ 6532949.092141891829669, 8760325.466726418584585 ], [ 6532945.34971090964973, 8760338.846996549516916 ], [ 6532941.211676548235118, 8760358.638291731476784 ], [ 6532930.075114170089364, 8760372.588642781600356 ], [ 6532918.01256597135216, 8760384.006511766463518 ], [ 6532905.953948656097054, 8760393.361651293933392 ], [ 6532891.586788923479617, 8760402.732446298003197 ], [ 6532877.218873977661133, 8760409.938172988593578 ], [ 6532862.850951230153441, 8760417.143886504694819 ], [ 6532848.695954797789454, 8760426.607375042513013 ], [ 6532840.947632987983525, 8760442.132901770994067 ], [ 6532833.787145270034671, 8760459.500025693327188 ], [ 6532826.916298360563815, 8760476.739784311503172 ], [ 6532820.089119218289852, 8760488.72433845512569 ], [ 6532810.237423883751035, 8760502.296014435589314 ], [ 6532798.076233839616179, 8760511.564608382061124 ], [ 6532785.919203301891685, 8760520.924158353358507 ], [ 6532771.649475928395987, 8760528.1252057030797 ], [ 6532754.969915993511677, 8760531.221533447504044 ], [ 6532729.694966079667211, 8760530.408168029040098 ], [ 6532718.996798542328179, 8760524.55604711920023 ], [ 6532705.818142564035952, 8760515.206437833607197 ], [ 6532698.550479901954532, 8760505.879626298323274 ], [ 6532685.107320338487625, 8760493.146520845592022 ], [ 6532670.518188470043242, 8760477.378370188176632 ], [ 6532657.899699505418539, 8760468.549831533804536 ], [ 6532653.195982003584504, 8760465.257766550406814 ], [ 6532638.206335774622858, 8760459.615613367408514 ], [ 6532621.624577975831926, 8760462.695990020409226 ], [ 6532609.463368496857584, 8760471.964476110413671 ], [ 6532604.864703414030373, 8760479.800539467483759 ], [ 6532601.605491816066206, 8760485.341195940971375 ], [ 6532598.356736696325243, 8760502.812007835134864 ], [ 6532594.277866585180163, 8760513.632311701774597 ], [ 6532593.912563245743513, 8760522.617131866514683 ], [ 6532588.318002667278051, 8760530.93226382881403 ], [ 6532579.930564981885254, 8760537.53059440292418 ], [ 6532573.314205280505121, 8760541.460307650268078 ], [ 6532564.86128425039351, 8760542.808535760268569 ], [ 6532555.285850450396538, 8760541.633407620713115 ], [ 6532551.66913694050163, 8760539.134278029203415 ], [ 6532542.784291999414563, 8760531.534579753875732 ], [ 6532534.701385429129004, 8760524.00034130550921 ], [ 6532523.131345553323627, 8760514.883982989937067 ], [ 6532507.704076875001192, 8760500.408082239329815 ], [ 6532506.137008910998702, 8760498.930852185934782 ], [ 6532488.26038249861449, 8760485.69638048671186 ], [ 6532479.306926067918539, 8760472.53910637460649 ], [ 6532474.464889619499445, 8760457.630519626662135 ], [ 6532465.441279530525208, 8760445.091834193095565 ], [ 6532460.505636412650347, 8760430.290143268182874 ], [ 6532451.481308624148369, 8760415.586450917646289 ], [ 6532442.446776518598199, 8760403.048289466649294 ], [ 6532431.429807426407933, 8760390.715798065066338 ], [ 6532422.40619841683656, 8760378.177143877372146 ], [ 6532411.389232836663723, 8760365.844665579497814 ], [ 6532398.479660662822425, 8760357.827294075861573 ], [ 6532385.574782120063901, 8760349.912263574078679 ], [ 6532372.457716008648276, 8760341.904497982934117 ], [ 6532365.616658121347427, 8760339.258294064551592 ], [ 6532357.659518038854003, 8760336.139555038884282 ], [ 6532345.980858759023249, 8760333.010665398091078 ], [ 6532310.923543443903327, 8760334.860400963574648 ], [ 6532301.670479908585548, 8760338.091621009632945 ], [ 6532278.664671403355896, 8760342.847856046631932 ], [ 6532266.928216636180878, 8760350.637967150658369 ], [ 6532242.362275832332671, 8760361.950044063851237 ], [ 6532237.05635357555002, 8760364.383314205333591 ], [ 6532222.802241502329707, 8760371.685921238735318 ], [ 6532208.328994038514793, 8760376.833619229495525 ], [ 6532193.851573310792446, 8760381.890339724719524 ], [ 6532187.924098999239504, 8760383.417963597923517 ], [ 6532167.958545772358775, 8760388.842475591227412 ], [ 6532148.022866218350828, 8760390.858517844229937 ], [ 6532129.355699189007282, 8760394.046518117189407 ], [ 6532114.882425578311086, 8760399.194150203838944 ], [ 6532098.213821105659008, 8760402.28968396410346 ], [ 6532086.799425438977778, 8760406.361434021964669 ], [ 6532063.732754303142428, 8760411.940680952742696 ], [ 6532041.57829116191715, 8760411.392872601747513 ], [ 6532035.688531946390867, 8760409.921872014179826 ], [ 6532020.802681816741824, 8760406.542404675856233 ], [ 6531993.666521150618792, 8760398.305586451664567 ], [ 6531980.575226292945445, 8760392.769261054694653 ], [ 6531976.794851306825876, 8760385.024714626371861 ], [ 6531973.758080082945526, 8760376.311403809115291 ], [ 6531972.191568803042173, 8760368.396098721772432 ], [ 6531971.494416977278888, 8760364.88455880433321 ], [ 6531967.281035389751196, 8760340.045052070170641 ], [ 6531965.25870318710804, 8760296.861130818724632 ], [ 6531958.233115659095347, 8760282.065188869833946 ], [ 6531953.292935512028635, 8760267.161399247124791 ], [ 6531940.174588322639465, 8760254.823692109435797 ], [ 6531927.269830947741866, 8760246.908685196191072 ], [ 6531912.264756983146071, 8760241.164680143818259 ], [ 6531895.375723694451153, 8760237.775375990197062 ], [ 6531878.482700791209936, 8760236.448705814778805 ], [ 6531861.704968497157097, 8760239.549258500337601 ], [ 6531847.340967488475144, 8760244.69176759198308 ], [ 6531835.183885676786304, 8760254.050801211968064 ], [ 6531818.587526719085872, 8760268.993458572775126 ], [ 6531808.543794145807624, 8760276.705035032704473 ], [ 6531802.027706369757652, 8760279.239769661799073 ], [ 6531795.178272364661098, 8760281.903866169974208 ], [ 6531784.129958405159414, 8760285.126784615218639 ], [ 6531770.650528981350362, 8760290.228313356637955 ], [ 6531762.096911211498082, 8760293.438396172598004 ], [ 6531743.001163967885077, 8760302.32061125151813 ], [ 6531718.258735440671444, 8760312.409699480980635 ], [ 6531703.890660285018384, 8760319.614711571484804 ], [ 6531689.428298844955862, 8760324.761632926762104 ], [ 6531676.050889614969492, 8760331.613150544464588 ], [ 6531675.163187466561794, 8760332.064409686252475 ], [ 6531660.701487884856761, 8760339.376263795420527 ], [ 6531657.710292647592723, 8760341.690967610105872 ], [ 6531648.53388951998204, 8760348.747005134820938 ], [ 6531638.010884013026953, 8760360.810586711391807 ], [ 6531615.281547139398754, 8760379.249856250360608 ], [ 6531597.378847472369671, 8760398.172367550432682 ], [ 6531590.45013892184943, 8760406.035993928089738 ], [ 6531580.500270901247859, 8760419.622677125036716 ], [ 6531570.65439158398658, 8760433.090592527762055 ], [ 6531564.050858528353274, 8760443.514346167445183 ], [ 6531556.094972115010023, 8760459.059831818565726 ], [ 6531550.267939088866115, 8760479.03054166212678 ], [ 6531548.343170879408717, 8760495.311282400041819 ], [ 6531547.52669638954103, 8760521.214808110147715 ], [ 6531543.959887585602701, 8760534.380965976044536 ], [ 6531540.507095013745129, 8760549.797981359064579 ], [ 6531534.855482884682715, 8760565.236883174628019 ], [ 6531527.307731553912163, 8760580.854592636227608 ], [ 6531523.752442237921059, 8760596.185170443728566 ], [ 6531516.11157616879791, 8760611.921111572533846 ], [ 6531512.654030346311629, 8760627.235763363540173 ], [ 6531504.909518253058195, 8760640.708952566608787 ], [ 6531495.688204638659954, 8760667.342781586572528 ], [ 6531479.860188640654087, 8760687.604755392298102 ], [ 6531467.482895379886031, 8760690.489988895133138 ], [ 6531450.605936365202069, 8760691.429633492603898 ], [ 6531431.938520954921842, 8760694.616996318101883 ], [ 6531406.653132913634181, 8760693.814498413354158 ], [ 6531387.678666247054935, 8760692.686099158599973 ], [ 6531370.998288211412728, 8760693.616617249324918 ], [ 6531337.654382021166384, 8760699.9093166757375 ], [ 6531323.29002670571208, 8760705.051280453801155 ], [ 6531308.926285811699927, 8760712.358160817995667 ], [ 6531304.832475638017058, 8760714.735116846859455 ], [ 6531282.295661981217563, 8760726.874968949705362 ], [ 6531255.665008281357586, 8760741.391729541122913 ], [ 6531237.419686338864267, 8760753.321778820827603 ], [ 6531220.844503469765186, 8760758.463277036324143 ], [ 6531206.595210794359446, 8760768.032267866656184 ], [ 6531194.646824441850185, 8760781.722253296524286 ], [ 6531182.489187436178327, 8760791.080606805160642 ], [ 6531170.331540556624532, 8760800.438947934657335 ], [ 6531158.480882722884417, 8760814.112976513803005 ], [ 6531146.324333138763905, 8760825.647576013579965 ], [ 6531132.994226293638349, 8760843.822368061169982 ], [ 6531118.165651545859873, 8760857.952991578727961 ], [ 6531104.919460462406278, 8760867.680598549544811 ], [ 6531091.535349767655134, 8760874.634328143671155 ], [ 6531073.246312323026359, 8760875.331268511712551 ], [ 6531050.068109690211713, 8760874.41960783675313 ], [ 6531035.182236731052399, 8760871.03961656242609 ], [ 6530991.233865927904844, 8760873.525998331606388 ], [ 6530974.34003371745348, 8760870.03366782143712 ], [ 6530965.074494960717857, 8760866.78138954564929 ], [ 6530955.232631021179259, 8760860.262772507965565 ], [ 6530947.156348893418908, 8760852.625696778297424 ], [ 6530945.860306876711547, 8760851.090369829908013 ], [ 6530937.157270317897201, 8760840.759008046239614 ], [ 6530927.96116497553885, 8760828.741281732916832 ], [ 6530919.465194539166987, 8760821.021059323102236 ], [ 6530906.457678365521133, 8760813.00793925486505 ], [ 6530893.443343014456332, 8760802.932765029370785 ], [ 6530880.435834597796202, 8760794.919652139768004 ], [ 6530867.433534033596516, 8760787.020245032384992 ], [ 6530852.537821745499969, 8760783.424216374754906 ], [ 6530818.859083876945078, 8760780.96947387047112 ], [ 6530801.975193663500249, 8760777.693179426714778 ], [ 6530775.984397226944566, 8760770.325501957908273 ], [ 6530757.790997436270118, 8760766.893210092559457 ], [ 6530723.296080595813692, 8760755.930432116612792 ], [ 6530708.302046447992325, 8760750.185413585975766 ], [ 6530693.305941270664334, 8760744.634193260222673 ], [ 6530663.618603673763573, 8760737.562618337571621 ], [ 6530646.730119846761227, 8760736.337472297251225 ], [ 6530642.536875531077385, 8760736.54259049706161 ], [ 6530621.76677518710494, 8760739.940502222627401 ], [ 6530607.402873884886503, 8760747.246905630454421 ], [ 6530589.377470824867487, 8760765.660869888961315 ], [ 6530581.363509668968618, 8760773.73355638794601 ], [ 6530573.349542269483209, 8760781.806236371397972 ], [ 6530559.402306279167533, 8760795.588018100708723 ], [ 6530547.457809682004154, 8760809.368419399484992 ], [ 6530539.603577736765146, 8760822.8459218069911 ], [ 6530530.598897536285222, 8760833.186189448460937 ], [ 6530514.242217640392482, 8760850.998788956552744 ], [ 6530499.692206533625722, 8760868.830455951392651 ], [ 6530488.453377913683653, 8760884.640517296269536 ], [ 6530476.303928615525365, 8760902.554960146546364 ], [ 6530464.354074187576771, 8760914.06805395334959 ], [ 6530452.404753775335848, 8760927.745992878451943 ], [ 6530440.460073512047529, 8760939.37275867536664 ], [ 6530429.676675038412213, 8760950.307805659249425 ], [ 6530426.35350663587451, 8760953.982067238539457 ], [ 6530419.120017206296325, 8760961.653950657695532 ], [ 6530412.527751137502491, 8760968.270744439214468 ], [ 6530396.011111767031252, 8760976.610616413876414 ], [ 6530379.342040399089456, 8760979.704832162708044 ], [ 6530360.674896182492375, 8760985.056187260895967 ], [ 6530346.299315137788653, 8760990.197943432256579 ], [ 6530333.93793860822916, 8760995.349218504503369 ], [ 6530304.781587863340974, 8760999.16816689632833 ], [ 6530281.921139838173985, 8761004.724490243941545 ], [ 6530248.462275361642241, 8761006.599980041384697 ], [ 6530223.400375127792358, 8761010.206981182098389 ], [ 6530206.943982339464128, 8761015.558667343109846 ], [ 6530192.579806231893599, 8761022.864653132855892 ], [ 6530180.520030397921801, 8761032.217687964439392 ], [ 6530170.573787424713373, 8761045.905387243255973 ], [ 6530148.869868226349354, 8761073.159291235730052 ], [ 6530135.256047435104847, 8761095.67571490444243 ], [ 6530136.214975159615278, 8761115.206308959051967 ], [ 6530135.066579453647137, 8761134.84559128805995 ], [ 6530135.911076329648495, 8761152.11406496539712 ], [ 6530135.10230817925185, 8761163.146599754691124 ], [ 6530132.071070494130254, 8761204.555551055818796 ], [ 6530132.915520461276174, 8761221.824024425819516 ], [ 6530135.861034331843257, 8761239.086653720587492 ], [ 6530137.664793905802071, 8761275.8970992192626 ], [ 6530145.336027740500867, 8761303.640531439334154 ], [ 6530152.907908022403717, 8761331.605048660188913 ], [ 6530162.040148169733584, 8761346.303308567032218 ], [ 6530166.979061873629689, 8761361.20654084160924 ], [ 6530171.918462355621159, 8761378.274614056572318 ], [ 6530178.954291412606835, 8761393.081060506403446 ], [ 6530183.886949745938182, 8761408.087142070755363 ], [ 6530186.8386220773682, 8761425.246984023600817 ], [ 6530193.671123462729156, 8761438.000518083572388 ], [ 6530203.503290765918791, 8761457.474786881357431 ], [ 6530207.52331779524684, 8761465.447336044162512 ], [ 6530223.800531178712845, 8761497.100573042407632 ], [ 6530231.048973293043673, 8761516.318131517618895 ], [ 6530240.066814278252423, 8761528.75434441305697 ], [ 6530248.995719778351486, 8761541.399760749191046 ], [ 6530260.125577889382839, 8761553.829653887078166 ], [ 6530273.237998569384217, 8761563.900632571429014 ], [ 6530286.147110934369266, 8761571.918679492548108 ], [ 6530301.147965491749346, 8761579.726240668445826 ], [ 6530316.251315113157034, 8761585.466750374063849 ], [ 6530339.126658511348069, 8761590.518096201121807 ], [ 6530365.696196905337274, 8761588.995450215414166 ], [ 6530367.80094067659229, 8761588.590658253058791 ], [ 6530395.855865344405174, 8761583.171010674908757 ], [ 6530420.918743399903178, 8761581.72925584204495 ], [ 6530442.000916017219424, 8761584.90354261174798 ], [ 6530455.216366396285594, 8761595.072333283722401 ], [ 6530466.243320608511567, 8761607.404487105086446 ], [ 6530477.268713894300163, 8761619.941813917830586 ], [ 6530482.207646815106273, 8761634.845224754884839 ], [ 6530489.232595532201231, 8761649.652350159361959 ], [ 6530494.171520694158971, 8761664.555771138519049 ], [ 6530499.158299339003861, 8761768.593247193843126 ], [ 6530495.814384724013507, 8761786.180597674101591 ], [ 6530492.360243155620992, 8761801.596752673387527 ], [ 6530488.911287530325353, 8761817.126604590564966 ], [ 6530481.373469830490649, 8761832.754010111093521 ], [ 6530473.513759514316916, 8761846.128831954672933 ], [ 6530465.964469378814101, 8761861.745351172983646 ], [ 6530453.806853061541915, 8761873.278956830501556 ], [ 6530439.654774373397231, 8761882.842259079217911 ], [ 6530437.557817490771413, 8761882.939032340422273 ], [ 6530408.411970067769289, 8761888.921473477035761 ], [ 6530387.844756284728646, 8761896.536142531782389 ], [ 6530370.971372169442475, 8761895.411992045119405 ], [ 6530352.189183173701167, 8761898.500569485127926 ], [ 6530337.938826298341155, 8761905.91484129242599 ], [ 6530325.983902656473219, 8761919.489902731031179 ], [ 6530320.433151037432253, 8761935.014060078188777 ], [ 6530327.889827344566584, 8761958.551901141181588 ], [ 6530336.813988235779107, 8761971.095144905149937 ], [ 6530344.851926358416677, 8761983.884380549192429 ], [ 6530345.202748345211148, 8761991.080628573894501 ], [ 6530345.369063703343272, 8761994.479776373133063 ], [ 6530344.844776007346809, 8761995.939619006589055 ], [ 6530340.603728163056076, 8762005.637949604541063 ], [ 6530330.859058002009988, 8762019.20213358476758 ], [ 6530316.494197826832533, 8762026.507666438817978 ], [ 6530302.019668877124786, 8762031.65337935462594 ], [ 6530283.461457431316376, 8762037.010286578908563 ], [ 6530249.902693478390574, 8762038.877672215923667 ], [ 6530234.43702403921634, 8762040.058378599584103 ], [ 6530215.523258773609996, 8762040.270156495273113 ], [ 6530195.797130566090345, 8762040.428252186626196 ], [ 6530175.995136044919491, 8762038.926316512748599 ], [ 6530155.155695769004524, 8762034.600955234840512 ], [ 6530136.924978537485003, 8762030.360326727852225 ], [ 6530125.465728388167918, 8762025.568021101877093 ], [ 6530119.390944387763739, 8762018.852392645552754 ], [ 6530112.444875158369541, 8762002.890892177820206 ], [ 6530106.401543034240603, 8761989.918540334329009 ], [ 6530099.904212284833193, 8761976.112592795863748 ], [ 6530092.031036101281643, 8761968.363341918215156 ], [ 6530081.082151960581541, 8761959.650783464312553 ], [ 6530070.08895271923393, 8761953.800151154398918 ], [ 6530059.758517386391759, 8761943.293007180094719 ], [ 6530050.161087370477617, 8761927.271571222692728 ], [ 6530045.030998438596725, 8761914.644514434039593 ], [ 6530036.682446917518973, 8761907.748974252492189 ], [ 6530030.406203838065267, 8761906.204119671136141 ], [ 6530023.403788400813937, 8761908.407184639945626 ], [ 6530018.462753769010305, 8761915.961433321237564 ], [ 6530015.310194176621735, 8761925.290373396128416 ], [ 6530013.148826838470995, 8761936.430789284408092 ], [ 6530011.000530626624823, 8761945.70199871994555 ], [ 6530003.373784339986742, 8761953.402925873175263 ], [ 6529987.608933743089437, 8761958.813115056604147 ], [ 6529977.7716612694785, 8761958.378219043835998 ], [ 6529967.758753836154938, 8761954.339560037478805 ], [ 6529955.735492430627346, 8761943.91052432730794 ], [ 6529947.248736176639795, 8761934.229853563010693 ], [ 6529940.226324109360576, 8761929.28984859213233 ], [ 6529936.155790347605944, 8761926.435470681637526 ], [ 6529909.63403838686645, 8761910.328928422182798 ], [ 6529900.51672235596925, 8761906.248963098973036 ], [ 6529888.080111777409911, 8761905.93398023955524 ], [ 6529872.681888840161264, 8761900.206814667209983 ], [ 6529856.879396254196763, 8761886.351700717583299 ], [ 6529833.39422227256, 8761862.687718372792006 ], [ 6529811.802659300155938, 8761839.02755462191999 ], [ 6529780.690241214819252, 8761798.624774606898427 ], [ 6529778.434485250152647, 8761764.832247484475374 ], [ 6529770.986039306968451, 8761749.851206412538886 ], [ 6529762.150547970086336, 8761734.934164294973016 ], [ 6529742.592071363702416, 8761721.993038505315781 ], [ 6529691.410323027521372, 8761699.379146344959736 ], [ 6529660.99119498860091, 8761685.640209840610623 ], [ 6529622.072840691544116, 8761663.86201236769557 ], [ 6529583.935662468895316, 8761629.48051199875772 ], [ 6529555.603137407451868, 8761602.964147577062249 ], [ 6529530.435406563803554, 8761586.066218998283148 ], [ 6529492.987363779917359, 8761565.564760440960526 ], [ 6529430.201668371446431, 8761526.840223712846637 ], [ 6529361.035119592212141, 8761492.659964522346854 ], [ 6529311.251743540167809, 8761469.981803327798843 ], [ 6529286.563762489706278, 8761462.86036073975265 ], [ 6529261.094618954695761, 8761468.342089388519526 ], [ 6529247.807638764381409, 8761473.125092089176178 ], [ 6529200.07393525633961, 8761518.770748924463987 ], [ 6529181.871238499879837, 8761533.578904373571277 ], [ 6529160.558372052386403, 8761540.201803155243397 ], [ 6529135.121975367888808, 8761544.246247258037329 ], [ 6529113.544138452038169, 8761545.309883890673518 ], [ 6529090.293511104770005, 8761540.902017330750823 ], [ 6529055.608320690691471, 8761521.697279427200556 ], [ 6529009.92487732693553, 8761498.92096771299839 ], [ 6528991.524031318724155, 8761483.044044379144907 ], [ 6528966.031400460749865, 8761459.268146628513932 ], [ 6528934.31283347401768, 8761418.996878920122981 ], [ 6528905.980792921036482, 8761392.480870693922043 ], [ 6528876.1692487122491, 8761364.483631400391459 ], [ 6528869.41962266433984, 8761357.605701100081205 ], [ 6528853.972870144993067, 8761330.449861738830805 ], [ 6528846.940111777745187, 8761327.914501015096903 ], [ 6528835.634742183610797, 8761320.016227904707193 ], [ 6528824.161469730548561, 8761310.598985468968749 ], [ 6528808.663307055830956, 8761302.916899720206857 ], [ 6528788.927771498449147, 8761292.559129061177373 ], [ 6528774.965243042446673, 8761287.586205800995231 ], [ 6528748.608434609137475, 8761283.219141088426113 ], [ 6528712.252712570130825, 8761270.802408117800951 ], [ 6528700.601899026893079, 8761255.822028687223792 ], [ 6528694.279260985553265, 8761239.12615760229528 ], [ 6528699.753300675190985, 8761211.86001481115818 ], [ 6528698.847216341644526, 8761193.467351984232664 ], [ 6528693.856512425467372, 8761175.263100082054734 ], [ 6528686.300691105425358, 8761160.082481199875474 ], [ 6528672.239915195852518, 8761155.114139825105667 ], [ 6528658.276915774680674, 8761150.129894986748695 ], [ 6528641.865095499902964, 8761152.390834335237741 ], [ 6528623.097019908949733, 8761161.767344128340483 ], [ 6528599.594471768476069, 8761187.050803299993277 ], [ 6528570.897594705224037, 8761189.912490628659725 ], [ 6528556.792778306640685, 8761182.063638746738434 ], [ 6528546.507113844156265, 8761168.455926436930895 ], [ 6528545.738235531374812, 8761152.825609089806676 ], [ 6528550.543862441554666, 8761138.476268496364355 ], [ 6528559.581637422554195, 8761126.688893467187881 ], [ 6528569.885905662551522, 8761111.960583671927452 ], [ 6528575.913720275275409, 8761096.096499286592007 ], [ 6528579.068954257294536, 8761074.611287781968713 ], [ 6528575.372164471074939, 8761056.461368028074503 ], [ 6528562.191985412500799, 8761038.669152246788144 ], [ 6528529.006323686800897, 8761035.984413295984268 ], [ 6528520.882318958640099, 8761037.828885311260819 ], [ 6528511.856247305870056, 8761045.320459118112922 ], [ 6528506.351667251437902, 8761049.881025865674019 ], [ 6528496.476576218381524, 8761073.043323682621121 ], [ 6528491.818518235348165, 8761090.382266284897923 ], [ 6528484.661831205710769, 8761111.960810305550694 ], [ 6528473.130099355243146, 8761128.09006748907268 ], [ 6528460.955630414187908, 8761133.026590626686811 ], [ 6528447.399944722652435, 8761136.477326145395637 ], [ 6528430.784488699398935, 8761134.520661231130362 ], [ 6528418.077131922356784, 8761126.59598203189671 ], [ 6528407.863208100199699, 8761114.318023292347789 ], [ 6528405.290187302045524, 8761090.340000649914145 ], [ 6528408.340983720496297, 8761068.96229818277061 ], [ 6528407.445359273813665, 8761050.557955468073487 ], [ 6528401.12329020537436, 8761033.873629605397582 ], [ 6528385.438868654891849, 8761020.435267880558968 ], [ 6528361.348769006319344, 8761015.132005833089352 ], [ 6528359.950835481286049, 8761015.196483237668872 ], [ 6528343.632695958018303, 8761017.350491372868419 ], [ 6528330.329428602010012, 8761028.001486171036959 ], [ 6528312.110998989082873, 8761048.688700282946229 ], [ 6528315.733325297012925, 8761093.957706602290273 ], [ 6528322.459367272444069, 8761147.51455139182508 ], [ 6528316.430876953527331, 8761163.367066154256463 ], [ 6528310.359118836000562, 8761180.668502798303962 ], [ 6528295.97111127153039, 8761195.607673110440373 ], [ 6528290.090450598858297, 8761200.082941586151719 ], [ 6528280.042821049690247, 8761207.73537496291101 ], [ 6528257.103230950422585, 8761215.879747470840812 ], [ 6528235.856600749306381, 8761229.699571125209332 ], [ 6528197.542776984162629, 8761261.384650908410549 ], [ 6528167.225718530826271, 8761288.439859164878726 ], [ 6528148.599699619226158, 8761300.691770637407899 ], [ 6528119.89229261316359, 8761303.56481671705842 ], [ 6528092.308123393915594, 8761300.598356196656823 ], [ 6528068.380026799626648, 8761290.456574456766248 ], [ 6528055.331565476953983, 8761275.540791928768158 ], [ 6528053.680086716078222, 8761271.971147829666734 ], [ 6528047.611832263879478, 8761258.921024329960346 ], [ 6528047.41181749291718, 8761226.266296060755849 ], [ 6528047.573235167190433, 8761200.806719165295362 ], [ 6528045.473132844083011, 8761186.696382474154234 ], [ 6528036.657299294136465, 8761174.354011304676533 ], [ 6528019.270467326045036, 8761159.102849673479795 ], [ 6528018.974047727882862, 8761158.843083446845412 ], [ 6528005.59870380256325, 8761155.700083188712597 ], [ 6527996.202808984555304, 8761153.900267697870731 ], [ 6527985.783823723904788, 8761153.902153251692653 ], [ 6527952.571218704804778, 8761179.142393881455064 ], [ 6527941.405731933191419, 8761196.587227562442422 ], [ 6527930.682147631421685, 8761222.989373926073313 ], [ 6527923.896354516036808, 8761243.83244751021266 ], [ 6527915.34120917506516, 8761265.474837489426136 ], [ 6527896.91919494792819, 8761281.955318218097091 ], [ 6527879.349892318248749, 8761287.151563957333565 ], [ 6527851.973976191133261, 8761288.504706606268883 ], [ 6527824.219892717897892, 8761284.212948737666011 ], [ 6527796.636292948387563, 8761281.257690539583564 ], [ 6527763.844267882406712, 8761284.318734720349312 ], [ 6527749.236810120753944, 8761294.938120048493147 ], [ 6527731.838638382963836, 8761305.80005331709981 ], [ 6527719.122867604717612, 8761326.209878139197826 ], [ 6527710.775688445195556, 8761352.171748567372561 ], [ 6527707.586615467444062, 8761370.775279104709625 ], [ 6527704.321198449470103, 8761387.946814382448792 ], [ 6527699.926721543073654, 8761410.832664340734482 ], [ 6527683.461507030762732, 8761438.535773975774646 ], [ 6527666.139504224061966, 8761450.829546488821507 ], [ 6527647.782556150108576, 8761468.742117622867227 ], [ 6527636.118783953599632, 8761481.994116691872478 ], [ 6527625.824724352918565, 8761496.721017703413963 ], [ 6527613.03702372405678, 8761515.80097041465342 ], [ 6527601.955374142155051, 8761543.244401924312115 ], [ 6527586.8271130528301, 8761569.552701184526086 ], [ 6527570.837130963802338, 8761594.966454884037375 ], [ 6527547.359424411319196, 8761632.812996011227369 ], [ 6527533.79925178643316, 8761677.174923783168197 ], [ 6527523.137741258367896, 8761737.569682139903307 ], [ 6527516.660159472376108, 8761787.2446523681283 ], [ 6527512.568726474419236, 8761816.302574308589101 ], [ 6527494.822534821927547, 8761846.650305120274425 ], [ 6527490.060481738299131, 8761853.580048380419612 ], [ 6527481.439029224216938, 8761873.789312615990639 ], [ 6527473.233679144643247, 8761902.637928737327456 ], [ 6527464.815555618144572, 8761927.064522689208388 ], [ 6527454.822715439833701, 8761946.003945335745811 ], [ 6527446.879757909104228, 8761953.501704435795546 ], [ 6527419.986833691596985, 8761964.731895869597793 ], [ 6527409.269920896738768, 8761970.921909134835005 ], [ 6527393.340607956983149, 8761983.048379754647613 ], [ 6527383.01773490011692, 8761994.99635617993772 ], [ 6527378.264287118799984, 8762024.904838871210814 ], [ 6527376.817973746918142, 8762050.536815235391259 ], [ 6527381.461445739492774, 8762061.635972620919347 ], [ 6527397.523830002173781, 8762080.731023918837309 ], [ 6527419.696333680301905, 8762097.972484767436981 ], [ 6527439.496911251917481, 8762109.763518989086151 ], [ 6527461.863934407010674, 8762118.553982969373465 ], [ 6527501.218434912152588, 8762135.049717141315341 ], [ 6527534.919157156720757, 8762164.600000329315662 ], [ 6527549.462963913567364, 8762179.435817237943411 ], [ 6527562.921879727393389, 8762202.87763337790966 ], [ 6527577.586344252340496, 8762222.037199936807156 ], [ 6527589.258430548943579, 8762235.581204311922193 ], [ 6527602.343577343970537, 8762249.151281472295523 ], [ 6527641.534048756584525, 8762264.20780616812408 ], [ 6527656.045466402545571, 8762280.492080869153142 ], [ 6527666.538530763238668, 8762298.419720638543367 ], [ 6527669.922034550458193, 8762312.368285482749343 ], [ 6527670.689311055466533, 8762327.986772438511252 ], [ 6527669.949385549873114, 8762339.356768053025007 ], [ 6527665.0709477532655, 8762352.375640982761979 ], [ 6527639.471619720570743, 8762391.971301138401031 ], [ 6527630.41365279071033, 8762434.052127610892057 ], [ 6527646.577931667678058, 8762473.855010015890002 ], [ 6527686.465956384316087, 8762505.160155037418008 ], [ 6527719.549245586618781, 8762520.21341222897172 ], [ 6527733.009927832521498, 8762545.614973263815045 ], [ 6527724.178005930036306, 8762572.020257255062461 ], [ 6527696.431216893717647, 8762604.616920229047537 ], [ 6527685.970825418829918, 8762638.513880915939808 ], [ 6527693.608799886889756, 8762692.232844254001975 ], [ 6527713.309757359325886, 8762722.473967460915446 ], [ 6527744.441612696275115, 8762738.654080895707011 ], [ 6527803.042900867760181, 8762736.78770649805665 ], [ 6527817.571801546029747, 8762739.058144450187683 ], [ 6527829.755113827064633, 8762752.772553203627467 ], [ 6527833.757267789915204, 8762775.248850440606475 ], [ 6527819.789121927693486, 8762798.712009927257895 ], [ 6527808.400200062431395, 8762813.693982649594545 ], [ 6527801.599857039749622, 8762826.094959586858749 ], [ 6527799.774670021608472, 8762846.07103824056685 ], [ 6527807.148222177289426, 8762855.597854293882847 ], [ 6527818.660803203471005, 8762867.805143786594272 ], [ 6527840.911741871386766, 8762872.363306980580091 ], [ 6527854.671686108224094, 8762873.131160786375403 ], [ 6527873.578956700861454, 8762866.530043557286263 ], [ 6527888.034670407883823, 8762853.036038089543581 ], [ 6527917.171189278364182, 8762830.264395821839571 ], [ 6527950.11462820135057, 8762815.850747756659985 ], [ 6527976.115870088338852, 8762813.126900942996144 ], [ 6528028.375892676413059, 8762814.76513397321105 ], [ 6528062.100356688722968, 8762828.752374012023211 ], [ 6528087.88832045160234, 8762850.145968636497855 ], [ 6528109.537715066224337, 8762873.188460292294621 ], [ 6528116.321798570454121, 8762884.907158780843019 ], [ 6528123.105881419032812, 8762896.625861808657646 ], [ 6528126.440124802291393, 8762936.131600702181458 ], [ 6528117.949107403866947, 8762959.217533744871616 ], [ 6528117.27074364759028, 8762960.422252435237169 ], [ 6528104.042094729840755, 8762984.022510915994644 ], [ 6528101.874507728032768, 8762986.651566473767161 ], [ 6528083.233351870439947, 8763009.16799333691597 ], [ 6528091.58896897919476, 8763055.585946422070265 ], [ 6528242.264092791825533, 8763099.883673451840878 ], [ 6528287.620052156038582, 8763126.278262048959732 ], [ 6528124.881045224145055, 8763494.542962100356817 ], [ 6528087.451798063702881, 8763724.3881696164608 ], [ 6528136.108783550560474, 8763779.741178598254919 ], [ 6528380.408989693038166, 8763923.640215430408716 ], [ 6528596.623491279780865, 8764077.354765867814422 ], [ 6528666.2098487932235, 8764010.999904423952103 ], [ 6528790.333938836120069, 8763977.248792607337236 ], [ 6528853.44264860264957, 8763858.382743654772639 ], [ 6528958.271732605993748, 8763455.107171170413494 ], [ 6528958.796841134317219, 8763400.15534401498735 ], [ 6528862.544806870631874, 8763313.520309910178185 ], [ 6528930.932151141576469, 8763241.361150735989213 ], [ 6528989.9457733258605, 8763191.656732134521008 ], [ 6529009.37551648914814, 8763169.877648295834661 ], [ 6529025.484866383485496, 8763139.615226155146956 ], [ 6529052.226287730038166, 8763101.776279395446181 ], [ 6529078.511955315247178, 8763064.265851566568017 ], [ 6529108.18845531065017, 8763022.634184531867504 ], [ 6529129.760820745490491, 8762989.772765032947063 ], [ 6529142.983672151342034, 8762955.507171679288149 ], [ 6529173.716645234264433, 8762929.116646319627762 ], [ 6529201.643736451864243, 8762906.956985963508487 ], [ 6529296.7731655202806, 8762817.908095585182309 ], [ 6529351.517790312878788, 8762786.457001427188516 ], [ 6529431.310266256332397, 8762726.609125846996903 ], [ 6529509.060333732515574, 8762668.301845453679562 ], [ 6529589.777908329851925, 8762613.150038016960025 ], [ 6529669.155377672985196, 8762564.850163603201509 ], [ 6529735.349347595125437, 8762516.906990151852369 ], [ 6529763.928307719528675, 8762499.45573759637773 ], [ 6529804.021247899159789, 8762484.641012661159039 ], [ 6529854.126377576030791, 8762461.149585288017988 ], [ 6529949.439086679369211, 8762433.943989560008049 ], [ 6529998.786959950812161, 8762433.411570310592651 ], [ 6530120.686892307363451, 8762441.234683601185679 ], [ 6530249.234853998757899, 8762445.081982787698507 ], [ 6530307.571385074406862, 8762445.091688277199864 ], [ 6530405.62770938500762, 8762450.39046324416995 ], [ 6530494.195336462929845, 8762461.68705078586936 ], [ 6530543.494245126843452, 8762464.392146188765764 ], [ 6530634.913239342160523, 8762459.764659106731415 ], [ 6530707.567923430353403, 8762457.187612496316433 ], [ 6530805.144541659392416, 8762457.494133291766047 ], [ 6530869.381123580038548, 8762454.165717005729675 ], [ 6530951.087433982640505, 8762450.395703556016088 ], [ 6531033.555082537233829, 8762465.6758764795959 ], [ 6531086.200868730433285, 8762484.850257458165288 ], [ 6531136.172088508494198, 8762514.949935235083103 ], [ 6531208.695550631731749, 8762559.300273796543479 ], [ 6531283.601524215191603, 8762608.360619926825166 ], [ 6531360.193998250178993, 8762649.059481184929609 ], [ 6531380.738868871703744, 8762658.184130389243364 ], [ 6531407.96971801482141, 8762678.531476462259889 ], [ 6531489.350358000956476, 8762756.212657105177641 ], [ 6531560.071866193786263, 8762815.003850400447845 ], [ 6531584.257857766933739, 8762829.316010909155011 ], [ 6531631.232274929992855, 8762843.647672453895211 ], [ 6531709.720171737484634, 8762860.672690181061625 ], [ 6531760.531813907437027, 8762879.453460002318025 ], [ 6531840.34480828884989, 8762906.307824224233627 ], [ 6531972.930499501526356, 8762928.037449175491929 ], [ 6532043.906591149047017, 8762939.71154355071485 ], [ 6532086.874659879133105, 8762945.887006687000394 ], [ 6532198.466975297778845, 8762936.953122742474079 ], [ 6532240.122340185567737, 8762944.33991526439786 ], [ 6532278.370960340835154, 8762961.717714110389352 ], [ 6532338.337087150663137, 8762992.07455176115036 ], [ 6532440.914681799709797, 8763033.488804839551449 ], [ 6532480.60322898067534, 8763037.832730557769537 ], [ 6532679.156088234856725, 8763019.835127785801888 ], [ 6532743.97310397028923, 8763038.983105693012476 ], [ 6532816.194797923788428, 8763064.717397229745984 ], [ 6532865.467802104540169, 8763071.854707043617964 ], [ 6532898.495572033338249, 8763071.275498252362013 ], [ 6533008.025549505837262, 8763063.426073728129268 ], [ 6533090.626972511410713, 8763065.787869077175856 ], [ 6533181.036103400401771, 8763065.361732631921768 ], [ 6533215.959637909196317, 8763065.310023248195648 ], [ 6533252.378942265175283, 8763062.066891293972731 ], [ 6533287.573826044797897, 8763050.00332342274487 ], [ 6533324.327388811856508, 8763036.12421465665102 ], [ 6533362.825294751673937, 8763020.420974468812346 ], [ 6533424.806758917868137, 8762985.719402918592095 ], [ 6533468.168428565375507, 8762967.477984180673957 ], [ 6533516.077718270011246, 8762947.20310708321631 ], [ 6533545.330257219262421, 8762935.402139145880938 ], [ 6533566.355858641676605, 8762922.249089689925313 ], [ 6533589.681587639264762, 8762900.283625898882747 ], [ 6533612.935559187084436, 8762880.577721823006868 ], [ 6533641.185455459170043, 8762841.371212253347039 ], [ 6533673.891385248862207, 8762817.741435064002872 ], [ 6533712.101229129359126, 8762804.124588269740343 ], [ 6533750.073314072564244, 8762789.379097711294889 ], [ 6533797.963080355897546, 8762762.232703322544694 ], [ 6533848.209007492288947, 8762728.21969473361969 ], [ 6533910.967322276905179, 8762673.936630191281438 ], [ 6533936.855176869779825, 8762656.786302795633674 ], [ 6533998.896630075760186, 8762617.692043341696262 ], [ 6534040.696063980460167, 8762600.968396170064807 ], [ 6534102.586711736395955, 8762586.791581965982914 ], [ 6534164.53537131100893, 8762569.341350805014372 ], [ 6534220.607159761711955, 8762546.886410111561418 ], [ 6534270.902890162542462, 8762535.490109410136938 ], [ 6534322.626170018687844, 8762531.366569001227617 ], [ 6534356.197581039741635, 8762532.629135193303227 ], [ 6534454.901472287252545, 8762541.033771228045225 ], [ 6534481.071181795559824, 8762537.692693281918764 ], [ 6534549.988414718769491, 8762522.563068259507418 ], [ 6534604.970310915261507, 8762507.861142391338944 ], [ 6534665.009603535756469, 8762494.372470149770379 ], [ 6534752.958213406614959, 8762505.005850270390511 ], [ 6534773.34323704149574, 8762512.769589390605688 ], [ 6534802.000212167389691, 8762539.592297445982695 ], [ 6534838.718265250325203, 8762575.375547509640455 ], [ 6534860.586183190345764, 8762590.89979050680995 ], [ 6534884.109096445143223, 8762600.26203584857285 ], [ 6534914.876738131046295, 8762607.454463366419077 ], [ 6534939.796488841995597, 8762608.125307319685817 ], [ 6534969.247687682509422, 8762600.677697392180562 ], [ 6535049.449950752779841, 8762586.517976574599743 ], [ 6535127.959777377545834, 8762572.447679109871387 ], [ 6535160.886809717863798, 8762566.571255829185247 ], [ 6535198.823702432215214, 8762558.719428081065416 ], [ 6535302.519313425756991, 8762555.666039783507586 ], [ 6535344.760903527028859, 8762530.212842438369989 ], [ 6535394.112880222499371, 8762502.527370328083634 ], [ 6535428.43205382861197, 8762480.221136646345258 ], [ 6535450.084898124448955, 8762463.34429482370615 ], [ 6535476.750096835196018, 8762438.816511061042547 ], [ 6535514.076228814199567, 8762400.92892874032259 ], [ 6535631.04908400401473, 8762276.378556188195944 ], [ 6535684.276470497250557, 8762221.753862004727125 ], [ 6535707.709343468770385, 8762179.972773777320981 ], [ 6535732.558475201949477, 8762135.425087930634618 ], [ 6535751.176483523100615, 8762079.347681740298867 ], [ 6535766.412345399148762, 8761962.410369127988815 ], [ 6535770.530914407223463, 8761901.864273136481643 ], [ 6535777.568105620332062, 8761881.571921510621905 ], [ 6535798.159097438678145, 8761853.255699452012777 ], [ 6535895.717290337197483, 8761771.561406102031469 ], [ 6535912.477672692388296, 8761751.126316528767347 ], [ 6535971.463037558831275, 8761649.336187392473221 ], [ 6536022.448693390935659, 8761567.141992406919599 ], [ 6536043.3857167577371, 8761548.290998335927725 ], [ 6536104.864841667935252, 8761506.364282539114356 ], [ 6536155.505049094557762, 8761475.572435529902577 ], [ 6536249.211130759678781, 8761426.146027898415923 ], [ 6536337.119269127957523, 8761384.178986424580216 ], [ 6536432.226429457776248, 8761341.684101812541485 ], [ 6536532.286275351420045, 8761286.206150770187378 ], [ 6536579.507254117168486, 8761256.289253069087863 ], [ 6536617.46283557638526, 8761219.564670918509364 ], [ 6536645.391919504851103, 8761197.596305696293712 ], [ 6536669.591407361440361, 8761180.689991425722837 ], [ 6536691.794621438719332, 8761159.875876657664776 ], [ 6536715.309434118680656, 8761144.744922772049904 ], [ 6536749.389019099995494, 8761132.782561473548412 ], [ 6536850.257379561662674, 8761025.351856397464871 ], [ 6536861.432581041008234, 8761009.162961661815643 ], [ 6536865.166013753041625, 8760979.40346091426909 ], [ 6536851.448672767728567, 8760940.002134775742888 ], [ 6536831.503350059501827, 8760876.52304245904088 ], [ 6536819.478731711395085, 8760837.043306002393365 ], [ 6536820.188298858702183, 8760796.973083905875683 ], [ 6536823.347202280536294, 8760756.378981320187449 ], [ 6536837.815432315692306, 8760686.084284791722894 ], [ 6536864.161596996709704, 8760593.470455879345536 ], [ 6536902.107469297945499, 8760480.350884994491935 ], [ 6536970.003067430108786, 8760306.166870189830661 ], [ 6536986.605642604641616, 8760234.484507845714688 ], [ 6537001.100292752496898, 8760094.802772611379623 ], [ 6537019.485178969800472, 8760059.291317600756884 ], [ 6537069.425356255844235, 8760013.129345372319221 ], [ 6537098.546138346195221, 8760001.657267821952701 ], [ 6537148.292568649165332, 8759991.518662448972464 ], [ 6537209.499340025708079, 8759979.035884605720639 ], [ 6537239.02823637239635, 8759977.870434287935495 ], [ 6537289.105660431087017, 8759996.117824614048004 ], [ 6537311.340549907647073, 8760012.694327034056187 ], [ 6537367.547068224288523, 8760058.796832403168082 ], [ 6537462.268900044262409, 8760112.79930685274303 ], [ 6537584.275972623378038, 8760176.100649997591972 ], [ 6537622.761210941709578, 8760182.155535575002432 ], [ 6537846.039034552872181, 8760174.092712998390198 ], [ 6537943.86241895146668, 8760170.337472239509225 ], [ 6537982.843994515016675, 8760178.853657748550177 ], [ 6538112.88149169832468, 8760220.890423856675625 ], [ 6538276.025191742926836, 8760270.758685600012541 ], [ 6538308.456610606983304, 8760272.72900016233325 ], [ 6538365.395862946286798, 8760270.962588161230087 ], [ 6538417.766639968380332, 8760262.432894432917237 ], [ 6538513.942900671623647, 8760244.038530316203833 ], [ 6538615.282143969088793, 8760217.972683936357498 ], [ 6538756.661674587987363, 8760164.914401303976774 ], [ 6538907.598734335973859, 8760113.360007856041193 ], [ 6539009.940036028623581, 8760071.983871864154935 ], [ 6539145.603254857473075, 8760029.343681789934635 ], [ 6539288.481438795104623, 8759970.125092258676887 ], [ 6539374.092131603509188, 8759935.736287835985422 ], [ 6539467.229058342985809, 8759905.317096553742886 ], [ 6539540.252924175001681, 8759895.163626546040177 ], [ 6539596.02787808701396, 8759894.029862890020013 ], [ 6539714.102747302502394, 8759917.002073399722576 ], [ 6539744.708802975714207, 8759921.16434171795845 ], [ 6539769.862479365430772, 8759915.298887096345425 ], [ 6539860.142530066892505, 8759836.397445347160101 ], [ 6539993.736476838588715, 8759738.657115573063493 ], [ 6540032.643685257062316, 8759682.112965350970626 ], [ 6540081.500568273477256, 8759618.950722774490714 ], [ 6540129.349772423505783, 8759572.168921926990151 ], [ 6540203.343042748048902, 8759501.362501841038465 ], [ 6540226.749570287764072, 8759491.553857928141952 ], [ 6540292.496571533381939, 8759485.246702134609222 ], [ 6540453.066030053421855, 8759452.847754646092653 ], [ 6540569.917663941159844, 8759429.811315009370446 ], [ 6540656.498340934514999, 8759400.146956402808428 ], [ 6540747.590031444095075, 8759372.665977757424116 ], [ 6540785.714307901449502, 8759348.094339203089476 ], [ 6540824.968634748831391, 8759333.318461744114757 ], [ 6541017.128085704520345, 8759269.956501243636012 ], [ 6541103.996210820972919, 8759228.980449382215738 ], [ 6541198.364891164004803, 8759203.043159591034055 ], [ 6541296.215266048908234, 8759184.022045021876693 ], [ 6541425.353996085934341, 8759130.099012823775411 ], [ 6541480.293595666997135, 8759093.081425623968244 ], [ 6541606.09589384496212, 8759035.174462856724858 ], [ 6541771.687604387290776, 8758948.739071836695075 ], [ 6541849.649302606470883, 8758941.767214965075254 ], [ 6541973.856379414908588, 8758951.061683468520641 ], [ 6542034.556506492197514, 8758963.953131761401892 ], [ 6542071.179562481120229, 8758995.817567806690931 ], [ 6542178.114415849559009, 8758974.226390285417438 ], [ 6542219.678901581093669, 8758927.718350313603878 ] ] ] } },
{ "type": "Feature", "properties": { "lv_id": "LOC_031984", "id": 148722.0, "CD_SETOR": "291700305000025", "SITUACAO": "Rural", "CD_SIT": "8", "CD_TIPO": "0", "AREA_KM2": 34.18746977123466, "CD_REGIAO": "2", "NM_REGIAO": "Nordeste", "CD_UF": "29", "NM_UF": "Bahia", "CD_MUN": "2917003", "NM_MUN": "Itiúba", "CD_DIST": "291700305", "NM_DIST": "Itiúba", "CD_SUBDIST": "29170030500", "NM_SUBDIST": null, "CD_BAIRRO": null, "NM_BAIRRO": null, "CD_NU": null, "NM_NU": null, "CD_FCU": null, "NM_FCU": null, "CD_AGLOM": "291700300008", "NM_AGLOM": "Sítio das Moças", "CD_RGINT": "2908", "NM_RGINT": "Juazeiro", "CD_RGI": "290023", "NM_RGI": "Senhor do Bonfim", "CD_CONCURB": null, "NM_CONCURB": null, "mun_code_x": "2917003", "index_right": 7748, "dist_m": 133.22400505000149, "local_id": 339730, "ano": 2022, "cod_localidade_ibge": 2917003, "NR_ZONA": "149", "nr_cep": 48850000.0, "nm_localidade": "ITIÚBA", "nm_locvot": "ESCOLA FLORIANO PEIXOTO", "ds_endereco": "POV. SITIO DOS MOCOS - ZONA RURAL", "ds_bairro": "POVOADO SITIO DOS MOCOS", "pred_long": -39.965549, "pred_lat": -10.79225, "pred_dist": 0.026565445633381701, "tse_long": null, "tse_lat": null, "long": -39.965549, "lat": -10.79225, "ID_UNICO": "LOC_031984", "SG_UF": "BA", "CD_MUNICIPIO": "36412", "NR_LOCAL_VOTACAO": "1198", "QT_SECOES_AGREGADAS": 0, "QT_ELEITORES_TRANSFERIDOS": 2, "CIRO GOMES (PDT) (NÃO ELEITO) 1T": 17.0, "CONSTITUINTE EYMAEL (DC) (NÃO ELEITO) 1T": 0.0, "FELIPE D AVILA (NOVO) (NÃO ELEITO) 1T": 4.0, "JAIR BOLSONARO (PL) (2º TURNO) 1T": 92.0, "LULA (PT) (2º TURNO) 1T": 627.0, "LÉO PÉRICLES (UP) (NÃO ELEITO) 1T": 0.0, "PADRE KELMON (PTB) (NÃO ELEITO) 1T": 0.0, "SIMONE TEBET (MDB) (NÃO ELEITO) 1T": 10.0, "SOFIA MANZANO (PCB) (NÃO ELEITO) 1T": 0.0, "SORAYA THRONICKE (UNIÃO) (NÃO ELEITO) 1T": 3.0, "VERA (PSTU) (NÃO ELEITO) 1T": 0.0, "Total_Votos_Validos 1T": 753.0, "Votos_Brancos 1T": 6.0, "Votos_Nulos 1T": 23.0, "Abstenções 1T": 274.0, "Eleitores_Aptos 1T": 1056.0, "JAIR BOLSONARO (PL) (NÃO ELEITO) 2T": 109.0, "LULA (PT) (ELEITO) 2T": 650.0, "Total_Votos_Validos 2T": 759.0, "Votos_Brancos 2T": 8.0, "Votos_Nulos 2T": 18.0, "Abstenções 2T": 271.0, "Eleitores_Aptos 2T": 1056.0, "mun_code_y": "2917003", "mun_code": "2917003" }, "geometry": { "type": "Polygon", "coordinates": [ [ [ 6541700.383713214658201, 8770696.693999573588371 ], [ 6541726.407746477052569, 8770620.295723101124167 ], [ 6541787.518255928531289, 8770475.139422900974751 ], [ 6541953.066633459180593, 8770305.78433489985764 ], [ 6542007.002291010692716, 8770224.539911543950438 ], [ 6542094.940755526535213, 8770211.304632529616356 ], [ 6542266.631141585297883, 8770135.178504027426243 ], [ 6542316.618419287726283, 8770071.281555857509375 ], [ 6542357.689013626426458, 8770035.518571324646473 ], [ 6542426.463318713009357, 8769928.576817974448204 ], [ 6542433.259977726265788, 8769833.285544201731682 ], [ 6542387.279673530720174, 8769691.34732530452311 ], [ 6542399.05677779391408, 8769561.127152359113097 ], [ 6542379.832057480700314, 8769422.330655064433813 ], [ 6542377.809138534590602, 8769298.937645271420479 ], [ 6542380.808493564836681, 8769142.494516314938664 ], [ 6542401.661762967705727, 8769053.974257949739695 ], [ 6542492.1693927468732, 8768971.866796132177114 ], [ 6542583.524444724433124, 8768923.347009724006057 ], [ 6542630.820633597671986, 8768841.434593057259917 ], [ 6542686.199538132175803, 8768750.290898384526372 ], [ 6542744.743567754514515, 8768649.390771564096212 ], [ 6542716.384939923882484, 8768542.899131312966347 ], [ 6542590.920746582560241, 8768494.611334277316928 ], [ 6542493.656321540474892, 8768403.777424365282059 ], [ 6542366.090538126416504, 8768330.862431528046727 ], [ 6542319.203293419443071, 8768263.666931321844459 ], [ 6541945.597364775836468, 8768244.589743968099356 ], [ 6541847.775037669576705, 8768227.841752888634801 ], [ 6541760.897576573304832, 8768223.001038355752826 ], [ 6541742.471403000876307, 8768199.03752120025456 ], [ 6541720.997992583550513, 8768184.071798803284764 ], [ 6541690.538611825555563, 8768162.442812852561474 ], [ 6541647.059090867638588, 8768159.12949750199914 ], [ 6541590.828701090067625, 8768142.236860634759068 ], [ 6541532.70992205478251, 8768121.875087780877948 ], [ 6541487.666995999403298, 8768122.190352896228433 ], [ 6541434.053167429752648, 8768124.668530305847526 ], [ 6541331.296212495304644, 8768113.45984798297286 ], [ 6541235.362440717406571, 8768100.168837811797857 ], [ 6541203.836092794314027, 8768092.769154725596309 ], [ 6541169.843931589275599, 8768069.525372577831149 ], [ 6541141.769001539796591, 8768061.954780476167798 ], [ 6541099.486010515131056, 8768008.967762107029557 ], [ 6540892.923730704933405, 8767736.686082085594535 ], [ 6540798.727895049378276, 8767723.315228711813688 ], [ 6540784.645009925588965, 8767718.654451040551066 ], [ 6540763.242366759106517, 8767705.463997839018703 ], [ 6540742.255242431536317, 8767701.110929593443871 ], [ 6540712.282343111000955, 8767690.094744531437755 ], [ 6540680.35129005368799, 8767673.846007386222482 ], [ 6540651.467541029676795, 8767648.599892165511847 ], [ 6540458.947230389341712, 8767531.64852038025856 ], [ 6540419.200459979474545, 8767496.270047625526786 ], [ 6540349.086374554783106, 8767441.014567298814654 ], [ 6540316.33499631844461, 8767407.079675333574414 ], [ 6540282.424751847982407, 8767385.61107974499464 ], [ 6540257.489815381355584, 8767370.817387342453003 ], [ 6540206.847956230863929, 8767350.669235622510314 ], [ 6540188.749425176531076, 8767331.456259030848742 ], [ 6540162.75404448620975, 8767307.84382813051343 ], [ 6540109.825616806745529, 8767287.242909090593457 ], [ 6540071.304462970234454, 8767179.156438499689102 ], [ 6539992.348544699139893, 8767143.801308397203684 ], [ 6539923.600909627974033, 8767118.620230993255973 ], [ 6539856.115316648967564, 8767082.746441848576069 ], [ 6539700.798631947487593, 8766983.581125568598509 ], [ 6539665.648743161931634, 8766972.804619202390313 ], [ 6539597.398234515450895, 8766958.235014533624053 ], [ 6539530.954370317049325, 8766945.348548531532288 ], [ 6539500.911945614032447, 8766932.557899797335267 ], [ 6539453.890760156325996, 8766927.641372997313738 ], [ 6539417.824631107971072, 8766934.630845084786415 ], [ 6539381.963912177830935, 8766984.136172614991665 ], [ 6539373.312596717849374, 8766984.535929009318352 ], [ 6539350.670393322594464, 8766982.037431051954627 ], [ 6539315.925092451274395, 8766980.098161747679114 ], [ 6539280.405139120295644, 8766973.90908133611083 ], [ 6539221.569866281934083, 8766963.189537176862359 ], [ 6539130.920510104857385, 8766951.432327065616846 ], [ 6539017.375099901109934, 8766931.865355530753732 ], [ 6538989.13945343811065, 8766920.75773393176496 ], [ 6538953.58494836371392, 8766901.13224545866251 ], [ 6538898.678810082376003, 8766875.322848230600357 ], [ 6538863.124372917227447, 8766855.697399035096169 ], [ 6538841.560753874480724, 8766838.970283083617687 ], [ 6538790.306161646731198, 8766809.231059430167079 ], [ 6538761.642885535024107, 8766881.835742149502039 ], [ 6538682.265063433907926, 8766916.651943707838655 ], [ 6538691.785252399742603, 8766960.845027320086956 ], [ 6538723.548833703622222, 8766990.447653172537684 ], [ 6538766.725911495275795, 8766993.171927144750953 ], [ 6538803.393325717188418, 8767004.346134142950177 ], [ 6538836.388744972646236, 8767065.657098097726703 ], [ 6538867.309284710325301, 8767097.646736722439528 ], [ 6538868.80437633022666, 8767142.769274855032563 ], [ 6538846.42740479297936, 8767180.765266638249159 ], [ 6538846.648012993857265, 8767235.361055556684732 ], [ 6538843.457065638154745, 8767265.392964884638786 ], [ 6538815.128443749621511, 8767281.449710749089718 ], [ 6538784.459534117020667, 8767292.770497320219874 ], [ 6538739.229607004672289, 8767308.353855775669217 ], [ 6538764.717964281328022, 8767388.156648663803935 ], [ 6538734.237718747928739, 8767397.622127937152982 ], [ 6538692.846966098062694, 8767385.616857100278139 ], [ 6538690.156585081480443, 8767428.516055529937148 ], [ 6538714.615700695663691, 8767496.592675669118762 ], [ 6538709.20396020822227, 8767565.923064654693007 ], [ 6538653.865997207351029, 8767586.930357141420245 ], [ 6538644.816724881529808, 8767664.817026738077402 ], [ 6538606.78887602686882, 8767711.763478485867381 ], [ 6538599.895134126767516, 8767736.723060872405767 ], [ 6538622.376582119613886, 8767789.0940843783319 ], [ 6538620.320038510486484, 8767830.789883529767394 ], [ 6538628.284210572019219, 8767889.347398515790701 ], [ 6538644.812002716585994, 8767965.939500944688916 ], [ 6538633.645648587495089, 8768033.939424881711602 ], [ 6538532.675525840371847, 8768086.695925680920482 ], [ 6538472.436938654631376, 8768099.425315605476499 ], [ 6538429.576377484947443, 8768140.780887531116605 ], [ 6538412.805564196780324, 8768186.768117284402251 ], [ 6538393.897968821227551, 8768239.179401200264692 ], [ 6538393.8103869529441, 8768302.188212955370545 ], [ 6538402.065475472249091, 8768351.089734988287091 ], [ 6538429.07912968005985, 8768371.145397927612066 ], [ 6538446.613415587693453, 8768425.716593852266669 ], [ 6538414.656961431726813, 8768517.674506422132254 ], [ 6538397.368903692811728, 8768578.957769503816962 ], [ 6538399.21413363609463, 8768631.095480607822537 ], [ 6538342.907753502950072, 8768705.734789373353124 ], [ 6538287.727425094693899, 8768728.817221965640783 ], [ 6538211.008724078536034, 8768758.24927431717515 ], [ 6538087.517002644017339, 8768796.869445580989122 ], [ 6537981.431686975993216, 8768833.352993097156286 ], [ 6537791.147885987535119, 8768850.307104583829641 ], [ 6537724.875108426436782, 8768894.436704726889729 ], [ 6537669.881355431862175, 8768921.623017944395542 ], [ 6537531.080587389878929, 8768960.876885697245598 ], [ 6537384.221181988716125, 8768912.311661059036851 ], [ 6537319.649263272993267, 8768945.990148991346359 ], [ 6537216.186724331229925, 8768895.083271646872163 ], [ 6537054.927998323924839, 8768862.487043203786016 ], [ 6537001.458419946953654, 8768871.50347282923758 ], [ 6536911.656086035072803, 8768815.750551987439394 ], [ 6536850.215045433491468, 8768840.314442189410329 ], [ 6536779.015385212376714, 8768826.385194512084126 ], [ 6536706.589120532386005, 8768822.039978232234716 ], [ 6536640.245162941515446, 8768877.349268883466721 ], [ 6536507.669668562710285, 8768824.386770509183407 ], [ 6536391.237275229766965, 8768852.690107878297567 ], [ 6536291.07489746902138, 8768926.661408390849829 ], [ 6536251.412308784201741, 8769037.038737896829844 ], [ 6536166.931534238159657, 8769098.434379633516073 ], [ 6536007.655302923172712, 8769129.710063291713595 ], [ 6535947.047899805009365, 8769111.35962513461709 ], [ 6535899.883697420358658, 8769080.048236511647701 ], [ 6535811.952214749529958, 8769038.396564306691289 ], [ 6535680.184135491959751, 8768968.300591247156262 ], [ 6535552.192635657265782, 8768903.957021934911609 ], [ 6535492.749437750317156, 8768871.752414429560304 ], [ 6535415.515900354832411, 8768917.073633182793856 ], [ 6535349.535602565854788, 8768914.845096323639154 ], [ 6535260.62945232540369, 8768900.543243836611509 ], [ 6535144.717300317250192, 8768930.913956616073847 ], [ 6535050.313810688443482, 8768910.801990775391459 ], [ 6534952.591367728076875, 8768968.710632365196943 ], [ 6534935.713369389995933, 8769022.56905360147357 ], [ 6534953.25839783065021, 8769063.824067642912269 ], [ 6534933.528118108399212, 8769107.944808218628168 ], [ 6534795.465984439477324, 8769284.582829030230641 ], [ 6534753.77725029271096, 8769352.299264971166849 ], [ 6534707.560928433202207, 8769372.053766658529639 ], [ 6534638.684305551461875, 8769333.649307442829013 ], [ 6534528.20364061743021, 8769353.771696081385016 ], [ 6534465.188035096973181, 8769381.317852191627026 ], [ 6534395.152164230123162, 8769406.873206282034516 ], [ 6534379.830698167905211, 8769498.081516975536942 ], [ 6534363.369789100252092, 8769571.245859961956739 ], [ 6534305.38403251580894, 8769602.286191549152136 ], [ 6534243.139247070066631, 8769621.533929208293557 ], [ 6534219.014997381716967, 8769659.837724382057786 ], [ 6534213.959557287395, 8769735.633831039071083 ], [ 6534223.542063933797181, 8769830.950115898624063 ], [ 6534230.184577722102404, 8769926.378746252506971 ], [ 6534219.676347537897527, 8770007.701450508087873 ], [ 6534157.178301804699004, 8770041.853552272543311 ], [ 6534101.395361536182463, 8770050.125455610454082 ], [ 6534053.559271725825965, 8770046.591137286275625 ], [ 6534025.571874268352985, 8770082.781084351241589 ], [ 6533982.208616524934769, 8770155.173947982490063 ], [ 6533939.888773711398244, 8770284.438592569902539 ], [ 6533894.651194461621344, 8770316.372084558010101 ], [ 6533840.772421380504966, 8770339.802462488412857 ], [ 6533812.431649215519428, 8770345.137875130400062 ], [ 6533770.494834607467055, 8770357.946174463257194 ], [ 6533756.316241811960936, 8770373.069296289235353 ], [ 6533694.849531250074506, 8770429.688856082037091 ], [ 6533639.979512042365968, 8770491.269792225211859 ], [ 6533581.851781406439841, 8770627.832422025501728 ], [ 6533536.122941734269261, 8770695.21468704752624 ], [ 6533461.816268820315599, 8770738.895844239741564 ], [ 6533374.251945641823113, 8770781.612499536946416 ], [ 6533289.625940443016589, 8770789.028551753610373 ], [ 6533205.576333382166922, 8770806.958350224420428 ], [ 6533140.905491705983877, 8770774.589804599061608 ], [ 6533074.944034202024341, 8770738.873418588191271 ], [ 6532982.401870146393776, 8770793.713280398398638 ], [ 6532890.591387005522847, 8770824.190789796411991 ], [ 6532752.959596848115325, 8770842.970618337392807 ], [ 6532653.852082661353052, 8770858.86600992642343 ], [ 6532646.343383504077792, 8770911.66077009961009 ], [ 6532596.57579795178026, 8770938.157348332926631 ], [ 6532531.392342537641525, 8770968.471527129411697 ], [ 6532466.731891376897693, 8771002.590087832883 ], [ 6532338.63441832922399, 8771012.69158561527729 ], [ 6532165.467567415907979, 8770957.744730936363339 ], [ 6532023.569420840591192, 8771035.910942494869232 ], [ 6531937.248125312849879, 8771160.547366557642817 ], [ 6531892.003175939433277, 8771325.50533165037632 ], [ 6531855.226362026296556, 8771453.236298782750964 ], [ 6531793.912196302786469, 8771512.402740526944399 ], [ 6531654.58341169077903, 8771632.570613900199533 ], [ 6531508.961999349296093, 8771747.27076006308198 ], [ 6531349.204077790491283, 8771881.724528059363365 ], [ 6531278.112205289304256, 8771910.502964211627841 ], [ 6531152.710948358289897, 8771950.438659375533462 ], [ 6531075.088965615257621, 8772021.354433896020055 ], [ 6531047.196875981986523, 8772164.100353147834539 ], [ 6530989.657612595707178, 8772239.245906427502632 ], [ 6530879.58401863835752, 8772328.986800443381071 ], [ 6530761.968250970356166, 8772356.450502298772335 ], [ 6530650.46605955902487, 8772377.982489466667175 ], [ 6530521.969491720199585, 8772397.511358015239239 ], [ 6530432.617655153386295, 8772419.111378319561481 ], [ 6530331.317572580650449, 8772482.662550883367658 ], [ 6530173.802696034312248, 8772508.82624164223671 ], [ 6530035.411328393034637, 8772567.56615386903286 ], [ 6529917.199008972384036, 8772664.553415283560753 ], [ 6529848.221224455162883, 8772759.664572218433022 ], [ 6529762.619723244570196, 8772821.080989312380552 ], [ 6529670.784777098335326, 8772880.240974478423595 ], [ 6529593.016625345684588, 8772943.007173540070653 ], [ 6529519.42239800747484, 8773030.510856976732612 ], [ 6529488.444036722183228, 8773153.961057743057609 ], [ 6529474.260677329264581, 8773195.682254360988736 ], [ 6529313.890600400045514, 8773342.223998848348856 ], [ 6529169.793669487349689, 8773422.600043900310993 ], [ 6529044.629517937079072, 8773454.668836833909154 ], [ 6528931.698641650378704, 8773494.096524344757199 ], [ 6528864.582559436559677, 8773535.396462639793754 ], [ 6528803.6680444534868, 8773652.336393861100078 ], [ 6528688.820224540308118, 8773722.998170286417007 ], [ 6528596.833776, 8773773.851283997297287 ], [ 6528497.063259487971663, 8773776.525142300873995 ], [ 6528445.003857625648379, 8773760.285078125074506 ], [ 6528403.650445941835642, 8773892.951479645445943 ], [ 6528316.968779225833714, 8774204.365907495841384 ], [ 6528555.860364355146885, 8774619.84821866825223 ], [ 6528754.975831321440637, 8774949.560428470373154 ], [ 6528835.579460090957582, 8774932.361024675890803 ], [ 6528874.51168046426028, 8774992.928365550935268 ], [ 6528934.162393469363451, 8775094.295302862301469 ], [ 6529077.865304598584771, 8775336.716415390372276 ], [ 6529233.169822273775935, 8775596.509293254464865 ], [ 6529557.522044275887311, 8776148.664256080985069 ], [ 6529705.344809528440237, 8776399.189171029254794 ], [ 6529901.808643769472837, 8776738.613237001001835 ], [ 6530113.697657348588109, 8777100.809054736047983 ], [ 6530300.672722304239869, 8777416.826347032561898 ], [ 6530531.329097148962319, 8777803.811457645148039 ], [ 6530828.462629180401564, 8778302.772453820332885 ], [ 6530936.968629149720073, 8778478.185355097055435 ], [ 6530889.7085295394063, 8778551.480267845094204 ], [ 6531095.202674504369497, 8778883.669135272502899 ], [ 6531304.371824856847525, 8779238.607947055250406 ], [ 6531479.43017047457397, 8779511.664234906435013 ], [ 6531884.895545853301883, 8780174.815126966685057 ], [ 6531969.79467081092298, 8780152.995475303381681 ], [ 6532147.275301955640316, 8780455.26862208917737 ], [ 6532205.890020672231913, 8780517.67558279260993 ], [ 6532257.567243309691548, 8780596.475772190839052 ], [ 6532276.023825714364648, 8780500.356269268319011 ], [ 6532300.059028277173638, 8780388.076201803982258 ], [ 6532299.127135356888175, 8780345.286984510719776 ], [ 6532282.793905925936997, 8780319.389948949217796 ], [ 6532250.26277082413435, 8780280.317334726452827 ], [ 6532235.99273375235498, 8780256.707920035347342 ], [ 6532235.785626538097858, 8780218.341027840971947 ], [ 6532237.913279503583908, 8780195.090811174362898 ], [ 6532227.375158227980137, 8780154.915110521018505 ], [ 6532193.711059020832181, 8780009.81260284781456 ], [ 6532155.494707701727748, 8779870.375467417761683 ], [ 6532141.738530403003097, 8779819.305291760712862 ], [ 6532131.956725076772273, 8779782.069333462044597 ], [ 6532120.468049094080925, 8779756.52193240635097 ], [ 6532105.022016793489456, 8779731.120482195168734 ], [ 6532098.146245244890451, 8779703.209630535915494 ], [ 6532096.827463407069445, 8779674.202676150947809 ], [ 6532099.726452065631747, 8779582.585490919649601 ], [ 6532101.093051739037037, 8779499.002678744494915 ], [ 6532113.893002876080573, 8779438.770508443936706 ], [ 6532128.856959817931056, 8779353.201215025037527 ], [ 6532125.790016770362854, 8779301.952247031033039 ], [ 6532115.325800604186952, 8779234.062498753890395 ], [ 6532100.540315184742212, 8779152.183582475408912 ], [ 6532088.908594669774175, 8779065.215965695679188 ], [ 6532082.361258991062641, 8779034.646811958402395 ], [ 6532068.760122958570719, 8778994.56558195874095 ], [ 6532071.733630073256791, 8778961.933464651927352 ], [ 6532083.423234538175166, 8778934.157169833779335 ], [ 6532115.906459348276258, 8778911.233519122004509 ], [ 6532137.770064443349838, 8778888.349099403247237 ], [ 6532161.450814449228346, 8778842.39936026185751 ], [ 6532172.279967647045851, 8778818.855216693133116 ], [ 6532198.915260653942823, 8778796.163469638675451 ], [ 6532225.854207557626069, 8778779.474081300199032 ], [ 6532257.98468441516161, 8778763.300169207155704 ], [ 6532278.329007892869413, 8778748.004964023828506 ], [ 6532293.979418806731701, 8778727.693512011319399 ], [ 6532339.897769528441131, 8778640.724062038585544 ], [ 6532442.067971648648381, 8778476.454242907464504 ], [ 6532465.885997052304447, 8778422.418380370363593 ], [ 6532486.208632797934115, 8778349.900222526863217 ], [ 6532499.608313804492354, 8778312.006500059738755 ], [ 6532524.18868250772357, 8778244.068371687084436 ], [ 6532542.515103662386537, 8778192.344805214554071 ], [ 6532553.765674943104386, 8778180.095519378781319 ], [ 6532568.28485575132072, 8778181.792322851717472 ], [ 6532589.430253499187529, 8778193.225696446374059 ], [ 6532605.878450473770499, 8778198.116204544901848 ], [ 6532635.254147132858634, 8778187.399271283298731 ], [ 6532659.049544211477041, 8778174.589399164542556 ], [ 6532692.32361395470798, 8778163.637673627585173 ], [ 6532747.663699612952769, 8778168.259093513712287 ], [ 6532786.249850612133741, 8778168.4939193315804 ], [ 6532813.344638643786311, 8778173.94725982658565 ], [ 6532865.912529610097408, 8778180.221837215125561 ], [ 6532954.012905450537801, 8778187.485603127628565 ], [ 6532992.034129866398871, 8778191.939286351203918 ], [ 6533106.338816563598812, 8778232.693746384233236 ], [ 6533169.974970290437341, 8778252.741129169240594 ], [ 6533171.023306047543883, 8778211.227458529174328 ], [ 6533174.966901056468487, 8778177.330246729776263 ], [ 6533181.4927760027349, 8778124.73024146258831 ], [ 6533188.978959894739091, 8778053.398827530443668 ], [ 6533197.95761389285326, 8777949.672037713229656 ], [ 6533199.565221313387156, 8777887.348521452397108 ], [ 6533184.271382393315434, 8777777.880569286644459 ], [ 6533178.572333388961852, 8777741.175604848191142 ], [ 6533179.193134958855808, 8777657.269650015980005 ], [ 6533181.101787503808737, 8777625.60738056153059 ], [ 6533194.132813049480319, 8777595.591262202709913 ], [ 6533223.331327138468623, 8777555.77847396582365 ], [ 6533276.002964768558741, 8777496.77653912268579 ], [ 6533330.153677355498075, 8777436.590082220733166 ], [ 6533375.453906841576099, 8777393.774327704682946 ], [ 6533501.302282569929957, 8777338.222834538668394 ], [ 6533544.483171885833144, 8777327.489032553508878 ], [ 6533567.19653738848865, 8777253.7290357388556 ], [ 6533588.94542536791414, 8777171.238719509914517 ], [ 6533612.277691851370037, 8777075.104411935433745 ], [ 6533641.617952696979046, 8776965.112610299140215 ], [ 6533665.514458396472037, 8776872.518747564405203 ], [ 6533684.160930184647441, 8776802.567249942570925 ], [ 6533705.690457222983241, 8776701.47781939804554 ], [ 6533727.228531188331544, 8776615.349610546603799 ], [ 6533726.690685170702636, 8776594.509684415534139 ], [ 6533711.982176389545202, 8776542.160018755123019 ], [ 6533709.66904169600457, 8776514.028551589697599 ], [ 6533719.777774340473115, 8776476.099551932886243 ], [ 6533804.6492909938097, 8776265.730176886543632 ], [ 6533841.524132911115885, 8776172.325243204832077 ], [ 6533887.536013649776578, 8776060.190273568034172 ], [ 6533859.606002517044544, 8776013.777845706790686 ], [ 6533800.233506830409169, 8775988.231398478150368 ], [ 6533716.978229131549597, 8775939.64158446341753 ], [ 6533647.145582470111549, 8775897.560369834303856 ], [ 6533632.283546766266227, 8775877.876554923132062 ], [ 6533670.298849537968636, 8775845.964754715561867 ], [ 6533682.816007159650326, 8775780.485927114263177 ], [ 6533779.102874238975346, 8775701.218203878030181 ], [ 6533853.001873718574643, 8775649.341761836782098 ], [ 6533973.839848617091775, 8775549.874288080260158 ], [ 6534036.143743308261037, 8775499.461301166564226 ], [ 6534112.353018818423152, 8775438.669003129005432 ], [ 6534162.019118376076221, 8775402.222821038216352 ], [ 6534216.545521390624344, 8775369.382968297228217 ], [ 6534293.389886639080942, 8775331.807089885696769 ], [ 6534335.035842135548592, 8775317.959595751017332 ], [ 6534375.570964640006423, 8775310.042882654815912 ], [ 6534475.813643475994468, 8775268.865975560620427 ], [ 6534637.526549868285656, 8775132.845176514238119 ], [ 6534676.086148856207728, 8775120.482719842344522 ], [ 6534721.272805553860962, 8775116.158488279208541 ], [ 6534822.752042068168521, 8775112.425860684365034 ], [ 6534865.813620278611779, 8775106.147457335144281 ], [ 6534902.956463975831866, 8775096.105812046676874 ], [ 6534978.125272401608527, 8775093.086879720911384 ], [ 6535030.637108735740185, 8775079.355876380577683 ], [ 6535070.794887403026223, 8775061.677545355632901 ], [ 6535136.48568406701088, 8775021.315002636983991 ], [ 6535338.401198976673186, 8774911.923780212178826 ], [ 6535473.473109379410744, 8774830.525417832657695 ], [ 6535342.682602657005191, 8774581.030454214662313 ], [ 6535237.911578754894435, 8774408.407064020633698 ], [ 6535244.210313990712166, 8774381.212930941954255 ], [ 6535287.129852464422584, 8774300.649532467126846 ], [ 6535331.370719444006681, 8774217.848652081564069 ], [ 6535380.986113463528454, 8774115.975099325180054 ], [ 6535422.388853458687663, 8774036.277864381670952 ], [ 6535442.777395181357861, 8773989.782532183453441 ], [ 6535463.813935139216483, 8773953.946826195344329 ], [ 6535483.264024088159204, 8773930.19511129707098 ], [ 6535509.518386865034699, 8773899.567405045032501 ], [ 6535534.290286287665367, 8773867.87936214543879 ], [ 6535552.087490072473884, 8773837.62774676643312 ], [ 6535567.948323348537087, 8773820.67281642742455 ], [ 6535597.270603315904737, 8773809.152087131515145 ], [ 6535643.740091513842344, 8773808.526217225939035 ], [ 6535717.623137033544481, 8773798.951241759583354 ], [ 6535797.309068186208606, 8773753.941631015390158 ], [ 6535868.49921986926347, 8773706.289735902100801 ], [ 6535905.646847642958164, 8773759.800870900973678 ], [ 6536095.553439555689692, 8774001.012717101722956 ], [ 6536335.709978029131889, 8774294.694170724600554 ], [ 6536688.904533609747887, 8774736.753943588584661 ], [ 6536737.296193150803447, 8774803.518901055678725 ], [ 6536755.512244329787791, 8774852.418332487344742 ], [ 6536791.059494846500456, 8774896.238430174067616 ], [ 6536897.396254472434521, 8775000.236086428165436 ], [ 6537150.622922217473388, 8775305.149346118792892 ], [ 6537231.406115086749196, 8775388.415509248152375 ], [ 6537299.205890540033579, 8775475.342660296708345 ], [ 6537584.558821798302233, 8775776.408257691189647 ], [ 6538483.6223069075495, 8776726.873460406437516 ], [ 6538920.982194248586893, 8777251.927408445626497 ], [ 6539110.986846826970577, 8777484.543027963489294 ], [ 6539147.098437337204814, 8777526.780882678925991 ], [ 6539182.54613468889147, 8777633.319644683972001 ], [ 6539199.154370374977589, 8777701.103613764047623 ], [ 6539247.572985253296793, 8777821.797196384519339 ], [ 6539292.007047937251627, 8777915.479065503925085 ], [ 6539375.901031669229269, 8778045.798532215878367 ], [ 6539449.695303361862898, 8778121.940936552360654 ], [ 6539507.092016573995352, 8778175.982094107195735 ], [ 6539652.41102877445519, 8778308.391900649294257 ], [ 6539906.411939463578165, 8778541.096905693411827 ], [ 6539995.228605794720352, 8778636.52241587266326 ], [ 6540046.004634176380932, 8778703.439831048250198 ], [ 6540058.287515597417951, 8778797.08069727011025 ], [ 6540099.992469135671854, 8778968.248107470571995 ], [ 6540090.775081882253289, 8779070.486915227025747 ], [ 6540094.862157504074275, 8779189.407347420230508 ], [ 6540258.169233254157007, 8779329.457367131486535 ], [ 6540295.752683620899916, 8779381.456021975725889 ], [ 6540338.063140943646431, 8779468.41254111751914 ], [ 6540376.046203197911382, 8779491.294191621243954 ], [ 6540440.650299977511168, 8779504.774049483239651 ], [ 6540513.469404223375022, 8779516.612782480195165 ], [ 6540908.321655961684883, 8779682.748875234276056 ], [ 6541078.37496727053076, 8779809.465770747512579 ], [ 6541209.795296242460608, 8779926.746905077248812 ], [ 6541248.666810537688434, 8779986.610198356211185 ], [ 6541296.564826024696231, 8780041.957169320434332 ], [ 6541382.371161710470915, 8780099.673023022711277 ], [ 6541441.005110855214298, 8780149.559328207746148 ], [ 6541492.351298797875643, 8780197.385575480759144 ], [ 6541577.224236546084285, 8780260.593088490888476 ], [ 6541638.684039320796728, 8780315.320241594687104 ], [ 6541682.768939772620797, 8780356.594460692256689 ], [ 6541764.219768148846924, 8780391.645124128088355 ], [ 6541813.734361063688993, 8780425.387379750609398 ], [ 6541840.202815659344196, 8780448.603323638439178 ], [ 6541928.221562805585563, 8780577.825253214687109 ], [ 6542003.14905253611505, 8780679.868316646665335 ], [ 6542041.491726389154792, 8780722.979019960388541 ], [ 6542097.688624333590269, 8780771.507977237924933 ], [ 6542131.711582181975245, 8780799.280095966532826 ], [ 6542145.19442342966795, 8780830.750524988397956 ], [ 6542179.776877297088504, 8780919.924765881150961 ], [ 6542280.811686389148235, 8780944.893349273130298 ], [ 6542292.52477677538991, 8780912.178752278909087 ], [ 6542374.654801902361214, 8780831.228220891207457 ], [ 6542396.048069587908685, 8780775.079048397019506 ], [ 6542382.297196382656693, 8780707.019145408645272 ], [ 6542420.645658269524574, 8780670.041768882423639 ], [ 6542492.868330761790276, 8780596.678921084851027 ], [ 6542547.288834678940475, 8780529.442317176610231 ], [ 6542578.673518260009587, 8780371.020061191171408 ], [ 6542644.037143724039197, 8780326.341579113155603 ], [ 6542770.245205253362656, 8780289.466279162093997 ], [ 6542779.8011804074049, 8780256.062824377790093 ], [ 6542753.54712394438684, 8780218.998705497011542 ], [ 6542675.797180152498186, 8780190.72183340229094 ], [ 6542647.611027611419559, 8780151.135972678661346 ], [ 6542614.02176459133625, 8780060.99261986836791 ], [ 6542603.887087014503777, 8779976.135853817686439 ], [ 6542549.729173547588289, 8779912.229021878913045 ], [ 6542488.758714316412807, 8779832.117424389347434 ], [ 6542469.232210925780237, 8779766.658972006291151 ], [ 6542481.706545867957175, 8779685.600175632163882 ], [ 6542468.795575966127217, 8779622.836677560582757 ], [ 6542428.623907330445945, 8779442.67138259857893 ], [ 6542437.13521671667695, 8779311.468112116679549 ], [ 6542449.527923061512411, 8779273.762764064595103 ], [ 6542470.706677412614226, 8779234.457882260903716 ], [ 6542522.72741673886776, 8779218.452367613092065 ], [ 6542596.775303917005658, 8779261.69201996922493 ], [ 6542654.725282331928611, 8779231.325469370931387 ], [ 6542676.423418507911265, 8779201.297881642356515 ], [ 6542666.396139424294233, 8779112.355340668931603 ], [ 6542727.006675348617136, 8778958.745741799473763 ], [ 6542778.863737752661109, 8778907.557881090790033 ], [ 6542796.989761492237449, 8778878.457292130216956 ], [ 6542779.658555443398654, 8778839.936629498377442 ], [ 6542736.531550062820315, 8778811.843292493373156 ], [ 6542700.808967120014131, 8778768.363854330033064 ], [ 6542684.546666191890836, 8778702.74454990029335 ], [ 6542680.913499704562128, 8778646.372160196304321 ], [ 6542689.297326964326203, 8778590.349265346303582 ], [ 6542716.812370328232646, 8778521.103895468637347 ], [ 6542797.029645923525095, 8778383.646021459251642 ], [ 6542802.809696142561734, 8778274.907569285482168 ], [ 6542842.397901517339051, 8778174.501090846955776 ], [ 6542900.58108891453594, 8778125.961926648393273 ], [ 6542870.940786209888756, 8778097.068595595657825 ], [ 6542795.581409074366093, 8778032.678744193166494 ], [ 6542756.743846412748098, 8777979.460200807079673 ], [ 6542763.695434582419693, 8777944.72755548171699 ], [ 6542808.586590591818094, 8777905.142136365175247 ], [ 6542814.881956308148801, 8777855.974083006381989 ], [ 6542780.927551893517375, 8777832.625184286385775 ], [ 6542740.112017720937729, 8777807.926887098699808 ], [ 6542737.666115082800388, 8777777.238929504528642 ], [ 6542769.430720806121826, 8777735.303298782557249 ], [ 6542792.857003930956125, 8777696.862142750993371 ], [ 6542841.296376653015614, 8777628.638439740985632 ], [ 6542851.601040672510862, 8777561.697405932471156 ], [ 6542861.472946370020509, 8777423.828188743442297 ], [ 6542876.114590654149652, 8777327.300988312810659 ], [ 6542909.59584441408515, 8777235.254860255867243 ], [ 6542915.92265019658953, 8777159.604741530492902 ], [ 6542883.836981505155563, 8777075.504809111356735 ], [ 6542853.421655144542456, 8776988.410165620967746 ], [ 6542824.515949950553477, 8776906.102371301501989 ], [ 6542773.939506293274462, 8776875.276460716500878 ], [ 6542697.533511114306748, 8776865.6420734282583 ], [ 6542645.678915610536933, 8776830.303906889632344 ], [ 6542606.32410077098757, 8776702.424632910639048 ], [ 6542550.725073609501123, 8776662.516762521117926 ], [ 6542548.87269357778132, 8776586.650410924106836 ], [ 6542524.940323567017913, 8776533.764023007825017 ], [ 6542522.394014875404537, 8776458.054993873462081 ], [ 6542469.024321520701051, 8776421.419320095330477 ], [ 6542355.888246933929622, 8776461.701510762795806 ], [ 6542259.115447865799069, 8776447.212367437779903 ], [ 6542173.40614359267056, 8776440.28538248501718 ], [ 6542122.123330501839519, 8776486.115423489362001 ], [ 6542005.026222551241517, 8776464.351861774921417 ], [ 6541942.88421422149986, 8776492.909311419352889 ], [ 6541881.785890659317374, 8776488.077423514798284 ], [ 6541835.340640865266323, 8776427.927465178072453 ], [ 6541822.671590069308877, 8776357.609412116929889 ], [ 6541782.035325219854712, 8776288.199459105730057 ], [ 6541785.228212144225836, 8776212.992680532857776 ], [ 6541748.903419242240489, 8776133.901322858408093 ], [ 6541746.536065403372049, 8776072.708121117204428 ], [ 6541785.660829585045576, 8775990.938259111717343 ], [ 6541836.333297797478735, 8775948.80664941854775 ], [ 6541829.866504217498004, 8775863.944089815020561 ], [ 6541781.80711255967617, 8775685.311785468831658 ], [ 6541752.743476344272494, 8775619.52027209661901 ], [ 6541718.256259502843022, 8775551.481751654297113 ], [ 6541667.710993777029216, 8775531.177707262337208 ], [ 6541587.674144092015922, 8775490.77644201554358 ], [ 6541529.534429705701768, 8775385.867812184616923 ], [ 6541502.280593566596508, 8775300.901286723092198 ], [ 6541467.532771931029856, 8775175.415458582341671 ], [ 6541373.2960908068344, 8775099.18100656196475 ], [ 6541350.218206224963069, 8775000.367811663076282 ], [ 6541291.830966749228537, 8774885.703625459223986 ], [ 6541268.305423049256206, 8774800.156428221613169 ], [ 6541265.313983380794525, 8774695.724338931962848 ], [ 6541375.54708484467119, 8774581.026360329240561 ], [ 6541318.113063752651215, 8774495.499268617480993 ], [ 6541326.010669846087694, 8774432.341818749904633 ], [ 6541445.746934255585074, 8774331.145661015063524 ], [ 6541450.455815324559808, 8774212.41824871301651 ], [ 6541419.761987802572548, 8774109.441827725619078 ], [ 6541452.489903440698981, 8774034.267644289880991 ], [ 6541531.379933263175189, 8773970.214971909299493 ], [ 6541655.015864090994, 8773877.555704187601805 ], [ 6541717.400065168738365, 8773742.757057804614305 ], [ 6541745.869430184364319, 8773609.7463653460145 ], [ 6541700.256691158749163, 8773501.392083341255784 ], [ 6541672.548138409852982, 8773402.484259467571974 ], [ 6541680.299547563306987, 8773222.130764607340097 ], [ 6541813.301682166755199, 8772992.626641564071178 ], [ 6541861.18045692704618, 8772892.324110148474574 ], [ 6541867.658081436529756, 8772829.834040325134993 ], [ 6541853.06441505625844, 8772749.43799507804215 ], [ 6541791.726676351390779, 8772598.356887720525265 ], [ 6541752.231896860525012, 8772495.786304652690887 ], [ 6541675.855302223004401, 8772397.114881029352546 ], [ 6541562.793847151100636, 8772250.74334017932415 ], [ 6541559.510959959588945, 8772194.3913787715137 ], [ 6541527.763160597532988, 8772180.27199056185782 ], [ 6541515.883926052600145, 8772151.467725016176701 ], [ 6541519.587660195305943, 8772085.8004385009408 ], [ 6541508.596360950730741, 8772016.718072170391679 ], [ 6541463.565338796004653, 8772028.436057602986693 ], [ 6541442.857204450294375, 8772008.405266536399722 ], [ 6541444.201024590060115, 8771972.357900038361549 ], [ 6541366.069354665465653, 8771851.063303923234344 ], [ 6541335.298819634132087, 8771815.41291319578886 ], [ 6541357.660643115639687, 8771788.678714733570814 ], [ 6541380.196765650063753, 8771772.001388439908624 ], [ 6541374.263412077911198, 8771745.385503422468901 ], [ 6541397.019647215493023, 8771716.262091221287847 ], [ 6541384.258249398320913, 8771683.007712034508586 ], [ 6541403.650625323876739, 8771652.865191418677568 ], [ 6541395.625584502704442, 8771617.124226942658424 ], [ 6541412.017947472631931, 8771583.62052258476615 ], [ 6541417.656031066551805, 8771555.798803064972162 ], [ 6541457.93213995732367, 8771540.423685194924474 ], [ 6541468.637196827679873, 8771525.032244116067886 ], [ 6541517.400020454078913, 8771500.112676534801722 ], [ 6541519.967951539903879, 8771460.201552981510758 ], [ 6541507.3931600227952, 8771424.328267432749271 ], [ 6541525.55084908567369, 8771402.88244347833097 ], [ 6541536.648307686671615, 8771320.562538538128138 ], [ 6541594.946012754924595, 8771315.538117898628116 ], [ 6541624.321438427083194, 8771260.210846535861492 ], [ 6541683.160527084954083, 8771208.31232275813818 ], [ 6541701.826427359133959, 8771164.683489808812737 ], [ 6541765.626942208968103, 8771130.816517813131213 ], [ 6541802.606849009171128, 8771082.364652469754219 ], [ 6541731.502138020470738, 8770907.674747571349144 ], [ 6541700.383713214658201, 8770696.693999573588371 ] ] ] } },
{ "type": "Feature", "properties": { "lv_id": "LOC_031985", "id": 148736.0, "CD_SETOR": "291700305000047", "SITUACAO": "Rural", "CD_SIT": "8", "CD_TIPO": "0", "AREA_KM2": 28.403059787935256, "CD_REGIAO": "2", "NM_REGIAO": "Nordeste", "CD_UF": "29", "NM_UF": "Bahia", "CD_MUN": "2917003", "NM_MUN": "Itiúba", "CD_DIST": "291700305", "NM_DIST": "Itiúba", "CD_SUBDIST": "29170030500", "NM_SUBDIST": null, "CD_BAIRRO": null, "NM_BAIRRO": null, "CD_NU": null, "NM_NU": null, "CD_FCU": null, "NM_FCU": null, "CD_AGLOM": "291700300001", "NM_AGLOM": "Piaus", "CD_RGINT": "2908", "NM_RGINT": "Juazeiro", "CD_RGI": "290023", "NM_RGI": "Senhor do Bonfim", "CD_CONCURB": null, "NM_CONCURB": null, "mun_code_x": "2917003", "index_right": 7733, "dist_m": 151.96048468830892, "local_id": 339715, "ano": 2022, "cod_localidade_ibge": 2917003, "NR_ZONA": "149", "nr_cep": 48850000.0, "nm_localidade": "ITIÚBA", "nm_locvot": "GINASIO MUNICIPAL DE PIAUS", "ds_endereco": "AV CLERISTON ANDRADE, N 509 - ZONA RURAL", "ds_bairro": "POVOADO PIAUS", "pred_long": -39.768277, "pred_lat": -10.579392, "pred_dist": 0.14588916146241601, "tse_long": null, "tse_lat": null, "long": -39.768277, "lat": -10.579392, "ID_UNICO": "LOC_031985", "SG_UF": "BA", "CD_MUNICIPIO": "36412", "NR_LOCAL_VOTACAO": "1210", "QT_SECOES_AGREGADAS": 0, "QT_ELEITORES_TRANSFERIDOS": 0, "CIRO GOMES (PDT) (NÃO ELEITO) 1T": 12.0, "CONSTITUINTE EYMAEL (DC) (NÃO ELEITO) 1T": 0.0, "FELIPE D AVILA (NOVO) (NÃO ELEITO) 1T": 1.0, "JAIR BOLSONARO (PL) (2º TURNO) 1T": 235.0, "LULA (PT) (2º TURNO) 1T": 667.0, "LÉO PÉRICLES (UP) (NÃO ELEITO) 1T": 0.0, "PADRE KELMON (PTB) (NÃO ELEITO) 1T": 0.0, "SIMONE TEBET (MDB) (NÃO ELEITO) 1T": 14.0, "SOFIA MANZANO (PCB) (NÃO ELEITO) 1T": 0.0, "SORAYA THRONICKE (UNIÃO) (NÃO ELEITO) 1T": 5.0, "VERA (PSTU) (NÃO ELEITO) 1T": 0.0, "Total_Votos_Validos 1T": 934.0, "Votos_Brancos 1T": 5.0, "Votos_Nulos 1T": 16.0, "Abstenções 1T": 358.0, "Eleitores_Aptos 1T": 1313.0, "JAIR BOLSONARO (PL) (NÃO ELEITO) 2T": 244.0, "LULA (PT) (ELEITO) 2T": 656.0, "Total_Votos_Validos 2T": 900.0, "Votos_Brancos 2T": 9.0, "Votos_Nulos 2T": 31.0, "Abstenções 2T": 373.0, "Eleitores_Aptos 2T": 1313.0, "mun_code_y": "2917003", "mun_code": "2917003" }, "geometry": { "type": "Polygon", "coordinates": [ [ [ 6557216.707451787777245, 8794170.23769667185843 ], [ 6557066.540104428306222, 8794149.972725439816713 ], [ 6556654.710853149183095, 8794395.816672952845693 ], [ 6556358.243012929335237, 8794653.550098869949579 ], [ 6556337.564964449033141, 8794762.323397507891059 ], [ 6556270.282783700153232, 8794808.752062413841486 ], [ 6556167.253312895074487, 8794828.732685577124357 ], [ 6556070.040665213949978, 8794942.842132506892085 ], [ 6556001.069351094774902, 8795031.953214287757874 ], [ 6555954.72250952757895, 8795032.058967838063836 ], [ 6555864.429722796194255, 8795022.843513840809464 ], [ 6555748.192886341363192, 8795028.142164057120681 ], [ 6555567.55205961316824, 8795032.509852783754468 ], [ 6555532.148514500819147, 8794997.641444569453597 ], [ 6555433.660690575838089, 8794972.388199634850025 ], [ 6555375.024830289185047, 8794940.996454974636436 ], [ 6555334.110191946849227, 8794904.896890431642532 ], [ 6555289.584463529288769, 8794900.927640872076154 ], [ 6555254.372761423699558, 8794908.656401962041855 ], [ 6555178.068760980851948, 8794798.914484472945333 ], [ 6554905.951584892347455, 8794654.671195274218917 ], [ 6554891.807771309278905, 8794641.060887224972248 ], [ 6554882.594387506134808, 8794613.871896967291832 ], [ 6554827.595087205059826, 8794591.677632292732596 ], [ 6554735.929538059979677, 8794536.23578835465014 ], [ 6554675.764183323830366, 8794493.510662864893675 ], [ 6554554.514961435459554, 8794452.999251125380397 ], [ 6554520.070495425723493, 8794420.916450820863247 ], [ 6554372.11588975507766, 8794378.520303791388869 ], [ 6554319.192787903361022, 8794365.422990014776587 ], [ 6554173.808202581480145, 8794331.416702419519424 ], [ 6554063.64817054849118, 8794284.390285525470972 ], [ 6554018.2833012631163, 8794280.983627546578646 ], [ 6553988.822314309887588, 8794280.672475066035986 ], [ 6553966.39249362051487, 8794261.624249123036861 ], [ 6553905.849934372119606, 8794172.402119178324938 ], [ 6553847.580967153422534, 8794050.782044183462858 ], [ 6553847.459354781545699, 8793996.381591338664293 ], [ 6553826.693870737217367, 8793840.416110275313258 ], [ 6553777.845721511170268, 8793661.532718369737267 ], [ 6553768.263723574578762, 8793580.069874504581094 ], [ 6553765.248466746881604, 8793430.536967130377889 ], [ 6553674.098969983868301, 8793446.654565826058388 ], [ 6553576.577261447906494, 8793479.836668737232685 ], [ 6553478.341336332261562, 8793497.200198672711849 ], [ 6553326.80246957950294, 8793530.402899535372853 ], [ 6553295.59560869820416, 8793564.940149787813425 ], [ 6553253.780795474536717, 8793800.406589929014444 ], [ 6553249.637016838416457, 8793867.840177496895194 ], [ 6553226.498793798498809, 8794038.266159184277058 ], [ 6553131.478787975385785, 8794252.2984828222543 ], [ 6553061.966439744457603, 8794378.788871396332979 ], [ 6552997.400468353182077, 8794530.698775622993708 ], [ 6552978.284428692422807, 8794603.362858651205897 ], [ 6552924.728766228072345, 8794852.790984489023685 ], [ 6552855.750914341770113, 8794919.536281956359744 ], [ 6552806.401182299479842, 8795086.133392108604312 ], [ 6552826.317583743482828, 8795153.964478142559528 ], [ 6552823.562689667567611, 8795191.537263035774231 ], [ 6552747.499037828296423, 8795242.320081131532788 ], [ 6552713.966660149395466, 8795327.953655898571014 ], [ 6552675.165856126695871, 8795502.883431598544121 ], [ 6552691.043300903402269, 8795575.197084065526724 ], [ 6552664.640188565477729, 8795659.10317537933588 ], [ 6552636.582863070070744, 8795711.635078383609653 ], [ 6552402.271454136818647, 8796014.394001744687557 ], [ 6552362.197663617320359, 8796147.073638375848532 ], [ 6552322.068702716380358, 8796345.742986032739282 ], [ 6552294.001077841967344, 8796568.060239238664508 ], [ 6552306.42014326620847, 8796659.766966920346022 ], [ 6552287.009104063734412, 8796773.068135861307383 ], [ 6552281.563852734863758, 8796867.079991420730948 ], [ 6552257.803186468780041, 8796928.513616967946291 ], [ 6552239.795636247843504, 8797046.015153983607888 ], [ 6552242.903197438456118, 8797145.088862858712673 ], [ 6552229.121257593855262, 8797208.691644065082073 ], [ 6552185.828946530818939, 8797265.332933951169252 ], [ 6552018.179048353806138, 8797755.6718620210886 ], [ 6551946.642800512723625, 8798030.378010746091604 ], [ 6551916.334637017920613, 8798270.054114084690809 ], [ 6551899.007135098800063, 8798539.015485648065805 ], [ 6551884.305464551784098, 8798607.857593186199665 ], [ 6551868.28781439550221, 8799082.812977975234389 ], [ 6551849.516132052987814, 8799172.329264298081398 ], [ 6551777.647024406120181, 8799321.856349654495716 ], [ 6551725.37249094247818, 8799488.122895257547498 ], [ 6551697.109624909237027, 8799649.184831000864506 ], [ 6551692.378665577620268, 8799757.448071546852589 ], [ 6551696.722252760082483, 8799939.07369327545166 ], [ 6551709.678324323147535, 8800060.629321413114667 ], [ 6551659.528286401182413, 8800161.758369212970138 ], [ 6551627.001349857077003, 8800256.410828584805131 ], [ 6551609.161019870080054, 8800312.804765537381172 ], [ 6551695.164499453268945, 8800337.349225742742419 ], [ 6551792.127689491026103, 8800370.268607664853334 ], [ 6551966.361745088361204, 8800397.169978313148022 ], [ 6552091.691409634426236, 8800335.258578987792134 ], [ 6552180.772385392338037, 8800267.404884520918131 ], [ 6552234.127034731209278, 8800230.906436858698726 ], [ 6552261.371494040824473, 8800237.152772994711995 ], [ 6552256.570009269751608, 8800272.034158885478973 ], [ 6552228.361020267009735, 8800299.252486191689968 ], [ 6552234.355216856114566, 8800322.972131308168173 ], [ 6552273.759027225896716, 8800313.034967012703419 ], [ 6552303.930023219436407, 8800353.2655238956213 ], [ 6552303.16981165856123, 8800399.594632677733898 ], [ 6552245.587290467694402, 8800470.343918336555362 ], [ 6552249.370749661698937, 8800499.009805919602513 ], [ 6552325.367625522427261, 8800506.606699796393514 ], [ 6552396.627444095909595, 8800542.707998614758253 ], [ 6552456.919008003547788, 8800538.233477059751749 ], [ 6552484.287281763739884, 8800655.240303002297878 ], [ 6552490.156367687508464, 8800706.229738786816597 ], [ 6552513.926687745377421, 8800714.161702400073409 ], [ 6552564.832033199258149, 8800628.149460155516863 ], [ 6552610.657758491113782, 8800649.507162801921368 ], [ 6552710.920227370224893, 8800624.76142936386168 ], [ 6552756.227040859870613, 8800651.159814774990082 ], [ 6552782.890238503925502, 8800715.78097116202116 ], [ 6552808.609989528544247, 8800763.76259152777493 ], [ 6552798.566468969918787, 8800803.922048650681973 ], [ 6552770.761914210394025, 8800825.512224791571498 ], [ 6552776.956529944203794, 8800853.214290415868163 ], [ 6552795.822637863457203, 8800882.25833704508841 ], [ 6552818.337973789311945, 8800933.064865099266171 ], [ 6552879.389847904443741, 8800963.859389750286937 ], [ 6552913.134764706715941, 8800951.590069511905313 ], [ 6552936.731527059338987, 8800900.177910465747118 ], [ 6552991.051337748765945, 8800845.10526467114687 ], [ 6553036.674578221514821, 8800833.59767665527761 ], [ 6553095.495086040347815, 8800842.485209466889501 ], [ 6553099.842871509492397, 8800927.707956114783883 ], [ 6553122.407836767844856, 8800961.043330973014235 ], [ 6553161.453315678052604, 8800976.083289187401533 ], [ 6553211.010409856215119, 8800927.930675938725471 ], [ 6553280.989962605759501, 8800787.172387652099133 ], [ 6553347.848871115595102, 8800715.121270161122084 ], [ 6553404.885038880631328, 8800744.318111224099994 ], [ 6553466.713508756831288, 8800752.601226933300495 ], [ 6553499.459402019158006, 8800710.990180676802993 ], [ 6553533.199415532872081, 8800711.810746867209673 ], [ 6553588.784931417554617, 8800743.59334047883749 ], [ 6553765.564733553677797, 8800735.093965135514736 ], [ 6553804.351084642112255, 8800734.83045088686049 ], [ 6553853.526137687265873, 8800786.859268726781011 ], [ 6553915.932443561032414, 8800804.35243053548038 ], [ 6553974.982696293853223, 8800795.644484739750624 ], [ 6554036.307879880070686, 8800751.1977518517524 ], [ 6554059.297309811227024, 8800705.340647218748927 ], [ 6554082.157982683740556, 8800610.477434076368809 ], [ 6554059.69546309299767, 8800571.150232955813408 ], [ 6554058.306207597255707, 8800534.095133854076266 ], [ 6554096.573079878464341, 8800503.954810729250312 ], [ 6554083.539923638105392, 8800460.870479229837656 ], [ 6554074.638321832753718, 8800429.766343226656318 ], [ 6554085.358457350172102, 8800403.748174091801047 ], [ 6554144.54130598437041, 8800428.764359449967742 ], [ 6554245.60093154758215, 8800394.716571221128106 ], [ 6554287.753051125444472, 8800376.202114604413509 ], [ 6554369.554821312427521, 8800382.517165582627058 ], [ 6554435.236739474348724, 8800397.317381052300334 ], [ 6554531.854990060441196, 8800352.45382690243423 ], [ 6554602.511849047616124, 8800331.642691243439913 ], [ 6554663.129635073244572, 8800358.349523035809398 ], [ 6554716.06962547916919, 8800365.356860306113958 ], [ 6554711.784185880795121, 8800318.727637831121683 ], [ 6554752.360099645331502, 8800257.075036685913801 ], [ 6554857.675116847269237, 8800200.947357894852757 ], [ 6554973.031872835941613, 8800147.875774526968598 ], [ 6555070.251496589742601, 8800115.457531459629536 ], [ 6555086.763362060301006, 8800073.027303097769618 ], [ 6555113.932325541973114, 8800061.485541442409158 ], [ 6555236.377022443339229, 8800139.600530536845326 ], [ 6555292.168943418189883, 8800160.823571788147092 ], [ 6555360.844482117332518, 8800107.153705012053251 ], [ 6555475.2527493564412, 8800067.864074332639575 ], [ 6555570.167176614515483, 8800063.887392941862345 ], [ 6555663.751806294545531, 8800035.930922400206327 ], [ 6555689.06523641012609, 8799956.298781603574753 ], [ 6555720.053986302576959, 8799910.792330356314778 ], [ 6555783.457300135865808, 8799926.571413092315197 ], [ 6555885.194414757192135, 8799928.134045340120792 ], [ 6555942.70711893774569, 8799915.487344713881612 ], [ 6556036.10305044054985, 8799872.871683064848185 ], [ 6556098.626535932533443, 8799796.224107278510928 ], [ 6556172.303890070877969, 8799782.933879679068923 ], [ 6556168.853274662978947, 8799737.632839782163501 ], [ 6556262.177408901974559, 8799666.644736437126994 ], [ 6556350.424082282930613, 8799634.296648079529405 ], [ 6556388.325990849174559, 8799667.005099998787045 ], [ 6556399.111105387099087, 8799650.526182757690549 ], [ 6556388.448810327798128, 8799612.737153880298138 ], [ 6556431.293316727504134, 8799593.10265876352787 ], [ 6556414.873772839084268, 8799554.229414213448763 ], [ 6556474.829953017644584, 8799486.808104608207941 ], [ 6556496.443351961672306, 8799484.286582320928574 ], [ 6556535.36358805373311, 8799515.272140428423882 ], [ 6556567.365584954619408, 8799514.981502389535308 ], [ 6556588.668552389368415, 8799484.373258531093597 ], [ 6556628.486697378568351, 8799481.252623818814754 ], [ 6556674.30260095000267, 8799495.034718694165349 ], [ 6556711.276355552487075, 8799459.380481256172061 ], [ 6556730.162221946753561, 8799455.169384891167283 ], [ 6556742.838300031609833, 8799479.991462735459208 ], [ 6556813.336518859490752, 8799477.882927006110549 ], [ 6556843.949225010350347, 8799515.381734780967236 ], [ 6556895.319392472505569, 8799521.840463357046247 ], [ 6556895.614989457651973, 8799474.600267566740513 ], [ 6556945.44457823690027, 8799448.043838374316692 ], [ 6556991.21259892731905, 8799393.810096200555563 ], [ 6557044.855060196481645, 8799329.284660063683987 ], [ 6557075.901306380517781, 8799263.949838135391474 ], [ 6557191.478247222490609, 8799189.160865249112248 ], [ 6557178.041698418557644, 8799105.843716094270349 ], [ 6557181.099580482579768, 8799054.519889913499355 ], [ 6557197.83066429849714, 8799011.949102895334363 ], [ 6557209.726357582956553, 8798981.71004637144506 ], [ 6557208.723982717841864, 8798935.36078286729753 ], [ 6557192.99886960349977, 8798904.644141986966133 ], [ 6557177.277334421873093, 8798874.007200915366411 ], [ 6557104.507368870079517, 8798819.071995539590716 ], [ 6556983.094384640455246, 8798703.622864542528987 ], [ 6556887.880408329889178, 8798552.460952818393707 ], [ 6556830.18810679204762, 8798426.28025296330452 ], [ 6556739.52946135122329, 8798284.800407826900482 ], [ 6556734.85090901888907, 8798277.497552519664168 ], [ 6556712.590326115489006, 8798242.767952971160412 ], [ 6556667.655195445753634, 8798172.632035128772259 ], [ 6556630.36262484267354, 8798050.827964952215552 ], [ 6556625.63295447640121, 8798003.235053274780512 ], [ 6556613.949752788990736, 8797885.443893320858479 ], [ 6556631.780393118038774, 8797724.10144554823637 ], [ 6556677.622566883452237, 8797572.443744225427508 ], [ 6556746.749083108268678, 8797415.289132092148066 ], [ 6556918.570465381257236, 8797248.804895246401429 ], [ 6557173.29544070828706, 8797031.861933503299952 ], [ 6557327.107381070032716, 8796863.852789653465152 ], [ 6557484.393211957067251, 8796692.033075924962759 ], [ 6557578.978998846374452, 8796588.715724505484104 ], [ 6557654.988015254028141, 8796460.023779150098562 ], [ 6557679.586760200560093, 8796379.272121157497168 ], [ 6557728.202033909037709, 8796219.699452914297581 ], [ 6557703.953430987894535, 8795837.96917281113565 ], [ 6557669.776728523895144, 8795299.894494673237205 ], [ 6557684.589689486660063, 8794992.511638132855296 ], [ 6557770.694779931567609, 8794643.928549498319626 ], [ 6557773.398264233954251, 8794632.970192480832338 ], [ 6557816.211750464513898, 8794519.347105607390404 ], [ 6557825.386784452013671, 8794495.000024233013391 ], [ 6557920.039241831749678, 8794243.799607627093792 ], [ 6557920.988498298451304, 8794241.292713906615973 ], [ 6557921.926821902394295, 8794238.786319307982922 ], [ 6557932.951483549550176, 8794193.095085829496384 ], [ 6557943.984907129779458, 8794147.357784017920494 ], [ 6557314.020450565032661, 8794241.945724718272686 ], [ 6557216.707451787777245, 8794170.23769667185843 ] ] ] } },
{ "type": "Feature", "properties": { "lv_id": "LOC_031986", "id": 148716.0, "CD_SETOR": "291700305000016", "SITUACAO": "Rural", "CD_SIT": "8", "CD_TIPO": "0", "AREA_KM2": 38.518419819104956, "CD_REGIAO": "2", "NM_REGIAO": "Nordeste", "CD_UF": "29", "NM_UF": "Bahia", "CD_MUN": "2917003", "NM_MUN": "Itiúba", "CD_DIST": "291700305", "NM_DIST": "Itiúba", "CD_SUBDIST": "29170030500", "NM_SUBDIST": null, "CD_BAIRRO": null, "NM_BAIRRO": null, "CD_NU": null, "NM_NU": null, "CD_FCU": null, "NM_FCU": null, "CD_AGLOM": "291700300007", "NM_AGLOM": "Jacurici", "CD_RGINT": "2908", "NM_RGINT": "Juazeiro", "CD_RGI": "290023", "NM_RGI": "Senhor do Bonfim", "CD_CONCURB": null, "NM_CONCURB": null, "mun_code_x": "2917003", "index_right": 7757, "dist_m": 3763.3575350442757, "local_id": 339739, "ano": 2022, "cod_localidade_ibge": 2917003, "NR_ZONA": "149", "nr_cep": 48850000.0, "nm_localidade": "ITIÚBA", "nm_locvot": "ESCOLA NOSSA SENHORA AUXILIADORA", "ds_endereco": "POV. JACURICI - ZONA RURAL", "ds_bairro": "POVOADO JACURICY", "pred_long": -39.718253, "pred_lat": -10.849635, "pred_dist": 0.016970010828620902, "tse_long": null, "tse_lat": null, "long": -39.718253, "lat": -10.849635, "ID_UNICO": "LOC_031986", "SG_UF": "BA", "CD_MUNICIPIO": "36412", "NR_LOCAL_VOTACAO": "1252", "QT_SECOES_AGREGADAS": 0, "QT_ELEITORES_TRANSFERIDOS": 0, "CIRO GOMES (PDT) (NÃO ELEITO) 1T": 13.0, "CONSTITUINTE EYMAEL (DC) (NÃO ELEITO) 1T": 0.0, "FELIPE D AVILA (NOVO) (NÃO ELEITO) 1T": 0.0, "JAIR BOLSONARO (PL) (2º TURNO) 1T": 62.0, "LULA (PT) (2º TURNO) 1T": 414.0, "LÉO PÉRICLES (UP) (NÃO ELEITO) 1T": 0.0, "PADRE KELMON (PTB) (NÃO ELEITO) 1T": 0.0, "SIMONE TEBET (MDB) (NÃO ELEITO) 1T": 5.0, "SOFIA MANZANO (PCB) (NÃO ELEITO) 1T": 0.0, "SORAYA THRONICKE (UNIÃO) (NÃO ELEITO) 1T": 0.0, "VERA (PSTU) (NÃO ELEITO) 1T": 0.0, "Total_Votos_Validos 1T": 494.0, "Votos_Brancos 1T": 6.0, "Votos_Nulos 1T": 17.0, "Abstenções 1T": 218.0, "Eleitores_Aptos 1T": 735.0, "JAIR BOLSONARO (PL) (NÃO ELEITO) 2T": 79.0, "LULA (PT) (ELEITO) 2T": 413.0, "Total_Votos_Validos 2T": 492.0, "Votos_Brancos 2T": 9.0, "Votos_Nulos 2T": 8.0, "Abstenções 2T": 226.0, "Eleitores_Aptos 2T": 735.0, "mun_code_y": "2917003", "mun_code": "2917003" }, "geometry": { "type": "MultiPolygon", "coordinates": [ [ [ [ 6560625.09259239025414, 8751704.789602641016245 ], [ 6560635.73094323463738, 8751695.512849355116487 ], [ 6560647.99930221773684, 8751686.227261068299413 ], [ 6560660.065548713319004, 8751677.065317209810019 ], [ 6560672.123719719238579, 8751665.633623812347651 ], [ 6560684.191495548933744, 8751654.406797731295228 ], [ 6560696.139924354851246, 8751642.96886957064271 ], [ 6560708.315309373661876, 8751633.801697725430131 ], [ 6560722.366357862018049, 8751620.301939973607659 ], [ 6560738.518242762424052, 8751608.664679396897554 ], [ 6560755.099615301936865, 8751603.612078350037336 ], [ 6560769.373979819007218, 8751596.501382626593113 ], [ 6560783.848134291358292, 8751591.548661712557077 ], [ 6560798.21593879815191, 8751584.330840660259128 ], [ 6560812.495625700801611, 8751577.33393020182848 ], [ 6560826.863414638675749, 8751570.116082660853863 ], [ 6560841.137742087244987, 8751563.005322316661477 ], [ 6560853.302114603109658, 8751553.83853417634964 ], [ 6560865.461133048869669, 8751544.557909825816751 ], [ 6560873.652269145473838, 8751540.028509359806776 ], [ 6560889.702484310604632, 8751526.228413326665759 ], [ 6560903.96737651899457, 8751517.053232371807098 ], [ 6560918.233555621467531, 8751507.672635078430176 ], [ 6560924.214396235533059, 8751503.145343309268355 ], [ 6560932.077025620266795, 8751489.756249209865928 ], [ 6560939.624536006711423, 8751474.317283499985933 ], [ 6560980.39319873880595, 8751399.22586896456778 ], [ 6560979.782073359936476, 8751329.827094964683056 ], [ 6560971.43695417419076, 8751272.362629327923059 ], [ 6560952.382674928754568, 8751227.087705625221133 ], [ 6560877.142748874612153, 8751120.845424301922321 ], [ 6560802.043997459113598, 8751017.608524538576603 ], [ 6560762.653510837815702, 8750955.913311805576086 ], [ 6560737.993943771347404, 8750910.813487522304058 ], [ 6560718.642330813221633, 8750859.678233502432704 ], [ 6560694.94166952278465, 8750831.963968306779861 ], [ 6560656.579857937060297, 8750793.33226203918457 ], [ 6560621.408520804718137, 8750760.424205692484975 ], [ 6560591.874027336016297, 8750730.112104497849941 ], [ 6560570.58383908495307, 8750696.408727984875441 ], [ 6560534.405106256715953, 8750643.220267785713077 ], [ 6560494.623959057033062, 8750575.772225722670555 ], [ 6560482.638105898164213, 8750501.153489289805293 ], [ 6560474.626962641254067, 8750452.446760198101401 ], [ 6560469.509643541648984, 8750427.604294894263148 ], [ 6560404.727249535731971, 8750337.136120945215225 ], [ 6560377.072418143041432, 8750388.048328470438719 ], [ 6560308.257353462278843, 8750444.871612410992384 ], [ 6560272.759084752760828, 8750461.830379294231534 ], [ 6560264.828354087658226, 8750465.606056397780776 ], [ 6560223.069311574101448, 8750485.553894387558103 ], [ 6560183.728438943624496, 8750504.337423000484705 ], [ 6560075.346353003755212, 8750574.68332064896822 ], [ 6559990.010803354904056, 8750660.236414948478341 ], [ 6559971.325521131977439, 8750688.97933023236692 ], [ 6559964.753029841929674, 8750699.078530328348279 ], [ 6559956.925825772807002, 8750711.119438098743558 ], [ 6559951.170090340077877, 8750719.970713036134839 ], [ 6559930.086263790726662, 8750752.39775376021862 ], [ 6559908.756894361227751, 8750785.189997244626284 ], [ 6559828.937515415251255, 8750872.202379023656249 ], [ 6559761.172346923500299, 8750975.456863978877664 ], [ 6559663.310783695429564, 8751124.545491248369217 ], [ 6559596.626118201762438, 8751226.150073204189539 ], [ 6559538.25274582952261, 8751315.074646312743425 ], [ 6559463.721161696128547, 8751393.129062563180923 ], [ 6559434.300968062132597, 8751468.075988672673702 ], [ 6559406.798097597435117, 8751501.330253060907125 ], [ 6559372.390939545817673, 8751549.056267876178026 ], [ 6559328.705371586605906, 8751609.632503885775805 ], [ 6559273.353614129126072, 8751683.47987979836762 ], [ 6559198.014937660656869, 8751748.109816057607532 ], [ 6559046.145019671879709, 8751857.097423104569316 ], [ 6558956.55481649376452, 8751906.955665418878198 ], [ 6558860.683255704119802, 8751953.312245663255453 ], [ 6558827.457800065167248, 8751970.033470449969172 ], [ 6558818.100684461183846, 8751975.141833055764437 ], [ 6558755.024424262344837, 8751991.873035930097103 ], [ 6558666.872405500151217, 8751985.357793172821403 ], [ 6558549.940866017714143, 8751976.725585272535682 ], [ 6558469.407790043391287, 8751998.753806322813034 ], [ 6558381.262014298699796, 8752065.684819631278515 ], [ 6558320.837349002249539, 8752097.20910782366991 ], [ 6558315.866617973893881, 8752098.083101229742169 ], [ 6558286.090712925419211, 8752099.457919877022505 ], [ 6558268.387673241086304, 8752097.866042857989669 ], [ 6558247.613160624168813, 8752097.046862186864018 ], [ 6558206.618573333136737, 8752086.690456388518214 ], [ 6558133.353073740378022, 8752072.100748211145401 ], [ 6558052.170740704983473, 8752048.053198138251901 ], [ 6557986.353118229657412, 8752039.681095521897078 ], [ 6557919.346222124993801, 8752031.148466071113944 ], [ 6557883.338609294034541, 8752026.567157788202167 ], [ 6557863.520958259701729, 8752030.287927867844701 ], [ 6557777.621872961521149, 8752046.396937541663647 ], [ 6557642.476054917089641, 8752071.736044201999903 ], [ 6557454.786078998818994, 8752076.325197365134954 ], [ 6557420.566692277789116, 8752070.906074812635779 ], [ 6557358.698865412734449, 8752065.323205415159464 ], [ 6557273.006648121401668, 8752058.04969591088593 ], [ 6557172.732054274529219, 8752041.280029470100999 ], [ 6557142.918103102594614, 8752033.895883804187179 ], [ 6557127.43020773679018, 8752030.53354094363749 ], [ 6557117.491787066683173, 8752028.140613147988915 ], [ 6557043.845302099362016, 8751994.884502775967121 ], [ 6556973.166456970386207, 8751984.10617882758379 ], [ 6556900.354407970793545, 8751957.448902431875467 ], [ 6556832.143660162575543, 8751943.29166791215539 ], [ 6556765.646083838306367, 8751929.498207554221153 ], [ 6556732.189599948935211, 8751912.089350070804358 ], [ 6556670.357495611533523, 8751879.917120793834329 ], [ 6556614.274751641787589, 8751832.417390827089548 ], [ 6556546.011584542691708, 8751774.601165615022182 ], [ 6556449.866780332289636, 8751693.170453494414687 ], [ 6556399.151250680908561, 8751634.798646088689566 ], [ 6556336.060433592647314, 8751539.282040130347013 ], [ 6556332.868729299865663, 8751534.44866631925106 ], [ 6556308.761175931431353, 8751497.961195662617683 ], [ 6556244.092211541719735, 8751400.05607658624649 ], [ 6556211.97522758692503, 8751345.116792596876621 ], [ 6556180.757356829941273, 8751309.376436848193407 ], [ 6556138.899493298493326, 8751283.126968255266547 ], [ 6556082.90188077557832, 8751270.377536872401834 ], [ 6556033.736654939129949, 8751250.244914704933763 ], [ 6555979.054256485775113, 8751208.565749499946833 ], [ 6555933.097244939766824, 8751173.522686926648021 ], [ 6555892.916461115702987, 8751130.507795628160238 ], [ 6555863.076129699125886, 8751071.606522727757692 ], [ 6555803.457726662047207, 8751007.703744404017925 ], [ 6555755.693261137232184, 8750986.866508131846786 ], [ 6555710.132811108604074, 8750986.454884799197316 ], [ 6555660.967371497303247, 8751014.44214353710413 ], [ 6555615.457374555058777, 8751067.918566239997745 ], [ 6555580.372780377976596, 8751133.732883833348751 ], [ 6555566.897406432777643, 8751151.375451941043139 ], [ 6555515.93719663657248, 8751167.916065575554967 ], [ 6555492.47289964184165, 8751175.537860499694943 ], [ 6555445.876792628318071, 8751219.153530675917864 ], [ 6555404.163340038619936, 8751316.120350670069456 ], [ 6555329.814532920718193, 8751413.214995058253407 ], [ 6555241.250643290579319, 8751468.450534094125032 ], [ 6555201.215752077288926, 8751473.88951850682497 ], [ 6555145.284054939635098, 8751481.482492858543992 ], [ 6555020.840885806828737, 8751483.188554922118783 ], [ 6554909.246638780459762, 8751495.475494612008333 ], [ 6554773.909618838690221, 8751510.377752522006631 ], [ 6554656.190954638645053, 8751494.668681988492608 ], [ 6554514.332666034810245, 8751457.415294665843248 ], [ 6554462.521369129419327, 8751425.841909801587462 ], [ 6554443.532266463153064, 8751395.341246893629432 ], [ 6554431.642340306192636, 8751376.252289522439241 ], [ 6554413.488889603875577, 8751357.7671600561589 ], [ 6554357.848825335502625, 8751356.62048764526844 ], [ 6554333.989515323191881, 8751362.355088301002979 ], [ 6554310.140582546591759, 8751368.07776802778244 ], [ 6554247.526038383133709, 8751405.671734411269426 ], [ 6554231.252228436991572, 8751415.438765054568648 ], [ 6554176.960862392559648, 8751449.91353458724916 ], [ 6554073.074941001832485, 8751559.172979367896914 ], [ 6553961.333049020729959, 8751677.595140682533383 ], [ 6553882.442948543466628, 8751724.953863814473152 ], [ 6553764.487143266946077, 8751774.156217027455568 ], [ 6553655.065873423591256, 8751825.93150251172483 ], [ 6553555.879202499054372, 8751859.762742741033435 ], [ 6553491.57971218880266, 8751898.344983426854014 ], [ 6553479.610297711566091, 8751907.508793238550425 ], [ 6553465.561700260266662, 8751919.245471939444542 ], [ 6553463.713471556082368, 8751920.906503099948168 ], [ 6553455.49151261523366, 8751928.308226203545928 ], [ 6553443.54479943215847, 8751939.831643633544445 ], [ 6553427.605815610848367, 8751953.733082607388496 ], [ 6553407.790972908958793, 8751976.484742665663362 ], [ 6553400.138677597977221, 8751989.755620408803225 ], [ 6553392.381971982307732, 8752003.134054554626346 ], [ 6553391.742719082161784, 8752004.909092102199793 ], [ 6553386.833514148369431, 8752018.575121825560927 ], [ 6553381.28504185192287, 8752034.016181748360395 ], [ 6553373.738502906635404, 8752049.55150730535388 ], [ 6553370.286318777129054, 8752064.893643271178007 ], [ 6553362.527515586465597, 8752080.336325101554394 ], [ 6553359.074772900901735, 8752095.667070096358657 ], [ 6553351.528704013675451, 8752111.213739734143019 ], [ 6553347.977669390849769, 8752126.549109218642116 ], [ 6553340.431037982925773, 8752142.084381937980652 ], [ 6553336.973988411016762, 8752157.324069414287806 ], [ 6553331.424854526296258, 8752172.753684071823955 ], [ 6553324.626871343702078, 8752205.485619593411684 ], [ 6553307.656045223586261, 8752245.323357287794352 ], [ 6553299.91002862341702, 8752258.701135272160172 ], [ 6553290.16033024340868, 8752272.287463279440999 ], [ 6553278.309500215575099, 8752285.870250398293138 ], [ 6553270.553054794669151, 8752299.259889947250485 ], [ 6553256.555964604951441, 8752313.981678992509842 ], [ 6553255.034167934209108, 8752315.604450538754463 ], [ 6553240.773549620062113, 8752328.901699513196945 ], [ 6553234.746434996835887, 8752333.633673500269651 ], [ 6553227.902230913750827, 8752339.145465243607759 ], [ 6553219.687152908183634, 8752346.934350963681936 ], [ 6553216.015064078383148, 8752350.312164699658751 ], [ 6553204.60025835596025, 8752359.175707342103124 ], [ 6553198.506554392166436, 8752363.887993546202779 ], [ 6553192.634693784639239, 8752368.430152917280793 ], [ 6553180.576168629340827, 8752377.803013347089291 ], [ 6553168.414052748121321, 8752387.0667036306113 ], [ 6553154.357965448871255, 8752396.545153079554439 ], [ 6553151.534446369856596, 8752398.411770088598132 ], [ 6553149.464345307089388, 8752399.775277541950345 ], [ 6553147.277861539274454, 8752401.224103566259146 ], [ 6553140.198286356404424, 8752405.914429437369108 ], [ 6553128.196438509039581, 8752415.330179775133729 ], [ 6553116.194580702111125, 8752424.745917767286301 ], [ 6553104.032414386980236, 8752434.009543275460601 ], [ 6553094.165820829570293, 8752445.33170922473073 ], [ 6553076.129842608235776, 8752459.331372937187552 ], [ 6553059.980033179745078, 8752471.075254466384649 ], [ 6553046.033124657347798, 8752484.767997378483415 ], [ 6553040.063220295123756, 8752491.663974123075604 ], [ 6553028.212100019678473, 8752505.246456529945135 ], [ 6553018.363827059976757, 8752518.837118070572615 ], [ 6553008.832781551405787, 8752536.64377561211586 ], [ 6552999.178918026387691, 8752552.289406009018421 ], [ 6552991.432550685480237, 8752565.666875191032887 ], [ 6552983.885923485271633, 8752581.213121173903346 ], [ 6552976.128609860315919, 8752594.59108579903841 ], [ 6552968.474331639707088, 8752608.066820174455643 ], [ 6552960.728441573679447, 8752621.45563030615449 ], [ 6552955.174529611133039, 8752636.793839490041137 ], [ 6552947.515429535880685, 8752650.167134381830692 ], [ 6552941.872786080464721, 8752665.714785359799862 ], [ 6552934.213659062050283, 8752679.088062416762114 ], [ 6552928.664472348056734, 8752694.528652343899012 ], [ 6552921.01676831766963, 8752707.912776067852974 ], [ 6552907.497311636805534, 8752732.407669354230165 ], [ 6552900.27462072391063, 8752754.427495878189802 ], [ 6552892.51981059089303, 8752769.97201625816524 ], [ 6552875.217893710359931, 8752799.001527657732368 ], [ 6552871.455498448573053, 8752807.948680536821485 ], [ 6552863.698500999249518, 8752821.337877636775374 ], [ 6552851.847020805813372, 8752834.920066641643643 ], [ 6552840.1100217346102, 8752848.610884228721261 ], [ 6552830.256611206568778, 8752862.098860325291753 ], [ 6552820.500922023318708, 8752875.570812929421663 ], [ 6552808.558550355024636, 8752887.207117170095444 ], [ 6552796.497418720275164, 8752898.643729833886027 ], [ 6552782.339384999126196, 8752905.948232281953096 ], [ 6552768.183989852666855, 8752915.419377600774169 ], [ 6552754.015020174905658, 8752922.724367266520858 ], [ 6552739.753913657739758, 8752929.931048989295959 ], [ 6552725.489329770207405, 8752935.187781745567918 ], [ 6552711.1238026432693, 8752942.50199550203979 ], [ 6552690.668878247961402, 8752948.061847627162933 ], [ 6552684.47640778683126, 8752950.429226934909821 ], [ 6552668.115427294746041, 8752955.784712912514806 ], [ 6552642.705446599982679, 8752960.449033381417394 ], [ 6552612.518065443262458, 8752969.90007889084518 ], [ 6552600.350645840167999, 8752974.84121048822999 ], [ 6552586.083333883434534, 8752982.150689773261547 ], [ 6552571.813386348076165, 8752987.293515712022781 ], [ 6552557.556978659704328, 8752994.602455114945769 ], [ 6552543.290175391361117, 8753001.923274761065841 ], [ 6552529.033751794137061, 8753009.232187645509839 ], [ 6552514.867290909402072, 8753018.703606814146042 ], [ 6552503.017661720514297, 8753030.221195943653584 ], [ 6552490.953699165955186, 8753039.490880828350782 ], [ 6552478.90326193254441, 8753050.926671478897333 ], [ 6552466.941793936304748, 8753060.282732337713242 ], [ 6552455.095259764231741, 8753073.978276567533612 ], [ 6552443.035500941798091, 8753083.338941061869264 ], [ 6552433.192663830704987, 8753096.826010253280401 ], [ 6552423.437161271460354, 8753110.308951465412974 ], [ 6552409.384558189660311, 8753119.877505583688617 ], [ 6552401.62236918695271, 8753133.163873171433806 ], [ 6552375.093873440288007, 8753145.521116089075804 ], [ 6552360.826396711170673, 8753152.830356355756521 ], [ 6552346.569830725900829, 8753160.139068990945816 ], [ 6552334.608780596405268, 8753169.506370924413204 ], [ 6552320.341278998181224, 8753176.815571825951338 ], [ 6552306.178178804926574, 8753184.017205880954862 ], [ 6552294.020564262755215, 8753193.393728278577328 ], [ 6552281.965985674411058, 8753202.86801902204752 ], [ 6552269.901311272755265, 8753212.126098653301597 ], [ 6552258.04720111284405, 8753223.552387192845345 ], [ 6552245.889014514163136, 8753232.917480103671551 ], [ 6552233.824840047396719, 8753242.186900824308395 ], [ 6552211.364062808454037, 8753255.891750525683165 ], [ 6552197.215217436663806, 8753263.400500766932964 ], [ 6552182.988567468710244, 8753269.476017948240042 ], [ 6552169.598028405569494, 8753276.116545043885708 ], [ 6552143.194998184219003, 8753285.069112909957767 ], [ 6552079.445873201824725, 8753305.314129374921322 ], [ 6552040.080942561849952, 8753350.981375128030777 ], [ 6552002.112872206605971, 8753427.543858624994755 ], [ 6551941.609338172711432, 8753549.550464993342757 ], [ 6551889.86599903088063, 8753653.867355939000845 ], [ 6551813.999820743687451, 8753755.749892566353083 ], [ 6551756.094138892367482, 8753801.376050116494298 ], [ 6551799.280125934630632, 8754062.094932397827506 ], [ 6551834.356481702998281, 8754283.38585745729506 ], [ 6551871.090850410982966, 8754588.45041112229228 ], [ 6551899.364748219028115, 8754843.976785618811846 ], [ 6551947.476630830205977, 8755279.284895963966846 ], [ 6551980.757163044065237, 8755423.402356427162886 ], [ 6552075.218708895146847, 8755879.19310499355197 ], [ 6552213.479361675679684, 8756495.113053375855088 ], [ 6552440.745238829404116, 8757500.279868625104427 ], [ 6552568.815402338281274, 8758060.231011537835002 ], [ 6552705.594617547467351, 8758631.615255948156118 ], [ 6552761.381711416877806, 8758873.430532202124596 ], [ 6552803.987603630870581, 8759058.160707570612431 ], [ 6553409.401012073270977, 8759157.2752586286515 ], [ 6553491.781161978840828, 8759336.586029827594757 ], [ 6553664.902841705828905, 8759412.219000015407801 ], [ 6553781.167769880034029, 8759583.282297184690833 ], [ 6553881.457749311812222, 8759719.799240488559008 ], [ 6553977.201150523498654, 8759804.845168676227331 ], [ 6554037.895832302048802, 8759848.335004979744554 ], [ 6554127.387680845335126, 8759874.41681258007884 ], [ 6554203.081437503919005, 8759911.170340733602643 ], [ 6554332.553162957541645, 8760025.108386723324656 ], [ 6554441.801784464158118, 8760147.351546473801136 ], [ 6554514.656968155875802, 8760203.569724179804325 ], [ 6554588.117622521705925, 8760274.471751216799021 ], [ 6554656.592896284535527, 8760320.745494827628136 ], [ 6554725.479890573769808, 8760319.795704465359449 ], [ 6554849.061829527840018, 8760288.988681545481086 ], [ 6555004.810280991718173, 8760240.739384481683373 ], [ 6555063.972376002930105, 8760215.16553089953959 ], [ 6555142.075508842244744, 8760255.456023203209043 ], [ 6555184.949683768674731, 8760260.937644075602293 ], [ 6555312.545383282937109, 8760284.490212764590979 ], [ 6555406.35114736109972, 8760310.802739107981324 ], [ 6555462.898825000971556, 8760331.427282556891441 ], [ 6555510.801868800073862, 8760327.594295009970665 ], [ 6555827.600197363644838, 8760469.538761170580983 ], [ 6555878.307762963697314, 8760486.012155875563622 ], [ 6556151.04327948577702, 8760616.646746529266238 ], [ 6556412.000616995617747, 8760772.892735496163368 ], [ 6556678.931597954593599, 8760927.17162817902863 ], [ 6556924.785009555518627, 8761083.36486379802227 ], [ 6557097.957589220255613, 8761190.218730550259352 ], [ 6557259.475653260946274, 8761392.015107983723283 ], [ 6557504.564085553400218, 8761717.512684877961874 ], [ 6557622.423967055976391, 8761891.101888002827764 ], [ 6557763.508785111829638, 8761924.733708616346121 ], [ 6557936.978992093354464, 8761953.127205584198236 ], [ 6558254.108224841766059, 8762261.531672190874815 ], [ 6558485.893576670438051, 8762484.850050397217274 ], [ 6558597.579690245911479, 8762593.365463545545936 ], [ 6558730.251333259046078, 8762717.949473710730672 ], [ 6558810.034389482811093, 8762792.614239938557148 ], [ 6558915.294511529617012, 8762894.73716439306736 ], [ 6559035.163496835157275, 8763010.672970773652196 ], [ 6559091.975451730191708, 8763072.226721357554197 ], [ 6559239.785665238276124, 8763092.895749550312757 ], [ 6559326.47160413954407, 8763113.272903623059392 ], [ 6559370.133737940341234, 8763118.433216126635671 ], [ 6559467.673305423930287, 8763136.350390590727329 ], [ 6559569.295871279202402, 8763186.539687993004918 ], [ 6559612.725880498066545, 8763213.554903231561184 ], [ 6559664.315789757296443, 8763234.791789995506406 ], [ 6559718.056063457392156, 8763234.69954482652247 ], [ 6559776.224144606851041, 8763246.034485567361116 ], [ 6559829.559561120346189, 8763253.010596718639135 ], [ 6560000.367659753188491, 8763271.070413703098893 ], [ 6560213.889255256392062, 8763252.675241643562913 ], [ 6560334.164688264019787, 8763280.486292542889714 ], [ 6560387.827149787917733, 8763279.187676748260856 ], [ 6560498.324998962692916, 8763306.932787472382188 ], [ 6560623.368294947780669, 8763383.137522105127573 ], [ 6560692.149039503186941, 8763402.357916770502925 ], [ 6560879.084186296910048, 8763514.636233849450946 ], [ 6560966.9737463966012, 8763804.798734968528152 ], [ 6561087.44073982629925, 8763838.100155441090465 ], [ 6561341.727004752494395, 8763690.400149650871754 ], [ 6561563.572060071863234, 8763721.939801080152392 ], [ 6561728.978744244202971, 8763673.445832777768373 ], [ 6561856.778860016725957, 8763626.466085270047188 ], [ 6562008.030941393226385, 8763567.375043353065848 ], [ 6562185.350484322756529, 8763508.164424158632755 ], [ 6562246.209220043383539, 8763450.261106668040156 ], [ 6562319.895913928747177, 8763398.462477559223771 ], [ 6562427.32716947235167, 8763404.718899110332131 ], [ 6562538.475705857388675, 8763393.710953995585442 ], [ 6562622.83421728014946, 8763343.793662106618285 ], [ 6562745.624170709401369, 8763298.583232302218676 ], [ 6562928.418916534632444, 8763247.002677731215954 ], [ 6563030.249994716607034, 8763215.267971819266677 ], [ 6563184.112704131752253, 8763119.480248481035233 ], [ 6563279.733818433247507, 8763065.356054361909628 ], [ 6563629.346180981956422, 8763049.788302896544337 ], [ 6563748.811430517584085, 8763027.716334827244282 ], [ 6563851.871993836015463, 8762998.201412281021476 ], [ 6564195.831365941092372, 8762901.273969145491719 ], [ 6564369.30127321742475, 8762841.117904528975487 ], [ 6564593.2107801027596, 8762763.616642326116562 ], [ 6564741.889634828083217, 8762708.218208039179444 ], [ 6564858.765807863324881, 8762640.522646654397249 ], [ 6565067.910066389478743, 8762577.173715898767114 ], [ 6565262.824405184015632, 8762481.691060073673725 ], [ 6565396.282853111624718, 8762396.666386730968952 ], [ 6565483.508412414230406, 8762329.30188656412065 ], [ 6565606.773981345817447, 8762216.585170326754451 ], [ 6565790.093861199915409, 8762154.43276446685195 ], [ 6565901.898461068049073, 8762180.082007471472025 ], [ 6566033.809900401160121, 8762014.640043292194605 ], [ 6566087.443989027291536, 8761891.338614923879504 ], [ 6566202.427836002781987, 8761726.794393301010132 ], [ 6566244.12692943867296, 8761492.158019542694092 ], [ 6566369.461247999221087, 8761346.598614593967795 ], [ 6566425.685779857449234, 8761255.18749376386404 ], [ 6566535.375314557924867, 8761171.669533582404256 ], [ 6566624.944372509606183, 8761151.570223763585091 ], [ 6566716.116920750588179, 8761019.667557900771499 ], [ 6566723.101605268195271, 8760945.01262261159718 ], [ 6566790.046095282770693, 8760939.672350957989693 ], [ 6566783.486164832487702, 8760904.713500527665019 ], [ 6566747.850477906875312, 8760897.279533488675952 ], [ 6566712.561953784897923, 8760841.085368497297168 ], [ 6566791.231676886789501, 8760821.293650025501847 ], [ 6566893.686924083158374, 8760838.511044563725591 ], [ 6566910.98428491782397, 8760817.053199015557766 ], [ 6566908.017605355940759, 8760750.10160625167191 ], [ 6566914.108194923959672, 8760712.993375027552247 ], [ 6566882.685525494627655, 8760697.111240684986115 ], [ 6566872.998186309821904, 8760665.266671134158969 ], [ 6566928.915667434222996, 8760624.492779597640038 ], [ 6566916.241579428315163, 8760572.31943660415709 ], [ 6566940.039947817102075, 8760534.009523088112473 ], [ 6566997.845840928144753, 8760535.021349711343646 ], [ 6567043.848784415051341, 8760451.949661057442427 ], [ 6567058.576533857733011, 8760367.856476884335279 ], [ 6567047.283598599024117, 8760297.25869176723063 ], [ 6567020.172307500615716, 8760259.128824492916465 ], [ 6567027.345558892935514, 8760219.447434181347489 ], [ 6567050.241580380126834, 8760200.234653849154711 ], [ 6567087.384964141994715, 8760224.460567250847816 ], [ 6567123.995438439771533, 8760221.623728478327394 ], [ 6567164.354453842155635, 8760151.768260302022099 ], [ 6567161.073420571163297, 8760007.982578180730343 ], [ 6567182.370772399008274, 8759797.711055716499686 ], [ 6567178.803465720266104, 8759691.341707699000835 ], [ 6567183.147643737494946, 8759633.57132743857801 ], [ 6567242.539301332086325, 8759562.814655082300305 ], [ 6567270.255225331522524, 8759405.330634020268917 ], [ 6567308.698665106669068, 8759248.137515773996711 ], [ 6567380.569154128432274, 8759234.708266718313098 ], [ 6567423.676524550653994, 8759180.158399971202016 ], [ 6567415.615565264597535, 8759140.317981952801347 ], [ 6567326.037598411552608, 8759085.07314981892705 ], [ 6567330.872524885460734, 8759037.114772593602538 ], [ 6567351.510822359472513, 8758981.893368430435658 ], [ 6567347.561171390116215, 8758913.469500521197915 ], [ 6567385.164880239404738, 8758847.061710709705949 ], [ 6567379.905408437363803, 8758799.980164503678679 ], [ 6567379.210163272917271, 8758700.114848176017404 ], [ 6567320.245900301262736, 8758698.614837778732181 ], [ 6567289.704390024766326, 8758593.852250184863806 ], [ 6567247.755941858515143, 8758576.861970130354166 ], [ 6567239.539622800424695, 8758533.252441523596644 ], [ 6567222.099218798801303, 8758483.621217777952552 ], [ 6567248.392891333438456, 8758332.147884221747518 ], [ 6567213.692371712997556, 8758274.342398390173912 ], [ 6567215.408503542654216, 8758231.095776008442044 ], [ 6567247.383618585765362, 8758204.833070509135723 ], [ 6567199.542444730177522, 8758166.260100534185767 ], [ 6567208.534100131131709, 8758132.767226720228791 ], [ 6567257.900991711765528, 8758121.701215786859393 ], [ 6567262.758143769577146, 8758048.34211022593081 ], [ 6567299.64092016313225, 8758004.674056654796004 ], [ 6567314.804094624705613, 8757976.765103094279766 ], [ 6567263.897580869495869, 8757983.465751947835088 ], [ 6567226.851858004927635, 8757968.56060934625566 ], [ 6567234.451298391446471, 8757938.762027155607939 ], [ 6567268.035366510972381, 8757929.32150911539793 ], [ 6567268.029851309023798, 8757882.516340494155884 ], [ 6567289.924445233307779, 8757842.250623608008027 ], [ 6567332.626625472679734, 8757817.202253913506866 ], [ 6567364.212693423032761, 8757798.065914057195187 ], [ 6567353.726111525669694, 8757757.88433400541544 ], [ 6567347.36711339186877, 8757728.004894999787211 ], [ 6567372.568692809902132, 8757686.851966235786676 ], [ 6567367.364056357182562, 8757638.181898051872849 ], [ 6567347.016800213605165, 8757607.812562024220824 ], [ 6567399.38642939645797, 8757569.548856230452657 ], [ 6567424.522259787656367, 8757477.302653253078461 ], [ 6567374.533016, 8757459.907794954255223 ], [ 6567346.26945557910949, 8757426.433406133204699 ], [ 6567404.367582689970732, 8757347.915649954229593 ], [ 6567418.674832173623145, 8757291.052639827132225 ], [ 6567492.788846740499139, 8757200.513147139921784 ], [ 6567474.703771224245429, 8757137.425627700984478 ], [ 6567497.356225242838264, 8757114.284260235726833 ], [ 6567569.852801869623363, 8757144.167506339028478 ], [ 6567586.308276197873056, 8757098.350230388343334 ], [ 6567584.638104099780321, 8757029.406925255432725 ], [ 6567650.829499892890453, 8756972.742722943425179 ], [ 6567742.307191401720047, 8757007.134410563856363 ], [ 6567878.705127219669521, 8757102.486534329131246 ], [ 6567972.060351587831974, 8757118.110068343579769 ], [ 6568022.68709909543395, 8757103.614852810278535 ], [ 6568046.953673536889255, 8757149.613786898553371 ], [ 6568182.099216317757964, 8757155.074546406045556 ], [ 6568337.653096431866288, 8757115.47564247995615 ], [ 6568418.629034386016428, 8757126.869901927188039 ], [ 6568492.598271824419498, 8757162.924448288977146 ], [ 6568529.677639502100646, 8757058.022516537457705 ], [ 6568666.802224349230528, 8757054.121546359732747 ], [ 6568831.534865968860686, 8756986.035402508452535 ], [ 6569023.882448292337358, 8757013.085091503337026 ], [ 6569134.865955583751202, 8757044.941137300804257 ], [ 6569193.108460996299982, 8757011.550355052575469 ], [ 6569219.200054506771266, 8756916.032497379928827 ], [ 6569213.578935280442238, 8756832.255061816424131 ], [ 6569207.943278271704912, 8756770.53635386377573 ], [ 6569239.986298128962517, 8756719.251200929284096 ], [ 6569289.849865137599409, 8756695.99084379337728 ], [ 6569369.339094335213304, 8756687.163316957652569 ], [ 6569457.309355177916586, 8756734.681943407282233 ], [ 6569513.865780881606042, 8756705.260831182822585 ], [ 6569614.892488540150225, 8756714.11391887255013 ], [ 6569691.783272497355938, 8756748.966699536889791 ], [ 6569768.762271443381906, 8756763.571275413036346 ], [ 6569827.863757876679301, 8756811.125112948939204 ], [ 6569916.257432755082846, 8756829.912242971360683 ], [ 6569980.383896293118596, 8756862.358390584588051 ], [ 6570040.663616680540144, 8756886.074687657877803 ], [ 6570093.848054120317101, 8756894.117227187380195 ], [ 6570165.124265043996274, 8757022.561684850603342 ], [ 6570192.726906473748386, 8757057.278238497674465 ], [ 6570262.743582127615809, 8757053.201507531106472 ], [ 6570284.582525046542287, 8757005.570609090849757 ], [ 6570346.554002588614821, 8756958.864453805610538 ], [ 6570416.989603396505117, 8756978.138660907745361 ], [ 6570469.112229403108358, 8756953.81034036912024 ], [ 6570515.12598005309701, 8756910.120671641081572 ], [ 6570567.46415779646486, 8756905.512901090085506 ], [ 6570558.348890118300915, 8756878.306138597428799 ], [ 6570554.695584437809885, 8756867.410085465759039 ], [ 6570547.76991125755012, 8756852.789383318275213 ], [ 6570542.996226202696562, 8756840.17769687063992 ], [ 6570538.222002971917391, 8756827.554627809673548 ], [ 6570533.83726947568357, 8756817.629093755036592 ], [ 6570532.391857329756021, 8756814.354050975292921 ], [ 6570528.596592724323273, 8756805.792777387425303 ], [ 6570524.33217463362962, 8756793.305276181548834 ], [ 6570523.734350611455739, 8756791.530588984489441 ], [ 6570520.214765408076346, 8756784.177299380302429 ], [ 6570516.694644203409553, 8756776.812624929472804 ], [ 6570511.762481894344091, 8756761.994584906846285 ], [ 6570506.928059043362737, 8756747.160496082156897 ], [ 6570499.894444492645562, 8756732.339553093537688 ], [ 6570497.593092965893447, 8756728.317746242508292 ], [ 6570483.945042333565652, 8756705.263441974297166 ], [ 6570465.367715039290488, 8756669.547854289412498 ], [ 6570458.65446797106415, 8756661.307779701426625 ], [ 6570456.1296421084553, 8756652.766092218458652 ], [ 6570447.102492358535528, 8756638.142572598531842 ], [ 6570442.174581523984671, 8756623.415678262710571 ], [ 6570435.145766266621649, 8756608.697268798947334 ], [ 6570428.199488695710897, 8756593.87223918363452 ], [ 6570421.072389408946037, 8756579.15850992500782 ], [ 6570414.146663993597031, 8756564.537929683923721 ], [ 6570409.213915860280395, 8756549.708584800362587 ], [ 6570400.077555001713336, 8756535.090300185605884 ], [ 6570393.14700292982161, 8756520.367261257022619 ], [ 6570386.122988570481539, 8756505.751373777166009 ], [ 6570377.192737381905317, 8756493.188860485330224 ], [ 6570363.036782845854759, 8756463.756830306723714 ], [ 6570360.725784480571747, 8756459.530103700235486 ], [ 6570353.376606676727533, 8756436.370831934735179 ], [ 6570336.993526011705399, 8756400.539902152493596 ], [ 6570331.651673418469727, 8756379.339441578835249 ], [ 6570328.702817325480282, 8756362.247690197080374 ], [ 6570323.770015716552734, 8756347.418417809531093 ], [ 6570317.899459036998451, 8756313.347760086879134 ], [ 6570312.957071543671191, 8756296.453421041369438 ], [ 6570310.334081095643342, 8756244.871182607486844 ], [ 6570305.406590056605637, 8756230.155802480876446 ], [ 6570302.991809984669089, 8756183.002873167395592 ], [ 6570305.506353326141834, 8756148.511100526899099 ], [ 6570307.396738134324551, 8756103.310470519587398 ], [ 6570308.445137646049261, 8756083.951904054731131 ], [ 6570313.168798168189824, 8756051.523392740637064 ], [ 6570320.828679420985281, 8756038.241310995072126 ], [ 6570324.28579868003726, 8756023.09336094558239 ], [ 6570331.951010628603399, 8756009.925126571208239 ], [ 6570337.412503369152546, 8755994.579224528744817 ], [ 6570345.170609375461936, 8755981.292439395561814 ], [ 6570350.735172024928033, 8755966.044329421594739 ], [ 6570358.296697520650923, 8755952.766865570098162 ], [ 6570365.958340899087489, 8755937.430506018921733 ], [ 6570375.714152210392058, 8755924.037345105782151 ], [ 6570383.276951394975185, 8755908.694246884435415 ], [ 6570391.034974838607013, 8755895.407403606921434 ], [ 6570396.50170994643122, 8755880.175298167392612 ], [ 6570404.166251635178924, 8755866.995584554970264 ], [ 6570411.822445601224899, 8755851.545299774035811 ], [ 6570424.621597245335579, 8755816.541743606328964 ], [ 6570437.952264111489058, 8755790.277195919305086 ], [ 6570449.708048668690026, 8755774.734733909368515 ], [ 6570459.361893870867789, 8755759.17803025431931 ], [ 6570469.12897867988795, 8755745.795598583295941 ], [ 6570476.789864065125585, 8755730.447704520076513 ], [ 6570484.355986796319485, 8755717.272561209276319 ], [ 6570496.2081299405545, 8755703.779580790549517 ], [ 6570506.062511811032891, 8755690.392948150634766 ], [ 6570529.689006511121988, 8755663.616019258275628 ], [ 6570541.864829842932522, 8755654.444115670397878 ], [ 6570553.931447964161634, 8755645.277390021830797 ], [ 6570568.210888852365315, 8755640.342000268399715 ], [ 6570581.812247621826828, 8755633.55586270801723 ], [ 6570585.221762610599399, 8755632.286837738007307 ], [ 6570562.051018007099628, 8755615.49433302693069 ], [ 6567108.175001448951662, 8753112.031042341142893 ], [ 6566681.311716691590846, 8752802.64170541241765 ], [ 6566611.068685553967953, 8752751.724820660427213 ], [ 6565974.322954200208187, 8752290.215826503932476 ], [ 6565846.517211608588696, 8752197.583410339429975 ], [ 6560625.09259239025414, 8751704.789602641016245 ] ] ], [ [ [ 6560983.068368365056813, 8764140.494147177785635 ], [ 6560886.930722562596202, 8764120.776366801932454 ], [ 6560744.700739706866443, 8764107.464873669669032 ], [ 6560569.563224451616406, 8764428.44634504429996 ], [ 6560600.902922022156417, 8764609.458116699010134 ], [ 6560703.523101877421141, 8764667.157041134312749 ], [ 6560883.442979984916747, 8764767.898143311962485 ], [ 6560975.805818262510002, 8764577.18028886243701 ], [ 6561082.558890184387565, 8764507.993730902671814 ], [ 6561129.53895858488977, 8764438.690663674846292 ], [ 6561203.057491542771459, 8764325.443567583337426 ], [ 6560983.068368365056813, 8764140.494147177785635 ] ] ] ] } },
{ "type": "Feature", "properties": { "lv_id": "LOC_031987", "id": 148738.0, "CD_SETOR": "291700305000049", "SITUACAO": "Rural", "CD_SIT": "8", "CD_TIPO": "0", "AREA_KM2": 42.408482116544718, "CD_REGIAO": "2", "NM_REGIAO": "Nordeste", "CD_UF": "29", "NM_UF": "Bahia", "CD_MUN": "2917003", "NM_MUN": "Itiúba", "CD_DIST": "291700305", "NM_DIST": "Itiúba", "CD_SUBDIST": "29170030500", "NM_SUBDIST": null, "CD_BAIRRO": null, "NM_BAIRRO": null, "CD_NU": null, "NM_NU": null, "CD_FCU": null, "NM_FCU": null, "CD_AGLOM": null, "NM_AGLOM": null, "CD_RGINT": "2908", "NM_RGINT": "Juazeiro", "CD_RGI": "290023", "NM_RGI": "Senhor do Bonfim", "CD_CONCURB": null, "NM_CONCURB": null, "mun_code_x": "2917003", "index_right": 7737, "dist_m": 0.0, "local_id": 339719, "ano": 2022, "cod_localidade_ibge": 2917003, "NR_ZONA": "149", "nr_cep": 48850000.0, "nm_localidade": "ITIÚBA", "nm_locvot": "ESCOLA JOSE PEREIRA DA SILVA", "ds_endereco": "POV. ANSELMO - ZONA RURAL", "ds_bairro": "POVOADO ANSELMO", "pred_long": -39.656748, "pred_lat": -10.855741, "pred_dist": 0.015089612943032101, "tse_long": null, "tse_lat": null, "long": -39.656748, "lat": -10.855741, "ID_UNICO": "LOC_031987", "SG_UF": "BA", "CD_MUNICIPIO": "36412", "NR_LOCAL_VOTACAO": "1287", "QT_SECOES_AGREGADAS": 0, "QT_ELEITORES_TRANSFERIDOS": 0, "CIRO GOMES (PDT) (NÃO ELEITO) 1T": 4.0, "CONSTITUINTE EYMAEL (DC) (NÃO ELEITO) 1T": 0.0, "FELIPE D AVILA (NOVO) (NÃO ELEITO) 1T": 0.0, "JAIR BOLSONARO (PL) (2º TURNO) 1T": 22.0, "LULA (PT) (2º TURNO) 1T": 148.0, "LÉO PÉRICLES (UP) (NÃO ELEITO) 1T": 0.0, "PADRE KELMON (PTB) (NÃO ELEITO) 1T": 0.0, "SIMONE TEBET (MDB) (NÃO ELEITO) 1T": 5.0, "SOFIA MANZANO (PCB) (NÃO ELEITO) 1T": 1.0, "SORAYA THRONICKE (UNIÃO) (NÃO ELEITO) 1T": 3.0, "VERA (PSTU) (NÃO ELEITO) 1T": 0.0, "Total_Votos_Validos 1T": 183.0, "Votos_Brancos 1T": 3.0, "Votos_Nulos 1T": 4.0, "Abstenções 1T": 92.0, "Eleitores_Aptos 1T": 282.0, "JAIR BOLSONARO (PL) (NÃO ELEITO) 2T": 25.0, "LULA (PT) (ELEITO) 2T": 154.0, "Total_Votos_Validos 2T": 179.0, "Votos_Brancos 2T": 1.0, "Votos_Nulos 2T": 5.0, "Abstenções 2T": 97.0, "Eleitores_Aptos 2T": 282.0, "mun_code_y": "2917003", "mun_code": "2917003" }, "geometry": { "type": "Polygon", "coordinates": [ [ [ 6567397.595184158533812, 8766761.010353354737163 ], [ 6567389.121801684610546, 8766756.536514051258564 ], [ 6567377.314314432442188, 8766750.51928592287004 ], [ 6567375.56258430890739, 8766749.574713526293635 ], [ 6567366.948946080170572, 8766743.498632699251175 ], [ 6567353.748066985979676, 8766733.416421208530664 ], [ 6567344.917367395944893, 8766722.911987913772464 ], [ 6567331.80150406435132, 8766710.657857174053788 ], [ 6567316.487669968977571, 8766700.572298174723983 ], [ 6567304.708213331177831, 8766682.926811629906297 ], [ 6567298.34244093298912, 8766673.401905581355095 ], [ 6567287.318560238927603, 8766660.935361323878169 ], [ 6567278.407643429934978, 8766648.472186898812652 ], [ 6567269.17333272472024, 8766633.765011010691524 ], [ 6567260.148413986898959, 8766621.204517612233758 ], [ 6567238.007654828950763, 8766596.389966040849686 ], [ 6567224.793508292175829, 8766584.140530584380031 ], [ 6567215.763824766501784, 8766571.47759710252285 ], [ 6567206.743680786341429, 8766559.019603822380304 ], [ 6567197.82800003234297, 8766546.454014748334885 ], [ 6567188.705308008939028, 8766533.909573886543512 ], [ 6567179.783474368974566, 8766521.446977660059929 ], [ 6567166.763574209995568, 8766511.253684245049953 ], [ 6567153.494064271450043, 8766495.697971554473042 ], [ 6567139.619540005922318, 8766484.312578573822975 ], [ 6567122.703978373669088, 8766466.155641134828329 ], [ 6567109.787171991541982, 8766451.827079437673092 ], [ 6567098.045688525773585, 8766438.995043713599443 ], [ 6567084.940809571184218, 8766426.740565694868565 ], [ 6567071.706239438615739, 8766414.286811128258705 ], [ 6567060.588858935981989, 8766401.927500804886222 ], [ 6567047.468296920880675, 8766389.571092303842306 ], [ 6567038.34747651964426, 8766374.950021360069513 ], [ 6567029.327882407233119, 8766362.503519326448441 ], [ 6567020.298218987882137, 8766349.840705957263708 ], [ 6567009.180846656672657, 8766337.481430908665061 ], [ 6567002.255582926794887, 8766322.757167100906372 ], [ 6566991.035664274357259, 8766310.311447205021977 ], [ 6566982.008381619118154, 8766295.583332249894738 ], [ 6566972.045953406020999, 8766265.940640907734632 ], [ 6566965.017599765211344, 8766251.118564989417791 ], [ 6566959.990552904084325, 8766234.137186592444777 ], [ 6566953.067136352881789, 8766221.569373812526464 ], [ 6566941.52086241915822, 8766200.467434355989099 ], [ 6566938.79192132782191, 8766187.702421292662621 ], [ 6566931.457677501253784, 8766168.66164374537766 ], [ 6566926.21349349245429, 8766147.252010146155953 ], [ 6566927.36782637052238, 8766129.957203174009919 ], [ 6566924.43743817973882, 8766112.865868326276541 ], [ 6566923.604274619370699, 8766095.67592335678637 ], [ 6566924.759101490490139, 8766078.392500538378954 ], [ 6566923.087416455149651, 8766043.898761754855514 ], [ 6566925.505683111026883, 8766009.315388126298785 ], [ 6566928.866373570635915, 8765991.916815832257271 ], [ 6566932.224163022823632, 8765976.572178136557341 ], [ 6566935.587241379544139, 8765961.341387080028653 ], [ 6566936.851195335388184, 8765944.052812274545431 ], [ 6566940.524403642863035, 8765933.131827659904957 ], [ 6566945.767517127096653, 8765913.374107614159584 ], [ 6566947.044247354380786, 8765898.241416003555059 ], [ 6566946.101700002327561, 8765881.056598782539368 ], [ 6566943.370193718932569, 8765866.123823085799813 ], [ 6566940.227247895672917, 8765844.706684246659279 ], [ 6566935.20242537651211, 8765829.893182318657637 ], [ 6566928.167237021028996, 8765815.1628263220191 ], [ 6566919.042043448425829, 8765800.450904026627541 ], [ 6566914.110215314663947, 8765785.518944656476378 ], [ 6566904.989259961992502, 8765770.898117303848267 ], [ 6566902.566176105290651, 8765766.584996812045574 ], [ 6566897.375785613432527, 8765754.56335418485105 ], [ 6566893.186571929603815, 8765750.641373299062252 ], [ 6566887.367915473878384, 8765750.515693811699748 ], [ 6566880.854960611090064, 8765750.525358516722918 ], [ 6566873.414389503188431, 8765753.887550815939903 ], [ 6566864.490304627455771, 8765757.832962684333324 ], [ 6566850.419465523213148, 8765765.032668430358171 ], [ 6566839.84578662365675, 8765769.991268577054143 ], [ 6566820.998910748399794, 8765782.059430867433548 ], [ 6566819.877336465753615, 8765783.127666540443897 ], [ 6566808.167822894640267, 8765794.255406752228737 ], [ 6566789.656834908761084, 8765810.951578199863434 ], [ 6566768.984146297909319, 8765814.137300554662943 ], [ 6566741.799460772424936, 8765815.472764877602458 ], [ 6566726.903933090157807, 8765811.780423004180193 ], [ 6566713.888395020738244, 8765801.678570572286844 ], [ 6566708.752004276961088, 8765784.702536715194583 ], [ 6566709.803566659800708, 8765763.088321903720498 ], [ 6566708.871441602706909, 8765745.89175689779222 ], [ 6566710.756272157654166, 8765741.467343339696527 ], [ 6566714.018550931476057, 8765724.073517622426152 ], [ 6566721.673739367164671, 8765708.629564579576254 ], [ 6566728.718438168987632, 8765684.542759047821164 ], [ 6566730.625519778579473, 8765680.59650688059628 ], [ 6566738.274090990424156, 8765664.776309011504054 ], [ 6566738.162431064993143, 8765662.613671436905861 ], [ 6566739.526474610902369, 8765647.476980984210968 ], [ 6566747.089432212524116, 8765631.934630207717419 ], [ 6566748.24401138164103, 8765614.651303129270673 ], [ 6566751.716143732890487, 8765599.415447507053614 ], [ 6566748.587728186510503, 8765539.295235296711326 ], [ 6566751.948134389705956, 8765521.896730786189437 ], [ 6566754.240215833298862, 8765509.295014876872301 ], [ 6566753.627211543731391, 8765492.608266532421112 ], [ 6566753.386975169181824, 8765481.574730886146426 ], [ 6566753.109905861318111, 8765463.639904871582985 ], [ 6566754.375508749857545, 8765448.507818033918738 ], [ 6566757.639855064451694, 8765429.048609809949994 ], [ 6566756.283131931908429, 8765403.211828192695975 ], [ 6566756.914202157407999, 8765373.048438707366586 ], [ 6566760.176166787743568, 8765355.654530290514231 ], [ 6566763.538881718181074, 8765340.423769591376185 ], [ 6566769.096542963758111, 8765325.078329546377063 ], [ 6566774.551641564816236, 8765309.646427009254694 ], [ 6566777.924710148945451, 8765294.403751712292433 ], [ 6566777.08015439286828, 8765277.214430335909128 ], [ 6566783.914674435742199, 8765246.74772204644978 ], [ 6566783.070084096863866, 8765229.558398023247719 ], [ 6566786.336695956997573, 8765212.266916522756219 ], [ 6566785.502473929896951, 8765195.065692802891135 ], [ 6566786.656717406585813, 8765177.78231668099761 ], [ 6566783.72583001293242, 8765160.691157663241029 ], [ 6566783.412560830824077, 8765154.202211029827595 ], [ 6566780.159942897967994, 8765132.790403390303254 ], [ 6566781.322585941292346, 8765113.338734677061439 ], [ 6566782.26851849257946, 8765091.820644687861204 ], [ 6566783.319415036588907, 8765070.206332858651876 ], [ 6566788.685023259371519, 8765054.972537009045482 ], [ 6566785.240011431276798, 8764986.206951072439551 ], [ 6566786.405026441439986, 8764968.923050135374069 ], [ 6566785.559720228426158, 8764951.722345851361752 ], [ 6566782.530393873341382, 8764934.635836742818356 ], [ 6566781.589570093899965, 8764915.385833065956831 ], [ 6566776.452676198445261, 8764898.409928439185023 ], [ 6566773.619930917397141, 8764881.314176874235272 ], [ 6566772.67679950594902, 8764864.129494214430451 ], [ 6566773.841201745904982, 8764846.834210364148021 ], [ 6566775.000815701670945, 8764829.436459712684155 ], [ 6566776.257878697477281, 8764812.250909799709916 ], [ 6566775.423926916904747, 8764795.061086319386959 ], [ 6566776.588277695700526, 8764777.765796946361661 ], [ 6566777.876219401136041, 8764759.129719644784927 ], [ 6566778.074843061156571, 8764752.822058456018567 ], [ 6566778.106932671740651, 8764745.289957225322723 ], [ 6566779.346561674959958, 8764725.617840934544802 ], [ 6566781.567176584154367, 8764705.386096227914095 ], [ 6566784.586223994381726, 8764689.133079834282398 ], [ 6566792.240512561053038, 8764673.688765347003937 ], [ 6566795.711957678198814, 8764658.452750159427524 ], [ 6566798.975861053913832, 8764643.226499801501632 ], [ 6566810.106287114322186, 8764612.648594548925757 ], [ 6566815.461981318891048, 8764597.20975318364799 ], [ 6566821.01957462914288, 8764581.875499321147799 ], [ 6566828.686680132523179, 8764568.587008746340871 ], [ 6566836.452606584876776, 8764555.305265918374062 ], [ 6566846.217349628917873, 8764541.929410191252828 ], [ 6566856.079850395210087, 8764528.537528865039349 ], [ 6566863.638207691721618, 8764515.265525380149484 ], [ 6566871.404080694541335, 8764501.983741972595453 ], [ 6566879.06686098780483, 8764488.604112010449171 ], [ 6566892.711797866038978, 8764468.530368220061064 ], [ 6566902.685991610400379, 8764457.301070360466838 ], [ 6566914.759847333654761, 8764448.140808800235391 ], [ 6566924.726175758987665, 8764439.091178763657808 ], [ 6566936.898315683938563, 8764429.926265498623252 ], [ 6566959.252770567312837, 8764417.988458476960659 ], [ 6566973.729337975382805, 8764412.936730675399303 ], [ 6566983.686387691646814, 8764409.558299958705902 ], [ 6566998.632597610354424, 8764406.127491615712643 ], [ 6567006.339442062191665, 8764403.79063692688942 ], [ 6567016.402975616045296, 8764400.817939072847366 ], [ 6567031.692908481694758, 8764400.063707871362567 ], [ 6567053.188001405447721, 8764395.286155957728624 ], [ 6567068.977806074544787, 8764392.340442074462771 ], [ 6567094.979774700477719, 8764389.609823359176517 ], [ 6567112.760035471059382, 8764388.738274877890944 ], [ 6567175.514428628608584, 8764385.646011415868998 ], [ 6567183.904426081106067, 8764387.395998876541853 ], [ 6567217.378213699907064, 8764385.739666119217873 ], [ 6567234.167095980606973, 8764387.082681400701404 ], [ 6567284.328890359960496, 8764384.606104897335172 ], [ 6567300.905095091089606, 8764381.623223131522536 ], [ 6567317.69140284601599, 8764380.798379437997937 ], [ 6567332.069599219597876, 8764375.751055676490068 ], [ 6567347.652680109255016, 8764370.955047210678458 ], [ 6567361.032524824142456, 8764370.085236199200153 ], [ 6567394.289350491017103, 8764364.011746874079108 ], [ 6567410.764647608622909, 8764358.865590846166015 ], [ 6567414.958358243107796, 8764358.656646355986595 ], [ 6567429.448340994305909, 8764355.771942744031549 ], [ 6567441.931700075045228, 8764355.161115208640695 ], [ 6567452.219236945733428, 8764350.420494467020035 ], [ 6567470.791106367483735, 8764345.164124127477407 ], [ 6567489.464395337738097, 8764342.082329470664263 ], [ 6567514.338003419339657, 8764336.517666202038527 ], [ 6567547.490323132835329, 8764330.551577849313617 ], [ 6567561.873238840140402, 8764325.606563545763493 ], [ 6567578.46031304821372, 8764322.622977286577225 ], [ 6567611.509100899100304, 8764312.325736975297332 ], [ 6567628.084710404276848, 8764309.331244228407741 ], [ 6567642.468134194612503, 8764304.39755804464221 ], [ 6567656.944544550962746, 8764299.345376146957278 ], [ 6567671.322647585533559, 8764294.29781443439424 ], [ 6567687.994904930703342, 8764293.375416724011302 ], [ 6567702.27261873614043, 8764286.175995942205191 ], [ 6567710.465585308149457, 8764283.701889868825674 ], [ 6567726.826336991041899, 8764274.224916948005557 ], [ 6567743.093554478138685, 8764264.855025408789515 ], [ 6567761.354791509918869, 8764255.288469919934869 ], [ 6567779.826160838827491, 8764247.879975508898497 ], [ 6567796.406501403078437, 8764244.987818397581577 ], [ 6567810.782462888397276, 8764237.783669209107757 ], [ 6567825.160508333705366, 8764232.735986206680536 ], [ 6567839.43201186414808, 8764225.639427220448852 ], [ 6567867.975294386968017, 8764211.21804635412991 ], [ 6567882.246774924919009, 8764204.12144810706377 ], [ 6567896.412003016099334, 8764194.747743640094995 ], [ 6567910.787910125218332, 8764187.543501885607839 ], [ 6567925.058834919705987, 8764180.435477742925286 ], [ 6567931.474030033685267, 8764174.348036918789148 ], [ 6567937.026518835686147, 8764169.008698778226972 ], [ 6567948.988048675470054, 8764157.684889769181609 ], [ 6567961.165871785953641, 8764148.416178686544299 ], [ 6567985.292117677628994, 8764129.889528835192323 ], [ 6567999.46257428266108, 8764120.629564497619867 ], [ 6568011.530602304264903, 8764111.354564499109983 ], [ 6568019.511204583570361, 8764104.56571271084249 ], [ 6568035.576305396854877, 8764090.868988761678338 ], [ 6568047.644834144040942, 8764081.605336479842663 ], [ 6568061.7033616239205, 8764070.182564623653889 ], [ 6568079.860730844549835, 8764056.284467108547688 ], [ 6568102.317488006316125, 8764044.442989777773619 ], [ 6568114.385966435074806, 8764035.179271584376693 ], [ 6568126.557519046589732, 8764026.013377586379647 ], [ 6568138.518875231966376, 8764014.689362550154328 ], [ 6568144.439804290421307, 8764010.678999638184905 ], [ 6568152.585588153451681, 8764005.320003276690841 ], [ 6568166.863011656329036, 8763998.120125040411949 ], [ 6568178.925300696864724, 8763988.959327530115843 ], [ 6568193.194725651293993, 8763979.477672327309847 ], [ 6568207.465983769856393, 8763972.380738949403167 ], [ 6568221.731919933110476, 8763965.169936558231711 ], [ 6568227.921701620332897, 8763962.698710419237614 ], [ 6568252.276124623604119, 8763948.599506055936217 ], [ 6568274.732706620357931, 8763936.757757617160678 ], [ 6568291.106620391830802, 8763929.447511836886406 ], [ 6568317.754719467833638, 8763919.462019730359316 ], [ 6568328.153841076418757, 8763916.883591087535024 ], [ 6568342.419715357013047, 8763909.672680309042335 ], [ 6568358.889798124320805, 8763904.423172995448112 ], [ 6568392.052413875237107, 8763898.455097690224648 ], [ 6568408.633040045388043, 8763895.573772070929408 ], [ 6568423.010797831229866, 8763890.525561664253473 ], [ 6568439.698548385873437, 8763889.70450840704143 ], [ 6568454.076298607513309, 8763884.656277058646083 ], [ 6568470.753123773261905, 8763883.835720414295793 ], [ 6568485.130866430699825, 8763878.787468140944839 ], [ 6568570.650435710325837, 8763874.469705004245043 ], [ 6568585.339389538392425, 8763873.742823926731944 ], [ 6568606.335408102720976, 8763877.043227711692452 ], [ 6568629.409578174352646, 8763877.963462132960558 ], [ 6568646.310257110744715, 8763881.468381615355611 ], [ 6568679.685216668061912, 8763879.814658125862479 ], [ 6568694.473105512559414, 8763883.316499043256044 ], [ 6568711.160852260887623, 8763882.495312767103314 ], [ 6568725.953530464321375, 8763886.099619220942259 ], [ 6568742.641278643161058, 8763885.27841979265213 ], [ 6568759.523555589839816, 8763886.513409413397312 ], [ 6568792.898520263843238, 8763884.859585050493479 ], [ 6568809.687283894047141, 8763886.201662737876177 ], [ 6568826.375032095238566, 8763885.380423739552498 ], [ 6568843.163266377523541, 8763886.711102686822414 ], [ 6568859.851014832034707, 8763885.889848163351417 ], [ 6568874.542692760936916, 8763887.330803664401174 ], [ 6568899.722833125852048, 8763890.216952165588737 ], [ 6568927.006917787715793, 8763891.04117413982749 ], [ 6568949.988131706602871, 8763892.079730924218893 ], [ 6568966.67535119690001, 8763891.247043317183852 ], [ 6568987.657778169028461, 8763892.379851151257753 ], [ 6569004.558507204055786, 8763895.88466652110219 ], [ 6569038.130754878744483, 8763898.45480365306139 ], [ 6569057.022767653688788, 8763899.594891201704741 ], [ 6569075.908113747835159, 8763900.826573686674237 ], [ 6569109.283092958852649, 8763899.172467702999711 ], [ 6569126.172917320393026, 8763902.677764127030969 ], [ 6569142.8606739602983, 8763901.856385692954063 ], [ 6569166.065840722993016, 8763901.126960864290595 ], [ 6569176.29840403329581, 8763901.545764656737447 ], [ 6569182.322958782315254, 8763901.866371607407928 ], [ 6569205.502845379523933, 8763900.830014538019896 ], [ 6569232.688124264590442, 8763901.647286765277386 ], [ 6569249.375880345702171, 8763900.825857274234295 ], [ 6569278.658785077743232, 8763901.555558959022164 ], [ 6569303.635541277006269, 8763900.320262068882585 ], [ 6569320.206540673971176, 8763897.233489135280252 ], [ 6569336.994810912758112, 8763898.563980527222157 ], [ 6569470.371369848027825, 8763891.883705783635378 ], [ 6569487.06187788117677, 8763893.230158396065235 ], [ 6569524.631030193530023, 8763891.377770258113742 ], [ 6569568.499285632744431, 8763891.270750800147653 ], [ 6569577.979743425734341, 8763889.18022426776588 ], [ 6569587.471122360788286, 8763887.089178510010242 ], [ 6569595.536708272062242, 8763885.407739562913775 ], [ 6569641.416083793155849, 8763877.035255448892713 ], [ 6569642.902869720943272, 8763876.759699266403913 ], [ 6569648.697170164436102, 8763874.728959918022156 ], [ 6569657.280991775915027, 8763871.722159843891859 ], [ 6569673.760453643277287, 8763866.676746560260653 ], [ 6569709.794207217171788, 8763855.390945697203279 ], [ 6569716.052024781703949, 8763853.441015560179949 ], [ 6569723.086141923442483, 8763851.237636581063271 ], [ 6569737.468493966385722, 8763846.291127298027277 ], [ 6569751.846585221588612, 8763841.25351732224226 ], [ 6569768.988877404481173, 8763831.41821600496769 ], [ 6569771.604763126932085, 8763829.537426074966788 ], [ 6569775.470646182075143, 8763826.764619939029217 ], [ 6569778.086530869826674, 8763824.883828630670905 ], [ 6569790.037633985280991, 8763813.353541856631637 ], [ 6569801.90813712682575, 8763799.864290395751595 ], [ 6569815.96587314363569, 8763788.439959798008204 ], [ 6569839.906983521766961, 8763767.853709725663066 ], [ 6569862.149756668135524, 8763751.683885792270303 ], [ 6569888.483570851385593, 8763735.218233352527022 ], [ 6569912.637681066989899, 8763718.958108952268958 ], [ 6569926.806803891435266, 8763709.685141406953335 ], [ 6569938.874580653384328, 8763700.420049639418721 ], [ 6569950.734537813812494, 8763686.942526305094361 ], [ 6569958.400325471535325, 8763673.662956750020385 ], [ 6569959.551345568150282, 8763656.36595419049263 ], [ 6569958.715032963082194, 8763639.174168152734637 ], [ 6569953.780883602797985, 8763624.241282446309924 ], [ 6569944.857317321002483, 8763611.779000893235207 ], [ 6569933.749833807349205, 8763599.431225534528494 ], [ 6569920.728448688052595, 8763589.227855278179049 ], [ 6569904.043366095982492, 8763587.995626287534833 ], [ 6569889.244492149911821, 8763584.49477955326438 ], [ 6569872.567822329699993, 8763585.316195238381624 ], [ 6569840.473441703245044, 8763582.745834264904261 ], [ 6569822.289638372138143, 8763581.299034811556339 ], [ 6569813.789861060678959, 8763579.543483348563313 ], [ 6569791.25438392534852, 8763575.392178816720843 ], [ 6569775.487891251221299, 8763564.302787644788623 ], [ 6569766.279055442661047, 8763552.059438982978463 ], [ 6569758.372481964528561, 8763537.700586467981339 ], [ 6569752.815505363047123, 8763514.124584572389722 ], [ 6569749.334444211795926, 8763501.473959172144532 ], [ 6569746.843364684842527, 8763492.439647508785129 ], [ 6569743.3882847558707, 8763423.666825098916888 ], [ 6569742.450810795649886, 8763404.311797667294741 ], [ 6569745.909139913506806, 8763389.074159579351544 ], [ 6569747.070981973782182, 8763371.776771388947964 ], [ 6569746.234586741775274, 8763354.585124587640166 ], [ 6569747.499492960982025, 8763337.385569771751761 ], [ 6569750.859472898766398, 8763322.152559697628021 ], [ 6569747.190754298120737, 8763249.053495444357395 ], [ 6569737.851736315526068, 8763227.938377434387803 ], [ 6569721.801593410782516, 8763198.604442348703742 ], [ 6569712.784503493458033, 8763186.249471880495548 ], [ 6569703.856132076121867, 8763173.684914901852608 ], [ 6569694.733119977638125, 8763159.064103668555617 ], [ 6569685.708406041376293, 8763144.438659047707915 ], [ 6569678.671511668711901, 8763129.719367910176516 ], [ 6569665.554381379857659, 8763117.466722277924418 ], [ 6569652.338955930434167, 8763105.218725267797709 ], [ 6569643.42150968965143, 8763092.653693597763777 ], [ 6569630.410314254462719, 8763082.666917616501451 ], [ 6569617.40329978428781, 8763074.64269245415926 ], [ 6569604.387321402318776, 8763064.553450593724847 ], [ 6569591.269679537042975, 8763052.289458999410272 ], [ 6569578.147782918997109, 8763039.934385707601905 ], [ 6569565.145574651658535, 8763032.012654324993491 ], [ 6569550.128921561874449, 8763024.083337320014834 ], [ 6569524.242537993937731, 8763008.188673539087176 ], [ 6569502.816437860950828, 8762996.3854712061584 ], [ 6569470.803522987291217, 8762982.90258283726871 ], [ 6569464.299772072583437, 8762978.884797589853406 ], [ 6569453.700790379196405, 8762975.071778317913413 ], [ 6569436.704518621787429, 8762969.518193461000919 ], [ 6569423.686637322418392, 8762961.494530599564314 ], [ 6569410.787560980767012, 8762953.670663714408875 ], [ 6569395.883009700104594, 8762947.904212832450867 ], [ 6569382.978618331253529, 8762939.966490527614951 ], [ 6569367.874645908363163, 8762932.041332341730595 ], [ 6569352.961675260215998, 8762924.221271265298128 ], [ 6569339.741556050255895, 8762911.870929315686226 ], [ 6569326.623996740207076, 8762899.60704224742949 ], [ 6569315.510491104796529, 8762887.362655414268374 ], [ 6569308.503812634386122, 8762877.503298377618194 ], [ 6569306.582197049632668, 8762874.79829078540206 ], [ 6569295.463904242962599, 8762862.451443254947662 ], [ 6569284.454301162622869, 8762850.088059924542904 ], [ 6569271.438420861028135, 8762839.998938409611583 ], [ 6569242.679585459642112, 8762809.017601381987333 ], [ 6569222.652991786599159, 8762784.299523124471307 ], [ 6569213.516838834621012, 8762767.522913156077266 ], [ 6569202.184837114997208, 8762750.838580388575792 ], [ 6569195.158925020135939, 8762736.119052466005087 ], [ 6569188.128219617530704, 8762721.297057079151273 ], [ 6569185.183736944571137, 8762704.205305429175496 ], [ 6569176.164422322064638, 8762689.694030180573463 ], [ 6569171.234977414831519, 8762674.864124726504087 ], [ 6569164.209049623459578, 8762660.144627679139376 ], [ 6569159.799513147212565, 8762653.859921280294657 ], [ 6569159.00955702085048, 8762650.074502417817712 ], [ 6569157.06821078248322, 8762641.094343980774283 ], [ 6569154.036320308223367, 8762624.006743881851435 ], [ 6569149.106855513527989, 8762609.176859561353922 ], [ 6569144.065851337276399, 8762592.19554921425879 ], [ 6569143.964705869555473, 8762590.032216764986515 ], [ 6569137.662575202994049, 8762545.141867766156793 ], [ 6569134.208982846699655, 8762519.504467740654945 ], [ 6569132.423587964847684, 8762482.959163965657353 ], [ 6569129.489912373013794, 8762465.866952288895845 ], [ 6569125.190484611317515, 8762380.007520755752921 ], [ 6569126.450201263651252, 8762362.705860156565905 ], [ 6569129.918981778435409, 8762347.467972164973617 ], [ 6569128.233984007500112, 8762313.074626859277487 ], [ 6569131.599639942869544, 8762297.738899949938059 ], [ 6569134.853771215304732, 8762278.380316579714417 ], [ 6569138.317695694975555, 8762263.039937732741237 ], [ 6569141.67718221899122, 8762247.807186832651496 ], [ 6569147.133106887340546, 8762232.463995361700654 ], [ 6569150.601785711944103, 8762217.226075554266572 ], [ 6569161.724496245384216, 8762188.709219068288803 ], [ 6569178.721899726428092, 8762151.230955297127366 ], [ 6569185.64338693395257, 8762120.653088903054595 ], [ 6569193.30827952362597, 8762107.373594492673874 ], [ 6569198.878083572722971, 8762092.127649929374456 ], [ 6569206.54294965788722, 8762078.848137775436044 ], [ 6569209.995778060518205, 8762063.508199287578464 ], [ 6569217.660618364810944, 8762050.228670863434672 ], [ 6569223.116356921382248, 8762034.885382335633039 ], [ 6569230.87946611829102, 8762021.601192221045494 ], [ 6569238.539473241195083, 8762008.219162797555327 ], [ 6569246.201354530639946, 8761992.771614905446768 ], [ 6569253.866127835586667, 8761979.492040110751987 ], [ 6569263.726149095222354, 8761966.108733408153057 ], [ 6569273.482533731497824, 8761952.616198414936662 ], [ 6569283.244230322539806, 8761939.237510981038213 ], [ 6569289.235754834488034, 8761932.541327089071274 ], [ 6569304.865885883569717, 8761910.304113976657391 ], [ 6569326.802842269651592, 8761887.643325183540583 ], [ 6569344.737880224362016, 8761869.519263230264187 ], [ 6569356.606829291209579, 8761856.029495662078261 ], [ 6569370.871591284871101, 8761848.828188337385654 ], [ 6569382.942959422245622, 8761839.665088355541229 ], [ 6569395.107817949727178, 8761830.394856492057443 ], [ 6569407.179166795685887, 8761821.231731925159693 ], [ 6569421.35305548645556, 8761811.855118483304977 ], [ 6569433.312765809707344, 8761800.540517022833228 ], [ 6569447.686157800257206, 8761793.322582149878144 ], [ 6569461.950325606390834, 8761786.10979563370347 ], [ 6569473.920924250036478, 8761774.794636070728302 ], [ 6569488.083837834186852, 8761765.418465128168464 ], [ 6569502.364228259772062, 8761758.318982033059001 ], [ 6569514.528997603803873, 8761749.048632258549333 ], [ 6569516.414960504509509, 8761746.779938155785203 ], [ 6569540.767926662229002, 8761730.611637722700834 ], [ 6569573.090373702347279, 8761707.448035452514887 ], [ 6569579.284236122854054, 8761705.078407976776361 ], [ 6569607.823844235390425, 8761690.663425045087934 ], [ 6569621.994411096908152, 8761683.55760051868856 ], [ 6569636.371176055632532, 8761678.518879946321249 ], [ 6569650.646148817613721, 8761671.305392364040017 ], [ 6569665.024737389758229, 8761664.201106684282422 ], [ 6569693.766240013763309, 8761654.101328285411 ], [ 6569708.041717629879713, 8761646.899176314473152 ], [ 6569722.326247709803283, 8761639.890576332807541 ], [ 6569736.590788329951465, 8761632.688914423808455 ], [ 6569750.758853250183165, 8761623.426337456330657 ], [ 6569765.233325870707631, 8761618.371477402746677 ], [ 6569777.299633098766208, 8761609.105533227324486 ], [ 6569796.983024031855166, 8761597.710687901824713 ], [ 6569812.945289457216859, 8761584.2208720035851 ], [ 6569828.107814308255911, 8761568.612083368003368 ], [ 6569843.312811397016048, 8761547.831880016252398 ], [ 6569850.972226993180811, 8761534.449277492240071 ], [ 6569862.101299932226539, 8761503.762615896761417 ], [ 6569865.459931457415223, 8761488.529283231124282 ], [ 6569868.92164218146354, 8761473.393774691969156 ], [ 6569874.485863985493779, 8761458.044728146865964 ], [ 6569877.942751369439065, 8761442.806733183562756 ], [ 6569885.60207412019372, 8761429.42407513409853 ], [ 6569893.263184194453061, 8761413.975847590714693 ], [ 6569905.237614654004574, 8761402.751287277787924 ], [ 6569917.191514604724944, 8761391.322276685386896 ], [ 6569929.26241762470454, 8761382.158602938055992 ], [ 6569943.635952594690025, 8761374.951502224430442 ], [ 6569957.915984677150846, 8761367.851513165980577 ], [ 6569986.361479366198182, 8761353.542797973379493 ], [ 6569998.43233796954155, 8761344.379060825332999 ], [ 6570010.596681634895504, 8761335.108186006546021 ], [ 6570024.763911781832576, 8761325.833863841369748 ], [ 6570038.61078395601362, 8761305.74513397179544 ], [ 6570039.572828214615583, 8761302.915218995884061 ], [ 6570044.302878500893712, 8761289.1574243362993 ], [ 6570044.856858005747199, 8761267.563420966267586 ], [ 6570043.442959852516651, 8761236.670799784362316 ], [ 6570043.341644149273634, 8761234.507400115951896 ], [ 6570038.295900968834758, 8761215.346451625227928 ], [ 6570033.370746148750186, 8761200.63030288554728 ], [ 6570030.435850100591779, 8761183.537711733952165 ], [ 6570025.505351869389415, 8761168.707708915695548 ], [ 6570024.653403041884303, 8761149.348406791687012 ], [ 6570019.72342521790415, 8761134.529798828065395 ], [ 6570012.789492123760283, 8761119.691872898489237 ], [ 6570009.859357486478984, 8761102.70177829824388 ], [ 6569999.998835006728768, 8761073.053210057318211 ], [ 6569995.167126142419875, 8761058.229976497590542 ], [ 6569990.222629457712173, 8761041.232482988387346 ], [ 6569981.211059499531984, 8761028.775177234783769 ], [ 6569976.374538963660598, 8761013.849482923746109 ], [ 6569967.239794388413429, 8760999.229829719290137 ], [ 6569960.315964520908892, 8760984.60829696804285 ], [ 6569958.11773126386106, 8760982.544101929292083 ], [ 6569937.959376683458686, 8760953.405603809282184 ], [ 6569926.001884936355054, 8760923.856350257992744 ], [ 6569914.767727152444422, 8760907.179291009902954 ], [ 6569905.740432370454073, 8760894.620087610557675 ], [ 6569898.811788972467184, 8760879.896127641201019 ], [ 6569891.784850987605751, 8760865.176824087277055 ], [ 6569886.854270155541599, 8760850.346937172114849 ], [ 6569884.120621603913605, 8760833.347640216350555 ], [ 6569879.078301512636244, 8760816.366279574111104 ], [ 6569873.208194897510111, 8760782.181353276595473 ], [ 6569866.962334809824824, 8760769.182494685053825 ], [ 6569858.648388843052089, 8760756.897706899791956 ], [ 6569857.252212142571807, 8760754.898288296535611 ], [ 6569850.225244259461761, 8760740.179032128304243 ], [ 6569839.204674141481519, 8760727.828321637585759 ], [ 6569830.182165476493537, 8760715.371671596542001 ], [ 6569825.763087715953588, 8760707.022163094952703 ], [ 6569813.547727906145155, 8760692.765231447294354 ], [ 6569804.938908542506397, 8760680.494431713595986 ], [ 6569792.025091163814068, 8760652.029086796566844 ], [ 6569790.559918653219938, 8760636.407681779935956 ], [ 6569788.365008132532239, 8760618.527106877416372 ], [ 6569787.566297288052738, 8760611.991909831762314 ], [ 6569790.921267752535641, 8760594.590477745980024 ], [ 6569796.485374382697046, 8760579.252682793885469 ], [ 6569799.941670982167125, 8760564.014618316665292 ], [ 6569807.703448142856359, 8760550.729580603539944 ], [ 6569815.363852454349399, 8760535.281153600662947 ], [ 6569820.829077947884798, 8760519.936593005433679 ], [ 6569828.590813821181655, 8760506.651527350768447 ], [ 6569836.254245925694704, 8760493.371103581041098 ], [ 6569844.015955848619342, 8760480.086019076406956 ], [ 6569853.776230213232338, 8760466.706344766542315 ], [ 6569863.732537703588605, 8760453.305968632921576 ], [ 6569876.773894784972072, 8760435.434625115245581 ], [ 6569883.263400635682046, 8760426.534654293209314 ], [ 6569888.968091953545809, 8760420.273640055209398 ], [ 6569925.006864309310913, 8760385.143723584711552 ], [ 6569938.27356718108058, 8760375.820247512310743 ], [ 6569963.843708674423397, 8760360.208663757890463 ], [ 6569984.426557782106102, 8760354.955122217535973 ], [ 6569998.788434388116002, 8760347.747942475602031 ], [ 6570013.062400389462709, 8760340.533498616889119 ], [ 6570027.447887757793069, 8760335.698777148500085 ], [ 6570041.8232312919572, 8760330.647705210372806 ], [ 6570058.40774273686111, 8760327.660248607397079 ], [ 6570074.879936115816236, 8760322.509898209944367 ], [ 6570091.458322357386351, 8760319.6254120785743 ], [ 6570105.834181455895305, 8760314.585681090131402 ], [ 6570122.311162927187979, 8760309.537769583985209 ], [ 6570145.30228647403419, 8760308.495062723755836 ], [ 6570178.460345515981317, 8760302.520513210445642 ], [ 6570222.120451013557613, 8760298.296836748719215 ], [ 6570237.021504962816834, 8760301.893595362082124 ], [ 6570253.595065540634096, 8760298.906529769301414 ], [ 6570303.559240212664008, 8760296.541099593043327 ], [ 6570317.939328143373132, 8760291.592326052486897 ], [ 6570351.311095067299902, 8760289.943890057504177 ], [ 6570366.113872708752751, 8760293.545263899490237 ], [ 6570383.007393153384328, 8760297.150354258716106 ], [ 6570397.805372922681272, 8760300.649245908483863 ], [ 6570412.498948167078197, 8760304.255784440785646 ], [ 6570427.400027833878994, 8760307.852496776729822 ], [ 6570442.304238409735262, 8760313.617289582267404 ], [ 6570457.107034311629832, 8760317.218653123825788 ], [ 6570471.800621721893549, 8760320.825185691937804 ], [ 6570476.106146012432873, 8760322.77815281227231 ], [ 6570507.79769263509661, 8760329.882106391713023 ], [ 6570555.975445163436234, 8760334.002976130694151 ], [ 6570574.874826718121767, 8760335.333404988050461 ], [ 6570608.137427480891347, 8760333.689951371401548 ], [ 6570634.293166472576559, 8760333.843697227537632 ], [ 6570642.660318790003657, 8760333.013852018862963 ], [ 6570662.299646372906864, 8760331.21659560315311 ], [ 6570683.189656457863748, 8760330.181755868718028 ], [ 6570697.564913438633084, 8760325.130305599421263 ], [ 6570713.948877335526049, 8760320.200549213215709 ], [ 6570747.111683216877282, 8760314.327864525839686 ], [ 6570790.245875447057188, 8760301.455321989953518 ], [ 6570819.118830795399845, 8760293.73154354095459 ], [ 6570852.067777978256345, 8760283.532305225729942 ], [ 6570866.136216625571251, 8760274.272847682237625 ], [ 6570880.414771565236151, 8760267.160279054194689 ], [ 6570894.790498326532543, 8760262.120068253949285 ], [ 6570909.062923917546868, 8760255.110471663996577 ], [ 6570921.138877691701055, 8760245.842618077993393 ], [ 6570935.411821061745286, 8760238.844382399693131 ], [ 6570949.685532342642546, 8760231.629269635304809 ], [ 6570963.85219600237906, 8760222.365058267489076 ], [ 6570969.847779744304717, 8760213.910101987421513 ], [ 6570973.304935671389103, 8760196.605560090392828 ], [ 6570974.767579505220056, 8760189.517912652343512 ], [ 6570976.029574727639556, 8760172.317341390997171 ], [ 6570972.978561179712415, 8760150.904629398137331 ], [ 6570970.14085353910923, 8760133.806957306340337 ], [ 6570961.216069079004228, 8760121.345589945092797 ], [ 6570956.284683335572481, 8760106.515378102660179 ], [ 6570947.258963079191744, 8760091.901941787451506 ], [ 6570942.430666146799922, 8760077.169565219432116 ], [ 6570933.560979998670518, 8760057.481838937848806 ], [ 6570932.858528851531446, 8760041.104708669707179 ], [ 6570932.420848622918129, 8760018.004800179973245 ], [ 6570935.335112616419792, 8760003.830025790259242 ], [ 6570948.192794517613947, 8759979.963318683207035 ], [ 6570955.95850355643779, 8759966.779774663969874 ], [ 6570965.717938423156738, 8759953.399059096351266 ], [ 6570977.682868549600244, 8759939.902430085465312 ], [ 6570985.345440102741122, 8759926.621029807254672 ], [ 6570995.109638202935457, 8759913.342756953090429 ], [ 6571002.773791155777872, 8759897.99568828754127 ], [ 6571008.331482832320035, 8759882.542995357885957 ], [ 6571013.785291783511639, 8759867.209336366504431 ], [ 6571019.450858496129513, 8759851.956932263448834 ], [ 6571018.611485600471497, 8759834.764569031074643 ], [ 6571022.066715689375997, 8759819.525587860494852 ], [ 6571025.439373477362096, 8759804.393222337588668 ], [ 6571023.649187550880015, 8759765.768499197438359 ], [ 6571023.954707567580044, 8759729.121457306668162 ], [ 6571024.159721150994301, 8759688.233904179185629 ], [ 6571023.320237021893263, 8759671.041541691869497 ], [ 6571020.482214788906276, 8759653.943887969478965 ], [ 6571015.648880423046649, 8759639.109076185151935 ], [ 6571012.815651255659759, 8759622.113910183310509 ], [ 6571008.709570655599236, 8759536.239102799445391 ], [ 6571012.077225644141436, 8759521.004227604717016 ], [ 6571013.338716543279588, 8759503.803593065589666 ], [ 6571016.692189707420766, 8759486.401097971946001 ], [ 6571020.250269408337772, 8759471.259891739115119 ], [ 6571025.709332151338458, 8759455.811751708388329 ], [ 6571036.10081772506237, 8759410.196068676188588 ], [ 6571039.363972494378686, 8759395.068815022706985 ], [ 6571041.679852885194123, 8759383.079118287190795 ], [ 6571044.549836800433695, 8759367.970492966473103 ], [ 6571049.749067947268486, 8759343.256639508530498 ], [ 6571051.614960184320807, 8759320.047404114156961 ], [ 6571055.985320604406297, 8759304.958936095237732 ], [ 6571060.000618830323219, 8759284.637753589078784 ], [ 6571064.426577123813331, 8759260.474060583859682 ], [ 6571067.569075816310942, 8759240.913196535781026 ], [ 6571068.830335464328527, 8759223.712508324533701 ], [ 6571075.766521028243005, 8759193.335750684142113 ], [ 6571077.022931576706469, 8759176.032573761418462 ], [ 6571082.476163547486067, 8759160.698714215308428 ], [ 6571085.946617037057877, 8759145.561560019850731 ], [ 6571085.10620647482574, 8759128.357784431427717 ], [ 6571088.565715176984668, 8759113.221141777932644 ], [ 6571092.026510807685554, 8759097.87901602126658 ], [ 6571095.286145813763142, 8759080.583547858521342 ], [ 6571093.693652556277812, 8759046.194619867950678 ], [ 6571097.164020043797791, 8759031.057442350313067 ], [ 6571096.740720424801111, 8759022.507051369175315 ], [ 6571097.157020173966885, 8758988.011457182466984 ], [ 6571097.68576545920223, 8758955.678820073604584 ], [ 6571099.043566131964326, 8758940.539091400802135 ], [ 6571095.999094234779477, 8758921.385648733004928 ], [ 6571091.06764280423522, 8758906.56697959266603 ], [ 6571090.227605257183313, 8758889.374592915177345 ], [ 6571085.194027881138027, 8758872.381069792434573 ], [ 6571082.460368438623846, 8758859.615070322528481 ], [ 6571081.974463211372495, 8758849.732440676540136 ], [ 6571081.625115759670734, 8758842.525170490145683 ], [ 6571078.684981562197208, 8758823.264089964330196 ], [ 6571076.998688454739749, 8758788.98233506269753 ], [ 6571072.066651065833867, 8758774.152310909703374 ], [ 6571069.028189858421683, 8758754.895904680714011 ], [ 6571066.080386288464069, 8758737.803493892773986 ], [ 6571066.812016871757805, 8758709.797832898795605 ], [ 6571063.141348760575056, 8758677.778498670086265 ], [ 6571063.985430357977748, 8758651.935793491080403 ], [ 6571062.620216147974133, 8758624.029580660164356 ], [ 6571059.672337340191007, 8758606.937186857685447 ], [ 6571057.996162306517363, 8758572.643560815602541 ], [ 6571050.96782657969743, 8758557.924424083903432 ], [ 6571046.134516049176455, 8758543.10117694362998 ], [ 6571041.089855184778571, 8758526.108256734907627 ], [ 6571034.061508962884545, 8758511.389138180762529 ], [ 6571029.129365303553641, 8758496.559181807562709 ], [ 6571024.29603655077517, 8758481.735954757779837 ], [ 6571015.170942621305585, 8758467.116312902420759 ], [ 6571008.240869621746242, 8758452.392556864768267 ], [ 6571001.212509444914758, 8758437.673469334840775 ], [ 6570982.835532236844301, 8758404.103678768500686 ], [ 6570971.284224366769195, 8758380.937438245862722 ], [ 6570959.74716161750257, 8758359.938822558149695 ], [ 6570954.814982369542122, 8758345.108924925327301 ], [ 6570947.884888529777527, 8758330.38522214628756 ], [ 6570940.845587438903749, 8758315.666706223040819 ], [ 6570929.824186284095049, 8758303.316798819229007 ], [ 6570920.806801727041602, 8758290.757709164172411 ], [ 6570907.677222820930183, 8758278.496414449065924 ], [ 6570896.655827699229121, 8758266.146527942270041 ], [ 6570885.535615802742541, 8758253.789924334734678 ], [ 6570872.618697582744062, 8758243.492837442085147 ], [ 6570859.500586969777942, 8758231.242439774796367 ], [ 6570846.273275705985725, 8758218.997230214998126 ], [ 6570830.844292157329619, 8758202.519927076995373 ], [ 6570819.930639415979385, 8758192.230540119111538 ], [ 6570802.502285679802299, 8758177.92508590221405 ], [ 6570783.083653785288334, 8758165.985040476545691 ], [ 6570765.772133373655379, 8758153.933628866448998 ], [ 6570752.750859339721501, 8758143.744255071505904 ], [ 6570737.647129056975245, 8758135.821946244686842 ], [ 6570724.72748258151114, 8758127.796027287840843 ], [ 6570711.711034314706922, 8758117.709146628156304 ], [ 6570698.801780951209366, 8758109.671330720186234 ], [ 6570685.794782651588321, 8758101.649567287415266 ], [ 6570670.890976397320628, 8758095.886053413152695 ], [ 6570658.074445936828852, 8758087.95796711742878 ], [ 6570645.160394283942878, 8758079.817684691399336 ], [ 6570630.158316791988909, 8758074.058838235214353 ], [ 6570615.147337370552123, 8758066.24627666734159 ], [ 6570600.238203473389149, 8758060.368904862552881 ], [ 6570593.11564588919282, 8758055.993691362440586 ], [ 6570587.334329701960087, 8758052.44497699290514 ], [ 6570574.414725835435092, 8758044.419092010706663 ], [ 6570561.412576181814075, 8758036.499833136796951 ], [ 6570539.683185577392578, 8758020.332997599616647 ], [ 6570517.858830979093909, 8758001.911137662827969 ], [ 6570500.53702855668962, 8757989.871734697371721 ], [ 6570487.529552509076893, 8757981.838634248822927 ], [ 6570474.609977788291872, 8757973.812779167667031 ], [ 6570461.701327114365995, 8757965.786409374326468 ], [ 6570448.684957230463624, 8757955.699616076424718 ], [ 6570435.677496280521154, 8757947.666529949754477 ], [ 6570422.661134109832346, 8757937.579746307805181 ], [ 6570409.541679437272251, 8757927.395152673125267 ], [ 6570396.423708902671933, 8757915.144961146637797 ], [ 6570381.304363214410841, 8757907.120784856379032 ], [ 6570363.779382478445768, 8757890.754610173404217 ], [ 6570331.355526069179177, 8757868.727478235960007 ], [ 6570303.118259971030056, 8757848.453173102810979 ], [ 6570294.094897060655057, 8757835.997376378625631 ], [ 6570283.068307839334011, 8757823.533912468701601 ], [ 6570271.948786270804703, 8757811.188981695100665 ], [ 6570245.603724505752325, 8757786.69393084384501 ], [ 6570234.577144938521087, 8757774.230495607480407 ], [ 6570229.645555659197271, 8757759.412398478016257 ], [ 6570230.28274601418525, 8757731.503348300233483 ], [ 6570230.556116135790944, 8757727.770159661769867 ], [ 6570231.539049053564668, 8757714.212054641917348 ], [ 6570241.296371912583709, 8757700.819662012159824 ], [ 6570253.268262203782797, 8757689.604533771052957 ], [ 6570267.432570322416723, 8757680.328072592616081 ], [ 6570281.709951958619058, 8757673.225873243063688 ], [ 6570295.967708127573133, 8757663.842242149636149 ], [ 6570310.249887020327151, 8757656.842492755502462 ], [ 6570338.69150310382247, 8757640.463718522340059 ], [ 6570362.838612899184227, 8757622.131832664832473 ], [ 6570391.381795980036259, 8757607.916365996003151 ], [ 6570405.557460471987724, 8757598.650628687813878 ], [ 6570419.823303773999214, 8757591.537427395582199 ], [ 6570432.000549919903278, 8757582.366491110995412 ], [ 6570444.068584315478802, 8757573.200724480673671 ], [ 6570456.043677225708961, 8757564.153473855927587 ], [ 6570468.106877447105944, 8757554.885204890742898 ], [ 6570480.27797990385443, 8757545.817215485498309 ], [ 6570492.352080902084708, 8757536.548403607681394 ], [ 6570504.424882451072335, 8757527.485053768381476 ], [ 6570516.394577502273023, 8757518.323877902701497 ], [ 6570528.560826312750578, 8757509.153361240401864 ], [ 6570534.543709076009691, 8757503.483023039996624 ], [ 6570540.52712367195636, 8757497.824067775160074 ], [ 6570548.402256760746241, 8757488.868593849241734 ], [ 6570556.274001364596188, 8757477.745018387213349 ], [ 6570576.217038197442889, 8757459.623622857034206 ], [ 6570591.850723724812269, 8757437.370207548141479 ], [ 6570611.370514054782689, 8757410.709902979433537 ], [ 6570618.404242161661386, 8757384.550919961184263 ], [ 6570621.873640293255448, 8757369.413826933130622 ], [ 6570627.325673934072256, 8757354.079910656437278 ], [ 6570628.487501725554466, 8757336.884081063792109 ], [ 6570635.410472752526402, 8757306.507903864607215 ], [ 6570631.94199834484607, 8757237.835923297330737 ], [ 6570628.910961562767625, 8757220.85054032318294 ], [ 6570629.95185442827642, 8757199.221206648275256 ], [ 6570628.274778801947832, 8757164.939566684886813 ], [ 6570622.703226190060377, 8757139.310459427535534 ], [ 6570619.770416129380465, 8757122.320425968617201 ], [ 6570616.408964160829782, 8757096.677697844803333 ], [ 6570613.574947472661734, 8757079.694392576813698 ], [ 6570605.081398790702224, 8757037.074779059737921 ], [ 6570600.137859432026744, 8757022.245786983519793 ], [ 6570595.205235582776368, 8757007.416281178593636 ], [ 6570592.788597313687205, 8757000.010583342984319 ], [ 6570590.382342611439526, 8756992.592981692403555 ], [ 6570587.340261304751039, 8756975.608166258782148 ], [ 6570584.397735927253962, 8756958.41321268863976 ], [ 6570582.923418803140521, 8756949.867235589772463 ], [ 6570581.448564175516367, 8756941.30987286567688 ], [ 6570574.381161485798657, 8756926.467634899541736 ], [ 6570569.591322689317167, 8756911.882437301799655 ], [ 6570567.46415779646486, 8756905.512901090085506 ], [ 6570515.12598005309701, 8756910.120671641081572 ], [ 6570469.112229403108358, 8756953.81034036912024 ], [ 6570416.989603396505117, 8756978.138660907745361 ], [ 6570346.554002588614821, 8756958.864453805610538 ], [ 6570284.582525046542287, 8757005.570609090849757 ], [ 6570262.743582127615809, 8757053.201507531106472 ], [ 6570192.726906473748386, 8757057.278238497674465 ], [ 6570165.124265043996274, 8757022.561684850603342 ], [ 6570093.848054120317101, 8756894.117227187380195 ], [ 6570040.663616680540144, 8756886.074687657877803 ], [ 6569980.383896293118596, 8756862.358390584588051 ], [ 6569916.257432755082846, 8756829.912242971360683 ], [ 6569827.863757876679301, 8756811.125112948939204 ], [ 6569768.762271443381906, 8756763.571275413036346 ], [ 6569691.783272497355938, 8756748.966699536889791 ], [ 6569614.892488540150225, 8756714.11391887255013 ], [ 6569513.865780881606042, 8756705.260831182822585 ], [ 6569457.309355177916586, 8756734.681943407282233 ], [ 6569369.339094335213304, 8756687.163316957652569 ], [ 6569289.849865137599409, 8756695.99084379337728 ], [ 6569239.986298128962517, 8756719.251200929284096 ], [ 6569207.943278271704912, 8756770.53635386377573 ], [ 6569213.578935280442238, 8756832.255061816424131 ], [ 6569219.200054506771266, 8756916.032497379928827 ], [ 6569193.108460996299982, 8757011.550355052575469 ], [ 6569134.865955583751202, 8757044.941137300804257 ], [ 6569023.882448292337358, 8757013.085091503337026 ], [ 6568831.534865968860686, 8756986.035402508452535 ], [ 6568666.802224349230528, 8757054.121546359732747 ], [ 6568529.677639502100646, 8757058.022516537457705 ], [ 6568492.598271824419498, 8757162.924448288977146 ], [ 6568418.629034386016428, 8757126.869901927188039 ], [ 6568337.653096431866288, 8757115.47564247995615 ], [ 6568182.099216317757964, 8757155.074546406045556 ], [ 6568046.953673536889255, 8757149.613786898553371 ], [ 6568022.68709909543395, 8757103.614852810278535 ], [ 6567972.060351587831974, 8757118.110068343579769 ], [ 6567878.705127219669521, 8757102.486534329131246 ], [ 6567742.307191401720047, 8757007.134410563856363 ], [ 6567650.829499892890453, 8756972.742722943425179 ], [ 6567584.638104099780321, 8757029.406925255432725 ], [ 6567586.308276197873056, 8757098.350230388343334 ], [ 6567569.852801869623363, 8757144.167506339028478 ], [ 6567497.356225242838264, 8757114.284260235726833 ], [ 6567474.703771224245429, 8757137.425627700984478 ], [ 6567492.788846740499139, 8757200.513147139921784 ], [ 6567418.674832173623145, 8757291.052639827132225 ], [ 6567404.367582689970732, 8757347.915649954229593 ], [ 6567346.26945557910949, 8757426.433406133204699 ], [ 6567374.533016, 8757459.907794954255223 ], [ 6567424.522259787656367, 8757477.302653253078461 ], [ 6567399.38642939645797, 8757569.548856230452657 ], [ 6567347.016800213605165, 8757607.812562024220824 ], [ 6567367.364056357182562, 8757638.181898051872849 ], [ 6567372.568692809902132, 8757686.851966235786676 ], [ 6567347.36711339186877, 8757728.004894999787211 ], [ 6567353.726111525669694, 8757757.88433400541544 ], [ 6567364.212693423032761, 8757798.065914057195187 ], [ 6567332.626625472679734, 8757817.202253913506866 ], [ 6567289.924445233307779, 8757842.250623608008027 ], [ 6567268.029851309023798, 8757882.516340494155884 ], [ 6567268.035366510972381, 8757929.32150911539793 ], [ 6567234.451298391446471, 8757938.762027155607939 ], [ 6567226.851858004927635, 8757968.56060934625566 ], [ 6567263.897580869495869, 8757983.465751947835088 ], [ 6567314.804094624705613, 8757976.765103094279766 ], [ 6567299.64092016313225, 8758004.674056654796004 ], [ 6567262.758143769577146, 8758048.34211022593081 ], [ 6567257.900991711765528, 8758121.701215786859393 ], [ 6567208.534100131131709, 8758132.767226720228791 ], [ 6567199.542444730177522, 8758166.260100534185767 ], [ 6567247.383618585765362, 8758204.833070509135723 ], [ 6567215.408503542654216, 8758231.095776008442044 ], [ 6567213.692371712997556, 8758274.342398390173912 ], [ 6567248.392891333438456, 8758332.147884221747518 ], [ 6567222.099218798801303, 8758483.621217777952552 ], [ 6567239.539622800424695, 8758533.252441523596644 ], [ 6567247.755941858515143, 8758576.861970130354166 ], [ 6567289.704390024766326, 8758593.852250184863806 ], [ 6567320.245900301262736, 8758698.614837778732181 ], [ 6567379.210163272917271, 8758700.114848176017404 ], [ 6567379.905408437363803, 8758799.980164503678679 ], [ 6567385.164880239404738, 8758847.061710709705949 ], [ 6567347.561171390116215, 8758913.469500521197915 ], [ 6567351.510822359472513, 8758981.893368430435658 ], [ 6567330.872524885460734, 8759037.114772593602538 ], [ 6567326.037598411552608, 8759085.07314981892705 ], [ 6567415.615565264597535, 8759140.317981952801347 ], [ 6567423.676524550653994, 8759180.158399971202016 ], [ 6567380.569154128432274, 8759234.708266718313098 ], [ 6567308.698665106669068, 8759248.137515773996711 ], [ 6567270.255225331522524, 8759405.330634020268917 ], [ 6567242.539301332086325, 8759562.814655082300305 ], [ 6567183.147643737494946, 8759633.57132743857801 ], [ 6567178.803465720266104, 8759691.341707699000835 ], [ 6567182.370772399008274, 8759797.711055716499686 ], [ 6567161.073420571163297, 8760007.982578180730343 ], [ 6567164.354453842155635, 8760151.768260302022099 ], [ 6567123.995438439771533, 8760221.623728478327394 ], [ 6567087.384964141994715, 8760224.460567250847816 ], [ 6567050.241580380126834, 8760200.234653849154711 ], [ 6567027.345558892935514, 8760219.447434181347489 ], [ 6567020.172307500615716, 8760259.128824492916465 ], [ 6567047.283598599024117, 8760297.25869176723063 ], [ 6567058.576533857733011, 8760367.856476884335279 ], [ 6567043.848784415051341, 8760451.949661057442427 ], [ 6566997.845840928144753, 8760535.021349711343646 ], [ 6566940.039947817102075, 8760534.009523088112473 ], [ 6566916.241579428315163, 8760572.31943660415709 ], [ 6566928.915667434222996, 8760624.492779597640038 ], [ 6566872.998186309821904, 8760665.266671134158969 ], [ 6566882.685525494627655, 8760697.111240684986115 ], [ 6566914.108194923959672, 8760712.993375027552247 ], [ 6566908.017605355940759, 8760750.10160625167191 ], [ 6566910.98428491782397, 8760817.053199015557766 ], [ 6566893.686924083158374, 8760838.511044563725591 ], [ 6566791.231676886789501, 8760821.293650025501847 ], [ 6566712.561953784897923, 8760841.085368497297168 ], [ 6566747.850477906875312, 8760897.279533488675952 ], [ 6566783.486164832487702, 8760904.713500527665019 ], [ 6566790.046095282770693, 8760939.672350957989693 ], [ 6566723.101605268195271, 8760945.01262261159718 ], [ 6566716.116920750588179, 8761019.667557900771499 ], [ 6566624.944372509606183, 8761151.570223763585091 ], [ 6566535.375314557924867, 8761171.669533582404256 ], [ 6566425.685779857449234, 8761255.18749376386404 ], [ 6566369.461247999221087, 8761346.598614593967795 ], [ 6566244.12692943867296, 8761492.158019542694092 ], [ 6566202.427836002781987, 8761726.794393301010132 ], [ 6566087.443989027291536, 8761891.338614923879504 ], [ 6566033.809900401160121, 8762014.640043292194605 ], [ 6565901.898461068049073, 8762180.082007471472025 ], [ 6565790.093861199915409, 8762154.43276446685195 ], [ 6565606.773981345817447, 8762216.585170326754451 ], [ 6565483.508412414230406, 8762329.30188656412065 ], [ 6565396.282853111624718, 8762396.666386730968952 ], [ 6565262.824405184015632, 8762481.691060073673725 ], [ 6565067.910066389478743, 8762577.173715898767114 ], [ 6564858.765807863324881, 8762640.522646654397249 ], [ 6564741.889634828083217, 8762708.218208039179444 ], [ 6564593.2107801027596, 8762763.616642326116562 ], [ 6564369.30127321742475, 8762841.117904528975487 ], [ 6564195.831365941092372, 8762901.273969145491719 ], [ 6563851.871993836015463, 8762998.201412281021476 ], [ 6563748.811430517584085, 8763027.716334827244282 ], [ 6563629.346180981956422, 8763049.788302896544337 ], [ 6563279.733818433247507, 8763065.356054361909628 ], [ 6563184.112704131752253, 8763119.480248481035233 ], [ 6563030.249994716607034, 8763215.267971819266677 ], [ 6562928.418916534632444, 8763247.002677731215954 ], [ 6562745.624170709401369, 8763298.583232302218676 ], [ 6562622.83421728014946, 8763343.793662106618285 ], [ 6562538.475705857388675, 8763393.710953995585442 ], [ 6562427.32716947235167, 8763404.718899110332131 ], [ 6562319.895913928747177, 8763398.462477559223771 ], [ 6562246.209220043383539, 8763450.261106668040156 ], [ 6562185.350484322756529, 8763508.164424158632755 ], [ 6562008.030941393226385, 8763567.375043353065848 ], [ 6561856.778860016725957, 8763626.466085270047188 ], [ 6561728.978744244202971, 8763673.445832777768373 ], [ 6561563.572060071863234, 8763721.939801080152392 ], [ 6561341.727004752494395, 8763690.400149650871754 ], [ 6561087.44073982629925, 8763838.100155441090465 ], [ 6560966.9737463966012, 8763804.798734968528152 ], [ 6560890.367368382401764, 8763864.268121674656868 ], [ 6560846.230168672278523, 8763923.570584833621979 ], [ 6560744.700739706866443, 8764107.464873669669032 ], [ 6560886.930722562596202, 8764120.776366801932454 ], [ 6560983.068368365056813, 8764140.494147177785635 ], [ 6561203.057491542771459, 8764325.443567583337426 ], [ 6561129.53895858488977, 8764438.690663674846292 ], [ 6561082.558890184387565, 8764507.993730902671814 ], [ 6561145.681687727570534, 8764540.167179120704532 ], [ 6561586.05216914601624, 8764789.591235127300024 ], [ 6562007.966490674763918, 8765023.13782561942935 ], [ 6562379.761213758029044, 8765233.15433543920517 ], [ 6562684.206022247672081, 8765404.112140882760286 ], [ 6562880.144814394414425, 8765508.553990198299289 ], [ 6563004.655305759981275, 8765597.650326136499643 ], [ 6563218.291026810184121, 8765744.614542450755835 ], [ 6563348.33043528534472, 8765843.366485208272934 ], [ 6563793.143748709000647, 8766152.859586915001273 ], [ 6563932.542573283426464, 8766254.163564570248127 ], [ 6564264.11644633859396, 8766473.953766467049718 ], [ 6564493.007346129976213, 8766634.584331510588527 ], [ 6564653.759771460667253, 8766744.232790505513549 ], [ 6564800.189835354685783, 8766838.718317182734609 ], [ 6565022.510514341294765, 8766961.325725305825472 ], [ 6565157.482308967970312, 8767034.661252243444324 ], [ 6565286.78989128395915, 8767106.243467492982745 ], [ 6565265.462378925643861, 8767182.283096956089139 ], [ 6565265.919532906264067, 8767227.693263437598944 ], [ 6565283.689402704127133, 8767284.521689346060157 ], [ 6565365.848174856044352, 8767447.538265846669674 ], [ 6565482.123769604600966, 8767577.910071132704616 ], [ 6565579.892615176737309, 8767641.710191417485476 ], [ 6565723.444818923249841, 8767830.885474365204573 ], [ 6565837.125825382769108, 8767966.663932709023356 ], [ 6565868.489362737163901, 8767988.319475987926126 ], [ 6565914.974393658339977, 8768022.763038257136941 ], [ 6565950.0180459106341, 8768063.071708226576447 ], [ 6565982.349027826450765, 8768100.837886668741703 ], [ 6566006.15020801872015, 8768155.536744618788362 ], [ 6566023.137276131659746, 8768156.873388407751918 ], [ 6566037.417487339116633, 8768149.665750933811069 ], [ 6566053.996030120179057, 8768146.685907827690244 ], [ 6566070.77813183516264, 8768145.967009447515011 ], [ 6566087.568042826838791, 8768147.301461802795529 ], [ 6566102.37729127984494, 8768151.010754650458694 ], [ 6566117.375826453790069, 8768156.67361612431705 ], [ 6566132.17415757663548, 8768160.383419170975685 ], [ 6566149.062921607866883, 8768161.724628521129489 ], [ 6566163.871653087437153, 8768165.422529065981507 ], [ 6566178.758786375634372, 8768168.922785893082619 ], [ 6566223.258300121873617, 8768179.944575183093548 ], [ 6566238.256863687187433, 8768185.60743067227304 ], [ 6566250.162506301887333, 8768188.791185421869159 ], [ 6566265.95899879746139, 8768193.01321354880929 ], [ 6566282.865652279928327, 8768196.624076912179589 ], [ 6566310.248049212619662, 8768199.503800205886364 ], [ 6566326.82660464476794, 8768196.523838132619858 ], [ 6566343.510418557561934, 8768195.809455942362547 ], [ 6566360.20243931747973, 8768192.915426572784781 ], [ 6566380.975196475163102, 8768189.727215701714158 ], [ 6566397.551550829783082, 8768184.579464096575975 ], [ 6566430.925329428166151, 8768183.047633472830057 ], [ 6566445.827656196430326, 8768186.638396948575974 ], [ 6566462.622898049652576, 8768188.086576590314507 ], [ 6566477.411760280840099, 8768191.591381335631013 ], [ 6566492.419895289465785, 8768197.459125619381666 ], [ 6566509.308168980292976, 8768198.788830878213048 ], [ 6566524.117485944181681, 8768202.498045992106199 ], [ 6566539.004674066789448, 8768205.998229142278433 ], [ 6566553.914509484544396, 8768211.870584324002266 ], [ 6566577.422525217756629, 8768219.484487539157271 ], [ 6566590.215082275681198, 8768225.262237438932061 ], [ 6566607.221773831173778, 8768231.02478314563632 ], [ 6566628.512005862779915, 8768236.380930665880442 ], [ 6566643.532774683088064, 8768244.404540302231908 ], [ 6566656.441548231989145, 8768252.447398267686367 ], [ 6566669.44811079185456, 8768260.474260792136192 ], [ 6566682.459438345395029, 8768268.603591836988926 ], [ 6566695.47913365252316, 8768278.797717120498419 ], [ 6566710.578321375884116, 8768286.623697435483336 ], [ 6566725.488205453380942, 8768292.496067814528942 ], [ 6566738.499548884108663, 8768300.625412236899137 ], [ 6566753.498232891783118, 8768306.288240820169449 ], [ 6566768.408129040151834, 8768312.160614723339677 ], [ 6566783.408495394513011, 8768319.979835020378232 ], [ 6566798.416714530438185, 8768325.847597453743219 ], [ 6566815.207277682609856, 8768327.19326188787818 ], [ 6566825.809313824400306, 8768328.94345280341804 ], [ 6566851.195009518414736, 8768334.084578134119511 ], [ 6566869.987197300419211, 8768333.271090507507324 ], [ 6566898.941267139278352, 8768325.44277248904109 ], [ 6566913.321957422420382, 8768320.397830469533801 ], [ 6566927.700958964414895, 8768313.196475086733699 ], [ 6566942.068499782122672, 8768305.9842340182513 ], [ 6566956.338247425854206, 8768298.787979261949658 ], [ 6566968.202853541821241, 8768285.303604321554303 ], [ 6566980.27467324770987, 8768276.042589012533426 ], [ 6566990.135428860783577, 8768262.549549726769328 ], [ 6567002.098304711282253, 8768249.060515874996781 ], [ 6567009.857424700632691, 8768235.574818314984441 ], [ 6567013.222064751200378, 8768220.344279607757926 ], [ 6567020.985921115614474, 8768206.961031978949904 ], [ 6567024.443558497354388, 8768191.612015418708324 ], [ 6567033.681865542195737, 8768167.320030137896538 ], [ 6567040.915452491492033, 8768143.236233670264482 ], [ 6567050.269397133029997, 8768121.197962805628777 ], [ 6567053.828042350709438, 8768108.023482600226998 ], [ 6567053.727489659562707, 8768105.860300004482269 ], [ 6567057.183046955615282, 8768092.587964538484812 ], [ 6567064.951552852988243, 8768079.307114174589515 ], [ 6567068.420532807707787, 8768063.968922931700945 ], [ 6567076.079775377176702, 8768050.693184651434422 ], [ 6567079.548200759105384, 8768035.343596834689379 ], [ 6567087.300967827439308, 8768021.960759803652763 ], [ 6567094.754280855879188, 8768004.256158072501421 ], [ 6567100.320550119504333, 8767988.819461924955249 ], [ 6567105.426491172984242, 8767979.965146005153656 ], [ 6567107.979724212549627, 8767975.543679095804691 ], [ 6567110.762317265383899, 8767967.813938822597265 ], [ 6567113.400106032378972, 8767960.501757254824042 ], [ 6567115.894480111077428, 8767955.991769541054964 ], [ 6567121.199819685891271, 8767946.717314537614584 ], [ 6567125.08136054687202, 8767940.01992018148303 ], [ 6567128.963427460752428, 8767933.333908649161458 ], [ 6567136.633472792804241, 8767920.05757643468678 ], [ 6567144.40128923393786, 8767906.765233289450407 ], [ 6567152.061780478805304, 8767893.283948630094528 ], [ 6567157.733280690386891, 8767880.112843740731478 ], [ 6567163.707373559474945, 8767873.214472085237503 ], [ 6567171.265856156125665, 8767857.77541951648891 ], [ 6567180.606725875288248, 8767833.580994293093681 ], [ 6567192.253978171385825, 8767815.667885042726994 ], [ 6567197.920115686021745, 8767802.382884861901402 ], [ 6567201.697644678875804, 8767795.804424021393061 ], [ 6567203.376416475512087, 8767786.939814578741789 ], [ 6567211.144636677578092, 8767773.658769803121686 ], [ 6567216.601438810117543, 8767758.227069046348333 ], [ 6567219.963370670564473, 8767740.828517435118556 ], [ 6567225.513161757960916, 8767725.278333589434624 ], [ 6567226.777725248597562, 8767707.978275265544653 ], [ 6567225.831466825678945, 8767690.69076937995851 ], [ 6567229.201786139979959, 8767675.357034323737025 ], [ 6567232.346753818914294, 8767653.53011710382998 ], [ 6567237.906001962721348, 8767638.184839623048902 ], [ 6567237.068927686661482, 8767620.89219781383872 ], [ 6567242.529836092144251, 8767605.551527637988329 ], [ 6567248.084806496277452, 8767590.115150412544608 ], [ 6567249.041074827313423, 8767580.782397279515862 ], [ 6567252.194772124290466, 8767563.382161363959312 ], [ 6567254.212325431406498, 8767555.448638493195176 ], [ 6567256.584798082709312, 8767538.199192818254232 ], [ 6567256.886965561658144, 8767536.222457803785801 ], [ 6567256.90796104259789, 8767516.196706235408783 ], [ 6567258.591901663690805, 8767507.445909477770329 ], [ 6567263.939396294765174, 8767487.786084670573473 ], [ 6567265.098382219672203, 8767468.220321822911501 ], [ 6567270.032279659993947, 8767444.14137009344995 ], [ 6567281.464592544361949, 8767419.734297338873148 ], [ 6567286.925855966284871, 8767404.404937490820885 ], [ 6567292.491044255904853, 8767388.956585878506303 ], [ 6567300.049065664410591, 8767373.517291279509664 ], [ 6567305.619520495645702, 8767358.182776059955359 ], [ 6567313.170422275550663, 8767340.473174836486578 ], [ 6567320.829028810374439, 8767327.197051467373967 ], [ 6567324.292062900960445, 8767311.744732342660427 ], [ 6567331.95064365118742, 8767298.468592695891857 ], [ 6567335.320637572556734, 8767283.134734146296978 ], [ 6567340.87955382373184, 8767267.789301715791225 ], [ 6567344.243365800008178, 8767252.558413878083229 ], [ 6567351.905717930756509, 8767237.011438723653555 ], [ 6567355.363047157414258, 8767221.673452347517014 ], [ 6567360.818828353658319, 8767206.230144107714295 ], [ 6567365.746470014564693, 8767188.141663283109665 ], [ 6567370.041827846318483, 8767167.287391217425466 ], [ 6567373.02296981960535, 8767146.186793856322765 ], [ 6567381.602772604674101, 8767118.832740722224116 ], [ 6567383.387180089950562, 8767112.245076281949878 ], [ 6567386.85532988794148, 8767096.906538305804133 ], [ 6567390.009107248857617, 8767079.517524240538478 ], [ 6567395.573997111991048, 8767064.069026965647936 ], [ 6567396.827070676721632, 8767046.769328270107508 ], [ 6567400.295167827047408, 8767031.430772241204977 ], [ 6567405.756079908460379, 8767016.101243879646063 ], [ 6567409.119155908003449, 8767000.858893966302276 ], [ 6567414.668814001604915, 8766985.319796631112695 ], [ 6567418.043317578732967, 8766970.088308582082391 ], [ 6567421.499897424131632, 8766954.738855859264731 ], [ 6567427.059051471762359, 8766939.404675059020519 ], [ 6567430.324283478781581, 8766924.178306885063648 ], [ 6567435.889034597203135, 8766908.72974650003016 ], [ 6567439.350861639715731, 8766893.494126519188285 ], [ 6567442.807907315902412, 8766878.156034300103784 ], [ 6567446.166100483387709, 8766862.81117345020175 ], [ 6567447.33214539848268, 8766845.526921896263957 ], [ 6567443.977341135032475, 8766819.783408114686608 ], [ 6567439.149353940971196, 8766804.9602733515203 ], [ 6567432.0173952402547, 8766790.02865400351584 ], [ 6567426.589971611276269, 8766783.494706016033888 ], [ 6567416.501298682764173, 8766775.833471320569515 ], [ 6567405.951232813298702, 8766766.961626386269927 ], [ 6567397.595184158533812, 8766761.010353354737163 ] ] ] } },
{ "type": "Feature", "properties": { "lv_id": "LOC_031988", "id": 148737.0, "CD_SETOR": "291700305000048", "SITUACAO": "Rural", "CD_SIT": "8", "CD_TIPO": "0", "AREA_KM2": 67.247032669383728, "CD_REGIAO": "2", "NM_REGIAO": "Nordeste", "CD_UF": "29", "NM_UF": "Bahia", "CD_MUN": "2917003", "NM_MUN": "Itiúba", "CD_DIST": "291700305", "NM_DIST": "Itiúba", "CD_SUBDIST": "29170030500", "NM_SUBDIST": null, "CD_BAIRRO": null, "NM_BAIRRO": null, "CD_NU": null, "NM_NU": null, "CD_FCU": null, "NM_FCU": null, "CD_AGLOM": null, "NM_AGLOM": null, "CD_RGINT": "2908", "NM_RGINT": "Juazeiro", "CD_RGI": "290023", "NM_RGI": "Senhor do Bonfim", "CD_CONCURB": null, "NM_CONCURB": null, "mun_code_x": "2917003", "index_right": 7747, "dist_m": 0.0, "local_id": 339729, "ano": 2022, "cod_localidade_ibge": 2917003, "NR_ZONA": "149", "nr_cep": 48850000.0, "nm_localidade": "ITIÚBA", "nm_locvot": "ESCOLA JUSTINIANO PINTO DA SILVA", "ds_endereco": "POVOADO MANGABEIRA - ZONA RURAL", "ds_bairro": "POVOADO MANGABEIRA", "pred_long": -39.77573, "pred_lat": -10.848632, "pred_dist": 0.016970010828620902, "tse_long": null, "tse_lat": null, "long": -39.77573, "lat": -10.848632, "ID_UNICO": "LOC_031988", "SG_UF": "BA", "CD_MUNICIPIO": "36412", "NR_LOCAL_VOTACAO": "1295", "QT_SECOES_AGREGADAS": 0, "QT_ELEITORES_TRANSFERIDOS": 0, "CIRO GOMES (PDT) (NÃO ELEITO) 1T": 9.0, "CONSTITUINTE EYMAEL (DC) (NÃO ELEITO) 1T": 0.0, "FELIPE D AVILA (NOVO) (NÃO ELEITO) 1T": 0.0, "JAIR BOLSONARO (PL) (2º TURNO) 1T": 112.0, "LULA (PT) (2º TURNO) 1T": 203.0, "LÉO PÉRICLES (UP) (NÃO ELEITO) 1T": 0.0, "PADRE KELMON (PTB) (NÃO ELEITO) 1T": 0.0, "SIMONE TEBET (MDB) (NÃO ELEITO) 1T": 7.0, "SOFIA MANZANO (PCB) (NÃO ELEITO) 1T": 0.0, "SORAYA THRONICKE (UNIÃO) (NÃO ELEITO) 1T": 2.0, "VERA (PSTU) (NÃO ELEITO) 1T": 0.0, "Total_Votos_Validos 1T": 333.0, "Votos_Brancos 1T": 2.0, "Votos_Nulos 1T": 2.0, "Abstenções 1T": 109.0, "Eleitores_Aptos 1T": 446.0, "JAIR BOLSONARO (PL) (NÃO ELEITO) 2T": 120.0, "LULA (PT) (ELEITO) 2T": 210.0, "Total_Votos_Validos 2T": 330.0, "Votos_Brancos 2T": 7.0, "Votos_Nulos 2T": 6.0, "Abstenções 2T": 103.0, "Eleitores_Aptos 2T": 446.0, "mun_code_y": "2917003", "mun_code": "2917003" }, "geometry": { "type": "Polygon", "coordinates": [ [ [ 6554656.592896284535527, 8760320.745494827628136 ], [ 6554588.117622521705925, 8760274.471751216799021 ], [ 6554514.656968155875802, 8760203.569724179804325 ], [ 6554441.801784464158118, 8760147.351546473801136 ], [ 6554332.553162957541645, 8760025.108386723324656 ], [ 6554203.081437503919005, 8759911.170340733602643 ], [ 6554127.387680845335126, 8759874.41681258007884 ], [ 6554037.895832302048802, 8759848.335004979744554 ], [ 6553977.201150523498654, 8759804.845168676227331 ], [ 6553881.457749311812222, 8759719.799240488559008 ], [ 6553781.167769880034029, 8759583.282297184690833 ], [ 6553664.902841705828905, 8759412.219000015407801 ], [ 6553491.781161978840828, 8759336.586029827594757 ], [ 6553409.401012073270977, 8759157.2752586286515 ], [ 6552803.987603630870581, 8759058.160707570612431 ], [ 6552761.381711416877806, 8758873.430532202124596 ], [ 6551622.746951146051288, 8759806.599217068403959 ], [ 6551808.123996963724494, 8760719.30739476531744 ], [ 6550727.962562009692192, 8760796.9367456138134 ], [ 6548822.378447431139648, 8760941.325616074725986 ], [ 6548430.797718066722155, 8760992.359872272238135 ], [ 6547781.59395912475884, 8761132.181485934183002 ], [ 6547777.231661578640342, 8761061.24993403442204 ], [ 6547131.341296812519431, 8761038.339168880134821 ], [ 6546100.837825831957161, 8761064.946241477504373 ], [ 6546034.37715956941247, 8761069.378892382606864 ], [ 6546027.79952441714704, 8761077.917034858837724 ], [ 6545998.396308560855687, 8761162.662753408774734 ], [ 6545949.655957086011767, 8761339.459701646119356 ], [ 6545883.431439387612045, 8761465.915054513141513 ], [ 6545892.475418697111309, 8761626.530582228675485 ], [ 6545829.868483387865126, 8761662.316486351191998 ], [ 6545783.672777511179447, 8761705.55744575150311 ], [ 6545753.808734635822475, 8761893.773507500067353 ], [ 6545660.265257350169122, 8761990.670832749456167 ], [ 6545542.233649604022503, 8762218.025571478530765 ], [ 6545508.968123250640929, 8762367.486788742244244 ], [ 6545464.648906647227705, 8762451.714636284857988 ], [ 6545445.902197974734008, 8762567.619724668562412 ], [ 6545447.274228077381849, 8762620.409165883436799 ], [ 6545451.154138480313122, 8762681.541140189394355 ], [ 6545461.050728883594275, 8762739.28071591258049 ], [ 6545480.903168695047498, 8762804.286595098674297 ], [ 6545507.678483601659536, 8762877.247234111651778 ], [ 6545501.013282533735037, 8763066.295036673545837 ], [ 6545562.787876044400036, 8763186.673061937093735 ], [ 6545576.472680637612939, 8763309.300323605537415 ], [ 6545637.502410648390651, 8763413.285342823714018 ], [ 6545666.830939314328134, 8763526.953958896920085 ], [ 6545711.826582696288824, 8763631.685498032718897 ], [ 6545760.13960739877075, 8763600.776674596592784 ], [ 6545797.357538424432278, 8763570.190015042200685 ], [ 6545870.254204666242003, 8763583.227247294038534 ], [ 6545912.972916550002992, 8763638.76829694584012 ], [ 6545928.545361320488155, 8763802.38648796081543 ], [ 6545883.476273938082159, 8763870.219804793596268 ], [ 6545774.64857379719615, 8763949.237969469279051 ], [ 6545694.48939745593816, 8763952.965728498995304 ], [ 6545732.568348693661392, 8764079.373141782358289 ], [ 6545745.52614248264581, 8764188.901532446965575 ], [ 6545747.099542993120849, 8764276.078046238049865 ], [ 6545743.610755661502481, 8764337.473467696458101 ], [ 6545806.105352753773332, 8764370.617178564891219 ], [ 6545896.126438933424652, 8764399.665211111307144 ], [ 6545956.866666202433407, 8764454.609098481014371 ], [ 6545993.295523513108492, 8764520.476687161251903 ], [ 6546038.885398409329355, 8764600.830822989344597 ], [ 6546123.250584793277085, 8764631.362172853201628 ], [ 6546227.940608104690909, 8764598.380391526967287 ], [ 6546375.70705412235111, 8764577.851512286812067 ], [ 6546462.677423463203013, 8764568.209510263055563 ], [ 6546656.165031754411757, 8764645.11883856728673 ], [ 6546823.733198178932071, 8764753.161792358383536 ], [ 6546874.136317817494273, 8764782.558714490383863 ], [ 6546905.157066700048745, 8764860.742119403555989 ], [ 6547041.757261287420988, 8764891.968153968453407 ], [ 6547114.718154729343951, 8764882.57793053984642 ], [ 6547158.228718600235879, 8764917.98484892770648 ], [ 6547333.700813272036612, 8764793.141749264672399 ], [ 6547407.729340356774628, 8764760.601614309474826 ], [ 6547456.805155377835035, 8764769.731391740962863 ], [ 6547504.961411045864224, 8764800.714934069663286 ], [ 6547505.063196701928973, 8764842.599200457334518 ], [ 6547457.610955413430929, 8764890.332638323307037 ], [ 6547479.720659947954118, 8764928.080507315695286 ], [ 6547527.93523014895618, 8764947.261088710278273 ], [ 6547566.9183753952384, 8764948.537498049438 ], [ 6547612.093174322508276, 8764898.412851735949516 ], [ 6547669.453111792914569, 8764911.056622806936502 ], [ 6547705.019905380904675, 8764945.567689675837755 ], [ 6547762.440416730009019, 8764863.313291918486357 ], [ 6547851.477347945794463, 8764842.204963002353907 ], [ 6547883.490204771049321, 8764890.802770843729377 ], [ 6547932.995535346679389, 8764934.425165133550763 ], [ 6547984.40583754144609, 8764979.954314041882753 ], [ 6548106.057418439537287, 8765025.955060455948114 ], [ 6548080.48033760394901, 8765092.317368037998676 ], [ 6548066.728251362219453, 8765169.918739372864366 ], [ 6548118.397542542777956, 8765207.762968719005585 ], [ 6548187.582312297075987, 8765192.663545269519091 ], [ 6548239.596445039846003, 8765137.031368853524327 ], [ 6548292.232517305761576, 8764976.621518159285188 ], [ 6548343.208310695365071, 8764930.067090749740601 ], [ 6548414.845523583702743, 8764903.359147027134895 ], [ 6548653.890135616995394, 8764927.886243611574173 ], [ 6548810.105462795123458, 8764971.63826304487884 ], [ 6548775.845018869265914, 8765115.074303016066551 ], [ 6548818.855094024911523, 8765183.753577381372452 ], [ 6548860.388585094362497, 8765280.242939721792936 ], [ 6548796.715593972243369, 8765410.658145755529404 ], [ 6548810.8185033807531, 8765495.77931254543364 ], [ 6548847.75095076020807, 8765592.209516674280167 ], [ 6548895.307922949083149, 8765598.992915458977222 ], [ 6548954.363011597655714, 8765614.898819265887141 ], [ 6548961.890195152722299, 8765666.359655667096376 ], [ 6548954.652448473498225, 8765709.545454766601324 ], [ 6548993.879257801920176, 8765822.277180643752217 ], [ 6548957.610537317581475, 8765827.670222835615277 ], [ 6548933.919463757425547, 8765825.465800991281867 ], [ 6548912.000132789835334, 8765830.829725949093699 ], [ 6548910.575069109909236, 8765853.118637576699257 ], [ 6548938.699640702456236, 8765889.539697650820017 ], [ 6548969.670368947088718, 8765891.987024011090398 ], [ 6549014.645713584497571, 8765906.165490988641977 ], [ 6549026.946418534964323, 8765894.932264225557446 ], [ 6549049.82288194168359, 8765862.113077307119966 ], [ 6549084.100920980796218, 8765836.322955230250955 ], [ 6549115.566583158448339, 8765829.556951608508825 ], [ 6549128.578748085536063, 8765871.29912880808115 ], [ 6549147.697437474504113, 8765917.283889757469296 ], [ 6549160.141858529299498, 8765946.943455561995506 ], [ 6549190.293042212724686, 8765975.790658120065928 ], [ 6549192.252570508047938, 8766002.163952056318521 ], [ 6549194.074749244377017, 8766009.638823879882693 ], [ 6549218.967528700828552, 8766020.578453151509166 ], [ 6549305.062228124588728, 8766028.670701025053859 ], [ 6549332.348031585104764, 8766027.401207689195871 ], [ 6549358.680352110415697, 8766037.509892962872982 ], [ 6549377.56887773796916, 8766062.343165244907141 ], [ 6549384.114919087849557, 8766092.277400940656662 ], [ 6549384.949533356353641, 8766110.390970680862665 ], [ 6549403.304971684701741, 8766123.892445385456085 ], [ 6549450.607980872504413, 8766123.960719954222441 ], [ 6549465.957993099465966, 8766120.224936135113239 ], [ 6549491.143783632665873, 8766105.450169507414103 ], [ 6549512.531185760162771, 8766104.455056671053171 ], [ 6549539.526233160868287, 8766113.02781954780221 ], [ 6549556.487773589789867, 8766128.110668290406466 ], [ 6549584.21319735981524, 8766152.53292528912425 ], [ 6549614.79394097160548, 8766174.541887240484357 ], [ 6549660.088319534435868, 8766179.241598194465041 ], [ 6549657.613221648149192, 8766205.821684807538986 ], [ 6549640.042218698188663, 8766241.416461993008852 ], [ 6549628.337102020159364, 8766260.113623695448041 ], [ 6549608.70207772962749, 8766267.070396993309259 ], [ 6549596.127909631468356, 8766279.023547222837806 ], [ 6549600.299798863008618, 8766288.316210521385074 ], [ 6549633.02185838855803, 8766290.989914052188396 ], [ 6549690.366111896000803, 8766289.222740199416876 ], [ 6549735.856867772527039, 8766308.633947988972068 ], [ 6549764.371948935091496, 8766322.871528832241893 ], [ 6549767.718836814165115, 8766343.479621229693294 ], [ 6549764.571764081716537, 8766361.892722079530358 ], [ 6549759.4727503946051, 8766379.51864455267787 ], [ 6549760.771762268617749, 8766391.556175027042627 ], [ 6549766.030259352177382, 8766409.464181195944548 ], [ 6549751.840172850526869, 8766422.222314922139049 ], [ 6549728.478394063189626, 8766428.599877323955297 ], [ 6549710.747694886289537, 8766428.660777691751719 ], [ 6549703.722093763761222, 8766436.547403985634446 ], [ 6549699.889508469961584, 8766449.587595736607909 ], [ 6549708.668175672180951, 8766477.137878781184554 ], [ 6549724.427576567046344, 8766533.131695536896586 ], [ 6549755.668885989114642, 8766569.477402865886688 ], [ 6549757.130914017558098, 8766585.292953638359904 ], [ 6549753.645248977467418, 8766605.865409195423126 ], [ 6549722.538921300321817, 8766604.290693692862988 ], [ 6549718.067236054688692, 8766619.618268147110939 ], [ 6549728.283681955188513, 8766632.757520204409957 ], [ 6549757.218128306791186, 8766635.185849033296108 ], [ 6549770.489895002916455, 8766634.568513948470354 ], [ 6549789.171574109233916, 8766638.990253359079361 ], [ 6549798.784161724150181, 8766655.179261384531856 ], [ 6549795.891419362276793, 8766672.702518619596958 ], [ 6549775.581253852695227, 8766697.090596998110414 ], [ 6549747.478318387642503, 8766728.636908769607544 ], [ 6549740.126965465955436, 8766745.614927731454372 ], [ 6549740.715802019461989, 8766774.32158924639225 ], [ 6549752.324419427663088, 8766801.763184120878577 ], [ 6549772.118236915208399, 8766830.329243190586567 ], [ 6549784.666752569377422, 8766862.253930790349841 ], [ 6549799.063439194113016, 8766869.896751422435045 ], [ 6549805.587769452482462, 8766883.207820948213339 ], [ 6549794.657019201666117, 8766918.493551068007946 ], [ 6549785.400919678620994, 8766942.367368562147021 ], [ 6549779.105019923299551, 8766966.103508733212948 ], [ 6549778.602916883304715, 8766987.289732469245791 ], [ 6549786.532165174372494, 8766999.018969176337123 ], [ 6549804.586913867853582, 8767005.750599795952439 ], [ 6549813.282618263736367, 8767018.196766626089811 ], [ 6549810.400524388998747, 8767035.719484059140086 ], [ 6549825.793940106406808, 8767065.242918932810426 ], [ 6549842.219293819740415, 8767100.773089405149221 ], [ 6549865.053704531863332, 8767147.350716732442379 ], [ 6549898.782760698348284, 8767175.679614260792732 ], [ 6549922.129139536060393, 8767199.14356473647058 ], [ 6549927.643316535279155, 8767206.447006285190582 ], [ 6549947.126264264807105, 8767212.336970623582602 ], [ 6549953.164305675774813, 8767215.089274652302265 ], [ 6549962.428856980055571, 8767223.723467539995909 ], [ 6549963.415292706340551, 8767228.979756200686097 ], [ 6549959.790314754471183, 8767246.537096116691828 ], [ 6549946.574508021585643, 8767264.540364045649767 ], [ 6549936.030334921553731, 8767276.376081276684999 ], [ 6549931.708010150119662, 8767294.718377001583576 ], [ 6549946.40663736499846, 8767309.154656710103154 ], [ 6549970.325085509568453, 8767314.849867943674326 ], [ 6549984.4678451474756, 8767317.213965425267816 ], [ 6549991.317852708511055, 8767321.433668304234743 ], [ 6549994.788501096889377, 8767332.61778506077826 ], [ 6549991.059197327122092, 8767347.910884564742446 ], [ 6549988.805078818462789, 8767363.146795313805342 ], [ 6549995.676140244118869, 8767383.990369500592351 ], [ 6550018.745496665127575, 8767403.339696319773793 ], [ 6550042.292204739525914, 8767417.364679984748363 ], [ 6550083.786984924226999, 8767451.729718632996082 ], [ 6550102.92061556968838, 8767465.959913957864046 ], [ 6550108.317527140490711, 8767486.883519597351551 ], [ 6550106.794721677899361, 8767502.074087075889111 ], [ 6550100.858786502853036, 8767517.469820249825716 ], [ 6550093.472330569289625, 8767533.696948705241084 ], [ 6550108.217016798444092, 8767548.895211767405272 ], [ 6550128.721091047860682, 8767560.792658289894462 ], [ 6550146.730037033557892, 8767566.762754362076521 ], [ 6550160.173458183184266, 8767585.795788766816258 ], [ 6550146.797053051181138, 8767584.148537706583738 ], [ 6550132.441521616652608, 8767585.249206287786365 ], [ 6550123.258176917210221, 8767602.631711319088936 ], [ 6550130.198841797187924, 8767624.988723995164037 ], [ 6550140.019723681733012, 8767645.706718539819121 ], [ 6550142.050195602700114, 8767657.71043723449111 ], [ 6550153.102700847201049, 8767673.0804099496454 ], [ 6550178.880629482679069, 8767671.129523545503616 ], [ 6550204.497722174972296, 8767649.516642427071929 ], [ 6550232.935908209532499, 8767641.387244207784534 ], [ 6550246.39293578080833, 8767644.547297067940235 ], [ 6550259.026561814360321, 8767646.229081785306334 ], [ 6550277.03290668129921, 8767668.071760201826692 ], [ 6550288.15247848816216, 8767700.827648499980569 ], [ 6550305.031447984278202, 8767730.282720766961575 ], [ 6550322.977025723084807, 8767783.143445670604706 ], [ 6550332.669526619836688, 8767800.834464002400637 ], [ 6550352.468187850899994, 8767797.644973857328296 ], [ 6550361.53576189186424, 8767801.761704770848155 ], [ 6550372.692570158280432, 8767819.396078113466501 ], [ 6550404.145104971714318, 8767844.399531366303563 ], [ 6550435.704087318852544, 8767855.783274203538895 ], [ 6550451.853901944123209, 8767869.399899506941438 ], [ 6550452.442074408754706, 8767898.107317861169577 ], [ 6550451.783440019004047, 8767930.407523836940527 ], [ 6550460.513471328653395, 8767977.129008322954178 ], [ 6550474.411261705681682, 8767987.007681280374527 ], [ 6550490.630163759924471, 8768005.216463139280677 ], [ 6550505.395819645375013, 8768037.039220178499818 ], [ 6550514.020131384953856, 8768063.86800717189908 ], [ 6550507.154018403030932, 8768091.405397912487388 ], [ 6550503.749502846039832, 8768123.274544928222895 ], [ 6550512.812265517190099, 8768150.11718381755054 ], [ 6550533.178298179060221, 8768159.011155178770423 ], [ 6550545.042790148407221, 8768175.848860219120979 ], [ 6550550.495360132306814, 8768214.159429000690579 ], [ 6550568.047901215031743, 8768242.078516483306885 ], [ 6550574.991310654208064, 8768248.563245378434658 ], [ 6550584.47531202249229, 8768261.72592880949378 ], [ 6550601.169891765341163, 8768287.415794864296913 ], [ 6550610.154595479369164, 8768305.903977056965232 ], [ 6550607.50397199485451, 8768328.707210933789611 ], [ 6550597.095552906394005, 8768359.442375523969531 ], [ 6550571.023196284659207, 8768387.119710829108953 ], [ 6550543.628732692450285, 8768402.007553834468126 ], [ 6550523.214675782248378, 8768408.247013170272112 ], [ 6550501.093853182159364, 8768409.274911649525166 ], [ 6550476.894242631271482, 8768413.421099299564958 ], [ 6550459.926958348602057, 8768430.093423083424568 ], [ 6550453.025774037465453, 8768456.879679223522544 ], [ 6550453.231081334874034, 8768477.280914420261979 ], [ 6550454.13371781911701, 8768496.89717336371541 ], [ 6550467.254008015617728, 8768509.149785066023469 ], [ 6550497.141138523817062, 8768516.07370419986546 ], [ 6550537.840848902240396, 8768517.215772336348891 ], [ 6550552.171333250589669, 8768507.473360847681761 ], [ 6550564.212090498767793, 8768512.204747378826141 ], [ 6550576.958061782643199, 8768532.023373605683446 ], [ 6550581.82010888773948, 8768557.510598255321383 ], [ 6550591.661331069655716, 8768579.151819504797459 ], [ 6550607.408385777845979, 8768583.539985259994864 ], [ 6550624.79000913258642, 8768591.808952260762453 ], [ 6550628.933622738346457, 8768601.445587819442153 ], [ 6550624.634689558297396, 8768620.551071224734187 ], [ 6550615.075448983348906, 8768637.631804697215557 ], [ 6550612.400097166188061, 8768657.049528885632753 ], [ 6550615.510102640837431, 8768679.197379373013973 ], [ 6550631.903379820287228, 8768698.105471454560757 ], [ 6550643.372020334005356, 8768722.521845269948244 ], [ 6550650.523782911710441, 8768733.535313911736012 ], [ 6550657.11692582629621, 8768748.349049748852849 ], [ 6550655.075022804550827, 8768760.359785333275795 ], [ 6550644.570370383560658, 8768780.688581131398678 ], [ 6550642.804060792550445, 8768790.599801929667592 ], [ 6550658.502636174671352, 8768794.408793281763792 ], [ 6550673.49293471686542, 8768799.00326893478632 ], [ 6550695.090474421158433, 8768802.538207080215216 ], [ 6550717.524106761440635, 8768808.303447773680091 ], [ 6550726.730562557466328, 8768815.435776816681027 ], [ 6550721.237395983189344, 8768824.767586203292012 ], [ 6550724.742322038859129, 8768836.703103084117174 ], [ 6550729.559630014002323, 8768844.803334027528763 ], [ 6550742.471107538789511, 8768852.516136210411787 ], [ 6550747.20786664262414, 8768859.103544548153877 ], [ 6550750.085056587122381, 8768873.337391566485167 ], [ 6550743.600230276584625, 8768909.181127954274416 ], [ 6550744.828854997642338, 8768919.705835748463869 ], [ 6550744.048238517716527, 8768934.862188778817654 ], [ 6550742.87235689163208, 8768957.608348602429032 ], [ 6550740.163010753691196, 8768978.909167606383562 ], [ 6550729.048194332048297, 8768994.545548673719168 ], [ 6550728.628775681369007, 8769001.372487237676978 ], [ 6550735.083136830478907, 8769013.171023480594158 ], [ 6550744.382832705974579, 8769022.568244663998485 ], [ 6550761.035418372601271, 8769014.987258952111006 ], [ 6550772.483613289892673, 8769022.779515260830522 ], [ 6550775.523068836890161, 8769040.7801742721349 ], [ 6550779.167166669853032, 8769055.742413118481636 ], [ 6550796.676463931798935, 8769057.027217783033848 ], [ 6550810.862788932397962, 8769086.026958595961332 ], [ 6550807.271298091858625, 8769104.335646638646722 ], [ 6550786.105393138714135, 8769158.261953763663769 ], [ 6550759.028827861882746, 8769212.451262699440122 ], [ 6550719.540055239573121, 8769253.601959582418203 ], [ 6550694.857415966689587, 8769295.581482332199812 ], [ 6550708.182488366961479, 8769328.235929861664772 ], [ 6550751.655444342643023, 8769341.33720912411809 ], [ 6550795.562326744198799, 8769331.73817303031683 ], [ 6550843.338209976442158, 8769309.860983503982425 ], [ 6550874.169532911852002, 8769305.407352427020669 ], [ 6550896.926258023828268, 8769317.954041982069612 ], [ 6550923.108318638056517, 8769340.946306483820081 ], [ 6550936.641337555833161, 8769378.118257122114301 ], [ 6550933.883335202932358, 8769414.553030241280794 ], [ 6550911.674880836158991, 8769445.82473336160183 ], [ 6550887.911580407992005, 8769475.663395848125219 ], [ 6550862.910085199400783, 8769478.340950956568122 ], [ 6550850.313504927791655, 8769525.802852028980851 ], [ 6550864.766382664442062, 8769550.845104867592454 ], [ 6550880.902279866859317, 8769580.347556041553617 ], [ 6550876.991774850524962, 8769607.439793696627021 ], [ 6550854.824789094738662, 8769623.908439170569181 ], [ 6550861.20943374466151, 8769634.193811450153589 ], [ 6550873.354538993909955, 8769641.189983123913407 ], [ 6550882.966563256457448, 8769657.380416572093964 ], [ 6550868.773891128599644, 8769670.137763811275363 ], [ 6550861.174582530744374, 8769697.72050903737545 ], [ 6550874.083006715402007, 8769721.317983154207468 ], [ 6550860.098491224460304, 8769738.603941097855568 ], [ 6550879.322455094195902, 8769770.98487582989037 ], [ 6550922.014737538062036, 8769799.243180168792605 ], [ 6550952.412883967161179, 8769817.501842591911554 ], [ 6550976.002585993148386, 8769848.163639549165964 ], [ 6550985.52768877428025, 8769894.610011814162135 ], [ 6550983.479985057376325, 8769914.36360682733357 ], [ 6551005.080579617992043, 8769966.292970126494765 ], [ 6551049.429745432920754, 8769996.059665253385901 ], [ 6550972.623271676711738, 8770126.151081884279847 ], [ 6550883.163398505188525, 8770183.189391629770398 ], [ 6550740.554630211554468, 8770314.382455196231604 ], [ 6550718.199286417104304, 8770382.285367637872696 ], [ 6550672.777729609981179, 8770439.490660222247243 ], [ 6550608.621375100687146, 8770635.571417242288589 ], [ 6550538.928775735199451, 8770777.425921685993671 ], [ 6550452.090799963101745, 8770883.768617687746882 ], [ 6550384.569210970774293, 8770956.603445768356323 ], [ 6550105.876765404827893, 8771054.837050912901759 ], [ 6549975.437996093183756, 8771140.129698371514678 ], [ 6549858.146777769550681, 8771174.607296705245972 ], [ 6549763.193861478939652, 8771326.085602583363652 ], [ 6549813.899910162203014, 8771328.114660201594234 ], [ 6549864.767511747777462, 8771328.653869034722447 ], [ 6549926.874101160094142, 8771334.339193189516664 ], [ 6550086.095234073698521, 8771377.108731226995587 ], [ 6550193.983685053884983, 8771412.302657743915915 ], [ 6550253.026163668371737, 8771405.370318820700049 ], [ 6550378.531548021361232, 8771376.189790245145559 ], [ 6550492.860325615853071, 8771323.672380743548274 ], [ 6550573.520910959690809, 8771305.440567422658205 ], [ 6550617.413525553420186, 8771310.247399339452386 ], [ 6550667.462528618983924, 8771322.762072479352355 ], [ 6550708.821719526313245, 8771347.025275483727455 ], [ 6550755.141832840628922, 8771370.841870946809649 ], [ 6550794.848195351660252, 8771383.664993012323976 ], [ 6550856.569475236348808, 8771404.794934062287211 ], [ 6550881.979531928896904, 8771424.335726356133819 ], [ 6550894.179524589329958, 8771434.671176323667169 ], [ 6550925.425172938033938, 8771476.154097683727741 ], [ 6550957.229330548085272, 8771502.855964507907629 ], [ 6550983.038017526268959, 8771536.324022484943271 ], [ 6551003.638583624735475, 8771567.000419102609158 ], [ 6551023.47856770362705, 8771581.349043609574437 ], [ 6551194.820212466642261, 8771652.222254289314151 ], [ 6551226.522966479882598, 8771659.304651238024235 ], [ 6551282.436893049627542, 8771656.712330432608724 ], [ 6551330.953430480323732, 8771656.344386361539364 ], [ 6551386.51604344137013, 8771653.015586473047733 ], [ 6551440.395558814518154, 8771636.160935068503022 ], [ 6551493.019763641990721, 8771624.872014507651329 ], [ 6551559.828048404306173, 8771609.903405394405127 ], [ 6551601.701407174579799, 8771603.628405598923564 ], [ 6551665.161861443892121, 8771606.113276295363903 ], [ 6551731.63379695173353, 8771615.04940427839756 ], [ 6551769.037981798872352, 8771619.689026679843664 ], [ 6551796.826907547190785, 8771618.54844281822443 ], [ 6551831.575097247958183, 8771612.557996464893222 ], [ 6551857.349584969691932, 8771613.563365088775754 ], [ 6551896.521464327350259, 8771624.985630985349417 ], [ 6551945.624668138101697, 8771635.958650574088097 ], [ 6551980.605032126419246, 8771642.649109497666359 ], [ 6552039.154287561774254, 8771660.721502754837275 ], [ 6552066.209278440102935, 8771679.114424299448729 ], [ 6552113.266077573411167, 8771685.814853005111217 ], [ 6552151.931640019640326, 8771705.516570139676332 ], [ 6552185.101440787315369, 8771718.311935668811202 ], [ 6552236.812278846278787, 8771741.0006084125489 ], [ 6552275.453464215621352, 8771755.879874229431152 ], [ 6552314.531775593757629, 8771768.834499716758728 ], [ 6552362.061143152415752, 8771796.780298236757517 ], [ 6552413.601122096180916, 8771820.03573171980679 ], [ 6552442.119330497458577, 8771834.050429366528988 ], [ 6552481.194388439878821, 8771852.889422753825784 ], [ 6552517.035231181420386, 8771867.579353809356689 ], [ 6552550.519461439922452, 8771889.597029972821474 ], [ 6552586.409079860895872, 8771905.824195947498083 ], [ 6552614.845203000120819, 8771917.57345524430275 ], [ 6552639.694693613797426, 8771922.03119432926178 ], [ 6552673.19987103715539, 8771944.264629764482379 ], [ 6552713.089867671951652, 8771967.969442052766681 ], [ 6552764.780972972512245, 8771993.076819099485874 ], [ 6552802.119669277220964, 8772004.857844952493906 ], [ 6552847.433248231187463, 8772032.701508276164532 ], [ 6552888.942720089107752, 8772050.903161514550447 ], [ 6552944.928222231566906, 8772078.685119627043605 ], [ 6552969.178475901484489, 8772087.492647187784314 ], [ 6553001.719879935495555, 8772093.748807864263654 ], [ 6553033.1611547768116, 8772105.370123937726021 ], [ 6553058.47262625861913, 8772122.738218698650599 ], [ 6553086.24845892842859, 8772137.505981843918562 ], [ 6553125.342208853922784, 8772156.264531398192048 ], [ 6553198.908685768023133, 8772176.844799203798175 ], [ 6553246.173887587152421, 8772194.733870973810554 ], [ 6553344.08938006311655, 8772238.177998809143901 ], [ 6553413.664223672822118, 8772267.667417224496603 ], [ 6553518.573968673124909, 8772300.820101676508784 ], [ 6553628.097227376885712, 8772341.684432690963149 ], [ 6553724.918290330097079, 8772382.978570712730289 ], [ 6553853.32827945612371, 8772421.940150106325746 ], [ 6553927.807815294712782, 8772439.022515926510096 ], [ 6553998.502354777418077, 8772446.644009521231055 ], [ 6554093.216293400153518, 8772463.756508708000183 ], [ 6554129.934623614884913, 8772473.456517623737454 ], [ 6554192.655575334094465, 8772473.624586030840874 ], [ 6554320.35389144718647, 8772486.605642355978489 ], [ 6554362.346413447521627, 8772482.900194073095918 ], [ 6554413.256206572055817, 8772491.929911186918616 ], [ 6554457.833170436322689, 8772501.812378959730268 ], [ 6554527.759747974574566, 8772506.058961153030396 ], [ 6554607.512822308577597, 8772511.856425082311034 ], [ 6554692.451947120949626, 8772518.051636902615428 ], [ 6554745.115809150971472, 8772527.604094224050641 ], [ 6554794.701199250295758, 8772554.497384812682867 ], [ 6554863.951181578449905, 8772588.791598718613386 ], [ 6554926.471413006074727, 8772623.87731115706265 ], [ 6554976.036693568341434, 8772658.663611501455307 ], [ 6555043.430523293092847, 8772702.350318338721991 ], [ 6555102.635130021721125, 8772750.329123392701149 ], [ 6555177.776938859373331, 8772804.171387868002057 ], [ 6555224.970923287793994, 8772844.051957624033093 ], [ 6555265.848332671448588, 8772889.426405996084213 ], [ 6555416.924495191313326, 8772475.319731086492538 ], [ 6555483.504252318292856, 8772457.024591017514467 ], [ 6555527.479534527286887, 8772405.028873139992356 ], [ 6555724.744556790217757, 8772308.046927783638239 ], [ 6555796.370229109190404, 8772236.437638422474265 ], [ 6555840.179194573312998, 8772168.481339493766427 ], [ 6555990.758539230562747, 8771808.247255520895123 ], [ 6556145.606069400906563, 8771439.118880683556199 ], [ 6556179.734057513996959, 8771376.651127643883228 ], [ 6556220.485397076234221, 8771318.459942257031798 ], [ 6556325.662541987374425, 8771201.47729017585516 ], [ 6556365.776785284280777, 8771137.555334966629744 ], [ 6556560.827128235250711, 8770698.03256444633007 ], [ 6556717.934806361794472, 8770340.266059339046478 ], [ 6556906.951797476038337, 8769923.980351340025663 ], [ 6557028.205593001097441, 8769694.691417180001736 ], [ 6557222.868245325982571, 8769355.301058992743492 ], [ 6557271.415902492590249, 8769282.151616051793098 ], [ 6557483.406865510158241, 8769078.517585871741176 ], [ 6557874.961071934551001, 8768713.171521212905645 ], [ 6558334.314385431818664, 8768282.788957245647907 ], [ 6558783.411583051085472, 8767862.993096521124244 ], [ 6558936.466743350960314, 8767708.767216773703694 ], [ 6558996.058692369610071, 8767629.182616863399744 ], [ 6559044.490875666029751, 8767555.423181623220444 ], [ 6559084.752521329559386, 8767479.695591684430838 ], [ 6559163.089245333336294, 8767302.791114239022136 ], [ 6559386.170030380599201, 8766778.776076164096594 ], [ 6559582.832445369102061, 8766327.324415486305952 ], [ 6559761.666080605238676, 8765902.900750510394573 ], [ 6559975.934011743403971, 8765508.452768770977855 ], [ 6560250.232359416782856, 8765008.33678357116878 ], [ 6560507.713805952109396, 8764541.518259273841977 ], [ 6560569.563224451616406, 8764428.44634504429996 ], [ 6560744.700739706866443, 8764107.464873669669032 ], [ 6560846.230168672278523, 8763923.570584833621979 ], [ 6560890.367368382401764, 8763864.268121674656868 ], [ 6560966.9737463966012, 8763804.798734968528152 ], [ 6560879.084186296910048, 8763514.636233849450946 ], [ 6560692.149039503186941, 8763402.357916770502925 ], [ 6560623.368294947780669, 8763383.137522105127573 ], [ 6560498.324998962692916, 8763306.932787472382188 ], [ 6560387.827149787917733, 8763279.187676748260856 ], [ 6560334.164688264019787, 8763280.486292542889714 ], [ 6560213.889255256392062, 8763252.675241643562913 ], [ 6560000.367659753188491, 8763271.070413703098893 ], [ 6559829.559561120346189, 8763253.010596718639135 ], [ 6559776.224144606851041, 8763246.034485567361116 ], [ 6559718.056063457392156, 8763234.69954482652247 ], [ 6559664.315789757296443, 8763234.791789995506406 ], [ 6559612.725880498066545, 8763213.554903231561184 ], [ 6559569.295871279202402, 8763186.539687993004918 ], [ 6559467.673305423930287, 8763136.350390590727329 ], [ 6559370.133737940341234, 8763118.433216126635671 ], [ 6559326.47160413954407, 8763113.272903623059392 ], [ 6559239.785665238276124, 8763092.895749550312757 ], [ 6559091.975451730191708, 8763072.226721357554197 ], [ 6559035.163496835157275, 8763010.672970773652196 ], [ 6558915.294511529617012, 8762894.73716439306736 ], [ 6558810.034389482811093, 8762792.614239938557148 ], [ 6558730.251333259046078, 8762717.949473710730672 ], [ 6558597.579690245911479, 8762593.365463545545936 ], [ 6558485.893576670438051, 8762484.850050397217274 ], [ 6558254.108224841766059, 8762261.531672190874815 ], [ 6557936.978992093354464, 8761953.127205584198236 ], [ 6557763.508785111829638, 8761924.733708616346121 ], [ 6557622.423967055976391, 8761891.101888002827764 ], [ 6557504.564085553400218, 8761717.512684877961874 ], [ 6557259.475653260946274, 8761392.015107983723283 ], [ 6557097.957589220255613, 8761190.218730550259352 ], [ 6556924.785009555518627, 8761083.36486379802227 ], [ 6556678.931597954593599, 8760927.17162817902863 ], [ 6556412.000616995617747, 8760772.892735496163368 ], [ 6556151.04327948577702, 8760616.646746529266238 ], [ 6555878.307762963697314, 8760486.012155875563622 ], [ 6555827.600197363644838, 8760469.538761170580983 ], [ 6555510.801868800073862, 8760327.594295009970665 ], [ 6555462.898825000971556, 8760331.427282556891441 ], [ 6555406.35114736109972, 8760310.802739107981324 ], [ 6555312.545383282937109, 8760284.490212764590979 ], [ 6555184.949683768674731, 8760260.937644075602293 ], [ 6555142.075508842244744, 8760255.456023203209043 ], [ 6555063.972376002930105, 8760215.16553089953959 ], [ 6555004.810280991718173, 8760240.739384481683373 ], [ 6554849.061829527840018, 8760288.988681545481086 ], [ 6554725.479890573769808, 8760319.795704465359449 ], [ 6554656.592896284535527, 8760320.745494827628136 ] ] ] } },
{ "type": "Feature", "properties": { "lv_id": "LOC_031989", "id": 148717.0, "CD_SETOR": "291700305000018", "SITUACAO": "Rural", "CD_SIT": "8", "CD_TIPO": "0", "AREA_KM2": 30.15438496575851, "CD_REGIAO": "2", "NM_REGIAO": "Nordeste", "CD_UF": "29", "NM_UF": "Bahia", "CD_MUN": "2917003", "NM_MUN": "Itiúba", "CD_DIST": "291700305", "NM_DIST": "Itiúba", "CD_SUBDIST": "29170030500", "NM_SUBDIST": null, "CD_BAIRRO": null, "NM_BAIRRO": null, "CD_NU": null, "NM_NU": null, "CD_FCU": null, "NM_FCU": null, "CD_AGLOM": null, "NM_AGLOM": null, "CD_RGINT": "2908", "NM_RGINT": "Juazeiro", "CD_RGI": "290023", "NM_RGI": "Senhor do Bonfim", "CD_CONCURB": null, "NM_CONCURB": null, "mun_code_x": "2917003", "index_right": 7750, "dist_m": 0.0, "local_id": 339732, "ano": 2022, "cod_localidade_ibge": 2917003, "NR_ZONA": "149", "nr_cep": 48850000.0, "nm_localidade": "ITIÚBA", "nm_locvot": "ESCOLA AUGUSTO PEDREIRA", "ds_endereco": "POV. PEDRA SOLTA - ZONA RURAL", "ds_bairro": "POVOADO PEDRA SOLTA", "pred_long": -39.824217, "pred_lat": -10.787787, "pred_dist": 0.0284569492132964, "tse_long": null, "tse_lat": null, "long": -39.824217, "lat": -10.787787, "ID_UNICO": "LOC_031989", "SG_UF": "BA", "CD_MUNICIPIO": "36412", "NR_LOCAL_VOTACAO": "1309", "QT_SECOES_AGREGADAS": 0, "QT_ELEITORES_TRANSFERIDOS": 0, "CIRO GOMES (PDT) (NÃO ELEITO) 1T": 5.0, "CONSTITUINTE EYMAEL (DC) (NÃO ELEITO) 1T": 0.0, "FELIPE D AVILA (NOVO) (NÃO ELEITO) 1T": 0.0, "JAIR BOLSONARO (PL) (2º TURNO) 1T": 135.0, "LULA (PT) (2º TURNO) 1T": 469.0, "LÉO PÉRICLES (UP) (NÃO ELEITO) 1T": 0.0, "PADRE KELMON (PTB) (NÃO ELEITO) 1T": 0.0, "SIMONE TEBET (MDB) (NÃO ELEITO) 1T": 4.0, "SOFIA MANZANO (PCB) (NÃO ELEITO) 1T": 0.0, "SORAYA THRONICKE (UNIÃO) (NÃO ELEITO) 1T": 9.0, "VERA (PSTU) (NÃO ELEITO) 1T": 0.0, "Total_Votos_Validos 1T": 622.0, "Votos_Brancos 1T": 21.0, "Votos_Nulos 1T": 23.0, "Abstenções 1T": 268.0, "Eleitores_Aptos 1T": 934.0, "JAIR BOLSONARO (PL) (NÃO ELEITO) 2T": 145.0, "LULA (PT) (ELEITO) 2T": 473.0, "Total_Votos_Validos 2T": 618.0, "Votos_Brancos 2T": 13.0, "Votos_Nulos 2T": 20.0, "Abstenções 2T": 283.0, "Eleitores_Aptos 2T": 934.0, "mun_code_y": "2917003", "mun_code": "2917003" }, "geometry": { "type": "Polygon", "coordinates": [ [ [ 6549763.193861478939652, 8771326.085602583363652 ], [ 6549858.146777769550681, 8771174.607296705245972 ], [ 6549975.437996093183756, 8771140.129698371514678 ], [ 6550105.876765404827893, 8771054.837050912901759 ], [ 6550384.569210970774293, 8770956.603445768356323 ], [ 6550452.090799963101745, 8770883.768617687746882 ], [ 6550538.928775735199451, 8770777.425921685993671 ], [ 6550608.621375100687146, 8770635.571417242288589 ], [ 6550672.777729609981179, 8770439.490660222247243 ], [ 6550718.199286417104304, 8770382.285367637872696 ], [ 6550740.554630211554468, 8770314.382455196231604 ], [ 6550883.163398505188525, 8770183.189391629770398 ], [ 6550972.623271676711738, 8770126.151081884279847 ], [ 6551049.429745432920754, 8769996.059665253385901 ], [ 6551005.080579617992043, 8769966.292970126494765 ], [ 6550983.479985057376325, 8769914.36360682733357 ], [ 6550985.52768877428025, 8769894.610011814162135 ], [ 6550976.002585993148386, 8769848.163639549165964 ], [ 6550952.412883967161179, 8769817.501842591911554 ], [ 6550922.014737538062036, 8769799.243180168792605 ], [ 6550879.322455094195902, 8769770.98487582989037 ], [ 6550860.098491224460304, 8769738.603941097855568 ], [ 6550874.083006715402007, 8769721.317983154207468 ], [ 6550861.174582530744374, 8769697.72050903737545 ], [ 6550868.773891128599644, 8769670.137763811275363 ], [ 6550882.966563256457448, 8769657.380416572093964 ], [ 6550873.354538993909955, 8769641.189983123913407 ], [ 6550861.20943374466151, 8769634.193811450153589 ], [ 6550854.824789094738662, 8769623.908439170569181 ], [ 6550876.991774850524962, 8769607.439793696627021 ], [ 6550880.902279866859317, 8769580.347556041553617 ], [ 6550864.766382664442062, 8769550.845104867592454 ], [ 6550850.313504927791655, 8769525.802852028980851 ], [ 6550862.910085199400783, 8769478.340950956568122 ], [ 6550887.911580407992005, 8769475.663395848125219 ], [ 6550911.674880836158991, 8769445.82473336160183 ], [ 6550933.883335202932358, 8769414.553030241280794 ], [ 6550936.641337555833161, 8769378.118257122114301 ], [ 6550923.108318638056517, 8769340.946306483820081 ], [ 6550896.926258023828268, 8769317.954041982069612 ], [ 6550874.169532911852002, 8769305.407352427020669 ], [ 6550843.338209976442158, 8769309.860983503982425 ], [ 6550795.562326744198799, 8769331.73817303031683 ], [ 6550751.655444342643023, 8769341.33720912411809 ], [ 6550708.182488366961479, 8769328.235929861664772 ], [ 6550694.857415966689587, 8769295.581482332199812 ], [ 6550719.540055239573121, 8769253.601959582418203 ], [ 6550759.028827861882746, 8769212.451262699440122 ], [ 6550786.105393138714135, 8769158.261953763663769 ], [ 6550807.271298091858625, 8769104.335646638646722 ], [ 6550810.862788932397962, 8769086.026958595961332 ], [ 6550796.676463931798935, 8769057.027217783033848 ], [ 6550779.167166669853032, 8769055.742413118481636 ], [ 6550775.523068836890161, 8769040.7801742721349 ], [ 6550772.483613289892673, 8769022.779515260830522 ], [ 6550761.035418372601271, 8769014.987258952111006 ], [ 6550744.382832705974579, 8769022.568244663998485 ], [ 6550735.083136830478907, 8769013.171023480594158 ], [ 6550728.628775681369007, 8769001.372487237676978 ], [ 6550729.048194332048297, 8768994.545548673719168 ], [ 6550740.163010753691196, 8768978.909167606383562 ], [ 6550742.87235689163208, 8768957.608348602429032 ], [ 6550744.048238517716527, 8768934.862188778817654 ], [ 6550744.828854997642338, 8768919.705835748463869 ], [ 6550743.600230276584625, 8768909.181127954274416 ], [ 6550750.085056587122381, 8768873.337391566485167 ], [ 6550747.20786664262414, 8768859.103544548153877 ], [ 6550742.471107538789511, 8768852.516136210411787 ], [ 6550729.559630014002323, 8768844.803334027528763 ], [ 6550724.742322038859129, 8768836.703103084117174 ], [ 6550721.237395983189344, 8768824.767586203292012 ], [ 6550726.730562557466328, 8768815.435776816681027 ], [ 6550717.524106761440635, 8768808.303447773680091 ], [ 6550695.090474421158433, 8768802.538207080215216 ], [ 6550673.49293471686542, 8768799.00326893478632 ], [ 6550658.502636174671352, 8768794.408793281763792 ], [ 6550642.804060792550445, 8768790.599801929667592 ], [ 6550644.570370383560658, 8768780.688581131398678 ], [ 6550655.075022804550827, 8768760.359785333275795 ], [ 6550657.11692582629621, 8768748.349049748852849 ], [ 6550650.523782911710441, 8768733.535313911736012 ], [ 6550643.372020334005356, 8768722.521845269948244 ], [ 6550631.903379820287228, 8768698.105471454560757 ], [ 6550615.510102640837431, 8768679.197379373013973 ], [ 6550612.400097166188061, 8768657.049528885632753 ], [ 6550615.075448983348906, 8768637.631804697215557 ], [ 6550624.634689558297396, 8768620.551071224734187 ], [ 6550628.933622738346457, 8768601.445587819442153 ], [ 6550624.79000913258642, 8768591.808952260762453 ], [ 6550607.408385777845979, 8768583.539985259994864 ], [ 6550591.661331069655716, 8768579.151819504797459 ], [ 6550581.82010888773948, 8768557.510598255321383 ], [ 6550576.958061782643199, 8768532.023373605683446 ], [ 6550564.212090498767793, 8768512.204747378826141 ], [ 6550552.171333250589669, 8768507.473360847681761 ], [ 6550537.840848902240396, 8768517.215772336348891 ], [ 6550497.141138523817062, 8768516.07370419986546 ], [ 6550467.254008015617728, 8768509.149785066023469 ], [ 6550454.13371781911701, 8768496.89717336371541 ], [ 6550453.231081334874034, 8768477.280914420261979 ], [ 6550453.025774037465453, 8768456.879679223522544 ], [ 6550459.926958348602057, 8768430.093423083424568 ], [ 6550476.894242631271482, 8768413.421099299564958 ], [ 6550501.093853182159364, 8768409.274911649525166 ], [ 6550523.214675782248378, 8768408.247013170272112 ], [ 6550543.628732692450285, 8768402.007553834468126 ], [ 6550571.023196284659207, 8768387.119710829108953 ], [ 6550597.095552906394005, 8768359.442375523969531 ], [ 6550607.50397199485451, 8768328.707210933789611 ], [ 6550610.154595479369164, 8768305.903977056965232 ], [ 6550601.169891765341163, 8768287.415794864296913 ], [ 6550584.47531202249229, 8768261.72592880949378 ], [ 6550574.991310654208064, 8768248.563245378434658 ], [ 6550568.047901215031743, 8768242.078516483306885 ], [ 6550550.495360132306814, 8768214.159429000690579 ], [ 6550545.042790148407221, 8768175.848860219120979 ], [ 6550533.178298179060221, 8768159.011155178770423 ], [ 6550512.812265517190099, 8768150.11718381755054 ], [ 6550503.749502846039832, 8768123.274544928222895 ], [ 6550507.154018403030932, 8768091.405397912487388 ], [ 6550514.020131384953856, 8768063.86800717189908 ], [ 6550505.395819645375013, 8768037.039220178499818 ], [ 6550490.630163759924471, 8768005.216463139280677 ], [ 6550474.411261705681682, 8767987.007681280374527 ], [ 6550460.513471328653395, 8767977.129008322954178 ], [ 6550451.783440019004047, 8767930.407523836940527 ], [ 6550452.442074408754706, 8767898.107317861169577 ], [ 6550451.853901944123209, 8767869.399899506941438 ], [ 6550435.704087318852544, 8767855.783274203538895 ], [ 6550404.145104971714318, 8767844.399531366303563 ], [ 6550372.692570158280432, 8767819.396078113466501 ], [ 6550361.53576189186424, 8767801.761704770848155 ], [ 6550352.468187850899994, 8767797.644973857328296 ], [ 6550332.669526619836688, 8767800.834464002400637 ], [ 6550322.977025723084807, 8767783.143445670604706 ], [ 6550305.031447984278202, 8767730.282720766961575 ], [ 6550288.15247848816216, 8767700.827648499980569 ], [ 6550277.03290668129921, 8767668.071760201826692 ], [ 6550259.026561814360321, 8767646.229081785306334 ], [ 6550246.39293578080833, 8767644.547297067940235 ], [ 6550232.935908209532499, 8767641.387244207784534 ], [ 6550204.497722174972296, 8767649.516642427071929 ], [ 6550178.880629482679069, 8767671.129523545503616 ], [ 6550153.102700847201049, 8767673.0804099496454 ], [ 6550142.050195602700114, 8767657.71043723449111 ], [ 6550140.019723681733012, 8767645.706718539819121 ], [ 6550130.198841797187924, 8767624.988723995164037 ], [ 6550123.258176917210221, 8767602.631711319088936 ], [ 6550132.441521616652608, 8767585.249206287786365 ], [ 6550146.797053051181138, 8767584.148537706583738 ], [ 6550160.173458183184266, 8767585.795788766816258 ], [ 6550146.730037033557892, 8767566.762754362076521 ], [ 6550128.721091047860682, 8767560.792658289894462 ], [ 6550108.217016798444092, 8767548.895211767405272 ], [ 6550093.472330569289625, 8767533.696948705241084 ], [ 6550100.858786502853036, 8767517.469820249825716 ], [ 6550106.794721677899361, 8767502.074087075889111 ], [ 6550108.317527140490711, 8767486.883519597351551 ], [ 6550102.92061556968838, 8767465.959913957864046 ], [ 6550083.786984924226999, 8767451.729718632996082 ], [ 6550042.292204739525914, 8767417.364679984748363 ], [ 6550018.745496665127575, 8767403.339696319773793 ], [ 6549995.676140244118869, 8767383.990369500592351 ], [ 6549988.805078818462789, 8767363.146795313805342 ], [ 6549991.059197327122092, 8767347.910884564742446 ], [ 6549994.788501096889377, 8767332.61778506077826 ], [ 6549991.317852708511055, 8767321.433668304234743 ], [ 6549984.4678451474756, 8767317.213965425267816 ], [ 6549970.325085509568453, 8767314.849867943674326 ], [ 6549946.40663736499846, 8767309.154656710103154 ], [ 6549931.708010150119662, 8767294.718377001583576 ], [ 6549936.030334921553731, 8767276.376081276684999 ], [ 6549946.574508021585643, 8767264.540364045649767 ], [ 6549959.790314754471183, 8767246.537096116691828 ], [ 6549963.415292706340551, 8767228.979756200686097 ], [ 6549962.428856980055571, 8767223.723467539995909 ], [ 6549953.164305675774813, 8767215.089274652302265 ], [ 6549947.126264264807105, 8767212.336970623582602 ], [ 6549927.643316535279155, 8767206.447006285190582 ], [ 6549922.129139536060393, 8767199.14356473647058 ], [ 6549898.782760698348284, 8767175.679614260792732 ], [ 6549865.053704531863332, 8767147.350716732442379 ], [ 6549842.219293819740415, 8767100.773089405149221 ], [ 6549825.793940106406808, 8767065.242918932810426 ], [ 6549810.400524388998747, 8767035.719484059140086 ], [ 6549813.282618263736367, 8767018.196766626089811 ], [ 6549804.586913867853582, 8767005.750599795952439 ], [ 6549786.532165174372494, 8766999.018969176337123 ], [ 6549778.602916883304715, 8766987.289732469245791 ], [ 6549779.105019923299551, 8766966.103508733212948 ], [ 6549785.400919678620994, 8766942.367368562147021 ], [ 6549794.657019201666117, 8766918.493551068007946 ], [ 6549805.587769452482462, 8766883.207820948213339 ], [ 6549799.063439194113016, 8766869.896751422435045 ], [ 6549784.666752569377422, 8766862.253930790349841 ], [ 6549772.118236915208399, 8766830.329243190586567 ], [ 6549752.324419427663088, 8766801.763184120878577 ], [ 6549740.715802019461989, 8766774.32158924639225 ], [ 6549740.126965465955436, 8766745.614927731454372 ], [ 6549747.478318387642503, 8766728.636908769607544 ], [ 6549775.581253852695227, 8766697.090596998110414 ], [ 6549795.891419362276793, 8766672.702518619596958 ], [ 6549798.784161724150181, 8766655.179261384531856 ], [ 6549789.171574109233916, 8766638.990253359079361 ], [ 6549770.489895002916455, 8766634.568513948470354 ], [ 6549757.218128306791186, 8766635.185849033296108 ], [ 6549728.283681955188513, 8766632.757520204409957 ], [ 6549718.067236054688692, 8766619.618268147110939 ], [ 6549722.538921300321817, 8766604.290693692862988 ], [ 6549753.645248977467418, 8766605.865409195423126 ], [ 6549757.130914017558098, 8766585.292953638359904 ], [ 6549755.668885989114642, 8766569.477402865886688 ], [ 6549724.427576567046344, 8766533.131695536896586 ], [ 6549708.668175672180951, 8766477.137878781184554 ], [ 6549699.889508469961584, 8766449.587595736607909 ], [ 6549703.722093763761222, 8766436.547403985634446 ], [ 6549710.747694886289537, 8766428.660777691751719 ], [ 6549728.478394063189626, 8766428.599877323955297 ], [ 6549751.840172850526869, 8766422.222314922139049 ], [ 6549766.030259352177382, 8766409.464181195944548 ], [ 6549760.771762268617749, 8766391.556175027042627 ], [ 6549759.4727503946051, 8766379.51864455267787 ], [ 6549764.571764081716537, 8766361.892722079530358 ], [ 6549767.718836814165115, 8766343.479621229693294 ], [ 6549764.371948935091496, 8766322.871528832241893 ], [ 6549735.856867772527039, 8766308.633947988972068 ], [ 6549690.366111896000803, 8766289.222740199416876 ], [ 6549633.02185838855803, 8766290.989914052188396 ], [ 6549600.299798863008618, 8766288.316210521385074 ], [ 6549596.127909631468356, 8766279.023547222837806 ], [ 6549608.70207772962749, 8766267.070396993309259 ], [ 6549628.337102020159364, 8766260.113623695448041 ], [ 6549640.042218698188663, 8766241.416461993008852 ], [ 6549657.613221648149192, 8766205.821684807538986 ], [ 6549660.088319534435868, 8766179.241598194465041 ], [ 6549614.79394097160548, 8766174.541887240484357 ], [ 6549584.21319735981524, 8766152.53292528912425 ], [ 6549556.487773589789867, 8766128.110668290406466 ], [ 6549539.526233160868287, 8766113.02781954780221 ], [ 6549512.531185760162771, 8766104.455056671053171 ], [ 6549491.143783632665873, 8766105.450169507414103 ], [ 6549465.957993099465966, 8766120.224936135113239 ], [ 6549450.607980872504413, 8766123.960719954222441 ], [ 6549403.304971684701741, 8766123.892445385456085 ], [ 6549384.949533356353641, 8766110.390970680862665 ], [ 6549384.114919087849557, 8766092.277400940656662 ], [ 6549377.56887773796916, 8766062.343165244907141 ], [ 6549358.680352110415697, 8766037.509892962872982 ], [ 6549332.348031585104764, 8766027.401207689195871 ], [ 6549305.062228124588728, 8766028.670701025053859 ], [ 6549218.967528700828552, 8766020.578453151509166 ], [ 6549194.074749244377017, 8766009.638823879882693 ], [ 6549192.252570508047938, 8766002.163952056318521 ], [ 6549190.293042212724686, 8765975.790658120065928 ], [ 6549160.141858529299498, 8765946.943455561995506 ], [ 6549147.697437474504113, 8765917.283889757469296 ], [ 6549128.578748085536063, 8765871.29912880808115 ], [ 6549115.566583158448339, 8765829.556951608508825 ], [ 6549084.100920980796218, 8765836.322955230250955 ], [ 6549049.82288194168359, 8765862.113077307119966 ], [ 6549026.946418534964323, 8765894.932264225557446 ], [ 6549014.645713584497571, 8765906.165490988641977 ], [ 6548969.670368947088718, 8765891.987024011090398 ], [ 6548938.699640702456236, 8765889.539697650820017 ], [ 6548910.575069109909236, 8765853.118637576699257 ], [ 6548912.000132789835334, 8765830.829725949093699 ], [ 6548933.919463757425547, 8765825.465800991281867 ], [ 6548957.610537317581475, 8765827.670222835615277 ], [ 6548993.879257801920176, 8765822.277180643752217 ], [ 6548954.652448473498225, 8765709.545454766601324 ], [ 6548961.890195152722299, 8765666.359655667096376 ], [ 6548954.363011597655714, 8765614.898819265887141 ], [ 6548895.307922949083149, 8765598.992915458977222 ], [ 6548847.75095076020807, 8765592.209516674280167 ], [ 6548810.8185033807531, 8765495.77931254543364 ], [ 6548796.715593972243369, 8765410.658145755529404 ], [ 6548860.388585094362497, 8765280.242939721792936 ], [ 6548818.855094024911523, 8765183.753577381372452 ], [ 6548775.845018869265914, 8765115.074303016066551 ], [ 6548810.105462795123458, 8764971.63826304487884 ], [ 6548653.890135616995394, 8764927.886243611574173 ], [ 6548414.845523583702743, 8764903.359147027134895 ], [ 6548343.208310695365071, 8764930.067090749740601 ], [ 6548292.232517305761576, 8764976.621518159285188 ], [ 6548239.596445039846003, 8765137.031368853524327 ], [ 6548187.582312297075987, 8765192.663545269519091 ], [ 6548118.397542542777956, 8765207.762968719005585 ], [ 6548066.728251362219453, 8765169.918739372864366 ], [ 6548080.48033760394901, 8765092.317368037998676 ], [ 6548106.057418439537287, 8765025.955060455948114 ], [ 6547984.40583754144609, 8764979.954314041882753 ], [ 6547932.995535346679389, 8764934.425165133550763 ], [ 6547883.490204771049321, 8764890.802770843729377 ], [ 6547851.477347945794463, 8764842.204963002353907 ], [ 6547762.440416730009019, 8764863.313291918486357 ], [ 6547705.019905380904675, 8764945.567689675837755 ], [ 6547669.453111792914569, 8764911.056622806936502 ], [ 6547612.093174322508276, 8764898.412851735949516 ], [ 6547566.9183753952384, 8764948.537498049438 ], [ 6547527.93523014895618, 8764947.261088710278273 ], [ 6547479.720659947954118, 8764928.080507315695286 ], [ 6547457.610955413430929, 8764890.332638323307037 ], [ 6547505.063196701928973, 8764842.599200457334518 ], [ 6547504.961411045864224, 8764800.714934069663286 ], [ 6547456.805155377835035, 8764769.731391740962863 ], [ 6547407.729340356774628, 8764760.601614309474826 ], [ 6547333.700813272036612, 8764793.141749264672399 ], [ 6547158.228718600235879, 8764917.98484892770648 ], [ 6547114.718154729343951, 8764882.57793053984642 ], [ 6547041.757261287420988, 8764891.968153968453407 ], [ 6546905.157066700048745, 8764860.742119403555989 ], [ 6546874.136317817494273, 8764782.558714490383863 ], [ 6546823.733198178932071, 8764753.161792358383536 ], [ 6546656.165031754411757, 8764645.11883856728673 ], [ 6546462.677423463203013, 8764568.209510263055563 ], [ 6546375.70705412235111, 8764577.851512286812067 ], [ 6546227.940608104690909, 8764598.380391526967287 ], [ 6546123.250584793277085, 8764631.362172853201628 ], [ 6546038.885398409329355, 8764600.830822989344597 ], [ 6545993.295523513108492, 8764520.476687161251903 ], [ 6545956.866666202433407, 8764454.609098481014371 ], [ 6545896.126438933424652, 8764399.665211111307144 ], [ 6545806.105352753773332, 8764370.617178564891219 ], [ 6545743.610755661502481, 8764337.473467696458101 ], [ 6545742.808732095174491, 8764374.494655372574925 ], [ 6545739.889760440215468, 8764418.078448509797454 ], [ 6545746.488719168119133, 8764450.856542401015759 ], [ 6545807.12018921226263, 8764654.425462068989873 ], [ 6545829.948686878196895, 8764801.27757147885859 ], [ 6545780.166296323761344, 8765091.687080888077617 ], [ 6545661.961899735964835, 8765239.242381263524294 ], [ 6545491.515046942979097, 8765397.624429346993566 ], [ 6545294.322053181007504, 8765497.40427915006876 ], [ 6545237.00216481462121, 8765495.140728898346424 ], [ 6545199.390651053749025, 8765525.125930905342102 ], [ 6545189.550734771415591, 8765563.705837456509471 ], [ 6545138.273688433691859, 8765635.970947422087193 ], [ 6545122.164212189614773, 8765686.994561133906245 ], [ 6545145.672505769878626, 8765723.091436345130205 ], [ 6545127.47587900608778, 8765771.578389720991254 ], [ 6545011.25971313752234, 8765838.979099832475185 ], [ 6545025.468924714252353, 8765880.91135567612946 ], [ 6545019.395498080179095, 8765947.155650373548269 ], [ 6545010.769684409722686, 8766018.60289834626019 ], [ 6544999.823855925351381, 8766072.681019110605121 ], [ 6544957.344516237266362, 8766144.216851375997066 ], [ 6544964.0312320869416, 8766231.369847742840648 ], [ 6545012.853503946214914, 8766339.790596071630716 ], [ 6545019.946339273825288, 8766454.616356858983636 ], [ 6544986.84579508844763, 8766515.410665204748511 ], [ 6544954.441992741078138, 8766593.284321708604693 ], [ 6544985.464798986911774, 8766619.981437420472503 ], [ 6545051.648113992996514, 8766776.322773031890392 ], [ 6545157.990544836036861, 8766865.13623109459877 ], [ 6545208.550020627677441, 8766953.253686372190714 ], [ 6545221.091604869812727, 8767021.348153611645103 ], [ 6545277.018228117376566, 8767128.609269952401519 ], [ 6545291.833271717652678, 8767215.466257518157363 ], [ 6545275.834800472483039, 8767265.172874199226499 ], [ 6545285.633627709001303, 8767440.672777377068996 ], [ 6545352.730823713354766, 8767599.562718126922846 ], [ 6545458.736698702909052, 8767759.96745397336781 ], [ 6545446.137938685715199, 8767987.272844202816486 ], [ 6545383.834818124771118, 8768276.07185303978622 ], [ 6545386.135225208476186, 8768424.273680057376623 ], [ 6545336.732018078677356, 8768801.373615520074964 ], [ 6545324.341604352928698, 8768999.071750726550817 ], [ 6545354.741804624907672, 8769147.089472331106663 ], [ 6545434.382189244031906, 8769210.33457038551569 ], [ 6545408.538649981841445, 8769336.240252144634724 ], [ 6545451.357916057109833, 8769433.761324390769005 ], [ 6545569.860116789117455, 8769464.256207779049873 ], [ 6545601.934529314748943, 8769583.388943469151855 ], [ 6545595.995354084298015, 8769653.480513945221901 ], [ 6545582.734098768793046, 8769753.472371380776167 ], [ 6545608.234455465339124, 8769790.575193449854851 ], [ 6545706.134465681388974, 8769813.668187104165554 ], [ 6545769.94120872206986, 8769871.571571338921785 ], [ 6545864.936773363500834, 8770089.977477306500077 ], [ 6545912.06024777982384, 8770204.277195062488317 ], [ 6545974.616351675242186, 8770308.469103707000613 ], [ 6546059.354914156720042, 8770422.511386992409825 ], [ 6546156.898429134860635, 8770510.424182837828994 ], [ 6546391.016063190996647, 8770611.73082354106009 ], [ 6546402.420452274382114, 8770805.439094964414835 ], [ 6546695.84851351659745, 8771161.574132744222879 ], [ 6546887.646225171163678, 8771281.077841684222221 ], [ 6546964.188810981810093, 8771340.699197551235557 ], [ 6547025.156394411809742, 8771364.557677190750837 ], [ 6547116.252876338548958, 8771419.242094917222857 ], [ 6547122.244127404876053, 8771471.877584185451269 ], [ 6547146.151484819129109, 8771613.776176180690527 ], [ 6547181.551239022985101, 8771643.275492589920759 ], [ 6547334.043182819150388, 8771719.668073795735836 ], [ 6547493.246316000819206, 8771715.268896644935012 ], [ 6547592.853813980706036, 8771678.977167397737503 ], [ 6547744.048144394531846, 8771684.968945486471057 ], [ 6547876.377168080769479, 8771724.133324978873134 ], [ 6547898.412672915495932, 8771787.8627162091434 ], [ 6548005.948559537529945, 8771783.868121007457376 ], [ 6548407.658142760396004, 8771800.579665130004287 ], [ 6548473.676493322476745, 8771846.939466323703527 ], [ 6548558.890746275894344, 8771868.296359131112695 ], [ 6548617.537273829802871, 8772005.584526274353266 ], [ 6548670.36830681655556, 8772112.973144691437483 ], [ 6548716.46043561398983, 8772122.287734685465693 ], [ 6548719.792833134531975, 8772180.670408140867949 ], [ 6548745.927049103192985, 8772202.663835573941469 ], [ 6548902.288397409953177, 8772207.867927497252822 ], [ 6548971.544301321730018, 8772223.088518792763352 ], [ 6549028.584512364119291, 8772289.008705493062735 ], [ 6549093.973119840025902, 8772227.730087097734213 ], [ 6549157.365183960646391, 8772189.541276397183537 ], [ 6549212.304739802144468, 8772148.003541100770235 ], [ 6549270.253213727846742, 8772128.400632394477725 ], [ 6549304.94455115776509, 8772108.973372485488653 ], [ 6549351.143259461969137, 8771998.343931928277016 ], [ 6549371.693878250196576, 8771888.764723092317581 ], [ 6549413.691213665530086, 8771816.423502910882235 ], [ 6549460.814019041135907, 8771747.231071824207902 ], [ 6549491.704078272916377, 8771712.015986647456884 ], [ 6549566.402120825834572, 8771614.60250529833138 ], [ 6549664.765651432797313, 8771457.929211912676692 ], [ 6549763.193861478939652, 8771326.085602583363652 ] ] ] } },
{ "type": "Feature", "properties": { "lv_id": "LOC_031990", "id": 148710.0, "CD_SETOR": "291700305000009", "SITUACAO": "Rural", "CD_SIT": "8", "CD_TIPO": "0", "AREA_KM2": 56.798036473771383, "CD_REGIAO": "2", "NM_REGIAO": "Nordeste", "CD_UF": "29", "NM_UF": "Bahia", "CD_MUN": "2917003", "NM_MUN": "Itiúba", "CD_DIST": "291700305", "NM_DIST": "Itiúba", "CD_SUBDIST": "29170030500", "NM_SUBDIST": null, "CD_BAIRRO": null, "NM_BAIRRO": null, "CD_NU": null, "NM_NU": null, "CD_FCU": null, "NM_FCU": null, "CD_AGLOM": "291700300002", "NM_AGLOM": "Cacimbas", "CD_RGINT": "2908", "NM_RGINT": "Juazeiro", "CD_RGI": "290023", "NM_RGI": "Senhor do Bonfim", "CD_CONCURB": null, "NM_CONCURB": null, "mun_code_x": "2917003", "index_right": 7742, "dist_m": 1018.8445726368145, "local_id": 339724, "ano": 2022, "cod_localidade_ibge": 2917003, "NR_ZONA": "149", "nr_cep": 48850000.0, "nm_localidade": "ITIÚBA", "nm_locvot": "ESCOLA ESTADUAL EPIFÂNIO PEREIRA DA SILVA", "ds_endereco": "RUA DO POSTO - POVOADO CACIMBAS - ZONA RURAL", "ds_bairro": "POVOADO CACIMBAS", "pred_long": -39.77271, "pred_lat": -10.769326, "pred_dist": 0.0189584599717206, "tse_long": null, "tse_lat": null, "long": -39.77271, "lat": -10.769326, "ID_UNICO": "LOC_031990", "SG_UF": "BA", "CD_MUNICIPIO": "36412", "NR_LOCAL_VOTACAO": "1341", "QT_SECOES_AGREGADAS": 0, "QT_ELEITORES_TRANSFERIDOS": 0, "CIRO GOMES (PDT) (NÃO ELEITO) 1T": 8.0, "CONSTITUINTE EYMAEL (DC) (NÃO ELEITO) 1T": 0.0, "FELIPE D AVILA (NOVO) (NÃO ELEITO) 1T": 0.0, "JAIR BOLSONARO (PL) (2º TURNO) 1T": 51.0, "LULA (PT) (2º TURNO) 1T": 436.0, "LÉO PÉRICLES (UP) (NÃO ELEITO) 1T": 0.0, "PADRE KELMON (PTB) (NÃO ELEITO) 1T": 0.0, "SIMONE TEBET (MDB) (NÃO ELEITO) 1T": 12.0, "SOFIA MANZANO (PCB) (NÃO ELEITO) 1T": 0.0, "SORAYA THRONICKE (UNIÃO) (NÃO ELEITO) 1T": 4.0, "VERA (PSTU) (NÃO ELEITO) 1T": 0.0, "Total_Votos_Validos 1T": 511.0, "Votos_Brancos 1T": 9.0, "Votos_Nulos 1T": 22.0, "Abstenções 1T": 199.0, "Eleitores_Aptos 1T": 741.0, "JAIR BOLSONARO (PL) (NÃO ELEITO) 2T": 53.0, "LULA (PT) (ELEITO) 2T": 463.0, "Total_Votos_Validos 2T": 516.0, "Votos_Brancos 2T": 10.0, "Votos_Nulos 2T": 16.0, "Abstenções 2T": 199.0, "Eleitores_Aptos 2T": 741.0, "mun_code_y": "2917003", "mun_code": "2917003" }, "geometry": { "type": "Polygon", "coordinates": [ [ [ 6565371.110643658787012, 8770548.50657326169312 ], [ 6565371.354504918679595, 8770518.568820800632238 ], [ 6565367.793786164373159, 8770488.512501485645771 ], [ 6565366.114378375932574, 8770453.929950581863523 ], [ 6565367.475427431985736, 8770436.524254985153675 ], [ 6565370.840403862297535, 8770419.127439428120852 ], [ 6565369.9946678429842, 8770401.825034340843558 ], [ 6565370.57738078571856, 8770393.138170711696148 ], [ 6565371.159562749788165, 8770384.439922150224447 ], [ 6565378.912817898206413, 8770368.8913355730474 ], [ 6565382.38364305254072, 8770353.543202966451645 ], [ 6565385.634551912546158, 8770336.049018461257219 ], [ 6565392.669337888248265, 8770305.473869090899825 ], [ 6565393.609295075759292, 8770281.584598394110799 ], [ 6565392.356734106317163, 8770255.74430807121098 ], [ 6565384.173551506362855, 8770217.142111174762249 ], [ 6565381.865111418999732, 8770212.926091177389026 ], [ 6565379.133732289075851, 8770200.058868750929832 ], [ 6565374.302897219546139, 8770185.122188923880458 ], [ 6565372.638753180392087, 8770150.641592562198639 ], [ 6565371.715475113131106, 8770135.921296833083034 ], [ 6565372.18967922963202, 8770123.006682869046926 ], [ 6565372.52430329285562, 8770115.346842024475336 ], [ 6565371.939235544763505, 8770099.184559281915426 ], [ 6565371.668257995508611, 8770091.450389724224806 ], [ 6565373.377377670258284, 8770079.19673353433609 ], [ 6565373.768094596453011, 8770072.983235076069832 ], [ 6565374.62890368886292, 8770061.796125426888466 ], [ 6565378.084364767186344, 8770046.357388658449054 ], [ 6565381.348739614710212, 8770026.797456193715334 ], [ 6565384.695212390273809, 8770007.119581120088696 ], [ 6565387.956769983284175, 8769989.624837892130017 ], [ 6565401.591484483331442, 8769967.286025315523148 ], [ 6565404.956072348169982, 8769949.889120867475867 ], [ 6565410.513144466094673, 8769934.443203136324883 ], [ 6565413.872950894758105, 8769916.943826949223876 ], [ 6565419.425770318135619, 8769901.406819438561797 ], [ 6565424.675718641839921, 8769879.574675366282463 ], [ 6565432.236636490561068, 8769864.137565087527037 ], [ 6565435.80117407348007, 8769848.693646285682917 ], [ 6565443.455629017204046, 8769833.149452967569232 ], [ 6565444.717864405363798, 8769815.748271314427257 ], [ 6565447.357736447826028, 8769808.459622945636511 ], [ 6565450.280094291083515, 8769800.416140915825963 ], [ 6565455.837030309252441, 8769784.970157843083143 ], [ 6565459.297008922323585, 8769769.633789226412773 ], [ 6565464.771274249069393, 8769754.294347036629915 ], [ 6565466.329639479517937, 8769743.279871681705117 ], [ 6565471.577924810349941, 8769719.291366662830114 ], [ 6565475.032569706439972, 8769703.841133074834943 ], [ 6565480.084167935885489, 8769679.861821269616485 ], [ 6565485.845812017098069, 8769666.471275877207518 ], [ 6565491.304837723262608, 8769651.041227856650949 ], [ 6565496.866391940042377, 8769635.697643514722586 ], [ 6565500.424564698711038, 8769620.356621388345957 ], [ 6565508.091735327616334, 8769606.979468669742346 ], [ 6565511.555788699537516, 8769591.734117051586509 ], [ 6565519.414817610755563, 8769578.245275545865297 ], [ 6565524.873760297894478, 8769562.815184427425265 ], [ 6565532.643421220593154, 8769549.524468110874295 ], [ 6565538.102335872128606, 8769534.094361297786236 ], [ 6565545.961310558021069, 8769520.60548341087997 ], [ 6565553.632613558322191, 8769507.319345731288195 ], [ 6565559.189804435707629, 8769491.884608563035727 ], [ 6565565.162899969145656, 8769482.819595888257027 ], [ 6565576.494564441032708, 8769458.523083344101906 ], [ 6565583.945899578742683, 8769436.484846018254757 ], [ 6565589.40470421500504, 8769421.054677987471223 ], [ 6565591.3908771565184, 8769418.793846271932125 ], [ 6565599.271681482903659, 8769407.665599880740047 ], [ 6565606.920939629897475, 8769392.018686385825276 ], [ 6565612.478017520159483, 8769376.583885502070189 ], [ 6565622.246631978079677, 8769363.199379809200764 ], [ 6565627.901470213197172, 8769347.748570051044226 ], [ 6565635.468025517649949, 8769332.208172740414739 ], [ 6565645.319762717932463, 8769318.728460965678096 ], [ 6565649.770314900204539, 8769307.053506204858422 ], [ 6565655.819783041253686, 8769291.378800379112363 ], [ 6565660.230865862220526, 8769279.08957795612514 ], [ 6565663.853332178667188, 8769271.275549991056323 ], [ 6565668.408208479173481, 8769257.838643364608288 ], [ 6565673.129128434695303, 8769241.610062984749675 ], [ 6565680.68465062789619, 8769226.070111153647304 ], [ 6565684.139377752318978, 8769210.631053768098354 ], [ 6565689.711431286297739, 8769195.286722473800182 ], [ 6565695.2683199448511, 8769179.851818785071373 ], [ 6565704.500535334460437, 8769153.497013499960303 ], [ 6565714.159040759317577, 8769137.744351021945477 ], [ 6565719.713806712068617, 8769120.141728740185499 ], [ 6565723.38436287920922, 8769109.119356859475374 ], [ 6565727.615840895101428, 8769093.198876975104213 ], [ 6565728.631154207512736, 8769089.363368140533566 ], [ 6565730.309936446137726, 8769080.716222556307912 ], [ 6565738.168490894138813, 8769067.227070352062583 ], [ 6565741.533744406886399, 8769051.986099699512124 ], [ 6565749.198318224400282, 8769036.440918499603868 ], [ 6565752.546315897256136, 8769018.941680159419775 ], [ 6565755.90730182826519, 8769003.609616331756115 ], [ 6565759.377516053617001, 8768988.272427557036281 ], [ 6565758.317354019731283, 8768964.487850185483694 ], [ 6565755.384488903917372, 8768947.294427191838622 ], [ 6565750.345359766855836, 8768932.367531429976225 ], [ 6565747.929836140014231, 8768924.904912853613496 ], [ 6565745.514311341568828, 8768917.442295454442501 ], [ 6565744.678310669958591, 8768900.139177270233631 ], [ 6565741.759763861075044, 8768891.273966761305928 ], [ 6565739.744177717715502, 8768885.116096518933773 ], [ 6565737.967539943754673, 8768876.322860972955823 ], [ 6565736.180504413321614, 8768867.541523220017552 ], [ 6565721.68594479188323, 8768814.482715707272291 ], [ 6565719.693018882535398, 8768795.134519837796688 ], [ 6565718.495883165858686, 8768783.496003532782197 ], [ 6565717.699551766738296, 8768775.774941939860582 ], [ 6565716.863999091088772, 8768758.483229016885161 ], [ 6565711.929813679307699, 8768743.460185475647449 ], [ 6565711.082789877429605, 8768726.157604422420263 ], [ 6565706.153348861262202, 8768711.237030725926161 ], [ 6565701.321690430864692, 8768696.300467669963837 ], [ 6565698.659845868125558, 8768680.703116308897734 ], [ 6565695.444761820137501, 8768661.914256319403648 ], [ 6565695.03268076479435, 8768653.27384421415627 ], [ 6565694.609144444577396, 8768644.622559897601604 ], [ 6565694.731429195031524, 8768642.540315942838788 ], [ 6565694.793628580868244, 8768641.521963197737932 ], [ 6565694.894769122824073, 8768639.691717337816954 ], [ 6565695.11519786529243, 8768635.950508881360292 ], [ 6565696.039192493073642, 8768621.189060870558023 ], [ 6565697.927673118188977, 8768595.132719274610281 ], [ 6565698.282002141699195, 8768590.267109857872128 ], [ 6565698.852521449327469, 8768581.569213800132275 ], [ 6565699.433961382135749, 8768572.870805095881224 ], [ 6565701.624562200158834, 8768564.404996307566762 ], [ 6565703.426655216142535, 8768556.060087662190199 ], [ 6565706.35672221891582, 8768542.299865366891026 ], [ 6565716.213420192711055, 8768528.705442879348993 ], [ 6565723.982756786048412, 8768515.42566741257906 ], [ 6565731.537647131830454, 8768499.885463736951351 ], [ 6565737.421368365176022, 8768491.029671654105186 ], [ 6565752.950440371409059, 8768464.265135411173105 ], [ 6565766.373280521482229, 8768439.767126843333244 ], [ 6565779.807001776061952, 8768415.268576174974442 ], [ 6565787.881606275215745, 8768406.207304682582617 ], [ 6565797.432779807597399, 8768388.394183972850442 ], [ 6565807.299360888078809, 8768375.015941692516208 ], [ 6565817.160640271380544, 8768361.523840205743909 ], [ 6565826.923590164631605, 8768348.036337196826935 ], [ 6565834.677066574804485, 8768334.654480108991265 ], [ 6565844.445275101810694, 8768321.280800400301814 ], [ 6565856.502187180332839, 8768307.685662847012281 ], [ 6565864.168231162242591, 8768294.307871853932738 ], [ 6565873.931108126416802, 8768280.820307770743966 ], [ 6565883.797043635509908, 8768267.430581785738468 ], [ 6565891.159525957889855, 8768257.18178940936923 ], [ 6565893.54473708756268, 8768253.852427504956722 ], [ 6565905.617253389209509, 8768240.359168067574501 ], [ 6565917.477441658265889, 8768226.773166226223111 ], [ 6565929.43808653857559, 8768215.350242920219898 ], [ 6565941.501792026683688, 8768204.025155926123261 ], [ 6565963.334408769384027, 8768179.109409358352423 ], [ 6565975.400240356102586, 8768169.95199066773057 ], [ 6565989.778783829882741, 8768162.739778928458691 ], [ 6566006.15020801872015, 8768155.536744618788362 ], [ 6565982.349027826450765, 8768100.837886668741703 ], [ 6565950.0180459106341, 8768063.071708226576447 ], [ 6565914.974393658339977, 8768022.763038257136941 ], [ 6565868.489362737163901, 8767988.319475987926126 ], [ 6565837.125825382769108, 8767966.663932709023356 ], [ 6565723.444818923249841, 8767830.885474365204573 ], [ 6565579.892615176737309, 8767641.710191417485476 ], [ 6565482.123769604600966, 8767577.910071132704616 ], [ 6565365.848174856044352, 8767447.538265846669674 ], [ 6565283.689402704127133, 8767284.521689346060157 ], [ 6565265.919532906264067, 8767227.693263437598944 ], [ 6565265.462378925643861, 8767182.283096956089139 ], [ 6565286.78989128395915, 8767106.243467492982745 ], [ 6565157.482308967970312, 8767034.661252243444324 ], [ 6565022.510514341294765, 8766961.325725305825472 ], [ 6564800.189835354685783, 8766838.718317182734609 ], [ 6564653.759771460667253, 8766744.232790505513549 ], [ 6564493.007346129976213, 8766634.584331510588527 ], [ 6564264.11644633859396, 8766473.953766467049718 ], [ 6563932.542573283426464, 8766254.163564570248127 ], [ 6563793.143748709000647, 8766152.859586915001273 ], [ 6563348.33043528534472, 8765843.366485208272934 ], [ 6563218.291026810184121, 8765744.614542450755835 ], [ 6563004.655305759981275, 8765597.650326136499643 ], [ 6562880.144814394414425, 8765508.553990198299289 ], [ 6562684.206022247672081, 8765404.112140882760286 ], [ 6562379.761213758029044, 8765233.15433543920517 ], [ 6562007.966490674763918, 8765023.13782561942935 ], [ 6561586.05216914601624, 8764789.591235127300024 ], [ 6561145.681687727570534, 8764540.167179120704532 ], [ 6561082.558890184387565, 8764507.993730902671814 ], [ 6560975.805818262510002, 8764577.18028886243701 ], [ 6560883.442979984916747, 8764767.898143311962485 ], [ 6560703.523101877421141, 8764667.157041134312749 ], [ 6560600.902922022156417, 8764609.458116699010134 ], [ 6560569.563224451616406, 8764428.44634504429996 ], [ 6560507.713805952109396, 8764541.518259273841977 ], [ 6560250.232359416782856, 8765008.33678357116878 ], [ 6559975.934011743403971, 8765508.452768770977855 ], [ 6559761.666080605238676, 8765902.900750510394573 ], [ 6559582.832445369102061, 8766327.324415486305952 ], [ 6559386.170030380599201, 8766778.776076164096594 ], [ 6559163.089245333336294, 8767302.791114239022136 ], [ 6559084.752521329559386, 8767479.695591684430838 ], [ 6559044.490875666029751, 8767555.423181623220444 ], [ 6558996.058692369610071, 8767629.182616863399744 ], [ 6558936.466743350960314, 8767708.767216773703694 ], [ 6558783.411583051085472, 8767862.993096521124244 ], [ 6558334.314385431818664, 8768282.788957245647907 ], [ 6557874.961071934551001, 8768713.171521212905645 ], [ 6557483.406865510158241, 8769078.517585871741176 ], [ 6557271.415902492590249, 8769282.151616051793098 ], [ 6557222.868245325982571, 8769355.301058992743492 ], [ 6557028.205593001097441, 8769694.691417180001736 ], [ 6556906.951797476038337, 8769923.980351340025663 ], [ 6556717.934806361794472, 8770340.266059339046478 ], [ 6556560.827128235250711, 8770698.03256444633007 ], [ 6556365.776785284280777, 8771137.555334966629744 ], [ 6556325.662541987374425, 8771201.47729017585516 ], [ 6556220.485397076234221, 8771318.459942257031798 ], [ 6556179.734057513996959, 8771376.651127643883228 ], [ 6556145.606069400906563, 8771439.118880683556199 ], [ 6555990.758539230562747, 8771808.247255520895123 ], [ 6555840.179194573312998, 8772168.481339493766427 ], [ 6555796.370229109190404, 8772236.437638422474265 ], [ 6555724.744556790217757, 8772308.046927783638239 ], [ 6555527.479534527286887, 8772405.028873139992356 ], [ 6555483.504252318292856, 8772457.024591017514467 ], [ 6555416.924495191313326, 8772475.319731086492538 ], [ 6555265.848332671448588, 8772889.426405996084213 ], [ 6555146.591207524761558, 8773318.324946200475097 ], [ 6555114.82093249913305, 8773411.788730002939701 ], [ 6555436.156190634705126, 8773383.863350227475166 ], [ 6555420.829980279318988, 8773515.649145219475031 ], [ 6555411.26751777343452, 8773684.722996897995472 ], [ 6555394.099708831869066, 8773806.968258820474148 ], [ 6555363.223023061640561, 8774009.533785123378038 ], [ 6555326.051687881350517, 8774207.874396435916424 ], [ 6555297.370245830155909, 8774293.336648708209395 ], [ 6555168.947612160816789, 8774566.364443797618151 ], [ 6555174.115955682471395, 8774820.629411159083247 ], [ 6555146.338855354115367, 8774928.960092136636376 ], [ 6555144.395705314353108, 8775246.188006335869431 ], [ 6555168.751071620732546, 8775378.720974968746305 ], [ 6555202.30975534953177, 8775610.686192218214273 ], [ 6555297.612389403395355, 8776238.325911372900009 ], [ 6555430.019299168139696, 8777261.144427446648479 ], [ 6555430.648735637776554, 8777457.742358703166246 ], [ 6555393.488427656702697, 8777554.415897015482187 ], [ 6555292.210909051820636, 8777685.439511559903622 ], [ 6555041.782855103723705, 8778289.958231635391712 ], [ 6554821.522194659337401, 8778867.170358996838331 ], [ 6554717.213478336110711, 8779156.569484235718846 ], [ 6554658.293726812116802, 8779452.994196351617575 ], [ 6554638.099536535330117, 8779566.531478486955166 ], [ 6554675.740139551460743, 8779651.42079553194344 ], [ 6554725.75388499442488, 8779692.916376728564501 ], [ 6554772.79170854575932, 8779734.948533155024052 ], [ 6554772.490441595204175, 8779815.579184751957655 ], [ 6554755.689945759251714, 8779952.133503571152687 ], [ 6554740.810799000784755, 8780075.871819401159883 ], [ 6554776.353935693390667, 8780222.498773014172912 ], [ 6554784.705741388723254, 8780307.759475329890847 ], [ 6554720.469646904617548, 8780455.008684150874615 ], [ 6554608.916468570008874, 8780549.812865978106856 ], [ 6554210.148626956157386, 8780979.72309297695756 ], [ 6553987.874570043757558, 8781207.962442183867097 ], [ 6553959.556286313571036, 8781285.045743230730295 ], [ 6553955.551113192923367, 8781386.177242070436478 ], [ 6553951.312987092882395, 8781446.19710317067802 ], [ 6553908.782184053212404, 8781529.111870933324099 ], [ 6553980.524129193276167, 8781547.851394711062312 ], [ 6554092.516998709179461, 8781542.693229211494327 ], [ 6554182.617408229038119, 8781575.446321658790112 ], [ 6554267.938477346673608, 8781614.577730134129524 ], [ 6554355.51778138615191, 8781610.543559601530433 ], [ 6554378.821205761283636, 8781603.323315389454365 ], [ 6554377.421044480055571, 8781572.631112150847912 ], [ 6554345.98713606223464, 8781531.017530705779791 ], [ 6554448.337923294864595, 8781502.946817142888904 ], [ 6554440.317952373996377, 8781397.497905574738979 ], [ 6554601.24550168402493, 8781303.662158966064453 ], [ 6554585.731539163738489, 8781218.560912441462278 ], [ 6554651.145827462896705, 8781098.664784340187907 ], [ 6554748.824055509641767, 8781038.806331174448133 ], [ 6554800.195541430264711, 8781000.423593489453197 ], [ 6554802.725807492621243, 8780925.597728908061981 ], [ 6554861.111104521900415, 8780910.600707648321986 ], [ 6554926.124281260184944, 8780882.228600453585386 ], [ 6555039.058667940087616, 8780921.714831283316016 ], [ 6555101.472201367840171, 8780888.6951016895473 ], [ 6555182.229523772373796, 8780828.120013527572155 ], [ 6555208.50286777690053, 8780753.110269822180271 ], [ 6555288.051793774589896, 8780687.914169317111373 ], [ 6555477.80107996892184, 8780703.760847454890609 ], [ 6555568.326920824125409, 8780602.953583240509033 ], [ 6555774.211469861678779, 8780597.810591468587518 ], [ 6555865.995172118768096, 8780538.21673171594739 ], [ 6555892.662258820608258, 8780475.468923062086105 ], [ 6555955.263946564868093, 8780423.368141993880272 ], [ 6556004.940597471781075, 8780347.252059329301119 ], [ 6556067.770130936987698, 8780288.890181548893452 ], [ 6556161.74451444670558, 8780265.996159356087446 ], [ 6556297.419847903773189, 8780284.5378836132586 ], [ 6556384.995064153335989, 8780262.041193595156074 ], [ 6556611.703730107285082, 8780223.789806293323636 ], [ 6556778.582663221284747, 8780189.26925602927804 ], [ 6556935.137502296827734, 8780150.50267319008708 ], [ 6557085.047612234018743, 8780102.701033629477024 ], [ 6557185.79149173758924, 8780068.381371639668941 ], [ 6557418.654780344106257, 8780050.755472159013152 ], [ 6557611.796295637264848, 8780088.341441601514816 ], [ 6557690.738475454039872, 8780140.203867821022868 ], [ 6557753.617104864679277, 8780094.230468532070518 ], [ 6557880.203233170323074, 8780043.373057495802641 ], [ 6558025.600204106420279, 8780100.113247577100992 ], [ 6558120.469178410246968, 8780108.034541040658951 ], [ 6558327.323946375399828, 8779981.573158282786608 ], [ 6558467.037339459173381, 8779858.225163275375962 ], [ 6558553.018960760906339, 8779865.300994981080294 ], [ 6558642.816052790731192, 8779905.471422523260117 ], [ 6558803.346422584727407, 8779821.112724421545863 ], [ 6558977.147003328427672, 8779761.585383636876941 ], [ 6559169.386242681182921, 8779759.37489141523838 ], [ 6559316.2807034291327, 8779812.426371891051531 ], [ 6559489.468204136937857, 8779831.057302746921778 ], [ 6559658.789649637416005, 8779930.681098155677319 ], [ 6559860.143972990103066, 8779916.822503821924329 ], [ 6560100.87712799012661, 8779868.311529625207186 ], [ 6560232.03160476218909, 8779782.701080609112978 ], [ 6560307.248955748975277, 8779748.454584863036871 ], [ 6560461.331638922914863, 8779630.5713504049927 ], [ 6560607.001331577077508, 8779586.912268217653036 ], [ 6560731.004679922014475, 8779587.305428177118301 ], [ 6560818.348910228349268, 8779558.66608527302742 ], [ 6560887.100613120943308, 8779512.408403208479285 ], [ 6561052.139999497681856, 8779504.762017803266644 ], [ 6561138.055820260196924, 8779460.753702450543642 ], [ 6561247.480523096397519, 8779384.958855923265219 ], [ 6561358.545361937023699, 8779384.762285416945815 ], [ 6561508.514626774936914, 8779409.774536916986108 ], [ 6561639.557433342561126, 8779392.954819304868579 ], [ 6561753.823640432208776, 8779349.180918866768479 ], [ 6561892.399064066819847, 8779280.574586207047105 ], [ 6562026.931315344758332, 8779225.763620413839817 ], [ 6562219.162048026919365, 8779209.331508707255125 ], [ 6562367.439056253060699, 8778995.314607333391905 ], [ 6562470.95848304592073, 8778844.721945397555828 ], [ 6562550.880315429531038, 8778723.023467814549804 ], [ 6562621.594732845202088, 8778529.197982389479876 ], [ 6562639.439168652519584, 8778374.94654531404376 ], [ 6562677.371024627238512, 8778298.225042421370745 ], [ 6562674.143828683532774, 8778294.245244383811951 ], [ 6562669.291061187162995, 8778288.253288922831416 ], [ 6562667.093612889759243, 8778286.187826201319695 ], [ 6562666.645872252993286, 8778285.261766063049436 ], [ 6562666.101817838847637, 8778284.14624491147697 ], [ 6562661.721771182492375, 8778275.097873203456402 ], [ 6562659.978180004283786, 8778271.47128926217556 ], [ 6562649.909366140142083, 8778237.293296296149492 ], [ 6562649.327548315748572, 8778225.113976700231433 ], [ 6562649.081644175574183, 8778220.003297172486782 ], [ 6562650.242129852995276, 8778202.609581252560019 ], [ 6562653.610978724434972, 8778187.280810486525297 ], [ 6562659.65699593257159, 8778160.157561970874667 ], [ 6562661.40130865201354, 8778139.029192490503192 ], [ 6562666.004988767206669, 8778126.027297370135784 ], [ 6562668.716534070670605, 8778118.31520926207304 ], [ 6562669.063852600753307, 8778117.295196205377579 ], [ 6562676.830623609013855, 8778104.020934086292982 ], [ 6562680.612492315471172, 8778096.247732629999518 ], [ 6562684.394880345091224, 8778088.485912067815661 ], [ 6562696.269171148538589, 8778074.998082373291254 ], [ 6562703.816650634631515, 8778057.193658974021673 ], [ 6562710.982063663192093, 8778033.223926723003387 ], [ 6562719.803781594149768, 8777998.12308156862855 ], [ 6562721.581557058729231, 8777991.538064226508141 ], [ 6562724.949702086858451, 8777976.197834279388189 ], [ 6562735.261743644252419, 8777930.407038196921349 ], [ 6562738.723471476696432, 8777914.959771979600191 ], [ 6562746.391721051186323, 8777901.689968019723892 ], [ 6562758.470375144854188, 8777890.268730737268925 ], [ 6562770.538089266046882, 8777878.847986718639731 ], [ 6562785.184424068778753, 8777864.92322107963264 ], [ 6562797.69636483117938, 8777858.63816543109715 ], [ 6562819.463753455318511, 8777850.976360784843564 ], [ 6562843.302592762745917, 8777846.925878215581179 ], [ 6562861.229657204821706, 8777838.621033351868391 ], [ 6562873.469899689778686, 8777826.667408613488078 ], [ 6562882.552124178037047, 8777807.239980485290289 ], [ 6562898.268772881478071, 8777786.352157955989242 ], [ 6562910.127602918073535, 8777772.773455664515495 ], [ 6562922.21081521641463, 8777761.454489573836327 ], [ 6562929.972512099891901, 8777748.07749137096107 ], [ 6562933.43873687274754, 8777732.732521951198578 ], [ 6562934.708520621992648, 8777715.344893705099821 ], [ 6562933.775229220278561, 8777698.15087266638875 ], [ 6562939.241577953100204, 8777682.724380707368255 ], [ 6562946.179150894284248, 8777652.148243088275194 ], [ 6562951.64545872528106, 8777636.721732372418046 ], [ 6562961.089349746704102, 8777614.687745217233896 ], [ 6562976.523899672552943, 8777585.77020226418972 ], [ 6562998.566599446348846, 8777565.295485006645322 ], [ 6563004.55524867400527, 8777558.60595889762044 ], [ 6563014.420422295108438, 8777545.017017479985952 ], [ 6563024.186263124458492, 8777531.649429636076093 ], [ 6563036.158804661594331, 8777518.167884420603514 ], [ 6563046.017720093019307, 8777504.681864006444812 ], [ 6563053.691761245019734, 8777491.308763911947608 ], [ 6563063.555362242273986, 8777477.925172826275229 ], [ 6563073.425685113295913, 8777464.449992189183831 ], [ 6563076.465948712080717, 8777459.12948334403336 ], [ 6563081.088234988972545, 8777451.065985089167953 ], [ 6563088.963621214032173, 8777437.786157466471195 ], [ 6563094.318060467019677, 8777418.029643908143044 ], [ 6563105.352180243469775, 8777387.251416999846697 ], [ 6563114.593622458167374, 8777362.967777159065008 ], [ 6563116.497228275053203, 8777358.646934237331152 ], [ 6563122.061053292825818, 8777343.204283894971013 ], [ 6563125.418161678127944, 8777327.875592609867454 ], [ 6563128.78970211558044, 8777310.481373388320208 ], [ 6563136.451439829543233, 8777294.941196177154779 ], [ 6563139.921967531554401, 8777279.698479728773236 ], [ 6563145.392618732526898, 8777264.374202914535999 ], [ 6563148.858929551206529, 8777249.040406856685877 ], [ 6563152.015658833086491, 8777227.218414461240172 ], [ 6563155.387790499255061, 8777211.980249367654324 ], [ 6563150.56165262684226, 8777197.054701209068298 ], [ 6563145.332989804446697, 8777177.904078740626574 ], [ 6563140.392857084050775, 8777162.881166810169816 ], [ 6563133.480896045453846, 8777150.220114227384329 ], [ 6563131.172917168587446, 8777145.992344718426466 ], [ 6563119.540967118926346, 8777124.994681168347597 ], [ 6563108.217391697689891, 8777108.317745253443718 ], [ 6563098.78914594091475, 8777089.282521657645702 ], [ 6563091.95987634267658, 8777076.514983540400863 ], [ 6563077.723001071251929, 8777046.979779947549105 ], [ 6563074.888466304168105, 8777029.885453179478645 ], [ 6563067.657174523919821, 8777012.904255323112011 ], [ 6563065.657664523459971, 8777006.814067220315337 ], [ 6563062.732119380496442, 8776997.971967557445168 ], [ 6563059.206194231286645, 8776926.847268790006638 ], [ 6563066.143115459010005, 8776896.282146705314517 ], [ 6563069.504648708738387, 8776881.055885452777147 ], [ 6563068.15732975397259, 8776855.119671838358045 ], [ 6563075.383169888518751, 8776828.454028561711311 ], [ 6563084.974784985184669, 8776815.596152296289802 ], [ 6563099.342349506914616, 8776803.965022606775165 ], [ 6563113.606066664680839, 8776794.59749292396009 ], [ 6563127.885416691191494, 8776785.331892775371671 ], [ 6563142.260147513821721, 8776778.1381058935076 ], [ 6563156.733932374045253, 8776773.095821209251881 ], [ 6563173.42034088075161, 8776770.209436168894172 ], [ 6563190.107270810753107, 8776767.334423897787929 ], [ 6563191.768125336617231, 8776767.257194977253675 ], [ 6563206.899996888823807, 8776766.51934233494103 ], [ 6563235.847531182691455, 8776756.43467572145164 ], [ 6563250.221697393804789, 8776749.229419549927115 ], [ 6563264.600573520176113, 8776742.126603666692972 ], [ 6563277.562482361681759, 8776734.690384153276682 ], [ 6563297.299588588997722, 8776724.338029000908136 ], [ 6563315.319227748550475, 8776715.925042496994138 ], [ 6563323.626370726153255, 8776711.796852329745889 ], [ 6563331.9436996281147, 8776705.512047318741679 ], [ 6563340.153020972386003, 8776701.39980486035347 ], [ 6563353.393265793099999, 8776695.490671027451754 ], [ 6563353.485622735694051, 8776693.21615588106215 ], [ 6563355.761519687250257, 8776688.661135662347078 ], [ 6563356.408925545401871, 8776687.501620600000024 ], [ 6563360.881300548091531, 8776680.471552425995469 ], [ 6563366.602561935782433, 8776676.783025560900569 ], [ 6563378.784366759471595, 8776667.626134002581239 ], [ 6563388.54411608632654, 8776654.144104838371277 ], [ 6563398.516699473373592, 8776640.766245167702436 ], [ 6563403.986223725602031, 8776625.430262576788664 ], [ 6563413.859913946129382, 8776612.045570351183414 ], [ 6563425.811136217787862, 8776598.358886234462261 ], [ 6563437.992870331741869, 8776589.201919188722968 ], [ 6563450.169876044616103, 8776579.942485645413399 ], [ 6563464.438048946671188, 8776570.677034568041563 ], [ 6563478.812042158097029, 8776563.47152947448194 ], [ 6563493.09164609387517, 8776554.216924365609884 ], [ 6563507.465622393414378, 8776547.011391771957278 ], [ 6563519.734712423756719, 8776537.850280601531267 ], [ 6563527.407847847789526, 8776524.476562419906259 ], [ 6563535.072946699336171, 8776509.026911066845059 ], [ 6563542.849113369360566, 8776495.751053379848599 ], [ 6563552.613904600031674, 8776482.382673444226384 ], [ 6563564.778581120073795, 8776470.956117201596498 ], [ 6563574.54902648832649, 8776457.473364578559995 ], [ 6563586.620056780055165, 8776446.153810122981668 ], [ 6563596.587151805870235, 8776432.661881349980831 ], [ 6563608.559816442430019, 8776421.346874359995127 ], [ 6563620.626087356358767, 8776409.924823306500912 ], [ 6563632.895051026716828, 8776400.763573033735156 ], [ 6563644.867679074406624, 8776389.448524698615074 ], [ 6563659.241511463187635, 8776382.242804311215878 ], [ 6563673.515684791840613, 8776372.874132059514523 ], [ 6563687.894220594316721, 8776365.770839150995016 ], [ 6563702.268552819266915, 8776358.576461924239993 ], [ 6563716.745412169024348, 8776351.468566978350282 ], [ 6563731.229788281023502, 8776346.425214068964124 ], [ 6563745.603574326261878, 8776339.219414362683892 ], [ 6563760.07701273355633, 8776334.176546759903431 ], [ 6563774.566618073731661, 8776329.246999002993107 ], [ 6563788.946428824216127, 8776324.311140924692154 ], [ 6563803.418527263216674, 8776317.100715707987547 ], [ 6563817.902871295809746, 8776312.057294648140669 ], [ 6563832.171269063837826, 8776302.802817203104496 ], [ 6563846.545005608350039, 8776295.596928415820003 ], [ 6563852.456481734290719, 8776291.762417806312442 ], [ 6563860.823785418644547, 8776286.330528942868114 ], [ 6563872.989541180431843, 8776277.071181951090693 ], [ 6563884.960661576129496, 8776263.588368410244584 ], [ 6563890.523302002809942, 8776248.144923254847527 ], [ 6563891.68564414139837, 8776228.696563620120287 ], [ 6563888.664464907720685, 8776211.610500138252974 ], [ 6563883.726420814171433, 8776194.510977536439896 ], [ 6563882.691158834844828, 8776172.997305305674672 ], [ 6563885.94742485973984, 8776155.504998110234737 ], [ 6563893.413214773871005, 8776135.740431038662791 ], [ 6563905.583576084114611, 8776126.58344866335392 ], [ 6563917.760132241994143, 8776117.323489548638463 ], [ 6563932.137093446217477, 8776108.052364988252521 ], [ 6563946.400581799447536, 8776098.695238886401057 ], [ 6563960.58084527309984, 8776089.433238182216883 ], [ 6563975.054102525115013, 8776084.390111863613129 ], [ 6563989.427659190259874, 8776077.184011865407228 ], [ 6564001.608881369233131, 8776068.02643016166985 ], [ 6564016.080759527161717, 8776060.815726429224014 ], [ 6564028.26196341495961, 8776051.658119475468993 ], [ 6564040.229468786157668, 8776040.240163741633296 ], [ 6564052.300021952018142, 8776028.920072417706251 ], [ 6564060.158323587849736, 8776015.537182379513979 ], [ 6564066.091108259744942, 8776005.278576698154211 ], [ 6564067.835585954599082, 8776002.265386490151286 ], [ 6564075.70898618735373, 8775988.973041111603379 ], [ 6564081.271855071187019, 8775973.540782060474157 ], [ 6564091.035496612079442, 8775960.16041492857039 ], [ 6564096.037008883431554, 8775951.55373203009367 ], [ 6564098.806320306845009, 8775946.781546281650662 ], [ 6564110.875403050333261, 8775933.293818393722177 ], [ 6564122.847511431202292, 8775921.978204034268856 ], [ 6564134.913221078924835, 8775910.55554049834609 ], [ 6564146.982258342206478, 8775897.067766224965453 ], [ 6564158.942015396431088, 8775883.585063248872757 ], [ 6564164.405904000625014, 8775868.145915668457747 ], [ 6564167.870777652598917, 8775852.811247911304235 ], [ 6564171.240635643713176, 8775835.416056165471673 ], [ 6564174.709682147949934, 8775820.172452034428716 ], [ 6564175.804398139938712, 8775803.30530634522438 ], [ 6564177.734845796599984, 8775795.777054142206907 ], [ 6564178.791623799130321, 8775790.673866212368011 ], [ 6564174.608271889388561, 8775782.825651872903109 ], [ 6564170.330436192452908, 8775772.928304258733988 ], [ 6564165.409061806276441, 8775758.098217625170946 ], [ 6564156.282094812020659, 8775743.48679231479764 ], [ 6564151.252927762456238, 8775728.456382755190134 ], [ 6564146.332066580653191, 8775713.637696214020252 ], [ 6564141.089612216688693, 8775692.319727139547467 ], [ 6564140.264178775250912, 8775675.131306106224656 ], [ 6564146.9879748839885, 8775640.238962717354298 ], [ 6564150.45741877052933, 8775625.00673177652061 ], [ 6564151.630921669304371, 8775607.713801948353648 ], [ 6564148.595498457551003, 8775586.293058857321739 ], [ 6564143.460839337669313, 8775569.214057181030512 ], [ 6564134.344222728163004, 8775554.590808965265751 ], [ 6564123.230036437511444, 8775542.239628130570054 ], [ 6564116.101999265141785, 8775527.523779679089785 ], [ 6564107.078992448747158, 8775512.79351744800806 ], [ 6564102.054992252029479, 8775497.877011401578784 ], [ 6564097.13352383300662, 8775483.047002602368593 ], [ 6564096.297047516331077, 8775465.859122473746538 ], [ 6564093.270588329993188, 8775448.67056730017066 ], [ 6564088.447962679900229, 8775433.847374841570854 ], [ 6564083.526471374556422, 8775419.017383184283972 ], [ 6564080.493789697065949, 8775401.931805437430739 ], [ 6564079.668194218538702, 8775384.743428563699126 ], [ 6564080.928968128748238, 8775367.446462655439973 ], [ 6564086.393016989342868, 8775352.018645524978638 ], [ 6564094.261192692443728, 8775338.623633991926908 ], [ 6564106.331168690696359, 8775327.303180618211627 ], [ 6564118.401131912134588, 8775315.982713095843792 ], [ 6564130.57705151475966, 8775306.722237631678581 ], [ 6564142.746761185117066, 8775297.564715342596173 ], [ 6564171.50835283100605, 8775283.253377733752131 ], [ 6564185.874196786433458, 8775273.993508081883192 ], [ 6564198.049544162116945, 8775264.721584096550941 ], [ 6564210.021093499846756, 8775253.405600951984525 ], [ 6564217.894399406388402, 8775240.124312864616513 ], [ 6564225.455587365664542, 8775224.587250951677561 ], [ 6564233.328865746036172, 8775211.305943259969354 ], [ 6564240.98980766441673, 8775197.931841000914574 ], [ 6564243.46829723380506, 8775193.743506425991654 ], [ 6564248.863060105592012, 8775184.650514286011457 ], [ 6564256.523450907319784, 8775171.265009138733149 ], [ 6564259.066877491772175, 8775136.681176047772169 ], [ 6564259.769763058051467, 8775130.556242449209094 ], [ 6564261.652342630550265, 8775126.030587211251259 ], [ 6564266.201516692526639, 8775122.818166591227055 ], [ 6564257.714002637192607, 8775108.781771719455719 ], [ 6564244.601672859862447, 8775098.691478883847594 ], [ 6564231.286491455510259, 8775086.340337237343192 ], [ 6564218.280161724425852, 8775078.310068318620324 ], [ 6564209.269873451441526, 8775065.758356653153896 ], [ 6564196.157557571306825, 8775055.668086413294077 ], [ 6564189.554341018199921, 8775049.484290484338999 ], [ 6564174.244951653294265, 8775037.340184707194567 ], [ 6564156.727037770673633, 8775023.131369048729539 ], [ 6564147.606973129324615, 8775010.57339701615274 ], [ 6564134.500873900018632, 8775000.380190100520849 ], [ 6564130.099995223805308, 8774996.364091595634818 ], [ 6564120.869212909601629, 8774981.643673669546843 ], [ 6564111.961999608203769, 8774969.189891371876001 ], [ 6564100.847195487469435, 8774956.827570727095008 ], [ 6564087.742570737376809, 8774948.801941134035587 ], [ 6564072.62807928211987, 8774940.881374146789312 ], [ 6564057.634714721702039, 8774935.111372908577323 ], [ 6564042.635155191645026, 8774929.444337524473667 ], [ 6564027.631397719494998, 8774923.686230473220348 ], [ 6564010.640035952441394, 8774920.176938388496637 ], [ 6564006.346620989963412, 8774920.388395931571722 ], [ 6563982.956914387643337, 8774915.135107526555657 ], [ 6563970.045720882713795, 8774909.165413547307253 ], [ 6563944.355372160673141, 8774901.749033067375422 ], [ 6563933.761950053274632, 8774900.211910657584667 ], [ 6563910.36753928847611, 8774894.856153884902596 ], [ 6563895.363288314081728, 8774889.086658641695976 ], [ 6563880.369967352598906, 8774883.316654894500971 ], [ 6563865.465512223541737, 8774879.710110576823354 ], [ 6563850.472723942250013, 8774873.951490698382258 ], [ 6563835.56827521789819, 8774870.34494392760098 ], [ 6563820.581147775053978, 8774866.844923147931695 ], [ 6563790.789915314875543, 8774859.53973095305264 ], [ 6563775.3687006784603, 8774855.649227567017078 ], [ 6563759.440188601613045, 8774849.306741273030639 ], [ 6563746.032648392952979, 8774843.257505092769861 ], [ 6563732.495496163144708, 8774834.636019960045815 ], [ 6563715.275160679593682, 8774822.364340344443917 ], [ 6563706.15428910125047, 8774807.650403218343854 ], [ 6563694.936547119170427, 8774795.190345101058483 ], [ 6563686.018521143123507, 8774782.737232241779566 ], [ 6563678.901309973560274, 8774768.021231539547443 ], [ 6563670.370633321814239, 8774742.841200705617666 ], [ 6563666.639599525369704, 8774731.983179021626711 ], [ 6563662.487946657463908, 8774646.032301310449839 ], [ 6563664.064903915859759, 8774635.120905421674252 ], [ 6563661.130298592150211, 8774618.031063355505466 ], [ 6563660.825233732350171, 8774611.656611876562238 ], [ 6563657.581758961081505, 8774590.245999731123447 ], [ 6563654.547329780645669, 8774570.993233416229486 ], [ 6563649.736891432665288, 8774558.337386466562748 ], [ 6563646.690049726516008, 8774536.917623663321137 ], [ 6563641.713928043842316, 8774515.450868939980865 ], [ 6563641.249471192248166, 8774513.453238705173135 ], [ 6563635.391055171377957, 8774479.273099159821868 ], [ 6563636.452300710603595, 8774457.661907693371177 ], [ 6563635.209935441613197, 8774431.92557897977531 ], [ 6563639.770810361020267, 8774416.63121784850955 ], [ 6563640.632157895714045, 8774413.704768545925617 ], [ 6563641.171092703007162, 8774412.333469219505787 ], [ 6563650.380128405988216, 8774387.433414474129677 ], [ 6563655.668297921307385, 8774376.748330026865005 ], [ 6563663.932992653921247, 8774361.281320566311479 ], [ 6563673.3255017362535, 8774352.458433229476213 ], [ 6563685.493152762763202, 8774341.133256716653705 ], [ 6563697.668478701263666, 8774331.872620195150375 ], [ 6563711.847429719753563, 8774322.609850071370602 ], [ 6563726.114302250556648, 8774313.354374598711729 ], [ 6563740.597417284734547, 8774308.309903407469392 ], [ 6563756.972434832714498, 8774298.944726351648569 ], [ 6563771.3323560860008, 8774289.570782978087664 ], [ 6563787.917941564694047, 8774284.530945282429457 ], [ 6563810.580956758931279, 8774274.758522797375917 ], [ 6563825.053111484274268, 8774269.714491663500667 ], [ 6563839.441078717820346, 8774262.609449405223131 ], [ 6563868.190934835001826, 8774248.309272604063153 ], [ 6563882.667795347981155, 8774243.367649698629975 ], [ 6563911.423279283568263, 8774228.953047195449471 ], [ 6563925.998455018736422, 8774224.006805067881942 ], [ 6563940.371241744607687, 8774216.811110453680158 ], [ 6563954.854270193725824, 8774211.766464347019792 ], [ 6563969.231247161515057, 8774204.661816231906414 ], [ 6563983.714264485053718, 8774199.617147030308843 ], [ 6563989.900959946215153, 8774197.252366447821259 ], [ 6564008.273723154328763, 8774185.626162903383374 ], [ 6564030.83772222045809, 8774175.846644256263971 ], [ 6564043.211033273488283, 8774168.744077976793051 ], [ 6564057.277983828447759, 8774155.16235394962132 ], [ 6564061.262318338267505, 8774150.629934526979923 ], [ 6564073.331355189904571, 8774139.308960534632206 ], [ 6564085.300514947623014, 8774125.82500727288425 ], [ 6564095.057919123210013, 8774112.341490924358368 ], [ 6564105.028154639527202, 8774098.962122719734907 ], [ 6564112.703436719253659, 8774085.678345968946815 ], [ 6564120.57589550036937, 8774072.396773412823677 ], [ 6564128.236020907759666, 8774059.022415068000555 ], [ 6564138.205674665048718, 8774045.631617123261094 ], [ 6564145.875235206447542, 8774032.462151413783431 ], [ 6564153.747641392052174, 8774019.180539352819324 ], [ 6564161.418639974668622, 8774005.805632492527366 ], [ 6564169.280094462446868, 8773992.524510929360986 ], [ 6564180.840182854793966, 8773972.556590583175421 ], [ 6564192.182322101667523, 8773946.210003904998302 ], [ 6564204.038896752521396, 8773928.395840667188168 ], [ 6564211.809697767719626, 8773917.183846117928624 ], [ 6564219.570649353787303, 8773901.728303108364344 ], [ 6564229.344002868048847, 8773888.357931949198246 ], [ 6564239.308746928349137, 8773874.864534839987755 ], [ 6564258.94226074591279, 8773848.108269087970257 ], [ 6564266.716154144145548, 8773834.831108056008816 ], [ 6564276.571583122014999, 8773821.342758083716035 ], [ 6564286.4431810695678, 8773807.967726906761527 ], [ 6564296.314238588325679, 8773794.581299046054482 ], [ 6564308.283011027611792, 8773781.097005434334278 ], [ 6564318.138380225747824, 8773767.60860338434577 ], [ 6564330.107120727188885, 8773754.124279549345374 ], [ 6564343.862907260656357, 8773734.053637720644474 ], [ 6564355.837925489991903, 8773722.8393071629107 ], [ 6564361.918235453777015, 8773716.041305683553219 ], [ 6564376.084556405432522, 8773704.622045850381255 ], [ 6564384.163721915334463, 8773697.71937077306211 ], [ 6564394.240686064586043, 8773688.55583618208766 ], [ 6564400.327296867966652, 8773684.027844341471791 ], [ 6564412.501970697194338, 8773674.766426967456937 ], [ 6564424.670442417263985, 8773665.607964366674423 ], [ 6564438.843961797654629, 8773656.24185505323112 ], [ 6564451.121670035645366, 8773647.078268902376294 ], [ 6564465.49342770408839, 8773639.870536318048835 ], [ 6564477.672786951065063, 8773630.711512662470341 ], [ 6564491.946723502129316, 8773623.519726118072867 ], [ 6564504.109879232943058, 8773614.247345177456737 ], [ 6564518.696054430678487, 8773609.311302280053496 ], [ 6564547.650283961556852, 8773599.221185414120555 ], [ 6564555.730971362441778, 8773594.485985968261957 ], [ 6564576.200677314773202, 8773582.760958069935441 ], [ 6564600.963075010105968, 8773570.812770340591669 ], [ 6564625.823891306295991, 8773565.260281356051564 ], [ 6564640.095612193457782, 8773555.889383779838681 ], [ 6564654.68173473700881, 8773550.953231368213892 ], [ 6564683.115872733294964, 8773532.216462012380362 ], [ 6564695.08426951430738, 8773518.731731053441763 ], [ 6564707.263485193252563, 8773509.572498895227909 ], [ 6564714.926074672490358, 8773494.132418548688293 ], [ 6564718.389018910005689, 8773478.797056073322892 ], [ 6564720.918076604604721, 8773444.201526081189513 ], [ 6564724.18742520455271, 8773426.810187105089426 ], [ 6564725.44698335044086, 8773409.524055378511548 ], [ 6564731.220997670665383, 8773396.339754443615675 ], [ 6564738.685184648260474, 8773378.741196950897574 ], [ 6564748.754021408036351, 8773367.512687910348177 ], [ 6564754.637439380399883, 8773360.723620230332017 ], [ 6564760.619183039292693, 8773353.929958920925856 ], [ 6564772.687366280704737, 8773342.608099989593029 ], [ 6564787.058849767781794, 8773335.399993347004056 ], [ 6564801.644818192347884, 8773330.463635969907045 ], [ 6564815.922693762928247, 8773323.362552758306265 ], [ 6564834.699911409057677, 8773320.272715484723449 ], [ 6564851.279972495511174, 8773315.129147566854954 ], [ 6564856.075748974457383, 8773314.893868483603001 ], [ 6564945.699225647374988, 8773310.50469464994967 ], [ 6564959.977060698904097, 8773303.403508117422462 ], [ 6564974.448470527306199, 8773298.358291409909725 ], [ 6564982.737088445574045, 8773293.624526549130678 ], [ 6565001.208111958578229, 8773284.14843144454062 ], [ 6565008.876871584914625, 8773279.032867264002562 ], [ 6565016.327999593690038, 8773269.683321895077825 ], [ 6565030.917135779745877, 8773248.237856291234493 ], [ 6565038.685026625171304, 8773234.846129225566983 ], [ 6565046.236316436901689, 8773217.243180537596345 ], [ 6565049.714581051841378, 8773202.009508479386568 ], [ 6565057.278434942476451, 8773186.573660707101226 ], [ 6565059.370751088485122, 8773177.36018268764019 ], [ 6565060.745747577399015, 8773171.340487208217382 ], [ 6565068.506229467689991, 8773155.895439332351089 ], [ 6565073.967611119151115, 8773140.455052528530359 ], [ 6565081.640657670795918, 8773125.014066303148866 ], [ 6565093.708558350801468, 8773113.691863838583231 ], [ 6565105.676432590000331, 8773100.206604620441794 ], [ 6565119.937268908135593, 8773090.847001099959016 ], [ 6565134.213230999186635, 8773081.577947523444891 ], [ 6565163.166652914136648, 8773071.486551871523261 ], [ 6565181.745857438072562, 8773066.249252561479807 ], [ 6565198.425197642296553, 8773063.256972605362535 ], [ 6565223.605691108852625, 8773062.023983761668205 ], [ 6565240.496528826653957, 8773063.36865845695138 ], [ 6565257.178087575361133, 8773062.555375320836902 ], [ 6565273.966675133444369, 8773059.557948995381594 ], [ 6565282.925675978884101, 8773056.538266787305474 ], [ 6565304.304274873808026, 8773049.093674851581454 ], [ 6565317.786046738736331, 8773033.780497742816806 ], [ 6565324.485600566491485, 8773023.336303193122149 ], [ 6565329.32097393181175, 8773015.67172141559422 ], [ 6565331.982739022001624, 8772992.021800320595503 ], [ 6565331.038698205724359, 8772972.556301305070519 ], [ 6565328.743053242564201, 8772956.063258819282055 ], [ 6565325.006171348504722, 8772945.102503482252359 ], [ 6565322.069731816649437, 8772928.011895334348083 ], [ 6565313.156314237043262, 8772915.444661177694798 ], [ 6565301.942907023243606, 8772903.09895546734333 ], [ 6565284.419633252546191, 8772888.78898530639708 ], [ 6565271.317857214249671, 8772878.699228601530194 ], [ 6565253.588323077186942, 8772860.166140211746097 ], [ 6565240.680188212543726, 8772852.132397759705782 ], [ 6565227.578424802981317, 8772842.042660381644964 ], [ 6565214.267368646338582, 8772829.794981144368649 ], [ 6565205.343042140826583, 8772817.228315118700266 ], [ 6565196.226798593997955, 8772804.773301402106881 ], [ 6565189.304832883179188, 8772790.048076707869768 ], [ 6565175.165909375995398, 8772760.611425263807178 ], [ 6565166.130608351901174, 8772745.882255163043737 ], [ 6565159.011977065354586, 8772731.166242677718401 ], [ 6565152.085259835235775, 8772716.338590303435922 ], [ 6565142.969012494198978, 8772703.883622601628304 ], [ 6565130.060913367196918, 8772695.849951008334756 ], [ 6565114.962096637114882, 8772688.032707223668694 ], [ 6565104.265552505850792, 8772686.387470934540033 ], [ 6565097.960456380620599, 8772684.525690292939544 ], [ 6565087.164393256418407, 8772680.728796061128378 ], [ 6565078.566811131313443, 8772674.752766124904156 ], [ 6565069.644217922352254, 8772664.353814888745546 ], [ 6565060.737290287390351, 8772654.056817807257175 ], [ 6565051.619341310113668, 8772639.434261545538902 ], [ 6565046.793207568116486, 8772628.832560077309608 ], [ 6565039.871238564141095, 8772614.107435148209333 ], [ 6565030.750796407461166, 8772601.561452139168978 ], [ 6565019.733569504693151, 8772589.195353236049414 ], [ 6565006.516152375377715, 8772576.840768763795495 ], [ 6564993.205150695517659, 8772564.59324455820024 ], [ 6564980.301835484802723, 8772556.662093538790941 ], [ 6564967.084429513663054, 8772544.307529570534825 ], [ 6564954.082794565707445, 8772536.3809804469347 ], [ 6564940.870662031695247, 8772524.140273034572601 ], [ 6564929.750388458371162, 8772511.67635539919138 ], [ 6564916.532996426336467, 8772499.321819316595793 ], [ 6564899.123856533318758, 8772485.109496461227536 ], [ 6564890.102962426841259, 8772474.715228920802474 ], [ 6564881.294914895668626, 8772464.425112554803491 ], [ 6564871.867623818106949, 8772445.481733897700906 ], [ 6564871.028753681108356, 8772428.293439220637083 ], [ 6564866.105571240186691, 8772413.463645333424211 ], [ 6564865.272868444211781, 8772396.172385649755597 ], [ 6564862.904208419844508, 8772382.364151533693075 ], [ 6564863.468213092535734, 8772379.645295951515436 ], [ 6564866.014200633391738, 8772368.174470076337457 ], [ 6564867.278578530997038, 8772350.773828329518437 ], [ 6564870.745382135733962, 8772335.540665386244655 ], [ 6564876.309282267466187, 8772320.198111969977617 ], [ 6564877.338432168588042, 8772315.700545314699411 ], [ 6564879.786985477432609, 8772304.964428385719657 ], [ 6564887.443751497194171, 8772289.421397974714637 ], [ 6564895.216235784813762, 8772276.143329408019781 ], [ 6564900.77533916849643, 8772260.698286375030875 ], [ 6564910.536176007241011, 8772247.327294997870922 ], [ 6564922.503353074193001, 8772233.841790845617652 ], [ 6564936.354786831885576, 8772213.753708386793733 ], [ 6564944.028869523666799, 8772200.480177277699113 ], [ 6564949.005476499907672, 8772193.744523547589779 ], [ 6564953.992478167638183, 8772186.996971756219864 ], [ 6564965.634503561072052, 8772169.088502451777458 ], [ 6564971.209158888086677, 8772153.745333831757307 ], [ 6564978.87049856595695, 8772138.304646240547299 ], [ 6564980.139392960816622, 8772121.006373319774866 ], [ 6564981.914901485666633, 8772114.42027984187007 ], [ 6564980.564382280223072, 8772086.417283976450562 ], [ 6564986.128568883053958, 8772071.085981521755457 ], [ 6564991.692214414477348, 8772055.743287350982428 ], [ 6564999.459742254577577, 8772042.362616257742047 ], [ 6565007.120976370759308, 8772026.921873649582267 ], [ 6565018.984855405986309, 8772013.338325453922153 ], [ 6565028.952496146783233, 8771999.946066074073315 ], [ 6565041.014771284535527, 8771988.52092676050961 ], [ 6565050.786259027197957, 8771975.149216635152698 ], [ 6565062.951574823819101, 8771963.82191357575357 ], [ 6565072.776977390050888, 8771953.744866374880075 ], [ 6565080.778723011724651, 8771945.190585954114795 ], [ 6565092.493798681534827, 8771932.652113487944007 ], [ 6565102.290447184816003, 8771917.932896893471479 ], [ 6565110.352805208414793, 8771904.538318380713463 ], [ 6565116.171544509008527, 8771894.2377759963274 ], [ 6565126.028536145575345, 8771878.694250931963325 ], [ 6565131.49364679120481, 8771863.35601014085114 ], [ 6565134.955247844569385, 8771848.020144749432802 ], [ 6565136.322178713977337, 8771830.717152407392859 ], [ 6565141.885573072358966, 8771815.374297535046935 ], [ 6565143.154678541235626, 8771798.08727940544486 ], [ 6565141.621492430567741, 8771766.384701762348413 ], [ 6565140.13042891677469, 8771735.592881582677364 ], [ 6565137.188615879975259, 8771718.40004051849246 ], [ 6565130.167929732240736, 8771703.679708542302251 ], [ 6565129.861878780648112, 8771697.304941106587648 ], [ 6565124.400068733841181, 8771671.559036947786808 ], [ 6565121.374284896999598, 8771652.316504729911685 ], [ 6565118.550048000179231, 8771639.556308286264539 ], [ 6565115.706512583419681, 8771622.358892150223255 ], [ 6565112.780312062241137, 8771605.268025405704975 ], [ 6565112.563838503323495, 8771600.828613631427288 ], [ 6565109.882150761783123, 8771545.505971603095531 ], [ 6565109.222683874890208, 8771531.971435032784939 ], [ 6565108.492340361699462, 8771514.777904713526368 ], [ 6565111.759975211694837, 8771497.38602495752275 ], [ 6565115.220797229558229, 8771482.038737811148167 ], [ 6565118.682133904658258, 8771466.702830646187067 ], [ 6565115.751094842329621, 8771449.509518191218376 ], [ 6565110.621405844576657, 8771430.46807094104588 ], [ 6565103.683275396935642, 8771415.641275791451335 ], [ 6565089.538628647103906, 8771386.102936036884785 ], [ 6565084.708462095819414, 8771371.166175875812769 ], [ 6565083.868775223381817, 8771353.977772740647197 ], [ 6565087.345703708007932, 8771338.743817556649446 ], [ 6565092.903994613327086, 8771323.298431720584631 ], [ 6565094.172239751555026, 8771306.000034719705582 ], [ 6565101.618658360093832, 8771288.298612300306559 ], [ 6565109.59497741330415, 8771277.075563091784716 ], [ 6565115.369215316139162, 8771266.058173533529043 ], [ 6565125.33330628555268, 8771254.730733416974545 ], [ 6565143.48678024020046, 8771238.673407504335046 ], [ 6565153.246693173423409, 8771225.301850117743015 ], [ 6565165.311199780553579, 8771211.811081325635314 ], [ 6565170.771034593693912, 8771196.370210135355592 ], [ 6565176.340103082358837, 8771180.924221834167838 ], [ 6565179.899521728977561, 8771165.583633402362466 ], [ 6565185.364587066695094, 8771150.256586207076907 ], [ 6565188.829874969087541, 8771135.011661995202303 ], [ 6565194.497738154605031, 8771119.572432536631823 ], [ 6565197.864677349105477, 8771104.332097245380282 ], [ 6565203.418519206345081, 8771088.795504715293646 ], [ 6565209.079633676446974, 8771073.447841038927436 ], [ 6565216.641642175614834, 8771058.011247439309955 ], [ 6565224.308136076666415, 8771042.46707277558744 ], [ 6565232.068629359826446, 8771029.188905734568834 ], [ 6565241.927566236816347, 8771015.595787303522229 ], [ 6565245.815900202840567, 8771009.013361535966396 ], [ 6565255.262189339846373, 8770986.985356710851192 ], [ 6565258.522182574495673, 8770967.311805328354239 ], [ 6565263.769102984108031, 8770945.388962086290121 ], [ 6565263.919716856442392, 8770942.495402252301574 ], [ 6565264.925858511589468, 8770925.927888680249453 ], [ 6565260.743398723192513, 8770839.665072100237012 ], [ 6565264.302536307834089, 8770824.32437876611948 ], [ 6565263.472795367240906, 8770807.123980384320021 ], [ 6565271.029810762964189, 8770791.584806382656097 ], [ 6565272.287183370441198, 8770774.298153238371015 ], [ 6565275.856666326522827, 8770758.945547247305512 ], [ 6565283.518604615703225, 8770745.671860132366419 ], [ 6565291.180058777332306, 8770730.025080127641559 ], [ 6565298.938388468697667, 8770714.579120391979814 ], [ 6565306.606461889110506, 8770701.202432442456484 ], [ 6565316.474594388157129, 8770687.814053602516651 ], [ 6565324.225290313363075, 8770674.33079506829381 ], [ 6565334.093921744264662, 8770660.953777134418488 ], [ 6565341.760029789060354, 8770645.409392604604363 ], [ 6565349.42133063916117, 8770632.124241359531879 ], [ 6565354.39055207092315, 8770623.118015725165606 ], [ 6565356.90694070700556, 8770615.048040913417935 ], [ 6565358.720661356113851, 8770610.479344772174954 ], [ 6565360.31002061534673, 8770606.503017090260983 ], [ 6565361.312113108113408, 8770604.265552837401628 ], [ 6565362.48251379840076, 8770601.64370790310204 ], [ 6565367.404810907319188, 8770585.246504252776504 ], [ 6565370.901393219828606, 8770573.285744100809097 ], [ 6565371.652700236998498, 8770559.730676842853427 ], [ 6565371.19083820655942, 8770550.237018652260303 ], [ 6565371.110643658787012, 8770548.50657326169312 ] ] ] } },
{ "type": "Feature", "properties": { "lv_id": "LOC_031991", "id": 148780.0, "CD_SETOR": "291700305000097", "SITUACAO": "Rural", "CD_SIT": "8", "CD_TIPO": "0", "AREA_KM2": 31.945225120502862, "CD_REGIAO": "2", "NM_REGIAO": "Nordeste", "CD_UF": "29", "NM_UF": "Bahia", "CD_MUN": "2917003", "NM_MUN": "Itiúba", "CD_DIST": "291700305", "NM_DIST": "Itiúba", "CD_SUBDIST": "29170030500", "NM_SUBDIST": null, "CD_BAIRRO": null, "NM_BAIRRO": null, "CD_NU": null, "NM_NU": null, "CD_FCU": null, "NM_FCU": null, "CD_AGLOM": "291700300037", "NM_AGLOM": "Adro São Gonçalo", "CD_RGINT": "2908", "NM_RGINT": "Juazeiro", "CD_RGI": "290023", "NM_RGI": "Senhor do Bonfim", "CD_CONCURB": null, "NM_CONCURB": null, "mun_code_x": "2917003", "index_right": 7761, "dist_m": 79.15422820132045, "local_id": 339743, "ano": 2022, "cod_localidade_ibge": 2917003, "NR_ZONA": "149", "nr_cep": 48850000.0, "nm_localidade": "ITIÚBA", "nm_locvot": "ESCOLA INACIA PINTO", "ds_endereco": "POV. ADRO DE SAO GONCALO - ZONA RURAL", "ds_bairro": "POVOADO ADRO DE SAO GONCALO", "pred_long": -39.829954, "pred_lat": -10.744875, "pred_dist": 0.022112788562372299, "tse_long": null, "tse_lat": null, "long": -39.829954, "lat": -10.744875, "ID_UNICO": "LOC_031991", "SG_UF": "BA", "CD_MUNICIPIO": "36412", "NR_LOCAL_VOTACAO": "1350", "QT_SECOES_AGREGADAS": 0, "QT_ELEITORES_TRANSFERIDOS": 0, "CIRO GOMES (PDT) (NÃO ELEITO) 1T": 7.0, "CONSTITUINTE EYMAEL (DC) (NÃO ELEITO) 1T": 0.0, "FELIPE D AVILA (NOVO) (NÃO ELEITO) 1T": 0.0, "JAIR BOLSONARO (PL) (2º TURNO) 1T": 76.0, "LULA (PT) (2º TURNO) 1T": 391.0, "LÉO PÉRICLES (UP) (NÃO ELEITO) 1T": 0.0, "PADRE KELMON (PTB) (NÃO ELEITO) 1T": 0.0, "SIMONE TEBET (MDB) (NÃO ELEITO) 1T": 5.0, "SOFIA MANZANO (PCB) (NÃO ELEITO) 1T": 0.0, "SORAYA THRONICKE (UNIÃO) (NÃO ELEITO) 1T": 6.0, "VERA (PSTU) (NÃO ELEITO) 1T": 0.0, "Total_Votos_Validos 1T": 485.0, "Votos_Brancos 1T": 11.0, "Votos_Nulos 1T": 29.0, "Abstenções 1T": 248.0, "Eleitores_Aptos 1T": 773.0, "JAIR BOLSONARO (PL) (NÃO ELEITO) 2T": 93.0, "LULA (PT) (ELEITO) 2T": 410.0, "Total_Votos_Validos 2T": 503.0, "Votos_Brancos 2T": 8.0, "Votos_Nulos 2T": 38.0, "Abstenções 2T": 224.0, "Eleitores_Aptos 2T": 773.0, "mun_code_y": "2917003", "mun_code": "2917003" }, "geometry": { "type": "Polygon", "coordinates": [ [ [ 6555265.848332671448588, 8772889.426405996084213 ], [ 6555224.970923287793994, 8772844.051957624033093 ], [ 6555177.776938859373331, 8772804.171387868002057 ], [ 6555102.635130021721125, 8772750.329123392701149 ], [ 6555043.430523293092847, 8772702.350318338721991 ], [ 6554976.036693568341434, 8772658.663611501455307 ], [ 6554926.471413006074727, 8772623.87731115706265 ], [ 6554863.951181578449905, 8772588.791598718613386 ], [ 6554794.701199250295758, 8772554.497384812682867 ], [ 6554745.115809150971472, 8772527.604094224050641 ], [ 6554692.451947120949626, 8772518.051636902615428 ], [ 6554607.512822308577597, 8772511.856425082311034 ], [ 6554527.759747974574566, 8772506.058961153030396 ], [ 6554457.833170436322689, 8772501.812378959730268 ], [ 6554413.256206572055817, 8772491.929911186918616 ], [ 6554362.346413447521627, 8772482.900194073095918 ], [ 6554320.35389144718647, 8772486.605642355978489 ], [ 6554192.655575334094465, 8772473.624586030840874 ], [ 6554129.934623614884913, 8772473.456517623737454 ], [ 6554093.216293400153518, 8772463.756508708000183 ], [ 6553998.502354777418077, 8772446.644009521231055 ], [ 6553927.807815294712782, 8772439.022515926510096 ], [ 6553853.32827945612371, 8772421.940150106325746 ], [ 6553724.918290330097079, 8772382.978570712730289 ], [ 6553628.097227376885712, 8772341.684432690963149 ], [ 6553518.573968673124909, 8772300.820101676508784 ], [ 6553413.664223672822118, 8772267.667417224496603 ], [ 6553344.08938006311655, 8772238.177998809143901 ], [ 6553246.173887587152421, 8772194.733870973810554 ], [ 6553198.908685768023133, 8772176.844799203798175 ], [ 6553125.342208853922784, 8772156.264531398192048 ], [ 6553086.24845892842859, 8772137.505981843918562 ], [ 6553058.47262625861913, 8772122.738218698650599 ], [ 6553033.1611547768116, 8772105.370123937726021 ], [ 6553001.719879935495555, 8772093.748807864263654 ], [ 6552969.178475901484489, 8772087.492647187784314 ], [ 6552944.928222231566906, 8772078.685119627043605 ], [ 6552888.942720089107752, 8772050.903161514550447 ], [ 6552847.433248231187463, 8772032.701508276164532 ], [ 6552802.119669277220964, 8772004.857844952493906 ], [ 6552764.780972972512245, 8771993.076819099485874 ], [ 6552713.089867671951652, 8771967.969442052766681 ], [ 6552673.19987103715539, 8771944.264629764482379 ], [ 6552639.694693613797426, 8771922.03119432926178 ], [ 6552614.845203000120819, 8771917.57345524430275 ], [ 6552586.409079860895872, 8771905.824195947498083 ], [ 6552550.519461439922452, 8771889.597029972821474 ], [ 6552517.035231181420386, 8771867.579353809356689 ], [ 6552481.194388439878821, 8771852.889422753825784 ], [ 6552442.119330497458577, 8771834.050429366528988 ], [ 6552413.601122096180916, 8771820.03573171980679 ], [ 6552362.061143152415752, 8771796.780298236757517 ], [ 6552314.531775593757629, 8771768.834499716758728 ], [ 6552275.453464215621352, 8771755.879874229431152 ], [ 6552236.812278846278787, 8771741.0006084125489 ], [ 6552185.101440787315369, 8771718.311935668811202 ], [ 6552151.931640019640326, 8771705.516570139676332 ], [ 6552113.266077573411167, 8771685.814853005111217 ], [ 6552066.209278440102935, 8771679.114424299448729 ], [ 6552039.154287561774254, 8771660.721502754837275 ], [ 6551980.605032126419246, 8771642.649109497666359 ], [ 6551945.624668138101697, 8771635.958650574088097 ], [ 6551896.521464327350259, 8771624.985630985349417 ], [ 6551857.349584969691932, 8771613.563365088775754 ], [ 6551831.575097247958183, 8771612.557996464893222 ], [ 6551796.826907547190785, 8771618.54844281822443 ], [ 6551769.037981798872352, 8771619.689026679843664 ], [ 6551731.63379695173353, 8771615.04940427839756 ], [ 6551665.161861443892121, 8771606.113276295363903 ], [ 6551601.701407174579799, 8771603.628405598923564 ], [ 6551559.828048404306173, 8771609.903405394405127 ], [ 6551493.019763641990721, 8771624.872014507651329 ], [ 6551440.395558814518154, 8771636.160935068503022 ], [ 6551386.51604344137013, 8771653.015586473047733 ], [ 6551330.953430480323732, 8771656.344386361539364 ], [ 6551282.436893049627542, 8771656.712330432608724 ], [ 6551226.522966479882598, 8771659.304651238024235 ], [ 6551194.820212466642261, 8771652.222254289314151 ], [ 6551023.47856770362705, 8771581.349043609574437 ], [ 6551003.638583624735475, 8771567.000419102609158 ], [ 6550983.038017526268959, 8771536.324022484943271 ], [ 6550957.229330548085272, 8771502.855964507907629 ], [ 6550925.425172938033938, 8771476.154097683727741 ], [ 6550894.179524589329958, 8771434.671176323667169 ], [ 6550881.979531928896904, 8771424.335726356133819 ], [ 6550856.569475236348808, 8771404.794934062287211 ], [ 6550794.848195351660252, 8771383.664993012323976 ], [ 6550755.141832840628922, 8771370.841870946809649 ], [ 6550708.821719526313245, 8771347.025275483727455 ], [ 6550667.462528618983924, 8771322.762072479352355 ], [ 6550617.413525553420186, 8771310.247399339452386 ], [ 6550573.520910959690809, 8771305.440567422658205 ], [ 6550492.860325615853071, 8771323.672380743548274 ], [ 6550378.531548021361232, 8771376.189790245145559 ], [ 6550253.026163668371737, 8771405.370318820700049 ], [ 6550193.983685053884983, 8771412.302657743915915 ], [ 6550086.095234073698521, 8771377.108731226995587 ], [ 6549926.874101160094142, 8771334.339193189516664 ], [ 6549864.767511747777462, 8771328.653869034722447 ], [ 6549813.899910162203014, 8771328.114660201594234 ], [ 6549763.193861478939652, 8771326.085602583363652 ], [ 6549664.765651432797313, 8771457.929211912676692 ], [ 6549566.402120825834572, 8771614.60250529833138 ], [ 6549491.704078272916377, 8771712.015986647456884 ], [ 6549460.814019041135907, 8771747.231071824207902 ], [ 6549413.691213665530086, 8771816.423502910882235 ], [ 6549371.693878250196576, 8771888.764723092317581 ], [ 6549351.143259461969137, 8771998.343931928277016 ], [ 6549304.94455115776509, 8772108.973372485488653 ], [ 6549270.253213727846742, 8772128.400632394477725 ], [ 6549212.304739802144468, 8772148.003541100770235 ], [ 6549157.365183960646391, 8772189.541276397183537 ], [ 6549093.973119840025902, 8772227.730087097734213 ], [ 6549028.584512364119291, 8772289.008705493062735 ], [ 6548971.544301321730018, 8772223.088518792763352 ], [ 6548902.288397409953177, 8772207.867927497252822 ], [ 6548745.927049103192985, 8772202.663835573941469 ], [ 6548719.792833134531975, 8772180.670408140867949 ], [ 6548716.46043561398983, 8772122.287734685465693 ], [ 6548670.36830681655556, 8772112.973144691437483 ], [ 6548617.537273829802871, 8772005.584526274353266 ], [ 6548558.890746275894344, 8771868.296359131112695 ], [ 6548473.676493322476745, 8771846.939466323703527 ], [ 6548407.658142760396004, 8771800.579665130004287 ], [ 6548005.948559537529945, 8771783.868121007457376 ], [ 6547898.412672915495932, 8771787.8627162091434 ], [ 6547876.377168080769479, 8771724.133324978873134 ], [ 6547744.048144394531846, 8771684.968945486471057 ], [ 6547592.853813980706036, 8771678.977167397737503 ], [ 6547493.246316000819206, 8771715.268896644935012 ], [ 6547334.043182819150388, 8771719.668073795735836 ], [ 6547181.551239022985101, 8771643.275492589920759 ], [ 6547146.151484819129109, 8771613.776176180690527 ], [ 6547122.244127404876053, 8771471.877584185451269 ], [ 6547116.252876338548958, 8771419.242094917222857 ], [ 6547025.156394411809742, 8771364.557677190750837 ], [ 6546964.188810981810093, 8771340.699197551235557 ], [ 6546887.646225171163678, 8771281.077841684222221 ], [ 6546695.84851351659745, 8771161.574132744222879 ], [ 6546402.420452274382114, 8770805.439094964414835 ], [ 6546421.288450172170997, 8770925.985139722004533 ], [ 6546407.383163431659341, 8771066.003380058333278 ], [ 6546380.733838013373315, 8771175.668955683708191 ], [ 6546376.191951835528016, 8771244.785445259884 ], [ 6546393.665390711277723, 8771288.543211087584496 ], [ 6546428.911922369152308, 8771534.185797620564699 ], [ 6546439.525229025632143, 8771613.671887403354049 ], [ 6546462.514170702546835, 8771653.800326280295849 ], [ 6546456.559218991547823, 8771704.752281837165356 ], [ 6546433.30224369186908, 8771749.401257932186127 ], [ 6546444.110793702304363, 8771791.552108617499471 ], [ 6546491.306306909769773, 8771873.30356377363205 ], [ 6546466.132476040162146, 8771931.094988293945789 ], [ 6546462.194655927829444, 8771975.420962600037456 ], [ 6546415.547743595205247, 8772053.950691575184464 ], [ 6546382.933019386604428, 8772135.046701811254025 ], [ 6546341.937957498244941, 8772239.730209721252322 ], [ 6546331.069289744831622, 8772326.410665985196829 ], [ 6546351.541727095842361, 8772441.729829728603363 ], [ 6546377.157782772555947, 8772637.426366239786148 ], [ 6546352.759027169086039, 8772721.790178276598454 ], [ 6546335.453260337933898, 8772769.982310494408011 ], [ 6546342.251753823831677, 8772918.630475969985127 ], [ 6546311.668544068932533, 8772960.674860702827573 ], [ 6546308.225929002277553, 8773027.607867572456598 ], [ 6546320.626332653686404, 8773298.817253392189741 ], [ 6546329.63328627217561, 8773361.242289396002889 ], [ 6546350.43610100261867, 8773421.127775589004159 ], [ 6546355.119452547281981, 8773509.449705384671688 ], [ 6546340.430846102535725, 8773622.128347475081682 ], [ 6546323.512141430750489, 8773667.337703028693795 ], [ 6546317.538144833408296, 8773765.64808969385922 ], [ 6546316.111052749678493, 8773829.2956857457757 ], [ 6546283.508671404793859, 8773864.101360827684402 ], [ 6546285.188832949846983, 8773914.528906216844916 ], [ 6546265.886199117638171, 8773955.504239141941071 ], [ 6546230.025749302469194, 8773972.925711408257484 ], [ 6546217.097939925268292, 8773999.34458651766181 ], [ 6546219.268945328891277, 8774071.06858766824007 ], [ 6546181.099069468677044, 8774093.304809987545013 ], [ 6546186.440972780808806, 8774172.133261520415545 ], [ 6546193.179951451718807, 8774337.88418385758996 ], [ 6546200.525038536638021, 8774403.292951788753271 ], [ 6546227.909529239870608, 8774444.075724665075541 ], [ 6546271.458455387502909, 8774452.578913597390056 ], [ 6546336.254602611064911, 8774460.501273015514016 ], [ 6546430.705943619832397, 8774454.161684380844235 ], [ 6546527.242359084077179, 8774451.282691270112991 ], [ 6546643.174273405224085, 8774458.818442268297076 ], [ 6546744.225108219310641, 8774457.452195715159178 ], [ 6546863.623009943403304, 8774457.929923545569181 ], [ 6546953.735243106260896, 8774488.420379415154457 ], [ 6547068.056239362806082, 8774571.162144351750612 ], [ 6547104.51965500228107, 8774657.507345210760832 ], [ 6547178.060281029902399, 8774701.520445806905627 ], [ 6547290.849499568343163, 8774750.483913984149694 ], [ 6547325.758885134011507, 8774803.05160827934742 ], [ 6547449.984718468040228, 8774817.626253305003047 ], [ 6547535.579643225297332, 8774840.766627866774797 ], [ 6547585.945155183784664, 8774804.581296216696501 ], [ 6547619.002105975523591, 8774816.600787984207273 ], [ 6547659.795307801105082, 8774855.352753987535834 ], [ 6547694.097955819219351, 8774894.392851658165455 ], [ 6547797.969310203567147, 8774917.81861238181591 ], [ 6547844.582990325987339, 8774914.539113646373153 ], [ 6547910.399306936189532, 8774931.819474974647164 ], [ 6547962.617832810617983, 8774936.18239120207727 ], [ 6548088.388763086870313, 8774984.54696068353951 ], [ 6548158.84215003810823, 8774960.978362085297704 ], [ 6548205.188452926464379, 8774979.157023333013058 ], [ 6548239.800552202388644, 8775024.955822113901377 ], [ 6548339.355984458699822, 8775039.698460189625621 ], [ 6548477.968851821497083, 8775117.239927591755986 ], [ 6548604.730952695943415, 8775239.247883219271898 ], [ 6548622.865295933559537, 8775359.80466566234827 ], [ 6548615.174421593546867, 8775522.872832546010613 ], [ 6548569.67792391218245, 8775687.696290826424956 ], [ 6548486.407489356584847, 8775854.261310676112771 ], [ 6548412.796057062223554, 8776107.213933140039444 ], [ 6548380.344848837703466, 8776250.91039764881134 ], [ 6548437.963932100683451, 8776387.181999878957868 ], [ 6548514.438367354683578, 8776481.732960937544703 ], [ 6548582.735855353996158, 8776553.071273364126682 ], [ 6548754.538673014380038, 8776612.865710385143757 ], [ 6548825.933181886561215, 8776609.574281180277467 ], [ 6548960.667352241463959, 8776569.51042801886797 ], [ 6549084.580409815534949, 8776577.342163901776075 ], [ 6549165.806918052956462, 8776621.267858881503344 ], [ 6549239.029978209175169, 8776773.105546981096268 ], [ 6549334.568726422265172, 8776924.7131717056036 ], [ 6549518.727449334226549, 8777112.610516967251897 ], [ 6549653.838691303506494, 8777262.053829627111554 ], [ 6549689.531748753041029, 8777409.000407421961427 ], [ 6549745.531267089769244, 8777522.01362501271069 ], [ 6549806.851831245236099, 8777680.83519608527422 ], [ 6549879.367316542193294, 8777782.17622958868742 ], [ 6549898.777788691222668, 8777887.413067284971476 ], [ 6549873.26468070782721, 8778126.414976555854082 ], [ 6549847.675305865705013, 8778243.79318012483418 ], [ 6549776.232552924193442, 8778377.399035012349486 ], [ 6549706.066696586087346, 8778426.67246794141829 ], [ 6549766.34717586543411, 8778600.959191773086786 ], [ 6549861.927516145631671, 8778562.214108873158693 ], [ 6549894.261010537855327, 8778541.033405406400561 ], [ 6549958.719471456483006, 8778472.980843499302864 ], [ 6549985.173557870090008, 8778455.183493973687291 ], [ 6550065.581661289557815, 8778414.638854967430234 ], [ 6550109.673712242394686, 8778380.943542402237654 ], [ 6550195.040296368300915, 8778260.695788487792015 ], [ 6550235.481140743009746, 8778204.831007083877921 ], [ 6550306.958406782709062, 8778136.099147042259574 ], [ 6550355.154126434586942, 8778051.26784310862422 ], [ 6550390.14688404276967, 8777998.652141228318214 ], [ 6550424.898426400497556, 8777960.425804665312171 ], [ 6550446.006937085650861, 8777925.576227065175772 ], [ 6550486.160296296700835, 8777830.829637521877885 ], [ 6550537.012264095246792, 8777749.774060983210802 ], [ 6550579.057625159621239, 8777702.236956316977739 ], [ 6550643.656560137867928, 8777662.302723560482264 ], [ 6550741.787663937546313, 8777608.780677784234285 ], [ 6550796.843413759022951, 8777566.093101177364588 ], [ 6550833.277949552983046, 8777523.751032775267959 ], [ 6550856.806257406249642, 8777489.404414303600788 ], [ 6550872.8740359172225, 8777443.235268974676728 ], [ 6550903.244342149235308, 8777241.091079806908965 ], [ 6550916.693629485554993, 8777198.258009850978851 ], [ 6550949.128531753085554, 8777149.885181695222855 ], [ 6550998.164319273084402, 8777113.277695652097464 ], [ 6551052.432847335003316, 8777096.052573246881366 ], [ 6551106.355915193445981, 8777096.18678505346179 ], [ 6551150.37957157753408, 8777108.283141179010272 ], [ 6551270.258363244123757, 8777173.447966285049915 ], [ 6551340.695666364394128, 8777194.462433185428381 ], [ 6551553.886280340142548, 8777203.973553482443094 ], [ 6551636.242815256118774, 8777193.490026585757732 ], [ 6551710.675997798331082, 8777165.378098985180259 ], [ 6551781.037076586857438, 8777123.884261529892683 ], [ 6551836.33355978038162, 8777078.615594649687409 ], [ 6551889.529788700863719, 8777010.888352807611227 ], [ 6552086.930037338286638, 8776727.128005526959896 ], [ 6552240.218615733087063, 8776510.364586601033807 ], [ 6552276.094853986054659, 8776449.216214677318931 ], [ 6552340.479548409581184, 8776304.954491293057799 ], [ 6552377.907236241735518, 8776237.769842771813273 ], [ 6552427.656595006585121, 8776171.144363667815924 ], [ 6552497.197399968281388, 8776081.925897378474474 ], [ 6552547.418251235969365, 8776005.048997551202774 ], [ 6552614.429683682508767, 8775861.095924286171794 ], [ 6552659.025980450212955, 8775750.130981901660562 ], [ 6552669.275461356155574, 8775694.680986031889915 ], [ 6552659.186303645372391, 8775627.160234516486526 ], [ 6552544.798052832484245, 8775348.197815183550119 ], [ 6552525.362000238150358, 8775289.856211472302675 ], [ 6552520.690484615042806, 8775227.798369454219937 ], [ 6552532.834149712696671, 8775153.730273617431521 ], [ 6552553.678586840629578, 8775097.74446857534349 ], [ 6552590.66281380597502, 8775020.747883684933186 ], [ 6552606.976829710416496, 8774971.995951890945435 ], [ 6552632.183656395412982, 8774798.819868938997388 ], [ 6552659.089245716109872, 8774700.953078486025333 ], [ 6552702.352009533904493, 8774602.363092646002769 ], [ 6552747.928355756215751, 8774520.337537148967385 ], [ 6552817.365409208461642, 8774433.842855533584952 ], [ 6552888.856946256011724, 8774362.795514170080423 ], [ 6552986.801023442298174, 8774290.556850828230381 ], [ 6553052.051497559063137, 8774257.0074846688658 ], [ 6553247.234383348375559, 8774170.479046789929271 ], [ 6553329.720242840237916, 8774124.806202534586191 ], [ 6553412.608615972101688, 8774060.46899108029902 ], [ 6553816.806497529149055, 8773646.716635908931494 ], [ 6554164.80927006341517, 8773283.70164362154901 ], [ 6554210.886147969402373, 8773252.096058055758476 ], [ 6554270.671364204958081, 8773227.415412357077003 ], [ 6554346.859291855245829, 8773218.498404275625944 ], [ 6554421.810012272559106, 8773230.554048346355557 ], [ 6554483.032845008186996, 8773253.373512804508209 ], [ 6554675.432728480547667, 8773344.098805336281657 ], [ 6554733.248224864713848, 8773360.667144913226366 ], [ 6554783.280515406280756, 8773358.916099920868874 ], [ 6554992.922985217534006, 8773337.350941397249699 ], [ 6555146.591207524761558, 8773318.324946200475097 ], [ 6555265.848332671448588, 8772889.426405996084213 ] ] ] } },
{ "type": "Feature", "properties": { "lv_id": "LOC_031992", "id": 148755.0, "CD_SETOR": "291700305000069", "SITUACAO": "Rural", "CD_SIT": "8", "CD_TIPO": "0", "AREA_KM2": 9.3807083512166312, "CD_REGIAO": "2", "NM_REGIAO": "Nordeste", "CD_UF": "29", "NM_UF": "Bahia", "CD_MUN": "2917003", "NM_MUN": "Itiúba", "CD_DIST": "291700305", "NM_DIST": "Itiúba", "CD_SUBDIST": "29170030500", "NM_SUBDIST": null, "CD_BAIRRO": null, "NM_BAIRRO": null, "CD_NU": null, "NM_NU": null, "CD_FCU": null, "NM_FCU": null, "CD_AGLOM": "291700300011", "NM_AGLOM": "Ponta Baixa", "CD_RGINT": "2908", "NM_RGINT": "Juazeiro", "CD_RGI": "290023", "NM_RGI": "Senhor do Bonfim", "CD_CONCURB": null, "NM_CONCURB": null, "mun_code_x": "2917003", "index_right": 7752, "dist_m": 849.8188559977749, "local_id": 339734, "ano": 2022, "cod_localidade_ibge": 2917003, "NR_ZONA": "149", "nr_cep": 48850000.0, "nm_localidade": "ITIÚBA", "nm_locvot": "ESCOLA LUCIANO JOSE DOS SANTOS", "ds_endereco": "POV. PONTA BAIXA - ZONA RURAL", "ds_bairro": "POVOADO PONTA BAIXA", "pred_long": -39.891092, "pred_lat": -10.509213, "pred_dist": 0.017462050415483901, "tse_long": null, "tse_lat": null, "long": -39.891092, "lat": -10.509213, "ID_UNICO": "LOC_031992", "SG_UF": "BA", "CD_MUNICIPIO": "36412", "NR_LOCAL_VOTACAO": "1368", "QT_SECOES_AGREGADAS": 0, "QT_ELEITORES_TRANSFERIDOS": 0, "CIRO GOMES (PDT) (NÃO ELEITO) 1T": 11.0, "CONSTITUINTE EYMAEL (DC) (NÃO ELEITO) 1T": 0.0, "FELIPE D AVILA (NOVO) (NÃO ELEITO) 1T": 0.0, "JAIR BOLSONARO (PL) (2º TURNO) 1T": 74.0, "LULA (PT) (2º TURNO) 1T": 318.0, "LÉO PÉRICLES (UP) (NÃO ELEITO) 1T": 0.0, "PADRE KELMON (PTB) (NÃO ELEITO) 1T": 0.0, "SIMONE TEBET (MDB) (NÃO ELEITO) 1T": 7.0, "SOFIA MANZANO (PCB) (NÃO ELEITO) 1T": 0.0, "SORAYA THRONICKE (UNIÃO) (NÃO ELEITO) 1T": 2.0, "VERA (PSTU) (NÃO ELEITO) 1T": 0.0, "Total_Votos_Validos 1T": 412.0, "Votos_Brancos 1T": 8.0, "Votos_Nulos 1T": 9.0, "Abstenções 1T": 171.0, "Eleitores_Aptos 1T": 600.0, "JAIR BOLSONARO (PL) (NÃO ELEITO) 2T": 83.0, "LULA (PT) (ELEITO) 2T": 327.0, "Total_Votos_Validos 2T": 410.0, "Votos_Brancos 2T": 5.0, "Votos_Nulos 2T": 12.0, "Abstenções 2T": 173.0, "Eleitores_Aptos 2T": 600.0, "mun_code_y": "2917003", "mun_code": "2917003" }, "geometry": { "type": "MultiPolygon", "coordinates": [ [ [ [ 6544049.478588910773396, 8803381.304052799940109 ], [ 6544016.66137426905334, 8803173.050002902746201 ], [ 6543853.674307991750538, 8802940.258289754390717 ], [ 6543786.060783783905208, 8802945.258088357746601 ], [ 6543551.904293794184923, 8803102.79166516289115 ], [ 6543615.141593396663666, 8803359.659093039110303 ], [ 6543697.288742751814425, 8803405.951954696327448 ], [ 6543730.419169524684548, 8803473.072789220139384 ], [ 6544049.478588910773396, 8803381.304052799940109 ] ] ], [ [ [ 6539622.715698056854308, 8800236.892398290336132 ], [ 6539614.009998621419072, 8800246.595030028373003 ], [ 6539601.931011293083429, 8800255.833795819431543 ], [ 6539589.749048140831292, 8800264.974602801725268 ], [ 6539575.46178836748004, 8800274.32397018186748 ], [ 6539554.679850173182786, 8800279.543099800124764 ], [ 6539534.110722345300019, 8800284.866617994382977 ], [ 6539521.620634803548455, 8800289.792909035459161 ], [ 6539499.043702793307602, 8800297.269472757354379 ], [ 6539484.558975929394364, 8800302.182789338752627 ], [ 6539472.4776850938797, 8800313.586979081854224 ], [ 6539470.57941844407469, 8800322.140253597870469 ], [ 6539469.101118763908744, 8800328.805546777322888 ], [ 6539473.902010960504413, 8800343.622507387772202 ], [ 6539483.104433069005609, 8800358.127743540331721 ], [ 6539490.015167953446507, 8800372.838524224236608 ], [ 6539497.112292693927884, 8800387.552333710715175 ], [ 6539506.22541163675487, 8800402.266750041395426 ], [ 6539559.904367089271545, 8800510.189854642376304 ], [ 6539619.405545017682016, 8800637.4205237403512 ], [ 6539640.023879570886493, 8800682.937396550551057 ], [ 6539649.586417325772345, 8800704.059720288962126 ], [ 6539670.375002453103662, 8800749.956528777256608 ], [ 6539681.820643685758114, 8800775.234023503959179 ], [ 6539685.661459262482822, 8800786.697935188189149 ], [ 6539690.884603623300791, 8800803.866690358147025 ], [ 6539695.390649581328034, 8800818.708461320027709 ], [ 6539700.728119963780046, 8800834.014363583177328 ], [ 6539706.518945820629597, 8800850.644766002893448 ], [ 6539711.527464970014989, 8800865.452584115788341 ], [ 6539714.434260101057589, 8800882.520258313044906 ], [ 6539717.777573120780289, 8800902.258046949282289 ], [ 6539720.571832590736449, 8800920.983362903818488 ], [ 6539723.888242495246232, 8800938.146620031446218 ], [ 6539726.287957775406539, 8800955.145904408767819 ], [ 6539729.304054290056229, 8800972.208684593439102 ], [ 6539730.1123470608145, 8800989.393419373780489 ], [ 6539733.03001319244504, 8801006.460625039413571 ], [ 6539733.06796183437109, 8801007.313704213127494 ], [ 6539733.944849369116127, 8801025.794631373137236 ], [ 6539733.164841583929956, 8801051.609931033104658 ], [ 6539734.994434350170195, 8801090.277947127819061 ], [ 6539737.698422591201961, 8801103.03525298088789 ], [ 6539740.513516627252102, 8801118.044199960306287 ], [ 6539743.530030928552151, 8801135.118379138410091 ], [ 6539744.337718700990081, 8801152.291751692071557 ], [ 6539749.450892037712038, 8801171.425838587805629 ], [ 6539752.368966716341674, 8801188.504447447136045 ], [ 6539759.474034119397402, 8801205.37224961258471 ], [ 6539762.381158978678286, 8801222.451358424499631 ], [ 6539772.299501018598676, 8801252.071597194299102 ], [ 6539775.110486964695156, 8801266.989579942077398 ], [ 6539791.328989811241627, 8801298.583586007356644 ], [ 6539796.23663726542145, 8801315.56149647757411 ], [ 6539810.143841341137886, 8801340.76295593008399 ], [ 6539819.145188878290355, 8801353.214762518182397 ], [ 6539833.163514954037964, 8801382.639606006443501 ], [ 6539842.26603086758405, 8801397.366319205611944 ], [ 6539849.373348826542497, 8801412.068651419132948 ], [ 6539858.376942914910614, 8801426.788423538208008 ], [ 6539865.484762497246265, 8801441.502143509685993 ], [ 6539872.395246568135917, 8801456.213332530111074 ], [ 6539879.503061037510633, 8801470.927065070718527 ], [ 6539888.605062671005726, 8801485.642447205260396 ], [ 6539895.710565201938152, 8801502.521759301424026 ], [ 6539902.719452584162354, 8801517.228556055575609 ], [ 6539909.829499718733132, 8801534.210252601653337 ], [ 6539919.03398007992655, 8801550.983953388407826 ], [ 6539926.248310264199972, 8801567.847011763602495 ], [ 6539930.750110886059701, 8801576.192790141329169 ], [ 6539935.649057922884822, 8801591.005740065127611 ], [ 6539940.666453625075519, 8801606.018526136875153 ], [ 6539942.339603469707072, 8801615.80197967775166 ], [ 6539943.584366140887141, 8801623.09728442132473 ], [ 6539942.292838247492909, 8801640.37641765922308 ], [ 6539943.111228965222836, 8801657.549432028084993 ], [ 6539939.530215859413147, 8801672.868450000882149 ], [ 6539938.238650477491319, 8801690.147577695548534 ], [ 6539932.761824586428702, 8801705.460512924939394 ], [ 6539929.176221808418632, 8801720.677147053182125 ], [ 6539925.801102013327181, 8801738.163763511925936 ], [ 6539920.214885199442506, 8801753.481588317081332 ], [ 6539916.732209513895214, 8801768.79616017267108 ], [ 6539908.955428592860699, 8801782.160807205364108 ], [ 6539897.782899961806834, 8801812.796406745910645 ], [ 6539894.300173254683614, 8801828.110955769196153 ], [ 6539888.820887256413698, 8801845.589396107941866 ], [ 6539883.23457329813391, 8801860.907171588391066 ], [ 6539875.470856728032231, 8801876.539211684837937 ], [ 6539865.792991945520043, 8801894.217459365725517 ], [ 6539857.904542974196374, 8801905.319008987396955 ], [ 6539852.322721242904663, 8801920.739119734615088 ], [ 6539846.736334818415344, 8801936.056853156536818 ], [ 6539839.065898982807994, 8801951.570681508630514 ], [ 6539832.556027177721262, 8801964.354089504107833 ], [ 6539827.771887393668294, 8801981.698675779625773 ], [ 6539823.244392786175013, 8801993.971412794664502 ], [ 6539814.247346039861441, 8802017.602501481771469 ], [ 6539809.410239385440946, 8802035.975179171189666 ], [ 6539809.779841121286154, 8802040.34648484364152 ], [ 6539811.731422266922891, 8802063.793963547796011 ], [ 6539827.626356149092317, 8802082.205082282423973 ], [ 6539841.551398538984358, 8802095.24538392201066 ], [ 6539849.283221931196749, 8802102.557309539988637 ], [ 6539852.142361124977469, 8802105.255501914769411 ], [ 6539870.21252454444766, 8802121.084470588713884 ], [ 6539877.556888353079557, 8802128.060480462387204 ], [ 6539885.169849995523691, 8802138.614542493596673 ], [ 6539893.76020928286016, 8802148.725850569084287 ], [ 6539912.867558520287275, 8802171.620141742751002 ], [ 6539919.534854657948017, 8802177.167712513357401 ], [ 6539928.798916047438979, 8802190.850313039496541 ], [ 6539938.486304009333253, 8802202.963910026475787 ], [ 6539944.348932787775993, 8802210.62188164703548 ], [ 6539950.928571464493871, 8802220.606898300349712 ], [ 6539962.214755144901574, 8802243.054397547617555 ], [ 6539966.197292560711503, 8802265.852419376373291 ], [ 6539972.917718520388007, 8802287.387881813570857 ], [ 6539983.689393210224807, 8802311.818820711225271 ], [ 6539990.961949398741126, 8802323.835670609027147 ], [ 6539997.360540607944131, 8802338.376326808705926 ], [ 6540004.280879735946655, 8802351.34356033988297 ], [ 6540008.05435436218977, 8802361.055624818429351 ], [ 6540012.928065775893629, 8802373.088944863528013 ], [ 6540018.373031225986779, 8802386.635260524228215 ], [ 6540026.979801329784095, 8802405.498983921483159 ], [ 6540030.937498345971107, 8802412.94614901766181 ], [ 6540036.043678937479854, 8802432.183488219976425 ], [ 6540036.592561075463891, 8802443.795412534847856 ], [ 6540036.65859130397439, 8802445.034745831042528 ], [ 6540040.186738165095448, 8802477.335709191858768 ], [ 6540039.209165971726179, 8802501.199732342734933 ], [ 6540039.928627545945346, 8802518.37723983079195 ], [ 6540040.74010862223804, 8802535.653194328770041 ], [ 6540037.159026764333248, 8802550.983527954667807 ], [ 6540033.671295425854623, 8802566.195696763694286 ], [ 6540030.094232302159071, 8802581.617017682641745 ], [ 6540024.616772700101137, 8802596.929830314591527 ], [ 6540018.936078445985913, 8802612.354326661676168 ], [ 6540009.059650160372257, 8802625.824351174756885 ], [ 6540001.178795515559614, 8802639.079479422420263 ], [ 6539989.207322312518954, 8802652.746028367429972 ], [ 6539975.127170655876398, 8802666.301995476707816 ], [ 6539960.846688778139651, 8802677.815437516197562 ], [ 6539948.772201696410775, 8802691.383979998528957 ], [ 6539947.388451615348458, 8802706.6042720079422 ], [ 6539948.672746473923326, 8802737.980043917894363 ], [ 6539955.944606827571988, 8802751.957334842532873 ], [ 6539967.330055675469339, 8802770.479960735887289 ], [ 6539980.438308340497315, 8802780.673776015639305 ], [ 6539992.774240544065833, 8802791.73422983661294 ], [ 6540003.940968142822385, 8802803.360002256929874 ], [ 6540012.19059780985117, 8802810.489354312419891 ], [ 6540018.624904176220298, 8802819.671840315684676 ], [ 6540027.229897884652019, 8802834.307408429682255 ], [ 6540031.238022586330771, 8802849.057972079142928 ], [ 6540032.365269272588193, 8802853.714458029717207 ], [ 6540034.471682354807854, 8802862.407226271927357 ], [ 6540033.085443882271647, 8802879.793135043233633 ], [ 6540029.504117254167795, 8802895.123415322974324 ], [ 6540026.020690951496363, 8802910.437902845442295 ], [ 6540024.126966329291463, 8802912.69969343021512 ], [ 6540020.540560325607657, 8802927.916217880323529 ], [ 6540019.261198225431144, 8802947.46278365328908 ], [ 6540019.976394852623343, 8802962.577573539689183 ], [ 6540022.573718946427107, 8802979.363128758966923 ], [ 6540028.232898473739624, 8802995.270565213635564 ], [ 6540033.884476921521127, 8803006.813223207369447 ], [ 6540034.992582717910409, 8803009.065765263512731 ], [ 6540042.093216313049197, 8803021.409635033458471 ], [ 6540055.616995355114341, 8803038.491644982248545 ], [ 6540067.568937810137868, 8803047.814271170645952 ], [ 6540080.91394501645118, 8803054.703813415020704 ], [ 6540090.755090931430459, 8803061.647905504330993 ], [ 6540107.463228421285748, 8803073.948485603556037 ], [ 6540124.529778385534883, 8803087.657655533403158 ], [ 6540136.185896306298673, 8803098.953896461054683 ], [ 6540145.603358785621822, 8803111.900554563850164 ], [ 6540164.633235626854002, 8803133.055291509255767 ], [ 6540171.073094392195344, 8803146.557186853140593 ], [ 6540175.172459430992603, 8803152.755825072526932 ], [ 6540181.133862559683621, 8803166.586908657103777 ], [ 6540190.377136657014489, 8803182.026013158261776 ], [ 6540196.782573839649558, 8803193.272814311087132 ], [ 6540197.804354439489543, 8803195.06195592880249 ], [ 6540209.455025631003082, 8803212.649785667657852 ], [ 6540215.355471797287464, 8803225.355297848582268 ], [ 6540237.120559306815267, 8803258.7535321097821 ], [ 6540241.811653913930058, 8803265.940020121634007 ], [ 6540248.82507186755538, 8803280.761132583022118 ], [ 6540255.724586214870214, 8803295.484782928600907 ], [ 6540259.727131253108382, 8803303.944456901401281 ], [ 6540262.737493626773357, 8803310.294533306732774 ], [ 6540282.08059920091182, 8803370.08361554890871 ], [ 6540287.304179785773158, 8803391.481473710387945 ], [ 6540295.134635278955102, 8803427.909466510638595 ], [ 6540298.053747920319438, 8803447.256570585072041 ], [ 6540304.970562674105167, 8803487.292903369292617 ], [ 6540306.595221945084631, 8803496.736811084672809 ], [ 6540316.581071607768536, 8803582.942814286798239 ], [ 6540321.645038385875523, 8803652.079784750938416 ], [ 6540320.574494369328022, 8803675.845556093379855 ], [ 6540320.833441335707903, 8803730.050904035568237 ], [ 6540321.644266829825938, 8803747.327057752758265 ], [ 6540325.090284974314272, 8803782.002747040241957 ], [ 6540325.901078551076353, 8803799.278904482722282 ], [ 6540328.7130789142102, 8803816.465367894619703 ], [ 6540329.436366744339466, 8803833.745449343696237 ], [ 6540336.894954058341682, 8803866.4975287579 ], [ 6540337.2624228047207, 8803868.110873650759459 ], [ 6540343.564845367334783, 8803901.723993515595794 ], [ 6540342.830876140855253, 8803924.437522992491722 ], [ 6540336.451908726245165, 8803937.727725118398666 ], [ 6540331.048175793141127, 8803948.056505836546421 ], [ 6540316.239352472126484, 8803976.324402188882232 ], [ 6540308.040130065754056, 8803989.092087101191282 ], [ 6540301.119217268191278, 8804003.751413378864527 ], [ 6540295.184943699277937, 8804011.756094643846154 ], [ 6540285.182695249095559, 8804028.832937523722649 ], [ 6540279.59943874552846, 8804044.252898197621107 ], [ 6540276.017400363460183, 8804059.583177577704191 ], [ 6540272.541698452085257, 8804077.062770962715149 ], [ 6540271.154701145365834, 8804094.448768194764853 ], [ 6540271.980743065476418, 8804111.82678072527051 ], [ 6540272.893127597868443, 8804135.594792181625962 ], [ 6540275.818802672438323, 8804152.878729758784175 ], [ 6540280.633813331834972, 8804167.798564054071903 ], [ 6540292.271434635855258, 8804193.741606492549181 ], [ 6540301.767991347238421, 8804218.846018489450216 ], [ 6540305.626706415787339, 8804236.908779749646783 ], [ 6540310.519426151178777, 8804253.58033968321979 ], [ 6540314.797044048085809, 8804269.971736032515764 ], [ 6540317.328283992595971, 8804281.084654528647661 ], [ 6540334.266514704562724, 8804309.434462428092957 ], [ 6540353.001896210946143, 8804327.662764847278595 ], [ 6540405.126159178093076, 8804376.045566519722342 ], [ 6540432.467050728388131, 8804407.941304262727499 ], [ 6540462.570843944326043, 8804436.909563150256872 ], [ 6540485.34663855470717, 8804475.814122965559363 ], [ 6540492.375305207446218, 8804519.880540397018194 ], [ 6540499.841674782335758, 8804566.65133641473949 ], [ 6540490.954147010110319, 8804639.240281391888857 ], [ 6540465.11677682492882, 8804723.974282275885344 ], [ 6540466.009451419115067, 8804770.526610219851136 ], [ 6540488.832356191240251, 8804812.7231570109725 ], [ 6540503.702888830564916, 8804836.458884237334132 ], [ 6540504.752379459328949, 8804838.132881827652454 ], [ 6540528.585638974793255, 8804876.18122279830277 ], [ 6540969.911844107322395, 8804535.048059580847621 ], [ 6541317.496273908764124, 8804288.940757626667619 ], [ 6541566.582171083427966, 8804026.907263429835439 ], [ 6541618.411478666588664, 8803726.25526025146246 ], [ 6541627.106826713308692, 8803481.779761282727122 ], [ 6541726.980522073805332, 8803382.376537038013339 ], [ 6541918.034755760803819, 8803428.045507991686463 ], [ 6542094.984057070687413, 8803596.397881910204887 ], [ 6542211.098858767189085, 8803862.393750121816993 ], [ 6542360.336985053494573, 8804140.469280045479536 ], [ 6542661.110040311701596, 8804601.611005356535316 ], [ 6542804.151503760367632, 8804886.753284821286798 ], [ 6542835.683532122522593, 8805156.563202574849129 ], [ 6542771.244811840355396, 8805613.744070628657937 ], [ 6542803.681138955056667, 8805903.848201289772987 ], [ 6543109.04914075974375, 8806174.942974615842104 ], [ 6543169.376509833149612, 8806347.61686479113996 ], [ 6543362.771797790192068, 8806604.321818556636572 ], [ 6543596.775964002124965, 8806736.230473812669516 ], [ 6543909.249831393361092, 8806759.881159914657474 ], [ 6543918.538720022886992, 8806764.241060893982649 ], [ 6543931.798503819853067, 8806712.637330820783973 ], [ 6543940.652585381641984, 8806678.557137735188007 ], [ 6543985.24559929408133, 8806634.691052746027708 ], [ 6544003.314620144665241, 8806548.253307022154331 ], [ 6544025.429628715850413, 8806504.584923103451729 ], [ 6544029.192950180731714, 8806462.970051478594542 ], [ 6544056.826703172177076, 8806381.939475264400244 ], [ 6544085.534474136307836, 8806310.298816185444593 ], [ 6544105.355984346941113, 8806238.190029313787818 ], [ 6544102.796449786052108, 8806180.54662068746984 ], [ 6544090.245623446069658, 8806001.063944876194 ], [ 6544077.504282430745661, 8805937.470955662429333 ], [ 6544067.405205168761313, 8805915.114657655358315 ], [ 6544070.418741934932768, 8805869.965347798541188 ], [ 6544110.093032936565578, 8805719.122763529419899 ], [ 6544110.981925373896956, 8805636.26986470259726 ], [ 6544051.932835957966745, 8805481.944419100880623 ], [ 6544031.211813525296748, 8805348.03662933409214 ], [ 6544001.127353558316827, 8805220.430928254500031 ], [ 6543976.64878267981112, 8805120.10216380096972 ], [ 6543942.916909115388989, 8805004.629348544403911 ], [ 6543928.290161420591176, 8804925.77877976000309 ], [ 6543923.074438355863094, 8804839.005483375862241 ], [ 6543923.27611299790442, 8804601.980228750035167 ], [ 6543926.702876573428512, 8804506.041854660958052 ], [ 6543929.903529994189739, 8804343.669643752276897 ], [ 6539622.715698056854308, 8800236.892398290336132 ] ] ] ] } },
{ "type": "Feature", "properties": { "lv_id": "LOC_031993", "id": 148775.0, "CD_SETOR": "291700305000092", "SITUACAO": "Rural", "CD_SIT": "8", "CD_TIPO": "0", "AREA_KM2": 48.828735122113272, "CD_REGIAO": "2", "NM_REGIAO": "Nordeste", "CD_UF": "29", "NM_UF": "Bahia", "CD_MUN": "2917003", "NM_MUN": "Itiúba", "CD_DIST": "291700305", "NM_DIST": "Itiúba", "CD_SUBDIST": "29170030500", "NM_SUBDIST": null, "CD_BAIRRO": null, "NM_BAIRRO": null, "CD_NU": null, "NM_NU": null, "CD_FCU": null, "NM_FCU": null, "CD_AGLOM": null, "NM_AGLOM": null, "CD_RGINT": "2908", "NM_RGINT": "Juazeiro", "CD_RGI": "290023", "NM_RGI": "Senhor do Bonfim", "CD_CONCURB": null, "NM_CONCURB": null, "mun_code_x": "2917003", "index_right": 7756, "dist_m": 0.0, "local_id": 339738, "ano": 2022, "cod_localidade_ibge": 2917003, "NR_ZONA": "149", "nr_cep": 48850000.0, "nm_localidade": "ITIÚBA", "nm_locvot": "ESCOLA MUNICIPAL GERÔNIMO GOMES DA SILVA", "ds_endereco": "POVOADO LAGOA DA TIRIRICA - ZONA RURAL", "ds_bairro": "POVOADO LAGOA DA TIRIRICA", "pred_long": -39.854142, "pred_lat": -10.513122, "pred_dist": 0.034131587577587302, "tse_long": null, "tse_lat": null, "long": -39.854142, "lat": -10.513122, "ID_UNICO": "LOC_031993", "SG_UF": "BA", "CD_MUNICIPIO": "36412", "NR_LOCAL_VOTACAO": "1511", "QT_SECOES_AGREGADAS": 0, "QT_ELEITORES_TRANSFERIDOS": 4, "CIRO GOMES (PDT) (NÃO ELEITO) 1T": 2.0, "CONSTITUINTE EYMAEL (DC) (NÃO ELEITO) 1T": 0.0, "FELIPE D AVILA (NOVO) (NÃO ELEITO) 1T": 0.0, "JAIR BOLSONARO (PL) (2º TURNO) 1T": 41.0, "LULA (PT) (2º TURNO) 1T": 198.0, "LÉO PÉRICLES (UP) (NÃO ELEITO) 1T": 0.0, "PADRE KELMON (PTB) (NÃO ELEITO) 1T": 0.0, "SIMONE TEBET (MDB) (NÃO ELEITO) 1T": 2.0, "SOFIA MANZANO (PCB) (NÃO ELEITO) 1T": 0.0, "SORAYA THRONICKE (UNIÃO) (NÃO ELEITO) 1T": 3.0, "VERA (PSTU) (NÃO ELEITO) 1T": 0.0, "Total_Votos_Validos 1T": 246.0, "Votos_Brancos 1T": 1.0, "Votos_Nulos 1T": 7.0, "Abstenções 1T": 48.0, "Eleitores_Aptos 1T": 302.0, "JAIR BOLSONARO (PL) (NÃO ELEITO) 2T": 44.0, "LULA (PT) (ELEITO) 2T": 205.0, "Total_Votos_Validos 2T": 249.0, "Votos_Brancos 2T": 1.0, "Votos_Nulos 2T": 9.0, "Abstenções 2T": 43.0, "Eleitores_Aptos 2T": 302.0, "mun_code_y": "2917003", "mun_code": "2917003" }, "geometry": { "type": "Polygon", "coordinates": [ [ [ 6551443.250919203273952, 8808617.371404001489282 ], [ 6551431.373658547177911, 8808572.855725387111306 ], [ 6551420.178391865454614, 8808446.408635135740042 ], [ 6551416.340844580903649, 8808360.689606942236423 ], [ 6551419.610675942152739, 8808235.724539566785097 ], [ 6551414.109997794963419, 8808141.711176320910454 ], [ 6551410.811326429247856, 8808052.364880569279194 ], [ 6551401.715473154559731, 8807957.612439628690481 ], [ 6551389.647470922209322, 8807916.70867346227169 ], [ 6551394.764121884480119, 8807855.899583619087934 ], [ 6551390.656459993682802, 8807760.466817647218704 ], [ 6551386.899862905032933, 8807646.843421736732125 ], [ 6551372.139966726303101, 8807585.617015529423952 ], [ 6551367.596964650787413, 8807541.934924123808742 ], [ 6551373.248202257789671, 8807457.476694356650114 ], [ 6551380.71433493308723, 8807376.619626063853502 ], [ 6551384.303205186501145, 8807282.288678718730807 ], [ 6551397.075981843285263, 8807196.586299501359463 ], [ 6551395.438389835879207, 8807073.51777409017086 ], [ 6551378.416370030492544, 8806989.098999172449112 ], [ 6551393.069446861743927, 8806879.960396183654666 ], [ 6551415.569271169602871, 8806801.083023922517896 ], [ 6551407.347469854168594, 8806775.695800568908453 ], [ 6551403.704987918026745, 8806728.153487695381045 ], [ 6551409.396334262564778, 8806699.232499502599239 ], [ 6551409.892951841466129, 8806555.019496213644743 ], [ 6551410.099662099033594, 8806350.502477657049894 ], [ 6551408.598282212391496, 8806280.70951496437192 ], [ 6551370.951195407658815, 8806136.355590982362628 ], [ 6551311.68100705742836, 8805908.429652092978358 ], [ 6551286.73268152307719, 8805793.788398811593652 ], [ 6551274.696626616641879, 8805669.900093354284763 ], [ 6551294.131351816467941, 8805559.998163040727377 ], [ 6551282.47970627527684, 8805459.728996630758047 ], [ 6551282.692303467541933, 8805353.497903980314732 ], [ 6551302.722947961650789, 8805307.317703105509281 ], [ 6551336.521733871661127, 8805189.310949806123972 ], [ 6551333.819544160738587, 8805077.954586083069444 ], [ 6551344.49305484816432, 8804989.34675208479166 ], [ 6551375.502656568773091, 8804911.748656198382378 ], [ 6551392.617689171805978, 8804858.458957400172949 ], [ 6551391.399796101264656, 8804744.059431223198771 ], [ 6551412.67506758030504, 8804679.898181848227978 ], [ 6551405.428581923246384, 8804540.697110021486878 ], [ 6551434.813797108829021, 8804368.385401198640466 ], [ 6551470.841718154028058, 8804265.326760098338127 ], [ 6551472.509555797092617, 8804203.565810298547149 ], [ 6551509.224009016528726, 8804124.477343058213592 ], [ 6551518.005753637291491, 8804061.551548302173615 ], [ 6551508.685926105827093, 8803984.174912104383111 ], [ 6551525.031745554879308, 8803893.131984351202846 ], [ 6551522.912973573431373, 8803807.471662143245339 ], [ 6551501.446364262141287, 8803767.495124829933047 ], [ 6551490.080284915864468, 8803692.160711131989956 ], [ 6551469.992789529263973, 8803627.881013931706548 ], [ 6551479.265360223129392, 8803573.267927698791027 ], [ 6551464.967821407131851, 8803493.402450900524855 ], [ 6551443.855808490887284, 8803421.164847703650594 ], [ 6551379.646792490035295, 8803324.887319277971983 ], [ 6551382.66825945302844, 8803120.184901999309659 ], [ 6551397.924764539115131, 8803069.052896717563272 ], [ 6551405.010391901247203, 8803007.218268942087889 ], [ 6551392.701206504367292, 8802897.606379708275199 ], [ 6551376.765135047957301, 8802744.887158643454313 ], [ 6551386.266542853787541, 8802718.461089886724949 ], [ 6551408.738392177037895, 8802684.128960225731134 ], [ 6551423.612615154124796, 8802593.368450809270144 ], [ 6551413.847340777516365, 8802538.942255601286888 ], [ 6551415.598474287427962, 8802513.424875171855092 ], [ 6551448.671638526022434, 8802443.471979342401028 ], [ 6551472.175516895949841, 8802293.862061457708478 ], [ 6551421.355538818053901, 8802118.295441664755344 ], [ 6551390.062526877969503, 8801958.687872605398297 ], [ 6551435.311636548489332, 8801794.355128269642591 ], [ 6551470.452839277684689, 8801623.568924328312278 ], [ 6551300.15667356736958, 8801454.420147333294153 ], [ 6551111.480348731391132, 8801364.915014686062932 ], [ 6550964.674903756007552, 8801355.52061278000474 ], [ 6550760.672154263593256, 8801409.472088277339935 ], [ 6550482.018170526251197, 8801411.747247787192464 ], [ 6549889.348510460928082, 8801432.36886920966208 ], [ 6549516.015689417719841, 8801238.682569280266762 ], [ 6549159.00431708805263, 8801016.430524514988065 ], [ 6549021.106436956673861, 8800890.633526068180799 ], [ 6548885.204190982505679, 8800841.032082928344607 ], [ 6548766.604802556335926, 8800704.0352164786309 ], [ 6548610.907823219895363, 8800689.531450051814318 ], [ 6548408.604310432448983, 8800629.533325556665659 ], [ 6548200.301781379617751, 8800547.836603615432978 ], [ 6548072.536310920491815, 8800549.547842063009739 ], [ 6547917.186213728971779, 8800536.406421294435859 ], [ 6547713.565618411637843, 8800561.09367804415524 ], [ 6547493.764396333135664, 8800549.811632867902517 ], [ 6547368.45510474499315, 8800457.207594066858292 ], [ 6547149.043794929049909, 8800388.20975099503994 ], [ 6546893.591656913980842, 8800354.138695342466235 ], [ 6546789.302316251210868, 8800238.333818200975657 ], [ 6546644.36385359801352, 8800167.365690104663372 ], [ 6546603.391175055876374, 8799973.109726613387465 ], [ 6546500.088461534120142, 8799811.730246821418405 ], [ 6546336.218970305286348, 8799757.1911611109972 ], [ 6546195.019959023222327, 8799779.148526530712843 ], [ 6546132.441363199613988, 8799711.350410975515842 ], [ 6546023.27457932010293, 8799671.692752392962575 ], [ 6546058.292461555451155, 8799606.534860344603658 ], [ 6546027.600662312470376, 8799573.868755409494042 ], [ 6545964.665508166886866, 8799568.672668650746346 ], [ 6545826.126543373800814, 8799601.099767161533237 ], [ 6545789.272033661603928, 8799673.464634293690324 ], [ 6545665.052878942340612, 8799759.837490018457174 ], [ 6545605.416781334206462, 8799761.046416403725743 ], [ 6545615.518163274973631, 8799835.327155865728855 ], [ 6545624.486826534382999, 8799932.81186187826097 ], [ 6545674.532129056751728, 8800047.492516508325934 ], [ 6545667.575304560363293, 8800119.601846821606159 ], [ 6545656.301898733712733, 8800227.039769288152456 ], [ 6545660.701939875259995, 8800325.540094971656799 ], [ 6545664.66379982046783, 8800461.337272211909294 ], [ 6545621.096641055308282, 8800573.856203019618988 ], [ 6545513.769560202024877, 8800636.50304520688951 ], [ 6545471.273963929153979, 8800633.91606998629868 ], [ 6545458.866606808267534, 8800703.7509451135993 ], [ 6545470.011652853339911, 8800737.173804961144924 ], [ 6545481.963354703038931, 8800787.192384827882051 ], [ 6545491.779620392248034, 8800859.570741413161159 ], [ 6545491.405524558387697, 8800921.875189110636711 ], [ 6545479.906533150933683, 8800958.815284918993711 ], [ 6545458.377270378172398, 8800996.629187246784568 ], [ 6545493.225532450713217, 8801072.120066674426198 ], [ 6545517.946824867278337, 8801064.576536128297448 ], [ 6545539.084969024173915, 8801073.963347062468529 ], [ 6545550.014717758633196, 8801131.289788123220205 ], [ 6545530.997389681637287, 8801179.238751415163279 ], [ 6545536.580123306252062, 8801410.149078238755465 ], [ 6545540.734313982538879, 8801447.751710906624794 ], [ 6545495.808184644207358, 8801494.336903614923358 ], [ 6545456.42686294298619, 8801569.182490590959787 ], [ 6545459.649709273129702, 8801604.581260193139315 ], [ 6545474.204336915165186, 8801634.385372623801231 ], [ 6545498.760095914825797, 8801615.99742566794157 ], [ 6545524.167358293198049, 8801590.172711081802845 ], [ 6545534.568185076117516, 8801555.117684686556458 ], [ 6545566.310055281966925, 8801518.280394533649087 ], [ 6545592.196965578012168, 8801547.163620287552476 ], [ 6545588.366086861118674, 8801587.280603125691414 ], [ 6545598.390659583732486, 8801618.200855178758502 ], [ 6545575.976457318291068, 8801670.098623862490058 ], [ 6545562.498610361479223, 8801728.285341946408153 ], [ 6545612.842314152978361, 8801775.3667545709759 ], [ 6545591.327044310048223, 8801833.915512459352612 ], [ 6545597.028583755716681, 8801918.745710730552673 ], [ 6545604.391652059741318, 8802021.672146884724498 ], [ 6545624.76188228931278, 8802098.59166113473475 ], [ 6545647.935638403519988, 8802201.5244648642838 ], [ 6545708.953956466168165, 8802231.710573157295585 ], [ 6545746.976243263110518, 8802277.683432633057237 ], [ 6545774.532611627131701, 8802335.652749231085181 ], [ 6545866.473071749322116, 8802413.773508686572313 ], [ 6545842.431730426847935, 8802595.826903650537133 ], [ 6545797.566965540871024, 8802671.876394363120198 ], [ 6545760.37302912492305, 8802739.349708780646324 ], [ 6545706.017407700419426, 8802782.926278533414006 ], [ 6545536.053291025571525, 8802938.644905602559447 ], [ 6545506.507966242730618, 8802997.553635260090232 ], [ 6545508.702629108913243, 8803046.803685186430812 ], [ 6545487.183999081142247, 8803105.36248224042356 ], [ 6545470.451622396707535, 8803178.388483891263604 ], [ 6545446.716136843897402, 8803279.920475771650672 ], [ 6545484.692377439700067, 8803590.799628270789981 ], [ 6545548.18094252422452, 8803752.463261855766177 ], [ 6545517.170416205190122, 8803778.526325814425945 ], [ 6545435.542196100577712, 8803820.966361882165074 ], [ 6545338.347975691780448, 8803900.185116184875369 ], [ 6545119.567381581291556, 8804059.63653208501637 ], [ 6545033.027046207338572, 8804137.245318157598376 ], [ 6544981.306842936202884, 8804205.685495708137751 ], [ 6544975.332851814106107, 8804355.353375624865294 ], [ 6544990.203102612867951, 8804439.838223798200488 ], [ 6545014.516112637706101, 8804518.108106032013893 ], [ 6545038.154753070324659, 8804578.021267179399729 ], [ 6544960.901789733208716, 8804749.68807459063828 ], [ 6544858.860089311376214, 8804884.142435742542148 ], [ 6544813.14594142511487, 8804962.786549162119627 ], [ 6544514.95203485712409, 8805168.134661875665188 ], [ 6544465.199847856536508, 8805119.003437930718064 ], [ 6544420.76268520206213, 8805024.527711728587747 ], [ 6544396.202016835100949, 8804970.207973828539252 ], [ 6544353.705159651115537, 8804839.031854424625635 ], [ 6544305.521867585368454, 8804741.886645101010799 ], [ 6544228.10994385369122, 8804622.959616720676422 ], [ 6544194.301746209152043, 8804581.970708290114999 ], [ 6544137.168600717559457, 8804547.477790787816048 ], [ 6544114.513366888277233, 8804526.403790663927794 ], [ 6544075.035952491685748, 8804470.782623233273625 ], [ 6544030.358106401748955, 8804369.183924479410052 ], [ 6544020.984597935341299, 8804348.38005012832582 ], [ 6543996.82931380905211, 8804341.622203812003136 ], [ 6543929.903529994189739, 8804343.669643752276897 ], [ 6543926.702876573428512, 8804506.041854660958052 ], [ 6543923.27611299790442, 8804601.980228750035167 ], [ 6543923.074438355863094, 8804839.005483375862241 ], [ 6543928.290161420591176, 8804925.77877976000309 ], [ 6543942.916909115388989, 8805004.629348544403911 ], [ 6543976.64878267981112, 8805120.10216380096972 ], [ 6544001.127353558316827, 8805220.430928254500031 ], [ 6544031.211813525296748, 8805348.03662933409214 ], [ 6544051.932835957966745, 8805481.944419100880623 ], [ 6544110.981925373896956, 8805636.26986470259726 ], [ 6544110.093032936565578, 8805719.122763529419899 ], [ 6544070.418741934932768, 8805869.965347798541188 ], [ 6544067.405205168761313, 8805915.114657655358315 ], [ 6544077.504282430745661, 8805937.470955662429333 ], [ 6544090.245623446069658, 8806001.063944876194 ], [ 6544102.796449786052108, 8806180.54662068746984 ], [ 6544105.355984346941113, 8806238.190029313787818 ], [ 6544085.534474136307836, 8806310.298816185444593 ], [ 6544056.826703172177076, 8806381.939475264400244 ], [ 6544029.192950180731714, 8806462.970051478594542 ], [ 6544025.429628715850413, 8806504.584923103451729 ], [ 6544003.314620144665241, 8806548.253307022154331 ], [ 6543985.24559929408133, 8806634.691052746027708 ], [ 6543940.652585381641984, 8806678.557137735188007 ], [ 6543931.798503819853067, 8806712.637330820783973 ], [ 6543918.538720022886992, 8806764.241060893982649 ], [ 6546830.753037298098207, 8808131.874922454357147 ], [ 6548328.786985175684094, 8808572.035015918314457 ], [ 6548888.692646487616003, 8808736.546618700027466 ], [ 6550193.609741946682334, 8809853.787594258785248 ], [ 6550205.294539166614413, 8809784.763442950323224 ], [ 6550224.283618065528572, 8809711.671833308413625 ], [ 6550246.872184285894036, 8809638.201967287808657 ], [ 6550265.762747287750244, 8809565.125911055132747 ], [ 6550285.548670758493245, 8809510.970255495980382 ], [ 6550329.320366878062487, 8809417.520180910825729 ], [ 6550359.661116966046393, 8809351.317951310425997 ], [ 6550371.688836686313152, 8809289.802636038511992 ], [ 6550401.410974651575089, 8809208.463783087208867 ], [ 6550411.074262014590204, 8809177.587819645181298 ], [ 6550446.693724036216736, 8809149.286334540694952 ], [ 6550519.992921087890863, 8809134.343264488503337 ], [ 6550598.042563411407173, 8809145.889365104958415 ], [ 6550661.482339795678854, 8809161.842479947954416 ], [ 6550728.376604188233614, 8809170.206553258001804 ], [ 6550827.785131035372615, 8809165.469451121985912 ], [ 6550886.201027929782867, 8809151.250822748988867 ], [ 6550947.700696349143982, 8809121.603739066049457 ], [ 6551065.719648426398635, 8809039.785820957273245 ], [ 6551141.004630835726857, 8808990.409220499917865 ], [ 6551212.417555288411677, 8808937.511894585564733 ], [ 6551258.33888986799866, 8808889.533384518697858 ], [ 6551271.418284171260893, 8808854.671522112563252 ], [ 6551283.618564363569021, 8808796.851353591307998 ], [ 6551288.857922543771565, 8808750.814257934689522 ], [ 6551287.082950910553336, 8808751.315880499780178 ], [ 6551299.545637111179531, 8808701.123141510412097 ], [ 6551345.526378695853055, 8808656.960923127830029 ], [ 6551384.851243823766708, 8808628.478908440098166 ], [ 6551426.517332041636109, 8808619.11537691950798 ], [ 6551428.546380374580622, 8808618.659328330308199 ], [ 6551443.250919203273952, 8808617.371404001489282 ] ] ] } },
{ "type": "Feature", "properties": { "lv_id": "LOC_031994", "id": 148778.0, "CD_SETOR": "291700305000095", "SITUACAO": "Rural", "CD_SIT": "8", "CD_TIPO": "0", "AREA_KM2": 71.679452789247222, "CD_REGIAO": "2", "NM_REGIAO": "Nordeste", "CD_UF": "29", "NM_UF": "Bahia", "CD_MUN": "2917003", "NM_MUN": "Itiúba", "CD_DIST": "291700305", "NM_DIST": "Itiúba", "CD_SUBDIST": "29170030500", "NM_SUBDIST": null, "CD_BAIRRO": null, "NM_BAIRRO": null, "CD_NU": null, "NM_NU": null, "CD_FCU": null, "NM_FCU": null, "CD_AGLOM": null, "NM_AGLOM": null, "CD_RGINT": "2908", "NM_RGINT": "Juazeiro", "CD_RGI": "290023", "NM_RGI": "Senhor do Bonfim", "CD_CONCURB": null, "NM_CONCURB": null, "mun_code_x": "2917003", "index_right": 7765, "dist_m": 0.0, "local_id": 339747, "ano": 2022, "cod_localidade_ibge": 2917003, "NR_ZONA": "149", "nr_cep": 48850000.0, "nm_localidade": "ITIÚBA", "nm_locvot": "ESCOLA DELMIRA MARIA DE SOUZA", "ds_endereco": "POV. VARZEA DA ROCA - ZONA RURAL", "ds_bairro": "POVOADO VARZEA DA ROCA", "pred_long": -39.8444525, "pred_lat": -10.5700895, "pred_dist": 0.39246794252609601, "tse_long": null, "tse_lat": null, "long": -39.8444525, "lat": -10.5700895, "ID_UNICO": "LOC_031994", "SG_UF": "BA", "CD_MUNICIPIO": "36412", "NR_LOCAL_VOTACAO": "1392", "QT_SECOES_AGREGADAS": 0, "QT_ELEITORES_TRANSFERIDOS": 0, "CIRO GOMES (PDT) (NÃO ELEITO) 1T": 5.0, "CONSTITUINTE EYMAEL (DC) (NÃO ELEITO) 1T": 0.0, "FELIPE D AVILA (NOVO) (NÃO ELEITO) 1T": 0.0, "JAIR BOLSONARO (PL) (2º TURNO) 1T": 11.0, "LULA (PT) (2º TURNO) 1T": 186.0, "LÉO PÉRICLES (UP) (NÃO ELEITO) 1T": 0.0, "PADRE KELMON (PTB) (NÃO ELEITO) 1T": 0.0, "SIMONE TEBET (MDB) (NÃO ELEITO) 1T": 3.0, "SOFIA MANZANO (PCB) (NÃO ELEITO) 1T": 1.0, "SORAYA THRONICKE (UNIÃO) (NÃO ELEITO) 1T": 1.0, "VERA (PSTU) (NÃO ELEITO) 1T": 0.0, "Total_Votos_Validos 1T": 207.0, "Votos_Brancos 1T": 6.0, "Votos_Nulos 1T": 7.0, "Abstenções 1T": 112.0, "Eleitores_Aptos 1T": 332.0, "JAIR BOLSONARO (PL) (NÃO ELEITO) 2T": 12.0, "LULA (PT) (ELEITO) 2T": 196.0, "Total_Votos_Validos 2T": 208.0, "Votos_Brancos 2T": 9.0, "Votos_Nulos 2T": 10.0, "Abstenções 2T": 105.0, "Eleitores_Aptos 2T": 332.0, "mun_code_y": "2917003", "mun_code": "2917003" }, "geometry": { "type": "Polygon", "coordinates": [ [ [ 6550173.013702627271414, 8785530.044595750048757 ], [ 6549790.650951096788049, 8786726.829273087903857 ], [ 6549467.372944730333984, 8786590.438460260629654 ], [ 6549468.976783622987568, 8786684.851403545588255 ], [ 6549458.872356322593987, 8786727.762186378240585 ], [ 6549428.125681160949171, 8786846.936659958213568 ], [ 6549407.510915853083134, 8786953.322317766025662 ], [ 6549400.826116111129522, 8787012.506376624107361 ], [ 6549372.418483959510922, 8787094.597504701465368 ], [ 6549366.279670901596546, 8787166.093092998489738 ], [ 6549364.240582749247551, 8787268.881303440779448 ], [ 6549367.794165143743157, 8787376.909486036747694 ], [ 6549368.033781979233027, 8787441.249642102047801 ], [ 6549413.670716843567789, 8787562.416404882445931 ], [ 6549432.275783034041524, 8787588.953115783631802 ], [ 6549472.443417828530073, 8787707.622411062940955 ], [ 6549522.311606163159013, 8787803.9460423681885 ], [ 6549542.744914971292019, 8787841.356519440189004 ], [ 6549600.12968591041863, 8787926.368630787357688 ], [ 6549616.500665636733174, 8787962.596645360812545 ], [ 6549665.59967128559947, 8788012.391251085326076 ], [ 6549748.550788587890565, 8788100.351992145180702 ], [ 6549848.197982924059033, 8788261.502903364598751 ], [ 6549959.853183187544346, 8788391.982359921559691 ], [ 6549984.31343743763864, 8788459.333592815324664 ], [ 6550011.204538591206074, 8788521.100965529680252 ], [ 6550022.334208096377552, 8788619.196589289233088 ], [ 6550037.057490495964885, 8788737.663053961470723 ], [ 6550014.351109352894127, 8788886.605862079188228 ], [ 6550013.465252194553614, 8788926.359228065237403 ], [ 6549958.362751494161785, 8789039.804297037422657 ], [ 6549950.797887647524476, 8789079.862473146989942 ], [ 6549925.936593931168318, 8789122.078443663194776 ], [ 6549931.312070371583104, 8789240.982746437191963 ], [ 6549937.584140601567924, 8789261.242648398503661 ], [ 6549913.983627749606967, 8789360.923301953822374 ], [ 6549908.169427989982069, 8789380.35521025210619 ], [ 6549885.604222072288394, 8789414.256640279665589 ], [ 6549859.052382807247341, 8789478.463606350123882 ], [ 6549844.288404323160648, 8789536.659629018977284 ], [ 6549849.716437763534486, 8789612.41659134440124 ], [ 6549855.526284452527761, 8789696.627716049551964 ], [ 6549861.196063213050365, 8789822.108501965180039 ], [ 6549765.558982260525227, 8790223.630038330331445 ], [ 6549740.812057800590992, 8790305.551537662744522 ], [ 6549736.175754636526108, 8790402.997230336070061 ], [ 6549688.859878345392644, 8790526.811217062175274 ], [ 6549649.119586570188403, 8790620.70326722972095 ], [ 6549629.814190491102636, 8790685.866159453988075 ], [ 6549602.712694547139108, 8790784.346582936123013 ], [ 6549603.98803164344281, 8790818.42514113523066 ], [ 6549583.532181655988097, 8790924.127539684996009 ], [ 6549514.365924493409693, 8791000.991175351664424 ], [ 6549468.481914382427931, 8791056.133719947189093 ], [ 6549445.14666561409831, 8791091.014149496331811 ], [ 6549406.21416974440217, 8791114.268559534102678 ], [ 6549347.822991613298655, 8791141.065905189141631 ], [ 6549266.342523152008653, 8791170.328631103038788 ], [ 6549215.856553894467652, 8791182.969567200168967 ], [ 6549142.939469676464796, 8791205.137612489983439 ], [ 6549092.154849585145712, 8791236.900711772963405 ], [ 6549074.686874972656369, 8791271.70683747343719 ], [ 6549043.828319317661226, 8791293.292792797088623 ], [ 6548967.540495743975043, 8791287.12143868394196 ], [ 6548936.935213854536414, 8791291.251535940915346 ], [ 6548811.86490327399224, 8791354.204445444047451 ], [ 6548756.460904005914927, 8791389.939158070832491 ], [ 6548704.195877350866795, 8791414.152240879833698 ], [ 6548668.502613474614918, 8791423.997589072212577 ], [ 6548640.61750714853406, 8791426.509835507720709 ], [ 6548611.290220110677183, 8791441.252841234207153 ], [ 6548591.593224613927305, 8791451.418738782405853 ], [ 6548584.464139085263014, 8791455.106643969193101 ], [ 6548563.53470197506249, 8791471.223043035715818 ], [ 6548546.853510700166225, 8791487.05481018871069 ], [ 6548536.963144330307841, 8791505.302320031449199 ], [ 6548525.924268789589405, 8791527.717927165329456 ], [ 6548510.637689042836428, 8791544.842879790812731 ], [ 6548491.252522053197026, 8791552.451946726068854 ], [ 6548460.734100433066487, 8791566.291124008595943 ], [ 6548285.560707544907928, 8791630.037967538461089 ], [ 6548100.342611056752503, 8791681.163224140182137 ], [ 6548031.614259883761406, 8791698.119770331308246 ], [ 6547971.449553713202477, 8791729.610344242304564 ], [ 6547935.261107921600342, 8791753.032543186098337 ], [ 6547875.313042935915291, 8791781.799446171149611 ], [ 6547841.950325992889702, 8791785.278089981526136 ], [ 6547821.735913464799523, 8791793.938842285424471 ], [ 6547716.058509659022093, 8791854.895001381635666 ], [ 6547396.924036637879908, 8791960.979390958324075 ], [ 6547252.794741420075297, 8792035.526164641603827 ], [ 6547124.598306035622954, 8792074.689540220424533 ], [ 6547045.847296169027686, 8792120.394393038004637 ], [ 6546944.115284193307161, 8792207.979881536215544 ], [ 6546863.882685044780374, 8792261.913689848035574 ], [ 6546808.741750601679087, 8792269.025275217369199 ], [ 6546699.396378854289651, 8792226.16943228803575 ], [ 6546638.541819013655186, 8792212.6891786493361 ], [ 6546584.918597612529993, 8792228.452780460938811 ], [ 6546517.726401638239622, 8792281.290939796715975 ], [ 6546462.235678548924625, 8792301.322904247790575 ], [ 6546352.65744212642312, 8792308.546921815723181 ], [ 6546285.387534652836621, 8792325.340077603235841 ], [ 6546215.848425130359828, 8792359.872169744223356 ], [ 6546157.605118768289685, 8792370.588999064639211 ], [ 6545955.458021219819784, 8792354.792555645108223 ], [ 6545975.537676061503589, 8792445.890543883666396 ], [ 6545987.378895835950971, 8792542.333177847787738 ], [ 6545959.87094509229064, 8792600.263357121497393 ], [ 6545949.717319242656231, 8792651.682611418887973 ], [ 6545981.478568645194173, 8792696.855350498110056 ], [ 6546019.603260820731521, 8792713.991466855630279 ], [ 6546099.675166652537882, 8792819.625863313674927 ], [ 6546176.38823483325541, 8792821.329922029748559 ], [ 6546190.796346174553037, 8792870.60838177241385 ], [ 6546209.624139458872378, 8792982.124867482110858 ], [ 6546199.960801761597395, 8793111.465027751401067 ], [ 6546209.673683892004192, 8793200.321485314518213 ], [ 6546285.619981510564685, 8793402.806984031572938 ], [ 6546311.031072260811925, 8793506.067993951961398 ], [ 6546311.445600382983685, 8793564.281315365806222 ], [ 6546281.443883742205799, 8793640.393652629107237 ], [ 6546225.586768011562526, 8793722.307324636727571 ], [ 6546219.738725300878286, 8793752.087608752772212 ], [ 6546232.27055162191391, 8793775.242741698399186 ], [ 6546363.143285686150193, 8793815.179354630410671 ], [ 6546392.295834335498512, 8793851.066952761262655 ], [ 6546387.19264149479568, 8793937.164840584620833 ], [ 6546372.840222463011742, 8793961.505573969334364 ], [ 6546377.186662469990551, 8794005.335966704413295 ], [ 6546417.509734203107655, 8794075.533294742926955 ], [ 6546462.517664371058345, 8794181.736816097050905 ], [ 6546443.834371758624911, 8794290.133972205221653 ], [ 6546434.590215479955077, 8794384.79881970025599 ], [ 6546447.747880773618817, 8794501.407752553001046 ], [ 6546454.058276010677218, 8794566.05724317394197 ], [ 6546449.294399456121027, 8794625.611378379166126 ], [ 6546470.158507607877254, 8794735.281706998124719 ], [ 6546481.428350601345301, 8794796.457365559414029 ], [ 6546502.274998948909342, 8794859.148345960304141 ], [ 6546500.534737251698971, 8794885.778376393020153 ], [ 6546528.822940975427628, 8795000.516216376796365 ], [ 6546530.078063061460853, 8795031.889782480895519 ], [ 6546525.805278122425079, 8795096.061588495969772 ], [ 6546564.838174477219582, 8795191.730310402810574 ], [ 6546574.183271146379411, 8795258.123642956838012 ], [ 6546581.345615645870566, 8795336.17578774318099 ], [ 6546580.491657862439752, 8795421.374371172860265 ], [ 6546599.117751700803638, 8795543.482103215530515 ], [ 6546611.789778439328074, 8795599.806622991338372 ], [ 6546610.400400054641068, 8795645.014599336311221 ], [ 6546596.618232116103172, 8795674.299260951578617 ], [ 6546529.294088366441429, 8795782.607596602290869 ], [ 6546525.818886711262167, 8795855.566805394366384 ], [ 6546509.862829470075667, 8795888.905554939061403 ], [ 6546559.260850525461137, 8796005.903019128367305 ], [ 6546556.285932946950197, 8796056.324148597195745 ], [ 6546593.648582528345287, 8796190.773626269772649 ], [ 6546601.351868662051857, 8796261.892875362187624 ], [ 6546589.572191601619124, 8796410.606497237458825 ], [ 6546574.494881277903914, 8796496.790811106562614 ], [ 6546587.115056473761797, 8796580.831917999312282 ], [ 6546587.394147107377648, 8796628.10740858502686 ], [ 6546599.536390690132976, 8796687.078328043222427 ], [ 6546584.458947848528624, 8796780.125400669872761 ], [ 6546561.454071328043938, 8796834.907229542732239 ], [ 6546550.945761933922768, 8796862.481111031025648 ], [ 6546555.6965710259974, 8796901.744994619861245 ], [ 6546585.505697287619114, 8796940.832460725679994 ], [ 6546605.893121257424355, 8796976.743906272575259 ], [ 6546604.10987891908735, 8797019.575433392077684 ], [ 6546600.423940588720143, 8797043.910698097199202 ], [ 6546632.372760978527367, 8797100.674479223787785 ], [ 6546637.425575599074364, 8797128.593002079054713 ], [ 6546628.01956158131361, 8797161.703080141916871 ], [ 6546649.715555969625711, 8797281.826033387333155 ], [ 6546679.96625012345612, 8797390.184673301875591 ], [ 6546639.361702151596546, 8797462.988071201369166 ], [ 6546603.788724348880351, 8797490.623974910005927 ], [ 6546555.795113163068891, 8797626.427934994921088 ], [ 6546400.48986217752099, 8797773.023514902219176 ], [ 6546358.290047770366073, 8797850.126741245388985 ], [ 6546349.584470464847982, 8797934.630193831399083 ], [ 6546360.386671071872115, 8798143.834988340735435 ], [ 6546325.692146113142371, 8798274.82825754955411 ], [ 6546291.293094516731799, 8798307.926946280524135 ], [ 6546254.631821034476161, 8798369.548030903562903 ], [ 6546194.386618629097939, 8798421.233622863888741 ], [ 6546171.02765453979373, 8798485.353935729712248 ], [ 6546057.27196282427758, 8798550.24096405506134 ], [ 6545988.574560887180269, 8798617.993530770763755 ], [ 6545864.586301472038031, 8798679.727419292554259 ], [ 6545813.081180704757571, 8798676.524936731904745 ], [ 6545674.480536617338657, 8798631.793863488361239 ], [ 6545492.00040915235877, 8798634.802882116287947 ], [ 6545397.315609890036285, 8798537.735942233353853 ], [ 6545348.592444117181003, 8798512.463250750675797 ], [ 6545309.80938492808491, 8798530.368001000955701 ], [ 6545232.506811471655965, 8798639.441807409748435 ], [ 6545185.967589361593127, 8798693.137591723352671 ], [ 6545289.688757376745343, 8798832.066509502008557 ], [ 6545317.589800480753183, 8798915.528705645352602 ], [ 6545316.968232148326933, 8799055.760504091158509 ], [ 6545316.292484080418944, 8799184.994083162397146 ], [ 6545307.022505537606776, 8799276.882825542241335 ], [ 6545261.463561102747917, 8799321.425140280276537 ], [ 6545313.489061155356467, 8799445.339159885421395 ], [ 6545384.385116072371602, 8799539.435658583417535 ], [ 6545441.13935493119061, 8799638.251692194491625 ], [ 6545605.416781334206462, 8799761.046416403725743 ], [ 6545665.052878942340612, 8799759.837490018457174 ], [ 6545789.272033661603928, 8799673.464634293690324 ], [ 6545826.126543373800814, 8799601.099767161533237 ], [ 6545964.665508166886866, 8799568.672668650746346 ], [ 6546027.600662312470376, 8799573.868755409494042 ], [ 6546058.292461555451155, 8799606.534860344603658 ], [ 6546023.27457932010293, 8799671.692752392962575 ], [ 6546132.441363199613988, 8799711.350410975515842 ], [ 6546195.019959023222327, 8799779.148526530712843 ], [ 6546336.218970305286348, 8799757.1911611109972 ], [ 6546500.088461534120142, 8799811.730246821418405 ], [ 6546603.391175055876374, 8799973.109726613387465 ], [ 6546644.36385359801352, 8800167.365690104663372 ], [ 6546789.302316251210868, 8800238.333818200975657 ], [ 6546893.591656913980842, 8800354.138695342466235 ], [ 6547149.043794929049909, 8800388.20975099503994 ], [ 6547368.45510474499315, 8800457.207594066858292 ], [ 6547493.764396333135664, 8800549.811632867902517 ], [ 6547713.565618411637843, 8800561.09367804415524 ], [ 6547917.186213728971779, 8800536.406421294435859 ], [ 6548072.536310920491815, 8800549.547842063009739 ], [ 6548200.301781379617751, 8800547.836603615432978 ], [ 6548408.604310432448983, 8800629.533325556665659 ], [ 6548610.907823219895363, 8800689.531450051814318 ], [ 6548766.604802556335926, 8800704.0352164786309 ], [ 6548885.204190982505679, 8800841.032082928344607 ], [ 6549021.106436956673861, 8800890.633526068180799 ], [ 6549159.00431708805263, 8801016.430524514988065 ], [ 6549516.015689417719841, 8801238.682569280266762 ], [ 6549889.348510460928082, 8801432.36886920966208 ], [ 6550482.018170526251197, 8801411.747247787192464 ], [ 6550760.672154263593256, 8801409.472088277339935 ], [ 6550964.674903756007552, 8801355.52061278000474 ], [ 6551111.480348731391132, 8801364.915014686062932 ], [ 6551300.15667356736958, 8801454.420147333294153 ], [ 6551470.452839277684689, 8801623.568924328312278 ], [ 6551477.986780378967524, 8801569.386947339400649 ], [ 6551465.95756349992007, 8801518.768997924402356 ], [ 6551483.996480908244848, 8801365.927259040996432 ], [ 6551490.727616365998983, 8801279.889354612678289 ], [ 6551464.154079469852149, 8801141.117199068889022 ], [ 6551462.067577427253127, 8801086.708848521113396 ], [ 6551488.228430960327387, 8800857.936489887535572 ], [ 6551531.263610297814012, 8800778.146160021424294 ], [ 6551542.873162867501378, 8800668.01068745367229 ], [ 6551559.46660194452852, 8800512.872709492221475 ], [ 6551609.161019870080054, 8800312.804765537381172 ], [ 6551627.001349857077003, 8800256.410828584805131 ], [ 6551659.528286401182413, 8800161.758369212970138 ], [ 6551709.678324323147535, 8800060.629321413114667 ], [ 6551696.722252760082483, 8799939.07369327545166 ], [ 6551692.378665577620268, 8799757.448071546852589 ], [ 6551697.109624909237027, 8799649.184831000864506 ], [ 6551725.37249094247818, 8799488.122895257547498 ], [ 6551777.647024406120181, 8799321.856349654495716 ], [ 6551849.516132052987814, 8799172.329264298081398 ], [ 6551868.28781439550221, 8799082.812977975234389 ], [ 6551884.305464551784098, 8798607.857593186199665 ], [ 6551899.007135098800063, 8798539.015485648065805 ], [ 6551916.334637017920613, 8798270.054114084690809 ], [ 6551946.642800512723625, 8798030.378010746091604 ], [ 6552018.179048353806138, 8797755.6718620210886 ], [ 6552185.828946530818939, 8797265.332933951169252 ], [ 6552229.121257593855262, 8797208.691644065082073 ], [ 6552242.903197438456118, 8797145.088862858712673 ], [ 6552239.795636247843504, 8797046.015153983607888 ], [ 6552257.803186468780041, 8796928.513616967946291 ], [ 6552281.563852734863758, 8796867.079991420730948 ], [ 6552287.009104063734412, 8796773.068135861307383 ], [ 6552306.42014326620847, 8796659.766966920346022 ], [ 6552294.001077841967344, 8796568.060239238664508 ], [ 6552322.068702716380358, 8796345.742986032739282 ], [ 6552362.197663617320359, 8796147.073638375848532 ], [ 6552402.271454136818647, 8796014.394001744687557 ], [ 6552636.582863070070744, 8795711.635078383609653 ], [ 6552664.640188565477729, 8795659.10317537933588 ], [ 6552691.043300903402269, 8795575.197084065526724 ], [ 6552675.165856126695871, 8795502.883431598544121 ], [ 6552713.966660149395466, 8795327.953655898571014 ], [ 6552747.499037828296423, 8795242.320081131532788 ], [ 6552823.562689667567611, 8795191.537263035774231 ], [ 6552826.317583743482828, 8795153.964478142559528 ], [ 6552806.401182299479842, 8795086.133392108604312 ], [ 6552855.750914341770113, 8794919.536281956359744 ], [ 6552924.728766228072345, 8794852.790984489023685 ], [ 6552978.284428692422807, 8794603.362858651205897 ], [ 6552997.400468353182077, 8794530.698775622993708 ], [ 6553061.966439744457603, 8794378.788871396332979 ], [ 6553131.478787975385785, 8794252.2984828222543 ], [ 6553226.498793798498809, 8794038.266159184277058 ], [ 6553249.637016838416457, 8793867.840177496895194 ], [ 6553253.780795474536717, 8793800.406589929014444 ], [ 6553295.59560869820416, 8793564.940149787813425 ], [ 6553326.80246957950294, 8793530.402899535372853 ], [ 6553478.341336332261562, 8793497.200198672711849 ], [ 6553576.577261447906494, 8793479.836668737232685 ], [ 6553674.098969983868301, 8793446.654565826058388 ], [ 6553765.248466746881604, 8793430.536967130377889 ], [ 6553788.974980471655726, 8793343.404679602012038 ], [ 6553835.582998918369412, 8793209.158717416226864 ], [ 6553882.545488104224205, 8793095.639007894322276 ], [ 6553888.064750093966722, 8793018.470539446920156 ], [ 6553774.661153165623546, 8792914.385966457426548 ], [ 6553758.55729556735605, 8792757.467489048838615 ], [ 6553798.887706529349089, 8792684.390134904533625 ], [ 6553906.798990642651916, 8792619.381780005991459 ], [ 6553858.677796598523855, 8792567.296546345576644 ], [ 6553861.180374039337039, 8792519.162125702947378 ], [ 6553887.726538004353642, 8792448.697181848809123 ], [ 6553944.62216595094651, 8792380.062852270901203 ], [ 6554000.103543367236853, 8792364.006205076351762 ], [ 6554009.692904117517173, 8792323.382297953590751 ], [ 6553997.72877705283463, 8792250.147108603268862 ], [ 6554025.365475090220571, 8792187.112366419285536 ], [ 6554005.863317778334022, 8792116.034445833414793 ], [ 6553983.312065850943327, 8792031.54833634570241 ], [ 6553922.575594071298838, 8791899.850085908547044 ], [ 6553909.321663624607027, 8791649.850433737039566 ], [ 6553958.451989989727736, 8791564.121258534491062 ], [ 6553890.54546482115984, 8791487.545643171295524 ], [ 6553879.667726980522275, 8791414.637697918340564 ], [ 6553767.975187366828322, 8791284.242128688842058 ], [ 6553699.912930989637971, 8790819.716303199529648 ], [ 6553711.363016683608294, 8790502.209857465699315 ], [ 6553720.820732082240283, 8790140.787771958857775 ], [ 6553651.162138028070331, 8789924.660177864134312 ], [ 6553578.547565028071404, 8789877.428667075932026 ], [ 6553509.868107413873076, 8789817.91830469854176 ], [ 6553454.272333570756018, 8789772.064165754243731 ], [ 6553365.952274119481444, 8789723.418721497058868 ], [ 6553242.710437098518014, 8789685.618180312216282 ], [ 6552999.17491951957345, 8789690.605602752417326 ], [ 6552876.828306565061212, 8789692.651929559186101 ], [ 6552721.952445641160011, 8789843.113531118258834 ], [ 6552467.778816904872656, 8789969.351130990311503 ], [ 6552340.109078071080148, 8790004.59204126521945 ], [ 6552301.455630539916456, 8790009.721697369590402 ], [ 6552260.622682053595781, 8789982.897346239537001 ], [ 6552198.391320560127497, 8789926.160199047997594 ], [ 6552165.571958785876632, 8789854.202308785170317 ], [ 6552129.532444220967591, 8789733.348081951960921 ], [ 6552112.572046889923513, 8789626.981974272057414 ], [ 6552111.26479463186115, 8789552.102293698117137 ], [ 6552149.285323366522789, 8789204.596192412078381 ], [ 6552140.042136423289776, 8789127.68452075496316 ], [ 6552142.527639514766634, 8789050.966497892513871 ], [ 6552117.882254924625158, 8788940.881146863102913 ], [ 6552095.886744050309062, 8788843.605629907920957 ], [ 6552077.892689310014248, 8788809.547061176970601 ], [ 6552014.555298360995948, 8788736.374784236773849 ], [ 6551969.346796531230211, 8788599.373367074877024 ], [ 6551934.948738109320402, 8788467.693371135741472 ], [ 6551939.982979497872293, 8788243.672004200518131 ], [ 6551903.128904384560883, 8787973.19616024941206 ], [ 6551826.126288246363401, 8787689.107288166880608 ], [ 6551781.12986296415329, 8787304.100150734186172 ], [ 6551750.969742506742477, 8787224.2133425232023 ], [ 6551708.391146771609783, 8787141.474341666325927 ], [ 6551606.768232551403344, 8786956.351378483697772 ], [ 6551570.432718175463378, 8786869.028433620929718 ], [ 6551551.552816325798631, 8786795.410643968731165 ], [ 6551475.953770689666271, 8786698.471768200397491 ], [ 6551353.020040744915605, 8786543.381015842780471 ], [ 6551304.957065401598811, 8786462.890417039394379 ], [ 6551267.727812614291906, 8786381.470630049705505 ], [ 6551191.31166588421911, 8786229.325598938390613 ], [ 6551141.074686197564006, 8786117.088215662166476 ], [ 6551064.325189578346908, 8785929.840026656165719 ], [ 6550976.669051928445697, 8785751.096857851371169 ], [ 6550951.919385273009539, 8785706.495505042374134 ], [ 6550923.774784421548247, 8785681.696104492992163 ], [ 6550370.473896460607648, 8785564.842461258172989 ], [ 6550173.013702627271414, 8785530.044595750048757 ] ] ] } },
{ "type": "Feature", "properties": { "lv_id": "LOC_031995", "id": 148718.0, "CD_SETOR": "291700305000020", "SITUACAO": "Rural", "CD_SIT": "8", "CD_TIPO": "0", "AREA_KM2": 43.175284522009889, "CD_REGIAO": "2", "NM_REGIAO": "Nordeste", "CD_UF": "29", "NM_UF": "Bahia", "CD_MUN": "2917003", "NM_MUN": "Itiúba", "CD_DIST": "291700305", "NM_DIST": "Itiúba", "CD_SUBDIST": "29170030500", "NM_SUBDIST": null, "CD_BAIRRO": null, "NM_BAIRRO": null, "CD_NU": null, "NM_NU": null, "CD_FCU": null, "NM_FCU": null, "CD_AGLOM": null, "NM_AGLOM": null, "CD_RGINT": "2908", "NM_RGINT": "Juazeiro", "CD_RGI": "290023", "NM_RGI": "Senhor do Bonfim", "CD_CONCURB": null, "NM_CONCURB": null, "mun_code_x": "2917003", "index_right": 7746, "dist_m": 0.0, "local_id": 339728, "ano": 2022, "cod_localidade_ibge": 2917003, "NR_ZONA": "149", "nr_cep": 48850000.0, "nm_localidade": "ITIÚBA", "nm_locvot": "ESCOLA IZALTO TERTULIANO DAMASCENO", "ds_endereco": "POV. ALTO DE SAO GONCALO - ZONA RURAL", "ds_bairro": "POVOADO ALTO DE SAO GONCALO", "pred_long": -39.878167, "pred_lat": -10.899231, "pred_dist": 0.0156289716190838, "tse_long": null, "tse_lat": null, "long": -39.878167, "lat": -10.899231, "ID_UNICO": "LOC_031995", "SG_UF": "BA", "CD_MUNICIPIO": "36412", "NR_LOCAL_VOTACAO": "1406", "QT_SECOES_AGREGADAS": 0, "QT_ELEITORES_TRANSFERIDOS": 2, "CIRO GOMES (PDT) (NÃO ELEITO) 1T": 6.0, "CONSTITUINTE EYMAEL (DC) (NÃO ELEITO) 1T": 0.0, "FELIPE D AVILA (NOVO) (NÃO ELEITO) 1T": 0.0, "JAIR BOLSONARO (PL) (2º TURNO) 1T": 59.0, "LULA (PT) (2º TURNO) 1T": 225.0, "LÉO PÉRICLES (UP) (NÃO ELEITO) 1T": 0.0, "PADRE KELMON (PTB) (NÃO ELEITO) 1T": 0.0, "SIMONE TEBET (MDB) (NÃO ELEITO) 1T": 8.0, "SOFIA MANZANO (PCB) (NÃO ELEITO) 1T": 0.0, "SORAYA THRONICKE (UNIÃO) (NÃO ELEITO) 1T": 5.0, "VERA (PSTU) (NÃO ELEITO) 1T": 0.0, "Total_Votos_Validos 1T": 303.0, "Votos_Brancos 1T": 12.0, "Votos_Nulos 1T": 8.0, "Abstenções 1T": 173.0, "Eleitores_Aptos 1T": 496.0, "JAIR BOLSONARO (PL) (NÃO ELEITO) 2T": 65.0, "LULA (PT) (ELEITO) 2T": 243.0, "Total_Votos_Validos 2T": 308.0, "Votos_Brancos 2T": 9.0, "Votos_Nulos 2T": 9.0, "Abstenções 2T": 170.0, "Eleitores_Aptos 2T": 496.0, "mun_code_y": "2917003", "mun_code": "2917003" }, "geometry": { "type": "Polygon", "coordinates": [ [ [ 6545189.550734771415591, 8765563.705837456509471 ], [ 6545199.390651053749025, 8765525.125930905342102 ], [ 6545237.00216481462121, 8765495.140728898346424 ], [ 6545294.322053181007504, 8765497.40427915006876 ], [ 6545491.515046942979097, 8765397.624429346993566 ], [ 6545661.961899735964835, 8765239.242381263524294 ], [ 6545780.166296323761344, 8765091.687080888077617 ], [ 6545829.948686878196895, 8764801.27757147885859 ], [ 6545807.12018921226263, 8764654.425462068989873 ], [ 6545746.488719168119133, 8764450.856542401015759 ], [ 6545739.889760440215468, 8764418.078448509797454 ], [ 6545742.808732095174491, 8764374.494655372574925 ], [ 6545743.610755661502481, 8764337.473467696458101 ], [ 6545747.099542993120849, 8764276.078046238049865 ], [ 6545745.52614248264581, 8764188.901532446965575 ], [ 6545732.568348693661392, 8764079.373141782358289 ], [ 6545694.48939745593816, 8763952.965728498995304 ], [ 6545774.64857379719615, 8763949.237969469279051 ], [ 6545883.476273938082159, 8763870.219804793596268 ], [ 6545928.545361320488155, 8763802.38648796081543 ], [ 6545912.972916550002992, 8763638.76829694584012 ], [ 6545870.254204666242003, 8763583.227247294038534 ], [ 6545797.357538424432278, 8763570.190015042200685 ], [ 6545760.13960739877075, 8763600.776674596592784 ], [ 6545711.826582696288824, 8763631.685498032718897 ], [ 6545666.830939314328134, 8763526.953958896920085 ], [ 6545637.502410648390651, 8763413.285342823714018 ], [ 6545576.472680637612939, 8763309.300323605537415 ], [ 6545562.787876044400036, 8763186.673061937093735 ], [ 6545501.013282533735037, 8763066.295036673545837 ], [ 6545507.678483601659536, 8762877.247234111651778 ], [ 6545480.903168695047498, 8762804.286595098674297 ], [ 6545461.050728883594275, 8762739.28071591258049 ], [ 6545451.154138480313122, 8762681.541140189394355 ], [ 6545447.274228077381849, 8762620.409165883436799 ], [ 6545445.902197974734008, 8762567.619724668562412 ], [ 6545464.648906647227705, 8762451.714636284857988 ], [ 6545508.968123250640929, 8762367.486788742244244 ], [ 6545542.233649604022503, 8762218.025571478530765 ], [ 6545660.265257350169122, 8761990.670832749456167 ], [ 6545753.808734635822475, 8761893.773507500067353 ], [ 6545783.672777511179447, 8761705.55744575150311 ], [ 6545829.868483387865126, 8761662.316486351191998 ], [ 6545892.475418697111309, 8761626.530582228675485 ], [ 6545883.431439387612045, 8761465.915054513141513 ], [ 6545949.655957086011767, 8761339.459701646119356 ], [ 6545998.396308560855687, 8761162.662753408774734 ], [ 6546027.79952441714704, 8761077.917034858837724 ], [ 6546034.37715956941247, 8761069.378892382606864 ], [ 6546059.83989395480603, 8761036.303281363099813 ], [ 6546092.774801144376397, 8760986.096967335790396 ], [ 6546116.480278014205396, 8760927.063291551545262 ], [ 6546076.037850483320653, 8760681.309110134840012 ], [ 6546068.020776697434485, 8760586.656088203191757 ], [ 6546058.161836415529251, 8760517.763962872326374 ], [ 6546094.711184105835855, 8760446.091314209625125 ], [ 6546086.272988587617874, 8760373.609975475817919 ], [ 6546082.588893169537187, 8760341.96175011433661 ], [ 6546062.439470304176211, 8760262.844252301380038 ], [ 6546060.545381242409348, 8760221.854964511469007 ], [ 6546124.126507298089564, 8760159.648820256814361 ], [ 6546130.843236170709133, 8760004.943129576742649 ], [ 6546067.920291665941477, 8759859.974753333255649 ], [ 6546016.424495039507747, 8759788.431540336459875 ], [ 6545910.711702621541917, 8759760.496498489752412 ], [ 6545866.842513810843229, 8759680.389088628813624 ], [ 6545908.115380132570863, 8759530.55872586928308 ], [ 6545729.892329008318484, 8759497.800481436774135 ], [ 6545732.222829532809556, 8759374.44864746928215 ], [ 6545728.702140388078988, 8759284.8085877019912 ], [ 6545723.125027878209949, 8759177.684446468949318 ], [ 6545772.779135575518012, 8759035.682752842083573 ], [ 6545815.944749313406646, 8758926.863591279834509 ], [ 6545778.951755311340094, 8758821.776384076103568 ], [ 6545652.122608903795481, 8758730.279511574655771 ], [ 6545559.198980951681733, 8758585.554008729755878 ], [ 6545429.063133738003671, 8758550.555116094648838 ], [ 6545395.789518369361758, 8758428.399948505684733 ], [ 6545362.631218830123544, 8758380.424030229449272 ], [ 6545346.31396940536797, 8758324.365107906982303 ], [ 6545447.851114194840193, 8758262.116749621927738 ], [ 6545551.663393322378397, 8758249.046944309026003 ], [ 6545655.126097641885281, 8758057.683961981907487 ], [ 6545720.09860766120255, 8758000.185801781713963 ], [ 6545749.032314536161721, 8758001.558422626927495 ], [ 6545924.258835088461637, 8757796.18918164819479 ], [ 6545957.872002316638827, 8757654.944395983591676 ], [ 6545908.902515650726855, 8757602.805664416402578 ], [ 6545847.779397692531347, 8757513.669202568009496 ], [ 6545823.606229924596846, 8757417.287272471934557 ], [ 6545689.978683090768754, 8757278.721383666619658 ], [ 6545562.931915624067187, 8757184.414489729329944 ], [ 6545416.106925792060792, 8757145.095314467325807 ], [ 6545312.682840026915073, 8757077.13747875764966 ], [ 6545357.068239267915487, 8756990.605423662811518 ], [ 6545363.884655322879553, 8756795.41373891942203 ], [ 6545422.299114284105599, 8756669.450667729601264 ], [ 6545505.897110909223557, 8756566.945893656462431 ], [ 6545602.11565997172147, 8756486.480449091643095 ], [ 6545642.610117134638131, 8756475.693056093528867 ], [ 6545637.891521889716387, 8756465.732857335358858 ], [ 6545633.420176468789577, 8756459.45497584156692 ], [ 6545628.960278166458011, 8756453.18796113692224 ], [ 6545627.691089942120016, 8756451.776634817942977 ], [ 6545623.630109563469887, 8756447.269492160528898 ], [ 6545617.941920923069119, 8756440.945944713428617 ], [ 6545607.774497302249074, 8756433.133257810026407 ], [ 6545604.835555118508637, 8756430.876592233777046 ], [ 6545591.816024509258568, 8756420.791781129315495 ], [ 6545585.416930796578526, 8756416.838681232184172 ], [ 6545579.006391008384526, 8756412.874716863036156 ], [ 6545561.588209750130773, 8756398.788820099085569 ], [ 6545543.644627526402473, 8756391.784636037424207 ], [ 6545527.595900893211365, 8756385.524052361026406 ], [ 6545514.685151370242238, 8756379.675282970070839 ], [ 6545499.79174852091819, 8756374.021890871226788 ], [ 6545482.989274485036731, 8756370.623978627845645 ], [ 6545466.206312226131558, 8756369.300096584483981 ], [ 6545432.937940862029791, 8756370.947891365736723 ], [ 6545418.557711770758033, 8756375.896008748561144 ], [ 6545390.012691956013441, 8756390.205629514530301 ], [ 6545375.631918495520949, 8756395.142336053773761 ], [ 6545361.269208206795156, 8756402.358337871730328 ], [ 6545346.986701868474483, 8756407.290423655882478 ], [ 6545332.717511695809662, 8756414.39941768348217 ], [ 6545318.452530739828944, 8756421.599407315254211 ], [ 6545295.567784383893013, 8756422.738423326984048 ], [ 6545260.205150226131082, 8756426.661495393142104 ], [ 6545222.838102189823985, 8756428.420952189713717 ], [ 6545212.556428803130984, 8756433.256992457434535 ], [ 6545179.499191544950008, 8756439.226843908429146 ], [ 6545165.114145318046212, 8756444.072396339848638 ], [ 6545148.539979750290513, 8756444.893298933282495 ], [ 6545132.067808761261404, 8756450.04167116060853 ], [ 6545117.692236626520753, 8756455.091958915814757 ], [ 6545101.202536277472973, 8756457.972397156059742 ], [ 6545086.821685144677758, 8756462.908903149887919 ], [ 6545072.557150212116539, 8756470.120083209127188 ], [ 6545058.287337508052588, 8756477.217490434646606 ], [ 6545046.114123541861773, 8756484.216820316389203 ], [ 6545041.910517941229045, 8756484.4248355794698 ], [ 6545021.661372831091285, 8756496.156911481171846 ], [ 6545001.507589610293508, 8756509.948005612939596 ], [ 6544983.549986066296697, 8756525.791063791140914 ], [ 6544979.568455390632153, 8756530.32090125232935 ], [ 6544969.808729329146445, 8756543.591608688235283 ], [ 6544962.146911206655204, 8756558.918898088857532 ], [ 6544956.581689245998859, 8756574.1481250859797 ], [ 6544953.331336139701307, 8756591.62900522723794 ], [ 6544946.404444094747305, 8756621.879443595185876 ], [ 6544945.153821777552366, 8756639.061582358554006 ], [ 6544939.686810036189854, 8756654.286184186115861 ], [ 6544934.120978444814682, 8756669.503998769447207 ], [ 6544926.364204660058022, 8756682.7835578545928 ], [ 6544918.705697035416961, 8756696.058511951938272 ], [ 6544906.627151061780751, 8756705.105324918404222 ], [ 6544892.460690621286631, 8756712.311663309112191 ], [ 6544882.280370912514627, 8756719.103589165955782 ], [ 6544878.187752410769463, 8756721.47245891392231 ], [ 6544864.020748268812895, 8756728.66739434376359 ], [ 6544851.947433698922396, 8756737.827915409579873 ], [ 6544838.092049138620496, 8756749.625463983044028 ], [ 6544835.996953160502017, 8756751.410700354725122 ], [ 6544828.434994954615831, 8756768.899243177846074 ], [ 6544825.080120136961341, 8756784.127579210326076 ], [ 6544823.719594805501401, 8756801.303357252851129 ], [ 6544825.399769374169409, 8756835.460535664111376 ], [ 6544829.247189838439226, 8756848.357043785974383 ], [ 6544830.426851323805749, 8756852.326272202655673 ], [ 6544835.162025436758995, 8756867.142168225720525 ], [ 6544840.089013563469052, 8756881.846496243029833 ], [ 6544840.93425865098834, 8756898.919153586030006 ], [ 6544839.578926147893071, 8756916.208694357424974 ], [ 6544832.017964016646147, 8756929.467549536377192 ], [ 6544824.245295780710876, 8756942.645088031888008 ], [ 6544809.979846878908575, 8756949.844465933740139 ], [ 6544783.101767377927899, 8756953.141644926741719 ], [ 6544761.228967696428299, 8756952.271653151139617 ], [ 6544720.454800015315413, 8756954.200488276779652 ], [ 6544706.24315520375967, 8756958.30775304697454 ], [ 6544699.879811003804207, 8756965.525280848145485 ], [ 6544698.081766063347459, 8756967.581607488915324 ], [ 6544690.942540880292654, 8756985.460613934323192 ], [ 6544689.79159315302968, 8757004.803968755528331 ], [ 6544699.551777361892164, 8757034.319533694535494 ], [ 6544708.474832662381232, 8757048.825646294280887 ], [ 6544711.521346213296056, 8757068.064019935205579 ], [ 6544716.448192527517676, 8757082.768332002684474 ], [ 6544718.033826137892902, 8757117.020992085337639 ], [ 6544714.675166293978691, 8757134.301454626023769 ], [ 6544705.959957125596702, 8757168.967138780280948 ], [ 6544692.528912810608745, 8757193.250778779387474 ], [ 6544688.647194520570338, 8757199.941844120621681 ], [ 6544680.982944374904037, 8757213.102723574265838 ], [ 6544673.319208108820021, 8757226.274969698861241 ], [ 6544665.566129539161921, 8757239.645188612863421 ], [ 6544662.096913849934936, 8757254.776076462119818 ], [ 6544658.836399229243398, 8757272.051886897534132 ], [ 6544659.82045572437346, 8757293.313295960426331 ], [ 6544660.421727646142244, 8757306.304483937099576 ], [ 6544659.370540960691869, 8757327.809205010533333 ], [ 6544664.301989494822919, 8757342.615923374891281 ], [ 6544673.129638998769224, 8757355.063100341707468 ], [ 6544682.05083167552948, 8757367.403308276087046 ], [ 6544688.980656537227333, 8757382.116662422195077 ], [ 6544693.818551264703274, 8757397.030377618968487 ], [ 6544696.749135287478566, 8757414.005496332421899 ], [ 6544695.486901032738388, 8757431.187933940440416 ], [ 6544698.434342933818698, 8757450.419555118307471 ], [ 6544702.114407232031226, 8757482.408240187913179 ], [ 6544703.478147318586707, 8757512.35047528333962 ], [ 6544706.41906251385808, 8757529.313724745064974 ], [ 6544706.519082928076386, 8757531.475134987384081 ], [ 6544709.366970961913466, 8757548.556738436222076 ], [ 6544714.200062558986247, 8757563.368108201771975 ], [ 6544716.036301985383034, 8757568.993937432765961 ], [ 6544719.017491849139333, 8757578.077610105276108 ], [ 6544724.893596345558763, 8757612.118411332368851 ], [ 6544725.645291265100241, 8757629.30936486274004 ], [ 6544717.987202704884112, 8757644.738530620932579 ], [ 6544706.233338708989322, 8757658.215749353170395 ], [ 6544698.668762330897152, 8757673.537917543202639 ], [ 6544697.411080471239984, 8757690.82272450812161 ], [ 6544698.146526157855988, 8757707.900414263829589 ], [ 6544701.192065488547087, 8757727.1274732965976 ], [ 6544704.875250481069088, 8757763.448198188096285 ], [ 6544704.032891222275794, 8757787.109242463484406 ], [ 6544704.78393436409533, 8757804.288810554891825 ], [ 6544701.313814780674875, 8757819.408271035179496 ], [ 6544697.959334705024958, 8757836.791010044515133 ], [ 6544696.807711843401194, 8757856.134325068444014 ], [ 6544705.524958034977317, 8757907.359686017036438 ], [ 6544707.426566734910011, 8757947.993197590112686 ], [ 6544704.067252731882036, 8757965.273541277274489 ], [ 6544698.510314667597413, 8757980.707047609612346 ], [ 6544690.846013460308313, 8757993.879082378000021 ], [ 6544675.724443024024367, 8758004.116070661693811 ], [ 6544663.187065476551652, 8758009.888796055689454 ], [ 6544647.357000278308988, 8758015.929292432963848 ], [ 6544628.928938109427691, 8758022.113906465470791 ], [ 6544610.553882584907115, 8758029.208057820796967 ], [ 6544588.767458722926676, 8758036.370298132300377 ], [ 6544570.654172615148127, 8758046.758290199562907 ], [ 6544542.215694593265653, 8758061.059931095689535 ], [ 6544523.628817867487669, 8758064.048355029895902 ], [ 6544506.942929192446172, 8758062.707070467993617 ], [ 6544482.053847506642342, 8758063.83509723097086 ], [ 6544467.683376763947308, 8758068.781256418675184 ], [ 6544453.499697498045862, 8758075.873341692611575 ], [ 6544439.232233947142959, 8758080.91727064922452 ], [ 6544425.05472650192678, 8758087.906439680606127 ], [ 6544412.886780941858888, 8758097.173025140538812 ], [ 6544401.016796955838799, 8758108.386535223573446 ], [ 6544389.374420626088977, 8758126.178768113255501 ], [ 6544382.300997966900468, 8758135.093443213030696 ], [ 6544370.064795226790011, 8758147.144830502569675 ], [ 6544358.18783494271338, 8758156.07855618186295 ], [ 6544346.642980477772653, 8758163.674333658069372 ], [ 6544332.733016710728407, 8758176.214231295511127 ], [ 6544326.14291805960238, 8758180.671597575768828 ], [ 6544322.852802001871169, 8758182.88864884711802 ], [ 6544315.365774355828762, 8758187.593088833615184 ], [ 6544307.522350531071424, 8758190.980334419757128 ], [ 6544296.577529557980597, 8758194.512366984039545 ], [ 6544280.509732321836054, 8758197.781949492171407 ], [ 6544266.23691170848906, 8758202.711958479136229 ], [ 6544220.667623399756849, 8758204.873502867296338 ], [ 6544205.97374392580241, 8758201.170376662164927 ], [ 6544191.167561056092381, 8758195.511657807976007 ], [ 6544178.250416084192693, 8758187.393515180796385 ], [ 6544163.455161673948169, 8758181.734288893640041 ], [ 6544148.642608844675124, 8758173.807235337793827 ], [ 6544133.842629189603031, 8758168.045630384236574 ], [ 6544119.031733131036162, 8758162.284535653889179 ], [ 6544104.337878847494721, 8758158.581406539306045 ], [ 6544087.543297335505486, 8758157.256370488554239 ], [ 6544077.035640168003738, 8758153.437622064724565 ], [ 6544053.734814645722508, 8758145.838413678109646 ], [ 6544028.321621760725975, 8758134.210964357480407 ], [ 6544011.518509519286454, 8758128.440265718847513 ], [ 6543996.718565154820681, 8758122.678660485893488 ], [ 6543984.01698037609458, 8758118.985125496983528 ], [ 6543971.202383562922478, 8758110.953426484018564 ], [ 6543958.177544049918652, 8758098.610908504575491 ], [ 6543945.363480878993869, 8758090.590593457221985 ], [ 6543930.470006823539734, 8758084.935964403674006 ], [ 6543913.668567949905992, 8758081.331211237236857 ], [ 6543898.963842755183578, 8758077.62858322635293 ], [ 6543882.278513255529106, 8758076.298417825251818 ], [ 6543871.28637685533613, 8758074.782300230115652 ], [ 6543859.265902251005173, 8758072.801178857684135 ], [ 6543849.162866518832743, 8758068.974946489557624 ], [ 6543838.183298049494624, 8758061.575814636424184 ], [ 6543828.827957468107343, 8758054.511272000148892 ], [ 6543818.797907664440572, 8758048.002627504989505 ], [ 6543810.985990941524506, 8758041.8920495249331 ], [ 6543803.320215904153883, 8758036.812054663896561 ], [ 6543799.4951556250453, 8758034.322992511093616 ], [ 6543785.51921695843339, 8758026.972537195309997 ], [ 6543773.780869885347784, 8758020.441040877252817 ], [ 6543765.300095492973924, 8758017.143295848742127 ], [ 6543748.597510613501072, 8758013.545320453122258 ], [ 6543731.906959521584213, 8758012.101380355656147 ], [ 6543715.321586894802749, 8758012.932523744180799 ], [ 6543700.937972328625619, 8758015.701487869024277 ], [ 6543688.5527786873281, 8758018.377167053520679 ], [ 6543685.463652580976486, 8758018.076752856373787 ], [ 6543673.952748186886311, 8758016.938225869089365 ], [ 6543648.85658454336226, 8758011.691392915323377 ], [ 6543644.563785025849938, 8758009.737162878736854 ], [ 6543600.552799167111516, 8757998.726974569261074 ], [ 6543577.243812778964639, 8757989.053337853401899 ], [ 6543560.236970238387585, 8757981.240150775760412 ], [ 6543547.423014466650784, 8757973.219872757792473 ], [ 6543536.400947575457394, 8757960.87519739754498 ], [ 6543527.575322540476918, 8757948.222815677523613 ], [ 6543516.553259002044797, 8757935.878153586760163 ], [ 6543503.744049564935267, 8757927.960273146629333 ], [ 6543489.039420828223228, 8757924.257623288780451 ], [ 6543483.889751307666302, 8757921.522601287811995 ], [ 6543474.128786686807871, 8757916.335227884352207 ], [ 6543465.630581833422184, 8757912.422705790027976 ], [ 6543448.096728203818202, 8757893.91826188005507 ], [ 6543443.358993569388986, 8757881.15492682158947 ], [ 6543438.15585486870259, 8757869.45070611871779 ], [ 6543434.017416324466467, 8757860.181967556476593 ], [ 6543427.088324857875705, 8757845.46894596144557 ], [ 6543424.153896210715175, 8757828.392105724662542 ], [ 6543423.403514033183455, 8757811.213327076286077 ], [ 6543416.47440873645246, 8757796.500321500003338 ], [ 6543401.67464532982558, 8757790.738788619637489 ], [ 6543385.083021435886621, 8757789.301637642085552 ], [ 6543368.398955626413226, 8757790.125965369865298 ], [ 6543357.196287060156465, 8757795.653375074267387 ], [ 6543354.211056984961033, 8757797.126489361748099 ], [ 6543339.938366632908583, 8757802.056188102811575 ], [ 6543323.237539214082062, 8757800.624102860689163 ], [ 6543308.537702525034547, 8757797.023853324353695 ], [ 6543293.947071417234838, 8757793.418505162000656 ], [ 6543281.127935549244285, 8757785.284550655633211 ], [ 6543280.151984060183167, 8757784.532114135101438 ], [ 6543268.109682690352201, 8757775.210526663810015 ], [ 6543251.308437535539269, 8757771.605756277218461 ], [ 6543244.527491543442011, 8757775.011580215767026 ], [ 6543237.136182741262019, 8757778.708082770928741 ], [ 6543231.152542688883841, 8757785.394026968628168 ], [ 6543219.239287130534649, 8757799.698163609951735 ], [ 6543212.014890464022756, 8757807.479380575940013 ], [ 6543202.916203900240362, 8757814.014289608225226 ], [ 6543192.901502773165703, 8757818.015593193471432 ], [ 6543185.321495505049825, 8757818.813931800425053 ], [ 6543179.767604308202863, 8757817.750750061124563 ], [ 6543174.029930032789707, 8757813.185018623247743 ], [ 6543167.664745528250933, 8757803.80367611721158 ], [ 6543161.510808223858476, 8757798.755785010755062 ], [ 6543156.917054580524564, 8757792.894099779427052 ], [ 6543143.997123134322464, 8757782.815488509833813 ], [ 6543129.194299684837461, 8757779.117411827668548 ], [ 6543112.607430656440556, 8757777.782538197934628 ], [ 6543096.222904710099101, 8757782.719465676695108 ], [ 6543082.054819197393954, 8757789.912688100710511 ], [ 6543067.877788024023175, 8757796.912519514560699 ], [ 6543053.704955418594182, 8757804.003339551389217 ], [ 6543039.421829010359943, 8757808.944749632850289 ], [ 6543025.144360674545169, 8757813.771887810900807 ], [ 6543008.752004532143474, 8757816.645759250968695 ], [ 6542988.285911921411753, 8757823.961791969835758 ], [ 6542969.696967706084251, 8757824.772196460515261 ], [ 6542955.413818099536002, 8757829.713547984138131 ], [ 6542936.833186182193458, 8757832.598280509933829 ], [ 6542908.277258990332484, 8757842.469042697921395 ], [ 6542893.900013753212988, 8757847.505936704576015 ], [ 6542879.715123377740383, 8757852.442647561430931 ], [ 6542865.537485910579562, 8757859.430941497907043 ], [ 6542851.365097586065531, 8757866.532973608002067 ], [ 6542837.298239009454846, 8757875.681998858228326 ], [ 6542825.432670107111335, 8757886.996827850118279 ], [ 6542811.256586252711713, 8757896.150918619707227 ], [ 6542797.184030774980783, 8757905.414159767329693 ], [ 6542783.006341493688524, 8757912.402372986078262 ], [ 6542768.734035242348909, 8757917.343062851577997 ], [ 6542752.24331921339035, 8757920.2213164716959 ], [ 6542729.878531891852617, 8757929.791547002270818 ], [ 6542713.867307941429317, 8757933.81015732139349 ], [ 6542709.399263740517199, 8757934.930557897314429 ], [ 6542693.24087140057236, 8757944.29100607521832 ], [ 6542677.272194903343916, 8757957.757818982005119 ], [ 6542663.416378068737686, 8757971.240043584257364 ], [ 6542658.383728981018066, 8757995.197225987911224 ], [ 6542665.31242545042187, 8758009.910008452832699 ], [ 6542670.260714800097048, 8758016.815297566354275 ], [ 6542674.237449590116739, 8758022.35236519575119 ], [ 6542681.072589362040162, 8758037.172119811177254 ], [ 6542684.005995368584991, 8758054.237194076180458 ], [ 6542680.546263019554317, 8758069.366165846586227 ], [ 6542668.564469716511667, 8758078.406298348680139 ], [ 6542654.2920475397259, 8758083.346835328266025 ], [ 6542637.910429250448942, 8758086.219831012189388 ], [ 6542625.933868317864835, 8758095.373678026720881 ], [ 6542613.771651488728821, 8758104.536171782761812 ], [ 6542604.257161397486925, 8758115.342084603384137 ], [ 6542602.000940193422139, 8758117.909607937559485 ], [ 6542592.337321388535202, 8758131.173354793339968 ], [ 6542582.580133814364672, 8758144.544048247858882 ], [ 6542581.735417081043124, 8758168.191791800782084 ], [ 6542586.473742756061256, 8758183.10933361761272 ], [ 6542595.59681280516088, 8758197.708393817767501 ], [ 6542602.537872640416026, 8758214.58652751147747 ], [ 6542616.297876706346869, 8758239.776083666831255 ], [ 6542623.549332768656313, 8758263.137480041012168 ], [ 6542624.596952568739653, 8758284.633692594245076 ], [ 6542619.138592740520835, 8758299.855788988992572 ], [ 6542613.684947412461042, 8758315.180253328755498 ], [ 6542606.008170610293746, 8758328.33987938426435 ], [ 6542602.650699846446514, 8758343.555179739370942 ], [ 6542597.103457970544696, 8758358.986581144854426 ], [ 6542593.84310850687325, 8758378.437952302396297 ], [ 6542596.787190645933151, 8758395.502503065392375 ], [ 6542603.720436891540885, 8758410.317737992852926 ], [ 6542608.090489676222205, 8758431.955400712788105 ], [ 6542608.603816700167954, 8758434.302560271695256 ], [ 6542614.791864862665534, 8758450.281106024980545 ], [ 6542622.18095345236361, 8758470.227680180221796 ], [ 6542623.78837110940367, 8758482.521189671009779 ], [ 6542625.152349107898772, 8758510.397769689559937 ], [ 6542622.955985438078642, 8758528.955967044457793 ], [ 6542620.437133867293596, 8758542.900999864563346 ], [ 6542607.74144334718585, 8758559.714403953403234 ], [ 6542602.906599190086126, 8758565.217784255743027 ], [ 6542589.26017983071506, 8758583.010241843760014 ], [ 6542577.493244213983417, 8758596.47444605641067 ], [ 6542565.63794226385653, 8758607.788253363221884 ], [ 6542553.459695167839527, 8758616.848607981577516 ], [ 6542539.389208750799298, 8758624.036456940695643 ], [ 6542525.211500969715416, 8758631.035500474274158 ], [ 6542510.927276760339737, 8758635.964796971529722 ], [ 6542502.75184047408402, 8758640.700503576546907 ], [ 6542494.768244359642267, 8758645.324667414650321 ], [ 6542472.291938072070479, 8758652.733317077159882 ], [ 6542457.437155582010746, 8758662.134943198412657 ], [ 6542444.192180164158344, 8758669.899792091920972 ], [ 6542426.377283561974764, 8758680.374120067805052 ], [ 6542417.056033226661384, 8758688.263826610520482 ], [ 6542415.926191572099924, 8758689.866810938343406 ], [ 6542396.749057553708553, 8758692.880995139479637 ], [ 6542379.170250309631228, 8758699.935843657702208 ], [ 6542362.579268737696111, 8758700.652172764763236 ], [ 6542356.152867365628481, 8758744.223750252276659 ], [ 6542346.85188236925751, 8758847.149009022861719 ], [ 6542341.292866224423051, 8758924.456405159085989 ], [ 6542304.84390486124903, 8758940.472553435713053 ], [ 6542219.678901581093669, 8758927.718350313603878 ], [ 6542178.114415849559009, 8758974.226390285417438 ], [ 6542071.179562481120229, 8758995.817567806690931 ], [ 6542005.197740288451314, 8759009.584146464243531 ], [ 6541958.456628474406898, 8759043.531287722289562 ], [ 6541949.547754395753145, 8759092.860243234783411 ], [ 6541922.631253358907998, 8759156.091438811272383 ], [ 6541909.771815900690854, 8759196.655930526554585 ], [ 6541901.470793653279543, 8759222.873091537505388 ], [ 6541907.571867392398417, 8759254.062017820775509 ], [ 6541941.838388065807521, 8759289.650108216330409 ], [ 6541968.135254064574838, 8759334.204441241919994 ], [ 6542004.242952698841691, 8759348.732365069910884 ], [ 6542032.961146581918001, 8759384.328248083591461 ], [ 6542045.775427684187889, 8759400.191896066069603 ], [ 6542049.695152358151972, 8759444.8310856372118 ], [ 6542053.175642041489482, 8759479.949588634073734 ], [ 6542062.342114366590977, 8759496.689922848716378 ], [ 6542081.34633151628077, 8759504.388482209295034 ], [ 6542089.792933880351484, 8759525.927242854610085 ], [ 6542077.653057367540896, 8759545.563530117273331 ], [ 6542063.865515231154859, 8759570.052800768986344 ], [ 6542035.907696353271604, 8759570.397222433239222 ], [ 6542019.050209460780025, 8759590.971263870596886 ], [ 6541995.303298346698284, 8759619.970907881855965 ], [ 6541990.46871699206531, 8759636.405683003365993 ], [ 6541982.838370058685541, 8759652.970631495118141 ], [ 6541956.076432167552412, 8759679.009960073977709 ], [ 6541956.278172270394862, 8759703.793775489553809 ], [ 6541968.591194565407932, 8759728.013688335195184 ], [ 6541961.977160199545324, 8759746.446331 ], [ 6541966.152171026915312, 8759754.390959085896611 ], [ 6541973.21930053178221, 8759767.854929238557816 ], [ 6541982.648412689566612, 8759790.294085334986448 ], [ 6541980.90590607188642, 8759813.264775257557631 ], [ 6541962.28988978639245, 8759834.159832265228033 ], [ 6541934.650131784379482, 8759841.168995324522257 ], [ 6541922.908189125359058, 8759852.829816665500402 ], [ 6541911.469304994679987, 8759864.180137153714895 ], [ 6541907.833946492522955, 8759879.806622935459018 ], [ 6541898.244484947063029, 8759921.061976799741387 ], [ 6541898.439096434041858, 8759965.874353097751737 ], [ 6541905.899191148579121, 8760026.558120740577579 ], [ 6541915.854596919380128, 8760060.417564248666167 ], [ 6541926.336981730535626, 8760105.708648206666112 ], [ 6541927.959915399551392, 8760140.913486378267407 ], [ 6541913.600958611816168, 8760153.026536408811808 ], [ 6541901.105576030910015, 8760145.024545161053538 ], [ 6541891.800827268511057, 8760145.457607578486204 ], [ 6541881.918575298041105, 8760153.543564349412918 ], [ 6541885.003684988245368, 8760180.108146391808987 ], [ 6541890.357621390372515, 8760195.11101314984262 ], [ 6541873.038079156540334, 8760203.543075501918793 ], [ 6541872.767804241739213, 8760217.861556915566325 ], [ 6541879.671583190560341, 8760226.123807748779655 ], [ 6541883.290114466100931, 8760244.080023055896163 ], [ 6541870.352615647017956, 8760266.614018563181162 ], [ 6541860.952625500969589, 8760285.164661556482315 ], [ 6541865.586960280314088, 8760304.977254020050168 ], [ 6541897.200239839963615, 8760343.562668500468135 ], [ 6541895.460358208045363, 8760386.549964657053351 ], [ 6541855.123608967289329, 8760421.803523451089859 ], [ 6541862.187914483249187, 8760473.922146443277597 ], [ 6541852.316611566580832, 8760543.049673851579428 ], [ 6541848.386868704110384, 8760619.515319485217333 ], [ 6541849.38785957172513, 8760661.428853221237659 ], [ 6541872.850830511189997, 8760685.130398845300078 ], [ 6541878.81879154779017, 8760713.464544715359807 ], [ 6541875.481809758581221, 8760742.23155409283936 ], [ 6541873.116596600040793, 8760771.899475993588567 ], [ 6541876.387065858580172, 8760802.262765260413289 ], [ 6541867.951309432275593, 8760841.754101967439055 ], [ 6541851.181858735159039, 8760848.359059514477849 ], [ 6541840.47507234569639, 8760852.573175206780434 ], [ 6541830.146165537647903, 8760871.166758388280869 ], [ 6541822.741847425699234, 8760872.468672348186374 ], [ 6541812.149861020967364, 8760885.352126574143767 ], [ 6541816.217465543188155, 8760912.828510783612728 ], [ 6541803.6627113269642, 8760943.927760681137443 ], [ 6541776.763588732108474, 8760947.082436740398407 ], [ 6541761.833791675977409, 8760946.81926478818059 ], [ 6541754.79089967161417, 8760955.730298591777682 ], [ 6541757.436599379405379, 8760972.774232421070337 ], [ 6541768.681586463004351, 8760989.509444350376725 ], [ 6541775.450123410671949, 8760999.590611174702644 ], [ 6541766.857600016519427, 8761015.253550726920366 ], [ 6541755.151248522102833, 8761024.381438152864575 ], [ 6541743.469374757260084, 8761022.872864041477442 ], [ 6541727.955956466495991, 8761020.869924932718277 ], [ 6541719.842275379225612, 8761026.969555854797363 ], [ 6541715.64988723769784, 8761048.34392162784934 ], [ 6541713.796393659897149, 8761057.765921676531434 ], [ 6541716.269583255052567, 8761091.027286095544696 ], [ 6541712.187052988447249, 8761103.61927237175405 ], [ 6541695.258141453377903, 8761100.58778852969408 ], [ 6541683.330331831239164, 8761086.848054453730583 ], [ 6541674.580355214886367, 8761076.756431750953197 ], [ 6541660.754320008680224, 8761080.260489843785763 ], [ 6541657.873994362540543, 8761098.518846245482564 ], [ 6541647.709304556250572, 8761120.923170879483223 ], [ 6541625.552987633273005, 8761145.788670029491186 ], [ 6541609.369468593038619, 8761158.943228891119361 ], [ 6541609.273489867337048, 8761177.060678401961923 ], [ 6541621.714452433399856, 8761184.119566747918725 ], [ 6541642.944952845573425, 8761179.313798278570175 ], [ 6541654.194119589403272, 8761180.694399243220687 ], [ 6541655.560879398137331, 8761190.171818166971207 ], [ 6541642.523640067316592, 8761210.806022675707936 ], [ 6541633.744480293244123, 8761222.658788688480854 ], [ 6541626.254967821761966, 8761242.077510058879852 ], [ 6541635.804021455347538, 8761267.383880177512765 ], [ 6541650.919816739857197, 8761271.445903204381466 ], [ 6541654.230663397349417, 8761282.736573599278927 ], [ 6541650.103995753452182, 8761294.373023457825184 ], [ 6541632.063166340813041, 8761307.602455506101251 ], [ 6541609.099271729588509, 8761335.377846708521247 ], [ 6541610.783275002613664, 8761351.508911296725273 ], [ 6541631.592379437759519, 8761378.195489095523953 ], [ 6541642.746004574000835, 8761397.705019382759929 ], [ 6541639.145078873261809, 8761420.761589074507356 ], [ 6541622.873309982009232, 8761432.005054354667664 ], [ 6541625.222693936899304, 8761442.382909543812275 ], [ 6541643.245708599686623, 8761464.18351311981678 ], [ 6541654.835984935984015, 8761478.201266085729003 ], [ 6541640.303505633026361, 8761483.481981292366982 ], [ 6541633.747610678896308, 8761485.86133586242795 ], [ 6541630.680591482669115, 8761500.309626828879118 ], [ 6541635.501676118001342, 8761514.927012421190739 ], [ 6541637.181065495125949, 8761520.024091519415379 ], [ 6541643.474084512330592, 8761534.994827955961227 ], [ 6541652.620360393077135, 8761571.764610774815083 ], [ 6541640.204141629859805, 8761585.689931530505419 ], [ 6541621.804379653185606, 8761611.33791434019804 ], [ 6541621.568837681785226, 8761646.640097320079803 ], [ 6541630.637914763763547, 8761681.498443210497499 ], [ 6541635.052351403050125, 8761696.556517336517572 ], [ 6541644.795273808762431, 8761705.633266542106867 ], [ 6541659.549984520301223, 8761702.086392890661955 ], [ 6541671.607651462778449, 8761700.579888680949807 ], [ 6541679.351566125638783, 8761706.888398615643382 ], [ 6541672.83392071351409, 8761727.219350138679147 ], [ 6541659.043112686835229, 8761751.706962579861283 ], [ 6541635.070596008561552, 8761757.585814468562603 ], [ 6541620.295216299593449, 8761780.420666985213757 ], [ 6541601.994755535386503, 8761808.708416428416967 ], [ 6541595.019342802464962, 8761839.547579556703568 ], [ 6541588.386067800223827, 8761898.036091977730393 ], [ 6541593.177434555254877, 8761916.530545646324754 ], [ 6541604.262310406193137, 8761959.285941652953625 ], [ 6541591.171516155824065, 8761998.992605339735746 ], [ 6541561.992316359654069, 8762033.724418457597494 ], [ 6541539.245868610218167, 8762066.253655306994915 ], [ 6541475.61506942845881, 8762169.337698418647051 ], [ 6541468.9123281147331, 8762199.217791613191366 ], [ 6541478.917950040660799, 8762234.465772910043597 ], [ 6541480.418497207574546, 8762256.851904893293977 ], [ 6541464.352857071906328, 8762262.362870601937175 ], [ 6541424.215019326657057, 8762261.366063797846437 ], [ 6541385.737853911705315, 8762266.014311894774437 ], [ 6541364.170066300779581, 8762293.723541477695107 ], [ 6541340.415716298855841, 8762304.356213906779885 ], [ 6541309.213202500715852, 8762315.346157986670732 ], [ 6541286.431115955114365, 8762326.891100538894534 ], [ 6541274.025512005202472, 8762340.826625840738416 ], [ 6541255.414747280068696, 8762341.69090249761939 ], [ 6541230.513876963406801, 8762338.344751697033644 ], [ 6541213.189997193403542, 8762336.014581939205527 ], [ 6541195.781142088584602, 8762342.545199658721685 ], [ 6541177.608261410146952, 8762352.929865458980203 ], [ 6541159.838477585464716, 8762351.851438235491514 ], [ 6541145.584755810908973, 8762345.833656460046768 ], [ 6541127.858398180454969, 8762345.699299357831478 ], [ 6541103.535277470014989, 8762343.967666190117598 ], [ 6541078.099860389716923, 8762358.508048888295889 ], [ 6541062.746160731650889, 8762389.735329458490014 ], [ 6541058.959319266490638, 8762429.008738115429878 ], [ 6541072.11107287555933, 8762451.286715760827065 ], [ 6541072.659414643421769, 8762483.679202567785978 ], [ 6541075.267852213233709, 8762514.220641076564789 ], [ 6541078.737566071562469, 8762554.923947867006063 ], [ 6541058.808726407587528, 8762608.294607305899262 ], [ 6541051.711869986727834, 8762636.288717035204172 ], [ 6541043.456034591421485, 8762659.549156334251165 ], [ 6541020.761340449564159, 8762673.004432488232851 ], [ 6541020.620560107752681, 8762690.177389787510037 ], [ 6541015.695763275027275, 8762704.711343485862017 ], [ 6540992.213454300537705, 8762701.036704348400235 ], [ 6540978.386483178474009, 8762704.539587805047631 ], [ 6540976.301077988930047, 8762719.887802924960852 ], [ 6540969.149161853827536, 8762746.926838709041476 ], [ 6540956.065740306861699, 8762766.604063464328647 ], [ 6540947.416473813354969, 8762781.310822166502476 ], [ 6540936.910457599908113, 8762796.103745609521866 ], [ 6540915.678571830503643, 8762800.907713741064072 ], [ 6540913.636995702981949, 8762817.2113285548985 ], [ 6540918.10490526072681, 8762833.21283002756536 ], [ 6540920.48659498617053, 8762844.546527057886124 ], [ 6540900.28127477504313, 8762851.206371426582336 ], [ 6540853.622395534068346, 8762850.510709503665566 ], [ 6540830.369494547136128, 8762851.589829945936799 ], [ 6540812.774115167558193, 8762854.309950068593025 ], [ 6540804.562306884676218, 8762878.536879483610392 ], [ 6540810.046334596350789, 8762896.406144766137004 ], [ 6540813.083547683432698, 8762922.003217797726393 ], [ 6540799.923455075360835, 8762939.780168825760484 ], [ 6540809.033630033954978, 8762955.577614119276404 ], [ 6540811.64467699918896, 8762971.665245436131954 ], [ 6540790.490043394267559, 8762998.396254096180201 ], [ 6540792.161762469448149, 8763014.527463026344776 ], [ 6540803.970205215737224, 8763048.312076793983579 ], [ 6540806.921466843225062, 8763092.048285791650414 ], [ 6540818.817139461636543, 8763127.732459770515561 ], [ 6540823.088821398094296, 8763159.951851902529597 ], [ 6540819.398275413550436, 8763181.107872938737273 ], [ 6540825.679333335720003, 8763196.079174090176821 ], [ 6540831.796214721165597, 8763207.239569986239076 ], [ 6540837.040101164020598, 8763240.371361989527941 ], [ 6540830.880178527906537, 8763248.282793797552586 ], [ 6540810.412131009623408, 8763249.232349276542664 ], [ 6540793.341233369894326, 8763263.372022001072764 ], [ 6540786.155504684895277, 8763289.454738387838006 ], [ 6540785.45824982970953, 8763335.263728953897953 ], [ 6540786.201908640563488, 8763351.449392458423972 ], [ 6540804.147217967547476, 8763356.339039847254753 ], [ 6540815.572005240246654, 8763361.531157393008471 ], [ 6540818.925220726057887, 8763373.765866253525019 ], [ 6540809.390905760228634, 8763389.470828142017126 ], [ 6540784.488363775424659, 8763395.390556940808892 ], [ 6540766.464231860823929, 8763394.026687605306506 ], [ 6540761.092983534559608, 8763393.614716183394194 ], [ 6540744.514110211282969, 8763418.229479746893048 ], [ 6540732.337578630074859, 8763477.918494442477822 ], [ 6540732.283366410061717, 8763496.990764763206244 ], [ 6540742.692512203939259, 8763500.326498629525304 ], [ 6540749.682860473170877, 8763510.488946670666337 ], [ 6540744.004015074111521, 8763528.876015016809106 ], [ 6540752.228932611644268, 8763545.660760406404734 ], [ 6540762.812604612670839, 8763552.795531963929534 ], [ 6540771.048443706706166, 8763569.57978542521596 ], [ 6540767.051302913576365, 8763584.070348579436541 ], [ 6540754.458399512805045, 8763594.194958770647645 ], [ 6540733.192883441224694, 8763598.04221385717392 ], [ 6540723.657806933857501, 8763613.735648861154914 ], [ 6540730.550440600141883, 8763642.02632200345397 ], [ 6540737.486939270980656, 8763671.272449843585491 ], [ 6540756.929156249389052, 8763688.494527032598853 ], [ 6540769.981394498609006, 8763708.862580079585314 ], [ 6540786.267009970732033, 8763738.62129938416183 ], [ 6540806.375380402430892, 8763750.090460760518909 ], [ 6540818.270355829037726, 8763785.77491145581007 ], [ 6540825.304958010092378, 8763816.920162096619606 ], [ 6540843.939009832218289, 8763837.040872614830732 ], [ 6540844.103473146446049, 8763860.879072215408087 ], [ 6540820.697233036160469, 8763879.130635472014546 ], [ 6540820.238826885819435, 8763909.665853664278984 ], [ 6540825.460076831281185, 8763921.825403712689877 ], [ 6540832.974814716726542, 8763943.40782294049859 ], [ 6540824.0516586760059, 8763972.431952472776175 ], [ 6540830.944048462435603, 8764000.722798384726048 ], [ 6540834.220717906951904, 8764011.057564673945308 ], [ 6540843.373879757709801, 8764027.799445498734713 ], [ 6540845.001667805947363, 8764042.986666861921549 ], [ 6540832.812131172977388, 8764061.664123140275478 ], [ 6540821.671666713431478, 8764083.165359757840633 ], [ 6540815.904606626369059, 8764099.641471859067678 ], [ 6540809.47532369941473, 8764123.865097094327211 ], [ 6540807.953492866829038, 8764129.577931011095643 ], [ 6540798.287409183569252, 8764142.427651485428214 ], [ 6540790.117400055751204, 8764167.598226860165596 ], [ 6540787.310425437055528, 8764187.755589477717876 ], [ 6540774.990144819952548, 8764203.589337572455406 ], [ 6540758.584484269842505, 8764211.975420072674751 ], [ 6540736.783303905278444, 8764224.430084723979235 ], [ 6540733.539171934127808, 8764235.067095333710313 ], [ 6540746.962871143594384, 8764243.027971168980002 ], [ 6540783.859286736696959, 8764254.676827270537615 ], [ 6540781.718499175272882, 8764269.081225384026766 ], [ 6540753.232540915720165, 8764278.027201620861888 ], [ 6540707.631247689947486, 8764280.140817120671272 ], [ 6540682.989960388280451, 8764291.769528742879629 ], [ 6540655.159847562201321, 8764294.974334327504039 ], [ 6540638.688821966759861, 8764281.43262716755271 ], [ 6540621.725904555991292, 8764277.442847987636924 ], [ 6540607.002471594139934, 8764301.970814166590571 ], [ 6540572.006773643195629, 8764291.191178876906633 ], [ 6540549.091725973412395, 8764299.890120571479201 ], [ 6540526.875223997049034, 8764323.807755617424846 ], [ 6540507.006719097495079, 8764358.103071199730039 ], [ 6540472.196504234336317, 8764392.144629189744592 ], [ 6540447.467834869399667, 8764401.87349059060216 ], [ 6540415.519120646640658, 8764416.701385920867324 ], [ 6540393.706673428416252, 8764429.156032789498568 ], [ 6540382.838469685055315, 8764456.36596392840147 ], [ 6540374.580605916678905, 8764479.636476173996925 ], [ 6540354.362881474196911, 8764486.295169910416007 ], [ 6540337.432434925809503, 8764503.288013441488147 ], [ 6540319.027220886200666, 8764528.932094095274806 ], [ 6540303.713047845289111, 8764561.112346177920699 ], [ 6540286.783012414351106, 8764578.116461634635925 ], [ 6540266.707106424495578, 8764587.6294130012393 ], [ 6540256.362586657516658, 8764606.220520947128534 ], [ 6540244.34747227281332, 8764628.718824420124292 ], [ 6540221.562474207952619, 8764640.260700924322009 ], [ 6540198.110998181626201, 8764657.555348467081785 ], [ 6540172.66060134395957, 8764692.119718933477998 ], [ 6540143.910785124637187, 8764736.365754026919603 ], [ 6540148.81409852579236, 8764761.8873007632792 ], [ 6540126.683729737997055, 8764787.703429797664285 ], [ 6540110.59411927498877, 8764802.75336922891438 ], [ 6540096.667070712894201, 8764824.382492072880268 ], [ 6540083.362685753032565, 8764839.303393727168441 ], [ 6540068.824133057147264, 8764847.602075461298227 ], [ 6540068.594273025169969, 8764862.874926522374153 ], [ 6540062.541594661772251, 8764893.668223425745964 ], [ 6540051.235847041942179, 8764911.357455054298043 ], [ 6540063.807718958705664, 8764921.273045605048537 ], [ 6540071.114203944802284, 8764938.100415013730526 ], [ 6540063.478311288170516, 8764954.662252150475979 ], [ 6540053.31898095458746, 8764977.062820641323924 ], [ 6540036.845394473522902, 8765024.558205241337419 ], [ 6540002.186991634778678, 8765041.425086842849851 ], [ 6539969.559618705883622, 8765062.004844380542636 ], [ 6539949.74499949067831, 8765077.226904356852174 ], [ 6539957.564085454680026, 8765105.474278127774596 ], [ 6539950.713967254385352, 8765139.176604295149446 ], [ 6539938.250031643547118, 8765152.143402947112918 ], [ 6539915.170186556875706, 8765157.030226349830627 ], [ 6539908.550078992731869, 8765175.459723839536309 ], [ 6539917.931234993040562, 8765196.955465769395232 ], [ 6539907.379359961487353, 8765210.802538448944688 ], [ 6539887.838506562635303, 8765211.707093317061663 ], [ 6539871.836699360981584, 8765208.629446417093277 ], [ 6539862.343602964654565, 8765225.276994902640581 ], [ 6539850.99413370154798, 8765242.021854078397155 ], [ 6539834.325657172128558, 8765244.696882063522935 ], [ 6539817.711903097108006, 8765248.326806053519249 ], [ 6539813.133621165528893, 8765270.468644699081779 ], [ 6539814.311548713594675, 8765296.162408377975225 ], [ 6539819.488182402215898, 8765307.366492390632629 ], [ 6539811.6338947173208, 8765319.173703793436289 ], [ 6539777.248974981717765, 8765321.72259103693068 ], [ 6539730.249011695384979, 8765313.411639241501689 ], [ 6539690.053155056200922, 8765311.453608991578221 ], [ 6539663.696717101149261, 8765305.994151616469026 ], [ 6539645.084245415404439, 8765306.855534888803959 ], [ 6539625.182136690244079, 8765320.177621882408857 ], [ 6539607.180157511495054, 8765334.357778208330274 ], [ 6539606.15221262536943, 8765352.528164647519588 ], [ 6539612.431848582811654, 8765367.499484367668629 ], [ 6539610.257004507817328, 8765380.947184171527624 ], [ 6539598.372935024090111, 8765386.272885657846928 ], [ 6539588.761182770133018, 8765380.038449062034488 ], [ 6539578.756876773200929, 8765365.239497542381287 ], [ 6539561.968905909918249, 8765365.070332799106836 ], [ 6539534.211752563714981, 8765390.187928890809417 ], [ 6539512.167473134584725, 8765417.91339023783803 ], [ 6539467.535135295242071, 8765440.96216643974185 ], [ 6539426.465433257631958, 8765440.00153580494225 ], [ 6539360.016048983670771, 8765449.401796948164701 ], [ 6539400.515381960198283, 8765479.955065436661243 ], [ 6539434.214352967217565, 8765509.489451497793198 ], [ 6539413.315083841793239, 8765547.875699875876307 ], [ 6539404.451858218759298, 8765598.824047341942787 ], [ 6539367.360460050404072, 8765597.017986373975873 ], [ 6539348.483719962649047, 8765570.137396436184645 ], [ 6539286.288815055973828, 8765562.26636840775609 ], [ 6539280.304638613015413, 8765580.494805732741952 ], [ 6539306.390774998813868, 8765604.899073965847492 ], [ 6539288.440709272399545, 8765616.876512087881565 ], [ 6539254.653360020369291, 8765604.283303325995803 ], [ 6539243.159054832533002, 8765644.639017323032022 ], [ 6539192.997683220542967, 8765683.204236434772611 ], [ 6539242.494083054363728, 8765717.809647522866726 ], [ 6539304.226537443697453, 8765767.19068368524313 ], [ 6539273.999761216342449, 8765777.604418957605958 ], [ 6539292.298378633335233, 8765823.409476421773434 ], [ 6539277.406617387197912, 8765891.163104247301817 ], [ 6539309.382407110184431, 8765868.985810885205865 ], [ 6539344.516413498669863, 8765852.908398868516088 ], [ 6539350.183631001971662, 8765882.713873993605375 ], [ 6539331.305654321797192, 8765912.195593468844891 ], [ 6539274.044026373885572, 8765942.494900915771723 ], [ 6539172.950582924298942, 8765950.258582448586822 ], [ 6539163.630908045917749, 8766000.349695786833763 ], [ 6539132.956657523289323, 8766069.835533782839775 ], [ 6539105.484126266092062, 8766030.689280405640602 ], [ 6539029.285566188395023, 8766028.490689875558019 ], [ 6538990.698755476623774, 8766050.448653671890497 ], [ 6539002.14666669908911, 8766175.431001789867878 ], [ 6539048.825816686265171, 8766201.585048764944077 ], [ 6539114.722377504222095, 8766225.973101591691375 ], [ 6539104.610525286756456, 8766260.690815171226859 ], [ 6539139.206642519682646, 8766286.161200182512403 ], [ 6539141.319781445898116, 8766319.88069436326623 ], [ 6539143.520661362446845, 8766371.057516051456332 ], [ 6539074.657914998009801, 8766364.848855910822749 ], [ 6539029.058123908936977, 8766330.711830189451575 ], [ 6539010.309795469976962, 8766352.048713583499193 ], [ 6539012.08590742200613, 8766390.844209339469671 ], [ 6538982.647766979411244, 8766399.613331161439419 ], [ 6538971.828473417088389, 8766363.652166279032826 ], [ 6538956.118689561262727, 8766371.501821624115109 ], [ 6538917.417546696029603, 8766423.975965956225991 ], [ 6538867.353914362378418, 8766475.732657689601183 ], [ 6538828.93198527675122, 8766482.420593079179525 ], [ 6538814.725333074107766, 8766518.329939568415284 ], [ 6538780.760921279899776, 8766506.655384551733732 ], [ 6538761.49291165266186, 8766465.465803381055593 ], [ 6538726.573841616511345, 8766476.22025940939784 ], [ 6538724.130162702873349, 8766505.818721923977137 ], [ 6538767.087008278816938, 8766548.227416798472404 ], [ 6538801.000048068352044, 8766609.244669690728188 ], [ 6538785.081227459944785, 8766626.164804382249713 ], [ 6538782.034994321875274, 8766688.046366240829229 ], [ 6538793.98667336627841, 8766707.143645025789738 ], [ 6538797.688945108093321, 8766736.617770623415709 ], [ 6538783.177028607577085, 8766754.384628674015403 ], [ 6538792.689364523626864, 8766782.131436184048653 ], [ 6538790.306161646731198, 8766809.231059430167079 ], [ 6538841.560753874480724, 8766838.970283083617687 ], [ 6538863.124372917227447, 8766855.697399035096169 ], [ 6538898.678810082376003, 8766875.322848230600357 ], [ 6538953.58494836371392, 8766901.13224545866251 ], [ 6538989.13945343811065, 8766920.75773393176496 ], [ 6539017.375099901109934, 8766931.865355530753732 ], [ 6539130.920510104857385, 8766951.432327065616846 ], [ 6539221.569866281934083, 8766963.189537176862359 ], [ 6539280.405139120295644, 8766973.90908133611083 ], [ 6539315.925092451274395, 8766980.098161747679114 ], [ 6539350.670393322594464, 8766982.037431051954627 ], [ 6539373.312596717849374, 8766984.535929009318352 ], [ 6539381.963912177830935, 8766984.136172614991665 ], [ 6539417.824631107971072, 8766934.630845084786415 ], [ 6539453.890760156325996, 8766927.641372997313738 ], [ 6539500.911945614032447, 8766932.557899797335267 ], [ 6539530.954370317049325, 8766945.348548531532288 ], [ 6539597.398234515450895, 8766958.235014533624053 ], [ 6539665.648743161931634, 8766972.804619202390313 ], [ 6539700.798631947487593, 8766983.581125568598509 ], [ 6539856.115316648967564, 8767082.746441848576069 ], [ 6539923.600909627974033, 8767118.620230993255973 ], [ 6539992.348544699139893, 8767143.801308397203684 ], [ 6540071.304462970234454, 8767179.156438499689102 ], [ 6540109.825616806745529, 8767287.242909090593457 ], [ 6540162.75404448620975, 8767307.84382813051343 ], [ 6540188.749425176531076, 8767331.456259030848742 ], [ 6540206.847956230863929, 8767350.669235622510314 ], [ 6540257.489815381355584, 8767370.817387342453003 ], [ 6540282.424751847982407, 8767385.61107974499464 ], [ 6540316.33499631844461, 8767407.079675333574414 ], [ 6540349.086374554783106, 8767441.014567298814654 ], [ 6540419.200459979474545, 8767496.270047625526786 ], [ 6540458.947230389341712, 8767531.64852038025856 ], [ 6540651.467541029676795, 8767648.599892165511847 ], [ 6540680.35129005368799, 8767673.846007386222482 ], [ 6540712.282343111000955, 8767690.094744531437755 ], [ 6540742.255242431536317, 8767701.110929593443871 ], [ 6540763.242366759106517, 8767705.463997839018703 ], [ 6540784.645009925588965, 8767718.654451040551066 ], [ 6540798.727895049378276, 8767723.315228711813688 ], [ 6540892.923730704933405, 8767736.686082085594535 ], [ 6541099.486010515131056, 8768008.967762107029557 ], [ 6541141.769001539796591, 8768061.954780476167798 ], [ 6541169.843931589275599, 8768069.525372577831149 ], [ 6541203.836092794314027, 8768092.769154725596309 ], [ 6541235.362440717406571, 8768100.168837811797857 ], [ 6541331.296212495304644, 8768113.45984798297286 ], [ 6541434.053167429752648, 8768124.668530305847526 ], [ 6541487.666995999403298, 8768122.190352896228433 ], [ 6541532.70992205478251, 8768121.875087780877948 ], [ 6541590.828701090067625, 8768142.236860634759068 ], [ 6541647.059090867638588, 8768159.12949750199914 ], [ 6541690.538611825555563, 8768162.442812852561474 ], [ 6541720.997992583550513, 8768184.071798803284764 ], [ 6541742.471403000876307, 8768199.03752120025456 ], [ 6541760.897576573304832, 8768223.001038355752826 ], [ 6541847.775037669576705, 8768227.841752888634801 ], [ 6541945.597364775836468, 8768244.589743968099356 ], [ 6542319.203293419443071, 8768263.666931321844459 ], [ 6542324.421187799423933, 8768140.73703620955348 ], [ 6542379.242454631254077, 8768059.228487715125084 ], [ 6542516.430225121788681, 8768048.505819384008646 ], [ 6542540.561751235276461, 8767962.590880898758769 ], [ 6542611.912046594545245, 8767933.653284935280681 ], [ 6542751.619997977279127, 8767949.988348286598921 ], [ 6542867.228894455358386, 8767873.769612001255155 ], [ 6542962.091127581894398, 8767795.12432374060154 ], [ 6543092.009383872151375, 8767716.349004063755274 ], [ 6543246.224503452889621, 8767636.048712771385908 ], [ 6543274.935357279144228, 8767534.289657352492213 ], [ 6543357.921771756373346, 8767443.559954302385449 ], [ 6543341.282861361280084, 8767344.983071820810437 ], [ 6543276.70630316156894, 8767218.679581852629781 ], [ 6543257.22271566465497, 8767102.725102400407195 ], [ 6543191.716710209846497, 8766972.874603930860758 ], [ 6543113.388652033172548, 8766917.874784808605909 ], [ 6543168.944778172299266, 8766796.951846942305565 ], [ 6543241.406083922833204, 8766757.960219772532582 ], [ 6543359.034873964264989, 8766725.938311954960227 ], [ 6543474.113517788238823, 8766621.657505143433809 ], [ 6543614.873617811128497, 8766554.625039791688323 ], [ 6543680.218405353836715, 8766495.601074231788516 ], [ 6543735.090328968130052, 8766444.03879202157259 ], [ 6543737.836424926295877, 8766307.627175999805331 ], [ 6543811.790409910492599, 8766177.945880763232708 ], [ 6543914.611438772641122, 8766137.94154679775238 ], [ 6544034.69114912301302, 8766176.274467043578625 ], [ 6544115.737746236845851, 8766196.763884279876947 ], [ 6544165.343565029092133, 8766130.441296396777034 ], [ 6544194.836737579666078, 8766031.62643938139081 ], [ 6544188.744862705469131, 8765899.019356986507773 ], [ 6544139.520954329520464, 8765805.178080396726727 ], [ 6544137.93191194254905, 8765674.106549803167582 ], [ 6544179.168182295747101, 8765601.730122273787856 ], [ 6544239.734630104154348, 8765573.885542746633291 ], [ 6544290.249870073050261, 8765469.53404937684536 ], [ 6544331.563129453919828, 8765432.196891577914357 ], [ 6544367.416527449153364, 8765477.786322301253676 ], [ 6544398.248958093114197, 8765492.726001154631376 ], [ 6544494.715876562520862, 8765414.581447603181005 ], [ 6544559.819526260718703, 8765419.25484511628747 ], [ 6544647.183516640216112, 8765519.796598974615335 ], [ 6544709.698252615518868, 8765573.633952487260103 ], [ 6544926.633673613891006, 8765620.851254142820835 ], [ 6545008.020384301431477, 8765586.360860325396061 ], [ 6545007.571080253459513, 8765531.591611998155713 ], [ 6545046.008098104968667, 8765495.036094348877668 ], [ 6545189.550734771415591, 8765563.705837456509471 ] ] ] } },
{ "type": "Feature", "properties": { "lv_id": "LOC_031996", "id": 148728.0, "CD_SETOR": "291700305000035", "SITUACAO": "Rural", "CD_SIT": "8", "CD_TIPO": "0", "AREA_KM2": 46.617699645112381, "CD_REGIAO": "2", "NM_REGIAO": "Nordeste", "CD_UF": "29", "NM_UF": "Bahia", "CD_MUN": "2917003", "NM_MUN": "Itiúba", "CD_DIST": "291700305", "NM_DIST": "Itiúba", "CD_SUBDIST": "29170030500", "NM_SUBDIST": null, "CD_BAIRRO": null, "NM_BAIRRO": null, "CD_NU": null, "NM_NU": null, "CD_FCU": null, "NM_FCU": null, "CD_AGLOM": null, "NM_AGLOM": null, "CD_RGINT": "2908", "NM_RGINT": "Juazeiro", "CD_RGI": "290023", "NM_RGI": "Senhor do Bonfim", "CD_CONCURB": null, "NM_CONCURB": null, "mun_code_x": "2917003", "index_right": 7755, "dist_m": 1591.5274410839752, "local_id": 339737, "ano": 2022, "cod_localidade_ibge": 2917003, "NR_ZONA": "149", "nr_cep": 48850000.0, "nm_localidade": "ITIÚBA", "nm_locvot": "ESCOLA JOSE REIS ARAUJO", "ds_endereco": "POV. PEDRA DO DOREA - ZONA RURAL", "ds_bairro": "POVOADO PEDRA DO DOREA", "pred_long": -39.765093, "pred_lat": -10.463173, "pred_dist": 0.417398549764044, "tse_long": null, "tse_lat": null, "long": -39.765093, "lat": -10.463173, "ID_UNICO": "LOC_031996", "SG_UF": "BA", "CD_MUNICIPIO": "36412", "NR_LOCAL_VOTACAO": "1449", "QT_SECOES_AGREGADAS": 1, "QT_ELEITORES_TRANSFERIDOS": 0, "CIRO GOMES (PDT) (NÃO ELEITO) 1T": 0.0, "CONSTITUINTE EYMAEL (DC) (NÃO ELEITO) 1T": 0.0, "FELIPE D AVILA (NOVO) (NÃO ELEITO) 1T": 0.0, "JAIR BOLSONARO (PL) (2º TURNO) 1T": 9.0, "LULA (PT) (2º TURNO) 1T": 196.0, "LÉO PÉRICLES (UP) (NÃO ELEITO) 1T": 0.0, "PADRE KELMON (PTB) (NÃO ELEITO) 1T": 0.0, "SIMONE TEBET (MDB) (NÃO ELEITO) 1T": 0.0, "SOFIA MANZANO (PCB) (NÃO ELEITO) 1T": 0.0, "SORAYA THRONICKE (UNIÃO) (NÃO ELEITO) 1T": 2.0, "VERA (PSTU) (NÃO ELEITO) 1T": 0.0, "Total_Votos_Validos 1T": 207.0, "Votos_Brancos 1T": 0.0, "Votos_Nulos 1T": 3.0, "Abstenções 1T": 107.0, "Eleitores_Aptos 1T": 317.0, "JAIR BOLSONARO (PL) (NÃO ELEITO) 2T": 7.0, "LULA (PT) (ELEITO) 2T": 211.0, "Total_Votos_Validos 2T": 218.0, "Votos_Brancos 2T": 0.0, "Votos_Nulos 2T": 0.0, "Abstenções 2T": 99.0, "Eleitores_Aptos 2T": 317.0, "mun_code_y": "2917003", "mun_code": "2917003" }, "geometry": { "type": "Polygon", "coordinates": [ [ [ 6557873.134443324990571, 8804325.016451129689813 ], [ 6557874.153543448075652, 8804311.820362387225032 ], [ 6557859.173593800514936, 8804266.114647835493088 ], [ 6557834.383909555152059, 8804156.825723301619291 ], [ 6557839.660468764603138, 8804096.84752980619669 ], [ 6557781.872924394905567, 8803979.427569476887584 ], [ 6557755.426301591098309, 8803893.069676287472248 ], [ 6557756.158739181235433, 8803830.491807086393237 ], [ 6557778.710577767342329, 8803781.649298341944814 ], [ 6557850.093511226586998, 8803720.421240700408816 ], [ 6557903.064352569170296, 8803679.894453033804893 ], [ 6557955.688852589577436, 8803668.7738888412714 ], [ 6558019.870464220643044, 8803641.949404675513506 ], [ 6558072.586691169068217, 8803619.932540668174624 ], [ 6558103.987663784064353, 8803586.632361294701695 ], [ 6558116.407137596048415, 8803541.55542105063796 ], [ 6558145.646898155100644, 8803511.865773441269994 ], [ 6558146.548208397813141, 8803511.927571831271052 ], [ 6558208.616706747561693, 8803515.672509092837572 ], [ 6558209.493800112977624, 8803515.438869977369905 ], [ 6558268.777082964777946, 8803499.852730320766568 ], [ 6558327.681473577395082, 8803451.413807647302747 ], [ 6558377.837682520970702, 8803427.059789329767227 ], [ 6558432.103337980806828, 8803415.407252747565508 ], [ 6558457.248435327783227, 8803384.830386811867356 ], [ 6558462.571136316284537, 8803345.959455227479339 ], [ 6558478.392012251541018, 8803317.356312457472086 ], [ 6558496.411393248476088, 8803306.970331821590662 ], [ 6558507.279189381748438, 8803303.991254596039653 ], [ 6558527.409509046934545, 8803296.691608469933271 ], [ 6558544.415326518937945, 8803283.500199783593416 ], [ 6558551.594168389216065, 8803276.456983828917146 ], [ 6558559.453965038992465, 8803268.960890827700496 ], [ 6558565.662886995822191, 8803256.17914754152298 ], [ 6558571.109837727621198, 8803233.748832825571299 ], [ 6558576.970631182193756, 8803220.047621589154005 ], [ 6558581.802865965291858, 8803205.891207788139582 ], [ 6558590.237355476245284, 8803193.624402437359095 ], [ 6558604.02239129319787, 8803178.012712486088276 ], [ 6558613.978004564531147, 8803166.190144309774041 ], [ 6558622.366453611291945, 8803152.898909760639071 ], [ 6558633.381747932173312, 8803131.73290628939867 ], [ 6558647.384272023104131, 8803099.493676912039518 ], [ 6558651.897276186384261, 8803088.967164531350136 ], [ 6558661.326777382753789, 8803076.655144188553095 ], [ 6558670.137712799012661, 8803061.793553067371249 ], [ 6558675.975343776866794, 8803047.580038979649544 ], [ 6558681.664004278369248, 8803030.293823432177305 ], [ 6558683.268713090568781, 8803011.128451948985457 ], [ 6558681.447441123425961, 8802995.950668135657907 ], [ 6558680.686302030459046, 8802971.440830431878567 ], [ 6558679.307710293680429, 8802954.897137150168419 ], [ 6558679.040898704901338, 8802951.396384401246905 ], [ 6558676.684812122955918, 8802937.486048109829426 ], [ 6558667.770302275195718, 8802924.911076206713915 ], [ 6558658.866727910004556, 8802912.335614573210478 ], [ 6558645.938330784440041, 8802899.440880715847015 ], [ 6558634.350536852143705, 8802893.704936740919948 ], [ 6558623.450084985233843, 8802885.462857529520988 ], [ 6558609.307496353983879, 8802878.713668378069997 ], [ 6558595.963128359988332, 8802873.878588700667024 ], [ 6558583.980391154065728, 8802870.32757868245244 ], [ 6558579.669071378186345, 8802868.264872662723064 ], [ 6558564.976113024167717, 8802864.631494024768472 ], [ 6558550.092718758620322, 8802858.953794423490763 ], [ 6558537.289543524384499, 8802850.798033839091659 ], [ 6558526.188513848930597, 8802838.333704374730587 ], [ 6558513.281877569854259, 8802828.118286384269595 ], [ 6558500.380294881761074, 8802819.967003474012017 ], [ 6558487.586335457861423, 8802812.01613805629313 ], [ 6558472.486766106449068, 8802803.964556090533733 ], [ 6558457.697216805070639, 8802798.179971639066935 ], [ 6558442.894939295016229, 8802794.55156173184514 ], [ 6558428.103599865920842, 8802790.92265422269702 ], [ 6558411.419682942330837, 8802789.557988727465272 ], [ 6558361.768165962770581, 8802791.935386737808585 ], [ 6558361.461977903731167, 8802791.949273647740483 ], [ 6558337.253778016194701, 8802797.4952458050102 ], [ 6558336.397046733647585, 8802797.693774532526731 ], [ 6558310.017348725348711, 8802799.049842903390527 ], [ 6558295.325392455793917, 8802797.38949453830719 ], [ 6558282.321050424128771, 8802795.732442507520318 ], [ 6558267.433119747787714, 8802789.952294819056988 ], [ 6558254.536199688911438, 8802781.903461623936892 ], [ 6558241.629643827676773, 8802771.688084231689572 ], [ 6558228.63100874517113, 8802761.37424186989665 ], [ 6558215.738699906505644, 8802753.42785906419158 ], [ 6558202.826258298940957, 8802745.277099825441837 ], [ 6558188.032168675214052, 8802739.390065653249621 ], [ 6558175.139870669692755, 8802731.443691965192556 ], [ 6558162.238375225104392, 8802723.292446216568351 ], [ 6558155.628748553805053, 8802714.947100074961782 ], [ 6558138.534526949748397, 8802704.933082930743694 ], [ 6558123.328295448794961, 8802692.552421698346734 ], [ 6558108.127180417068303, 8802680.285587960854173 ], [ 6558097.325271259061992, 8802672.039146207273006 ], [ 6558084.418758757412434, 8802661.823829147964716 ], [ 6558077.92888268455863, 8802657.852642361074686 ], [ 6558071.428072249516845, 8802653.881952349096537 ], [ 6558058.625022665597498, 8802645.726277528330684 ], [ 6558043.172526763752103, 8802640.792949721217155 ], [ 6557820.861092472448945, 8802413.752907140180469 ], [ 6557697.692359446547925, 8802229.640264544636011 ], [ 6557670.299626323394477, 8802118.418544663116336 ], [ 6557665.692515438422561, 8802068.057993479073048 ], [ 6557653.046327318064868, 8801965.827501002699137 ], [ 6557645.935556856915355, 8801828.287134859710932 ], [ 6557651.603989980183542, 8801814.70896727591753 ], [ 6557655.810405443422496, 8801804.196630980819464 ], [ 6557663.591626890935004, 8801790.819114217534661 ], [ 6557671.274932289496064, 8801777.457435304298997 ], [ 6557683.239611313678324, 8801763.787427913397551 ], [ 6557695.219300342723727, 8801750.207962417975068 ], [ 6557707.198244826868176, 8801738.806864216923714 ], [ 6557725.265297940932214, 8801722.681542245671153 ], [ 6557736.930293041281402, 8801704.782406216487288 ], [ 6557750.804630281403661, 8801686.794394295662642 ], [ 6557752.60042280703783, 8801682.379002088680863 ], [ 6557762.465483701787889, 8801668.804163224995136 ], [ 6557772.346068314276636, 8801655.331251617521048 ], [ 6557780.127647023648024, 8801641.964990708976984 ], [ 6557787.810287193395197, 8801628.591804951429367 ], [ 6557795.576301552355289, 8801615.123585309833288 ], [ 6557801.161149451509118, 8801599.690039254724979 ], [ 6557806.73555975034833, 8801584.268363922834396 ], [ 6557813.805115215480328, 8801553.598730830475688 ], [ 6557821.170119633898139, 8801533.647801298648119 ], [ 6557826.328682661056519, 8801509.46309382840991 ], [ 6557831.708607405424118, 8801489.716291153803468 ], [ 6557836.975254859775305, 8801467.693612568080425 ], [ 6557838.870609148405492, 8801461.106707360595465 ], [ 6557844.3459716681391, 8801445.678060280159116 ], [ 6557849.915128976106644, 8801430.142502313479781 ], [ 6557855.500323067419231, 8801414.720258826389909 ], [ 6557861.074056452140212, 8801399.287122517824173 ], [ 6557872.232415309175849, 8801368.420331446453929 ], [ 6557877.817040770314634, 8801352.986676666885614 ], [ 6557883.386623752303421, 8801337.462456252425909 ], [ 6557888.966615470126271, 8801321.926350194960833 ], [ 6557896.736455296166241, 8801308.549022939056158 ], [ 6557912.503185478039086, 8801288.307734437286854 ], [ 6557920.078538846224546, 8801270.605278266593814 ], [ 6557925.565167317166924, 8801255.187417779117823 ], [ 6557935.020207863301039, 8801230.796049833297729 ], [ 6557942.59482896886766, 8801215.271960569545627 ], [ 6557950.377194525673985, 8801199.738427609205246 ], [ 6557957.951783332042396, 8801184.214317390695214 ], [ 6557965.732429464347661, 8801170.836404372006655 ], [ 6557975.509516247548163, 8801157.265183065086603 ], [ 6557983.279712788760662, 8801143.899128111079335 ], [ 6558002.94655829295516, 8801117.070850115269423 ], [ 6558015.018203415907919, 8801105.550950786098838 ], [ 6558020.223235724493861, 8801101.174527432769537 ], [ 6558041.715526109561324, 8801074.981784008443356 ], [ 6558046.873359250836074, 8801065.657657781615853 ], [ 6558058.896594427525997, 8801048.676832441240549 ], [ 6558066.496900906786323, 8801040.062940292060375 ], [ 6558070.904265310615301, 8801031.594047378748655 ], [ 6558073.860150484368205, 8801024.228938845917583 ], [ 6558078.726121662184596, 8801006.466818587854505 ], [ 6558079.811020138673484, 8801004.033869063481688 ], [ 6558083.143834939226508, 8800996.035756349563599 ], [ 6558090.918478413484991, 8800982.772015349939466 ], [ 6558094.511962209828198, 8800969.606921268627048 ], [ 6558097.775722222402692, 8800949.84180092997849 ], [ 6558096.748912561684847, 8800928.230023512616754 ], [ 6558092.045113148167729, 8800913.297605408355594 ], [ 6558087.431167496368289, 8800904.748002635315061 ], [ 6558076.526774134486914, 8800892.275610089302063 ], [ 6558063.531573250889778, 8800884.232148246839643 ], [ 6558048.731012094765902, 8800878.437667457386851 ], [ 6558035.721421695314348, 8800868.125241862609982 ], [ 6558024.620216673240066, 8800855.661813350394368 ], [ 6558015.70708719547838, 8800840.932033540681005 ], [ 6558010.7961549712345, 8800823.830693082883954 ], [ 6558007.875319850631058, 8800806.638964734971523 ], [ 6558009.262720559723675, 8800789.251550167798996 ], [ 6558011.441496687941253, 8800771.919427491724491 ], [ 6558011.910432690754533, 8800756.52400522865355 ], [ 6558013.297282966785133, 8800739.125202961266041 ], [ 6558014.136255037970841, 8800727.328397370874882 ], [ 6558009.664289878681302, 8800704.64142857119441 ], [ 6558006.392266204580665, 8800684.272225070744753 ], [ 6557966.12563627678901, 8800552.262294629588723 ], [ 6557936.878188624978065, 8800505.666735492646694 ], [ 6557910.781705521978438, 8800464.083203772082925 ], [ 6557903.644427999854088, 8800454.975450750440359 ], [ 6557787.545718649402261, 8800306.909035857766867 ], [ 6557670.639648672193289, 8800191.304652245715261 ], [ 6557553.393088018521667, 8800117.561165049672127 ], [ 6557418.861118729226291, 8800043.907646115869284 ], [ 6557403.34431447647512, 8800037.530212605372071 ], [ 6557388.441015125252306, 8800031.638125726953149 ], [ 6557379.361706641502678, 8800023.930367179214954 ], [ 6557363.451693241484463, 8800011.492009533569217 ], [ 6557351.537432052195072, 8800000.924989975988865 ], [ 6557347.777598900720477, 8799995.530243840068579 ], [ 6557336.022684384137392, 8799982.173207743093371 ], [ 6557325.987452141009271, 8799970.996206659823656 ], [ 6557314.570965433493257, 8799958.342314494773746 ], [ 6557303.112488648854196, 8799944.755140421912074 ], [ 6557294.100443890318274, 8799930.01897855848074 ], [ 6557287.089383088983595, 8799915.191907241940498 ], [ 6557280.176728564314544, 8799900.360370945185423 ], [ 6557275.265054350718856, 8799885.437922226265073 ], [ 6557274.443408278748393, 8799868.151313941925764 ], [ 6557274.312124997377396, 8799865.477143328636885 ], [ 6557267.713867280632257, 8799820.864728581160307 ], [ 6557263.864488775841892, 8799761.130066055804491 ], [ 6557245.046225840225816, 8799704.51628458686173 ], [ 6557197.208994815126061, 8799623.184150811284781 ], [ 6557187.997945288196206, 8799599.401756707578897 ], [ 6557184.928147307597101, 8799569.900187188759446 ], [ 6557185.461237042210996, 8799517.231390884146094 ], [ 6557175.603055346757174, 8799468.604579830542207 ], [ 6557156.479835934005678, 8799426.158332509920001 ], [ 6557153.504970148205757, 8799391.953715737909079 ], [ 6557162.548968808725476, 8799337.780424667522311 ], [ 6557185.234426413662732, 8799268.04667623527348 ], [ 6557197.881340943276882, 8799229.174391940236092 ], [ 6557198.217921156436205, 8799228.132657382637262 ], [ 6557192.596342789940536, 8799195.987138139083982 ], [ 6557192.359397903084755, 8799194.617927402257919 ], [ 6557191.478247222490609, 8799189.160865249112248 ], [ 6557075.901306380517781, 8799263.949838135391474 ], [ 6557044.855060196481645, 8799329.284660063683987 ], [ 6556991.21259892731905, 8799393.810096200555563 ], [ 6556945.44457823690027, 8799448.043838374316692 ], [ 6556895.614989457651973, 8799474.600267566740513 ], [ 6556895.319392472505569, 8799521.840463357046247 ], [ 6556843.949225010350347, 8799515.381734780967236 ], [ 6556813.336518859490752, 8799477.882927006110549 ], [ 6556742.838300031609833, 8799479.991462735459208 ], [ 6556730.162221946753561, 8799455.169384891167283 ], [ 6556711.276355552487075, 8799459.380481256172061 ], [ 6556674.30260095000267, 8799495.034718694165349 ], [ 6556628.486697378568351, 8799481.252623818814754 ], [ 6556588.668552389368415, 8799484.373258531093597 ], [ 6556567.365584954619408, 8799514.981502389535308 ], [ 6556535.36358805373311, 8799515.272140428423882 ], [ 6556496.443351961672306, 8799484.286582320928574 ], [ 6556474.829953017644584, 8799486.808104608207941 ], [ 6556414.873772839084268, 8799554.229414213448763 ], [ 6556431.293316727504134, 8799593.10265876352787 ], [ 6556388.448810327798128, 8799612.737153880298138 ], [ 6556399.111105387099087, 8799650.526182757690549 ], [ 6556388.325990849174559, 8799667.005099998787045 ], [ 6556350.424082282930613, 8799634.296648079529405 ], [ 6556262.177408901974559, 8799666.644736437126994 ], [ 6556168.853274662978947, 8799737.632839782163501 ], [ 6556172.303890070877969, 8799782.933879679068923 ], [ 6556098.626535932533443, 8799796.224107278510928 ], [ 6556036.10305044054985, 8799872.871683064848185 ], [ 6555942.70711893774569, 8799915.487344713881612 ], [ 6555885.194414757192135, 8799928.134045340120792 ], [ 6555783.457300135865808, 8799926.571413092315197 ], [ 6555720.053986302576959, 8799910.792330356314778 ], [ 6555689.06523641012609, 8799956.298781603574753 ], [ 6555663.751806294545531, 8800035.930922400206327 ], [ 6555570.167176614515483, 8800063.887392941862345 ], [ 6555475.2527493564412, 8800067.864074332639575 ], [ 6555360.844482117332518, 8800107.153705012053251 ], [ 6555292.168943418189883, 8800160.823571788147092 ], [ 6555236.377022443339229, 8800139.600530536845326 ], [ 6555113.932325541973114, 8800061.485541442409158 ], [ 6555086.763362060301006, 8800073.027303097769618 ], [ 6555070.251496589742601, 8800115.457531459629536 ], [ 6554973.031872835941613, 8800147.875774526968598 ], [ 6554857.675116847269237, 8800200.947357894852757 ], [ 6554752.360099645331502, 8800257.075036685913801 ], [ 6554711.784185880795121, 8800318.727637831121683 ], [ 6554716.06962547916919, 8800365.356860306113958 ], [ 6554663.129635073244572, 8800358.349523035809398 ], [ 6554602.511849047616124, 8800331.642691243439913 ], [ 6554531.854990060441196, 8800352.45382690243423 ], [ 6554435.236739474348724, 8800397.317381052300334 ], [ 6554369.554821312427521, 8800382.517165582627058 ], [ 6554287.753051125444472, 8800376.202114604413509 ], [ 6554245.60093154758215, 8800394.716571221128106 ], [ 6554144.54130598437041, 8800428.764359449967742 ], [ 6554085.358457350172102, 8800403.748174091801047 ], [ 6554074.638321832753718, 8800429.766343226656318 ], [ 6554083.539923638105392, 8800460.870479229837656 ], [ 6554096.573079878464341, 8800503.954810729250312 ], [ 6554058.306207597255707, 8800534.095133854076266 ], [ 6554059.69546309299767, 8800571.150232955813408 ], [ 6554082.157982683740556, 8800610.477434076368809 ], [ 6554059.297309811227024, 8800705.340647218748927 ], [ 6554036.307879880070686, 8800751.1977518517524 ], [ 6553974.982696293853223, 8800795.644484739750624 ], [ 6553915.932443561032414, 8800804.35243053548038 ], [ 6553853.526137687265873, 8800786.859268726781011 ], [ 6553804.351084642112255, 8800734.83045088686049 ], [ 6553765.564733553677797, 8800735.093965135514736 ], [ 6553588.784931417554617, 8800743.59334047883749 ], [ 6553533.199415532872081, 8800711.810746867209673 ], [ 6553499.459402019158006, 8800710.990180676802993 ], [ 6553466.713508756831288, 8800752.601226933300495 ], [ 6553404.885038880631328, 8800744.318111224099994 ], [ 6553347.848871115595102, 8800715.121270161122084 ], [ 6553280.989962605759501, 8800787.172387652099133 ], [ 6553211.010409856215119, 8800927.930675938725471 ], [ 6553161.453315678052604, 8800976.083289187401533 ], [ 6553122.407836767844856, 8800961.043330973014235 ], [ 6553099.842871509492397, 8800927.707956114783883 ], [ 6553095.495086040347815, 8800842.485209466889501 ], [ 6553036.674578221514821, 8800833.59767665527761 ], [ 6552991.051337748765945, 8800845.10526467114687 ], [ 6552936.731527059338987, 8800900.177910465747118 ], [ 6552913.134764706715941, 8800951.590069511905313 ], [ 6552879.389847904443741, 8800963.859389750286937 ], [ 6552818.337973789311945, 8800933.064865099266171 ], [ 6552795.822637863457203, 8800882.25833704508841 ], [ 6552776.956529944203794, 8800853.214290415868163 ], [ 6552770.761914210394025, 8800825.512224791571498 ], [ 6552798.566468969918787, 8800803.922048650681973 ], [ 6552808.609989528544247, 8800763.76259152777493 ], [ 6552782.890238503925502, 8800715.78097116202116 ], [ 6552756.227040859870613, 8800651.159814774990082 ], [ 6552710.920227370224893, 8800624.76142936386168 ], [ 6552610.657758491113782, 8800649.507162801921368 ], [ 6552564.832033199258149, 8800628.149460155516863 ], [ 6552513.926687745377421, 8800714.161702400073409 ], [ 6552490.156367687508464, 8800706.229738786816597 ], [ 6552484.287281763739884, 8800655.240303002297878 ], [ 6552456.919008003547788, 8800538.233477059751749 ], [ 6552396.627444095909595, 8800542.707998614758253 ], [ 6552325.367625522427261, 8800506.606699796393514 ], [ 6552249.370749661698937, 8800499.009805919602513 ], [ 6552245.587290467694402, 8800470.343918336555362 ], [ 6552303.16981165856123, 8800399.594632677733898 ], [ 6552303.930023219436407, 8800353.2655238956213 ], [ 6552273.759027225896716, 8800313.034967012703419 ], [ 6552234.355216856114566, 8800322.972131308168173 ], [ 6552228.361020267009735, 8800299.252486191689968 ], [ 6552256.570009269751608, 8800272.034158885478973 ], [ 6552261.371494040824473, 8800237.152772994711995 ], [ 6552234.127034731209278, 8800230.906436858698726 ], [ 6552180.772385392338037, 8800267.404884520918131 ], [ 6552091.691409634426236, 8800335.258578987792134 ], [ 6551966.361745088361204, 8800397.169978313148022 ], [ 6551792.127689491026103, 8800370.268607664853334 ], [ 6551695.164499453268945, 8800337.349225742742419 ], [ 6551609.161019870080054, 8800312.804765537381172 ], [ 6551559.46660194452852, 8800512.872709492221475 ], [ 6551542.873162867501378, 8800668.01068745367229 ], [ 6551531.263610297814012, 8800778.146160021424294 ], [ 6551488.228430960327387, 8800857.936489887535572 ], [ 6551462.067577427253127, 8801086.708848521113396 ], [ 6551464.154079469852149, 8801141.117199068889022 ], [ 6551490.727616365998983, 8801279.889354612678289 ], [ 6551483.996480908244848, 8801365.927259040996432 ], [ 6551465.95756349992007, 8801518.768997924402356 ], [ 6551477.986780378967524, 8801569.386947339400649 ], [ 6551470.452839277684689, 8801623.568924328312278 ], [ 6551435.311636548489332, 8801794.355128269642591 ], [ 6551390.062526877969503, 8801958.687872605398297 ], [ 6551421.355538818053901, 8802118.295441664755344 ], [ 6551472.175516895949841, 8802293.862061457708478 ], [ 6551448.671638526022434, 8802443.471979342401028 ], [ 6551415.598474287427962, 8802513.424875171855092 ], [ 6551413.847340777516365, 8802538.942255601286888 ], [ 6551423.612615154124796, 8802593.368450809270144 ], [ 6551408.738392177037895, 8802684.128960225731134 ], [ 6551386.266542853787541, 8802718.461089886724949 ], [ 6551376.765135047957301, 8802744.887158643454313 ], [ 6551392.701206504367292, 8802897.606379708275199 ], [ 6551405.010391901247203, 8803007.218268942087889 ], [ 6551397.924764539115131, 8803069.052896717563272 ], [ 6551382.66825945302844, 8803120.184901999309659 ], [ 6551379.646792490035295, 8803324.887319277971983 ], [ 6551443.855808490887284, 8803421.164847703650594 ], [ 6551464.967821407131851, 8803493.402450900524855 ], [ 6551479.265360223129392, 8803573.267927698791027 ], [ 6551469.992789529263973, 8803627.881013931706548 ], [ 6551490.080284915864468, 8803692.160711131989956 ], [ 6551501.446364262141287, 8803767.495124829933047 ], [ 6551522.912973573431373, 8803807.471662143245339 ], [ 6551525.031745554879308, 8803893.131984351202846 ], [ 6551508.685926105827093, 8803984.174912104383111 ], [ 6551518.005753637291491, 8804061.551548302173615 ], [ 6551509.224009016528726, 8804124.477343058213592 ], [ 6551472.509555797092617, 8804203.565810298547149 ], [ 6551470.841718154028058, 8804265.326760098338127 ], [ 6551434.813797108829021, 8804368.385401198640466 ], [ 6551405.428581923246384, 8804540.697110021486878 ], [ 6551412.67506758030504, 8804679.898181848227978 ], [ 6551391.399796101264656, 8804744.059431223198771 ], [ 6551392.617689171805978, 8804858.458957400172949 ], [ 6551375.502656568773091, 8804911.748656198382378 ], [ 6551344.49305484816432, 8804989.34675208479166 ], [ 6551333.819544160738587, 8805077.954586083069444 ], [ 6551336.521733871661127, 8805189.310949806123972 ], [ 6551302.722947961650789, 8805307.317703105509281 ], [ 6551282.692303467541933, 8805353.497903980314732 ], [ 6551282.47970627527684, 8805459.728996630758047 ], [ 6551294.131351816467941, 8805559.998163040727377 ], [ 6551274.696626616641879, 8805669.900093354284763 ], [ 6551286.73268152307719, 8805793.788398811593652 ], [ 6551311.68100705742836, 8805908.429652092978358 ], [ 6551370.951195407658815, 8806136.355590982362628 ], [ 6551408.598282212391496, 8806280.70951496437192 ], [ 6551410.099662099033594, 8806350.502477657049894 ], [ 6551409.892951841466129, 8806555.019496213644743 ], [ 6551409.396334262564778, 8806699.232499502599239 ], [ 6551403.704987918026745, 8806728.153487695381045 ], [ 6551407.347469854168594, 8806775.695800568908453 ], [ 6551415.569271169602871, 8806801.083023922517896 ], [ 6551393.069446861743927, 8806879.960396183654666 ], [ 6551378.416370030492544, 8806989.098999172449112 ], [ 6551395.438389835879207, 8807073.51777409017086 ], [ 6551397.075981843285263, 8807196.586299501359463 ], [ 6551384.303205186501145, 8807282.288678718730807 ], [ 6551380.71433493308723, 8807376.619626063853502 ], [ 6551373.248202257789671, 8807457.476694356650114 ], [ 6551367.596964650787413, 8807541.934924123808742 ], [ 6551372.139966726303101, 8807585.617015529423952 ], [ 6551386.899862905032933, 8807646.843421736732125 ], [ 6551390.656459993682802, 8807760.466817647218704 ], [ 6551394.764121884480119, 8807855.899583619087934 ], [ 6551389.647470922209322, 8807916.70867346227169 ], [ 6551401.715473154559731, 8807957.612439628690481 ], [ 6551410.811326429247856, 8808052.364880569279194 ], [ 6551414.109997794963419, 8808141.711176320910454 ], [ 6551419.610675942152739, 8808235.724539566785097 ], [ 6551416.340844580903649, 8808360.689606942236423 ], [ 6551420.178391865454614, 8808446.408635135740042 ], [ 6551431.373658547177911, 8808572.855725387111306 ], [ 6551443.250919203273952, 8808617.371404001489282 ], [ 6551524.186275400221348, 8808610.290682125836611 ], [ 6551554.199762868694961, 8808620.309682196006179 ], [ 6551563.759988703764975, 8808629.754231484606862 ], [ 6551583.044900591485202, 8808647.906217774376273 ], [ 6551595.170133031904697, 8808650.223209079355001 ], [ 6551597.155255007557571, 8808651.981133809313178 ], [ 6551611.620760571211576, 8808646.553530951961875 ], [ 6551613.917065656743944, 8808646.438925826922059 ], [ 6551624.508493045344949, 8808626.852963523939252 ], [ 6551628.39109661988914, 8808611.411024698987603 ], [ 6551637.680954375304282, 8808591.883531901985407 ], [ 6551667.634917484596372, 8808521.782316567376256 ], [ 6551672.058688919059932, 8808515.791182590648532 ], [ 6551689.777010686695576, 8808500.719252837821841 ], [ 6551694.14387583732605, 8808495.665641825646162 ], [ 6551720.466191711835563, 8808486.774551678448915 ], [ 6551743.314795425161719, 8808480.844514822587371 ], [ 6551758.001353275030851, 8808480.138697635382414 ], [ 6551774.456423985771835, 8808476.571238800883293 ], [ 6551788.246640868484974, 8808475.917103368788958 ], [ 6551864.731567921116948, 8808475.466064115986228 ], [ 6551886.641904427669942, 8808470.615685572847724 ], [ 6551925.769780257716775, 8808438.218720000237226 ], [ 6551942.999220222234726, 8808410.694377096369863 ], [ 6551948.243350873701274, 8808364.553070658817887 ], [ 6551944.010122774168849, 8808353.409558057785034 ], [ 6551924.833830812945962, 8808335.241417668759823 ], [ 6551881.494613138027489, 8808276.256513044238091 ], [ 6551872.849261657334864, 8808249.95261244289577 ], [ 6551871.596841644495726, 8808223.304890314117074 ], [ 6551881.963709915056825, 8808207.548321224749088 ], [ 6551903.69312338437885, 8808198.886082276701927 ], [ 6551925.591789046302438, 8808194.024560729041696 ], [ 6551969.854832546785474, 8808191.806018080562353 ], [ 6552038.325804093852639, 8808238.053178748115897 ], [ 6552042.590686865150928, 8808241.293480489403009 ], [ 6552047.377426628023386, 8808244.932200253009796 ], [ 6552057.326021237298846, 8808252.51203778013587 ], [ 6552061.197890445590019, 8808256.032269410789013 ], [ 6552084.81993196811527, 8808285.436992524191737 ], [ 6552107.610267936252058, 8808299.611423257738352 ], [ 6552118.863511255010962, 8808306.710726341232657 ], [ 6552166.894279370084405, 8808308.131091170012951 ], [ 6552199.527633375488222, 8808295.033086106181145 ], [ 6552242.531780144199729, 8808266.26920522376895 ], [ 6552298.516985985450447, 8808202.45179632678628 ], [ 6552322.859017247334123, 8808170.764173232018948 ], [ 6552354.337175039574504, 8808131.001803388819098 ], [ 6552387.150476460345089, 8808121.703648136928678 ], [ 6552412.569532813504338, 8808112.966125944629312 ], [ 6552445.464635344222188, 8808107.472630143165588 ], [ 6552447.531732602976263, 8808107.379638362675905 ], [ 6552460.151535524055362, 8808106.777705512940884 ], [ 6552467.724727787077427, 8808110.234042162075639 ], [ 6552479.519951044581831, 8808124.823130752891302 ], [ 6552487.35576212592423, 8808135.895935883745551 ], [ 6552486.994713478721678, 8808128.28389940969646 ], [ 6552514.179639653302729, 8808237.653964443132281 ], [ 6552523.536575776524842, 8808279.182935131713748 ], [ 6552539.152188442647457, 8808325.903622087091208 ], [ 6552544.868804484605789, 8808343.035341706126928 ], [ 6552561.087300358340144, 8808372.784805323928595 ], [ 6552583.790349745191634, 8808386.963218672201037 ], [ 6552591.53976549115032, 8808394.12893177755177 ], [ 6552621.372744924388826, 8808400.335541170090437 ], [ 6552685.375045113265514, 8808347.479097722098231 ], [ 6552688.179381774738431, 8808328.265007749199867 ], [ 6552694.679929745383561, 8808308.873233733698726 ], [ 6552705.128867249935865, 8808296.932163497433066 ], [ 6552711.990429840050638, 8808285.15246606618166 ], [ 6552752.005086345598102, 8808271.698822407051921 ], [ 6552792.839714120142162, 8808277.387446235865355 ], [ 6552845.634983560070395, 8808301.375127870589495 ], [ 6552861.142557364888489, 8808315.900001334026456 ], [ 6552879.065632740966976, 8808322.163298724219203 ], [ 6552891.524287200532854, 8808323.107933666557074 ], [ 6552898.933041906915605, 8808320.904569122940302 ], [ 6552907.810393105261028, 8808311.816319808363914 ], [ 6552913.178590137511492, 8808300.217715531587601 ], [ 6552915.943752920255065, 8808288.736222427338362 ], [ 6552920.429572440683842, 8808275.535320613533258 ], [ 6552928.588455311954021, 8808253.275042137131095 ], [ 6552932.344019119627774, 8808243.607612552121282 ], [ 6552956.997170122340322, 8808210.057623766362667 ], [ 6552973.016919251531363, 8808192.791436944156885 ], [ 6553000.64312606677413, 8808171.365470416843891 ], [ 6553012.015040341764688, 8808163.909472074359655 ], [ 6553027.628116371110082, 8808155.224959153681993 ], [ 6553041.702146177180111, 8808150.121736498549581 ], [ 6553060.850800780579448, 8808144.048955913633108 ], [ 6553093.161122664809227, 8808132.811329925432801 ], [ 6553110.073504717089236, 8808134.593033071607351 ], [ 6553124.355239194817841, 8808133.904687847942114 ], [ 6553142.741226213984191, 8808140.226791622117162 ], [ 6553155.205755041912198, 8808144.500619281083345 ], [ 6553179.577325768768787, 8808162.423671323806047 ], [ 6553199.801610121503472, 8808181.468418812379241 ], [ 6553274.354439985007048, 8808256.929658062756062 ], [ 6553296.435577431693673, 8808279.277580995112658 ], [ 6553311.483734025619924, 8808286.194672379642725 ], [ 6553357.613860795274377, 8808325.864602549001575 ], [ 6553384.277254427783191, 8808343.570663215592504 ], [ 6553440.702829659916461, 8808363.677494801580906 ], [ 6553556.244118760339916, 8808384.578899806365371 ], [ 6553683.884165044873953, 8808347.452929016202688 ], [ 6553712.737897688522935, 8808330.703054293990135 ], [ 6553749.428275190293789, 8808325.037629254162312 ], [ 6553772.856216278858483, 8808330.881897645071149 ], [ 6553812.963152104988694, 8808340.890090130269527 ], [ 6553825.1252316609025, 8808363.205812137573957 ], [ 6553838.005264647305012, 8808400.643947506323457 ], [ 6553842.254818075336516, 8808436.725914545357227 ], [ 6553843.836235035210848, 8808450.076177760958672 ], [ 6553864.027262675575912, 8808483.365257414057851 ], [ 6553875.378814769908786, 8808490.448784569278359 ], [ 6553895.169308272190392, 8808511.064274141564965 ], [ 6553902.603621186688542, 8808518.039051569998264 ], [ 6553907.761199740692973, 8808525.321564465761185 ], [ 6553890.508010375313461, 8808539.747662493959069 ], [ 6553870.197451736778021, 8808576.307931894436479 ], [ 6553862.020461950451136, 8808602.583803359419107 ], [ 6553855.217923576943576, 8808657.978324403986335 ], [ 6553857.885284144431353, 8808780.783665306866169 ], [ 6553870.362929546274245, 8808848.059219889342785 ], [ 6553871.890623945742846, 8808880.375279752537608 ], [ 6553878.013699699193239, 8808944.743944076821208 ], [ 6553882.576988685876131, 8808973.616534423083067 ], [ 6553889.93195896781981, 8809063.917478641495109 ], [ 6553891.285931980237365, 8809092.831846848130226 ], [ 6553892.207106037065387, 8809112.278306027874351 ], [ 6553885.284992421977222, 8809180.267096519470215 ], [ 6553878.122204426676035, 8809225.882395081222057 ], [ 6553864.201242350973189, 8809262.234459470957518 ], [ 6553849.381061898544431, 8809279.139062244445086 ], [ 6553786.625797605141997, 8809343.800453964620829 ], [ 6553768.856683542951941, 8809364.133032165467739 ], [ 6553730.267538908869028, 8809408.150934869423509 ], [ 6553679.70128121227026, 8809465.740884624421597 ], [ 6553659.132388559170067, 8809492.607617445290089 ], [ 6553615.262395998463035, 8809556.361542537808418 ], [ 6553598.000377286225557, 8809589.567701157182455 ], [ 6553583.11548375338316, 8809671.243506338447332 ], [ 6553586.962576978839934, 8809687.25134115293622 ], [ 6553591.776115079410374, 8809719.305299894884229 ], [ 6553595.476259974762797, 8809732.012893734499812 ], [ 6553615.31309952493757, 8809821.626431843265891 ], [ 6553622.816825461573899, 8809847.151044316589832 ], [ 6553616.258124170824885, 8809905.635173507034779 ], [ 6553608.984167001210153, 8809951.254670476540923 ], [ 6553603.70392684917897, 8809971.002453407272696 ], [ 6553617.345307214185596, 8810060.803369609639049 ], [ 6553617.487129736691713, 8810063.989823335781693 ], [ 6553633.67694665491581, 8810076.113340102136135 ], [ 6553650.428551333025098, 8810097.90414079092443 ], [ 6553664.133240357972682, 8810123.138759013265371 ], [ 6553658.537738643586636, 8810136.298396008089185 ], [ 6553655.757505698129535, 8810143.025663269683719 ], [ 6553637.732040045782924, 8810160.084962064400315 ], [ 6553608.494101798161864, 8810194.364822892472148 ], [ 6553574.93801031447947, 8810262.386047767475247 ], [ 6553576.721750744618475, 8810300.25485572218895 ], [ 6553588.45078925229609, 8810351.782240340486169 ], [ 6553644.5669199321419, 8810467.612147193402052 ], [ 6553655.881879751570523, 8810514.517300195991993 ], [ 6553672.204047890380025, 8810565.827140692621469 ], [ 6553679.699544530361891, 8810627.146259743720293 ], [ 6553679.921095767058432, 8810631.879941966384649 ], [ 6553661.700353394262493, 8810732.269102845340967 ], [ 6553646.526490584015846, 8810799.407079387456179 ], [ 6553626.754416703246534, 8810866.66025379858911 ], [ 6553597.887794718146324, 8810934.458566978573799 ], [ 6553594.727575779892504, 8810962.959557665511966 ], [ 6553595.683426653034985, 8811045.32554892078042 ], [ 6553602.953590147197247, 8811061.43069857917726 ], [ 6553612.696953843347728, 8811080.902692474424839 ], [ 6553626.867191398516297, 8811109.720172131434083 ], [ 6553644.69699783436954, 8811148.373731965199113 ], [ 6553659.545258555561304, 8811193.672288708388805 ], [ 6553659.524468399584293, 8811259.262956820428371 ], [ 6553651.882446143776178, 8811299.128654839470983 ], [ 6553647.330759917385876, 8811338.741555891931057 ], [ 6553655.103067225776613, 8811367.869218029081821 ], [ 6553675.572963338345289, 8811396.392654027789831 ], [ 6553692.783837583847344, 8811421.869601028040051 ], [ 6553699.366233063861728, 8811493.754809007048607 ], [ 6553714.051888251677155, 8811535.651416596025229 ], [ 6553733.848951645195484, 8811547.80774206854403 ], [ 6553770.041843658313155, 8811572.284498311579227 ], [ 6553785.750232914462686, 8811633.737060995772481 ], [ 6553793.239991353824735, 8811725.058110892772675 ], [ 6553793.539258586242795, 8811731.544382993131876 ], [ 6553798.334173874929547, 8811767.41963916644454 ], [ 6553799.246926963329315, 8811786.969011822715402 ], [ 6553808.10104320012033, 8811838.717518575489521 ], [ 6553825.514411204494536, 8811870.48017387650907 ], [ 6553846.582129593938589, 8811911.96526993252337 ], [ 6553868.162604640237987, 8811966.221592081710696 ], [ 6553866.641854382120073, 8812002.289157429710031 ], [ 6553874.320001813583076, 8812099.600039340555668 ], [ 6553881.316288556903601, 8812112.262741571292281 ], [ 6553930.040507419034839, 8812132.631616041064262 ], [ 6553977.951140900142491, 8812133.457958433777094 ], [ 6554022.758659334853292, 8812140.911847239360213 ], [ 6554055.543881427496672, 8812158.746075073257089 ], [ 6554088.676046550273895, 8812186.360020847991109 ], [ 6554130.088291781954467, 8812255.771204862743616 ], [ 6554154.709139085374773, 8812306.676100309938192 ], [ 6554166.996687551029027, 8812367.87273870036006 ], [ 6554178.758323427289724, 8812416.002212546765804 ], [ 6554197.439115412533283, 8812476.786666672676802 ], [ 6554234.275666102766991, 8812517.223034515976906 ], [ 6554270.466253795661032, 8812541.393317895010114 ], [ 6554307.151669366285205, 8812578.427042623981833 ], [ 6554445.385084825567901, 8812560.71910285204649 ], [ 6554850.369450242258608, 8812578.02157230488956 ], [ 6555066.571457148529589, 8812630.524135721847415 ], [ 6555288.959998285397887, 8812777.80927281267941 ], [ 6555292.881384140811861, 8812812.277469469234347 ], [ 6555597.367852385155857, 8812783.591330613940954 ], [ 6555654.262769816443324, 8812710.117055341601372 ], [ 6555670.578434978611767, 8812108.678084515035152 ], [ 6555663.678330451250076, 8811864.889570722356439 ], [ 6555699.260507862083614, 8811655.410508850589395 ], [ 6559080.282323548570275, 8811146.640903893858194 ], [ 6559112.242176515981555, 8811126.998169180005789 ], [ 6559156.657976092770696, 8811111.162434078752995 ], [ 6559211.896452793851495, 8811101.830481117591262 ], [ 6559249.814431874081492, 8811096.837303210049868 ], [ 6559322.593297166749835, 8811093.991483390331268 ], [ 6559395.508511402644217, 8811094.446956085041165 ], [ 6559478.677963246591389, 8811091.121210638433695 ], [ 6559561.125423835590482, 8811070.388722702860832 ], [ 6559598.646458053030074, 8811054.782996958121657 ], [ 6559663.355863949283957, 8811027.561327785253525 ], [ 6559700.656420186161995, 8811005.053516287356615 ], [ 6559749.539523210376501, 8810932.89946542866528 ], [ 6559744.338312922045588, 8810894.457417130470276 ], [ 6559737.517019583843648, 8810817.514566723257303 ], [ 6559724.919906133785844, 8810768.810139734297991 ], [ 6559708.978619424626231, 8810723.758043643087149 ], [ 6559674.664000799879432, 8810658.228666190057993 ], [ 6559624.865349909290671, 8810632.028265565633774 ], [ 6559586.024744634516537, 8810619.533799320459366 ], [ 6559514.497918723151088, 8810576.508980240672827 ], [ 6559488.889553198590875, 8810549.366374548524618 ], [ 6559466.117835463024676, 8810507.941665098071098 ], [ 6559430.100931633263826, 8810413.120516465976834 ], [ 6559402.500445045530796, 8810373.27095103636384 ], [ 6559376.536159755662084, 8810336.438558824360371 ], [ 6559369.524606131017208, 8810306.552986547350883 ], [ 6559393.652295266278088, 8810255.37212392501533 ], [ 6559417.258569959551096, 8810212.152890888974071 ], [ 6559424.969419112429023, 8810141.855170380324125 ], [ 6559405.605481321923435, 8810096.251015378162265 ], [ 6559380.546154068782926, 8810031.83379253000021 ], [ 6559381.042163962498307, 8809991.162235330790281 ], [ 6559366.278489204123616, 8809928.322344224900007 ], [ 6559344.112662428990006, 8809906.362888295203447 ], [ 6559328.834617470391095, 8809860.47203859500587 ], [ 6559327.903158258646727, 8809840.600091548636556 ], [ 6559332.847020734101534, 8809807.255575457587838 ], [ 6559344.901976853609085, 8809786.877651816233993 ], [ 6559369.969296016730368, 8809766.083785567432642 ], [ 6559408.022503286600113, 8809744.772463835775852 ], [ 6559459.579843946732581, 8809729.638095278292894 ], [ 6559506.856039206497371, 8809710.670588240027428 ], [ 6559513.569415729492903, 8809657.331832712516189 ], [ 6559482.062655316665769, 8809626.224754996597767 ], [ 6559432.686640534549952, 8809608.983313729986548 ], [ 6559419.973112536594272, 8809577.085407257080078 ], [ 6559428.912658251821995, 8809505.386091891676188 ], [ 6559431.116624434478581, 8809485.053229840472341 ], [ 6559433.310142893344164, 8809464.732240226119757 ], [ 6559414.673392893746495, 8809443.024488866329193 ], [ 6559365.28608016576618, 8809427.734201408922672 ], [ 6559339.296456188894808, 8809392.557647259905934 ], [ 6559322.300343042239547, 8809335.704071925953031 ], [ 6559294.166075602173805, 8809276.079829767346382 ], [ 6559244.787267101928592, 8809222.717979909852147 ], [ 6559181.234219631180167, 8809155.294341394677758 ], [ 6559137.883557983674109, 8809047.256924690678716 ], [ 6559121.956494094803929, 8809005.502017574384809 ], [ 6559098.937904223799706, 8808944.849130718037486 ], [ 6559069.055968347936869, 8808882.418937064707279 ], [ 6559036.123497248627245, 8808818.678071117028594 ], [ 6559023.320939742028713, 8808800.733642097562551 ], [ 6559012.213672783225775, 8808785.164854679256678 ], [ 6558996.416596268303692, 8808766.671300234273076 ], [ 6558980.630968932062387, 8808748.188649769872427 ], [ 6558970.147333826869726, 8808697.292192416265607 ], [ 6558975.523308912292123, 8808666.77970765158534 ], [ 6559039.611675968393683, 8808600.803335621953011 ], [ 6559065.840899074450135, 8808557.989454921334982 ], [ 6559099.346296150237322, 8808480.356966573745012 ], [ 6559094.767131993547082, 8808389.959150057286024 ], [ 6559083.960391766391695, 8808308.818643238395452 ], [ 6559060.991968989372253, 8808246.373432788997889 ], [ 6559040.177422290667892, 8808195.578588942065835 ], [ 6558991.737573702819645, 8808151.460440969094634 ], [ 6558933.572869474068284, 8808096.46749984100461 ], [ 6558898.687645916827023, 8808059.903606474399567 ], [ 6558867.931044057942927, 8808023.518278343603015 ], [ 6558834.79955664742738, 8807934.524937206879258 ], [ 6558824.519621665589511, 8807867.139094157144427 ], [ 6558815.306930943392217, 8807822.39023083075881 ], [ 6558805.143241826444864, 8807779.167041070759296 ], [ 6558799.153657814487815, 8807702.109683537855744 ], [ 6558810.895048980601132, 8807634.595895914360881 ], [ 6558814.975204473361373, 8807559.718189353123307 ], [ 6558808.598036862909794, 8807500.710122572258115 ], [ 6558776.722463147714734, 8807447.404948275536299 ], [ 6558737.260600481182337, 8807381.303784450516105 ], [ 6558722.46701127383858, 8807292.668946053832769 ], [ 6558722.485624270513654, 8807216.435230441391468 ], [ 6558747.223721962422132, 8807146.246807813644409 ], [ 6558796.871177639812231, 8807092.713215986266732 ], [ 6558817.248483366332948, 8807061.727736212313175 ], [ 6558848.214647063054144, 8807004.85245138220489 ], [ 6558861.491562861949205, 8806916.853107523173094 ], [ 6558858.212154930457473, 8806849.23079008422792 ], [ 6558848.691655649803579, 8806804.496050827205181 ], [ 6558816.482091904617846, 8806771.166030935943127 ], [ 6558798.266309957951307, 8806737.579741006717086 ], [ 6558798.278155802749097, 8806699.416988080367446 ], [ 6558817.667070028372109, 8806679.413575245067477 ], [ 6558839.299528461880982, 8806668.889164390042424 ], [ 6558878.889879865571856, 8806644.09437345713377 ], [ 6558879.115113809704781, 8806599.93402780033648 ], [ 6558876.674288952723145, 8806586.540453800931573 ], [ 6558872.855100745335221, 8806569.285769047215581 ], [ 6558869.672709157690406, 8806556.952217532321811 ], [ 6558850.717603340744972, 8806554.09125642105937 ], [ 6558830.577556200325489, 8806551.443549614399672 ], [ 6558632.491117781959474, 8806502.302309557795525 ], [ 6558573.84892778750509, 8806458.682897750288248 ], [ 6558502.85384055133909, 8806420.389535777270794 ], [ 6558446.405062241479754, 8806395.649362308904529 ], [ 6558350.747387577779591, 8806376.06939341314137 ], [ 6558263.960344998165965, 8806359.78351704031229 ], [ 6558193.962353464215994, 8806336.408682823181152 ], [ 6558156.989817935042083, 8806285.046775415539742 ], [ 6558166.5063840970397, 8806183.088664652779698 ], [ 6558141.333952168934047, 8806144.160946220159531 ], [ 6558083.454857295379043, 8806135.680995129048824 ], [ 6558031.503655260428786, 8806134.038278399035335 ], [ 6557999.157727536745369, 8806100.099718797951937 ], [ 6557999.316994581371546, 8806027.054962718859315 ], [ 6558040.060582389123738, 8805958.778380054980516 ], [ 6558074.512157668359578, 8805880.190822590142488 ], [ 6558081.155637912452221, 8805802.199283931404352 ], [ 6558095.353716153651476, 8805763.452867928892374 ], [ 6558015.681790088303387, 8805604.580741355195642 ], [ 6557922.125246802344918, 8805345.175391938537359 ], [ 6557898.87144345510751, 8805186.683383774012327 ], [ 6557890.535076399333775, 8805010.922279119491577 ], [ 6557901.171181157231331, 8804805.447883309796453 ], [ 6557910.173111071810126, 8804631.513563591986895 ], [ 6557873.37486370652914, 8804532.496315402910113 ], [ 6557874.831909025087953, 8804438.145410269498825 ], [ 6557871.415880240499973, 8804400.572415065020323 ], [ 6557868.602519129402936, 8804369.598429083824158 ], [ 6557871.180856050923467, 8804347.675365010276437 ], [ 6557872.00138433650136, 8804338.115053754299879 ], [ 6557873.134443324990571, 8804325.016451129689813 ] ] ] } },
{ "type": "Feature", "properties": { "lv_id": "LOC_031997", "id": 148776.0, "CD_SETOR": "291700305000093", "SITUACAO": "Rural", "CD_SIT": "5", "CD_TIPO": "0", "AREA_KM2": 2.3024970746717499, "CD_REGIAO": "2", "NM_REGIAO": "Nordeste", "CD_UF": "29", "NM_UF": "Bahia", "CD_MUN": "2917003", "NM_MUN": "Itiúba", "CD_DIST": "291700305", "NM_DIST": "Itiúba", "CD_SUBDIST": "29170030500", "NM_SUBDIST": null, "CD_BAIRRO": null, "NM_BAIRRO": null, "CD_NU": null, "NM_NU": null, "CD_FCU": null, "NM_FCU": null, "CD_AGLOM": "291700300010", "NM_AGLOM": "Taquari", "CD_RGINT": "2908", "NM_RGINT": "Juazeiro", "CD_RGI": "290023", "NM_RGI": "Senhor do Bonfim", "CD_CONCURB": null, "NM_CONCURB": null, "mun_code_x": "2917003", "index_right": 7736, "dist_m": 0.0, "local_id": 339718, "ano": 2022, "cod_localidade_ibge": 2917003, "NR_ZONA": "149", "nr_cep": 48850000.0, "nm_localidade": "ITIÚBA", "nm_locvot": "ESCOLA EVARISTO RIBEIRO DOS SANTOS", "ds_endereco": "POV. TAQUARI - ZONA RURAL", "ds_bairro": "POVOADO TAQUARI", "pred_long": -39.754032, "pred_lat": -10.632349, "pred_dist": 0.017627516757098002, "tse_long": null, "tse_lat": null, "long": -39.754032, "lat": -10.632349, "ID_UNICO": "LOC_031997", "SG_UF": "BA", "CD_MUNICIPIO": "36412", "NR_LOCAL_VOTACAO": "1457", "QT_SECOES_AGREGADAS": 0, "QT_ELEITORES_TRANSFERIDOS": 0, "CIRO GOMES (PDT) (NÃO ELEITO) 1T": 12.0, "CONSTITUINTE EYMAEL (DC) (NÃO ELEITO) 1T": 0.0, "FELIPE D AVILA (NOVO) (NÃO ELEITO) 1T": 0.0, "JAIR BOLSONARO (PL) (2º TURNO) 1T": 118.0, "LULA (PT) (2º TURNO) 1T": 316.0, "LÉO PÉRICLES (UP) (NÃO ELEITO) 1T": 0.0, "PADRE KELMON (PTB) (NÃO ELEITO) 1T": 1.0, "SIMONE TEBET (MDB) (NÃO ELEITO) 1T": 10.0, "SOFIA MANZANO (PCB) (NÃO ELEITO) 1T": 1.0, "SORAYA THRONICKE (UNIÃO) (NÃO ELEITO) 1T": 6.0, "VERA (PSTU) (NÃO ELEITO) 1T": 0.0, "Total_Votos_Validos 1T": 464.0, "Votos_Brancos 1T": 13.0, "Votos_Nulos 1T": 19.0, "Abstenções 1T": 109.0, "Eleitores_Aptos 1T": 605.0, "JAIR BOLSONARO (PL) (NÃO ELEITO) 2T": 123.0, "LULA (PT) (ELEITO) 2T": 331.0, "Total_Votos_Validos 2T": 454.0, "Votos_Brancos 2T": 11.0, "Votos_Nulos 2T": 24.0, "Abstenções 2T": 116.0, "Eleitores_Aptos 2T": 605.0, "mun_code_y": "2917003", "mun_code": "2917003" }, "geometry": { "type": "Polygon", "coordinates": [ [ [ 6559051.601855790242553, 8788583.457774229347706 ], [ 6558982.069988611154258, 8788234.265921259298921 ], [ 6558934.853947412222624, 8787997.185116993263364 ], [ 6558962.346762211993337, 8787800.755686059594154 ], [ 6559007.873587437905371, 8787674.031091015785933 ], [ 6559053.38851868826896, 8787547.306504366919398 ], [ 6559120.118895730935037, 8787458.603115100413561 ], [ 6558414.819353153929114, 8787432.67852545902133 ], [ 6557878.362135117873549, 8787595.99252463132143 ], [ 6557732.703288859687746, 8787589.63464174605906 ], [ 6557577.489334175363183, 8787559.341962894424796 ], [ 6557501.888402426615357, 8787570.603525400161743 ], [ 6557437.955515515059233, 8787586.267558924853802 ], [ 6557414.353406880050898, 8787585.344005547463894 ], [ 6557366.345402099192142, 8787606.047631604596972 ], [ 6557334.158456581644714, 8787593.132160557433963 ], [ 6557264.343358310870826, 8787624.930395744740963 ], [ 6557241.924995310604572, 8787660.403197566047311 ], [ 6557190.696429930627346, 8787704.475000113248825 ], [ 6557129.238792072050273, 8787692.435448914766312 ], [ 6557059.23389037232846, 8787712.357423847541213 ], [ 6557135.639420133084059, 8787908.427792640402913 ], [ 6557122.62383621558547, 8788644.333096273243427 ], [ 6558073.495337657630444, 8788840.173984929919243 ], [ 6558266.59394808858633, 8788948.630237203091383 ], [ 6558464.454203936271369, 8788957.696507440879941 ], [ 6559051.601855790242553, 8788583.457774229347706 ] ] ] } },
{ "type": "Feature", "properties": { "lv_id": "LOC_031998", "id": 148767.0, "CD_SETOR": "291700305000084", "SITUACAO": "Rural", "CD_SIT": "8", "CD_TIPO": "0", "AREA_KM2": 38.27905399385606, "CD_REGIAO": "2", "NM_REGIAO": "Nordeste", "CD_UF": "29", "NM_UF": "Bahia", "CD_MUN": "2917003", "NM_MUN": "Itiúba", "CD_DIST": "291700305", "NM_DIST": "Itiúba", "CD_SUBDIST": "29170030500", "NM_SUBDIST": null, "CD_BAIRRO": null, "NM_BAIRRO": null, "CD_NU": null, "NM_NU": null, "CD_FCU": null, "NM_FCU": null, "CD_AGLOM": null, "NM_AGLOM": null, "CD_RGINT": "2908", "NM_RGINT": "Juazeiro", "CD_RGI": "290023", "NM_RGI": "Senhor do Bonfim", "CD_CONCURB": null, "NM_CONCURB": null, "mun_code_x": "2917003", "index_right": 7743, "dist_m": 0.0, "local_id": 339725, "ano": 2022, "cod_localidade_ibge": 2917003, "NR_ZONA": "149", "nr_cep": 48850000.0, "nm_localidade": "ITIÚBA", "nm_locvot": "ESCOLA MANOEL EPIFANIO CORREIA", "ds_endereco": "POV. VARZEA COMPRIDA - ZONA RURAL", "ds_bairro": "POVOADO VARZEA COMPRIDA", "pred_long": -39.839963, "pred_lat": -10.913598, "pred_dist": 0.015848732072374899, "tse_long": null, "tse_lat": null, "long": -39.839963, "lat": -10.913598, "ID_UNICO": "LOC_031998", "SG_UF": "BA", "CD_MUNICIPIO": "36412", "NR_LOCAL_VOTACAO": "1465", "QT_SECOES_AGREGADAS": 0, "QT_ELEITORES_TRANSFERIDOS": 0, "CIRO GOMES (PDT) (NÃO ELEITO) 1T": 3.0, "CONSTITUINTE EYMAEL (DC) (NÃO ELEITO) 1T": 0.0, "FELIPE D AVILA (NOVO) (NÃO ELEITO) 1T": 0.0, "JAIR BOLSONARO (PL) (2º TURNO) 1T": 64.0, "LULA (PT) (2º TURNO) 1T": 170.0, "LÉO PÉRICLES (UP) (NÃO ELEITO) 1T": 0.0, "PADRE KELMON (PTB) (NÃO ELEITO) 1T": 0.0, "SIMONE TEBET (MDB) (NÃO ELEITO) 1T": 5.0, "SOFIA MANZANO (PCB) (NÃO ELEITO) 1T": 0.0, "SORAYA THRONICKE (UNIÃO) (NÃO ELEITO) 1T": 3.0, "VERA (PSTU) (NÃO ELEITO) 1T": 0.0, "Total_Votos_Validos 1T": 245.0, "Votos_Brancos 1T": 6.0, "Votos_Nulos 1T": 6.0, "Abstenções 1T": 97.0, "Eleitores_Aptos 1T": 354.0, "JAIR BOLSONARO (PL) (NÃO ELEITO) 2T": 72.0, "LULA (PT) (ELEITO) 2T": 172.0, "Total_Votos_Validos 2T": 244.0, "Votos_Brancos 2T": 8.0, "Votos_Nulos 2T": 12.0, "Abstenções 2T": 90.0, "Eleitores_Aptos 2T": 354.0, "mun_code_y": "2917003", "mun_code": "2917003" }, "geometry": { "type": "Polygon", "coordinates": [ [ [ 6552761.381711416877806, 8758873.430532202124596 ], [ 6552705.594617547467351, 8758631.615255948156118 ], [ 6552568.815402338281274, 8758060.231011537835002 ], [ 6552440.745238829404116, 8757500.279868625104427 ], [ 6552213.479361675679684, 8756495.113053375855088 ], [ 6552075.218708895146847, 8755879.19310499355197 ], [ 6551980.757163044065237, 8755423.402356427162886 ], [ 6551947.476630830205977, 8755279.284895963966846 ], [ 6551899.364748219028115, 8754843.976785618811846 ], [ 6551871.090850410982966, 8754588.45041112229228 ], [ 6551834.356481702998281, 8754283.38585745729506 ], [ 6551799.280125934630632, 8754062.094932397827506 ], [ 6551756.094138892367482, 8753801.376050116494298 ], [ 6551670.897735645994544, 8753819.321185434237123 ], [ 6551533.196242032572627, 8753816.815844334661961 ], [ 6551425.536067865788937, 8753814.846338476985693 ], [ 6551373.098204486072063, 8753821.898126997053623 ], [ 6551297.303882960230112, 8753775.55181279964745 ], [ 6551216.432298852130771, 8753723.571772463619709 ], [ 6551148.772393547929823, 8753677.538533873856068 ], [ 6551067.699950372800231, 8753660.222965802997351 ], [ 6550983.880016819573939, 8753654.394295094534755 ], [ 6550900.416244053281844, 8753643.291810989379883 ], [ 6550821.928749402984977, 8753639.880333798006177 ], [ 6550767.768555134534836, 8753642.371391283348203 ], [ 6550671.267304237000644, 8753682.135639049112797 ], [ 6550515.554646061733365, 8753733.419214900583029 ], [ 6550386.702625612728298, 8753736.229706227779388 ], [ 6550248.919761194847524, 8753722.560510136187077 ], [ 6550095.39477573800832, 8753675.855796070769429 ], [ 6549981.911387866362929, 8753657.38305508159101 ], [ 6549890.459823210723698, 8753657.08792825601995 ], [ 6549827.796153759583831, 8753669.897762833163142 ], [ 6549772.628426735289395, 8753690.701827084645629 ], [ 6549724.388899760320783, 8753707.542524602264166 ], [ 6549637.999704198911786, 8753732.778726352378726 ], [ 6549462.427435427904129, 8753746.984147567301989 ], [ 6549381.408903070725501, 8753751.020359383895993 ], [ 6549298.283542534336448, 8753755.166793301701546 ], [ 6549240.68978207372129, 8753757.007044957950711 ], [ 6549189.260832388885319, 8753753.99647131562233 ], [ 6549127.148650162853301, 8753751.624729232862592 ], [ 6549079.733096174895763, 8753765.016000946983695 ], [ 6549057.57442453596741, 8753781.48481690697372 ], [ 6549035.382964699529111, 8753797.955131666734815 ], [ 6548994.408712601289153, 8753831.95552740432322 ], [ 6548957.520457928068936, 8753843.711531901732087 ], [ 6548896.283183717168868, 8753836.862578254193068 ], [ 6548857.255906762555242, 8753847.567294657230377 ], [ 6548838.197999516502023, 8753871.415635138750076 ], [ 6548834.740134716033936, 8753874.474290048703551 ], [ 6548829.297385113313794, 8753889.906526381149888 ], [ 6548825.836576113477349, 8753905.131618943065405 ], [ 6548823.020449927076697, 8753935.388916654512286 ], [ 6548821.769320245832205, 8753954.831677757203579 ], [ 6548819.16519380826503, 8753989.411891939118505 ], [ 6548821.181732824072242, 8754032.520632738247514 ], [ 6548824.131510785780847, 8754049.588199563324451 ], [ 6548827.278181338682771, 8754070.88819188810885 ], [ 6548823.830457902513444, 8754088.279082376509905 ], [ 6548824.673363357782364, 8754105.45702270232141 ], [ 6548823.420334881171584, 8754122.744816035032272 ], [ 6548819.964122673496604, 8754138.072270181030035 ], [ 6548814.402446210384369, 8754153.30477455444634 ], [ 6548813.0511066718027, 8754170.597174067050219 ], [ 6548809.69928316026926, 8754185.817088957875967 ], [ 6548810.01187246479094, 8754192.301735982298851 ], [ 6548808.55994738638401, 8754207.432410277426243 ], [ 6548807.237608565017581, 8754233.583048479631543 ], [ 6548807.671741362661123, 8754256.561156380921602 ], [ 6548812.300527544692159, 8754281.497299948707223 ], [ 6548816.672049002721906, 8754293.139011703431606 ], [ 6548821.606669025495648, 8754307.946934090927243 ], [ 6548828.653431983664632, 8754322.758286474272609 ], [ 6548833.478853257372975, 8754337.571347117424011 ], [ 6548836.330714881420135, 8754354.654944138601422 ], [ 6548839.269920671358705, 8754371.734442070126534 ], [ 6548842.645783322863281, 8754399.614257674664259 ], [ 6548841.599258767440915, 8754421.111205127090216 ], [ 6548847.37931640073657, 8754455.27483837120235 ], [ 6548850.43781450483948, 8754476.567614566534758 ], [ 6548855.377130569890141, 8754491.477980768308043 ], [ 6548861.364339999854565, 8754529.862182665616274 ], [ 6548868.619984339922667, 8754551.049108985811472 ], [ 6548875.865229912102222, 8754572.247935319319367 ], [ 6548884.893916530534625, 8754586.852284621447325 ], [ 6548889.8284369148314, 8754601.660287139937282 ], [ 6548898.864389635622501, 8754614.303103186190128 ], [ 6548903.602887626737356, 8754629.131722617894411 ], [ 6548917.664348980411887, 8754658.539508735761046 ], [ 6548920.505143584683537, 8754675.623696619644761 ], [ 6548926.290608335286379, 8754709.673180004581809 ], [ 6548927.035414115525782, 8754726.867188885807991 ], [ 6548929.973916973918676, 8754743.935397064313293 ], [ 6548930.811684814281762, 8754761.011019594967365 ], [ 6548929.883863469585776, 8754786.949360001832247 ], [ 6548928.845449932850897, 8754810.50979432836175 ], [ 6548928.163140347227454, 8754813.016141248866916 ], [ 6548913.3899463461712, 8754905.749555326998234 ], [ 6548880.640863624401391, 8754989.155737711116672 ], [ 6548851.623636734671891, 8755087.642817530781031 ], [ 6548820.322619376704097, 8755168.084334965795279 ], [ 6548764.41019931063056, 8755228.517921166494489 ], [ 6548699.983591808006167, 8755266.580369241535664 ], [ 6548628.637233577668667, 8755282.196957042440772 ], [ 6548512.494703988544643, 8755284.978237694129348 ], [ 6548457.852018535137177, 8755281.612811110913754 ], [ 6548388.238482077606022, 8755301.788116661831737 ], [ 6548265.477581702172756, 8755318.515873717144132 ], [ 6548165.304469174705446, 8755289.567470030859113 ], [ 6548146.451513431966305, 8755276.894830537959933 ], [ 6548142.047217829152942, 8755272.780065873637795 ], [ 6548129.027399193495512, 8755262.707121068611741 ], [ 6548117.456393756903708, 8755255.553544031456113 ], [ 6548116.114171596243978, 8755254.692943196743727 ], [ 6548102.794708054512739, 8755240.289904795587063 ], [ 6548076.554247952066362, 8755215.820722043514252 ], [ 6548065.426986402831972, 8755203.378634782508016 ], [ 6548039.186547143384814, 8755178.909495234489441 ], [ 6548028.162325114011765, 8755166.565213687717915 ], [ 6548015.036828398704529, 8755154.216890225186944 ], [ 6548001.916621014475822, 8755141.982345670461655 ], [ 6547986.589081621728837, 8755127.696385221555829 ], [ 6547964.662477388046682, 8755109.398658718913794 ], [ 6547949.225679241120815, 8755090.876329410821199 ], [ 6547933.474606094881892, 8755067.944811630994081 ], [ 6547924.44864485040307, 8755055.506854210048914 ], [ 6547915.420000199228525, 8755040.891262954100966 ], [ 6547902.312894065864384, 8755030.822532679885626 ], [ 6547889.288389336317778, 8755020.647315720096231 ], [ 6547876.279036465100944, 8755010.562608603388071 ], [ 6547861.481155976653099, 8755006.969671413302422 ], [ 6547844.588922636583447, 8755005.641336750239134 ], [ 6547827.904196812771261, 8755006.424011385068297 ], [ 6547811.208551272749901, 8755007.207189800217748 ], [ 6547796.743727643974125, 8755014.316366722807288 ], [ 6547782.369387508369982, 8755019.368951307609677 ], [ 6547767.886726282536983, 8755024.209970550611615 ], [ 6547751.30452527385205, 8755027.199745254591107 ], [ 6547736.506655718199909, 8755023.60676602832973 ], [ 6547721.398757595568895, 8755015.695631492882967 ], [ 6547710.281111365184188, 8755003.458470536395907 ], [ 6547709.537631118670106, 8754986.276586866006255 ], [ 6547710.79660208337009, 8754969.091988172382116 ], [ 6547707.522666989825666, 8754943.374816244468093 ], [ 6547704.576584350317717, 8754924.243926838040352 ], [ 6547690.934653911739588, 8754903.368619376793504 ], [ 6547673.83331074565649, 8754895.653675481677055 ], [ 6547657.039940606802702, 8754894.332101967185736 ], [ 6547640.259113443084061, 8754895.164874147623777 ], [ 6547625.879541950300336, 8754900.103662991896272 ], [ 6547613.810378672555089, 8754911.433084333315492 ], [ 6547601.95644879154861, 8754924.804715696722269 ], [ 6547589.788984455168247, 8754936.13871755823493 ], [ 6547565.977139016613364, 8754963.000794699415565 ], [ 6547553.912662761285901, 8754974.432535585016012 ], [ 6547539.541331432759762, 8754981.434560535475612 ], [ 6547527.474696837365627, 8754990.700041618198156 ], [ 6547500.713638797402382, 8755000.48365974240005 ], [ 6547467.461873722262681, 8755006.467027243226767 ], [ 6547452.984466551803052, 8755011.421643802896142 ], [ 6547438.511281922459602, 8755016.4672648049891 ], [ 6547424.132138885557652, 8755021.417250618338585 ], [ 6547395.490976629778743, 8755035.724149281159043 ], [ 6547383.218207051977515, 8755044.793942481279373 ], [ 6547369.054973850026727, 8755054.157605342566967 ], [ 6547345.020663503557444, 8755076.708399040624499 ], [ 6547333.062049572356045, 8755090.187249716371298 ], [ 6547321.114866904914379, 8755103.676949337124825 ], [ 6547307.267164267599583, 8755121.485758874565363 ], [ 6547293.519288351759315, 8755141.444772599264979 ], [ 6547287.542850851081312, 8755148.246736921370029 ], [ 6547276.109292892739177, 8755172.327205620706081 ], [ 6547268.547899127937853, 8755187.652074281126261 ], [ 6547260.699603170156479, 8755201.040705921128392 ], [ 6547252.928611885756254, 8755214.209072196856141 ], [ 6547243.077285455539823, 8755227.588979512453079 ], [ 6547231.212548139505088, 8755240.972056170925498 ], [ 6547219.158132475800812, 8755252.391531549394131 ], [ 6547207.195089710876346, 8755265.779184877872467 ], [ 6547195.029890935868025, 8755275.048922376707196 ], [ 6547180.856920873746276, 8755284.207543211057782 ], [ 6547173.670143650844693, 8755287.805312555283308 ], [ 6547166.494812112301588, 8755291.413943514227867 ], [ 6547152.120219264179468, 8755296.466018127277493 ], [ 6547122.946633316576481, 8755302.143420275300741 ], [ 6547106.259112801402807, 8755302.868683164939284 ], [ 6547079.618364646099508, 8755315.01739270798862 ], [ 6547063.354085730388761, 8755324.387952467426658 ], [ 6547059.163629028946161, 8755326.762073531746864 ], [ 6547047.203139297664165, 8755338.085760664194822 ], [ 6547035.033094150014222, 8755347.252966985106468 ], [ 6547023.069370586425066, 8755360.629050109535456 ], [ 6547011.213940252549946, 8755374.216669410467148 ], [ 6547001.357638396322727, 8755387.493942318484187 ], [ 6546993.591163239441812, 8755400.764463309198618 ], [ 6546987.929442880675197, 8755415.999996343627572 ], [ 6546982.475178212858737, 8755431.225798107683659 ], [ 6546979.025448948144913, 8755448.615138927474618 ], [ 6546971.259447425603867, 8755461.897002937272191 ], [ 6546967.901153149083257, 8755477.013148648664355 ], [ 6546960.036322586238384, 8755490.288225507363677 ], [ 6546954.571069567464292, 8755505.5145035199821 ], [ 6546943.043298682197928, 8755529.701412178575993 ], [ 6546931.712039671838284, 8755553.879085347056389 ], [ 6546914.089449292048812, 8755580.438019894063473 ], [ 6546904.222023573704064, 8755593.715653987601399 ], [ 6546892.067430012859404, 8755602.984526881948113 ], [ 6546879.896627306938171, 8755612.14013204164803 ], [ 6546865.622113764286041, 8755619.35344304330647 ], [ 6546862.165468970313668, 8755621.978125529363751 ], [ 6546853.560488002374768, 8755628.503906479105353 ], [ 6546843.600004143081605, 8755641.899848548695445 ], [ 6546840.341838832944632, 8755659.177458073943853 ], [ 6546841.17796206753701, 8755676.251821808516979 ], [ 6546845.909796583466232, 8755690.965980563312769 ], [ 6546850.842930123209953, 8755705.773324670270085 ], [ 6546861.964894737116992, 8755718.113026935607195 ], [ 6546870.887276762165129, 8755730.453182678669691 ], [ 6546879.902295170351863, 8755742.903018461540341 ], [ 6546884.732393300160766, 8755757.612600078806281 ], [ 6546887.677453905344009, 8755776.743054373189807 ], [ 6546886.528712303377688, 8755796.088117908686399 ], [ 6546885.688518039882183, 8755823.969804383814335 ], [ 6546879.915915054269135, 8755832.814137769863009 ], [ 6546870.693726129829884, 8755859.059047611430287 ], [ 6546873.734254150651395, 8755880.248686790466309 ], [ 6546878.57177397236228, 8755892.996891640126705 ], [ 6546891.687260027974844, 8755905.140668226405978 ], [ 6546920.255101962015033, 8755924.131104536354542 ], [ 6546932.267733467742801, 8755928.071910753846169 ], [ 6546943.196487011387944, 8755932.473947361111641 ], [ 6546960.200288541615009, 8755935.964296059682965 ], [ 6546975.096602857112885, 8755939.553375301882625 ], [ 6547058.620761757716537, 8755935.400814650580287 ], [ 6547075.60890812985599, 8755938.789248060435057 ], [ 6547108.974576774053276, 8755937.123372558504343 ], [ 6547123.866158928722143, 8755940.610021591186523 ], [ 6547151.154705210588872, 8755943.584234617650509 ], [ 6547174.348918766714633, 8755946.761673301458359 ], [ 6547201.624523534439504, 8755947.570168416947126 ], [ 6547227.843498303554952, 8755955.086682384833694 ], [ 6547233.521996801719069, 8755956.713276479393244 ], [ 6547248.418351732194424, 8755960.30229446478188 ], [ 6547261.884467732161283, 8755967.26479116268456 ], [ 6547263.418472586199641, 8755968.013829095289111 ], [ 6547278.327789498493075, 8755973.768544273450971 ], [ 6547291.347329185344279, 8755983.841807782649994 ], [ 6547300.362448485568166, 8755996.291819563135505 ], [ 6547313.477554567158222, 8756008.424310903996229 ], [ 6547324.599116676487029, 8756020.75283344835043 ], [ 6547335.618180327117443, 8756032.994952455163002 ], [ 6547344.650481485761702, 8756047.701709527522326 ], [ 6547351.577227904461324, 8756062.313302071765065 ], [ 6547354.520844930782914, 8756079.289241822436452 ], [ 6547355.356952554546297, 8756096.363929374143481 ], [ 6547349.699607437476516, 8756111.70196227543056 ], [ 6547345.60730420332402, 8756156.759133763611317 ], [ 6547336.064329337328672, 8756178.686903294175863 ], [ 6547312.143640790134668, 8756203.488743057474494 ], [ 6547300.179267866536975, 8756216.864666163921356 ], [ 6547288.215406538918614, 8756230.251950338482857 ], [ 6547276.370227500796318, 8756243.838886981830001 ], [ 6547264.194310141727328, 8756252.892063558101654 ], [ 6547254.331218520179391, 8756266.27210352756083 ], [ 6547242.160557808354497, 8756275.439023857936263 ], [ 6547230.310570998117328, 8756288.92351072281599 ], [ 6547218.13936016894877, 8756298.079027835279703 ], [ 6547205.968667486682534, 8756307.245909506455064 ], [ 6547194.113888968713582, 8756320.627960946410894 ], [ 6547176.596787892282009, 8756351.605581045150757 ], [ 6547159.083794965408742, 8756380.314048651605844 ], [ 6547145.544328054413199, 8756402.440100623294711 ], [ 6547140.304281203076243, 8756426.309508699923754 ], [ 6547140.415466805920005, 8756428.47059340775013 ], [ 6547137.057101256214082, 8756443.598097840324044 ], [ 6547133.490719480440021, 8756458.723938105627894 ], [ 6547134.646325583569705, 8756484.346070488914847 ], [ 6547139.583985505625606, 8756499.256065765395761 ], [ 6547146.510472744703293, 8756513.867697764188051 ], [ 6547148.934992049820721, 8756565.197892429307103 ], [ 6547125.10902641993016, 8756592.058295372873545 ], [ 6547112.844568844884634, 8756601.331974161788821 ], [ 6547098.575047552585602, 8756608.430629068985581 ], [ 6547084.196847526356578, 8756615.545761112123728 ], [ 6547069.83181410189718, 8756620.58518991805613 ], [ 6547044.753997629508376, 8756623.994151055812836 ], [ 6547013.801515351980925, 8756631.930912435054779 ], [ 6546986.837034119293094, 8756637.60583559051156 ], [ 6546949.168202367611229, 8756639.472171057015657 ], [ 6546915.595160649158061, 8756636.916766174137592 ], [ 6546898.911697592586279, 8756637.743493475019932 ], [ 6546882.023551085032523, 8756636.51613874360919 ], [ 6546863.132848379202187, 8756635.291324293240905 ], [ 6546829.771198640577495, 8756637.058489283546805 ], [ 6546814.972976200282574, 8756633.464385667815804 ], [ 6546764.824311997741461, 8756635.949005387723446 ], [ 6546751.080713621340692, 8756639.522573869675398 ], [ 6546744.050311272963881, 8756641.311079166829586 ], [ 6546681.416149011813104, 8756644.528290070593357 ], [ 6546656.543482667766511, 8756650.002353025600314 ], [ 6546629.370399034582078, 8756649.290553588420153 ], [ 6546604.396981122903526, 8756652.591635128483176 ], [ 6546595.902367100119591, 8756653.012076988816261 ], [ 6546579.330026730895042, 8756655.999683635309339 ], [ 6546543.860816267319024, 8756657.865202384069562 ], [ 6546527.288469634018838, 8756660.852777160704136 ], [ 6546443.7671611700207, 8756665.104203850030899 ], [ 6546429.386876631528139, 8756670.05273862183094 ], [ 6546379.565331306308508, 8756679.122716231271625 ], [ 6546335.899652183055878, 8756683.355417488142848 ], [ 6546306.851771464571357, 8756691.304777527227998 ], [ 6546279.884702188894153, 8756694.801475426182151 ], [ 6546252.708769050426781, 8756696.153105746954679 ], [ 6546219.124842563644052, 8756693.597581014037132 ], [ 6546202.441349502652884, 8756694.423940515145659 ], [ 6546187.643189495429397, 8756690.829640513285995 ], [ 6546172.854523411951959, 8756687.440114334225655 ], [ 6546143.258217842318118, 8756680.251504480838776 ], [ 6546130.352994222193956, 8756670.275214491412044 ], [ 6546121.322805033996701, 8756657.723363142460585 ], [ 6546110.304823834449053, 8756645.49256245419383 ], [ 6546106.942953548394144, 8756617.819856524467468 ], [ 6546110.514612007886171, 8756606.810282561928034 ], [ 6546113.972347233444452, 8756591.690245803445578 ], [ 6546113.34604393877089, 8756576.761336598545313 ], [ 6546106.204515683464706, 8756557.736525066196918 ], [ 6546097.184328591451049, 8756545.400867654010653 ], [ 6546084.275755099952221, 8756537.476992739364505 ], [ 6546071.367712664417922, 8756529.564497312530875 ], [ 6546056.458508401177824, 8756523.809251822531223 ], [ 6546048.069348401390016, 8756523.19857245311141 ], [ 6546039.679661475121975, 8756522.576515210792422 ], [ 6546006.313380263745785, 8756524.240642638877034 ], [ 6545991.93734638672322, 8756529.280014913529158 ], [ 6545975.254466107115149, 8756530.117744073271751 ], [ 6545960.878424629569054, 8756535.157095413655043 ], [ 6545944.195013990625739, 8756535.983429752290249 ], [ 6545927.722882015630603, 8756541.132249291986227 ], [ 6545911.039995488710701, 8756541.969940405339003 ], [ 6545894.245484125800431, 8756540.635257929563522 ], [ 6545875.566163658164442, 8756543.732541289180517 ], [ 6545850.703884268179536, 8756549.194109560921788 ], [ 6545825.722436444833875, 8756550.431472016498446 ], [ 6545811.040202211588621, 8756549.100520612671971 ], [ 6545807.864332094788551, 8756548.815890487283468 ], [ 6545801.929655099287629, 8756548.27271818742156 ], [ 6545796.347049500793219, 8756547.770075839012861 ], [ 6545788.126730991527438, 8756546.079747786745429 ], [ 6545772.929752751253545, 8756542.378675451502204 ], [ 6545756.25664131436497, 8756538.940486891195178 ], [ 6545741.356984463520348, 8756533.389950200915337 ], [ 6545737.726246670819819, 8756532.49954991787672 ], [ 6545726.558929534628987, 8756529.79561703838408 ], [ 6545717.601185398176312, 8756526.361246278509498 ], [ 6545711.562431889586151, 8756524.044394863769412 ], [ 6545696.867406712844968, 8756520.547846622765064 ], [ 6545682.948138888925314, 8756514.426995791494846 ], [ 6545670.099481792189181, 8756513.933695627376437 ], [ 6545644.817364359274507, 8756480.343945031985641 ], [ 6545642.610117134638131, 8756475.693056093528867 ], [ 6545602.11565997172147, 8756486.480449091643095 ], [ 6545505.897110909223557, 8756566.945893656462431 ], [ 6545422.299114284105599, 8756669.450667729601264 ], [ 6545363.884655322879553, 8756795.41373891942203 ], [ 6545357.068239267915487, 8756990.605423662811518 ], [ 6545312.682840026915073, 8757077.13747875764966 ], [ 6545416.106925792060792, 8757145.095314467325807 ], [ 6545562.931915624067187, 8757184.414489729329944 ], [ 6545689.978683090768754, 8757278.721383666619658 ], [ 6545823.606229924596846, 8757417.287272471934557 ], [ 6545847.779397692531347, 8757513.669202568009496 ], [ 6545908.902515650726855, 8757602.805664416402578 ], [ 6545957.872002316638827, 8757654.944395983591676 ], [ 6545924.258835088461637, 8757796.18918164819479 ], [ 6545749.032314536161721, 8758001.558422626927495 ], [ 6545720.09860766120255, 8758000.185801781713963 ], [ 6545655.126097641885281, 8758057.683961981907487 ], [ 6545551.663393322378397, 8758249.046944309026003 ], [ 6545447.851114194840193, 8758262.116749621927738 ], [ 6545346.31396940536797, 8758324.365107906982303 ], [ 6545362.631218830123544, 8758380.424030229449272 ], [ 6545395.789518369361758, 8758428.399948505684733 ], [ 6545429.063133738003671, 8758550.555116094648838 ], [ 6545559.198980951681733, 8758585.554008729755878 ], [ 6545652.122608903795481, 8758730.279511574655771 ], [ 6545778.951755311340094, 8758821.776384076103568 ], [ 6545815.944749313406646, 8758926.863591279834509 ], [ 6545772.779135575518012, 8759035.682752842083573 ], [ 6545723.125027878209949, 8759177.684446468949318 ], [ 6545728.702140388078988, 8759284.8085877019912 ], [ 6545732.222829532809556, 8759374.44864746928215 ], [ 6545729.892329008318484, 8759497.800481436774135 ], [ 6545908.115380132570863, 8759530.55872586928308 ], [ 6545866.842513810843229, 8759680.389088628813624 ], [ 6545910.711702621541917, 8759760.496498489752412 ], [ 6546016.424495039507747, 8759788.431540336459875 ], [ 6546067.920291665941477, 8759859.974753333255649 ], [ 6546130.843236170709133, 8760004.943129576742649 ], [ 6546124.126507298089564, 8760159.648820256814361 ], [ 6546060.545381242409348, 8760221.854964511469007 ], [ 6546062.439470304176211, 8760262.844252301380038 ], [ 6546082.588893169537187, 8760341.96175011433661 ], [ 6546086.272988587617874, 8760373.609975475817919 ], [ 6546094.711184105835855, 8760446.091314209625125 ], [ 6546058.161836415529251, 8760517.763962872326374 ], [ 6546068.020776697434485, 8760586.656088203191757 ], [ 6546076.037850483320653, 8760681.309110134840012 ], [ 6546116.480278014205396, 8760927.063291551545262 ], [ 6546092.774801144376397, 8760986.096967335790396 ], [ 6546059.83989395480603, 8761036.303281363099813 ], [ 6546034.37715956941247, 8761069.378892382606864 ], [ 6546100.837825831957161, 8761064.946241477504373 ], [ 6547131.341296812519431, 8761038.339168880134821 ], [ 6547777.231661578640342, 8761061.24993403442204 ], [ 6547781.59395912475884, 8761132.181485934183002 ], [ 6548430.797718066722155, 8760992.359872272238135 ], [ 6548822.378447431139648, 8760941.325616074725986 ], [ 6550727.962562009692192, 8760796.9367456138134 ], [ 6551808.123996963724494, 8760719.30739476531744 ], [ 6551622.746951146051288, 8759806.599217068403959 ], [ 6552761.381711416877806, 8758873.430532202124596 ] ] ] } },
{ "type": "Feature", "properties": { "lv_id": "LOC_031999", "id": 148712.0, "CD_SETOR": "291700305000011", "SITUACAO": "Rural", "CD_SIT": "8", "CD_TIPO": "0", "AREA_KM2": 21.370232604315259, "CD_REGIAO": "2", "NM_REGIAO": "Nordeste", "CD_UF": "29", "NM_UF": "Bahia", "CD_MUN": "2917003", "NM_MUN": "Itiúba", "CD_DIST": "291700305", "NM_DIST": "Itiúba", "CD_SUBDIST": "29170030500", "NM_SUBDIST": null, "CD_BAIRRO": null, "NM_BAIRRO": null, "CD_NU": null, "NM_NU": null, "CD_FCU": null, "NM_FCU": null, "CD_AGLOM": "291700300012", "NM_AGLOM": "Varzinha", "CD_RGINT": "2908", "NM_RGINT": "Juazeiro", "CD_RGI": "290023", "NM_RGI": "Senhor do Bonfim", "CD_CONCURB": null, "NM_CONCURB": null, "mun_code_x": "2917003", "index_right": 7758, "dist_m": 1250.7438008308147, "local_id": 339740, "ano": 2022, "cod_localidade_ibge": 2917003, "NR_ZONA": "149", "nr_cep": 48850000.0, "nm_localidade": "ITIÚBA", "nm_locvot": "ESCOLA JOSE VIRGINIO DE SOUZA", "ds_endereco": "POV. VARZINHA DAS OLARIAS - ZONA RURAL", "ds_bairro": "POVOADO VARZINHA DAS OLARIAS", "pred_long": -39.840377, "pred_lat": -10.657547, "pred_dist": 0.018476102750160501, "tse_long": null, "tse_lat": null, "long": -39.840377, "lat": -10.657547, "ID_UNICO": "LOC_031999", "SG_UF": "BA", "CD_MUNICIPIO": "36412", "NR_LOCAL_VOTACAO": "1473", "QT_SECOES_AGREGADAS": 0, "QT_ELEITORES_TRANSFERIDOS": 0, "CIRO GOMES (PDT) (NÃO ELEITO) 1T": 0.0, "CONSTITUINTE EYMAEL (DC) (NÃO ELEITO) 1T": 0.0, "FELIPE D AVILA (NOVO) (NÃO ELEITO) 1T": 0.0, "JAIR BOLSONARO (PL) (2º TURNO) 1T": 41.0, "LULA (PT) (2º TURNO) 1T": 221.0, "LÉO PÉRICLES (UP) (NÃO ELEITO) 1T": 0.0, "PADRE KELMON (PTB) (NÃO ELEITO) 1T": 0.0, "SIMONE TEBET (MDB) (NÃO ELEITO) 1T": 6.0, "SOFIA MANZANO (PCB) (NÃO ELEITO) 1T": 0.0, "SORAYA THRONICKE (UNIÃO) (NÃO ELEITO) 1T": 2.0, "VERA (PSTU) (NÃO ELEITO) 1T": 1.0, "Total_Votos_Validos 1T": 271.0, "Votos_Brancos 1T": 1.0, "Votos_Nulos 1T": 12.0, "Abstenções 1T": 95.0, "Eleitores_Aptos 1T": 379.0, "JAIR BOLSONARO (PL) (NÃO ELEITO) 2T": 47.0, "LULA (PT) (ELEITO) 2T": 241.0, "Total_Votos_Validos 2T": 288.0, "Votos_Brancos 2T": 0.0, "Votos_Nulos 2T": 11.0, "Abstenções 2T": 80.0, "Eleitores_Aptos 2T": 379.0, "mun_code_y": "2917003", "mun_code": "2917003" }, "geometry": { "type": "Polygon", "coordinates": [ [ [ 6549790.650951096788049, 8786726.829273087903857 ], [ 6550173.013702627271414, 8785530.044595750048757 ], [ 6550370.473896460607648, 8785564.842461258172989 ], [ 6550923.774784421548247, 8785681.696104492992163 ], [ 6550951.919385273009539, 8785706.495505042374134 ], [ 6550976.669051928445697, 8785751.096857851371169 ], [ 6551064.325189578346908, 8785929.840026656165719 ], [ 6551141.074686197564006, 8786117.088215662166476 ], [ 6551191.31166588421911, 8786229.325598938390613 ], [ 6551267.727812614291906, 8786381.470630049705505 ], [ 6551304.957065401598811, 8786462.890417039394379 ], [ 6551353.020040744915605, 8786543.381015842780471 ], [ 6551475.953770689666271, 8786698.471768200397491 ], [ 6551551.552816325798631, 8786795.410643968731165 ], [ 6551570.432718175463378, 8786869.028433620929718 ], [ 6551606.768232551403344, 8786956.351378483697772 ], [ 6551708.391146771609783, 8787141.474341666325927 ], [ 6551750.969742506742477, 8787224.2133425232023 ], [ 6551781.12986296415329, 8787304.100150734186172 ], [ 6551826.126288246363401, 8787689.107288166880608 ], [ 6551903.128904384560883, 8787973.19616024941206 ], [ 6551939.982979497872293, 8788243.672004200518131 ], [ 6551934.948738109320402, 8788467.693371135741472 ], [ 6551969.346796531230211, 8788599.373367074877024 ], [ 6552014.555298360995948, 8788736.374784236773849 ], [ 6552077.892689310014248, 8788809.547061176970601 ], [ 6552095.886744050309062, 8788843.605629907920957 ], [ 6552117.882254924625158, 8788940.881146863102913 ], [ 6552142.527639514766634, 8789050.966497892513871 ], [ 6552140.042136423289776, 8789127.68452075496316 ], [ 6552149.285323366522789, 8789204.596192412078381 ], [ 6552111.26479463186115, 8789552.102293698117137 ], [ 6552112.572046889923513, 8789626.981974272057414 ], [ 6552129.532444220967591, 8789733.348081951960921 ], [ 6552165.571958785876632, 8789854.202308785170317 ], [ 6552198.391320560127497, 8789926.160199047997594 ], [ 6552260.622682053595781, 8789982.897346239537001 ], [ 6552301.455630539916456, 8790009.721697369590402 ], [ 6552340.109078071080148, 8790004.59204126521945 ], [ 6552467.778816904872656, 8789969.351130990311503 ], [ 6552721.952445641160011, 8789843.113531118258834 ], [ 6552876.828306565061212, 8789692.651929559186101 ], [ 6552999.17491951957345, 8789690.605602752417326 ], [ 6553242.710437098518014, 8789685.618180312216282 ], [ 6553365.952274119481444, 8789723.418721497058868 ], [ 6553454.272333570756018, 8789772.064165754243731 ], [ 6553509.868107413873076, 8789817.91830469854176 ], [ 6553578.547565028071404, 8789877.428667075932026 ], [ 6553651.162138028070331, 8789924.660177864134312 ], [ 6553718.230248673819005, 8789938.904124647378922 ], [ 6553807.964947824366391, 8789920.808782886713743 ], [ 6553906.903722304850817, 8789896.008806372061372 ], [ 6553985.501683645881712, 8789858.3972636051476 ], [ 6554069.582473670132458, 8789795.047311192378402 ], [ 6554190.687896077521145, 8789732.945236161351204 ], [ 6554309.086066169664264, 8789711.917082289233804 ], [ 6554257.586442628875375, 8789618.207722146064043 ], [ 6554242.966470011509955, 8789576.694061292335391 ], [ 6554256.694371735677123, 8789536.631709631532431 ], [ 6554321.871557689271867, 8789440.742669319733977 ], [ 6554390.990892899222672, 8789346.052464036270976 ], [ 6554442.811465218663216, 8789217.234750112518668 ], [ 6554478.221244889311492, 8789097.081968862563372 ], [ 6554498.858139852061868, 8788999.728706298395991 ], [ 6554529.336187826469541, 8788930.03530952706933 ], [ 6554544.882537589408457, 8788875.759288359433413 ], [ 6554542.371092457324266, 8788778.587425116449594 ], [ 6554542.389959312044084, 8788635.296242110431194 ], [ 6554546.825018538162112, 8788150.425871884450316 ], [ 6554541.133521736599505, 8788024.992397237569094 ], [ 6554508.229496084153652, 8787912.494994290173054 ], [ 6554466.855899154208601, 8787749.501685734838247 ], [ 6554435.707004092633724, 8787607.63914342597127 ], [ 6554425.970734234899282, 8787393.15598226711154 ], [ 6554421.495791960507631, 8787337.048628309741616 ], [ 6554394.374992514029145, 8787306.862814795225859 ], [ 6554260.499150068499148, 8787108.837102087214589 ], [ 6554199.788165219128132, 8787020.08212505467236 ], [ 6554173.991003529168665, 8786883.005141239613295 ], [ 6554173.10280299000442, 8786786.991558849811554 ], [ 6554155.064752941019833, 8786728.89528975263238 ], [ 6554130.423162846826017, 8786622.350699476897717 ], [ 6554124.902731718495488, 8786512.14669874496758 ], [ 6554122.102973209694028, 8786416.756891995668411 ], [ 6554138.938874633051455, 8786352.180283343419433 ], [ 6554153.745855625718832, 8786223.185250468552113 ], [ 6554120.578580169007182, 8786073.674926357343793 ], [ 6554076.008568465709686, 8785956.447736501693726 ], [ 6554047.158478395082057, 8785888.698902390897274 ], [ 6554043.653497976250947, 8785815.191317785531282 ], [ 6554018.070167941972613, 8785682.690373193472624 ], [ 6554000.891586847603321, 8785559.69090836122632 ], [ 6553979.61141318641603, 8785129.936019716784358 ], [ 6553989.197623123414814, 8785034.627813601866364 ], [ 6554007.972664665430784, 8784915.24604913033545 ], [ 6554064.697477811947465, 8784882.329475671052933 ], [ 6554182.256148315966129, 8784876.017546435818076 ], [ 6554236.106818329542875, 8784810.742738373577595 ], [ 6554316.302929727360606, 8784762.446493908762932 ], [ 6554442.386373084038496, 8784702.553321750834584 ], [ 6554499.771718062460423, 8784657.938413709402084 ], [ 6554559.026194835081697, 8784608.915192138403654 ], [ 6554619.832437012344599, 8784606.748077968135476 ], [ 6554693.833081987686455, 8784574.677336929365993 ], [ 6554750.554155550897121, 8784525.1082500256598 ], [ 6554794.667701563797891, 8784424.742677018046379 ], [ 6554836.370068485848606, 8784407.350237004458904 ], [ 6554903.267097828909755, 8784282.056138209998608 ], [ 6554958.591222908347845, 8784094.80961250513792 ], [ 6555183.042096652090549, 8784069.331152621656656 ], [ 6555252.054633893072605, 8784035.034542240202427 ], [ 6555311.546887722797692, 8783961.967248504981399 ], [ 6555380.458908941596746, 8783958.409481065347791 ], [ 6555447.551644505932927, 8783926.697844676673412 ], [ 6555524.04318658914417, 8783819.318100832402706 ], [ 6555577.349397734738886, 8783764.347588993608952 ], [ 6555745.886477041989565, 8783700.139227449893951 ], [ 6555896.043627423234284, 8783574.380407935008407 ], [ 6556072.005892089568079, 8783546.960568103939295 ], [ 6555834.948608236387372, 8783458.458996193483472 ], [ 6555761.927071594633162, 8783427.583773605525494 ], [ 6555404.730846919119358, 8783185.577138010412455 ], [ 6555339.448623783886433, 8783146.921824298799038 ], [ 6555280.679126849398017, 8783118.036881569772959 ], [ 6555189.377866938710213, 8783086.874596426263452 ], [ 6554896.980060051195323, 8782996.086435724049807 ], [ 6554717.94268393702805, 8782939.870010271668434 ], [ 6554489.394374090246856, 8782857.239374805241823 ], [ 6554288.963013326749206, 8782775.162403229624033 ], [ 6554133.260508267208934, 8782708.749079156666994 ], [ 6553973.803528943099082, 8782614.489441305398941 ], [ 6553796.26588493399322, 8782508.928636545315385 ], [ 6553674.527154044248164, 8782435.103264274075627 ], [ 6553566.684302453882992, 8782372.293338863179088 ], [ 6553502.923909201286733, 8782325.404586475342512 ], [ 6553467.59514232352376, 8782291.770146071910858 ], [ 6553416.142232468351722, 8782223.207221306860447 ], [ 6553371.893376028165221, 8782163.49287417344749 ], [ 6553337.912440476939082, 8782123.866813011467457 ], [ 6553302.138728927820921, 8782094.164587773382664 ], [ 6553241.210641352459788, 8782070.489219967275858 ], [ 6553203.108522047288716, 8782051.932828703895211 ], [ 6553131.690810179337859, 8782028.774372436106205 ], [ 6553089.329015854746103, 8782024.885008385404944 ], [ 6553040.835461203940213, 8782036.39870778657496 ], [ 6552994.858754456043243, 8782068.299854474142194 ], [ 6552935.751352133229375, 8782151.162304336205125 ], [ 6552854.062993192113936, 8782276.126438019797206 ], [ 6552732.561675489880145, 8782452.958191387355328 ], [ 6552629.204984098672867, 8782540.567042037844658 ], [ 6552524.007687214761972, 8782623.846478786319494 ], [ 6552492.611133748665452, 8782659.237169686704874 ], [ 6552440.274716325104237, 8782755.000794230028987 ], [ 6552365.25957808457315, 8782916.268126023933291 ], [ 6552334.755728070624173, 8782958.778217351064086 ], [ 6552261.576789698563516, 8783038.906621690839529 ], [ 6552229.373232549987733, 8783079.692719254642725 ], [ 6552166.728818457573652, 8783227.69738538376987 ], [ 6552064.942393246106803, 8783378.126242266967893 ], [ 6552018.813896716572344, 8783431.820554496720433 ], [ 6551850.892971361987293, 8783543.116278704255819 ], [ 6551702.95120558142662, 8783636.205872748047113 ], [ 6551650.654173259623349, 8783688.425667194649577 ], [ 6551564.009422667324543, 8783810.934833627194166 ], [ 6551120.385028481483459, 8784460.350241102278233 ], [ 6551084.067781589925289, 8784501.0922930855304 ], [ 6551017.965030867606401, 8784549.642508018761873 ], [ 6550833.376268340274692, 8784662.929078739136457 ], [ 6550611.201139938086271, 8784793.887819206342101 ], [ 6550303.987445801496506, 8784983.641224376857281 ], [ 6550244.814185423776507, 8785010.456655036658049 ], [ 6549539.485719282180071, 8785098.828942365944386 ], [ 6549170.548181409016252, 8785145.606229430064559 ], [ 6549013.456624668091536, 8785159.992402942851186 ], [ 6548943.323210874572396, 8785156.943453447893262 ], [ 6548967.707050587981939, 8785205.355652721598744 ], [ 6548701.886854942888021, 8785273.971137305721641 ], [ 6548516.262310371734202, 8785284.689016215503216 ], [ 6548427.94431194383651, 8785358.894055420532823 ], [ 6548234.89482843130827, 8785489.537168521434069 ], [ 6548078.319732098840177, 8785550.660869639366865 ], [ 6547887.795031197369099, 8785738.815991658717394 ], [ 6547847.104351114481688, 8785936.124876983463764 ], [ 6547760.366647651419044, 8786130.988646464422345 ], [ 6547811.113054744899273, 8786390.471095830202103 ], [ 6547940.365115388296545, 8786529.175730232149363 ], [ 6548327.235263593494892, 8786622.440873384475708 ], [ 6548447.131498004309833, 8786661.848009910434484 ], [ 6548557.001451525837183, 8786723.649585654959083 ], [ 6548933.654164441861212, 8786792.43413614295423 ], [ 6549467.372944730333984, 8786590.438460260629654 ], [ 6549790.650951096788049, 8786726.829273087903857 ] ] ] } },
{ "type": "Feature", "properties": { "lv_id": "LOC_032000", "id": 148705.0, "CD_SETOR": "291700305000004", "SITUACAO": "Urbana", "CD_SIT": "1", "CD_TIPO": "0", "AREA_KM2": 0.14856649532383401, "CD_REGIAO": "2", "NM_REGIAO": "Nordeste", "CD_UF": "29", "NM_UF": "Bahia", "CD_MUN": "2917003", "NM_MUN": "Itiúba", "CD_DIST": "291700305", "NM_DIST": "Itiúba", "CD_SUBDIST": "29170030500", "NM_SUBDIST": null, "CD_BAIRRO": null, "NM_BAIRRO": null, "CD_NU": null, "NM_NU": null, "CD_FCU": null, "NM_FCU": null, "CD_AGLOM": null, "NM_AGLOM": null, "CD_RGINT": "2908", "NM_RGINT": "Juazeiro", "CD_RGI": "290023", "NM_RGI": "Senhor do Bonfim", "CD_CONCURB": null, "NM_CONCURB": null, "mun_code_x": "2917003", "index_right": 7739, "dist_m": 257.33452401796779, "local_id": 339721, "ano": 2022, "cod_localidade_ibge": 2917003, "NR_ZONA": "149", "nr_cep": 48850000.0, "nm_localidade": "ITIÚBA", "nm_locvot": "ESCOLA ELYSIO FERREIRA BARROS", "ds_endereco": "RUA HAMILTON PITANGA, S/N - ZONA URBANA", "ds_bairro": "PROJETO SERTANEJO", "pred_long": -39.861078, "pred_lat": -10.688488, "pred_dist": 0.025606702995029599, "tse_long": null, "tse_lat": null, "long": -39.861078, "lat": -10.688488, "ID_UNICO": "LOC_032000", "SG_UF": "BA", "CD_MUNICIPIO": "36412", "NR_LOCAL_VOTACAO": "1147", "QT_SECOES_AGREGADAS": 0, "QT_ELEITORES_TRANSFERIDOS": 0, "CIRO GOMES (PDT) (NÃO ELEITO) 1T": 13.0, "CONSTITUINTE EYMAEL (DC) (NÃO ELEITO) 1T": 0.0, "FELIPE D AVILA (NOVO) (NÃO ELEITO) 1T": 0.0, "JAIR BOLSONARO (PL) (2º TURNO) 1T": 303.0, "LULA (PT) (2º TURNO) 1T": 571.0, "LÉO PÉRICLES (UP) (NÃO ELEITO) 1T": 0.0, "PADRE KELMON (PTB) (NÃO ELEITO) 1T": 0.0, "SIMONE TEBET (MDB) (NÃO ELEITO) 1T": 14.0, "SOFIA MANZANO (PCB) (NÃO ELEITO) 1T": 1.0, "SORAYA THRONICKE (UNIÃO) (NÃO ELEITO) 1T": 5.0, "VERA (PSTU) (NÃO ELEITO) 1T": 0.0, "Total_Votos_Validos 1T": 907.0, "Votos_Brancos 1T": 10.0, "Votos_Nulos 1T": 28.0, "Abstenções 1T": 275.0, "Eleitores_Aptos 1T": 1220.0, "JAIR BOLSONARO (PL) (NÃO ELEITO) 2T": 336.0, "LULA (PT) (ELEITO) 2T": 574.0, "Total_Votos_Validos 2T": 910.0, "Votos_Brancos 2T": 13.0, "Votos_Nulos 2T": 48.0, "Abstenções 2T": 249.0, "Eleitores_Aptos 2T": 1220.0, "mun_code_y": "2917003", "mun_code": "2917003" }, "geometry": { "type": "Polygon", "coordinates": [ [ [ 6544365.50078125204891, 8782217.178350215777755 ], [ 6544472.868504027836025, 8782281.745841158553958 ], [ 6544477.281898453831673, 8782284.405191706493497 ], [ 6544806.318555599078536, 8782473.756178082898259 ], [ 6545338.169042805209756, 8782786.169468138366938 ], [ 6545161.173151860013604, 8783197.964888734742999 ], [ 6545265.350602688267827, 8783248.637165244668722 ], [ 6545326.760931711643934, 8783245.371746746823192 ], [ 6545354.402644213289022, 8783272.687035365030169 ], [ 6546350.251702136360109, 8783279.840466337278485 ], [ 6546389.598433192819357, 8783225.688247621059418 ], [ 6546451.214813323691487, 8783150.645140793174505 ], [ 6546494.697842327877879, 8783105.366433631628752 ], [ 6546521.75196516700089, 8783077.199589924886823 ], [ 6546620.931418435648084, 8782985.990784091874957 ], [ 6546692.710967865772545, 8782892.638566914945841 ], [ 6546752.815002676099539, 8782802.169028153643012 ], [ 6546807.564424964599311, 8782675.279651859775186 ], [ 6546851.085694877430797, 8782552.689121043309569 ], [ 6546875.224808795377612, 8782481.069638287648559 ], [ 6546900.208211091347039, 8782387.521894944831729 ], [ 6546848.396707124076784, 8782374.710430469363928 ], [ 6546878.317470613867044, 8782310.088059516623616 ], [ 6546766.102712525054812, 8782254.168478570878506 ], [ 6546557.749099554494023, 8782156.539236830547452 ], [ 6546516.266865371726453, 8782195.89103714376688 ], [ 6546405.825140102766454, 8782112.90536255016923 ], [ 6546329.592973157763481, 8782054.003563823178411 ], [ 6546299.925970720127225, 8782095.743486223742366 ], [ 6546101.513206358999014, 8782301.639240425080061 ], [ 6546053.022318520583212, 8782341.253636348992586 ], [ 6545882.584345994517207, 8782333.441604383289814 ], [ 6545876.112860101275146, 8782479.046038331463933 ], [ 6545646.315913213416934, 8782799.163247223943472 ], [ 6545009.76008521206677, 8782482.217633021995425 ], [ 6544997.570930473506451, 8782433.89275642298162 ], [ 6544968.76999045163393, 8782389.702646793797612 ], [ 6544919.96679669059813, 8782353.849481891840696 ], [ 6544581.975983795709908, 8782100.82068270817399 ], [ 6544568.306386127136648, 8782093.033377468585968 ], [ 6544383.258409259840846, 8781987.552146648988128 ], [ 6544285.218108553439379, 8782166.441883089020848 ], [ 6544365.50078125204891, 8782217.178350215777755 ] ] ] } },
{ "type": "Feature", "properties": { "lv_id": "LOC_032001", "id": 148777.0, "CD_SETOR": "291700305000094", "SITUACAO": "Rural", "CD_SIT": "8", "CD_TIPO": "0", "AREA_KM2": 27.901272194548969, "CD_REGIAO": "2", "NM_REGIAO": "Nordeste", "CD_UF": "29", "NM_UF": "Bahia", "CD_MUN": "2917003", "NM_MUN": "Itiúba", "CD_DIST": "291700305", "NM_DIST": "Itiúba", "CD_SUBDIST": "29170030500", "NM_SUBDIST": null, "CD_BAIRRO": null, "NM_BAIRRO": null, "CD_NU": null, "NM_NU": null, "CD_FCU": null, "NM_FCU": null, "CD_AGLOM": null, "NM_AGLOM": null, "CD_RGINT": "2908", "NM_RGINT": "Juazeiro", "CD_RGI": "290023", "NM_RGI": "Senhor do Bonfim", "CD_CONCURB": null, "NM_CONCURB": null, "mun_code_x": "2917003", "index_right": 7741, "dist_m": 0.0, "local_id": 339723, "ano": 2022, "cod_localidade_ibge": 2917003, "NR_ZONA": "149", "nr_cep": 48850000.0, "nm_localidade": "ITIÚBA", "nm_locvot": "ESCOLA SAO CRISTOVAO", "ds_endereco": "POVOADO DE MORCEGO - ZONA RURAL", "ds_bairro": "POVOADO MORCEGO", "pred_long": -39.763922, "pred_lat": -10.611697, "pred_dist": 0.0210854869657695, "tse_long": null, "tse_lat": null, "long": -39.763922, "lat": -10.611697, "ID_UNICO": "LOC_032001", "SG_UF": "BA", "CD_MUNICIPIO": "36412", "NR_LOCAL_VOTACAO": "1481", "QT_SECOES_AGREGADAS": 0, "QT_ELEITORES_TRANSFERIDOS": 0, "CIRO GOMES (PDT) (NÃO ELEITO) 1T": 1.0, "CONSTITUINTE EYMAEL (DC) (NÃO ELEITO) 1T": 0.0, "FELIPE D AVILA (NOVO) (NÃO ELEITO) 1T": 0.0, "JAIR BOLSONARO (PL) (2º TURNO) 1T": 41.0, "LULA (PT) (2º TURNO) 1T": 118.0, "LÉO PÉRICLES (UP) (NÃO ELEITO) 1T": 0.0, "PADRE KELMON (PTB) (NÃO ELEITO) 1T": 0.0, "SIMONE TEBET (MDB) (NÃO ELEITO) 1T": 3.0, "SOFIA MANZANO (PCB) (NÃO ELEITO) 1T": 0.0, "SORAYA THRONICKE (UNIÃO) (NÃO ELEITO) 1T": 2.0, "VERA (PSTU) (NÃO ELEITO) 1T": 0.0, "Total_Votos_Validos 1T": 165.0, "Votos_Brancos 1T": 1.0, "Votos_Nulos 1T": 3.0, "Abstenções 1T": 35.0, "Eleitores_Aptos 1T": 204.0, "JAIR BOLSONARO (PL) (NÃO ELEITO) 2T": 44.0, "LULA (PT) (ELEITO) 2T": 103.0, "Total_Votos_Validos 2T": 147.0, "Votos_Brancos 2T": 2.0, "Votos_Nulos 2T": 4.0, "Abstenções 2T": 51.0, "Eleitores_Aptos 2T": 204.0, "mun_code_y": "2917003", "mun_code": "2917003" }, "geometry": { "type": "Polygon", "coordinates": [ [ [ 6556337.564964449033141, 8794762.323397507891059 ], [ 6556358.243012929335237, 8794653.550098869949579 ], [ 6556654.710853149183095, 8794395.816672952845693 ], [ 6557066.540104428306222, 8794149.972725439816713 ], [ 6557216.707451787777245, 8794170.23769667185843 ], [ 6557314.020450565032661, 8794241.945724718272686 ], [ 6557943.984907129779458, 8794147.357784017920494 ], [ 6557978.283796414732933, 8794005.175154436379671 ], [ 6557991.975070238113403, 8793948.458379551768303 ], [ 6557986.612258781678975, 8793858.498830223456025 ], [ 6557973.814004508778453, 8793643.933935476467013 ], [ 6557971.028633464127779, 8793597.151198765262961 ], [ 6557967.3518081959337, 8793535.513877741992474 ], [ 6557952.121008249931037, 8793280.092467859387398 ], [ 6557952.434399993158877, 8793275.641477765515447 ], [ 6557952.758723026141524, 8793271.189987827092409 ], [ 6557971.411902230232954, 8793010.524139998480678 ], [ 6557971.471310568042099, 8793010.38455980271101 ], [ 6558061.47018217202276, 8792788.928797762840986 ], [ 6558062.002262260764837, 8792787.615657031536102 ], [ 6558132.13365666847676, 8792518.194687981158495 ], [ 6558132.843313673511147, 8792515.481953147798777 ], [ 6558189.629941590130329, 8792186.871126480400562 ], [ 6558198.743967017158866, 8792134.171498656272888 ], [ 6558286.187398752197623, 8791938.751408273354173 ], [ 6558436.027895796112716, 8791767.812046399340034 ], [ 6558710.065988554619253, 8791536.491965273395181 ], [ 6558934.058184435591102, 8791347.389502998441458 ], [ 6559010.763465450145304, 8791217.338992636650801 ], [ 6559026.026826473884284, 8790975.075343258678913 ], [ 6558880.774243612773716, 8790571.534519366919994 ], [ 6558726.944431647658348, 8790268.658382300287485 ], [ 6558664.203048259019852, 8790043.637653883546591 ], [ 6558694.433744275942445, 8789841.715921971946955 ], [ 6558842.378272417932749, 8789629.819605134427547 ], [ 6558936.584813369438052, 8789494.911986229941249 ], [ 6558967.643690263852477, 8789450.429696412757039 ], [ 6559010.155817446298897, 8789317.881550684571266 ], [ 6559052.666928842663765, 8789185.332927215844393 ], [ 6559097.297113416716456, 8788812.956703213974833 ], [ 6559051.601855790242553, 8788583.457774229347706 ], [ 6558464.454203936271369, 8788957.696507440879941 ], [ 6558266.59394808858633, 8788948.630237203091383 ], [ 6558073.495337657630444, 8788840.173984929919243 ], [ 6557122.62383621558547, 8788644.333096273243427 ], [ 6557135.639420133084059, 8787908.427792640402913 ], [ 6557059.23389037232846, 8787712.357423847541213 ], [ 6556952.220573453232646, 8787740.763825912028551 ], [ 6556825.663289979100227, 8787708.605343014001846 ], [ 6556733.28976222500205, 8787776.199173547327518 ], [ 6556673.823226284235716, 8787792.545572247356176 ], [ 6556590.977855411358178, 8787800.350289905443788 ], [ 6556466.369727335870266, 8787827.474719194695354 ], [ 6556394.070418741554022, 8787868.028446432203054 ], [ 6556353.206168700940907, 8787898.449293248355389 ], [ 6556306.790469963103533, 8787919.749982299283147 ], [ 6556255.323787401430309, 8787922.692574637010694 ], [ 6556204.707676695659757, 8787926.998845178633928 ], [ 6556179.079862900078297, 8787972.629800306633115 ], [ 6556132.722981341183186, 8787976.421171214431524 ], [ 6556091.349351745098829, 8787931.491435239091516 ], [ 6556019.392608430236578, 8787916.179550236091018 ], [ 6555978.301363421604037, 8787920.630260420963168 ], [ 6555946.924949143081903, 8787963.171375630423427 ], [ 6555839.094760270789266, 8787955.77687980979681 ], [ 6555786.484002580866218, 8788003.955786246806383 ], [ 6555716.508718216791749, 8788083.17525939270854 ], [ 6555657.573713039979339, 8788078.441773613914847 ], [ 6555584.352804058231413, 8788114.654950860887766 ], [ 6555530.418894193135202, 8788068.567756522446871 ], [ 6555537.052057701162994, 8788026.010415067896247 ], [ 6555524.888383654877543, 8787962.441290069371462 ], [ 6555508.618901447393, 8787878.407155996188521 ], [ 6555412.932161219418049, 8787854.762758893892169 ], [ 6555249.514627104625106, 8787765.330556811764836 ], [ 6555154.62436156719923, 8787714.108452800661325 ], [ 6555063.261367020197213, 8787702.935905341058969 ], [ 6555009.921487430110574, 8787684.876716950908303 ], [ 6554921.014974947087467, 8787594.880133574828506 ], [ 6554739.906254254281521, 8787562.06019851565361 ], [ 6554656.453501775860786, 8787543.203379958868027 ], [ 6554592.392250544391572, 8787493.807217337191105 ], [ 6554527.188618399202824, 8787453.746373953297734 ], [ 6554499.308523993939161, 8787384.399861771613359 ], [ 6554421.495791960507631, 8787337.048628309741616 ], [ 6554425.970734234899282, 8787393.15598226711154 ], [ 6554435.707004092633724, 8787607.63914342597127 ], [ 6554466.855899154208601, 8787749.501685734838247 ], [ 6554508.229496084153652, 8787912.494994290173054 ], [ 6554541.133521736599505, 8788024.992397237569094 ], [ 6554546.825018538162112, 8788150.425871884450316 ], [ 6554542.389959312044084, 8788635.296242110431194 ], [ 6554542.371092457324266, 8788778.587425116449594 ], [ 6554544.882537589408457, 8788875.759288359433413 ], [ 6554529.336187826469541, 8788930.03530952706933 ], [ 6554498.858139852061868, 8788999.728706298395991 ], [ 6554478.221244889311492, 8789097.081968862563372 ], [ 6554442.811465218663216, 8789217.234750112518668 ], [ 6554390.990892899222672, 8789346.052464036270976 ], [ 6554321.871557689271867, 8789440.742669319733977 ], [ 6554256.694371735677123, 8789536.631709631532431 ], [ 6554242.966470011509955, 8789576.694061292335391 ], [ 6554257.586442628875375, 8789618.207722146064043 ], [ 6554309.086066169664264, 8789711.917082289233804 ], [ 6554190.687896077521145, 8789732.945236161351204 ], [ 6554069.582473670132458, 8789795.047311192378402 ], [ 6553985.501683645881712, 8789858.3972636051476 ], [ 6553906.903722304850817, 8789896.008806372061372 ], [ 6553807.964947824366391, 8789920.808782886713743 ], [ 6553718.230248673819005, 8789938.904124647378922 ], [ 6553651.162138028070331, 8789924.660177864134312 ], [ 6553720.820732082240283, 8790140.787771958857775 ], [ 6553711.363016683608294, 8790502.209857465699315 ], [ 6553699.912930989637971, 8790819.716303199529648 ], [ 6553767.975187366828322, 8791284.242128688842058 ], [ 6553879.667726980522275, 8791414.637697918340564 ], [ 6553890.54546482115984, 8791487.545643171295524 ], [ 6553958.451989989727736, 8791564.121258534491062 ], [ 6553909.321663624607027, 8791649.850433737039566 ], [ 6553922.575594071298838, 8791899.850085908547044 ], [ 6553983.312065850943327, 8792031.54833634570241 ], [ 6554005.863317778334022, 8792116.034445833414793 ], [ 6554025.365475090220571, 8792187.112366419285536 ], [ 6553997.72877705283463, 8792250.147108603268862 ], [ 6554009.692904117517173, 8792323.382297953590751 ], [ 6554000.103543367236853, 8792364.006205076351762 ], [ 6553944.62216595094651, 8792380.062852270901203 ], [ 6553887.726538004353642, 8792448.697181848809123 ], [ 6553861.180374039337039, 8792519.162125702947378 ], [ 6553858.677796598523855, 8792567.296546345576644 ], [ 6553906.798990642651916, 8792619.381780005991459 ], [ 6553798.887706529349089, 8792684.390134904533625 ], [ 6553758.55729556735605, 8792757.467489048838615 ], [ 6553774.661153165623546, 8792914.385966457426548 ], [ 6553888.064750093966722, 8793018.470539446920156 ], [ 6553882.545488104224205, 8793095.639007894322276 ], [ 6553835.582998918369412, 8793209.158717416226864 ], [ 6553788.974980471655726, 8793343.404679602012038 ], [ 6553765.248466746881604, 8793430.536967130377889 ], [ 6553768.263723574578762, 8793580.069874504581094 ], [ 6553777.845721511170268, 8793661.532718369737267 ], [ 6553826.693870737217367, 8793840.416110275313258 ], [ 6553847.459354781545699, 8793996.381591338664293 ], [ 6553847.580967153422534, 8794050.782044183462858 ], [ 6553905.849934372119606, 8794172.402119178324938 ], [ 6553966.39249362051487, 8794261.624249123036861 ], [ 6553988.822314309887588, 8794280.672475066035986 ], [ 6554018.2833012631163, 8794280.983627546578646 ], [ 6554063.64817054849118, 8794284.390285525470972 ], [ 6554173.808202581480145, 8794331.416702419519424 ], [ 6554319.192787903361022, 8794365.422990014776587 ], [ 6554372.11588975507766, 8794378.520303791388869 ], [ 6554520.070495425723493, 8794420.916450820863247 ], [ 6554554.514961435459554, 8794452.999251125380397 ], [ 6554675.764183323830366, 8794493.510662864893675 ], [ 6554735.929538059979677, 8794536.23578835465014 ], [ 6554827.595087205059826, 8794591.677632292732596 ], [ 6554882.594387506134808, 8794613.871896967291832 ], [ 6554891.807771309278905, 8794641.060887224972248 ], [ 6554905.951584892347455, 8794654.671195274218917 ], [ 6555178.068760980851948, 8794798.914484472945333 ], [ 6555254.372761423699558, 8794908.656401962041855 ], [ 6555289.584463529288769, 8794900.927640872076154 ], [ 6555334.110191946849227, 8794904.896890431642532 ], [ 6555375.024830289185047, 8794940.996454974636436 ], [ 6555433.660690575838089, 8794972.388199634850025 ], [ 6555532.148514500819147, 8794997.641444569453597 ], [ 6555567.55205961316824, 8795032.509852783754468 ], [ 6555748.192886341363192, 8795028.142164057120681 ], [ 6555864.429722796194255, 8795022.843513840809464 ], [ 6555954.72250952757895, 8795032.058967838063836 ], [ 6556001.069351094774902, 8795031.953214287757874 ], [ 6556070.040665213949978, 8794942.842132506892085 ], [ 6556167.253312895074487, 8794828.732685577124357 ], [ 6556270.282783700153232, 8794808.752062413841486 ], [ 6556337.564964449033141, 8794762.323397507891059 ] ] ] } },
{ "type": "Feature", "properties": { "lv_id": "LOC_032002", "id": 148757.0, "CD_SETOR": "291700305000072", "SITUACAO": "Rural", "CD_SIT": "8", "CD_TIPO": "0", "AREA_KM2": 35.194377966023772, "CD_REGIAO": "2", "NM_REGIAO": "Nordeste", "CD_UF": "29", "NM_UF": "Bahia", "CD_MUN": "2917003", "NM_MUN": "Itiúba", "CD_DIST": "291700305", "NM_DIST": "Itiúba", "CD_SUBDIST": "29170030500", "NM_SUBDIST": null, "CD_BAIRRO": null, "NM_BAIRRO": null, "CD_NU": null, "NM_NU": null, "CD_FCU": null, "NM_FCU": null, "CD_AGLOM": null, "NM_AGLOM": null, "CD_RGINT": "2908", "NM_RGINT": "Juazeiro", "CD_RGI": "290023", "NM_RGI": "Senhor do Bonfim", "CD_CONCURB": null, "NM_CONCURB": null, "mun_code_x": "2917003", "index_right": 7740, "dist_m": 0.0, "local_id": 339722, "ano": 2022, "cod_localidade_ibge": 2917003, "NR_ZONA": "149", "nr_cep": 48850000.0, "nm_localidade": "ITIÚBA", "nm_locvot": "ESCOLA MALAQUIAS JOSE DOS SANTOS", "ds_endereco": "POVOADO DE CERCADINHO - ZONA RURAL", "ds_bairro": "POVOADO DE CERCADINHO", "pred_long": -39.891827, "pred_lat": -10.764604, "pred_dist": 0.0163183025435207, "tse_long": null, "tse_lat": null, "long": -39.891827, "lat": -10.764604, "ID_UNICO": "LOC_032002", "SG_UF": "BA", "CD_MUNICIPIO": "36412", "NR_LOCAL_VOTACAO": "1490", "QT_SECOES_AGREGADAS": 0, "QT_ELEITORES_TRANSFERIDOS": 0, "CIRO GOMES (PDT) (NÃO ELEITO) 1T": 1.0, "CONSTITUINTE EYMAEL (DC) (NÃO ELEITO) 1T": 0.0, "FELIPE D AVILA (NOVO) (NÃO ELEITO) 1T": 0.0, "JAIR BOLSONARO (PL) (2º TURNO) 1T": 32.0, "LULA (PT) (2º TURNO) 1T": 232.0, "LÉO PÉRICLES (UP) (NÃO ELEITO) 1T": 0.0, "PADRE KELMON (PTB) (NÃO ELEITO) 1T": 0.0, "SIMONE TEBET (MDB) (NÃO ELEITO) 1T": 3.0, "SOFIA MANZANO (PCB) (NÃO ELEITO) 1T": 0.0, "SORAYA THRONICKE (UNIÃO) (NÃO ELEITO) 1T": 1.0, "VERA (PSTU) (NÃO ELEITO) 1T": 0.0, "Total_Votos_Validos 1T": 269.0, "Votos_Brancos 1T": 3.0, "Votos_Nulos 1T": 4.0, "Abstenções 1T": 112.0, "Eleitores_Aptos 1T": 388.0, "JAIR BOLSONARO (PL) (NÃO ELEITO) 2T": 35.0, "LULA (PT) (ELEITO) 2T": 242.0, "Total_Votos_Validos 2T": 277.0, "Votos_Brancos 2T": 5.0, "Votos_Nulos 2T": 2.0, "Abstenções 2T": 104.0, "Eleitores_Aptos 2T": 388.0, "mun_code_y": "2917003", "mun_code": "2917003" }, "geometry": { "type": "Polygon", "coordinates": [ [ [ 6546391.016063190996647, 8770611.73082354106009 ], [ 6546156.898429134860635, 8770510.424182837828994 ], [ 6546059.354914156720042, 8770422.511386992409825 ], [ 6545974.616351675242186, 8770308.469103707000613 ], [ 6545912.06024777982384, 8770204.277195062488317 ], [ 6545864.936773363500834, 8770089.977477306500077 ], [ 6545769.94120872206986, 8769871.571571338921785 ], [ 6545706.134465681388974, 8769813.668187104165554 ], [ 6545608.234455465339124, 8769790.575193449854851 ], [ 6545582.734098768793046, 8769753.472371380776167 ], [ 6545595.995354084298015, 8769653.480513945221901 ], [ 6545601.934529314748943, 8769583.388943469151855 ], [ 6545569.860116789117455, 8769464.256207779049873 ], [ 6545451.357916057109833, 8769433.761324390769005 ], [ 6545408.538649981841445, 8769336.240252144634724 ], [ 6545434.382189244031906, 8769210.33457038551569 ], [ 6545354.741804624907672, 8769147.089472331106663 ], [ 6545324.341604352928698, 8768999.071750726550817 ], [ 6545336.732018078677356, 8768801.373615520074964 ], [ 6545386.135225208476186, 8768424.273680057376623 ], [ 6545383.834818124771118, 8768276.07185303978622 ], [ 6545446.137938685715199, 8767987.272844202816486 ], [ 6545458.736698702909052, 8767759.96745397336781 ], [ 6545352.730823713354766, 8767599.562718126922846 ], [ 6545285.633627709001303, 8767440.672777377068996 ], [ 6545275.834800472483039, 8767265.172874199226499 ], [ 6545291.833271717652678, 8767215.466257518157363 ], [ 6545277.018228117376566, 8767128.609269952401519 ], [ 6545221.091604869812727, 8767021.348153611645103 ], [ 6545208.550020627677441, 8766953.253686372190714 ], [ 6545157.990544836036861, 8766865.13623109459877 ], [ 6545051.648113992996514, 8766776.322773031890392 ], [ 6544985.464798986911774, 8766619.981437420472503 ], [ 6544954.441992741078138, 8766593.284321708604693 ], [ 6544986.84579508844763, 8766515.410665204748511 ], [ 6545019.946339273825288, 8766454.616356858983636 ], [ 6545012.853503946214914, 8766339.790596071630716 ], [ 6544964.0312320869416, 8766231.369847742840648 ], [ 6544957.344516237266362, 8766144.216851375997066 ], [ 6544999.823855925351381, 8766072.681019110605121 ], [ 6545010.769684409722686, 8766018.60289834626019 ], [ 6545019.395498080179095, 8765947.155650373548269 ], [ 6545025.468924714252353, 8765880.91135567612946 ], [ 6545011.25971313752234, 8765838.979099832475185 ], [ 6545127.47587900608778, 8765771.578389720991254 ], [ 6545145.672505769878626, 8765723.091436345130205 ], [ 6545122.164212189614773, 8765686.994561133906245 ], [ 6545138.273688433691859, 8765635.970947422087193 ], [ 6545189.550734771415591, 8765563.705837456509471 ], [ 6545046.008098104968667, 8765495.036094348877668 ], [ 6545007.571080253459513, 8765531.591611998155713 ], [ 6545008.020384301431477, 8765586.360860325396061 ], [ 6544926.633673613891006, 8765620.851254142820835 ], [ 6544709.698252615518868, 8765573.633952487260103 ], [ 6544647.183516640216112, 8765519.796598974615335 ], [ 6544559.819526260718703, 8765419.25484511628747 ], [ 6544494.715876562520862, 8765414.581447603181005 ], [ 6544398.248958093114197, 8765492.726001154631376 ], [ 6544367.416527449153364, 8765477.786322301253676 ], [ 6544331.563129453919828, 8765432.196891577914357 ], [ 6544290.249870073050261, 8765469.53404937684536 ], [ 6544239.734630104154348, 8765573.885542746633291 ], [ 6544179.168182295747101, 8765601.730122273787856 ], [ 6544137.93191194254905, 8765674.106549803167582 ], [ 6544139.520954329520464, 8765805.178080396726727 ], [ 6544188.744862705469131, 8765899.019356986507773 ], [ 6544194.836737579666078, 8766031.62643938139081 ], [ 6544165.343565029092133, 8766130.441296396777034 ], [ 6544115.737746236845851, 8766196.763884279876947 ], [ 6544034.69114912301302, 8766176.274467043578625 ], [ 6543914.611438772641122, 8766137.94154679775238 ], [ 6543811.790409910492599, 8766177.945880763232708 ], [ 6543737.836424926295877, 8766307.627175999805331 ], [ 6543735.090328968130052, 8766444.03879202157259 ], [ 6543680.218405353836715, 8766495.601074231788516 ], [ 6543614.873617811128497, 8766554.625039791688323 ], [ 6543474.113517788238823, 8766621.657505143433809 ], [ 6543359.034873964264989, 8766725.938311954960227 ], [ 6543241.406083922833204, 8766757.960219772532582 ], [ 6543168.944778172299266, 8766796.951846942305565 ], [ 6543113.388652033172548, 8766917.874784808605909 ], [ 6543191.716710209846497, 8766972.874603930860758 ], [ 6543257.22271566465497, 8767102.725102400407195 ], [ 6543276.70630316156894, 8767218.679581852629781 ], [ 6543341.282861361280084, 8767344.983071820810437 ], [ 6543357.921771756373346, 8767443.559954302385449 ], [ 6543274.935357279144228, 8767534.289657352492213 ], [ 6543246.224503452889621, 8767636.048712771385908 ], [ 6543092.009383872151375, 8767716.349004063755274 ], [ 6542962.091127581894398, 8767795.12432374060154 ], [ 6542867.228894455358386, 8767873.769612001255155 ], [ 6542751.619997977279127, 8767949.988348286598921 ], [ 6542611.912046594545245, 8767933.653284935280681 ], [ 6542540.561751235276461, 8767962.590880898758769 ], [ 6542516.430225121788681, 8768048.505819384008646 ], [ 6542379.242454631254077, 8768059.228487715125084 ], [ 6542324.421187799423933, 8768140.73703620955348 ], [ 6542319.203293419443071, 8768263.666931321844459 ], [ 6542366.090538126416504, 8768330.862431528046727 ], [ 6542493.656321540474892, 8768403.777424365282059 ], [ 6542590.920746582560241, 8768494.611334277316928 ], [ 6542716.384939923882484, 8768542.899131312966347 ], [ 6542744.743567754514515, 8768649.390771564096212 ], [ 6542686.199538132175803, 8768750.290898384526372 ], [ 6542630.820633597671986, 8768841.434593057259917 ], [ 6542583.524444724433124, 8768923.347009724006057 ], [ 6542492.1693927468732, 8768971.866796132177114 ], [ 6542401.661762967705727, 8769053.974257949739695 ], [ 6542380.808493564836681, 8769142.494516314938664 ], [ 6542377.809138534590602, 8769298.937645271420479 ], [ 6542379.832057480700314, 8769422.330655064433813 ], [ 6542399.05677779391408, 8769561.127152359113097 ], [ 6542387.279673530720174, 8769691.34732530452311 ], [ 6542433.259977726265788, 8769833.285544201731682 ], [ 6542426.463318713009357, 8769928.576817974448204 ], [ 6542357.689013626426458, 8770035.518571324646473 ], [ 6542316.618419287726283, 8770071.281555857509375 ], [ 6542266.631141585297883, 8770135.178504027426243 ], [ 6542094.940755526535213, 8770211.304632529616356 ], [ 6542007.002291010692716, 8770224.539911543950438 ], [ 6541953.066633459180593, 8770305.78433489985764 ], [ 6541787.518255928531289, 8770475.139422900974751 ], [ 6541726.407746477052569, 8770620.295723101124167 ], [ 6541700.383713214658201, 8770696.693999573588371 ], [ 6541731.502138020470738, 8770907.674747571349144 ], [ 6541802.606849009171128, 8771082.364652469754219 ], [ 6541765.626942208968103, 8771130.816517813131213 ], [ 6541701.826427359133959, 8771164.683489808812737 ], [ 6541683.160527084954083, 8771208.31232275813818 ], [ 6541624.321438427083194, 8771260.210846535861492 ], [ 6541594.946012754924595, 8771315.538117898628116 ], [ 6541536.648307686671615, 8771320.562538538128138 ], [ 6541525.55084908567369, 8771402.88244347833097 ], [ 6541507.3931600227952, 8771424.328267432749271 ], [ 6541519.967951539903879, 8771460.201552981510758 ], [ 6541517.400020454078913, 8771500.112676534801722 ], [ 6541468.637196827679873, 8771525.032244116067886 ], [ 6541457.93213995732367, 8771540.423685194924474 ], [ 6541417.656031066551805, 8771555.798803064972162 ], [ 6541412.017947472631931, 8771583.62052258476615 ], [ 6541395.625584502704442, 8771617.124226942658424 ], [ 6541403.650625323876739, 8771652.865191418677568 ], [ 6541384.258249398320913, 8771683.007712034508586 ], [ 6541397.019647215493023, 8771716.262091221287847 ], [ 6541374.263412077911198, 8771745.385503422468901 ], [ 6541380.196765650063753, 8771772.001388439908624 ], [ 6541357.660643115639687, 8771788.678714733570814 ], [ 6541335.298819634132087, 8771815.41291319578886 ], [ 6541366.069354665465653, 8771851.063303923234344 ], [ 6541444.201024590060115, 8771972.357900038361549 ], [ 6541442.857204450294375, 8772008.405266536399722 ], [ 6541463.565338796004653, 8772028.436057602986693 ], [ 6541508.596360950730741, 8772016.718072170391679 ], [ 6541519.587660195305943, 8772085.8004385009408 ], [ 6541515.883926052600145, 8772151.467725016176701 ], [ 6541527.763160597532988, 8772180.27199056185782 ], [ 6541559.510959959588945, 8772194.3913787715137 ], [ 6541562.793847151100636, 8772250.74334017932415 ], [ 6541675.855302223004401, 8772397.114881029352546 ], [ 6541752.231896860525012, 8772495.786304652690887 ], [ 6541791.726676351390779, 8772598.356887720525265 ], [ 6541853.06441505625844, 8772749.43799507804215 ], [ 6541867.658081436529756, 8772829.834040325134993 ], [ 6541861.18045692704618, 8772892.324110148474574 ], [ 6541813.301682166755199, 8772992.626641564071178 ], [ 6541680.299547563306987, 8773222.130764607340097 ], [ 6541672.548138409852982, 8773402.484259467571974 ], [ 6541700.256691158749163, 8773501.392083341255784 ], [ 6541745.869430184364319, 8773609.7463653460145 ], [ 6541717.400065168738365, 8773742.757057804614305 ], [ 6541655.015864090994, 8773877.555704187601805 ], [ 6541531.379933263175189, 8773970.214971909299493 ], [ 6541452.489903440698981, 8774034.267644289880991 ], [ 6541419.761987802572548, 8774109.441827725619078 ], [ 6541450.455815324559808, 8774212.41824871301651 ], [ 6541445.746934255585074, 8774331.145661015063524 ], [ 6541326.010669846087694, 8774432.341818749904633 ], [ 6541318.113063752651215, 8774495.499268617480993 ], [ 6541375.54708484467119, 8774581.026360329240561 ], [ 6541265.313983380794525, 8774695.724338931962848 ], [ 6541268.305423049256206, 8774800.156428221613169 ], [ 6541291.830966749228537, 8774885.703625459223986 ], [ 6541350.218206224963069, 8775000.367811663076282 ], [ 6541373.2960908068344, 8775099.18100656196475 ], [ 6541467.532771931029856, 8775175.415458582341671 ], [ 6541502.280593566596508, 8775300.901286723092198 ], [ 6541529.534429705701768, 8775385.867812184616923 ], [ 6541587.674144092015922, 8775490.77644201554358 ], [ 6541667.710993777029216, 8775531.177707262337208 ], [ 6541718.256259502843022, 8775551.481751654297113 ], [ 6541752.743476344272494, 8775619.52027209661901 ], [ 6541781.80711255967617, 8775685.311785468831658 ], [ 6541829.866504217498004, 8775863.944089815020561 ], [ 6541836.333297797478735, 8775948.80664941854775 ], [ 6541785.660829585045576, 8775990.938259111717343 ], [ 6541746.536065403372049, 8776072.708121117204428 ], [ 6541748.903419242240489, 8776133.901322858408093 ], [ 6541785.228212144225836, 8776212.992680532857776 ], [ 6541782.035325219854712, 8776288.199459105730057 ], [ 6541822.671590069308877, 8776357.609412116929889 ], [ 6541835.340640865266323, 8776427.927465178072453 ], [ 6541881.785890659317374, 8776488.077423514798284 ], [ 6541942.88421422149986, 8776492.909311419352889 ], [ 6542005.026222551241517, 8776464.351861774921417 ], [ 6542122.123330501839519, 8776486.115423489362001 ], [ 6542173.40614359267056, 8776440.28538248501718 ], [ 6542259.115447865799069, 8776447.212367437779903 ], [ 6542355.888246933929622, 8776461.701510762795806 ], [ 6542469.024321520701051, 8776421.419320095330477 ], [ 6542522.394014875404537, 8776458.054993873462081 ], [ 6542524.940323567017913, 8776533.764023007825017 ], [ 6542548.87269357778132, 8776586.650410924106836 ], [ 6542550.725073609501123, 8776662.516762521117926 ], [ 6542606.32410077098757, 8776702.424632910639048 ], [ 6542645.678915610536933, 8776830.303906889632344 ], [ 6542697.533511114306748, 8776865.6420734282583 ], [ 6542773.939506293274462, 8776875.276460716500878 ], [ 6542824.515949950553477, 8776906.102371301501989 ], [ 6542853.421655144542456, 8776988.410165620967746 ], [ 6542883.836981505155563, 8777075.504809111356735 ], [ 6542915.92265019658953, 8777159.604741530492902 ], [ 6542909.59584441408515, 8777235.254860255867243 ], [ 6542876.114590654149652, 8777327.300988312810659 ], [ 6542861.472946370020509, 8777423.828188743442297 ], [ 6542851.601040672510862, 8777561.697405932471156 ], [ 6542841.296376653015614, 8777628.638439740985632 ], [ 6542792.857003930956125, 8777696.862142750993371 ], [ 6542769.430720806121826, 8777735.303298782557249 ], [ 6542737.666115082800388, 8777777.238929504528642 ], [ 6542740.112017720937729, 8777807.926887098699808 ], [ 6542780.927551893517375, 8777832.625184286385775 ], [ 6542814.881956308148801, 8777855.974083006381989 ], [ 6542808.586590591818094, 8777905.142136365175247 ], [ 6542763.695434582419693, 8777944.72755548171699 ], [ 6542756.743846412748098, 8777979.460200807079673 ], [ 6542795.581409074366093, 8778032.678744193166494 ], [ 6542870.940786209888756, 8778097.068595595657825 ], [ 6542900.58108891453594, 8778125.961926648393273 ], [ 6542842.397901517339051, 8778174.501090846955776 ], [ 6542802.809696142561734, 8778274.907569285482168 ], [ 6542797.029645923525095, 8778383.646021459251642 ], [ 6542716.812370328232646, 8778521.103895468637347 ], [ 6542689.297326964326203, 8778590.349265346303582 ], [ 6542680.913499704562128, 8778646.372160196304321 ], [ 6542684.546666191890836, 8778702.74454990029335 ], [ 6542700.808967120014131, 8778768.363854330033064 ], [ 6542736.531550062820315, 8778811.843292493373156 ], [ 6542779.658555443398654, 8778839.936629498377442 ], [ 6542796.989761492237449, 8778878.457292130216956 ], [ 6542778.863737752661109, 8778907.557881090790033 ], [ 6542727.006675348617136, 8778958.745741799473763 ], [ 6542666.396139424294233, 8779112.355340668931603 ], [ 6542676.423418507911265, 8779201.297881642356515 ], [ 6542654.725282331928611, 8779231.325469370931387 ], [ 6542596.775303917005658, 8779261.69201996922493 ], [ 6542522.72741673886776, 8779218.452367613092065 ], [ 6542470.706677412614226, 8779234.457882260903716 ], [ 6542449.527923061512411, 8779273.762764064595103 ], [ 6542437.13521671667695, 8779311.468112116679549 ], [ 6542428.623907330445945, 8779442.67138259857893 ], [ 6542468.795575966127217, 8779622.836677560582757 ], [ 6542481.706545867957175, 8779685.600175632163882 ], [ 6542469.232210925780237, 8779766.658972006291151 ], [ 6542488.758714316412807, 8779832.117424389347434 ], [ 6542549.729173547588289, 8779912.229021878913045 ], [ 6542603.887087014503777, 8779976.135853817686439 ], [ 6542614.02176459133625, 8780060.99261986836791 ], [ 6542647.611027611419559, 8780151.135972678661346 ], [ 6542675.797180152498186, 8780190.72183340229094 ], [ 6542753.54712394438684, 8780218.998705497011542 ], [ 6542779.8011804074049, 8780256.062824377790093 ], [ 6542770.245205253362656, 8780289.466279162093997 ], [ 6542644.037143724039197, 8780326.341579113155603 ], [ 6542578.673518260009587, 8780371.020061191171408 ], [ 6542547.288834678940475, 8780529.442317176610231 ], [ 6542492.868330761790276, 8780596.678921084851027 ], [ 6542420.645658269524574, 8780670.041768882423639 ], [ 6542382.297196382656693, 8780707.019145408645272 ], [ 6542396.048069587908685, 8780775.079048397019506 ], [ 6542374.654801902361214, 8780831.228220891207457 ], [ 6542292.52477677538991, 8780912.178752278909087 ], [ 6542280.811686389148235, 8780944.893349273130298 ], [ 6542435.397044191136956, 8780997.196744536980987 ], [ 6542684.585420138202608, 8781084.03014961630106 ], [ 6542777.083825618959963, 8781119.727994658052921 ], [ 6542876.956941811367869, 8781158.428299408406019 ], [ 6542974.350317677482963, 8781223.836091861128807 ], [ 6543061.637010381557047, 8781291.918032623827457 ], [ 6543278.568438317626715, 8781442.809879515320063 ], [ 6543697.483818532899022, 8781751.790303211659193 ], [ 6544032.317966191098094, 8781985.089153805747628 ], [ 6544205.932307291775942, 8782112.810045262798667 ], [ 6544285.218108553439379, 8782166.441883089020848 ], [ 6544383.258409259840846, 8781987.552146648988128 ], [ 6544568.306386127136648, 8782093.033377468585968 ], [ 6544581.975983795709908, 8782100.82068270817399 ], [ 6544919.96679669059813, 8782353.849481891840696 ], [ 6544949.80933066830039, 8782215.935708925127983 ], [ 6544979.823869591578841, 8782112.749176593497396 ], [ 6544988.293800785206258, 8782043.300767550244927 ], [ 6545007.491077095270157, 8782003.696281595155597 ], [ 6545036.736655271612108, 8781962.297816956415772 ], [ 6545064.350910438224673, 8781882.761325363069773 ], [ 6545062.017893409356475, 8781858.848483802750707 ], [ 6545020.203339454717934, 8781805.65612293407321 ], [ 6544988.621147772297263, 8781728.169445974752307 ], [ 6544935.528364989906549, 8781611.996470019221306 ], [ 6544891.656774225644767, 8781455.285317214205861 ], [ 6544895.546263610012829, 8781351.778617225587368 ], [ 6544902.820254762656987, 8781282.567269083112478 ], [ 6544952.993045119568706, 8781167.603329062461853 ], [ 6544957.538884571753442, 8781132.157901342958212 ], [ 6544947.25606095418334, 8781054.459853919222951 ], [ 6544920.130669126287103, 8780758.906238567084074 ], [ 6544940.313031213358045, 8780657.114701673388481 ], [ 6544964.448791977018118, 8780579.457799512892962 ], [ 6545024.838992716744542, 8780448.200366919860244 ], [ 6545073.901162326335907, 8780310.826843705028296 ], [ 6545096.772986676543951, 8780187.535827239975333 ], [ 6545109.985043598338962, 8780138.479871064424515 ], [ 6545143.554317646659911, 8780087.019559418782592 ], [ 6545166.780945988371968, 8780002.90497007034719 ], [ 6545174.507919031195343, 8779924.961841810494661 ], [ 6545165.220894407480955, 8779879.62809962965548 ], [ 6545117.444522373378277, 8779739.615899063646793 ], [ 6545101.613898176699877, 8779700.898118177428842 ], [ 6545092.186224012635648, 8779658.740198852494359 ], [ 6545098.177230460569263, 8779616.353658014908433 ], [ 6545118.6385568222031, 8779570.94332099892199 ], [ 6545144.301073202863336, 8779508.182765221223235 ], [ 6545129.453143160790205, 8779419.054615952074528 ], [ 6545109.870700294151902, 8779370.317539824172854 ], [ 6545110.75266124214977, 8779251.682525616139174 ], [ 6545123.491910093463957, 8779171.799145707860589 ], [ 6545126.221405930817127, 8779137.177328811958432 ], [ 6545136.929013389162719, 8779084.872603502124548 ], [ 6545135.277058749459684, 8779029.270590614527464 ], [ 6545124.281814696267247, 8779003.714833768084645 ], [ 6545121.406996550038457, 8778885.822121568024158 ], [ 6545127.32920048199594, 8778869.647152591496706 ], [ 6545140.266286201775074, 8778849.04607892036438 ], [ 6545154.385386252775788, 8778809.409599918872118 ], [ 6545150.192493341863155, 8778777.647739306092262 ], [ 6545160.638347084634006, 8778722.014566229656339 ], [ 6545169.119538204744458, 8778689.397108901292086 ], [ 6545162.93009327724576, 8778673.20822542347014 ], [ 6545166.274927208200097, 8778650.687682410702109 ], [ 6545176.386973391287029, 8778615.168074136599898 ], [ 6545182.729676828719676, 8778519.651894576847553 ], [ 6545186.561745205894113, 8778503.994579829275608 ], [ 6545195.149498888291419, 8778489.133444989100099 ], [ 6545199.005383460782468, 8778469.667390806600451 ], [ 6545207.428100458346307, 8778455.030415607616305 ], [ 6545207.086352575570345, 8778441.981600286439061 ], [ 6545213.182595034129918, 8778425.308248782530427 ], [ 6545224.540463358163834, 8778370.487852074205875 ], [ 6545238.843105157837272, 8778344.294613631442189 ], [ 6545243.912985665723681, 8778311.081186775118113 ], [ 6545206.510670365765691, 8778185.517169095575809 ], [ 6545204.125632836483419, 8778169.438592419028282 ], [ 6545208.120826258324087, 8778153.762303879484534 ], [ 6545244.367263621650636, 8778120.598510347306728 ], [ 6545285.794242653995752, 8778061.717240834608674 ], [ 6545311.107484748587012, 8778043.123308762907982 ], [ 6545373.781268872320652, 8777972.78855979628861 ], [ 6545449.307807790115476, 8777888.216604566201568 ], [ 6545506.482844251208007, 8777803.187875155359507 ], [ 6545528.53183573205024, 8777783.375387519598007 ], [ 6545582.300906637683511, 8777741.88067265599966 ], [ 6545657.053582593798637, 8777705.280813161283731 ], [ 6545667.418491709977388, 8777692.674376994371414 ], [ 6545696.953483851626515, 8777622.526949120685458 ], [ 6545725.227934941649437, 8777583.856646338477731 ], [ 6545743.136379409581423, 8777545.024450715631247 ], [ 6545762.223872642032802, 8777497.701703138649464 ], [ 6545763.644129939377308, 8777477.434945115819573 ], [ 6545775.7417859621346, 8777436.281918985769153 ], [ 6545813.561409181915224, 8777345.870493283495307 ], [ 6545828.642311085015535, 8777326.947677725926042 ], [ 6545847.302761537022889, 8777241.179206240922213 ], [ 6545843.395393375307322, 8777216.939250094816089 ], [ 6545852.455742688849568, 8777150.229101264849305 ], [ 6545883.075861494988203, 8776971.532499121502042 ], [ 6545924.720916027203202, 8776912.979081472381949 ], [ 6545928.321581184864044, 8776890.593928260728717 ], [ 6545940.103936431929469, 8776853.843945452943444 ], [ 6545949.548678326420486, 8776831.634476656094193 ], [ 6545963.151973180472851, 8776814.420847456902266 ], [ 6545968.819557359442115, 8776796.306909823790193 ], [ 6545990.328135261312127, 8776768.035809349268675 ], [ 6546010.794145580381155, 8776735.149823492392898 ], [ 6546019.590998185798526, 8776712.422819618135691 ], [ 6546055.090701763518155, 8776649.51131627894938 ], [ 6546064.647395936772227, 8776614.391092356294394 ], [ 6546072.625793130137026, 8776562.664510743692517 ], [ 6546110.023997891694307, 8776492.653877794742584 ], [ 6546185.726535303518176, 8776281.758322298526764 ], [ 6546168.97439044341445, 8776214.297156376764178 ], [ 6546179.823534635826945, 8776180.644721314311028 ], [ 6546178.555620559491217, 8776131.954203955829144 ], [ 6546164.894287776201963, 8776101.300077326595783 ], [ 6546179.747159537859261, 8775995.308899288997054 ], [ 6546200.094867398031056, 8775959.143980346620083 ], [ 6546209.52757347561419, 8775866.125251688063145 ], [ 6546239.214215103536844, 8775730.105192041024566 ], [ 6546322.201753254048526, 8775638.018407877534628 ], [ 6546364.364365184679627, 8775547.971475712954998 ], [ 6546406.186809467151761, 8775401.540579976513982 ], [ 6546427.786691810935736, 8775275.775782015174627 ], [ 6546458.478934223763645, 8775224.483048310503364 ], [ 6546469.661770306527615, 8775034.852163294330239 ], [ 6546535.338364836759865, 8774835.913668897002935 ], [ 6546611.161806027404964, 8774672.680805625393987 ], [ 6546628.298154917545617, 8774485.259063798934221 ], [ 6546643.174273405224085, 8774458.818442268297076 ], [ 6546527.242359084077179, 8774451.282691270112991 ], [ 6546430.705943619832397, 8774454.161684380844235 ], [ 6546336.254602611064911, 8774460.501273015514016 ], [ 6546271.458455387502909, 8774452.578913597390056 ], [ 6546227.909529239870608, 8774444.075724665075541 ], [ 6546200.525038536638021, 8774403.292951788753271 ], [ 6546193.179951451718807, 8774337.88418385758996 ], [ 6546186.440972780808806, 8774172.133261520415545 ], [ 6546181.099069468677044, 8774093.304809987545013 ], [ 6546219.268945328891277, 8774071.06858766824007 ], [ 6546217.097939925268292, 8773999.34458651766181 ], [ 6546230.025749302469194, 8773972.925711408257484 ], [ 6546265.886199117638171, 8773955.504239141941071 ], [ 6546285.188832949846983, 8773914.528906216844916 ], [ 6546283.508671404793859, 8773864.101360827684402 ], [ 6546316.111052749678493, 8773829.2956857457757 ], [ 6546317.538144833408296, 8773765.64808969385922 ], [ 6546323.512141430750489, 8773667.337703028693795 ], [ 6546340.430846102535725, 8773622.128347475081682 ], [ 6546355.119452547281981, 8773509.449705384671688 ], [ 6546350.43610100261867, 8773421.127775589004159 ], [ 6546329.63328627217561, 8773361.242289396002889 ], [ 6546320.626332653686404, 8773298.817253392189741 ], [ 6546308.225929002277553, 8773027.607867572456598 ], [ 6546311.668544068932533, 8772960.674860702827573 ], [ 6546342.251753823831677, 8772918.630475969985127 ], [ 6546335.453260337933898, 8772769.982310494408011 ], [ 6546352.759027169086039, 8772721.790178276598454 ], [ 6546377.157782772555947, 8772637.426366239786148 ], [ 6546351.541727095842361, 8772441.729829728603363 ], [ 6546331.069289744831622, 8772326.410665985196829 ], [ 6546341.937957498244941, 8772239.730209721252322 ], [ 6546382.933019386604428, 8772135.046701811254025 ], [ 6546415.547743595205247, 8772053.950691575184464 ], [ 6546462.194655927829444, 8771975.420962600037456 ], [ 6546466.132476040162146, 8771931.094988293945789 ], [ 6546491.306306909769773, 8771873.30356377363205 ], [ 6546444.110793702304363, 8771791.552108617499471 ], [ 6546433.30224369186908, 8771749.401257932186127 ], [ 6546456.559218991547823, 8771704.752281837165356 ], [ 6546462.514170702546835, 8771653.800326280295849 ], [ 6546439.525229025632143, 8771613.671887403354049 ], [ 6546428.911922369152308, 8771534.185797620564699 ], [ 6546393.665390711277723, 8771288.543211087584496 ], [ 6546376.191951835528016, 8771244.785445259884 ], [ 6546380.733838013373315, 8771175.668955683708191 ], [ 6546407.383163431659341, 8771066.003380058333278 ], [ 6546421.288450172170997, 8770925.985139722004533 ], [ 6546402.420452274382114, 8770805.439094964414835 ], [ 6546391.016063190996647, 8770611.73082354106009 ] ] ] } },
{ "type": "Feature", "properties": { "lv_id": "LOC_032003", "id": 148719.0, "CD_SETOR": "291700305000021", "SITUACAO": "Rural", "CD_SIT": "8", "CD_TIPO": "0", "AREA_KM2": 44.891048646353738, "CD_REGIAO": "2", "NM_REGIAO": "Nordeste", "CD_UF": "29", "NM_UF": "Bahia", "CD_MUN": "2917003", "NM_MUN": "Itiúba", "CD_DIST": "291700305", "NM_DIST": "Itiúba", "CD_SUBDIST": "29170030500", "NM_SUBDIST": null, "CD_BAIRRO": null, "NM_BAIRRO": null, "CD_NU": null, "NM_NU": null, "CD_FCU": null, "NM_FCU": null, "CD_AGLOM": null, "NM_AGLOM": null, "CD_RGINT": "2908", "NM_RGINT": "Juazeiro", "CD_RGI": "290023", "NM_RGI": "Senhor do Bonfim", "CD_CONCURB": null, "NM_CONCURB": null, "mun_code_x": "2917003", "index_right": 7767, "dist_m": 0.0, "local_id": 339749, "ano": 2022, "cod_localidade_ibge": 2917003, "NR_ZONA": "149", "nr_cep": 48850000.0, "nm_localidade": "ITIÚBA", "nm_locvot": "ESCOLA MUNICIPAL JOÃO BISPO DE OLIVEIRA", "ds_endereco": "POVOADO PAU BRANCO - ZONA RURAL", "ds_bairro": "POVOADO PAU BRANCO", "pred_long": -39.956092, "pred_lat": -10.843304, "pred_dist": 0.019567727920935502, "tse_long": null, "tse_lat": null, "long": -39.956092, "lat": -10.843304, "ID_UNICO": "LOC_032003", "SG_UF": "BA", "CD_MUNICIPIO": "36412", "NR_LOCAL_VOTACAO": "1538", "QT_SECOES_AGREGADAS": 0, "QT_ELEITORES_TRANSFERIDOS": 0, "CIRO GOMES (PDT) (NÃO ELEITO) 1T": 6.0, "CONSTITUINTE EYMAEL (DC) (NÃO ELEITO) 1T": 0.0, "FELIPE D AVILA (NOVO) (NÃO ELEITO) 1T": 0.0, "JAIR BOLSONARO (PL) (2º TURNO) 1T": 84.0, "LULA (PT) (2º TURNO) 1T": 113.0, "LÉO PÉRICLES (UP) (NÃO ELEITO) 1T": 0.0, "PADRE KELMON (PTB) (NÃO ELEITO) 1T": 0.0, "SIMONE TEBET (MDB) (NÃO ELEITO) 1T": 1.0, "SOFIA MANZANO (PCB) (NÃO ELEITO) 1T": 0.0, "SORAYA THRONICKE (UNIÃO) (NÃO ELEITO) 1T": 0.0, "VERA (PSTU) (NÃO ELEITO) 1T": 0.0, "Total_Votos_Validos 1T": 204.0, "Votos_Brancos 1T": 0.0, "Votos_Nulos 1T": 3.0, "Abstenções 1T": 47.0, "Eleitores_Aptos 1T": 254.0, "JAIR BOLSONARO (PL) (NÃO ELEITO) 2T": 78.0, "LULA (PT) (ELEITO) 2T": 121.0, "Total_Votos_Validos 2T": 199.0, "Votos_Brancos 2T": 1.0, "Votos_Nulos 2T": 2.0, "Abstenções 2T": 52.0, "Eleitores_Aptos 2T": 254.0, "mun_code_y": "2917003", "mun_code": "2917003" }, "geometry": { "type": "Polygon", "coordinates": [ [ [ 6542034.556506492197514, 8758963.953131761401892 ], [ 6541973.856379414908588, 8758951.061683468520641 ], [ 6541849.649302606470883, 8758941.767214965075254 ], [ 6541771.687604387290776, 8758948.739071836695075 ], [ 6541606.09589384496212, 8759035.174462856724858 ], [ 6541480.293595666997135, 8759093.081425623968244 ], [ 6541425.353996085934341, 8759130.099012823775411 ], [ 6541296.215266048908234, 8759184.022045021876693 ], [ 6541198.364891164004803, 8759203.043159591034055 ], [ 6541103.996210820972919, 8759228.980449382215738 ], [ 6541017.128085704520345, 8759269.956501243636012 ], [ 6540824.968634748831391, 8759333.318461744114757 ], [ 6540785.714307901449502, 8759348.094339203089476 ], [ 6540747.590031444095075, 8759372.665977757424116 ], [ 6540656.498340934514999, 8759400.146956402808428 ], [ 6540569.917663941159844, 8759429.811315009370446 ], [ 6540453.066030053421855, 8759452.847754646092653 ], [ 6540292.496571533381939, 8759485.246702134609222 ], [ 6540226.749570287764072, 8759491.553857928141952 ], [ 6540203.343042748048902, 8759501.362501841038465 ], [ 6540129.349772423505783, 8759572.168921926990151 ], [ 6540081.500568273477256, 8759618.950722774490714 ], [ 6540032.643685257062316, 8759682.112965350970626 ], [ 6539993.736476838588715, 8759738.657115573063493 ], [ 6539860.142530066892505, 8759836.397445347160101 ], [ 6539769.862479365430772, 8759915.298887096345425 ], [ 6539744.708802975714207, 8759921.16434171795845 ], [ 6539714.102747302502394, 8759917.002073399722576 ], [ 6539596.02787808701396, 8759894.029862890020013 ], [ 6539540.252924175001681, 8759895.163626546040177 ], [ 6539467.229058342985809, 8759905.317096553742886 ], [ 6539374.092131603509188, 8759935.736287835985422 ], [ 6539288.481438795104623, 8759970.125092258676887 ], [ 6539145.603254857473075, 8760029.343681789934635 ], [ 6539009.940036028623581, 8760071.983871864154935 ], [ 6538907.598734335973859, 8760113.360007856041193 ], [ 6538756.661674587987363, 8760164.914401303976774 ], [ 6538615.282143969088793, 8760217.972683936357498 ], [ 6538513.942900671623647, 8760244.038530316203833 ], [ 6538417.766639968380332, 8760262.432894432917237 ], [ 6538365.395862946286798, 8760270.962588161230087 ], [ 6538308.456610606983304, 8760272.72900016233325 ], [ 6538276.025191742926836, 8760270.758685600012541 ], [ 6538112.88149169832468, 8760220.890423856675625 ], [ 6537982.843994515016675, 8760178.853657748550177 ], [ 6537943.86241895146668, 8760170.337472239509225 ], [ 6537846.039034552872181, 8760174.092712998390198 ], [ 6537622.761210941709578, 8760182.155535575002432 ], [ 6537584.275972623378038, 8760176.100649997591972 ], [ 6537462.268900044262409, 8760112.79930685274303 ], [ 6537367.547068224288523, 8760058.796832403168082 ], [ 6537311.340549907647073, 8760012.694327034056187 ], [ 6537289.105660431087017, 8759996.117824614048004 ], [ 6537239.02823637239635, 8759977.870434287935495 ], [ 6537209.499340025708079, 8759979.035884605720639 ], [ 6537148.292568649165332, 8759991.518662448972464 ], [ 6537098.546138346195221, 8760001.657267821952701 ], [ 6537069.425356255844235, 8760013.129345372319221 ], [ 6537019.485178969800472, 8760059.291317600756884 ], [ 6537001.100292752496898, 8760094.802772611379623 ], [ 6536986.605642604641616, 8760234.484507845714688 ], [ 6536970.003067430108786, 8760306.166870189830661 ], [ 6536902.107469297945499, 8760480.350884994491935 ], [ 6536864.161596996709704, 8760593.470455879345536 ], [ 6536837.815432315692306, 8760686.084284791722894 ], [ 6536823.347202280536294, 8760756.378981320187449 ], [ 6536820.188298858702183, 8760796.973083905875683 ], [ 6536819.478731711395085, 8760837.043306002393365 ], [ 6536831.503350059501827, 8760876.52304245904088 ], [ 6536851.448672767728567, 8760940.002134775742888 ], [ 6536865.166013753041625, 8760979.40346091426909 ], [ 6536861.432581041008234, 8761009.162961661815643 ], [ 6536850.257379561662674, 8761025.351856397464871 ], [ 6536749.389019099995494, 8761132.782561473548412 ], [ 6536715.309434118680656, 8761144.744922772049904 ], [ 6536691.794621438719332, 8761159.875876657664776 ], [ 6536669.591407361440361, 8761180.689991425722837 ], [ 6536645.391919504851103, 8761197.596305696293712 ], [ 6536617.46283557638526, 8761219.564670918509364 ], [ 6536579.507254117168486, 8761256.289253069087863 ], [ 6536532.286275351420045, 8761286.206150770187378 ], [ 6536432.226429457776248, 8761341.684101812541485 ], [ 6536337.119269127957523, 8761384.178986424580216 ], [ 6536249.211130759678781, 8761426.146027898415923 ], [ 6536155.505049094557762, 8761475.572435529902577 ], [ 6536104.864841667935252, 8761506.364282539114356 ], [ 6536043.3857167577371, 8761548.290998335927725 ], [ 6536022.448693390935659, 8761567.141992406919599 ], [ 6535971.463037558831275, 8761649.336187392473221 ], [ 6535912.477672692388296, 8761751.126316528767347 ], [ 6535895.717290337197483, 8761771.561406102031469 ], [ 6535798.159097438678145, 8761853.255699452012777 ], [ 6535777.568105620332062, 8761881.571921510621905 ], [ 6535770.530914407223463, 8761901.864273136481643 ], [ 6535766.412345399148762, 8761962.410369127988815 ], [ 6535751.176483523100615, 8762079.347681740298867 ], [ 6535732.558475201949477, 8762135.425087930634618 ], [ 6535707.709343468770385, 8762179.972773777320981 ], [ 6535684.276470497250557, 8762221.753862004727125 ], [ 6535631.04908400401473, 8762276.378556188195944 ], [ 6535514.076228814199567, 8762400.92892874032259 ], [ 6535476.750096835196018, 8762438.816511061042547 ], [ 6535450.084898124448955, 8762463.34429482370615 ], [ 6535428.43205382861197, 8762480.221136646345258 ], [ 6535394.112880222499371, 8762502.527370328083634 ], [ 6535344.760903527028859, 8762530.212842438369989 ], [ 6535302.519313425756991, 8762555.666039783507586 ], [ 6535198.823702432215214, 8762558.719428081065416 ], [ 6535160.886809717863798, 8762566.571255829185247 ], [ 6535127.959777377545834, 8762572.447679109871387 ], [ 6535049.449950752779841, 8762586.517976574599743 ], [ 6534969.247687682509422, 8762600.677697392180562 ], [ 6534939.796488841995597, 8762608.125307319685817 ], [ 6534914.876738131046295, 8762607.454463366419077 ], [ 6534884.109096445143223, 8762600.26203584857285 ], [ 6534860.586183190345764, 8762590.89979050680995 ], [ 6534838.718265250325203, 8762575.375547509640455 ], [ 6534802.000212167389691, 8762539.592297445982695 ], [ 6534773.34323704149574, 8762512.769589390605688 ], [ 6534752.958213406614959, 8762505.005850270390511 ], [ 6534665.009603535756469, 8762494.372470149770379 ], [ 6534604.970310915261507, 8762507.861142391338944 ], [ 6534549.988414718769491, 8762522.563068259507418 ], [ 6534481.071181795559824, 8762537.692693281918764 ], [ 6534454.901472287252545, 8762541.033771228045225 ], [ 6534356.197581039741635, 8762532.629135193303227 ], [ 6534322.626170018687844, 8762531.366569001227617 ], [ 6534270.902890162542462, 8762535.490109410136938 ], [ 6534220.607159761711955, 8762546.886410111561418 ], [ 6534164.53537131100893, 8762569.341350805014372 ], [ 6534102.586711736395955, 8762586.791581965982914 ], [ 6534040.696063980460167, 8762600.968396170064807 ], [ 6533998.896630075760186, 8762617.692043341696262 ], [ 6533936.855176869779825, 8762656.786302795633674 ], [ 6533910.967322276905179, 8762673.936630191281438 ], [ 6533848.209007492288947, 8762728.21969473361969 ], [ 6533797.963080355897546, 8762762.232703322544694 ], [ 6533750.073314072564244, 8762789.379097711294889 ], [ 6533712.101229129359126, 8762804.124588269740343 ], [ 6533673.891385248862207, 8762817.741435064002872 ], [ 6533641.185455459170043, 8762841.371212253347039 ], [ 6533612.935559187084436, 8762880.577721823006868 ], [ 6533589.681587639264762, 8762900.283625898882747 ], [ 6533566.355858641676605, 8762922.249089689925313 ], [ 6533545.330257219262421, 8762935.402139145880938 ], [ 6533516.077718270011246, 8762947.20310708321631 ], [ 6533468.168428565375507, 8762967.477984180673957 ], [ 6533424.806758917868137, 8762985.719402918592095 ], [ 6533362.825294751673937, 8763020.420974468812346 ], [ 6533324.327388811856508, 8763036.12421465665102 ], [ 6533287.573826044797897, 8763050.00332342274487 ], [ 6533252.378942265175283, 8763062.066891293972731 ], [ 6533215.959637909196317, 8763065.310023248195648 ], [ 6533181.036103400401771, 8763065.361732631921768 ], [ 6533090.626972511410713, 8763065.787869077175856 ], [ 6533008.025549505837262, 8763063.426073728129268 ], [ 6532898.495572033338249, 8763071.275498252362013 ], [ 6532865.467802104540169, 8763071.854707043617964 ], [ 6532816.194797923788428, 8763064.717397229745984 ], [ 6532743.97310397028923, 8763038.983105693012476 ], [ 6532679.156088234856725, 8763019.835127785801888 ], [ 6532480.60322898067534, 8763037.832730557769537 ], [ 6532440.914681799709797, 8763033.488804839551449 ], [ 6532338.337087150663137, 8762992.07455176115036 ], [ 6532278.370960340835154, 8762961.717714110389352 ], [ 6532240.122340185567737, 8762944.33991526439786 ], [ 6532198.466975297778845, 8762936.953122742474079 ], [ 6532086.874659879133105, 8762945.887006687000394 ], [ 6532043.906591149047017, 8762939.71154355071485 ], [ 6531972.930499501526356, 8762928.037449175491929 ], [ 6531840.34480828884989, 8762906.307824224233627 ], [ 6531760.531813907437027, 8762879.453460002318025 ], [ 6531709.720171737484634, 8762860.672690181061625 ], [ 6531631.232274929992855, 8762843.647672453895211 ], [ 6531584.257857766933739, 8762829.316010909155011 ], [ 6531560.071866193786263, 8762815.003850400447845 ], [ 6531489.350358000956476, 8762756.212657105177641 ], [ 6531407.96971801482141, 8762678.531476462259889 ], [ 6531380.738868871703744, 8762658.184130389243364 ], [ 6531360.193998250178993, 8762649.059481184929609 ], [ 6531283.601524215191603, 8762608.360619926825166 ], [ 6531208.695550631731749, 8762559.300273796543479 ], [ 6531136.172088508494198, 8762514.949935235083103 ], [ 6531086.200868730433285, 8762484.850257458165288 ], [ 6531033.555082537233829, 8762465.6758764795959 ], [ 6530951.087433982640505, 8762450.395703556016088 ], [ 6530869.381123580038548, 8762454.165717005729675 ], [ 6530805.144541659392416, 8762457.494133291766047 ], [ 6530707.567923430353403, 8762457.187612496316433 ], [ 6530634.913239342160523, 8762459.764659106731415 ], [ 6530543.494245126843452, 8762464.392146188765764 ], [ 6530494.195336462929845, 8762461.68705078586936 ], [ 6530405.62770938500762, 8762450.39046324416995 ], [ 6530307.571385074406862, 8762445.091688277199864 ], [ 6530249.234853998757899, 8762445.081982787698507 ], [ 6530120.686892307363451, 8762441.234683601185679 ], [ 6529998.786959950812161, 8762433.411570310592651 ], [ 6529949.439086679369211, 8762433.943989560008049 ], [ 6529854.126377576030791, 8762461.149585288017988 ], [ 6529804.021247899159789, 8762484.641012661159039 ], [ 6529763.928307719528675, 8762499.45573759637773 ], [ 6529735.349347595125437, 8762516.906990151852369 ], [ 6529669.155377672985196, 8762564.850163603201509 ], [ 6529589.777908329851925, 8762613.150038016960025 ], [ 6529509.060333732515574, 8762668.301845453679562 ], [ 6529431.310266256332397, 8762726.609125846996903 ], [ 6529351.517790312878788, 8762786.457001427188516 ], [ 6529296.7731655202806, 8762817.908095585182309 ], [ 6529201.643736451864243, 8762906.956985963508487 ], [ 6529173.716645234264433, 8762929.116646319627762 ], [ 6529142.983672151342034, 8762955.507171679288149 ], [ 6529129.760820745490491, 8762989.772765032947063 ], [ 6529108.18845531065017, 8763022.634184531867504 ], [ 6529078.511955315247178, 8763064.265851566568017 ], [ 6529052.226287730038166, 8763101.776279395446181 ], [ 6529025.484866383485496, 8763139.615226155146956 ], [ 6529009.37551648914814, 8763169.877648295834661 ], [ 6528989.9457733258605, 8763191.656732134521008 ], [ 6528930.932151141576469, 8763241.361150735989213 ], [ 6528862.544806870631874, 8763313.520309910178185 ], [ 6528958.796841134317219, 8763400.15534401498735 ], [ 6528958.271732605993748, 8763455.107171170413494 ], [ 6528853.44264860264957, 8763858.382743654772639 ], [ 6528790.333938836120069, 8763977.248792607337236 ], [ 6528666.2098487932235, 8764010.999904423952103 ], [ 6528669.939206290058792, 8764096.653804173693061 ], [ 6528687.352580182254314, 8764140.582539299502969 ], [ 6528726.485979559831321, 8764192.774674486368895 ], [ 6528777.156848541460931, 8764246.190628916025162 ], [ 6528829.403313411399722, 8764298.873405758291483 ], [ 6528857.686833569779992, 8764340.912319803610444 ], [ 6528926.646852865815163, 8764454.58980456367135 ], [ 6528988.468366122804582, 8764564.380584578961134 ], [ 6529048.670946775004268, 8764627.840827103704214 ], [ 6529099.987043593078852, 8764684.122037829831243 ], [ 6529207.071206802502275, 8764790.13391131721437 ], [ 6529267.770578762516379, 8764887.068879833444953 ], [ 6529309.275317618623376, 8764966.315666403621435 ], [ 6529343.455178566277027, 8765016.20800905674696 ], [ 6529390.27647184021771, 8765116.049390936270356 ], [ 6529410.707045863382518, 8765141.645270705223083 ], [ 6529520.136996177025139, 8765356.793280642479658 ], [ 6529636.998474353924394, 8765513.550258100032806 ], [ 6529702.925897073000669, 8765600.311923049390316 ], [ 6529781.598913433030248, 8765715.769617786630988 ], [ 6529822.145469828508794, 8765798.982045706361532 ], [ 6529865.14511938393116, 8765899.525695480406284 ], [ 6529985.9361273618415, 8766194.961302723735571 ], [ 6530055.127608760260046, 8766367.108384042978287 ], [ 6530126.151041405275464, 8766527.573048461228609 ], [ 6530177.6103087477386, 8766623.776060836389661 ], [ 6530304.00751649402082, 8766829.152626378461719 ], [ 6530356.142895855009556, 8766904.144189264625311 ], [ 6530464.31742924079299, 8767086.261865267530084 ], [ 6530543.008848585188389, 8767188.917667504400015 ], [ 6530720.461647878400981, 8767457.115212654694915 ], [ 6530831.112397335469723, 8767604.655457925051451 ], [ 6530921.865237347781658, 8767735.176268281415105 ], [ 6530996.163082769140601, 8767869.974414004012942 ], [ 6531124.603584962897003, 8768142.412387080490589 ], [ 6531246.827772903256118, 8768406.238958660513163 ], [ 6531346.392300795763731, 8768641.448478385806084 ], [ 6531418.496227046474814, 8768839.236338058486581 ], [ 6531481.35066082328558, 8769021.406400581821799 ], [ 6531528.519969262182713, 8769174.740099167451262 ], [ 6531558.24272074457258, 8769298.29244370944798 ], [ 6531575.849513893015683, 8769357.373260276392102 ], [ 6531597.056824926286936, 8769408.005167748779058 ], [ 6531659.859181193634868, 8769542.118005692958832 ], [ 6531723.721583809703588, 8769686.55164423584938 ], [ 6531821.87435488589108, 8769935.130477862432599 ], [ 6531898.06291301548481, 8770145.33892241679132 ], [ 6531978.460921762511134, 8770348.222265396267176 ], [ 6532029.76251807436347, 8770511.39784768037498 ], [ 6532054.32279702834785, 8770551.998304260894656 ], [ 6532079.390795957297087, 8770574.617674980312586 ], [ 6532134.818352713249624, 8770592.232573954388499 ], [ 6532177.533620608970523, 8770612.925938995555043 ], [ 6532246.078132404945791, 8770656.124122316017747 ], [ 6532321.665038352832198, 8770703.728191798552871 ], [ 6532426.632096883840859, 8770730.066840346902609 ], [ 6532522.459122304804623, 8770761.485112857073545 ], [ 6532577.453128467313945, 8770786.173308335244656 ], [ 6532752.959596848115325, 8770842.970618337392807 ], [ 6532890.591387005522847, 8770824.190789796411991 ], [ 6532982.401870146393776, 8770793.713280398398638 ], [ 6533074.944034202024341, 8770738.873418588191271 ], [ 6533140.905491705983877, 8770774.589804599061608 ], [ 6533205.576333382166922, 8770806.958350224420428 ], [ 6533289.625940443016589, 8770789.028551753610373 ], [ 6533374.251945641823113, 8770781.612499536946416 ], [ 6533461.816268820315599, 8770738.895844239741564 ], [ 6533536.122941734269261, 8770695.21468704752624 ], [ 6533581.851781406439841, 8770627.832422025501728 ], [ 6533639.979512042365968, 8770491.269792225211859 ], [ 6533694.849531250074506, 8770429.688856082037091 ], [ 6533756.316241811960936, 8770373.069296289235353 ], [ 6533770.494834607467055, 8770357.946174463257194 ], [ 6533812.431649215519428, 8770345.137875130400062 ], [ 6533840.772421380504966, 8770339.802462488412857 ], [ 6533894.651194461621344, 8770316.372084558010101 ], [ 6533939.888773711398244, 8770284.438592569902539 ], [ 6533982.208616524934769, 8770155.173947982490063 ], [ 6534025.571874268352985, 8770082.781084351241589 ], [ 6534053.559271725825965, 8770046.591137286275625 ], [ 6534101.395361536182463, 8770050.125455610454082 ], [ 6534157.178301804699004, 8770041.853552272543311 ], [ 6534219.676347537897527, 8770007.701450508087873 ], [ 6534230.184577722102404, 8769926.378746252506971 ], [ 6534223.542063933797181, 8769830.950115898624063 ], [ 6534213.959557287395, 8769735.633831039071083 ], [ 6534219.014997381716967, 8769659.837724382057786 ], [ 6534243.139247070066631, 8769621.533929208293557 ], [ 6534305.38403251580894, 8769602.286191549152136 ], [ 6534363.369789100252092, 8769571.245859961956739 ], [ 6534379.830698167905211, 8769498.081516975536942 ], [ 6534395.152164230123162, 8769406.873206282034516 ], [ 6534465.188035096973181, 8769381.317852191627026 ], [ 6534528.20364061743021, 8769353.771696081385016 ], [ 6534638.684305551461875, 8769333.649307442829013 ], [ 6534707.560928433202207, 8769372.053766658529639 ], [ 6534753.77725029271096, 8769352.299264971166849 ], [ 6534795.465984439477324, 8769284.582829030230641 ], [ 6534933.528118108399212, 8769107.944808218628168 ], [ 6534953.25839783065021, 8769063.824067642912269 ], [ 6534935.713369389995933, 8769022.56905360147357 ], [ 6534952.591367728076875, 8768968.710632365196943 ], [ 6535050.313810688443482, 8768910.801990775391459 ], [ 6535144.717300317250192, 8768930.913956616073847 ], [ 6535260.62945232540369, 8768900.543243836611509 ], [ 6535349.535602565854788, 8768914.845096323639154 ], [ 6535415.515900354832411, 8768917.073633182793856 ], [ 6535492.749437750317156, 8768871.752414429560304 ], [ 6535552.192635657265782, 8768903.957021934911609 ], [ 6535680.184135491959751, 8768968.300591247156262 ], [ 6535811.952214749529958, 8769038.396564306691289 ], [ 6535899.883697420358658, 8769080.048236511647701 ], [ 6535947.047899805009365, 8769111.35962513461709 ], [ 6536007.655302923172712, 8769129.710063291713595 ], [ 6536166.931534238159657, 8769098.434379633516073 ], [ 6536251.412308784201741, 8769037.038737896829844 ], [ 6536291.07489746902138, 8768926.661408390849829 ], [ 6536391.237275229766965, 8768852.690107878297567 ], [ 6536507.669668562710285, 8768824.386770509183407 ], [ 6536640.245162941515446, 8768877.349268883466721 ], [ 6536706.589120532386005, 8768822.039978232234716 ], [ 6536779.015385212376714, 8768826.385194512084126 ], [ 6536850.215045433491468, 8768840.314442189410329 ], [ 6536911.656086035072803, 8768815.750551987439394 ], [ 6537001.458419946953654, 8768871.50347282923758 ], [ 6537054.927998323924839, 8768862.487043203786016 ], [ 6537216.186724331229925, 8768895.083271646872163 ], [ 6537319.649263272993267, 8768945.990148991346359 ], [ 6537384.221181988716125, 8768912.311661059036851 ], [ 6537531.080587389878929, 8768960.876885697245598 ], [ 6537669.881355431862175, 8768921.623017944395542 ], [ 6537724.875108426436782, 8768894.436704726889729 ], [ 6537791.147885987535119, 8768850.307104583829641 ], [ 6537981.431686975993216, 8768833.352993097156286 ], [ 6538087.517002644017339, 8768796.869445580989122 ], [ 6538211.008724078536034, 8768758.24927431717515 ], [ 6538287.727425094693899, 8768728.817221965640783 ], [ 6538342.907753502950072, 8768705.734789373353124 ], [ 6538399.21413363609463, 8768631.095480607822537 ], [ 6538397.368903692811728, 8768578.957769503816962 ], [ 6538414.656961431726813, 8768517.674506422132254 ], [ 6538446.613415587693453, 8768425.716593852266669 ], [ 6538429.07912968005985, 8768371.145397927612066 ], [ 6538402.065475472249091, 8768351.089734988287091 ], [ 6538393.8103869529441, 8768302.188212955370545 ], [ 6538393.897968821227551, 8768239.179401200264692 ], [ 6538412.805564196780324, 8768186.768117284402251 ], [ 6538429.576377484947443, 8768140.780887531116605 ], [ 6538472.436938654631376, 8768099.425315605476499 ], [ 6538532.675525840371847, 8768086.695925680920482 ], [ 6538633.645648587495089, 8768033.939424881711602 ], [ 6538644.812002716585994, 8767965.939500944688916 ], [ 6538628.284210572019219, 8767889.347398515790701 ], [ 6538620.320038510486484, 8767830.789883529767394 ], [ 6538622.376582119613886, 8767789.0940843783319 ], [ 6538599.895134126767516, 8767736.723060872405767 ], [ 6538606.78887602686882, 8767711.763478485867381 ], [ 6538644.816724881529808, 8767664.817026738077402 ], [ 6538653.865997207351029, 8767586.930357141420245 ], [ 6538709.20396020822227, 8767565.923064654693007 ], [ 6538714.615700695663691, 8767496.592675669118762 ], [ 6538690.156585081480443, 8767428.516055529937148 ], [ 6538692.846966098062694, 8767385.616857100278139 ], [ 6538734.237718747928739, 8767397.622127937152982 ], [ 6538764.717964281328022, 8767388.156648663803935 ], [ 6538739.229607004672289, 8767308.353855775669217 ], [ 6538784.459534117020667, 8767292.770497320219874 ], [ 6538815.128443749621511, 8767281.449710749089718 ], [ 6538843.457065638154745, 8767265.392964884638786 ], [ 6538846.648012993857265, 8767235.361055556684732 ], [ 6538846.42740479297936, 8767180.765266638249159 ], [ 6538868.80437633022666, 8767142.769274855032563 ], [ 6538867.309284710325301, 8767097.646736722439528 ], [ 6538836.388744972646236, 8767065.657098097726703 ], [ 6538803.393325717188418, 8767004.346134142950177 ], [ 6538766.725911495275795, 8766993.171927144750953 ], [ 6538723.548833703622222, 8766990.447653172537684 ], [ 6538691.785252399742603, 8766960.845027320086956 ], [ 6538682.265063433907926, 8766916.651943707838655 ], [ 6538761.642885535024107, 8766881.835742149502039 ], [ 6538790.306161646731198, 8766809.231059430167079 ], [ 6538792.689364523626864, 8766782.131436184048653 ], [ 6538783.177028607577085, 8766754.384628674015403 ], [ 6538797.688945108093321, 8766736.617770623415709 ], [ 6538793.98667336627841, 8766707.143645025789738 ], [ 6538782.034994321875274, 8766688.046366240829229 ], [ 6538785.081227459944785, 8766626.164804382249713 ], [ 6538801.000048068352044, 8766609.244669690728188 ], [ 6538767.087008278816938, 8766548.227416798472404 ], [ 6538724.130162702873349, 8766505.818721923977137 ], [ 6538726.573841616511345, 8766476.22025940939784 ], [ 6538761.49291165266186, 8766465.465803381055593 ], [ 6538780.760921279899776, 8766506.655384551733732 ], [ 6538814.725333074107766, 8766518.329939568415284 ], [ 6538828.93198527675122, 8766482.420593079179525 ], [ 6538867.353914362378418, 8766475.732657689601183 ], [ 6538917.417546696029603, 8766423.975965956225991 ], [ 6538956.118689561262727, 8766371.501821624115109 ], [ 6538971.828473417088389, 8766363.652166279032826 ], [ 6538982.647766979411244, 8766399.613331161439419 ], [ 6539012.08590742200613, 8766390.844209339469671 ], [ 6539010.309795469976962, 8766352.048713583499193 ], [ 6539029.058123908936977, 8766330.711830189451575 ], [ 6539074.657914998009801, 8766364.848855910822749 ], [ 6539143.520661362446845, 8766371.057516051456332 ], [ 6539141.319781445898116, 8766319.88069436326623 ], [ 6539139.206642519682646, 8766286.161200182512403 ], [ 6539104.610525286756456, 8766260.690815171226859 ], [ 6539114.722377504222095, 8766225.973101591691375 ], [ 6539048.825816686265171, 8766201.585048764944077 ], [ 6539002.14666669908911, 8766175.431001789867878 ], [ 6538990.698755476623774, 8766050.448653671890497 ], [ 6539029.285566188395023, 8766028.490689875558019 ], [ 6539105.484126266092062, 8766030.689280405640602 ], [ 6539132.956657523289323, 8766069.835533782839775 ], [ 6539163.630908045917749, 8766000.349695786833763 ], [ 6539172.950582924298942, 8765950.258582448586822 ], [ 6539274.044026373885572, 8765942.494900915771723 ], [ 6539331.305654321797192, 8765912.195593468844891 ], [ 6539350.183631001971662, 8765882.713873993605375 ], [ 6539344.516413498669863, 8765852.908398868516088 ], [ 6539309.382407110184431, 8765868.985810885205865 ], [ 6539277.406617387197912, 8765891.163104247301817 ], [ 6539292.298378633335233, 8765823.409476421773434 ], [ 6539273.999761216342449, 8765777.604418957605958 ], [ 6539304.226537443697453, 8765767.19068368524313 ], [ 6539242.494083054363728, 8765717.809647522866726 ], [ 6539192.997683220542967, 8765683.204236434772611 ], [ 6539243.159054832533002, 8765644.639017323032022 ], [ 6539254.653360020369291, 8765604.283303325995803 ], [ 6539288.440709272399545, 8765616.876512087881565 ], [ 6539306.390774998813868, 8765604.899073965847492 ], [ 6539280.304638613015413, 8765580.494805732741952 ], [ 6539286.288815055973828, 8765562.26636840775609 ], [ 6539348.483719962649047, 8765570.137396436184645 ], [ 6539367.360460050404072, 8765597.017986373975873 ], [ 6539404.451858218759298, 8765598.824047341942787 ], [ 6539413.315083841793239, 8765547.875699875876307 ], [ 6539434.214352967217565, 8765509.489451497793198 ], [ 6539400.515381960198283, 8765479.955065436661243 ], [ 6539360.016048983670771, 8765449.401796948164701 ], [ 6539426.465433257631958, 8765440.00153580494225 ], [ 6539467.535135295242071, 8765440.96216643974185 ], [ 6539512.167473134584725, 8765417.91339023783803 ], [ 6539534.211752563714981, 8765390.187928890809417 ], [ 6539561.968905909918249, 8765365.070332799106836 ], [ 6539578.756876773200929, 8765365.239497542381287 ], [ 6539588.761182770133018, 8765380.038449062034488 ], [ 6539598.372935024090111, 8765386.272885657846928 ], [ 6539610.257004507817328, 8765380.947184171527624 ], [ 6539612.431848582811654, 8765367.499484367668629 ], [ 6539606.15221262536943, 8765352.528164647519588 ], [ 6539607.180157511495054, 8765334.357778208330274 ], [ 6539625.182136690244079, 8765320.177621882408857 ], [ 6539645.084245415404439, 8765306.855534888803959 ], [ 6539663.696717101149261, 8765305.994151616469026 ], [ 6539690.053155056200922, 8765311.453608991578221 ], [ 6539730.249011695384979, 8765313.411639241501689 ], [ 6539777.248974981717765, 8765321.72259103693068 ], [ 6539811.6338947173208, 8765319.173703793436289 ], [ 6539819.488182402215898, 8765307.366492390632629 ], [ 6539814.311548713594675, 8765296.162408377975225 ], [ 6539813.133621165528893, 8765270.468644699081779 ], [ 6539817.711903097108006, 8765248.326806053519249 ], [ 6539834.325657172128558, 8765244.696882063522935 ], [ 6539850.99413370154798, 8765242.021854078397155 ], [ 6539862.343602964654565, 8765225.276994902640581 ], [ 6539871.836699360981584, 8765208.629446417093277 ], [ 6539887.838506562635303, 8765211.707093317061663 ], [ 6539907.379359961487353, 8765210.802538448944688 ], [ 6539917.931234993040562, 8765196.955465769395232 ], [ 6539908.550078992731869, 8765175.459723839536309 ], [ 6539915.170186556875706, 8765157.030226349830627 ], [ 6539938.250031643547118, 8765152.143402947112918 ], [ 6539950.713967254385352, 8765139.176604295149446 ], [ 6539957.564085454680026, 8765105.474278127774596 ], [ 6539949.74499949067831, 8765077.226904356852174 ], [ 6539969.559618705883622, 8765062.004844380542636 ], [ 6540002.186991634778678, 8765041.425086842849851 ], [ 6540036.845394473522902, 8765024.558205241337419 ], [ 6540053.31898095458746, 8764977.062820641323924 ], [ 6540063.478311288170516, 8764954.662252150475979 ], [ 6540071.114203944802284, 8764938.100415013730526 ], [ 6540063.807718958705664, 8764921.273045605048537 ], [ 6540051.235847041942179, 8764911.357455054298043 ], [ 6540062.541594661772251, 8764893.668223425745964 ], [ 6540068.594273025169969, 8764862.874926522374153 ], [ 6540068.824133057147264, 8764847.602075461298227 ], [ 6540083.362685753032565, 8764839.303393727168441 ], [ 6540096.667070712894201, 8764824.382492072880268 ], [ 6540110.59411927498877, 8764802.75336922891438 ], [ 6540126.683729737997055, 8764787.703429797664285 ], [ 6540148.81409852579236, 8764761.8873007632792 ], [ 6540143.910785124637187, 8764736.365754026919603 ], [ 6540172.66060134395957, 8764692.119718933477998 ], [ 6540198.110998181626201, 8764657.555348467081785 ], [ 6540221.562474207952619, 8764640.260700924322009 ], [ 6540244.34747227281332, 8764628.718824420124292 ], [ 6540256.362586657516658, 8764606.220520947128534 ], [ 6540266.707106424495578, 8764587.6294130012393 ], [ 6540286.783012414351106, 8764578.116461634635925 ], [ 6540303.713047845289111, 8764561.112346177920699 ], [ 6540319.027220886200666, 8764528.932094095274806 ], [ 6540337.432434925809503, 8764503.288013441488147 ], [ 6540354.362881474196911, 8764486.295169910416007 ], [ 6540374.580605916678905, 8764479.636476173996925 ], [ 6540382.838469685055315, 8764456.36596392840147 ], [ 6540393.706673428416252, 8764429.156032789498568 ], [ 6540415.519120646640658, 8764416.701385920867324 ], [ 6540447.467834869399667, 8764401.87349059060216 ], [ 6540472.196504234336317, 8764392.144629189744592 ], [ 6540507.006719097495079, 8764358.103071199730039 ], [ 6540526.875223997049034, 8764323.807755617424846 ], [ 6540549.091725973412395, 8764299.890120571479201 ], [ 6540572.006773643195629, 8764291.191178876906633 ], [ 6540607.002471594139934, 8764301.970814166590571 ], [ 6540621.725904555991292, 8764277.442847987636924 ], [ 6540638.688821966759861, 8764281.43262716755271 ], [ 6540655.159847562201321, 8764294.974334327504039 ], [ 6540682.989960388280451, 8764291.769528742879629 ], [ 6540707.631247689947486, 8764280.140817120671272 ], [ 6540753.232540915720165, 8764278.027201620861888 ], [ 6540781.718499175272882, 8764269.081225384026766 ], [ 6540783.859286736696959, 8764254.676827270537615 ], [ 6540746.962871143594384, 8764243.027971168980002 ], [ 6540733.539171934127808, 8764235.067095333710313 ], [ 6540736.783303905278444, 8764224.430084723979235 ], [ 6540758.584484269842505, 8764211.975420072674751 ], [ 6540774.990144819952548, 8764203.589337572455406 ], [ 6540787.310425437055528, 8764187.755589477717876 ], [ 6540790.117400055751204, 8764167.598226860165596 ], [ 6540798.287409183569252, 8764142.427651485428214 ], [ 6540807.953492866829038, 8764129.577931011095643 ], [ 6540809.47532369941473, 8764123.865097094327211 ], [ 6540815.904606626369059, 8764099.641471859067678 ], [ 6540821.671666713431478, 8764083.165359757840633 ], [ 6540832.812131172977388, 8764061.664123140275478 ], [ 6540845.001667805947363, 8764042.986666861921549 ], [ 6540843.373879757709801, 8764027.799445498734713 ], [ 6540834.220717906951904, 8764011.057564673945308 ], [ 6540830.944048462435603, 8764000.722798384726048 ], [ 6540824.0516586760059, 8763972.431952472776175 ], [ 6540832.974814716726542, 8763943.40782294049859 ], [ 6540825.460076831281185, 8763921.825403712689877 ], [ 6540820.238826885819435, 8763909.665853664278984 ], [ 6540820.697233036160469, 8763879.130635472014546 ], [ 6540844.103473146446049, 8763860.879072215408087 ], [ 6540843.939009832218289, 8763837.040872614830732 ], [ 6540825.304958010092378, 8763816.920162096619606 ], [ 6540818.270355829037726, 8763785.77491145581007 ], [ 6540806.375380402430892, 8763750.090460760518909 ], [ 6540786.267009970732033, 8763738.62129938416183 ], [ 6540769.981394498609006, 8763708.862580079585314 ], [ 6540756.929156249389052, 8763688.494527032598853 ], [ 6540737.486939270980656, 8763671.272449843585491 ], [ 6540730.550440600141883, 8763642.02632200345397 ], [ 6540723.657806933857501, 8763613.735648861154914 ], [ 6540733.192883441224694, 8763598.04221385717392 ], [ 6540754.458399512805045, 8763594.194958770647645 ], [ 6540767.051302913576365, 8763584.070348579436541 ], [ 6540771.048443706706166, 8763569.57978542521596 ], [ 6540762.812604612670839, 8763552.795531963929534 ], [ 6540752.228932611644268, 8763545.660760406404734 ], [ 6540744.004015074111521, 8763528.876015016809106 ], [ 6540749.682860473170877, 8763510.488946670666337 ], [ 6540742.692512203939259, 8763500.326498629525304 ], [ 6540732.283366410061717, 8763496.990764763206244 ], [ 6540732.337578630074859, 8763477.918494442477822 ], [ 6540744.514110211282969, 8763418.229479746893048 ], [ 6540761.092983534559608, 8763393.614716183394194 ], [ 6540766.464231860823929, 8763394.026687605306506 ], [ 6540784.488363775424659, 8763395.390556940808892 ], [ 6540809.390905760228634, 8763389.470828142017126 ], [ 6540818.925220726057887, 8763373.765866253525019 ], [ 6540815.572005240246654, 8763361.531157393008471 ], [ 6540804.147217967547476, 8763356.339039847254753 ], [ 6540786.201908640563488, 8763351.449392458423972 ], [ 6540785.45824982970953, 8763335.263728953897953 ], [ 6540786.155504684895277, 8763289.454738387838006 ], [ 6540793.341233369894326, 8763263.372022001072764 ], [ 6540810.412131009623408, 8763249.232349276542664 ], [ 6540830.880178527906537, 8763248.282793797552586 ], [ 6540837.040101164020598, 8763240.371361989527941 ], [ 6540831.796214721165597, 8763207.239569986239076 ], [ 6540825.679333335720003, 8763196.079174090176821 ], [ 6540819.398275413550436, 8763181.107872938737273 ], [ 6540823.088821398094296, 8763159.951851902529597 ], [ 6540818.817139461636543, 8763127.732459770515561 ], [ 6540806.921466843225062, 8763092.048285791650414 ], [ 6540803.970205215737224, 8763048.312076793983579 ], [ 6540792.161762469448149, 8763014.527463026344776 ], [ 6540790.490043394267559, 8762998.396254096180201 ], [ 6540811.64467699918896, 8762971.665245436131954 ], [ 6540809.033630033954978, 8762955.577614119276404 ], [ 6540799.923455075360835, 8762939.780168825760484 ], [ 6540813.083547683432698, 8762922.003217797726393 ], [ 6540810.046334596350789, 8762896.406144766137004 ], [ 6540804.562306884676218, 8762878.536879483610392 ], [ 6540812.774115167558193, 8762854.309950068593025 ], [ 6540830.369494547136128, 8762851.589829945936799 ], [ 6540853.622395534068346, 8762850.510709503665566 ], [ 6540900.28127477504313, 8762851.206371426582336 ], [ 6540920.48659498617053, 8762844.546527057886124 ], [ 6540918.10490526072681, 8762833.21283002756536 ], [ 6540913.636995702981949, 8762817.2113285548985 ], [ 6540915.678571830503643, 8762800.907713741064072 ], [ 6540936.910457599908113, 8762796.103745609521866 ], [ 6540947.416473813354969, 8762781.310822166502476 ], [ 6540956.065740306861699, 8762766.604063464328647 ], [ 6540969.149161853827536, 8762746.926838709041476 ], [ 6540976.301077988930047, 8762719.887802924960852 ], [ 6540978.386483178474009, 8762704.539587805047631 ], [ 6540992.213454300537705, 8762701.036704348400235 ], [ 6541015.695763275027275, 8762704.711343485862017 ], [ 6541020.620560107752681, 8762690.177389787510037 ], [ 6541020.761340449564159, 8762673.004432488232851 ], [ 6541043.456034591421485, 8762659.549156334251165 ], [ 6541051.711869986727834, 8762636.288717035204172 ], [ 6541058.808726407587528, 8762608.294607305899262 ], [ 6541078.737566071562469, 8762554.923947867006063 ], [ 6541075.267852213233709, 8762514.220641076564789 ], [ 6541072.659414643421769, 8762483.679202567785978 ], [ 6541072.11107287555933, 8762451.286715760827065 ], [ 6541058.959319266490638, 8762429.008738115429878 ], [ 6541062.746160731650889, 8762389.735329458490014 ], [ 6541078.099860389716923, 8762358.508048888295889 ], [ 6541103.535277470014989, 8762343.967666190117598 ], [ 6541127.858398180454969, 8762345.699299357831478 ], [ 6541145.584755810908973, 8762345.833656460046768 ], [ 6541159.838477585464716, 8762351.851438235491514 ], [ 6541177.608261410146952, 8762352.929865458980203 ], [ 6541195.781142088584602, 8762342.545199658721685 ], [ 6541213.189997193403542, 8762336.014581939205527 ], [ 6541230.513876963406801, 8762338.344751697033644 ], [ 6541255.414747280068696, 8762341.69090249761939 ], [ 6541274.025512005202472, 8762340.826625840738416 ], [ 6541286.431115955114365, 8762326.891100538894534 ], [ 6541309.213202500715852, 8762315.346157986670732 ], [ 6541340.415716298855841, 8762304.356213906779885 ], [ 6541364.170066300779581, 8762293.723541477695107 ], [ 6541385.737853911705315, 8762266.014311894774437 ], [ 6541424.215019326657057, 8762261.366063797846437 ], [ 6541464.352857071906328, 8762262.362870601937175 ], [ 6541480.418497207574546, 8762256.851904893293977 ], [ 6541478.917950040660799, 8762234.465772910043597 ], [ 6541468.9123281147331, 8762199.217791613191366 ], [ 6541475.61506942845881, 8762169.337698418647051 ], [ 6541539.245868610218167, 8762066.253655306994915 ], [ 6541561.992316359654069, 8762033.724418457597494 ], [ 6541591.171516155824065, 8761998.992605339735746 ], [ 6541604.262310406193137, 8761959.285941652953625 ], [ 6541593.177434555254877, 8761916.530545646324754 ], [ 6541588.386067800223827, 8761898.036091977730393 ], [ 6541595.019342802464962, 8761839.547579556703568 ], [ 6541601.994755535386503, 8761808.708416428416967 ], [ 6541620.295216299593449, 8761780.420666985213757 ], [ 6541635.070596008561552, 8761757.585814468562603 ], [ 6541659.043112686835229, 8761751.706962579861283 ], [ 6541672.83392071351409, 8761727.219350138679147 ], [ 6541679.351566125638783, 8761706.888398615643382 ], [ 6541671.607651462778449, 8761700.579888680949807 ], [ 6541659.549984520301223, 8761702.086392890661955 ], [ 6541644.795273808762431, 8761705.633266542106867 ], [ 6541635.052351403050125, 8761696.556517336517572 ], [ 6541630.637914763763547, 8761681.498443210497499 ], [ 6541621.568837681785226, 8761646.640097320079803 ], [ 6541621.804379653185606, 8761611.33791434019804 ], [ 6541640.204141629859805, 8761585.689931530505419 ], [ 6541652.620360393077135, 8761571.764610774815083 ], [ 6541643.474084512330592, 8761534.994827955961227 ], [ 6541637.181065495125949, 8761520.024091519415379 ], [ 6541635.501676118001342, 8761514.927012421190739 ], [ 6541630.680591482669115, 8761500.309626828879118 ], [ 6541633.747610678896308, 8761485.86133586242795 ], [ 6541640.303505633026361, 8761483.481981292366982 ], [ 6541654.835984935984015, 8761478.201266085729003 ], [ 6541643.245708599686623, 8761464.18351311981678 ], [ 6541625.222693936899304, 8761442.382909543812275 ], [ 6541622.873309982009232, 8761432.005054354667664 ], [ 6541639.145078873261809, 8761420.761589074507356 ], [ 6541642.746004574000835, 8761397.705019382759929 ], [ 6541631.592379437759519, 8761378.195489095523953 ], [ 6541610.783275002613664, 8761351.508911296725273 ], [ 6541609.099271729588509, 8761335.377846708521247 ], [ 6541632.063166340813041, 8761307.602455506101251 ], [ 6541650.103995753452182, 8761294.373023457825184 ], [ 6541654.230663397349417, 8761282.736573599278927 ], [ 6541650.919816739857197, 8761271.445903204381466 ], [ 6541635.804021455347538, 8761267.383880177512765 ], [ 6541626.254967821761966, 8761242.077510058879852 ], [ 6541633.744480293244123, 8761222.658788688480854 ], [ 6541642.523640067316592, 8761210.806022675707936 ], [ 6541655.560879398137331, 8761190.171818166971207 ], [ 6541654.194119589403272, 8761180.694399243220687 ], [ 6541642.944952845573425, 8761179.313798278570175 ], [ 6541621.714452433399856, 8761184.119566747918725 ], [ 6541609.273489867337048, 8761177.060678401961923 ], [ 6541609.369468593038619, 8761158.943228891119361 ], [ 6541625.552987633273005, 8761145.788670029491186 ], [ 6541647.709304556250572, 8761120.923170879483223 ], [ 6541657.873994362540543, 8761098.518846245482564 ], [ 6541660.754320008680224, 8761080.260489843785763 ], [ 6541674.580355214886367, 8761076.756431750953197 ], [ 6541683.330331831239164, 8761086.848054453730583 ], [ 6541695.258141453377903, 8761100.58778852969408 ], [ 6541712.187052988447249, 8761103.61927237175405 ], [ 6541716.269583255052567, 8761091.027286095544696 ], [ 6541713.796393659897149, 8761057.765921676531434 ], [ 6541715.64988723769784, 8761048.34392162784934 ], [ 6541719.842275379225612, 8761026.969555854797363 ], [ 6541727.955956466495991, 8761020.869924932718277 ], [ 6541743.469374757260084, 8761022.872864041477442 ], [ 6541755.151248522102833, 8761024.381438152864575 ], [ 6541766.857600016519427, 8761015.253550726920366 ], [ 6541775.450123410671949, 8760999.590611174702644 ], [ 6541768.681586463004351, 8760989.509444350376725 ], [ 6541757.436599379405379, 8760972.774232421070337 ], [ 6541754.79089967161417, 8760955.730298591777682 ], [ 6541761.833791675977409, 8760946.81926478818059 ], [ 6541776.763588732108474, 8760947.082436740398407 ], [ 6541803.6627113269642, 8760943.927760681137443 ], [ 6541816.217465543188155, 8760912.828510783612728 ], [ 6541812.149861020967364, 8760885.352126574143767 ], [ 6541822.741847425699234, 8760872.468672348186374 ], [ 6541830.146165537647903, 8760871.166758388280869 ], [ 6541840.47507234569639, 8760852.573175206780434 ], [ 6541851.181858735159039, 8760848.359059514477849 ], [ 6541867.951309432275593, 8760841.754101967439055 ], [ 6541876.387065858580172, 8760802.262765260413289 ], [ 6541873.116596600040793, 8760771.899475993588567 ], [ 6541875.481809758581221, 8760742.23155409283936 ], [ 6541878.81879154779017, 8760713.464544715359807 ], [ 6541872.850830511189997, 8760685.130398845300078 ], [ 6541849.38785957172513, 8760661.428853221237659 ], [ 6541848.386868704110384, 8760619.515319485217333 ], [ 6541852.316611566580832, 8760543.049673851579428 ], [ 6541862.187914483249187, 8760473.922146443277597 ], [ 6541855.123608967289329, 8760421.803523451089859 ], [ 6541895.460358208045363, 8760386.549964657053351 ], [ 6541897.200239839963615, 8760343.562668500468135 ], [ 6541865.586960280314088, 8760304.977254020050168 ], [ 6541860.952625500969589, 8760285.164661556482315 ], [ 6541870.352615647017956, 8760266.614018563181162 ], [ 6541883.290114466100931, 8760244.080023055896163 ], [ 6541879.671583190560341, 8760226.123807748779655 ], [ 6541872.767804241739213, 8760217.861556915566325 ], [ 6541873.038079156540334, 8760203.543075501918793 ], [ 6541890.357621390372515, 8760195.11101314984262 ], [ 6541885.003684988245368, 8760180.108146391808987 ], [ 6541881.918575298041105, 8760153.543564349412918 ], [ 6541891.800827268511057, 8760145.457607578486204 ], [ 6541901.105576030910015, 8760145.024545161053538 ], [ 6541913.600958611816168, 8760153.026536408811808 ], [ 6541927.959915399551392, 8760140.913486378267407 ], [ 6541926.336981730535626, 8760105.708648206666112 ], [ 6541915.854596919380128, 8760060.417564248666167 ], [ 6541905.899191148579121, 8760026.558120740577579 ], [ 6541898.439096434041858, 8759965.874353097751737 ], [ 6541898.244484947063029, 8759921.061976799741387 ], [ 6541907.833946492522955, 8759879.806622935459018 ], [ 6541911.469304994679987, 8759864.180137153714895 ], [ 6541922.908189125359058, 8759852.829816665500402 ], [ 6541934.650131784379482, 8759841.168995324522257 ], [ 6541962.28988978639245, 8759834.159832265228033 ], [ 6541980.90590607188642, 8759813.264775257557631 ], [ 6541982.648412689566612, 8759790.294085334986448 ], [ 6541973.21930053178221, 8759767.854929238557816 ], [ 6541966.152171026915312, 8759754.390959085896611 ], [ 6541961.977160199545324, 8759746.446331 ], [ 6541968.591194565407932, 8759728.013688335195184 ], [ 6541956.278172270394862, 8759703.793775489553809 ], [ 6541956.076432167552412, 8759679.009960073977709 ], [ 6541982.838370058685541, 8759652.970631495118141 ], [ 6541990.46871699206531, 8759636.405683003365993 ], [ 6541995.303298346698284, 8759619.970907881855965 ], [ 6542019.050209460780025, 8759590.971263870596886 ], [ 6542035.907696353271604, 8759570.397222433239222 ], [ 6542063.865515231154859, 8759570.052800768986344 ], [ 6542077.653057367540896, 8759545.563530117273331 ], [ 6542089.792933880351484, 8759525.927242854610085 ], [ 6542081.34633151628077, 8759504.388482209295034 ], [ 6542062.342114366590977, 8759496.689922848716378 ], [ 6542053.175642041489482, 8759479.949588634073734 ], [ 6542049.695152358151972, 8759444.8310856372118 ], [ 6542045.775427684187889, 8759400.191896066069603 ], [ 6542032.961146581918001, 8759384.328248083591461 ], [ 6542004.242952698841691, 8759348.732365069910884 ], [ 6541968.135254064574838, 8759334.204441241919994 ], [ 6541941.838388065807521, 8759289.650108216330409 ], [ 6541907.571867392398417, 8759254.062017820775509 ], [ 6541901.470793653279543, 8759222.873091537505388 ], [ 6541909.771815900690854, 8759196.655930526554585 ], [ 6541922.631253358907998, 8759156.091438811272383 ], [ 6541949.547754395753145, 8759092.860243234783411 ], [ 6541958.456628474406898, 8759043.531287722289562 ], [ 6542005.197740288451314, 8759009.584146464243531 ], [ 6542071.179562481120229, 8758995.817567806690931 ], [ 6542034.556506492197514, 8758963.953131761401892 ] ] ] } },
{ "type": "Feature", "properties": { "lv_id": "LOC_032004", "id": 148723.0, "CD_SETOR": "291700305000026", "SITUACAO": "Rural", "CD_SIT": "8", "CD_TIPO": "0", "AREA_KM2": 17.226751050571359, "CD_REGIAO": "2", "NM_REGIAO": "Nordeste", "CD_UF": "29", "NM_UF": "Bahia", "CD_MUN": "2917003", "NM_MUN": "Itiúba", "CD_DIST": "291700305", "NM_DIST": "Itiúba", "CD_SUBDIST": "29170030500", "NM_SUBDIST": null, "CD_BAIRRO": null, "NM_BAIRRO": null, "CD_NU": null, "NM_NU": null, "CD_FCU": null, "NM_FCU": null, "CD_AGLOM": null, "NM_AGLOM": null, "CD_RGINT": "2908", "NM_RGINT": "Juazeiro", "CD_RGI": "290023", "NM_RGI": "Senhor do Bonfim", "CD_CONCURB": null, "NM_CONCURB": null, "mun_code_x": "2917003", "index_right": 7745, "dist_m": 3378.0419501359706, "local_id": 339727, "ano": 2022, "cod_localidade_ibge": 2917003, "NR_ZONA": "149", "nr_cep": 48850000.0, "nm_localidade": "ITIÚBA", "nm_locvot": "ESCOLA MUNICIPAL JOSÉ PEREIRA DOS SANTOS", "ds_endereco": "POVOADO FAZENDA FECHADO - ZONA RURAL", "ds_bairro": "POVOADO FAZENDA FECHADO", "pred_long": -39.978955, "pred_lat": -10.70665, "pred_dist": 0.020912369847592, "tse_long": null, "tse_lat": null, "long": -39.978955, "lat": -10.70665, "ID_UNICO": "LOC_032004", "SG_UF": "BA", "CD_MUNICIPIO": "36412", "NR_LOCAL_VOTACAO": "1520", "QT_SECOES_AGREGADAS": 0, "QT_ELEITORES_TRANSFERIDOS": 0, "CIRO GOMES (PDT) (NÃO ELEITO) 1T": 12.0, "CONSTITUINTE EYMAEL (DC) (NÃO ELEITO) 1T": 0.0, "FELIPE D AVILA (NOVO) (NÃO ELEITO) 1T": 0.0, "JAIR BOLSONARO (PL) (2º TURNO) 1T": 76.0, "LULA (PT) (2º TURNO) 1T": 325.0, "LÉO PÉRICLES (UP) (NÃO ELEITO) 1T": 0.0, "PADRE KELMON (PTB) (NÃO ELEITO) 1T": 1.0, "SIMONE TEBET (MDB) (NÃO ELEITO) 1T": 7.0, "SOFIA MANZANO (PCB) (NÃO ELEITO) 1T": 0.0, "SORAYA THRONICKE (UNIÃO) (NÃO ELEITO) 1T": 1.0, "VERA (PSTU) (NÃO ELEITO) 1T": 0.0, "Total_Votos_Validos 1T": 422.0, "Votos_Brancos 1T": 15.0, "Votos_Nulos 1T": 14.0, "Abstenções 1T": 102.0, "Eleitores_Aptos 1T": 553.0, "JAIR BOLSONARO (PL) (NÃO ELEITO) 2T": 81.0, "LULA (PT) (ELEITO) 2T": 347.0, "Total_Votos_Validos 2T": 428.0, "Votos_Brancos 2T": 10.0, "Votos_Nulos 2T": 23.0, "Abstenções 2T": 92.0, "Eleitores_Aptos 2T": 553.0, "mun_code_y": "2917003", "mun_code": "2917003" }, "geometry": { "type": "Polygon", "coordinates": [ [ [ 6532147.275301955640316, 8780455.26862208917737 ], [ 6531969.79467081092298, 8780152.995475303381681 ], [ 6531884.895545853301883, 8780174.815126966685057 ], [ 6531479.43017047457397, 8779511.664234906435013 ], [ 6531304.371824856847525, 8779238.607947055250406 ], [ 6531095.202674504369497, 8778883.669135272502899 ], [ 6530889.7085295394063, 8778551.480267845094204 ], [ 6530936.968629149720073, 8778478.185355097055435 ], [ 6530828.462629180401564, 8778302.772453820332885 ], [ 6530531.329097148962319, 8777803.811457645148039 ], [ 6530300.672722304239869, 8777416.826347032561898 ], [ 6530113.697657348588109, 8777100.809054736047983 ], [ 6529901.808643769472837, 8776738.613237001001835 ], [ 6529705.344809528440237, 8776399.189171029254794 ], [ 6529557.522044275887311, 8776148.664256080985069 ], [ 6529233.169822273775935, 8775596.509293254464865 ], [ 6529077.865304598584771, 8775336.716415390372276 ], [ 6528934.162393469363451, 8775094.295302862301469 ], [ 6528874.51168046426028, 8774992.928365550935268 ], [ 6528835.579460090957582, 8774932.361024675890803 ], [ 6528754.975831321440637, 8774949.560428470373154 ], [ 6528555.860364355146885, 8774619.84821866825223 ], [ 6528316.968779225833714, 8774204.365907495841384 ], [ 6528403.650445941835642, 8773892.951479645445943 ], [ 6528445.003857625648379, 8773760.285078125074506 ], [ 6527905.597586572170258, 8773936.888675045222044 ], [ 6527778.795055084861815, 8773839.489830665290356 ], [ 6527696.194725506938994, 8773798.872219264507294 ], [ 6527595.525296291336417, 8773805.879508417099714 ], [ 6527508.248887270689011, 8773786.551318567246199 ], [ 6527425.547952452674508, 8773792.886678673326969 ], [ 6527379.347042566165328, 8773792.168515000492334 ], [ 6527339.123227153904736, 8773803.310646804049611 ], [ 6527303.855146959424019, 8773811.21909505315125 ], [ 6527264.477521086111665, 8773839.638950977474451 ], [ 6527228.941784467548132, 8773883.308778859674931 ], [ 6527214.283269917592406, 8773927.929017087444663 ], [ 6527189.59136974811554, 8773951.600416831672192 ], [ 6527161.262897208333015, 8773960.205983739346266 ], [ 6527113.259660405106843, 8773953.280817059800029 ], [ 6527048.232922103255987, 8773942.25586211681366 ], [ 6527002.779130583629012, 8773946.447176368907094 ], [ 6526950.463039106689394, 8773972.505440857261419 ], [ 6526931.623303811065853, 8773986.613518675789237 ], [ 6526914.912729324772954, 8773999.382749047130346 ], [ 6526868.861929661594331, 8774030.600579652935266 ], [ 6526821.678582716733217, 8774067.531793532893062 ], [ 6526787.473906805738807, 8774114.033087307587266 ], [ 6526757.009129337966442, 8774177.657096330076456 ], [ 6526742.461931400932372, 8774224.526733325794339 ], [ 6526736.720493663102388, 8774308.57776490598917 ], [ 6526743.422016344964504, 8774389.122573491185904 ], [ 6526749.853241825476289, 8774463.926679434254766 ], [ 6526746.20274755358696, 8774533.43710945174098 ], [ 6526726.82476753834635, 8774596.521159216761589 ], [ 6526701.828500926494598, 8774673.884767705574632 ], [ 6526696.358144756406546, 8774686.585577234625816 ], [ 6527509.319121049717069, 8778191.360812626779079 ], [ 6528241.041879685595632, 8780758.115096554160118 ], [ 6528258.928378095850348, 8780820.840467130765319 ], [ 6528320.791494086384773, 8780999.564913408830762 ], [ 6528328.026906578801572, 8781020.461274031549692 ], [ 6530738.082507817074656, 8785149.797971239313483 ], [ 6529521.210865834727883, 8785847.933536877855659 ], [ 6529488.986294188536704, 8785866.422962279990315 ], [ 6529485.677661128342152, 8785870.309456415474415 ], [ 6529483.888386487960815, 8785872.418306710198522 ], [ 6529481.36815444752574, 8785878.992097234353423 ], [ 6529481.41185143776238, 8785885.837345188483596 ], [ 6529483.659475702792406, 8785891.762663254514337 ], [ 6529483.945482010021806, 8785892.524461610242724 ], [ 6529488.370731675997376, 8785899.388107484206557 ], [ 6531876.962181609123945, 8789725.266502842307091 ], [ 6531877.152839563786983, 8789725.121171312406659 ], [ 6531877.303331709466875, 8789725.05741023644805 ], [ 6531877.446959264576435, 8789725.085110852494836 ], [ 6531877.770057078450918, 8789725.207258572801948 ], [ 6531878.097986293025315, 8789725.192460397258401 ], [ 6531879.751396180130541, 8789745.273817313835025 ], [ 6532064.49463125038892, 8789671.739821430295706 ], [ 6532258.420291407965124, 8789620.600484665483236 ], [ 6532364.876585384830832, 8789546.723134810104966 ], [ 6532438.8057751217857, 8789513.338804239407182 ], [ 6532523.646489212289453, 8789501.805624736472964 ], [ 6532654.952430623583496, 8789542.980733811855316 ], [ 6532772.328107717446983, 8789587.132086982950568 ], [ 6532812.168323863297701, 8789575.226195979863405 ], [ 6532848.002046339213848, 8789557.006341014057398 ], [ 6532895.41836675349623, 8789470.842430477961898 ], [ 6533038.904196754097939, 8789217.784650010988116 ], [ 6533111.762702085077763, 8789150.478461485356092 ], [ 6533141.035998206585646, 8789065.234918907284737 ], [ 6533143.405248103663325, 8788921.191800462082028 ], [ 6533291.972652301192284, 8788799.437263170257211 ], [ 6533562.935965874232352, 8788641.98514317907393 ], [ 6533660.828649951145053, 8788548.998509883880615 ], [ 6533729.562360994517803, 8788471.368097463622689 ], [ 6533793.3579744361341, 8788415.052371326833963 ], [ 6533770.744710316881537, 8788347.181906051933765 ], [ 6533810.779632183723152, 8788264.137044712901115 ], [ 6533899.193461405113339, 8788163.53144440613687 ], [ 6533966.49126249179244, 8788137.491703907027841 ], [ 6534065.758326418697834, 8788153.4542216360569 ], [ 6534127.321904179640114, 8788176.888507597148418 ], [ 6534288.644239201210439, 8788214.052221724763513 ], [ 6534360.478873195126653, 8788131.628347154706717 ], [ 6534373.311140681616962, 8788113.943538341671228 ], [ 6534384.996781578287482, 8788074.591499879956245 ], [ 6534406.120196560397744, 8788015.622854266315699 ], [ 6534450.059034943580627, 8788014.57987287081778 ], [ 6534505.845630209892988, 8787949.472444726154208 ], [ 6534611.913446771912277, 8787903.13530383259058 ], [ 6534648.372217045165598, 8787864.495776234194636 ], [ 6534670.695695928297937, 8787832.30767959356308 ], [ 6534711.498304534703493, 8787792.84448123164475 ], [ 6534730.311484852805734, 8787773.236007520928979 ], [ 6534757.13902869541198, 8787740.866515526548028 ], [ 6534848.787025360390544, 8787670.976703910157084 ], [ 6534942.724139737896621, 8787563.993098951876163 ], [ 6534895.512131007388234, 8787508.425395300611854 ], [ 6534922.775759822688997, 8787453.324564162641764 ], [ 6534941.765534780919552, 8787372.981582814827561 ], [ 6535086.733291983604431, 8787291.261077549308538 ], [ 6535221.014733775518835, 8787319.192310702055693 ], [ 6535271.01417392026633, 8787259.447702117264271 ], [ 6535331.714613752439618, 8787227.535793777555227 ], [ 6535505.844915702007711, 8787275.072507055476308 ], [ 6535718.267655871808529, 8787245.331233331933618 ], [ 6535794.701979266479611, 8787188.443237667903304 ], [ 6535960.299316415563226, 8787030.841451361775398 ], [ 6536060.7497334824875, 8787044.884677289053798 ], [ 6536088.607527256011963, 8787037.946301009505987 ], [ 6536174.754739744588733, 8786945.20849260315299 ], [ 6536219.392848297022283, 8786971.947410875931382 ], [ 6536278.881926048547029, 8786977.46589476428926 ], [ 6536371.697517367079854, 8786908.355931956321001 ], [ 6536464.574687696993351, 8786886.695635503157973 ], [ 6536528.980009301565588, 8786830.520089199766517 ], [ 6536525.478645533323288, 8786752.604344476014376 ], [ 6536545.662511769682169, 8786695.551439918577671 ], [ 6536555.451375796459615, 8786656.018667574971914 ], [ 6536629.34134469088167, 8786427.364274192601442 ], [ 6536669.73961238656193, 8786359.78634993173182 ], [ 6536788.225612410344183, 8786272.21878457069397 ], [ 6536869.737486554309726, 8786196.608122412115335 ], [ 6537016.823521867394447, 8786130.350147165358067 ], [ 6537091.644985750317574, 8786130.519728826358914 ], [ 6537172.127063462510705, 8786115.069783866405487 ], [ 6537273.82557522598654, 8786137.164572428911924 ], [ 6537332.514134553261101, 8786081.084076397120953 ], [ 6537492.12973714619875, 8786007.563576670363545 ], [ 6537637.599970870651305, 8785925.646650854498148 ], [ 6537724.850484527647495, 8785857.405582511797547 ], [ 6537868.765392902307212, 8785711.5302051641047 ], [ 6537989.488508361391723, 8785630.015808111056685 ], [ 6538115.576944886706769, 8785470.176793556660414 ], [ 6538210.70642048958689, 8785387.999901400879025 ], [ 6538462.693286327645183, 8785294.506142746657133 ], [ 6538764.51542641967535, 8785126.279085874557495 ], [ 6539020.460649872198701, 8784869.45716224424541 ], [ 6539371.340820232406259, 8784794.550635613501072 ], [ 6539563.918296288698912, 8784813.524705626070499 ], [ 6539805.236517398618162, 8784743.737009149044752 ], [ 6540081.968906091526151, 8784548.873642014339566 ], [ 6540170.688109726645052, 8784414.886530747637153 ], [ 6540178.162430930882692, 8784277.408354874700308 ], [ 6540269.438495025038719, 8784123.208694713190198 ], [ 6540429.621227903291583, 8784104.145500682294369 ], [ 6540595.169373961165547, 8784074.635670345276594 ], [ 6540661.994251574389637, 8783987.768756674602628 ], [ 6540745.841756775975227, 8783916.036712186411023 ], [ 6540843.928694487549365, 8783707.140252966433764 ], [ 6540883.852574352174997, 8783620.962338570505381 ], [ 6540899.702408708631992, 8783581.759501948952675 ], [ 6540932.206917017698288, 8783526.990782521665096 ], [ 6540975.710803529247642, 8783489.284605832770467 ], [ 6541019.113204643130302, 8783433.824588056653738 ], [ 6541004.216745886951685, 8783290.785173647105694 ], [ 6541016.472367375157773, 8783192.669323617592454 ], [ 6541083.429480126127601, 8783126.536471856757998 ], [ 6541045.44800522737205, 8783056.951495422050357 ], [ 6541044.438826773315668, 8783022.996853470802307 ], [ 6541104.309176951646805, 8783011.601804494857788 ], [ 6541133.727416420355439, 8782995.680841010063887 ], [ 6541135.390994001179934, 8782933.644312437623739 ], [ 6541161.404981100931764, 8782866.894409080967307 ], [ 6541119.942715462297201, 8782817.221604375168681 ], [ 6541092.43973178230226, 8782778.127489140257239 ], [ 6541077.122881945222616, 8782698.287160715088248 ], [ 6541083.666400434449315, 8782657.239936579018831 ], [ 6541050.464463396929204, 8782609.333241106942296 ], [ 6541023.578524112701416, 8782566.449816592037678 ], [ 6541033.905959245748818, 8782553.38334321603179 ], [ 6541075.189151007682085, 8782563.010656511411071 ], [ 6541096.217841167934239, 8782593.577942183241248 ], [ 6541129.894969442859292, 8782612.032806642353535 ], [ 6541182.203120998106897, 8782578.732570653781295 ], [ 6541212.317597752436996, 8782566.597615975886583 ], [ 6541302.24786697793752, 8782616.462093817070127 ], [ 6541358.902247891761363, 8782664.734376903623343 ], [ 6541409.175491854548454, 8782680.391184648498893 ], [ 6541453.046010762453079, 8782661.746376683935523 ], [ 6541459.663705785758793, 8782612.180530918762088 ], [ 6541374.082937283441424, 8782513.697484476491809 ], [ 6541403.777299592271447, 8782395.440167663618922 ], [ 6541428.601787310093641, 8782344.324639718979597 ], [ 6541503.655588328838348, 8782295.075002267956734 ], [ 6541582.280588833615184, 8782307.817317675799131 ], [ 6541699.363710187375546, 8782289.531416667625308 ], [ 6541790.174431236460805, 8782278.007801799103618 ], [ 6541818.95352734066546, 8782254.283459840342402 ], [ 6541830.291599659249187, 8782213.711028598248959 ], [ 6541804.400854959152639, 8782150.743185423314571 ], [ 6541794.422262001782656, 8782106.414401073008776 ], [ 6541814.186986503191292, 8782087.740970369428396 ], [ 6541845.507111243903637, 8782072.984878860414028 ], [ 6541849.889494433999062, 8782004.074254676699638 ], [ 6541918.581535572186112, 8781849.653187127783895 ], [ 6541992.006642671301961, 8781782.385050136595964 ], [ 6542042.941736210137606, 8781716.406720191240311 ], [ 6542124.506533746607602, 8781713.79484535753727 ], [ 6542148.162398336455226, 8781633.549531523138285 ], [ 6542205.107227193191648, 8781617.107802912592888 ], [ 6542277.569552574306726, 8781517.737282156944275 ], [ 6542331.587026599794626, 8781443.204035172238946 ], [ 6542342.943339515477419, 8781397.762117885053158 ], [ 6542332.008988169953227, 8781354.8557347971946 ], [ 6542357.008455560542643, 8781306.965918805450201 ], [ 6542392.645816585049033, 8781291.087327672168612 ], [ 6542432.885780496522784, 8781258.846004752442241 ], [ 6542391.851239547133446, 8781135.302180640399456 ], [ 6542371.100661271251738, 8781032.134962387382984 ], [ 6542341.939386254176497, 8781011.606279907748103 ], [ 6542301.695387670770288, 8781008.705608181655407 ], [ 6542270.384235807694495, 8780973.114979296922684 ], [ 6542280.811686389148235, 8780944.893349273130298 ], [ 6542179.776877297088504, 8780919.924765881150961 ], [ 6542145.19442342966795, 8780830.750524988397956 ], [ 6542131.711582181975245, 8780799.280095966532826 ], [ 6542097.688624333590269, 8780771.507977237924933 ], [ 6542041.491726389154792, 8780722.979019960388541 ], [ 6542003.14905253611505, 8780679.868316646665335 ], [ 6541928.221562805585563, 8780577.825253214687109 ], [ 6541840.202815659344196, 8780448.603323638439178 ], [ 6541813.734361063688993, 8780425.387379750609398 ], [ 6541764.219768148846924, 8780391.645124128088355 ], [ 6541682.768939772620797, 8780356.594460692256689 ], [ 6541638.684039320796728, 8780315.320241594687104 ], [ 6541577.224236546084285, 8780260.593088490888476 ], [ 6541492.351298797875643, 8780197.385575480759144 ], [ 6541441.005110855214298, 8780149.559328207746148 ], [ 6541382.371161710470915, 8780099.673023022711277 ], [ 6541296.564826024696231, 8780041.957169320434332 ], [ 6541248.666810537688434, 8779986.610198356211185 ], [ 6541209.795296242460608, 8779926.746905077248812 ], [ 6541078.37496727053076, 8779809.465770747512579 ], [ 6540908.321655961684883, 8779682.748875234276056 ], [ 6540513.469404223375022, 8779516.612782480195165 ], [ 6540440.650299977511168, 8779504.774049483239651 ], [ 6540376.046203197911382, 8779491.294191621243954 ], [ 6540338.063140943646431, 8779468.41254111751914 ], [ 6540295.752683620899916, 8779381.456021975725889 ], [ 6540258.169233254157007, 8779329.457367131486535 ], [ 6540094.862157504074275, 8779189.407347420230508 ], [ 6540090.775081882253289, 8779070.486915227025747 ], [ 6540099.992469135671854, 8778968.248107470571995 ], [ 6540058.287515597417951, 8778797.08069727011025 ], [ 6540046.004634176380932, 8778703.439831048250198 ], [ 6539995.228605794720352, 8778636.52241587266326 ], [ 6539906.411939463578165, 8778541.096905693411827 ], [ 6539652.41102877445519, 8778308.391900649294257 ], [ 6539507.092016573995352, 8778175.982094107195735 ], [ 6539449.695303361862898, 8778121.940936552360654 ], [ 6539375.901031669229269, 8778045.798532215878367 ], [ 6539292.007047937251627, 8777915.479065503925085 ], [ 6539247.572985253296793, 8777821.797196384519339 ], [ 6539199.154370374977589, 8777701.103613764047623 ], [ 6539182.54613468889147, 8777633.319644683972001 ], [ 6539147.098437337204814, 8777526.780882678925991 ], [ 6539110.986846826970577, 8777484.543027963489294 ], [ 6538920.982194248586893, 8777251.927408445626497 ], [ 6538483.6223069075495, 8776726.873460406437516 ], [ 6537584.558821798302233, 8775776.408257691189647 ], [ 6537299.205890540033579, 8775475.342660296708345 ], [ 6537231.406115086749196, 8775388.415509248152375 ], [ 6537150.622922217473388, 8775305.149346118792892 ], [ 6536897.396254472434521, 8775000.236086428165436 ], [ 6536791.059494846500456, 8774896.238430174067616 ], [ 6536755.512244329787791, 8774852.418332487344742 ], [ 6536737.296193150803447, 8774803.518901055678725 ], [ 6536688.904533609747887, 8774736.753943588584661 ], [ 6536335.709978029131889, 8774294.694170724600554 ], [ 6536095.553439555689692, 8774001.012717101722956 ], [ 6535905.646847642958164, 8773759.800870900973678 ], [ 6535868.49921986926347, 8773706.289735902100801 ], [ 6535797.309068186208606, 8773753.941631015390158 ], [ 6535717.623137033544481, 8773798.951241759583354 ], [ 6535643.740091513842344, 8773808.526217225939035 ], [ 6535597.270603315904737, 8773809.152087131515145 ], [ 6535567.948323348537087, 8773820.67281642742455 ], [ 6535552.087490072473884, 8773837.62774676643312 ], [ 6535534.290286287665367, 8773867.87936214543879 ], [ 6535509.518386865034699, 8773899.567405045032501 ], [ 6535483.264024088159204, 8773930.19511129707098 ], [ 6535463.813935139216483, 8773953.946826195344329 ], [ 6535442.777395181357861, 8773989.782532183453441 ], [ 6535422.388853458687663, 8774036.277864381670952 ], [ 6535380.986113463528454, 8774115.975099325180054 ], [ 6535331.370719444006681, 8774217.848652081564069 ], [ 6535287.129852464422584, 8774300.649532467126846 ], [ 6535244.210313990712166, 8774381.212930941954255 ], [ 6535237.911578754894435, 8774408.407064020633698 ], [ 6535342.682602657005191, 8774581.030454214662313 ], [ 6535473.473109379410744, 8774830.525417832657695 ], [ 6535338.401198976673186, 8774911.923780212178826 ], [ 6535136.48568406701088, 8775021.315002636983991 ], [ 6535070.794887403026223, 8775061.677545355632901 ], [ 6535030.637108735740185, 8775079.355876380577683 ], [ 6534978.125272401608527, 8775093.086879720911384 ], [ 6534902.956463975831866, 8775096.105812046676874 ], [ 6534865.813620278611779, 8775106.147457335144281 ], [ 6534822.752042068168521, 8775112.425860684365034 ], [ 6534721.272805553860962, 8775116.158488279208541 ], [ 6534676.086148856207728, 8775120.482719842344522 ], [ 6534637.526549868285656, 8775132.845176514238119 ], [ 6534475.813643475994468, 8775268.865975560620427 ], [ 6534375.570964640006423, 8775310.042882654815912 ], [ 6534335.035842135548592, 8775317.959595751017332 ], [ 6534293.389886639080942, 8775331.807089885696769 ], [ 6534216.545521390624344, 8775369.382968297228217 ], [ 6534162.019118376076221, 8775402.222821038216352 ], [ 6534112.353018818423152, 8775438.669003129005432 ], [ 6534036.143743308261037, 8775499.461301166564226 ], [ 6533973.839848617091775, 8775549.874288080260158 ], [ 6533853.001873718574643, 8775649.341761836782098 ], [ 6533779.102874238975346, 8775701.218203878030181 ], [ 6533682.816007159650326, 8775780.485927114263177 ], [ 6533670.298849537968636, 8775845.964754715561867 ], [ 6533632.283546766266227, 8775877.876554923132062 ], [ 6533647.145582470111549, 8775897.560369834303856 ], [ 6533716.978229131549597, 8775939.64158446341753 ], [ 6533800.233506830409169, 8775988.231398478150368 ], [ 6533859.606002517044544, 8776013.777845706790686 ], [ 6533887.536013649776578, 8776060.190273568034172 ], [ 6533841.524132911115885, 8776172.325243204832077 ], [ 6533804.6492909938097, 8776265.730176886543632 ], [ 6533719.777774340473115, 8776476.099551932886243 ], [ 6533709.66904169600457, 8776514.028551589697599 ], [ 6533711.982176389545202, 8776542.160018755123019 ], [ 6533726.690685170702636, 8776594.509684415534139 ], [ 6533727.228531188331544, 8776615.349610546603799 ], [ 6533705.690457222983241, 8776701.47781939804554 ], [ 6533684.160930184647441, 8776802.567249942570925 ], [ 6533665.514458396472037, 8776872.518747564405203 ], [ 6533641.617952696979046, 8776965.112610299140215 ], [ 6533612.277691851370037, 8777075.104411935433745 ], [ 6533588.94542536791414, 8777171.238719509914517 ], [ 6533567.19653738848865, 8777253.7290357388556 ], [ 6533544.483171885833144, 8777327.489032553508878 ], [ 6533501.302282569929957, 8777338.222834538668394 ], [ 6533375.453906841576099, 8777393.774327704682946 ], [ 6533330.153677355498075, 8777436.590082220733166 ], [ 6533276.002964768558741, 8777496.77653912268579 ], [ 6533223.331327138468623, 8777555.77847396582365 ], [ 6533194.132813049480319, 8777595.591262202709913 ], [ 6533181.101787503808737, 8777625.60738056153059 ], [ 6533179.193134958855808, 8777657.269650015980005 ], [ 6533178.572333388961852, 8777741.175604848191142 ], [ 6533184.271382393315434, 8777777.880569286644459 ], [ 6533199.565221313387156, 8777887.348521452397108 ], [ 6533197.95761389285326, 8777949.672037713229656 ], [ 6533188.978959894739091, 8778053.398827530443668 ], [ 6533181.4927760027349, 8778124.73024146258831 ], [ 6533174.966901056468487, 8778177.330246729776263 ], [ 6533171.023306047543883, 8778211.227458529174328 ], [ 6533169.974970290437341, 8778252.741129169240594 ], [ 6533106.338816563598812, 8778232.693746384233236 ], [ 6532992.034129866398871, 8778191.939286351203918 ], [ 6532954.012905450537801, 8778187.485603127628565 ], [ 6532865.912529610097408, 8778180.221837215125561 ], [ 6532813.344638643786311, 8778173.94725982658565 ], [ 6532786.249850612133741, 8778168.4939193315804 ], [ 6532747.663699612952769, 8778168.259093513712287 ], [ 6532692.32361395470798, 8778163.637673627585173 ], [ 6532659.049544211477041, 8778174.589399164542556 ], [ 6532635.254147132858634, 8778187.399271283298731 ], [ 6532605.878450473770499, 8778198.116204544901848 ], [ 6532589.430253499187529, 8778193.225696446374059 ], [ 6532568.28485575132072, 8778181.792322851717472 ], [ 6532553.765674943104386, 8778180.095519378781319 ], [ 6532542.515103662386537, 8778192.344805214554071 ], [ 6532524.18868250772357, 8778244.068371687084436 ], [ 6532499.608313804492354, 8778312.006500059738755 ], [ 6532486.208632797934115, 8778349.900222526863217 ], [ 6532465.885997052304447, 8778422.418380370363593 ], [ 6532442.067971648648381, 8778476.454242907464504 ], [ 6532339.897769528441131, 8778640.724062038585544 ], [ 6532293.979418806731701, 8778727.693512011319399 ], [ 6532278.329007892869413, 8778748.004964023828506 ], [ 6532257.98468441516161, 8778763.300169207155704 ], [ 6532225.854207557626069, 8778779.474081300199032 ], [ 6532198.915260653942823, 8778796.163469638675451 ], [ 6532172.279967647045851, 8778818.855216693133116 ], [ 6532161.450814449228346, 8778842.39936026185751 ], [ 6532137.770064443349838, 8778888.349099403247237 ], [ 6532115.906459348276258, 8778911.233519122004509 ], [ 6532083.423234538175166, 8778934.157169833779335 ], [ 6532071.733630073256791, 8778961.933464651927352 ], [ 6532068.760122958570719, 8778994.56558195874095 ], [ 6532082.361258991062641, 8779034.646811958402395 ], [ 6532088.908594669774175, 8779065.215965695679188 ], [ 6532100.540315184742212, 8779152.183582475408912 ], [ 6532115.325800604186952, 8779234.062498753890395 ], [ 6532125.790016770362854, 8779301.952247031033039 ], [ 6532128.856959817931056, 8779353.201215025037527 ], [ 6532113.893002876080573, 8779438.770508443936706 ], [ 6532101.093051739037037, 8779499.002678744494915 ], [ 6532099.726452065631747, 8779582.585490919649601 ], [ 6532096.827463407069445, 8779674.202676150947809 ], [ 6532098.146245244890451, 8779703.209630535915494 ], [ 6532105.022016793489456, 8779731.120482195168734 ], [ 6532120.468049094080925, 8779756.52193240635097 ], [ 6532131.956725076772273, 8779782.069333462044597 ], [ 6532141.738530403003097, 8779819.305291760712862 ], [ 6532155.494707701727748, 8779870.375467417761683 ], [ 6532193.711059020832181, 8780009.81260284781456 ], [ 6532227.375158227980137, 8780154.915110521018505 ], [ 6532237.913279503583908, 8780195.090811174362898 ], [ 6532235.785626538097858, 8780218.341027840971947 ], [ 6532235.99273375235498, 8780256.707920035347342 ], [ 6532250.26277082413435, 8780280.317334726452827 ], [ 6532282.793905925936997, 8780319.389948949217796 ], [ 6532299.127135356888175, 8780345.286984510719776 ], [ 6532300.059028277173638, 8780388.076201803982258 ], [ 6532276.023825714364648, 8780500.356269268319011 ], [ 6532257.567243309691548, 8780596.475772190839052 ], [ 6532205.890020672231913, 8780517.67558279260993 ], [ 6532147.275301955640316, 8780455.26862208917737 ] ] ] } },
{ "type": "Feature", "properties": { "lv_id": "LOC_032005", "id": 148727.0, "CD_SETOR": "291700305000031", "SITUACAO": "Rural", "CD_SIT": "8", "CD_TIPO": "0", "AREA_KM2": 41.435604436277799, "CD_REGIAO": "2", "NM_REGIAO": "Nordeste", "CD_UF": "29", "NM_UF": "Bahia", "CD_MUN": "2917003", "NM_MUN": "Itiúba", "CD_DIST": "291700305", "NM_DIST": "Itiúba", "CD_SUBDIST": "29170030500", "NM_SUBDIST": null, "CD_BAIRRO": null, "NM_BAIRRO": null, "CD_NU": null, "NM_NU": null, "CD_FCU": null, "NM_FCU": null, "CD_AGLOM": null, "NM_AGLOM": null, "CD_RGINT": "2908", "NM_RGINT": "Juazeiro", "CD_RGI": "290023", "NM_RGI": "Senhor do Bonfim", "CD_CONCURB": null, "NM_CONCURB": null, "mun_code_x": "2917003", "index_right": 7751, "dist_m": 0.0, "local_id": 339733, "ano": 2022, "cod_localidade_ibge": 2917003, "NR_ZONA": "149", "nr_cep": 48850000.0, "nm_localidade": "ITIÚBA", "nm_locvot": "ESCOLA MUNICIPAL JOSÉ GUIMARÃES SILVA", "ds_endereco": "POVOADO FAZENDA UMBUZEIRO - ZONA RURAL", "ds_bairro": "POVOADO FAZENDA UMBUZEIRO", "pred_long": -39.8435095, "pred_lat": -10.6104565, "pred_dist": 0.32503192571252898, "tse_long": null, "tse_lat": null, "long": -39.8435095, "lat": -10.6104565, "ID_UNICO": "LOC_032005", "SG_UF": "BA", "CD_MUNICIPIO": "36412", "NR_LOCAL_VOTACAO": "1546", "QT_SECOES_AGREGADAS": 0, "QT_ELEITORES_TRANSFERIDOS": 0, "CIRO GOMES (PDT) (NÃO ELEITO) 1T": 4.0, "CONSTITUINTE EYMAEL (DC) (NÃO ELEITO) 1T": 0.0, "FELIPE D AVILA (NOVO) (NÃO ELEITO) 1T": 0.0, "JAIR BOLSONARO (PL) (2º TURNO) 1T": 23.0, "LULA (PT) (2º TURNO) 1T": 116.0, "LÉO PÉRICLES (UP) (NÃO ELEITO) 1T": 0.0, "PADRE KELMON (PTB) (NÃO ELEITO) 1T": 0.0, "SIMONE TEBET (MDB) (NÃO ELEITO) 1T": 5.0, "SOFIA MANZANO (PCB) (NÃO ELEITO) 1T": 0.0, "SORAYA THRONICKE (UNIÃO) (NÃO ELEITO) 1T": 3.0, "VERA (PSTU) (NÃO ELEITO) 1T": 1.0, "Total_Votos_Validos 1T": 152.0, "Votos_Brancos 1T": 6.0, "Votos_Nulos 1T": 8.0, "Abstenções 1T": 44.0, "Eleitores_Aptos 1T": 210.0, "JAIR BOLSONARO (PL) (NÃO ELEITO) 2T": 26.0, "LULA (PT) (ELEITO) 2T": 125.0, "Total_Votos_Validos 2T": 151.0, "Votos_Brancos 2T": 5.0, "Votos_Nulos 2T": 13.0, "Abstenções 2T": 41.0, "Eleitores_Aptos 2T": 210.0, "mun_code_y": "2917003", "mun_code": "2917003" }, "geometry": { "type": "Polygon", "coordinates": [ [ [ 6548943.323210874572396, 8785156.943453447893262 ], [ 6548885.162780081853271, 8785137.999870046973228 ], [ 6548832.334220280870795, 8785101.379308788105845 ], [ 6548797.148379156365991, 8785062.799663761630654 ], [ 6548726.678589778020978, 8784938.785038217902184 ], [ 6548676.148719630204141, 8784866.623939547687769 ], [ 6548579.795610100030899, 8784778.763268873095512 ], [ 6548469.888302245177329, 8784678.434754276648164 ], [ 6548307.415345704182982, 8784533.015497729182243 ], [ 6548147.313279367983341, 8784385.527761584147811 ], [ 6547788.831822158768773, 8784042.200392277911305 ], [ 6547715.604524487629533, 8783967.25077504850924 ], [ 6547696.910909097641706, 8783927.667214196175337 ], [ 6547653.682934002019465, 8783765.597180958837271 ], [ 6547645.227565126493573, 8783699.904039079323411 ], [ 6547653.049356773495674, 8783664.943700125440955 ], [ 6547710.241612313315272, 8783569.394343629479408 ], [ 6547729.825304942205548, 8783352.18483455106616 ], [ 6547724.663564875721931, 8783309.142837148159742 ], [ 6547612.856528647243977, 8782957.207558117806911 ], [ 6546350.251702136360109, 8783279.840466337278485 ], [ 6546264.943611626513302, 8783412.080112718045712 ], [ 6546199.177005504257977, 8783536.458765111863613 ], [ 6546117.430406185798347, 8783680.401203222572803 ], [ 6546003.459865763783455, 8783879.398062147200108 ], [ 6545803.021122552454472, 8784227.323507526889443 ], [ 6545631.74964683689177, 8784524.683414444327354 ], [ 6545505.961855221539736, 8784740.148330943658948 ], [ 6545365.314872791990638, 8784985.758465178310871 ], [ 6545217.115761319175363, 8785248.274279907345772 ], [ 6545034.211063046008348, 8785560.831525962799788 ], [ 6544894.181489548645914, 8785805.387820852920413 ], [ 6544810.361404827795923, 8785952.177122371271253 ], [ 6544764.532466107048094, 8786014.116739749908447 ], [ 6544720.552494432777166, 8786051.781592380255461 ], [ 6544668.241284938529134, 8786081.527395119890571 ], [ 6544604.211522174067795, 8786100.134370062500238 ], [ 6544546.238681594841182, 8786103.234975956380367 ], [ 6544461.317444741725922, 8786101.602764708921313 ], [ 6544407.350103954784572, 8786113.605866674333811 ], [ 6544371.125999560579658, 8786131.924253137782216 ], [ 6544338.920873881317675, 8786154.596255324780941 ], [ 6544307.222722339443862, 8786186.068263335153461 ], [ 6544293.645041594281793, 8786208.688526241108775 ], [ 6544279.45591714605689, 8786233.776134384796023 ], [ 6544223.002723494544625, 8786371.650809785351157 ], [ 6544170.623490501195192, 8786487.714303351938725 ], [ 6544148.115796238183975, 8786522.630948076024652 ], [ 6544117.591426389291883, 8786560.956622827798128 ], [ 6544079.563840305432677, 8786591.747240021824837 ], [ 6544008.909674420952797, 8786643.905419003218412 ], [ 6543986.484179568476975, 8786666.096188195049763 ], [ 6543961.259143945761025, 8786699.300868239253759 ], [ 6543939.283828855492175, 8786737.532647557556629 ], [ 6543915.693398527801037, 8786793.609480638056993 ], [ 6543904.185894665308297, 8786843.675296412780881 ], [ 6543900.941770576871932, 8786886.821305811405182 ], [ 6543902.264296002686024, 8786926.316619364544749 ], [ 6543910.514000215567648, 8786983.643979139626026 ], [ 6543936.496586412191391, 8787106.518784871324897 ], [ 6543965.991341565735638, 8787256.751738604158163 ], [ 6544004.587323563173413, 8787447.288797993212938 ], [ 6544009.762030487880111, 8787493.528174512088299 ], [ 6544012.289702652022243, 8787566.311784610152245 ], [ 6544004.230913366191089, 8787637.99303282238543 ], [ 6543989.16098952293396, 8787710.620474003255367 ], [ 6543969.205783946439624, 8787766.975472826510668 ], [ 6543943.777432346716523, 8787821.949485281482339 ], [ 6543905.310185842216015, 8787899.403660846874118 ], [ 6543880.457885060459375, 8787966.434345165267587 ], [ 6543867.924365983344615, 8788014.938842916861176 ], [ 6543858.829184212721884, 8788070.228906841948628 ], [ 6543854.646681202575564, 8788120.063040811568499 ], [ 6543854.616691193543375, 8788199.083998514339328 ], [ 6543868.980178151279688, 8788280.812606368213892 ], [ 6543885.081764275208116, 8788339.629467163234949 ], [ 6543931.16767424531281, 8788451.068719789385796 ], [ 6543938.808034582063556, 8788487.654665499925613 ], [ 6543939.653475657105446, 8788524.880426539108157 ], [ 6543933.058414002880454, 8788563.732890754938126 ], [ 6543914.253032011911273, 8788612.602335058152676 ], [ 6543863.441697355359793, 8788717.838109917938709 ], [ 6543834.149018701165915, 8788810.113857937976718 ], [ 6543813.375051813200116, 8788907.929436977952719 ], [ 6543757.833230981603265, 8789160.588219882920384 ], [ 6543735.105388024821877, 8789220.897505961358547 ], [ 6543691.207808585837483, 8789298.299080975353718 ], [ 6543642.109983989968896, 8789354.848388196900487 ], [ 6543583.935430373065174, 8789403.454533403739333 ], [ 6543519.029168085195124, 8789436.111320858821273 ], [ 6543303.634686231613159, 8789512.78037435375154 ], [ 6543247.012579446658492, 8789515.353896528482437 ], [ 6543188.947976976633072, 8789504.13179374858737 ], [ 6543138.954205282963812, 8789617.463387385010719 ], [ 6543181.511505410075188, 8789684.470065470784903 ], [ 6543293.191962650045753, 8789813.948275756090879 ], [ 6543313.503170190379024, 8789884.610849754884839 ], [ 6543359.182465678080916, 8789925.338452646508813 ], [ 6543393.983970722183585, 8789955.332378139719367 ], [ 6543414.43214054312557, 8789986.445878529921174 ], [ 6543425.030163140036166, 8790043.780128976330161 ], [ 6543448.683629338629544, 8790083.810304891318083 ], [ 6543475.78152709454298, 8790113.242531729862094 ], [ 6543514.280954451300204, 8790141.678031301125884 ], [ 6543535.755668508820236, 8790152.033019430935383 ], [ 6543562.441229823976755, 8790187.149419909343123 ], [ 6543578.553734394721687, 8790213.193803707137704 ], [ 6543613.501749935559928, 8790247.171172074973583 ], [ 6543628.023800732567906, 8790246.146631730720401 ], [ 6543709.67982887942344, 8790238.549594851210713 ], [ 6543712.047919092699885, 8790263.668278351426125 ], [ 6543684.764301067218184, 8790336.243556343019009 ], [ 6543666.661313816905022, 8790385.489394338801503 ], [ 6543661.965001135133207, 8790436.91891909763217 ], [ 6543681.480475969612598, 8790488.935683201998472 ], [ 6543729.762310256250203, 8790549.768266806378961 ], [ 6543798.997756980359554, 8790630.794673677533865 ], [ 6543849.216047543101013, 8790682.078350909054279 ], [ 6543865.714192325249314, 8790752.733474332839251 ], [ 6543876.120326736941934, 8790810.202909441664815 ], [ 6543871.232076885178685, 8790889.523868706077337 ], [ 6543859.510471480898559, 8790996.410525282844901 ], [ 6543871.683127951808274, 8791072.711038378998637 ], [ 6543861.786711983382702, 8791126.668133361265063 ], [ 6543833.706943191587925, 8791173.562528215348721 ], [ 6543825.635253459215164, 8791273.466428345069289 ], [ 6543817.067098837345839, 8791332.127861393615603 ], [ 6543825.295020617544651, 8791423.038750248029828 ], [ 6543835.779737166129053, 8791470.348073475062847 ], [ 6543840.399250799790025, 8791599.666973130777478 ], [ 6543792.528039822354913, 8791603.994071993976831 ], [ 6543764.805479351431131, 8791618.167445108294487 ], [ 6543762.602924965322018, 8791643.493651200085878 ], [ 6543817.487645946443081, 8791664.576226623728871 ], [ 6543814.761988382786512, 8791722.618947945535183 ], [ 6543784.844446222297847, 8791753.762529850006104 ], [ 6543760.53620963357389, 8791790.533423937857151 ], [ 6543785.735528314486146, 8791896.188324254006147 ], [ 6543786.633121537044644, 8791939.806228021159768 ], [ 6543780.084279915317893, 8792019.555196572095156 ], [ 6543783.161618071608245, 8792068.294989325106144 ], [ 6543869.012633462436497, 8792107.63708820566535 ], [ 6543892.45785197429359, 8792172.56316952034831 ], [ 6543880.094678292050958, 8792247.74288983643055 ], [ 6543888.364442797377706, 8792295.517784666270018 ], [ 6543916.242489639669657, 8792366.466918557882309 ], [ 6543907.394258664920926, 8792439.435318164527416 ], [ 6543916.464645355939865, 8792507.966056479141116 ], [ 6544001.667667490430176, 8792596.275610364973545 ], [ 6544036.848855293355882, 8792645.942293055355549 ], [ 6544069.363619866780937, 8792700.141495153307915 ], [ 6544090.287796795368195, 8792753.099538404494524 ], [ 6544148.83426324557513, 8792796.178289342671633 ], [ 6544192.170749720185995, 8792855.962869986891747 ], [ 6544240.223916599527001, 8792923.20543047785759 ], [ 6544294.064121240749955, 8793003.933326318860054 ], [ 6544361.277712821960449, 8793043.154233066365123 ], [ 6544377.937573935836554, 8793114.34007241204381 ], [ 6544422.539862239733338, 8793167.672968534752727 ], [ 6544450.635402780026197, 8793166.399046374484897 ], [ 6544496.58193438872695, 8793099.897662257775664 ], [ 6544544.576363498345017, 8793038.512641349807382 ], [ 6544585.666151018813252, 8792986.081256119534373 ], [ 6544636.041576214134693, 8792915.285729303956032 ], [ 6544667.571106597781181, 8792935.10423650406301 ], [ 6544701.34204101935029, 8792987.503445066511631 ], [ 6544749.174110844731331, 8793024.445632942020893 ], [ 6544773.953201239928603, 8793021.771392427384853 ], [ 6544784.053070290014148, 8792974.221835788339376 ], [ 6544787.997800566256046, 8792914.753941934555769 ], [ 6544787.490817287005484, 8792860.070582693442702 ], [ 6544770.634248747490346, 8792821.107910685241222 ], [ 6544808.32655277941376, 8792815.22574313916266 ], [ 6544892.620743446983397, 8792841.576209211722016 ], [ 6545026.993830288760364, 8792863.443065298721194 ], [ 6545065.67675125785172, 8792881.06739180162549 ], [ 6545119.698412172496319, 8792908.745684834197164 ], [ 6545165.240659915842116, 8792904.228406086564064 ], [ 6545240.343599013984203, 8792873.518338372930884 ], [ 6545316.65875758510083, 8792936.812389114871621 ], [ 6545342.668686776421964, 8792980.296473255380988 ], [ 6545418.134428489953279, 8793048.086732786148787 ], [ 6545547.30342464055866, 8793180.334836471825838 ], [ 6545601.793659202754498, 8793267.67067826539278 ], [ 6545623.891431599855423, 8793330.382049150764942 ], [ 6545734.675184652209282, 8793355.51994152367115 ], [ 6545866.980367210693657, 8793393.726013984531164 ], [ 6545907.56243328936398, 8793531.363740380853415 ], [ 6545939.84414604306221, 8793544.012354969978333 ], [ 6545969.080368397757411, 8793522.040447657927871 ], [ 6545984.257940390147269, 8793490.229709288105369 ], [ 6546010.948462174274027, 8793537.639893319457769 ], [ 6546002.519561070017517, 8793596.527365701273084 ], [ 6546052.104321209713817, 8793652.942447757348418 ], [ 6546138.572335351258516, 8793701.049485865980387 ], [ 6546225.586768011562526, 8793722.307324636727571 ], [ 6546281.443883742205799, 8793640.393652629107237 ], [ 6546311.445600382983685, 8793564.281315365806222 ], [ 6546311.031072260811925, 8793506.067993951961398 ], [ 6546285.619981510564685, 8793402.806984031572938 ], [ 6546209.673683892004192, 8793200.321485314518213 ], [ 6546199.960801761597395, 8793111.465027751401067 ], [ 6546209.624139458872378, 8792982.124867482110858 ], [ 6546190.796346174553037, 8792870.60838177241385 ], [ 6546176.38823483325541, 8792821.329922029748559 ], [ 6546099.675166652537882, 8792819.625863313674927 ], [ 6546019.603260820731521, 8792713.991466855630279 ], [ 6545981.478568645194173, 8792696.855350498110056 ], [ 6545949.717319242656231, 8792651.682611418887973 ], [ 6545959.87094509229064, 8792600.263357121497393 ], [ 6545987.378895835950971, 8792542.333177847787738 ], [ 6545975.537676061503589, 8792445.890543883666396 ], [ 6545955.458021219819784, 8792354.792555645108223 ], [ 6546157.605118768289685, 8792370.588999064639211 ], [ 6546215.848425130359828, 8792359.872169744223356 ], [ 6546285.387534652836621, 8792325.340077603235841 ], [ 6546352.65744212642312, 8792308.546921815723181 ], [ 6546462.235678548924625, 8792301.322904247790575 ], [ 6546517.726401638239622, 8792281.290939796715975 ], [ 6546584.918597612529993, 8792228.452780460938811 ], [ 6546638.541819013655186, 8792212.6891786493361 ], [ 6546699.396378854289651, 8792226.16943228803575 ], [ 6546808.741750601679087, 8792269.025275217369199 ], [ 6546863.882685044780374, 8792261.913689848035574 ], [ 6546944.115284193307161, 8792207.979881536215544 ], [ 6547045.847296169027686, 8792120.394393038004637 ], [ 6547124.598306035622954, 8792074.689540220424533 ], [ 6547252.794741420075297, 8792035.526164641603827 ], [ 6547396.924036637879908, 8791960.979390958324075 ], [ 6547716.058509659022093, 8791854.895001381635666 ], [ 6547821.735913464799523, 8791793.938842285424471 ], [ 6547841.950325992889702, 8791785.278089981526136 ], [ 6547875.313042935915291, 8791781.799446171149611 ], [ 6547935.261107921600342, 8791753.032543186098337 ], [ 6547971.449553713202477, 8791729.610344242304564 ], [ 6548031.614259883761406, 8791698.119770331308246 ], [ 6548100.342611056752503, 8791681.163224140182137 ], [ 6548285.560707544907928, 8791630.037967538461089 ], [ 6548460.734100433066487, 8791566.291124008595943 ], [ 6548491.252522053197026, 8791552.451946726068854 ], [ 6548510.637689042836428, 8791544.842879790812731 ], [ 6548525.924268789589405, 8791527.717927165329456 ], [ 6548536.963144330307841, 8791505.302320031449199 ], [ 6548546.853510700166225, 8791487.05481018871069 ], [ 6548563.53470197506249, 8791471.223043035715818 ], [ 6548584.464139085263014, 8791455.106643969193101 ], [ 6548591.593224613927305, 8791451.418738782405853 ], [ 6548611.290220110677183, 8791441.252841234207153 ], [ 6548640.61750714853406, 8791426.509835507720709 ], [ 6548668.502613474614918, 8791423.997589072212577 ], [ 6548704.195877350866795, 8791414.152240879833698 ], [ 6548756.460904005914927, 8791389.939158070832491 ], [ 6548811.86490327399224, 8791354.204445444047451 ], [ 6548936.935213854536414, 8791291.251535940915346 ], [ 6548967.540495743975043, 8791287.12143868394196 ], [ 6549043.828319317661226, 8791293.292792797088623 ], [ 6549074.686874972656369, 8791271.70683747343719 ], [ 6549092.154849585145712, 8791236.900711772963405 ], [ 6549142.939469676464796, 8791205.137612489983439 ], [ 6549215.856553894467652, 8791182.969567200168967 ], [ 6549266.342523152008653, 8791170.328631103038788 ], [ 6549347.822991613298655, 8791141.065905189141631 ], [ 6549406.21416974440217, 8791114.268559534102678 ], [ 6549445.14666561409831, 8791091.014149496331811 ], [ 6549468.481914382427931, 8791056.133719947189093 ], [ 6549514.365924493409693, 8791000.991175351664424 ], [ 6549583.532181655988097, 8790924.127539684996009 ], [ 6549603.98803164344281, 8790818.42514113523066 ], [ 6549602.712694547139108, 8790784.346582936123013 ], [ 6549629.814190491102636, 8790685.866159453988075 ], [ 6549649.119586570188403, 8790620.70326722972095 ], [ 6549688.859878345392644, 8790526.811217062175274 ], [ 6549736.175754636526108, 8790402.997230336070061 ], [ 6549740.812057800590992, 8790305.551537662744522 ], [ 6549765.558982260525227, 8790223.630038330331445 ], [ 6549861.196063213050365, 8789822.108501965180039 ], [ 6549855.526284452527761, 8789696.627716049551964 ], [ 6549849.716437763534486, 8789612.41659134440124 ], [ 6549844.288404323160648, 8789536.659629018977284 ], [ 6549859.052382807247341, 8789478.463606350123882 ], [ 6549885.604222072288394, 8789414.256640279665589 ], [ 6549908.169427989982069, 8789380.35521025210619 ], [ 6549913.983627749606967, 8789360.923301953822374 ], [ 6549937.584140601567924, 8789261.242648398503661 ], [ 6549931.312070371583104, 8789240.982746437191963 ], [ 6549925.936593931168318, 8789122.078443663194776 ], [ 6549950.797887647524476, 8789079.862473146989942 ], [ 6549958.362751494161785, 8789039.804297037422657 ], [ 6550013.465252194553614, 8788926.359228065237403 ], [ 6550014.351109352894127, 8788886.605862079188228 ], [ 6550037.057490495964885, 8788737.663053961470723 ], [ 6550022.334208096377552, 8788619.196589289233088 ], [ 6550011.204538591206074, 8788521.100965529680252 ], [ 6549984.31343743763864, 8788459.333592815324664 ], [ 6549959.853183187544346, 8788391.982359921559691 ], [ 6549848.197982924059033, 8788261.502903364598751 ], [ 6549748.550788587890565, 8788100.351992145180702 ], [ 6549665.59967128559947, 8788012.391251085326076 ], [ 6549616.500665636733174, 8787962.596645360812545 ], [ 6549600.12968591041863, 8787926.368630787357688 ], [ 6549542.744914971292019, 8787841.356519440189004 ], [ 6549522.311606163159013, 8787803.9460423681885 ], [ 6549472.443417828530073, 8787707.622411062940955 ], [ 6549432.275783034041524, 8787588.953115783631802 ], [ 6549413.670716843567789, 8787562.416404882445931 ], [ 6549368.033781979233027, 8787441.249642102047801 ], [ 6549367.794165143743157, 8787376.909486036747694 ], [ 6549364.240582749247551, 8787268.881303440779448 ], [ 6549366.279670901596546, 8787166.093092998489738 ], [ 6549372.418483959510922, 8787094.597504701465368 ], [ 6549400.826116111129522, 8787012.506376624107361 ], [ 6549407.510915853083134, 8786953.322317766025662 ], [ 6549428.125681160949171, 8786846.936659958213568 ], [ 6549458.872356322593987, 8786727.762186378240585 ], [ 6549468.976783622987568, 8786684.851403545588255 ], [ 6549467.372944730333984, 8786590.438460260629654 ], [ 6548933.654164441861212, 8786792.43413614295423 ], [ 6548557.001451525837183, 8786723.649585654959083 ], [ 6548447.131498004309833, 8786661.848009910434484 ], [ 6548327.235263593494892, 8786622.440873384475708 ], [ 6547940.365115388296545, 8786529.175730232149363 ], [ 6547811.113054744899273, 8786390.471095830202103 ], [ 6547760.366647651419044, 8786130.988646464422345 ], [ 6547847.104351114481688, 8785936.124876983463764 ], [ 6547887.795031197369099, 8785738.815991658717394 ], [ 6548078.319732098840177, 8785550.660869639366865 ], [ 6548234.89482843130827, 8785489.537168521434069 ], [ 6548427.94431194383651, 8785358.894055420532823 ], [ 6548516.262310371734202, 8785284.689016215503216 ], [ 6548701.886854942888021, 8785273.971137305721641 ], [ 6548967.707050587981939, 8785205.355652721598744 ], [ 6548943.323210874572396, 8785156.943453447893262 ] ] ] } }
]
}
