{
"type": "FeatureCollection",
"name": "3510609",
"crs": { "type": "name", "properties": { "name": "urn:ogc:def:crs:EPSG::5880" } },
"features": [
{ "type": "Feature", "properties": { "lv_id": "LOC_051222", "id": 283335.0, "CD_SETOR": "351060905000074", "SITUACAO": "Urbana", "CD_SIT": "1", "CD_TIPO": "0", "AREA_KM2": 0.041521728958032002, "CD_REGIAO": "3", "NM_REGIAO": "Sudeste", "CD_UF": "35", "NM_UF": "São Paulo", "CD_MUN": "3510609", "NM_MUN": "Carapicuíba", "CD_DIST": "351060905", "NM_DIST": "Carapicuíba", "CD_SUBDIST": "35106090500", "NM_SUBDIST": null, "CD_BAIRRO": null, "NM_BAIRRO": null, "CD_NU": null, "NM_NU": null, "CD_FCU": "35106090120", "NM_FCU": "Doutor Eliseu Guilherme", "CD_AGLOM": null, "NM_AGLOM": null, "CD_RGINT": "3501", "NM_RGINT": "São Paulo", "CD_RGI": "350001", "NM_RGI": "São Paulo", "CD_CONCURB": "3550308", "NM_CONCURB": "São Paulo/SP", "mun_code_x": "3510609", "index_right": 82526, "dist_m": 228.61896179678081, "local_id": 556435, "ano": 2022, "cod_localidade_ibge": 3510609, "NR_ZONA": "303", "nr_cep": 6311001.0, "nm_localidade": "CARAPICUÍBA", "nm_locvot": "E.E. AMOS MEUCCI", "ds_endereco": "AV RUI BARBOSA, 1628", "ds_bairro": "VILA CALDAS", "pred_long": -46.843469, "pred_lat": -23.521844, "pred_dist": 0.0, "tse_long": -46.8434113, "tse_lat": -23.5218566, "long": -46.8434113, "lat": -23.5218566, "ID_UNICO": "LOC_051222", "SG_UF": "SP", "CD_MUNICIPIO": "63134", "NR_LOCAL_VOTACAO": "1015", "QT_SECOES_AGREGADAS": 0, "QT_ELEITORES_TRANSFERIDOS": 4, "CIRO GOMES (PDT) (NÃO ELEITO) 1T": 184.0, "CONSTITUINTE EYMAEL (DC) (NÃO ELEITO) 1T": 1.0, "FELIPE D AVILA (NOVO) (NÃO ELEITO) 1T": 22.0, "JAIR BOLSONARO (PL) (2º TURNO) 1T": 1649.0, "LULA (PT) (2º TURNO) 1T": 1842.0, "LÉO PÉRICLES (UP) (NÃO ELEITO) 1T": 6.0, "PADRE KELMON (PTB) (NÃO ELEITO) 1T": 2.0, "SIMONE TEBET (MDB) (NÃO ELEITO) 1T": 284.0, "SOFIA MANZANO (PCB) (NÃO ELEITO) 1T": 2.0, "SORAYA THRONICKE (UNIÃO) (NÃO ELEITO) 1T": 38.0, "VERA (PSTU) (NÃO ELEITO) 1T": 3.0, "Total_Votos_Validos 1T": 4033.0, "Votos_Brancos 1T": 109.0, "Votos_Nulos 1T": 185.0, "Abstenções 1T": 1515.0, "Eleitores_Aptos 1T": 5842.0, "JAIR BOLSONARO (PL) (NÃO ELEITO) 2T": 1990.0, "LULA (PT) (ELEITO) 2T": 2053.0, "Total_Votos_Validos 2T": 4043.0, "Votos_Brancos 2T": 109.0, "Votos_Nulos 2T": 212.0, "Abstenções 2T": 1478.0, "Eleitores_Aptos 2T": 5842.0, "mun_code_y": "3510609", "mun_code": "3510609" }, "geometry": { "type": "Polygon", "coordinates": [ [ [ 5730518.75259396713227, 7379021.544211918488145 ], [ 5730503.98862973228097, 7379034.905150048434734 ], [ 5730482.76052207313478, 7379055.207674126140773 ], [ 5730434.463973474688828, 7379012.388854348100722 ], [ 5730370.037618671543896, 7378954.256741954013705 ], [ 5730377.760034653358161, 7378971.976241946220398 ], [ 5730380.175763718783855, 7378993.186308606527746 ], [ 5730380.504392540082335, 7379011.084926347248256 ], [ 5730375.731852168217301, 7379030.030533590354025 ], [ 5730364.58500231988728, 7379076.004787523299456 ], [ 5730351.05355613771826, 7379123.169512219727039 ], [ 5730350.874610776081681, 7379135.802651209756732 ], [ 5730358.845385460183024, 7379194.050143478438258 ], [ 5730351.827449143864214, 7379202.604282557964325 ], [ 5730261.684323567897081, 7379147.942148234695196 ], [ 5730255.697969692759216, 7379175.375477637164295 ], [ 5730234.168446764349937, 7379226.41022745333612 ], [ 5730218.544767345301807, 7379250.037965216673911 ], [ 5730179.60763905569911, 7379295.846265625208616 ], [ 5730226.73806038312614, 7379380.782342499122024 ], [ 5730253.79041357152164, 7379352.778437621891499 ], [ 5730268.242396468296647, 7379332.725142322480679 ], [ 5730286.947323254309595, 7379296.018116047605872 ], [ 5730304.632363127544522, 7379267.789197521284223 ], [ 5730321.661474556662142, 7379244.872570322826505 ], [ 5730363.998178076930344, 7379322.022062264382839 ], [ 5730370.716070940718055, 7379401.528684046119452 ], [ 5730386.884304920211434, 7379532.857866864651442 ], [ 5730389.958200322464108, 7379565.241749033331871 ], [ 5730388.772385319694877, 7379570.178683994337916 ], [ 5730356.707422187551856, 7379654.030601440928876 ], [ 5730388.536354197189212, 7379657.276291182264686 ], [ 5730425.251872101798654, 7379663.582137292250991 ], [ 5730447.26438971888274, 7379671.547729957848787 ], [ 5730488.726551715284586, 7379687.55087105371058 ], [ 5730535.764354699291289, 7379705.664461905136704 ], [ 5730542.078192433342338, 7379706.789399856701493 ], [ 5730542.202181242406368, 7379703.322987658903003 ], [ 5730542.841315364465117, 7379684.527743645012379 ], [ 5730542.961294570937753, 7379682.62421446479857 ], [ 5730549.879183695651591, 7379617.003584266640246 ], [ 5730553.266882540658116, 7379585.022801585495472 ], [ 5730553.227595571428537, 7379574.990097996778786 ], [ 5730567.564108193852007, 7379573.158663462847471 ], [ 5730570.34316232893616, 7379601.460876390337944 ], [ 5730575.52689987514168, 7379618.090420437045395 ], [ 5730581.522892424836755, 7379629.879768679849803 ], [ 5730589.217980002053082, 7379635.746606098487973 ], [ 5730599.795536904595792, 7379640.565510174259543 ], [ 5730609.767002869397402, 7379641.630715563893318 ], [ 5730623.065993351861835, 7379683.862944714725018 ], [ 5730689.642236274667084, 7379661.677379695698619 ], [ 5730719.317649320699275, 7379755.77743521425873 ], [ 5730785.012513226829469, 7379735.600012347102165 ], [ 5730755.36571401823312, 7379640.851135142147541 ], [ 5730768.858890402130783, 7379636.661757791414857 ], [ 5730807.429224956780672, 7379623.742332424037158 ], [ 5730846.479312056675553, 7379609.370095251128078 ], [ 5730868.799381979741156, 7379620.221916828304529 ], [ 5730873.841899451799691, 7379621.68921487685293 ], [ 5730871.398278101347387, 7379524.165087001398206 ], [ 5730865.057002426125109, 7379375.690716785378754 ], [ 5730860.45129419490695, 7379255.090786615386605 ], [ 5730857.766370436176658, 7379157.868884604424238 ], [ 5730857.353228380903602, 7379155.32222219184041 ], [ 5730855.336861641146243, 7379106.834204874001443 ], [ 5730847.856654735282063, 7379085.16243723873049 ], [ 5730774.536146018654108, 7379092.38301966432482 ], [ 5730686.244805064983666, 7378899.388401129283011 ], [ 5730684.316413931548595, 7378902.755138609558344 ], [ 5730684.222183744423091, 7378902.916110846213996 ], [ 5730673.261538387276232, 7378922.014534667134285 ], [ 5730662.52862064819783, 7378937.4739023251459 ], [ 5730652.806983430869877, 7378946.754808427765965 ], [ 5730632.447124957107008, 7378962.516007507219911 ], [ 5730621.220798742957413, 7378970.53252817504108 ], [ 5730587.432423768565059, 7378994.029372867196798 ], [ 5730574.022349215112627, 7378999.464764224365354 ], [ 5730539.346959831193089, 7379011.720897163264453 ], [ 5730518.75259396713227, 7379021.544211918488145 ] ] ] } },
{ "type": "Feature", "properties": { "lv_id": "LOC_051223", "id": 283331.0, "CD_SETOR": "351060905000067", "SITUACAO": "Urbana", "CD_SIT": "1", "CD_TIPO": "0", "AREA_KM2": 0.034462958292590003, "CD_REGIAO": "3", "NM_REGIAO": "Sudeste", "CD_UF": "35", "NM_UF": "São Paulo", "CD_MUN": "3510609", "NM_MUN": "Carapicuíba", "CD_DIST": "351060905", "NM_DIST": "Carapicuíba", "CD_SUBDIST": "35106090500", "NM_SUBDIST": null, "CD_BAIRRO": null, "NM_BAIRRO": null, "CD_NU": null, "NM_NU": null, "CD_FCU": null, "NM_FCU": null, "CD_AGLOM": null, "NM_AGLOM": null, "CD_RGINT": "3501", "NM_RGINT": "São Paulo", "CD_RGI": "350001", "NM_RGI": "São Paulo", "CD_CONCURB": "3550308", "NM_CONCURB": "São Paulo/SP", "mun_code_x": "3510609", "index_right": 82514, "dist_m": 19.382061734428422, "local_id": 556423, "ano": 2022, "cod_localidade_ibge": 3510609, "NR_ZONA": "303", "nr_cep": 6395060.0, "nm_localidade": "CARAPICUÍBA", "nm_locvot": "EE. PROFESSORA CECÍLIA DA PALMA VALENTIM SARDINHA", "ds_endereco": "RUA GÁLIA, 249", "ds_bairro": "CIDADE ARISTON ESTELA AZEVEDO", "pred_long": -46.8521918, "pred_lat": -23.5290731, "pred_dist": 0.0, "tse_long": -46.8520123, "tse_lat": -23.5290976, "long": -46.8520123, "lat": -23.5290976, "ID_UNICO": "LOC_051223", "SG_UF": "SP", "CD_MUNICIPIO": "63134", "NR_LOCAL_VOTACAO": "1783", "QT_SECOES_AGREGADAS": 0, "QT_ELEITORES_TRANSFERIDOS": 35, "CIRO GOMES (PDT) (NÃO ELEITO) 1T": 242.0, "CONSTITUINTE EYMAEL (DC) (NÃO ELEITO) 1T": 0.0, "FELIPE D AVILA (NOVO) (NÃO ELEITO) 1T": 34.0, "JAIR BOLSONARO (PL) (2º TURNO) 1T": 2345.0, "LULA (PT) (2º TURNO) 1T": 3090.0, "LÉO PÉRICLES (UP) (NÃO ELEITO) 1T": 8.0, "PADRE KELMON (PTB) (NÃO ELEITO) 1T": 3.0, "SIMONE TEBET (MDB) (NÃO ELEITO) 1T": 336.0, "SOFIA MANZANO (PCB) (NÃO ELEITO) 1T": 1.0, "SORAYA THRONICKE (UNIÃO) (NÃO ELEITO) 1T": 42.0, "VERA (PSTU) (NÃO ELEITO) 1T": 0.0, "Total_Votos_Validos 1T": 6101.0, "Votos_Brancos 1T": 155.0, "Votos_Nulos 1T": 224.0, "Abstenções 1T": 1781.0, "Eleitores_Aptos 1T": 8261.0, "JAIR BOLSONARO (PL) (NÃO ELEITO) 2T": 2804.0, "LULA (PT) (ELEITO) 2T": 3328.0, "Total_Votos_Validos 2T": 6132.0, "Votos_Brancos 2T": 133.0, "Votos_Nulos 2T": 226.0, "Abstenções 2T": 1770.0, "Eleitores_Aptos 2T": 8261.0, "mun_code_y": "3510609", "mun_code": "3510609" }, "geometry": { "type": "Polygon", "coordinates": [ [ [ 5729605.014373337849975, 7378387.432158753275871 ], [ 5729600.354311811737716, 7378295.802574379369617 ], [ 5729540.219314240850508, 7378300.19548973441124 ], [ 5729532.030027445405722, 7378280.467780591920018 ], [ 5729525.082817288115621, 7378280.36760444380343 ], [ 5729465.452130179852247, 7378204.035256420262158 ], [ 5729463.71607509162277, 7378306.453197361901402 ], [ 5729462.815274802967906, 7378339.3249516710639 ], [ 5729445.901159098371863, 7378356.118168069049716 ], [ 5729432.825905984267592, 7378368.690623264759779 ], [ 5729420.671614044345915, 7378377.578418061137199 ], [ 5729401.659688375890255, 7378389.196579092182219 ], [ 5729387.549103790894151, 7378396.987518228590488 ], [ 5729378.861162215471268, 7378406.294092412106693 ], [ 5729375.632391178049147, 7378408.598056294023991 ], [ 5729364.765088600106537, 7378413.760586406104267 ], [ 5729314.049399177543819, 7378390.046504722908139 ], [ 5729307.484679771587253, 7378386.946962423622608 ], [ 5729322.270785079337656, 7378413.098862033337355 ], [ 5729333.312728653661907, 7378431.188788957893848 ], [ 5729336.380646152421832, 7378445.389946799725294 ], [ 5729334.933629041537642, 7378459.470070378854871 ], [ 5729325.576062900014222, 7378476.902237370610237 ], [ 5729305.782723502255976, 7378503.448935445398092 ], [ 5729301.664182055741549, 7378515.619554575532675 ], [ 5729299.574188455939293, 7378531.986372104845941 ], [ 5729301.792599108070135, 7378545.348078679293394 ], [ 5729309.645521429367363, 7378567.570521267130971 ], [ 5729331.925903905183077, 7378612.636578023433685 ], [ 5729332.516821152530611, 7378633.981910339556634 ], [ 5729328.921003671362996, 7378655.02240745536983 ], [ 5729288.694006352685392, 7378673.244703102856874 ], [ 5729327.00815746281296, 7378767.706381550058722 ], [ 5729349.056346650235355, 7378818.588188793510199 ], [ 5729334.710944877937436, 7378847.374738259240985 ], [ 5729325.719970553182065, 7378879.388124851509929 ], [ 5729323.659182170405984, 7378907.863972704857588 ], [ 5729325.736786654219031, 7378938.75665723066777 ], [ 5729344.565644851885736, 7379107.32103094831109 ], [ 5729314.746647668071091, 7379127.201046015135944 ], [ 5729315.495066785253584, 7379134.44122251495719 ], [ 5729319.484389686025679, 7379193.924354559741914 ], [ 5729320.08132607396692, 7379197.499863065779209 ], [ 5729321.867337735369802, 7379201.75281514134258 ], [ 5729488.201846724376082, 7379085.911223120987415 ], [ 5729496.267558712512255, 7379156.007192163728178 ], [ 5729504.622935972176492, 7379227.405828518792987 ], [ 5729506.657141618430614, 7379245.699102096259594 ], [ 5729471.34633214212954, 7379322.945526810362935 ], [ 5729424.172945283353329, 7379427.939264251850545 ], [ 5729416.752799336798489, 7379444.459970131516457 ], [ 5729403.561113838106394, 7379470.967735251411796 ], [ 5729464.779569951817393, 7379464.413332764059305 ], [ 5729492.545152995735407, 7379462.862673146650195 ], [ 5729506.945911060087383, 7379459.857066053897142 ], [ 5729519.891730703413486, 7379454.323233876377344 ], [ 5729536.205563869327307, 7379443.933633051812649 ], [ 5729552.276895335875452, 7379424.347608666867018 ], [ 5729568.374985244125128, 7379395.428955312818289 ], [ 5729575.071042688563466, 7379385.942640559747815 ], [ 5729586.795211577787995, 7379375.993708750233054 ], [ 5729637.578569723293185, 7379353.293814102187753 ], [ 5729675.809142314828932, 7379334.366898940876126 ], [ 5729696.925087987445295, 7379319.797607021406293 ], [ 5729711.454215764068067, 7379304.161313366144896 ], [ 5729720.087870007380843, 7379285.939062591642141 ], [ 5729724.275224717333913, 7379266.308770613744855 ], [ 5729728.071676013059914, 7379244.164217706769705 ], [ 5729737.276854086667299, 7379207.418276911601424 ], [ 5729745.695578150451183, 7379183.849005893804133 ], [ 5729747.484443740919232, 7379180.34431947953999 ], [ 5729759.106554638594389, 7379165.265797257423401 ], [ 5729787.480599255301058, 7379144.095019673928618 ], [ 5729805.218310963362455, 7379131.714139010757208 ], [ 5729851.159364222548902, 7379102.546235831454396 ], [ 5729891.527748363092542, 7379071.323123243637383 ], [ 5729909.947314181365073, 7379061.553436565212905 ], [ 5729941.794170028530061, 7379045.868172799237072 ], [ 5729959.330201478675008, 7379032.726914882659912 ], [ 5729975.012965334579349, 7379020.972813626751304 ], [ 5729989.962610514834523, 7379004.143088672310114 ], [ 5729998.329463703557849, 7378988.791256593540311 ], [ 5730002.652764597907662, 7378970.671973442658782 ], [ 5730001.812410596758127, 7378959.74171656742692 ], [ 5729998.514875750988722, 7378945.663545165210962 ], [ 5729987.600794084370136, 7378918.861084427684546 ], [ 5729982.222571508958936, 7378905.913563258014619 ], [ 5729975.915977739728987, 7378889.719572013244033 ], [ 5729964.473556810058653, 7378859.695347632281482 ], [ 5729961.21646617911756, 7378850.9505575299263 ], [ 5729959.250424805097282, 7378832.397047187201679 ], [ 5729950.281567853875458, 7378822.0841930732131 ], [ 5729954.889327795244753, 7378809.888869633898139 ], [ 5729961.65270238276571, 7378796.425214081071317 ], [ 5729974.116465930826962, 7378782.041066806763411 ], [ 5729953.103457064367831, 7378794.340091357007623 ], [ 5729874.187830827198923, 7378778.261704164557159 ], [ 5729822.118656067177653, 7378794.999851467087865 ], [ 5729847.472334321588278, 7378766.366873010993004 ], [ 5729866.060353285633028, 7378738.618088007904589 ], [ 5729887.651839437894523, 7378688.831027370877564 ], [ 5729890.792266602627933, 7378682.490748981013894 ], [ 5729899.752907996997237, 7378655.445146360434592 ], [ 5729905.87389843724668, 7378621.2635677754879 ], [ 5729907.9075474049896, 7378603.571006394922733 ], [ 5729909.720834703184664, 7378584.326765036210418 ], [ 5729911.717925461940467, 7378555.831301089376211 ], [ 5729911.789351454004645, 7378536.718563353642821 ], [ 5729903.999895920976996, 7378488.050445697270334 ], [ 5729876.719400530681014, 7378481.642157901078463 ], [ 5729832.100990659557283, 7378480.217096723616123 ], [ 5729841.566055104136467, 7378438.859143260866404 ], [ 5729841.217403484508395, 7378426.509156811051071 ], [ 5729837.456333010457456, 7378417.086316470056772 ], [ 5729802.870287301950157, 7378364.329765068367124 ], [ 5729797.976931187324226, 7378355.164300017990172 ], [ 5729794.430721679702401, 7378346.154899443499744 ], [ 5729792.975000580772758, 7378335.802291799336672 ], [ 5729792.725350287742913, 7378315.578253496438265 ], [ 5729793.339728981256485, 7378282.307539917528629 ], [ 5729731.223871148191392, 7378287.369282635860145 ], [ 5729661.638535761274397, 7378291.698129733093083 ], [ 5729664.800835584290326, 7378461.323333565145731 ], [ 5729605.014373337849975, 7378387.432158753275871 ] ] ] } },
{ "type": "Feature", "properties": { "lv_id": "LOC_051224", "id": 283316.0, "CD_SETOR": "351060905000034", "SITUACAO": "Urbana", "CD_SIT": "1", "CD_TIPO": "4", "AREA_KM2": 0.00071564002960099995, "CD_REGIAO": "3", "NM_REGIAO": "Sudeste", "CD_UF": "35", "NM_UF": "São Paulo", "CD_MUN": "3510609", "NM_MUN": "Carapicuíba", "CD_DIST": "351060905", "NM_DIST": "Carapicuíba", "CD_SUBDIST": "35106090500", "NM_SUBDIST": null, "CD_BAIRRO": null, "NM_BAIRRO": null, "CD_NU": null, "NM_NU": null, "CD_FCU": "35106090044", "NM_FCU": "Comunidade do Cemitério", "CD_AGLOM": null, "NM_AGLOM": null, "CD_RGINT": "3501", "NM_RGINT": "São Paulo", "CD_RGI": "350001", "NM_RGI": "São Paulo", "CD_CONCURB": "3550308", "NM_CONCURB": "São Paulo/SP", "mun_code_x": "3510609", "index_right": 82548, "dist_m": 470.03430384316476, "local_id": 556457, "ano": 2022, "cod_localidade_ibge": 3510609, "NR_ZONA": "303", "nr_cep": 6395230.0, "nm_localidade": "CARAPICUÍBA", "nm_locvot": "EE. DEPUTADO SALOMÃO JORGE", "ds_endereco": "RUA JAÚ, 521", "ds_bairro": "CIDADE ARISTON ESTELA AZEVEDO", "pred_long": -46.851917, "pred_lat": -23.535179, "pred_dist": 0.0, "tse_long": -46.8518908, "tse_lat": -23.5351459, "long": -46.8518908, "lat": -23.5351459, "ID_UNICO": "LOC_051224", "SG_UF": "SP", "CD_MUNICIPIO": "63134", "NR_LOCAL_VOTACAO": "1767", "QT_SECOES_AGREGADAS": 0, "QT_ELEITORES_TRANSFERIDOS": 26, "CIRO GOMES (PDT) (NÃO ELEITO) 1T": 133.0, "CONSTITUINTE EYMAEL (DC) (NÃO ELEITO) 1T": 0.0, "FELIPE D AVILA (NOVO) (NÃO ELEITO) 1T": 11.0, "JAIR BOLSONARO (PL) (2º TURNO) 1T": 1218.0, "LULA (PT) (2º TURNO) 1T": 1617.0, "LÉO PÉRICLES (UP) (NÃO ELEITO) 1T": 4.0, "PADRE KELMON (PTB) (NÃO ELEITO) 1T": 0.0, "SIMONE TEBET (MDB) (NÃO ELEITO) 1T": 130.0, "SOFIA MANZANO (PCB) (NÃO ELEITO) 1T": 3.0, "SORAYA THRONICKE (UNIÃO) (NÃO ELEITO) 1T": 23.0, "VERA (PSTU) (NÃO ELEITO) 1T": 1.0, "Total_Votos_Validos 1T": 3140.0, "Votos_Brancos 1T": 101.0, "Votos_Nulos 1T": 120.0, "Abstenções 1T": 959.0, "Eleitores_Aptos 1T": 4320.0, "JAIR BOLSONARO (PL) (NÃO ELEITO) 2T": 1466.0, "LULA (PT) (ELEITO) 2T": 1671.0, "Total_Votos_Validos 2T": 3137.0, "Votos_Brancos 2T": 69.0, "Votos_Nulos 2T": 113.0, "Abstenções 2T": 1001.0, "Eleitores_Aptos 2T": 4320.0, "mun_code_y": "3510609", "mun_code": "3510609" }, "geometry": { "type": "MultiPolygon", "coordinates": [ [ [ [ 5729674.024778191000223, 7377818.532197274267673 ], [ 5729661.598075383342803, 7377835.492831760086119 ], [ 5729655.037935287691653, 7377817.89400861505419 ], [ 5729646.371318198740482, 7377769.671632284298539 ], [ 5729642.482817840762436, 7377759.328741242177784 ], [ 5729621.496968957595527, 7377729.814046179875731 ], [ 5729616.853091118857265, 7377716.61790354270488 ], [ 5729615.541355762630701, 7377698.679245179519057 ], [ 5729618.795154988765717, 7377644.28154528234154 ], [ 5729596.814324931241572, 7377651.684080772101879 ], [ 5729525.505116025917232, 7377688.089001800864935 ], [ 5729513.28061193972826, 7377690.618336140178144 ], [ 5729499.853614192456007, 7377726.313585050404072 ], [ 5729490.560734094120562, 7377750.986886510625482 ], [ 5729482.516479024663568, 7377759.245856314897537 ], [ 5729472.446134578436613, 7377764.592137070372701 ], [ 5729446.635504775680602, 7377771.671858945861459 ], [ 5729419.574225142598152, 7377780.94577850587666 ], [ 5729395.158319757319987, 7377793.045647893100977 ], [ 5729370.589491496793926, 7377808.032829789444804 ], [ 5729334.652682438492775, 7377831.8797847032547 ], [ 5729302.478350310586393, 7377853.67507604137063 ], [ 5729290.378758686594665, 7377859.747391292825341 ], [ 5729217.37735708989203, 7377894.437580082565546 ], [ 5729217.296966851688921, 7377898.783508311957121 ], [ 5729220.660799948498607, 7377899.609270788729191 ], [ 5729207.569955172017217, 7377944.964447187259793 ], [ 5729200.247400445863605, 7377941.835718329995871 ], [ 5729197.768162927590311, 7377941.323043698444963 ], [ 5729182.406781993806362, 7377980.496079869568348 ], [ 5729170.465365986339748, 7378011.138518175110221 ], [ 5729169.344338139519095, 7378013.884356344118714 ], [ 5729168.52886672783643, 7378015.989911580458283 ], [ 5729211.41008317284286, 7378028.36342791467905 ], [ 5729199.827086265198886, 7378067.448635707609355 ], [ 5729197.800008498132229, 7378074.179719483479857 ], [ 5729202.235984842292964, 7378078.267112506553531 ], [ 5729203.497868845239282, 7378083.494901234284043 ], [ 5729188.1505321348086, 7378134.677222675643861 ], [ 5729182.953457011841238, 7378138.519094748422503 ], [ 5729177.631628469564021, 7378142.936428766697645 ], [ 5729181.053928134962916, 7378155.836304308846593 ], [ 5729191.871835933066905, 7378164.695472234860063 ], [ 5729210.856466390192509, 7378171.45112419500947 ], [ 5729223.142331668175757, 7378175.493390893563628 ], [ 5729267.729608840309083, 7378188.652508912608027 ], [ 5729274.180072652176023, 7378204.671888837590814 ], [ 5729301.993557433597744, 7378216.880910506471992 ], [ 5729338.739607715979218, 7378205.171530643478036 ], [ 5729339.15923429094255, 7378248.357845738530159 ], [ 5729335.280424701049924, 7378260.617020833306015 ], [ 5729327.626001892611384, 7378271.378917625173926 ], [ 5729318.49491133634001, 7378280.819172140210867 ], [ 5729303.69346928037703, 7378291.780936141498387 ], [ 5729291.066050264984369, 7378298.761215237900615 ], [ 5729308.457697390578687, 7378313.777762762270868 ], [ 5729307.336712878197432, 7378315.496725725010037 ], [ 5729293.611333319917321, 7378336.997355189174414 ], [ 5729287.002437978982925, 7378349.459505525417626 ], [ 5729304.426226302050054, 7378359.77536984719336 ], [ 5729306.106012997217476, 7378362.303518438711762 ], [ 5729304.249912975355983, 7378369.595344722270966 ], [ 5729303.488355970010161, 7378372.579998141154647 ], [ 5729323.044777403585613, 7378377.052436363883317 ], [ 5729339.348981032148004, 7378385.001963306218386 ], [ 5729378.861162215471268, 7378406.294092412106693 ], [ 5729387.549103790894151, 7378396.987518228590488 ], [ 5729401.659688375890255, 7378389.196579092182219 ], [ 5729420.671614044345915, 7378377.578418061137199 ], [ 5729432.825905984267592, 7378368.690623264759779 ], [ 5729445.901159098371863, 7378356.118168069049716 ], [ 5729462.815274802967906, 7378339.3249516710639 ], [ 5729463.71607509162277, 7378306.453197361901402 ], [ 5729465.452130179852247, 7378204.035256420262158 ], [ 5729525.082817288115621, 7378280.36760444380343 ], [ 5729532.030027445405722, 7378280.467780591920018 ], [ 5729540.219314240850508, 7378300.19548973441124 ], [ 5729600.354311811737716, 7378295.802574379369617 ], [ 5729605.014373337849975, 7378387.432158753275871 ], [ 5729664.800835584290326, 7378461.323333565145731 ], [ 5729661.638535761274397, 7378291.698129733093083 ], [ 5729731.223871148191392, 7378287.369282635860145 ], [ 5729793.339728981256485, 7378282.307539917528629 ], [ 5729792.725350287742913, 7378315.578253496438265 ], [ 5729792.975000580772758, 7378335.802291799336672 ], [ 5729794.430721679702401, 7378346.154899443499744 ], [ 5729797.976931187324226, 7378355.164300017990172 ], [ 5729802.870287301950157, 7378364.329765068367124 ], [ 5729837.456333010457456, 7378417.086316470056772 ], [ 5729841.217403484508395, 7378426.509156811051071 ], [ 5729841.566055104136467, 7378438.859143260866404 ], [ 5729832.100990659557283, 7378480.217096723616123 ], [ 5729876.719400530681014, 7378481.642157901078463 ], [ 5729903.999895920976996, 7378488.050445697270334 ], [ 5729891.604268581606448, 7378429.209145273081958 ], [ 5729876.801322835497558, 7378357.741019772365689 ], [ 5729859.877573634497821, 7378276.321807663887739 ], [ 5729861.896455426700413, 7378268.608713751658797 ], [ 5729872.796458922326565, 7378255.273594122380018 ], [ 5729885.016879292204976, 7378246.694550711661577 ], [ 5729894.501252294518054, 7378236.142346248030663 ], [ 5729902.421893926337361, 7378223.547357312403619 ], [ 5729926.492558221332729, 7378155.810684530995786 ], [ 5729936.114108090288937, 7378124.802948980592191 ], [ 5729944.658650601282716, 7378091.672337915748358 ], [ 5729949.993823112919927, 7378050.140596362762153 ], [ 5729950.067796997725964, 7378035.604082391597331 ], [ 5729946.465664151124656, 7378022.80244193598628 ], [ 5729925.82685761153698, 7377983.637833351269364 ], [ 5729862.068898950703442, 7377963.690474076196551 ], [ 5729909.689822506159544, 7377912.080037477426231 ], [ 5729920.571870723739266, 7377914.004016578197479 ], [ 5729935.196149590425193, 7377917.370959775522351 ], [ 5729948.588845287449658, 7377919.616161616519094 ], [ 5729959.495647033676505, 7377918.134492913261056 ], [ 5729969.637467073276639, 7377911.143496498465538 ], [ 5729975.433446711860597, 7377901.88017207570374 ], [ 5729982.444979729130864, 7377882.119795189239085 ], [ 5729984.775226422585547, 7377857.045459972694516 ], [ 5729987.226288866251707, 7377828.237006284296513 ], [ 5729988.911397017538548, 7377821.422291927039623 ], [ 5729927.516975963488221, 7377811.771557786501944 ], [ 5729929.342772832140326, 7377806.345080323517323 ], [ 5729930.632975043728948, 7377790.363815180957317 ], [ 5729931.131006362847984, 7377774.489037344232202 ], [ 5729926.794997736811638, 7377766.456675397232175 ], [ 5729913.542728245258331, 7377752.651904100552201 ], [ 5729897.788394175469875, 7377740.54577043838799 ], [ 5729885.790234160609543, 7377729.547042603604496 ], [ 5729879.796891617588699, 7377720.670911761000752 ], [ 5729874.798710653558373, 7377707.961250929161906 ], [ 5729876.331341333687305, 7377676.720734347589314 ], [ 5729873.130981523543596, 7377663.36329997703433 ], [ 5729865.852543704211712, 7377654.138287225738168 ], [ 5729835.856143532320857, 7377632.574067689478397 ], [ 5729818.200045910663903, 7377636.278729043900967 ], [ 5729807.416980613023043, 7377645.377762557007372 ], [ 5729792.577207565307617, 7377636.853577515110373 ], [ 5729701.849772857502103, 7377611.75501792319119 ], [ 5729685.40187169611454, 7377614.67374334204942 ], [ 5729690.99958173930645, 7377634.709182795137167 ], [ 5729690.5177311450243, 7377652.145733203738928 ], [ 5729685.270755724981427, 7377709.835223529487848 ], [ 5729688.307353614829481, 7377732.643754283897579 ], [ 5729706.031126257963479, 7377790.906633168458939 ], [ 5729674.024778191000223, 7377818.532197274267673 ] ] ], [ [ [ 5730082.532607072964311, 7378103.624895691871643 ], [ 5730109.731765057891607, 7378101.631727573461831 ], [ 5730125.619029506109655, 7378102.022273687645793 ], [ 5730127.746030325070024, 7378102.440767806023359 ], [ 5730128.929746036417782, 7378092.536858381703496 ], [ 5730109.112860814668238, 7378084.886179095134139 ], [ 5730081.065791253000498, 7378088.741055035963655 ], [ 5730078.462074044160545, 7378103.392649659886956 ], [ 5730082.532607072964311, 7378103.624895691871643 ] ] ] ] } },
{ "type": "Feature", "properties": { "lv_id": "LOC_051225", "id": 283337.0, "CD_SETOR": "351060905000084", "SITUACAO": "Urbana", "CD_SIT": "1", "CD_TIPO": "0", "AREA_KM2": 0.01576914509526, "CD_REGIAO": "3", "NM_REGIAO": "Sudeste", "CD_UF": "35", "NM_UF": "São Paulo", "CD_MUN": "3510609", "NM_MUN": "Carapicuíba", "CD_DIST": "351060905", "NM_DIST": "Carapicuíba", "CD_SUBDIST": "35106090500", "NM_SUBDIST": null, "CD_BAIRRO": null, "NM_BAIRRO": null, "CD_NU": null, "NM_NU": null, "CD_FCU": null, "NM_FCU": null, "CD_AGLOM": null, "NM_AGLOM": null, "CD_RGINT": "3501", "NM_RGINT": "São Paulo", "CD_RGI": "350001", "NM_RGI": "São Paulo", "CD_CONCURB": "3550308", "NM_CONCURB": "São Paulo/SP", "mun_code_x": "3510609", "index_right": 82522, "dist_m": 376.6105030995634, "local_id": 556431, "ano": 2022, "cod_localidade_ibge": 3510609, "NR_ZONA": "388", "nr_cep": 6381010.0, "nm_localidade": "CARAPICUÍBA", "nm_locvot": "EE.  BASÍLIO BOSNIAC", "ds_endereco": "RUA EUROPA, 55", "ds_bairro": "VILA SILVIANIA", "pred_long": -46.835099, "pred_lat": -23.544097, "pred_dist": 0.0, "tse_long": -46.8350794, "tse_lat": -23.5440411, "long": -46.8350794, "lat": -23.5440411, "ID_UNICO": "LOC_051225", "SG_UF": "SP", "CD_MUNICIPIO": "63134", "NR_LOCAL_VOTACAO": "1031", "QT_SECOES_AGREGADAS": 0, "QT_ELEITORES_TRANSFERIDOS": 16, "CIRO GOMES (PDT) (NÃO ELEITO) 1T": 248.0, "CONSTITUINTE EYMAEL (DC) (NÃO ELEITO) 1T": 0.0, "FELIPE D AVILA (NOVO) (NÃO ELEITO) 1T": 41.0, "JAIR BOLSONARO (PL) (2º TURNO) 1T": 2065.0, "LULA (PT) (2º TURNO) 1T": 2427.0, "LÉO PÉRICLES (UP) (NÃO ELEITO) 1T": 6.0, "PADRE KELMON (PTB) (NÃO ELEITO) 1T": 2.0, "SIMONE TEBET (MDB) (NÃO ELEITO) 1T": 321.0, "SOFIA MANZANO (PCB) (NÃO ELEITO) 1T": 2.0, "SORAYA THRONICKE (UNIÃO) (NÃO ELEITO) 1T": 30.0, "VERA (PSTU) (NÃO ELEITO) 1T": 1.0, "Total_Votos_Validos 1T": 5143.0, "Votos_Brancos 1T": 120.0, "Votos_Nulos 1T": 191.0, "Abstenções 1T": 1649.0, "Eleitores_Aptos 1T": 7103.0, "JAIR BOLSONARO (PL) (NÃO ELEITO) 2T": 2529.0, "LULA (PT) (ELEITO) 2T": 2640.0, "Total_Votos_Validos 2T": 5169.0, "Votos_Brancos 2T": 101.0, "Votos_Nulos 2T": 207.0, "Abstenções 2T": 1626.0, "Eleitores_Aptos 2T": 7103.0, "mun_code_y": "3510609", "mun_code": "3510609" }, "geometry": { "type": "Polygon", "coordinates": [ [ [ 5731178.685048460029066, 7376352.942342757247388 ], [ 5731102.598404729738832, 7376370.833169480785728 ], [ 5731097.881128780543804, 7376348.610582435503602 ], [ 5731064.463431282900274, 7376354.578685572370887 ], [ 5731075.298685560002923, 7376411.120659852400422 ], [ 5731078.796170117333531, 7376412.374581918120384 ], [ 5731092.981251612305641, 7376408.595829660072923 ], [ 5731106.647018976509571, 7376493.393049227073789 ], [ 5731107.07438288256526, 7376496.017134580761194 ], [ 5731067.700722527690232, 7376506.993343790061772 ], [ 5731055.909439394250512, 7376559.58756392262876 ], [ 5731040.601284025236964, 7376564.013966501690447 ], [ 5731062.935425503179431, 7376650.442878359928727 ], [ 5731022.894995452836156, 7376662.61302547622472 ], [ 5730987.163228352554142, 7376671.598554773256183 ], [ 5730970.907304759137332, 7376673.627689799293876 ], [ 5730904.81230584345758, 7376691.218460054136813 ], [ 5730914.446675527840853, 7376732.30496880132705 ], [ 5730866.213417354039848, 7376743.99103373195976 ], [ 5730807.848863583058119, 7376757.522599506191909 ], [ 5730750.025457710959017, 7376770.837112087756395 ], [ 5730690.10577639285475, 7376784.758389417082071 ], [ 5730668.883623184636235, 7376789.502072917297482 ], [ 5730686.210006250999868, 7376847.092577328905463 ], [ 5730871.918545487336814, 7376805.923901150934398 ], [ 5730885.665003605186939, 7376863.257984045892954 ], [ 5730680.047942267730832, 7376914.417803743854165 ], [ 5730722.762262417934835, 7376966.331055179238319 ], [ 5730849.765478320419788, 7376935.328780043870211 ], [ 5730929.311687767505646, 7376915.403302486985922 ], [ 5730886.331550540402532, 7376988.174040388315916 ], [ 5730870.231841268949211, 7377010.979101432487369 ], [ 5730850.287595608271658, 7377048.129832798615098 ], [ 5730852.348439615219831, 7377048.864030261524022 ], [ 5730858.113614546135068, 7377050.897716894745827 ], [ 5730860.476863756775856, 7377051.750750449486077 ], [ 5730889.803449727594852, 7377055.967023985460401 ], [ 5730936.426644924096763, 7377085.784512409940362 ], [ 5730948.854448437690735, 7377103.134638631716371 ], [ 5730979.513349824585021, 7377079.322916123084724 ], [ 5731003.443154908716679, 7377066.953756348229945 ], [ 5731010.501669244840741, 7377062.939823648892343 ], [ 5731037.706962380558252, 7377055.162005474790931 ], [ 5731040.458826513960958, 7377054.377073391340673 ], [ 5731047.109066416509449, 7377064.113037465140224 ], [ 5731071.137746032327414, 7377087.145343013107777 ], [ 5731091.15310721937567, 7377114.16219917498529 ], [ 5731114.362907372415066, 7377147.627433528192341 ], [ 5731127.193113764747977, 7377158.896293317899108 ], [ 5731152.185659901238978, 7377179.726069763302803 ], [ 5731156.11336764972657, 7377186.528481483459473 ], [ 5731157.059923302382231, 7377228.674402555450797 ], [ 5731169.715541237965226, 7377229.470645889639854 ], [ 5731190.90440359339118, 7377230.197569599375129 ], [ 5731208.101987493224442, 7377234.327522261068225 ], [ 5731236.977899874560535, 7377243.231608597561717 ], [ 5731278.668677390553057, 7377251.818786581978202 ], [ 5731324.146321064792573, 7377260.897458640858531 ], [ 5731325.548674268648028, 7377248.83907844312489 ], [ 5731553.787287101149559, 7377237.494601260870695 ], [ 5731556.706157107837498, 7377240.875935243442655 ], [ 5731557.345003785565495, 7377245.688437914475799 ], [ 5731542.295465275645256, 7377358.175810006447136 ], [ 5731579.677606981247663, 7377357.03211800288409 ], [ 5731585.955092742107809, 7377356.829834839329123 ], [ 5731634.347215740941465, 7377353.003435445018113 ], [ 5731645.569976597093046, 7377245.384155470877886 ], [ 5731651.256203703582287, 7377203.218650005757809 ], [ 5731660.306678456254303, 7377135.256109202280641 ], [ 5731656.760189030319452, 7377134.663284566253424 ], [ 5731605.072405414655805, 7377135.328428288921714 ], [ 5731602.053569594398141, 7377135.680326145142317 ], [ 5731603.311196914874017, 7377087.128232359886169 ], [ 5731666.924143262207508, 7377084.303860887885094 ], [ 5731669.437108716927469, 7377058.861949106678367 ], [ 5731669.802742833271623, 7377025.423567252233624 ], [ 5731662.370013222098351, 7377000.222381073981524 ], [ 5731637.44274290278554, 7376968.216535149142146 ], [ 5731623.315200787968934, 7376957.794287453405559 ], [ 5731602.385977641679347, 7376940.959004374220967 ], [ 5731592.425144676119089, 7376941.713929222896695 ], [ 5731394.650224665179849, 7376955.589170908555388 ], [ 5731376.405615872703493, 7376951.779760365374386 ], [ 5731366.55689291190356, 7376945.150653185322881 ], [ 5731373.267577325925231, 7376891.135675894096494 ], [ 5731547.579887198284268, 7376882.19560756161809 ], [ 5731587.760077758692205, 7376880.398108934983611 ], [ 5731617.887257921509445, 7376876.893187168985605 ], [ 5731606.160464603453875, 7376768.724990629591048 ], [ 5731596.218968424014747, 7376679.532800817862153 ], [ 5731594.097137610428035, 7376670.40767471306026 ], [ 5731590.046122532337904, 7376639.835718675516546 ], [ 5731584.904505422338843, 7376621.61922375485301 ], [ 5731582.895576255396008, 7376617.009202325716615 ], [ 5731559.166521457023919, 7376562.094207805581391 ], [ 5731474.326851115562022, 7376601.677593933418393 ], [ 5731456.712340446189046, 7376565.008521322160959 ], [ 5731443.119374333880842, 7376537.224446148611605 ], [ 5731364.99508361518383, 7376576.169930556789041 ], [ 5731361.999055775813758, 7376568.986125521361828 ], [ 5731334.184170550666749, 7376508.180767500773072 ], [ 5731324.61071792524308, 7376488.009267470799387 ], [ 5731301.398439740762115, 7376443.226053157821298 ], [ 5731273.787884053774178, 7376390.402692684903741 ], [ 5731207.972797943279147, 7376406.195357328280807 ], [ 5731178.685048460029066, 7376352.942342757247388 ] ] ] } },
{ "type": "Feature", "properties": { "lv_id": "LOC_051226", "id": 283346.0, "CD_SETOR": "351060905000111", "SITUACAO": "Urbana", "CD_SIT": "1", "CD_TIPO": "0", "AREA_KM2": 0.041655284487214998, "CD_REGIAO": "3", "NM_REGIAO": "Sudeste", "CD_UF": "35", "NM_UF": "São Paulo", "CD_MUN": "3510609", "NM_MUN": "Carapicuíba", "CD_DIST": "351060905", "NM_DIST": "Carapicuíba", "CD_SUBDIST": "35106090500", "NM_SUBDIST": null, "CD_BAIRRO": null, "NM_BAIRRO": null, "CD_NU": null, "NM_NU": null, "CD_FCU": null, "NM_FCU": null, "CD_AGLOM": null, "NM_AGLOM": null, "CD_RGINT": "3501", "NM_RGINT": "São Paulo", "CD_RGI": "350001", "NM_RGI": "São Paulo", "CD_CONCURB": "3550308", "NM_CONCURB": "São Paulo/SP", "mun_code_x": "3510609", "index_right": 82511, "dist_m": 133.3187654606966, "local_id": 556420, "ano": 2022, "cod_localidade_ibge": 3510609, "NR_ZONA": "303", "nr_cep": 6320020.0, "nm_localidade": "CARAPICUÍBA", "nm_locvot": "CENTRO METROPOLITANO DE EDUCAÇÃO E CULTURA LTDA.  (COLÉGIO STATUS)", "ds_endereco": "AV. TÂMARA, 394", "ds_bairro": "CENTRO", "pred_long": -46.83759, "pred_lat": -23.524466, "pred_dist": 0.0, "tse_long": -46.8373559, "tse_lat": -23.5234943, "long": -46.8373559, "lat": -23.5234943, "ID_UNICO": "LOC_051226", "SG_UF": "SP", "CD_MUNICIPIO": "63134", "NR_LOCAL_VOTACAO": "1317", "QT_SECOES_AGREGADAS": 0, "QT_ELEITORES_TRANSFERIDOS": 0, "CIRO GOMES (PDT) (NÃO ELEITO) 1T": 163.0, "CONSTITUINTE EYMAEL (DC) (NÃO ELEITO) 1T": 0.0, "FELIPE D AVILA (NOVO) (NÃO ELEITO) 1T": 45.0, "JAIR BOLSONARO (PL) (2º TURNO) 1T": 1544.0, "LULA (PT) (2º TURNO) 1T": 1546.0, "LÉO PÉRICLES (UP) (NÃO ELEITO) 1T": 3.0, "PADRE KELMON (PTB) (NÃO ELEITO) 1T": 3.0, "SIMONE TEBET (MDB) (NÃO ELEITO) 1T": 255.0, "SOFIA MANZANO (PCB) (NÃO ELEITO) 1T": 2.0, "SORAYA THRONICKE (UNIÃO) (NÃO ELEITO) 1T": 27.0, "VERA (PSTU) (NÃO ELEITO) 1T": 3.0, "Total_Votos_Validos 1T": 3591.0, "Votos_Brancos 1T": 73.0, "Votos_Nulos 1T": 122.0, "Abstenções 1T": 1098.0, "Eleitores_Aptos 1T": 4884.0, "JAIR BOLSONARO (PL) (NÃO ELEITO) 2T": 1860.0, "LULA (PT) (ELEITO) 2T": 1731.0, "Total_Votos_Validos 2T": 3591.0, "Votos_Brancos 2T": 83.0, "Votos_Nulos 2T": 130.0, "Abstenções 2T": 1080.0, "Eleitores_Aptos 2T": 4884.0, "mun_code_y": "3510609", "mun_code": "3510609" }, "geometry": { "type": "Polygon", "coordinates": [ [ [ 5731250.130688251927495, 7378753.59445383772254 ], [ 5731239.131048044189811, 7378754.45645472034812 ], [ 5731227.484774465672672, 7378753.832686955109239 ], [ 5731215.873435840941966, 7378749.601772928610444 ], [ 5731206.899987954646349, 7378742.292267490178347 ], [ 5731197.858365235850215, 7378732.999292703345418 ], [ 5731168.518353331834078, 7378725.501546399667859 ], [ 5731117.725141087546945, 7378717.758102605119348 ], [ 5731104.460639177821577, 7378716.668125357478857 ], [ 5731102.539936755783856, 7378757.528331861831248 ], [ 5731061.115810157731175, 7378773.449361253529787 ], [ 5731045.561628837138414, 7378779.349557197652757 ], [ 5731025.541997423395514, 7378786.946130117401481 ], [ 5731005.270391301251948, 7378792.76930751092732 ], [ 5730994.372708735056221, 7378793.626024734228849 ], [ 5730978.09591528121382, 7378792.20636320207268 ], [ 5730961.429079934954643, 7378789.935513582080603 ], [ 5730903.84606044460088, 7378778.690573232248425 ], [ 5730880.595311438664794, 7378764.324922863394022 ], [ 5730874.361227197572589, 7378764.178527805954218 ], [ 5730810.840554626658559, 7378768.175799306482077 ], [ 5730790.805835528299212, 7378770.749833581037819 ], [ 5730777.470997116528451, 7378776.04779464378953 ], [ 5730767.53443814534694, 7378783.062494853511453 ], [ 5730753.22326130233705, 7378794.213456073775887 ], [ 5730729.918882849626243, 7378830.704768469557166 ], [ 5730701.971695338375866, 7378873.957562536001205 ], [ 5730686.244805064983666, 7378899.388401129283011 ], [ 5730774.536146018654108, 7379092.38301966432482 ], [ 5730847.856654735282063, 7379085.16243723873049 ], [ 5730855.336861641146243, 7379106.834204874001443 ], [ 5730857.353228380903602, 7379155.32222219184041 ], [ 5730857.766370436176658, 7379157.868884604424238 ], [ 5730860.45129419490695, 7379255.090786615386605 ], [ 5730865.057002426125109, 7379375.690716785378754 ], [ 5730937.759340289980173, 7379365.063049908727407 ], [ 5730987.765331013128161, 7379359.017170577310026 ], [ 5731054.424617474898696, 7379350.443028211593628 ], [ 5731125.862599574029446, 7379344.61025754455477 ], [ 5731130.355368454009295, 7379316.368874380365014 ], [ 5731137.903076861985028, 7379262.223801348358393 ], [ 5731148.408495114184916, 7379252.256013713777065 ], [ 5731217.561579129658639, 7379222.125024409964681 ], [ 5731359.013317024335265, 7379163.446004686877131 ], [ 5731362.286578600294888, 7379172.703422855585814 ], [ 5731374.883616724051535, 7379209.423008793964982 ], [ 5731374.724931597709656, 7379216.496628426015377 ], [ 5731370.659921226091683, 7379245.308478433638811 ], [ 5731368.990425743162632, 7379259.612551407888532 ], [ 5731476.555834289640188, 7379213.430052937939763 ], [ 5731484.783359350636601, 7379206.589556874707341 ], [ 5731498.222258823923767, 7379219.167761873453856 ], [ 5731526.422856065444648, 7379261.012631587684155 ], [ 5731544.250285884365439, 7379289.422913148999214 ], [ 5731519.212286694906652, 7379300.150582730770111 ], [ 5731521.385699979029596, 7379303.546951610594988 ], [ 5731543.52979698870331, 7379339.990505519323051 ], [ 5731568.777402238920331, 7379329.363962581381202 ], [ 5731572.616700291633606, 7379327.821507634595037 ], [ 5731602.463226487860084, 7379370.064101555384696 ], [ 5731663.356001168489456, 7379454.199096651747823 ], [ 5731730.788171641528606, 7379471.167375646531582 ], [ 5731757.40767430793494, 7379474.927194473333657 ], [ 5731749.523315688595176, 7379414.006586595438421 ], [ 5731731.289960068650544, 7379411.301150026731193 ], [ 5731720.847089995630085, 7379406.933897351846099 ], [ 5731709.678885555826128, 7379396.017122969031334 ], [ 5731704.749840994365513, 7379383.906753703951836 ], [ 5731701.307317489758134, 7379363.261075616814196 ], [ 5731688.16508517600596, 7379281.171629675664008 ], [ 5731685.568393103778362, 7379263.955167453736067 ], [ 5731649.766020567156374, 7379206.851934056729078 ], [ 5731701.405021025799215, 7379173.485785761848092 ], [ 5731667.296471829526126, 7379115.081291412934661 ], [ 5731654.273035055026412, 7379097.303149119019508 ], [ 5731636.178534287959337, 7379078.918919258750975 ], [ 5731627.160121964290738, 7379072.56058325432241 ], [ 5731619.388208198361099, 7379066.798530787229538 ], [ 5731610.421409314498305, 7379058.193989304825664 ], [ 5731604.622460376471281, 7379046.886144883930683 ], [ 5731596.432567971758544, 7379030.484987553209066 ], [ 5731590.813670230098069, 7379017.661237720400095 ], [ 5731583.846962126903236, 7379008.566068740561604 ], [ 5731509.124801528640091, 7378960.18309632409364 ], [ 5731496.830686692148447, 7378951.901049934327602 ], [ 5731484.727229413576424, 7378938.41901827044785 ], [ 5731475.654323967173696, 7378926.247820639051497 ], [ 5731474.051059965975583, 7378920.545874305069447 ], [ 5731431.116413217037916, 7378924.220241598784924 ], [ 5731335.757832875475287, 7378934.632264764979482 ], [ 5731351.192946288734674, 7378862.958686053752899 ], [ 5731358.843999433331192, 7378845.788452995941043 ], [ 5731375.412685099989176, 7378800.758223323151469 ], [ 5731379.658545470796525, 7378772.506541385315359 ], [ 5731371.1660859240219, 7378748.184140007942915 ], [ 5731362.979623564518988, 7378730.409851409494877 ], [ 5731356.442953013814986, 7378718.245881451293826 ], [ 5731251.940695848315954, 7378718.521657034754753 ], [ 5731263.260177715681493, 7378750.538716131821275 ], [ 5731250.130688251927495, 7378753.59445383772254 ] ] ] } },
{ "type": "Feature", "properties": { "lv_id": "LOC_051227", "id": 283350.0, "CD_SETOR": "351060905000121", "SITUACAO": "Urbana", "CD_SIT": "1", "CD_TIPO": "0", "AREA_KM2": 0.011337727540334, "CD_REGIAO": "3", "NM_REGIAO": "Sudeste", "CD_UF": "35", "NM_UF": "São Paulo", "CD_MUN": "3510609", "NM_MUN": "Carapicuíba", "CD_DIST": "351060905", "NM_DIST": "Carapicuíba", "CD_SUBDIST": "35106090500", "NM_SUBDIST": null, "CD_BAIRRO": null, "NM_BAIRRO": null, "CD_NU": null, "NM_NU": null, "CD_FCU": "35106090105", "NM_FCU": "BMX", "CD_AGLOM": null, "NM_AGLOM": null, "CD_RGINT": "3501", "NM_RGINT": "São Paulo", "CD_RGI": "350001", "NM_RGI": "São Paulo", "CD_CONCURB": "3550308", "NM_CONCURB": "São Paulo/SP", "mun_code_x": "3510609", "index_right": 82532, "dist_m": 205.82918536118621, "local_id": 556441, "ano": 2022, "cod_localidade_ibge": 3510609, "NR_ZONA": "303", "nr_cep": 6325010.0, "nm_localidade": "CARAPICUÍBA", "nm_locvot": "E.E. DESEMBARGADOR EDGARD DE MOURA BITTENCOURT", "ds_endereco": "RUA PARANA, 15", "ds_bairro": "COHAB", "pred_long": -46.830028, "pred_lat": -23.52826, "pred_dist": 0.0, "tse_long": -46.8306555, "tse_lat": -23.528237, "long": -46.8306555, "lat": -23.528237, "ID_UNICO": "LOC_051227", "SG_UF": "SP", "CD_MUNICIPIO": "63134", "NR_LOCAL_VOTACAO": "1031", "QT_SECOES_AGREGADAS": 0, "QT_ELEITORES_TRANSFERIDOS": 19, "CIRO GOMES (PDT) (NÃO ELEITO) 1T": 180.0, "CONSTITUINTE EYMAEL (DC) (NÃO ELEITO) 1T": 1.0, "FELIPE D AVILA (NOVO) (NÃO ELEITO) 1T": 23.0, "JAIR BOLSONARO (PL) (2º TURNO) 1T": 1410.0, "LULA (PT) (2º TURNO) 1T": 1831.0, "LÉO PÉRICLES (UP) (NÃO ELEITO) 1T": 4.0, "PADRE KELMON (PTB) (NÃO ELEITO) 1T": 4.0, "SIMONE TEBET (MDB) (NÃO ELEITO) 1T": 282.0, "SOFIA MANZANO (PCB) (NÃO ELEITO) 1T": 1.0, "SORAYA THRONICKE (UNIÃO) (NÃO ELEITO) 1T": 26.0, "VERA (PSTU) (NÃO ELEITO) 1T": 2.0, "Total_Votos_Validos 1T": 3764.0, "Votos_Brancos 1T": 90.0, "Votos_Nulos 1T": 186.0, "Abstenções 1T": 1447.0, "Eleitores_Aptos 1T": 5487.0, "JAIR BOLSONARO (PL) (NÃO ELEITO) 2T": 1709.0, "LULA (PT) (ELEITO) 2T": 2083.0, "Total_Votos_Validos 2T": 3792.0, "Votos_Brancos 2T": 88.0, "Votos_Nulos 2T": 174.0, "Abstenções 2T": 1433.0, "Eleitores_Aptos 2T": 5487.0, "mun_code_y": "3510609", "mun_code": "3510609" }, "geometry": { "type": "Polygon", "coordinates": [ [ [ 5731857.039338624104857, 7378459.766317469999194 ], [ 5731845.675972577184439, 7378442.06169343367219 ], [ 5731834.960764127783477, 7378418.698831271380186 ], [ 5731828.709377942606807, 7378392.791011791676283 ], [ 5731828.287216730415821, 7378381.459999101236463 ], [ 5731829.324632178992033, 7378362.086081562563777 ], [ 5731833.145368616096675, 7378340.708879346959293 ], [ 5731840.696086940355599, 7378316.83455628529191 ], [ 5731849.460248189046979, 7378301.092722546309233 ], [ 5731860.375915935263038, 7378286.25906927138567 ], [ 5731876.80506700463593, 7378277.009944599121809 ], [ 5731894.209520605392754, 7378268.660826004110277 ], [ 5731917.118540031835437, 7378260.594526993110776 ], [ 5731829.671515440568328, 7378251.818080590106547 ], [ 5731833.201546982862055, 7378244.698578266426921 ], [ 5731852.387796870432794, 7378219.807074011303484 ], [ 5731859.966014835052192, 7378189.725051330402493 ], [ 5731862.730220571160316, 7378178.937919770367444 ], [ 5731870.417037312872708, 7378163.328047044575214 ], [ 5731870.535014857538044, 7378159.75018697604537 ], [ 5731878.747247651219368, 7378136.434312338009477 ], [ 5731879.397384918294847, 7378133.276333935558796 ], [ 5731876.624287522397935, 7378126.6729356944561 ], [ 5731876.39108060952276, 7378116.671944578178227 ], [ 5731883.738008689135313, 7378099.78420951589942 ], [ 5731903.529355539940298, 7378074.527413679286838 ], [ 5731928.661138946190476, 7378079.8674899879843 ], [ 5731939.118676512502134, 7378058.113599052652717 ], [ 5731963.925405539572239, 7378032.561180867254734 ], [ 5731911.454281288199127, 7378021.076242046430707 ], [ 5731870.998338337987661, 7378059.823739496059716 ], [ 5731835.097394985146821, 7378093.967631686478853 ], [ 5731813.524171988479793, 7378115.071695132181048 ], [ 5731752.607197865843773, 7378174.688470324501395 ], [ 5731682.736842955462635, 7378242.577239691279829 ], [ 5731688.352594090625644, 7378255.747099190950394 ], [ 5731680.738703953102231, 7378267.290067005902529 ], [ 5731663.06644298043102, 7378272.526838862337172 ], [ 5731679.103456947021186, 7378312.601567174308002 ], [ 5731706.108098770491779, 7378407.749909296631813 ], [ 5731689.195737224072218, 7378411.006427306681871 ], [ 5731681.049867392517626, 7378409.42674120888114 ], [ 5731644.348437312990427, 7378403.15752992592752 ], [ 5731593.34904608502984, 7378392.702657543122768 ], [ 5731568.16070385556668, 7378503.709347155876458 ], [ 5731503.197126377373934, 7378487.567175556905568 ], [ 5731441.578964179381728, 7378475.153223009780049 ], [ 5731428.527067538350821, 7378472.992552079260349 ], [ 5731428.124135731719434, 7378481.931335186585784 ], [ 5731461.253616956062615, 7378548.823297249153256 ], [ 5731466.31503857858479, 7378562.567856829613447 ], [ 5731544.267833114601672, 7378582.682314410805702 ], [ 5731548.072598500177264, 7378587.012892832048237 ], [ 5731548.711867730133235, 7378590.195683643221855 ], [ 5731537.71555407717824, 7378640.127188494428992 ], [ 5731530.521388865076005, 7378669.117968682199717 ], [ 5731522.265055616386235, 7378680.704007418826222 ], [ 5731508.650365811772645, 7378691.251817269250751 ], [ 5731495.413580207154155, 7378701.791886683553457 ], [ 5731489.220017375424504, 7378707.995060255751014 ], [ 5731483.906260739080608, 7378718.719634810462594 ], [ 5731484.525680770166218, 7378730.73277261480689 ], [ 5731480.189693848602474, 7378731.128033713437617 ], [ 5731444.587759718298912, 7378725.595695896074176 ], [ 5731429.978721695020795, 7378725.019667439162731 ], [ 5731426.77125431317836, 7378727.747249033302069 ], [ 5731427.580815239809453, 7378742.139596965163946 ], [ 5731371.81707851588726, 7378730.682704873383045 ], [ 5731362.979623564518988, 7378730.409851409494877 ], [ 5731371.1660859240219, 7378748.184140007942915 ], [ 5731379.658545470796525, 7378772.506541385315359 ], [ 5731375.412685099989176, 7378800.758223323151469 ], [ 5731358.843999433331192, 7378845.788452995941043 ], [ 5731351.192946288734674, 7378862.958686053752899 ], [ 5731335.757832875475287, 7378934.632264764979482 ], [ 5731431.116413217037916, 7378924.220241598784924 ], [ 5731474.051059965975583, 7378920.545874305069447 ], [ 5731475.654323967173696, 7378926.247820639051497 ], [ 5731484.727229413576424, 7378938.41901827044785 ], [ 5731496.830686692148447, 7378951.901049934327602 ], [ 5731509.124801528640091, 7378960.18309632409364 ], [ 5731583.846962126903236, 7379008.566068740561604 ], [ 5731590.813670230098069, 7379017.661237720400095 ], [ 5731596.432567971758544, 7379030.484987553209066 ], [ 5731604.622460376471281, 7379046.886144883930683 ], [ 5731610.421409314498305, 7379058.193989304825664 ], [ 5731619.388208198361099, 7379066.798530787229538 ], [ 5731627.160121964290738, 7379072.56058325432241 ], [ 5731636.178534287959337, 7379078.918919258750975 ], [ 5731654.273035055026412, 7379097.303149119019508 ], [ 5731667.296471829526126, 7379115.081291412934661 ], [ 5731701.405021025799215, 7379173.485785761848092 ], [ 5731649.766020567156374, 7379206.851934056729078 ], [ 5731685.568393103778362, 7379263.955167453736067 ], [ 5731688.16508517600596, 7379281.171629675664008 ], [ 5731701.307317489758134, 7379363.261075616814196 ], [ 5731704.749840994365513, 7379383.906753703951836 ], [ 5731709.678885555826128, 7379396.017122969031334 ], [ 5731720.847089995630085, 7379406.933897351846099 ], [ 5731731.289960068650544, 7379411.301150026731193 ], [ 5731749.523315688595176, 7379414.006586595438421 ], [ 5731757.40767430793494, 7379474.927194473333657 ], [ 5731730.788171641528606, 7379471.167375646531582 ], [ 5731747.160058937035501, 7379484.525404314510524 ], [ 5731752.362906887196004, 7379492.692961426451802 ], [ 5731759.478722081519663, 7379491.444390839897096 ], [ 5731803.552696428261697, 7379482.901684999465942 ], [ 5731877.677353415638208, 7379472.287659987807274 ], [ 5731935.636503772810102, 7379461.889655329287052 ], [ 5731954.396817208267748, 7379458.552021695300937 ], [ 5731958.537816135212779, 7379457.318094793707132 ], [ 5731950.729224462993443, 7379423.149731804616749 ], [ 5731942.456186817027628, 7379425.181805778294802 ], [ 5731918.692876430228353, 7379426.615170432254672 ], [ 5731905.798967763781548, 7379423.12957670353353 ], [ 5731895.890656068921089, 7379419.025928947143257 ], [ 5731867.044272543862462, 7379408.13331351801753 ], [ 5731869.059245944954455, 7379397.484188108704984 ], [ 5731865.643691966310143, 7379395.221508666872978 ], [ 5731858.720262796618044, 7379388.434807041659951 ], [ 5731855.062783100642264, 7379383.371307604014874 ], [ 5731850.193793742917478, 7379376.158215661533177 ], [ 5731845.0805126382038, 7379365.686767483130097 ], [ 5731876.251288563013077, 7379341.792965512722731 ], [ 5731879.475976426154375, 7379338.38354377169162 ], [ 5731898.495827805250883, 7379322.006494056433439 ], [ 5731927.975814175792038, 7379328.179142910987139 ], [ 5731909.215404283255339, 7379242.742570897564292 ], [ 5731891.499708616174757, 7379160.825759127736092 ], [ 5731886.879633693024516, 7379138.30782313644886 ], [ 5731877.415892952121794, 7379096.98903539404273 ], [ 5731889.403007235378027, 7379097.059562852606177 ], [ 5731919.398998513817787, 7379112.560356190428138 ], [ 5731942.932052491232753, 7379104.06139903049916 ], [ 5732106.292817397043109, 7379044.368066130205989 ], [ 5732202.670624393969774, 7379010.927961656823754 ], [ 5732227.659315816126764, 7378998.616239433176816 ], [ 5732234.17878798302263, 7378995.053068361245096 ], [ 5732249.067023356445134, 7378986.874251941218972 ], [ 5732270.479175540618598, 7378974.607365539297462 ], [ 5732292.119572620838881, 7378958.924471482634544 ], [ 5732307.11960334610194, 7378946.431273953989148 ], [ 5732310.463527732528746, 7378942.54691104311496 ], [ 5732306.758998193778098, 7378941.45969161670655 ], [ 5732265.887236073613167, 7378931.973229659721255 ], [ 5732214.677809719927609, 7378920.22425976395607 ], [ 5732214.986615300178528, 7378900.596409060992301 ], [ 5732218.902091537602246, 7378848.338951272889972 ], [ 5732203.005041220225394, 7378833.841510752215981 ], [ 5732196.664480619132519, 7378820.294887831434608 ], [ 5732198.670846357941628, 7378809.277674657292664 ], [ 5732199.237378204241395, 7378805.878282893449068 ], [ 5732169.685699237510562, 7378806.039133667945862 ], [ 5732143.403451820835471, 7378813.52640319429338 ], [ 5732137.017245369032025, 7378792.302309846505523 ], [ 5732150.14280857052654, 7378732.005020190030336 ], [ 5732249.533509681932628, 7378751.602315913885832 ], [ 5732255.673209249041975, 7378702.124597290530801 ], [ 5732247.455183517187834, 7378692.958290576934814 ], [ 5732162.168944332748652, 7378674.062127565965056 ], [ 5732083.328268063254654, 7378657.700779551640153 ], [ 5732069.403937770985067, 7378659.167349586263299 ], [ 5732054.133899070322514, 7378651.492217352613807 ], [ 5732040.806563292630017, 7378657.751065361313522 ], [ 5732034.598998363129795, 7378646.251670781522989 ], [ 5732029.659984430298209, 7378641.118382452055812 ], [ 5732006.202306667342782, 7378616.684891995042562 ], [ 5731980.601251097396016, 7378591.711150264367461 ], [ 5731957.268475569784641, 7378567.729043139144778 ], [ 5731948.044906533323228, 7378558.077139537781477 ], [ 5731896.118462649174035, 7378503.64501659758389 ], [ 5731871.232148578390479, 7378477.005758479237556 ], [ 5731857.039338624104857, 7378459.766317469999194 ] ] ] } },
{ "type": "Feature", "properties": { "lv_id": "LOC_051228", "id": 283555.0, "CD_SETOR": "351060905000433", "SITUACAO": "Urbana", "CD_SIT": "1", "CD_TIPO": "0", "AREA_KM2": 0.03977600235776, "CD_REGIAO": "3", "NM_REGIAO": "Sudeste", "CD_UF": "35", "NM_UF": "São Paulo", "CD_MUN": "3510609", "NM_MUN": "Carapicuíba", "CD_DIST": "351060905", "NM_DIST": "Carapicuíba", "CD_SUBDIST": "35106090500", "NM_SUBDIST": null, "CD_BAIRRO": null, "NM_BAIRRO": null, "CD_NU": null, "NM_NU": null, "CD_FCU": "35106090002", "NM_FCU": "Vila Dirce", "CD_AGLOM": null, "NM_AGLOM": null, "CD_RGINT": "3501", "NM_RGINT": "São Paulo", "CD_RGI": "350001", "NM_RGI": "São Paulo", "CD_CONCURB": "3550308", "NM_CONCURB": "São Paulo/SP", "mun_code_x": "3510609", "index_right": 82519, "dist_m": 426.14338595725371, "local_id": 556428, "ano": 2022, "cod_localidade_ibge": 3510609, "NR_ZONA": "388", "nr_cep": 6335030.0, "nm_localidade": "CARAPICUÍBA", "nm_locvot": "EE. PROFESSORA HADLA FERES", "ds_endereco": "RUA BANDEIRANTES,  80", "ds_bairro": "JARDIM YAYA", "pred_long": -46.834126, "pred_lat": -23.556187, "pred_dist": 0.0, "tse_long": -46.8343384, "tse_lat": -23.5561336, "long": -46.8343384, "lat": -23.5561336, "ID_UNICO": "LOC_051228", "SG_UF": "SP", "CD_MUNICIPIO": "63134", "NR_LOCAL_VOTACAO": "1040", "QT_SECOES_AGREGADAS": 0, "QT_ELEITORES_TRANSFERIDOS": 13, "CIRO GOMES (PDT) (NÃO ELEITO) 1T": 246.0, "CONSTITUINTE EYMAEL (DC) (NÃO ELEITO) 1T": 0.0, "FELIPE D AVILA (NOVO) (NÃO ELEITO) 1T": 24.0, "JAIR BOLSONARO (PL) (2º TURNO) 1T": 2344.0, "LULA (PT) (2º TURNO) 1T": 3080.0, "LÉO PÉRICLES (UP) (NÃO ELEITO) 1T": 12.0, "PADRE KELMON (PTB) (NÃO ELEITO) 1T": 6.0, "SIMONE TEBET (MDB) (NÃO ELEITO) 1T": 371.0, "SOFIA MANZANO (PCB) (NÃO ELEITO) 1T": 3.0, "SORAYA THRONICKE (UNIÃO) (NÃO ELEITO) 1T": 40.0, "VERA (PSTU) (NÃO ELEITO) 1T": 1.0, "Total_Votos_Validos 1T": 6127.0, "Votos_Brancos 1T": 165.0, "Votos_Nulos 1T": 203.0, "Abstenções 1T": 2211.0, "Eleitores_Aptos 1T": 8706.0, "JAIR BOLSONARO (PL) (NÃO ELEITO) 2T": 2898.0, "LULA (PT) (ELEITO) 2T": 3295.0, "Total_Votos_Validos 2T": 6193.0, "Votos_Brancos 2T": 160.0, "Votos_Nulos 2T": 251.0, "Abstenções 2T": 2102.0, "Eleitores_Aptos 2T": 8706.0, "mun_code_y": "3510609", "mun_code": "3510609" }, "geometry": { "type": "MultiPolygon", "coordinates": [ [ [ [ 5730972.833577130921185, 7375374.428114973008633 ], [ 5730974.760573964565992, 7375394.814448233693838 ], [ 5730981.840228665620089, 7375511.094581638462842 ], [ 5730983.810541884973645, 7375557.140718016773462 ], [ 5730984.545560988597572, 7375564.906363353133202 ], [ 5730986.785051297396421, 7375579.673634489998221 ], [ 5730925.766369953751564, 7375558.346339031122625 ], [ 5730918.916206387802958, 7375555.864800158888102 ], [ 5730920.199584125541151, 7375589.99049499258399 ], [ 5730920.33206775970757, 7375599.817781358025968 ], [ 5730916.947017847560346, 7375645.484203798696399 ], [ 5730917.823239739984274, 7375653.622296749614179 ], [ 5730919.589703897945583, 7375659.729007011279464 ], [ 5730922.190702782012522, 7375665.146585157141089 ], [ 5730928.099480952136219, 7375672.731687383726239 ], [ 5730936.201787969097495, 7375679.61552120745182 ], [ 5730945.504739090800285, 7375686.79651434533298 ], [ 5730958.461551742628217, 7375697.344403197988868 ], [ 5730970.257814889773726, 7375707.168957276269794 ], [ 5730987.258428685367107, 7375718.039270706474781 ], [ 5730996.329634929075837, 7375728.770260863006115 ], [ 5730999.277928980067372, 7375737.050327755510807 ], [ 5730998.826373220421374, 7375744.596247908659279 ], [ 5730993.217482331208885, 7375749.375070030800998 ], [ 5730983.982493886724114, 7375754.212406031787395 ], [ 5730965.654071651399136, 7375759.34811632335186 ], [ 5730862.881876241415739, 7375790.404739128425717 ], [ 5730850.094008361920714, 7375794.515441246330738 ], [ 5730830.068719140253961, 7375806.622849646955729 ], [ 5730827.585830370895565, 7375818.534231565892696 ], [ 5730828.002609519287944, 7375828.324959663674235 ], [ 5730832.299806213006377, 7375843.770703848451376 ], [ 5730836.629404864273965, 7375857.406555076129735 ], [ 5730842.545910798944533, 7375875.394471406005323 ], [ 5730851.051093294285238, 7375899.782870250754058 ], [ 5730862.715772241353989, 7375923.97985127940774 ], [ 5730881.384279037825763, 7375963.163585640490055 ], [ 5730894.638642222620547, 7375987.872702585533261 ], [ 5730907.099711834453046, 7376012.253123223781586 ], [ 5730908.720850705169141, 7376022.619904924184084 ], [ 5730915.16973995603621, 7376020.946908916346729 ], [ 5730924.904495602473617, 7376020.181223399937153 ], [ 5731049.766053165309131, 7375999.707097129896283 ], [ 5731072.08456024993211, 7376164.707617682404816 ], [ 5731072.268669336102903, 7376164.709575174376369 ], [ 5731075.777893024496734, 7376164.355531232431531 ], [ 5731152.103632193058729, 7376150.459802326746285 ], [ 5731159.86302222777158, 7376181.404270380735397 ], [ 5731080.618657073006034, 7376197.455112518742681 ], [ 5731076.712238105013967, 7376198.454098422080278 ], [ 5731097.881128780543804, 7376348.610582435503602 ], [ 5731102.598404729738832, 7376370.833169480785728 ], [ 5731178.685048460029066, 7376352.942342757247388 ], [ 5731207.972797943279147, 7376406.195357328280807 ], [ 5731273.787884053774178, 7376390.402692684903741 ], [ 5731269.093972379341722, 7376379.307699508965015 ], [ 5731262.188649894669652, 7376365.688990665599704 ], [ 5731248.249783001840115, 7376337.520354947075248 ], [ 5731239.11949962284416, 7376319.056856084614992 ], [ 5731236.646408721804619, 7376296.331351392902434 ], [ 5731240.420074181631207, 7376277.099813700653613 ], [ 5731259.821885394863784, 7376236.916528424248099 ], [ 5731264.913670072332025, 7376215.42008245177567 ], [ 5731265.387387844733894, 7376195.616831516847014 ], [ 5731262.663640029728413, 7376177.70363450050354 ], [ 5731256.716240798123181, 7376156.033689205534756 ], [ 5731264.02322733681649, 7376147.586781868711114 ], [ 5731244.327763837762177, 7376115.296979397535324 ], [ 5731238.943624068051577, 7376094.056525574997067 ], [ 5731231.902431688271463, 7376043.910509706474841 ], [ 5731221.699151873588562, 7375983.251500582322478 ], [ 5731218.97994421236217, 7375970.550871767103672 ], [ 5731214.431954043917358, 7375970.778317043557763 ], [ 5731207.577405444346368, 7375938.917953042313457 ], [ 5731221.496441325172782, 7375935.554069506004453 ], [ 5731277.480834295041859, 7375930.119818396866322 ], [ 5731294.403643216006458, 7375929.385036690160632 ], [ 5731296.822241669520736, 7375968.22047483548522 ], [ 5731290.085652746260166, 7376026.400402307510376 ], [ 5731290.762170718051493, 7376096.086231477558613 ], [ 5731340.216374719515443, 7376095.599714799784124 ], [ 5731341.651377252303064, 7376061.672680586576462 ], [ 5731348.383996334858239, 7375973.510921387001872 ], [ 5731360.575648881494999, 7375939.838343095965683 ], [ 5731359.669644607231021, 7375925.372659167274833 ], [ 5731382.33708222489804, 7375922.988621566444635 ], [ 5731403.283041236922145, 7375915.812728369608521 ], [ 5731414.777537573128939, 7375911.185801769606769 ], [ 5731437.186831360682845, 7375899.739612119272351 ], [ 5731454.087978650815785, 7375892.01810057554394 ], [ 5731471.568661152385175, 7375884.848012294620275 ], [ 5731476.542555011808872, 7375882.913658866658807 ], [ 5731487.142041460610926, 7375878.789094358682632 ], [ 5731505.840126694180071, 7375875.118837185204029 ], [ 5731526.030468138866127, 7375873.081731417216361 ], [ 5731552.519732576794922, 7375870.260613404214382 ], [ 5731596.230638705193996, 7375865.115450721234083 ], [ 5731610.593773756176233, 7375861.025705946609378 ], [ 5731619.492792883887887, 7375860.312508314847946 ], [ 5731652.824579026550055, 7375828.695890979841352 ], [ 5731677.669390990398824, 7375796.834141528233886 ], [ 5731687.116872592829168, 7375801.987185208126903 ], [ 5731708.090864253230393, 7375818.306205278262496 ], [ 5731714.886177151463926, 7375823.368722226470709 ], [ 5731725.914748394861817, 7375832.137376351282001 ], [ 5731733.013895386829972, 7375840.622702217660844 ], [ 5731735.847291737794876, 7375848.640612302348018 ], [ 5731737.03556433133781, 7375859.129611152224243 ], [ 5731748.438180406577885, 7375852.051251971162856 ], [ 5731786.471735582686961, 7375816.537653179839253 ], [ 5731755.320874284952879, 7375786.808550541289151 ], [ 5731752.613842361606658, 7375784.186923729255795 ], [ 5731725.399567825719714, 7375753.858923530206084 ], [ 5731722.901886177249253, 7375749.697568099945784 ], [ 5731702.795723334886134, 7375701.4218669552356 ], [ 5731701.969784534536302, 7375699.6214085733518 ], [ 5731682.950999527238309, 7375706.076319353654981 ], [ 5731641.862343192100525, 7375616.534115059301257 ], [ 5731623.766503159888089, 7375572.890672625973821 ], [ 5731618.318575621582568, 7375558.574087917804718 ], [ 5731617.919175921939313, 7375550.166479061357677 ], [ 5731617.701184534467757, 7375536.179763388819993 ], [ 5731611.280098520219326, 7375510.358821383677423 ], [ 5731608.811267560347915, 7375502.065943542867899 ], [ 5731607.932379730977118, 7375496.338978677988052 ], [ 5731605.688947464339435, 7375491.126799925230443 ], [ 5731599.227862367406487, 7375486.817766988649964 ], [ 5731589.914931907318532, 7375485.174152139574289 ], [ 5731572.883471916429698, 7375483.92796665802598 ], [ 5731552.529502891935408, 7375481.653658821247518 ], [ 5731536.978893890976906, 7375477.308327993378043 ], [ 5731515.062147255986929, 7375469.530999899841845 ], [ 5731505.774689741432667, 7375465.530807504430413 ], [ 5731482.731093239970505, 7375459.138150628656149 ], [ 5731465.223290785215795, 7375454.287928575649858 ], [ 5731448.588209487497807, 7375447.875942891463637 ], [ 5731418.652314942330122, 7375441.024384250864387 ], [ 5731525.683968894183636, 7375375.16865742020309 ], [ 5731528.623718844726682, 7375359.72910287976265 ], [ 5731522.04398709256202, 7375358.774707029573619 ], [ 5731470.229466929100454, 7375335.895124811679125 ], [ 5731464.183360862545669, 7375333.139191549271345 ], [ 5731394.548087263479829, 7375297.700546554289758 ], [ 5731322.864059308543801, 7375345.099275685846806 ], [ 5731263.758822821080685, 7375380.326438819989562 ], [ 5731252.32631738577038, 7375364.47861485555768 ], [ 5731244.958214687183499, 7375355.716446869075298 ], [ 5731225.926990997977555, 7375341.844949442893267 ], [ 5731198.188303267583251, 7375322.481836810708046 ], [ 5731177.202533513307571, 7375308.362045286223292 ], [ 5731131.832054436206818, 7375275.715891797095537 ], [ 5731080.724858359433711, 7375308.365593880414963 ], [ 5731018.258826888166368, 7375346.103818669915199 ], [ 5730972.833577130921185, 7375374.428114973008633 ] ] ], [ [ [ 5731696.735782211646438, 7375596.452593415044248 ], [ 5731749.561206860467792, 7375705.867987571284175 ], [ 5731822.588834347203374, 7375655.263484740629792 ], [ 5731901.24634023103863, 7375600.726490836590528 ], [ 5731879.593552600592375, 7375548.922853419557214 ], [ 5731852.627478674054146, 7375482.226636811159551 ], [ 5731836.746548830531538, 7375450.192962052300572 ], [ 5731806.721078539267182, 7375399.601044250652194 ], [ 5731661.79704169370234, 7375501.713544712401927 ], [ 5731696.735782211646438, 7375596.452593415044248 ] ] ] ] } },
{ "type": "Feature", "properties": { "lv_id": "LOC_051229", "id": 283341.0, "CD_SETOR": "351060905000104", "SITUACAO": "Urbana", "CD_SIT": "1", "CD_TIPO": "0", "AREA_KM2": 0.039171898098609999, "CD_REGIAO": "3", "NM_REGIAO": "Sudeste", "CD_UF": "35", "NM_UF": "São Paulo", "CD_MUN": "3510609", "NM_MUN": "Carapicuíba", "CD_DIST": "351060905", "NM_DIST": "Carapicuíba", "CD_SUBDIST": "35106090500", "NM_SUBDIST": null, "CD_BAIRRO": null, "NM_BAIRRO": null, "CD_NU": null, "NM_NU": null, "CD_FCU": null, "NM_FCU": null, "CD_AGLOM": null, "NM_AGLOM": null, "CD_RGINT": "3501", "NM_RGINT": "São Paulo", "CD_RGI": "350001", "NM_RGI": "São Paulo", "CD_CONCURB": "3550308", "NM_CONCURB": "São Paulo/SP", "mun_code_x": "3510609", "index_right": 82546, "dist_m": 77.718735720142035, "local_id": 556455, "ano": 2022, "cod_localidade_ibge": 3510609, "NR_ZONA": "303", "nr_cep": 6311001.0, "nm_localidade": "CARAPICUÍBA", "nm_locvot": "E.E. DONA MARIA ALICE CRISSIUMA MESQUITA", "ds_endereco": "AV. RUI BARBOSA, 2600", "ds_bairro": "VILA SANTA TEREZINHA", "pred_long": -46.8476221, "pred_lat": -23.5198315, "pred_dist": 0.0, "tse_long": -46.8477456, "tse_lat": -23.520057, "long": -46.8477456, "lat": -23.520057, "ID_UNICO": "LOC_051229", "SG_UF": "SP", "CD_MUNICIPIO": "63134", "NR_LOCAL_VOTACAO": "1040", "QT_SECOES_AGREGADAS": 0, "QT_ELEITORES_TRANSFERIDOS": 22, "CIRO GOMES (PDT) (NÃO ELEITO) 1T": 191.0, "CONSTITUINTE EYMAEL (DC) (NÃO ELEITO) 1T": 0.0, "FELIPE D AVILA (NOVO) (NÃO ELEITO) 1T": 29.0, "JAIR BOLSONARO (PL) (2º TURNO) 1T": 1836.0, "LULA (PT) (2º TURNO) 1T": 2407.0, "LÉO PÉRICLES (UP) (NÃO ELEITO) 1T": 4.0, "PADRE KELMON (PTB) (NÃO ELEITO) 1T": 6.0, "SIMONE TEBET (MDB) (NÃO ELEITO) 1T": 321.0, "SOFIA MANZANO (PCB) (NÃO ELEITO) 1T": 1.0, "SORAYA THRONICKE (UNIÃO) (NÃO ELEITO) 1T": 30.0, "VERA (PSTU) (NÃO ELEITO) 1T": 2.0, "Total_Votos_Validos 1T": 4827.0, "Votos_Brancos 1T": 115.0, "Votos_Nulos 1T": 187.0, "Abstenções 1T": 1824.0, "Eleitores_Aptos 1T": 6953.0, "JAIR BOLSONARO (PL) (NÃO ELEITO) 2T": 2300.0, "LULA (PT) (ELEITO) 2T": 2547.0, "Total_Votos_Validos 2T": 4847.0, "Votos_Brancos 2T": 100.0, "Votos_Nulos 2T": 204.0, "Abstenções 2T": 1802.0, "Eleitores_Aptos 2T": 6953.0, "mun_code_y": "3510609", "mun_code": "3510609" }, "geometry": { "type": "Polygon", "coordinates": [ [ [ 5729747.484443740919232, 7379180.34431947953999 ], [ 5729745.695578150451183, 7379183.849005893804133 ], [ 5729737.276854086667299, 7379207.418276911601424 ], [ 5729728.071676013059914, 7379244.164217706769705 ], [ 5729724.275224717333913, 7379266.308770613744855 ], [ 5729720.087870007380843, 7379285.939062591642141 ], [ 5729711.454215764068067, 7379304.161313366144896 ], [ 5729696.925087987445295, 7379319.797607021406293 ], [ 5729675.809142314828932, 7379334.366898940876126 ], [ 5729637.578569723293185, 7379353.293814102187753 ], [ 5729586.795211577787995, 7379375.993708750233054 ], [ 5729575.071042688563466, 7379385.942640559747815 ], [ 5729568.374985244125128, 7379395.428955312818289 ], [ 5729552.276895335875452, 7379424.347608666867018 ], [ 5729536.205563869327307, 7379443.933633051812649 ], [ 5729519.891730703413486, 7379454.323233876377344 ], [ 5729506.945911060087383, 7379459.857066053897142 ], [ 5729492.545152995735407, 7379462.862673146650195 ], [ 5729464.779569951817393, 7379464.413332764059305 ], [ 5729403.561113838106394, 7379470.967735251411796 ], [ 5729380.589326940476894, 7379470.426586972549558 ], [ 5729370.154948220588267, 7379476.705798715353012 ], [ 5729348.525288488715887, 7379498.231487793847919 ], [ 5729342.265376184135675, 7379509.091132371686399 ], [ 5729335.999887243844569, 7379522.719160852953792 ], [ 5729330.121610280126333, 7379540.435417164117098 ], [ 5729326.140309384092689, 7379558.671081075444818 ], [ 5729325.566799229942262, 7379573.466624551452696 ], [ 5729325.706883155740798, 7379587.601569128222764 ], [ 5729322.184722171165049, 7379603.76059752702713 ], [ 5729317.184884591028094, 7379616.521916968747973 ], [ 5729309.594242678023875, 7379626.119551474228501 ], [ 5729297.894126758910716, 7379632.651454322040081 ], [ 5729274.896050690673292, 7379651.956922249868512 ], [ 5729247.060248146764934, 7379678.64674505777657 ], [ 5729218.396066147834063, 7379709.451756853610277 ], [ 5729230.762660485692322, 7379721.270098136737943 ], [ 5729238.29167930688709, 7379739.445948127657175 ], [ 5729259.049387477338314, 7379761.271476621739566 ], [ 5729264.628398517146707, 7379755.636031908914447 ], [ 5729332.579026007093489, 7379700.372347900643945 ], [ 5729380.360631495714188, 7379707.357291197404265 ], [ 5729372.658496654592454, 7379814.502989038825035 ], [ 5729372.235277261584997, 7379822.035919782705605 ], [ 5729371.464004699140787, 7379828.737892013043165 ], [ 5729371.203834027051926, 7379830.704154249280691 ], [ 5729369.998072763904929, 7379837.304985679686069 ], [ 5729352.417124697007239, 7379834.965978059917688 ], [ 5729319.796196004375815, 7379832.036537857726216 ], [ 5729238.369025375694036, 7379840.812762949615717 ], [ 5729239.382831217721105, 7379844.959084670990705 ], [ 5729242.555016473866999, 7379857.971947813406587 ], [ 5729250.927309055812657, 7379874.186008189804852 ], [ 5729262.199880972504616, 7379891.14858840033412 ], [ 5729276.705024776980281, 7379901.141553527675569 ], [ 5729286.001242228783667, 7379903.022603707388043 ], [ 5729304.066387005150318, 7379902.346256764605641 ], [ 5729317.464758038520813, 7379904.469482012093067 ], [ 5729330.863133408129215, 7379906.592696333304048 ], [ 5729345.986582634970546, 7379920.796281922608614 ], [ 5729359.210062431171536, 7379931.745958849787712 ], [ 5729362.760798251256347, 7379947.64203302655369 ], [ 5729365.866220991127193, 7379971.038648998364806 ], [ 5729373.507778394967318, 7380001.352880774065852 ], [ 5729376.947865289635956, 7380015.022121673449874 ], [ 5729404.575199003331363, 7380054.49825119972229 ], [ 5729439.444054493680596, 7380089.483882887288928 ], [ 5729463.659373223781586, 7380101.448758911341429 ], [ 5729491.931213776580989, 7380104.505396398715675 ], [ 5729495.643361415714025, 7380104.923245909623802 ], [ 5729534.809076980687678, 7380109.29008056037128 ], [ 5729577.16589592024684, 7380113.877369517460465 ], [ 5729641.396281781606376, 7380107.999014703556895 ], [ 5729654.118845239281654, 7380106.807138369418681 ], [ 5729784.56269199308008, 7380114.372227378189564 ], [ 5729801.839768557809293, 7380114.292715499177575 ], [ 5729836.74816298019141, 7380114.060171641409397 ], [ 5729871.656560431234539, 7380113.827546458691359 ], [ 5729991.644901718012989, 7380112.647539008408785 ], [ 5730047.823480915278196, 7380111.41021297685802 ], [ 5730077.136793944984674, 7380110.730459220707417 ], [ 5730084.90001480653882, 7380110.566739154979587 ], [ 5730096.646848071366549, 7380110.31606706418097 ], [ 5730104.61092278175056, 7379984.057382956147194 ], [ 5730051.022534689866006, 7379978.770196192897856 ], [ 5730013.270599867217243, 7379973.017191208899021 ], [ 5729971.581085186451674, 7379968.275170553475618 ], [ 5729975.432049164548516, 7379942.288125391118228 ], [ 5729979.41945100389421, 7379936.93259643856436 ], [ 5729999.654241362586617, 7379938.759161474183202 ], [ 5730269.589327488094568, 7379982.038431647233665 ], [ 5730422.245715031400323, 7380006.516823519952595 ], [ 5730478.193523241207004, 7380011.126990454271436 ], [ 5730500.993972981348634, 7380011.697611322626472 ], [ 5730563.041377070359886, 7380011.069643190130591 ], [ 5730719.272653161548078, 7379995.596550279296935 ], [ 5730718.474028006196022, 7379980.991774579510093 ], [ 5730699.995612485334277, 7379918.937356073409319 ], [ 5730678.503727655857801, 7379853.450281146913767 ], [ 5730653.066487973555923, 7379776.69663972966373 ], [ 5730623.065993351861835, 7379683.862944714725018 ], [ 5730609.767002869397402, 7379641.630715563893318 ], [ 5730599.795536904595792, 7379640.565510174259543 ], [ 5730589.217980002053082, 7379635.746606098487973 ], [ 5730581.522892424836755, 7379629.879768679849803 ], [ 5730575.52689987514168, 7379618.090420437045395 ], [ 5730570.34316232893616, 7379601.460876390337944 ], [ 5730567.564108193852007, 7379573.158663462847471 ], [ 5730553.227595571428537, 7379574.990097996778786 ], [ 5730553.266882540658116, 7379585.022801585495472 ], [ 5730549.879183695651591, 7379617.003584266640246 ], [ 5730542.961294570937753, 7379682.62421446479857 ], [ 5730542.841315364465117, 7379684.527743645012379 ], [ 5730542.202181242406368, 7379703.322987658903003 ], [ 5730542.078192433342338, 7379706.789399856701493 ], [ 5730535.764354699291289, 7379705.664461905136704 ], [ 5730488.726551715284586, 7379687.55087105371058 ], [ 5730447.26438971888274, 7379671.547729957848787 ], [ 5730425.251872101798654, 7379663.582137292250991 ], [ 5730388.536354197189212, 7379657.276291182264686 ], [ 5730356.707422187551856, 7379654.030601440928876 ], [ 5730388.772385319694877, 7379570.178683994337916 ], [ 5730389.958200322464108, 7379565.241749033331871 ], [ 5730386.884304920211434, 7379532.857866864651442 ], [ 5730370.716070940718055, 7379401.528684046119452 ], [ 5730363.998178076930344, 7379322.022062264382839 ], [ 5730321.661474556662142, 7379244.872570322826505 ], [ 5730304.632363127544522, 7379267.789197521284223 ], [ 5730286.947323254309595, 7379296.018116047605872 ], [ 5730268.242396468296647, 7379332.725142322480679 ], [ 5730253.79041357152164, 7379352.778437621891499 ], [ 5730226.73806038312614, 7379380.782342499122024 ], [ 5730179.60763905569911, 7379295.846265625208616 ], [ 5730128.58840648829937, 7379183.299735552631319 ], [ 5730105.160400796681643, 7379188.173786985687912 ], [ 5730085.200107368640602, 7379196.982469452545047 ], [ 5730051.724561097100377, 7379214.669036827050149 ], [ 5730016.65234368480742, 7379236.23016257584095 ], [ 5730003.057650603353977, 7379242.689846590161324 ], [ 5729992.69877228140831, 7379245.751233216375113 ], [ 5729979.26074290368706, 7379245.494776535779238 ], [ 5729959.686506672762334, 7379241.101797313429415 ], [ 5729894.766853982582688, 7379220.507634222507477 ], [ 5729817.335023283958435, 7379201.820557711645961 ], [ 5729747.484443740919232, 7379180.34431947953999 ] ] ] } },
{ "type": "Feature", "properties": { "lv_id": "LOC_051230", "id": 283928.0, "CD_SETOR": "351060930000017", "SITUACAO": "Urbana", "CD_SIT": "1", "CD_TIPO": "0", "AREA_KM2": 0.028044859770646999, "CD_REGIAO": "3", "NM_REGIAO": "Sudeste", "CD_UF": "35", "NM_UF": "São Paulo", "CD_MUN": "3510609", "NM_MUN": "Carapicuíba", "CD_DIST": "351060930", "NM_DIST": "Vila Dirce", "CD_SUBDIST": "35106093000", "NM_SUBDIST": null, "CD_BAIRRO": null, "NM_BAIRRO": null, "CD_NU": null, "NM_NU": null, "CD_FCU": "35106090042", "NM_FCU": "Tonato", "CD_AGLOM": null, "NM_AGLOM": null, "CD_RGINT": "3501", "NM_RGINT": "São Paulo", "CD_RGI": "350001", "NM_RGI": "São Paulo", "CD_CONCURB": "3550308", "NM_CONCURB": "São Paulo/SP", "mun_code_x": "3510609", "index_right": 82525, "dist_m": 135.57638217578048, "local_id": 556434, "ano": 2022, "cod_localidade_ibge": 3510609, "NR_ZONA": "388", "nr_cep": 6361400.0, "nm_localidade": "CARAPICUÍBA", "nm_locvot": "EE. PROFESSOR LUIZ PEREIRA SOBRINHO", "ds_endereco": "ESTRADA DO JACARANDÁ, 07", "ds_bairro": "JARDIM TONATO", "pred_long": -46.8470835, "pred_lat": -23.5613585, "pred_dist": 0.0, "tse_long": -46.8472671, "tse_lat": -23.5612755, "long": -46.8472671, "lat": -23.5612755, "ID_UNICO": "LOC_051230", "SG_UF": "SP", "CD_MUNICIPIO": "63134", "NR_LOCAL_VOTACAO": "1058", "QT_SECOES_AGREGADAS": 0, "QT_ELEITORES_TRANSFERIDOS": 14, "CIRO GOMES (PDT) (NÃO ELEITO) 1T": 191.0, "CONSTITUINTE EYMAEL (DC) (NÃO ELEITO) 1T": 2.0, "FELIPE D AVILA (NOVO) (NÃO ELEITO) 1T": 33.0, "JAIR BOLSONARO (PL) (2º TURNO) 1T": 1935.0, "LULA (PT) (2º TURNO) 1T": 2641.0, "LÉO PÉRICLES (UP) (NÃO ELEITO) 1T": 6.0, "PADRE KELMON (PTB) (NÃO ELEITO) 1T": 7.0, "SIMONE TEBET (MDB) (NÃO ELEITO) 1T": 289.0, "SOFIA MANZANO (PCB) (NÃO ELEITO) 1T": 4.0, "SORAYA THRONICKE (UNIÃO) (NÃO ELEITO) 1T": 25.0, "VERA (PSTU) (NÃO ELEITO) 1T": 2.0, "Total_Votos_Validos 1T": 5135.0, "Votos_Brancos 1T": 158.0, "Votos_Nulos 1T": 208.0, "Abstenções 1T": 1637.0, "Eleitores_Aptos 1T": 7138.0, "JAIR BOLSONARO (PL) (NÃO ELEITO) 2T": 2393.0, "LULA (PT) (ELEITO) 2T": 2753.0, "Total_Votos_Validos 2T": 5146.0, "Votos_Brancos 2T": 142.0, "Votos_Nulos 2T": 235.0, "Abstenções 2T": 1615.0, "Eleitores_Aptos 2T": 7138.0, "mun_code_y": "3510609", "mun_code": "3510609" }, "geometry": { "type": "Polygon", "coordinates": [ [ [ 5729197.858206996694207, 7374317.854778018780053 ], [ 5729192.746766462922096, 7374308.399087101221085 ], [ 5729183.069561286829412, 7374291.413792639970779 ], [ 5729158.941456854343414, 7374243.684514962136745 ], [ 5729156.401924947276711, 7374238.665654545649886 ], [ 5729154.197441927157342, 7374219.644301159307361 ], [ 5729148.443798477761447, 7374188.466260915622115 ], [ 5729094.515535551123321, 7374109.229904582723975 ], [ 5729070.204417194239795, 7374074.03333599306643 ], [ 5729039.438432699069381, 7374029.492764282971621 ], [ 5729015.743596357293427, 7374015.49517435580492 ], [ 5728936.268872623331845, 7373928.157611416652799 ], [ 5728843.931787497363985, 7373851.395653535611928 ], [ 5728787.985267611220479, 7373828.068503422662616 ], [ 5728744.676878384314477, 7373777.322514158673584 ], [ 5728719.610291844233871, 7373733.702878725714982 ], [ 5728677.027088510803878, 7373683.143899159505963 ], [ 5728609.86566421110183, 7373598.763177987188101 ], [ 5728535.480355964042246, 7373506.817913762293756 ], [ 5728452.223523143678904, 7373427.592899258248508 ], [ 5728413.273228716105223, 7373365.38945665769279 ], [ 5728404.868736170232296, 7373365.328687598928809 ], [ 5728397.738565048202872, 7373364.791374946013093 ], [ 5728390.643413783982396, 7373364.341605813242495 ], [ 5728384.578669755719602, 7373362.210839023813605 ], [ 5728375.176696934737265, 7373351.964555192738771 ], [ 5728360.972913061268628, 7373335.595604443922639 ], [ 5728347.249001890420914, 7373320.653732741251588 ], [ 5728339.747728926129639, 7373316.150195794180036 ], [ 5728323.540892266668379, 7373314.982848008163273 ], [ 5728316.697099315002561, 7373316.708200528286397 ], [ 5728307.166581000201404, 7373320.308754597790539 ], [ 5728299.831415114924312, 7373320.786174880340695 ], [ 5728298.705377283506095, 7373320.340055727399886 ], [ 5728294.325233828276396, 7373318.582879241555929 ], [ 5728283.024500724859536, 7373317.829360337927938 ], [ 5728267.928286911919713, 7373319.263038875535131 ], [ 5728258.286168905906379, 7373321.853413734585047 ], [ 5728234.525184869766235, 7373333.195364560931921 ], [ 5728220.660457259975374, 7373338.01652479544282 ], [ 5728211.223017700016499, 7373339.38003949355334 ], [ 5728201.785576653666794, 7373340.743547786027193 ], [ 5728187.883244547992945, 7373338.646341655403376 ], [ 5728185.442670797929168, 7373337.663032025098801 ], [ 5728181.864759131334722, 7373336.211835131049156 ], [ 5728171.924161364324391, 7373332.187027649953961 ], [ 5728154.053410174325109, 7373328.390187487006187 ], [ 5728139.870682432316244, 7373328.874093571677804 ], [ 5728124.958694140426815, 7373333.189291657879949 ], [ 5728115.450279177166522, 7373337.23506826069206 ], [ 5728104.800459037534893, 7373338.882190631702542 ], [ 5728093.904673043638468, 7373337.639551490545273 ], [ 5728081.969447633251548, 7373333.993174517527223 ], [ 5728072.180066189728677, 7373334.034753277897835 ], [ 5728061.074853394180536, 7373337.211361909285188 ], [ 5728053.170505858957767, 7373342.683939725160599 ], [ 5728045.815199794247746, 7373350.975345706567168 ], [ 5728035.869740637950599, 7373370.892300089821219 ], [ 5728029.05388000048697, 7373387.974449055269361 ], [ 5728015.758913063444197, 7373424.800713351927698 ], [ 5727998.149488146416843, 7373465.302090184763074 ], [ 5727984.085557288490236, 7373490.78180231153965 ], [ 5727973.378608009777963, 7373507.722986472770572 ], [ 5727963.633864498697221, 7373515.240481801331043 ], [ 5727951.295919626951218, 7373521.994292614981532 ], [ 5727945.563110595569015, 7373522.838102899491787 ], [ 5727939.728345316834748, 7373523.686992384493351 ], [ 5727929.784283731132746, 7373522.675800474360585 ], [ 5727912.289274882525206, 7373516.571776471100748 ], [ 5727894.893047175370157, 7373503.821692118421197 ], [ 5727877.718319468200207, 7373495.525175584480166 ], [ 5727863.89571959618479, 7373492.977204035967588 ], [ 5727853.146102433092892, 7373492.620000155642629 ], [ 5727834.678791574202478, 7373495.326166675426066 ], [ 5727819.212475398555398, 7373498.775681486353278 ], [ 5727804.315455326810479, 7373509.563416691496968 ], [ 5727793.72269347216934, 7373520.58310545515269 ], [ 5727782.72946766205132, 7373539.993877694010735 ], [ 5727777.900156707502902, 7373557.981337979435921 ], [ 5727777.944883092306554, 7373573.270390894263983 ], [ 5727778.73001348413527, 7373585.977723626419902 ], [ 5727779.518462755717337, 7373598.751860114745796 ], [ 5727783.775200597010553, 7373620.639561504125595 ], [ 5727791.620248826220632, 7373644.803999720141292 ], [ 5727799.099944111891091, 7373661.620041032321751 ], [ 5727816.219378675334156, 7373693.470265214331448 ], [ 5727822.607570504769683, 7373708.889699162915349 ], [ 5727824.673907429911196, 7373719.6134162992239 ], [ 5727823.628907492384315, 7373741.765309365466237 ], [ 5727825.252300465479493, 7373768.248849822208285 ], [ 5727836.37194334063679, 7373821.270108265802264 ], [ 5727833.882880305871367, 7373843.159108051098883 ], [ 5727828.573602667078376, 7373859.719478046521544 ], [ 5727821.367271948605776, 7373871.016832891851664 ], [ 5727806.031947906129062, 7373883.277279991656542 ], [ 5727789.359181042760611, 7373891.251347996294498 ], [ 5727772.661047185771167, 7373896.65950827114284 ], [ 5727752.290945632383227, 7373908.389412616379559 ], [ 5727740.170708247460425, 7373917.475980557501316 ], [ 5727729.873169844038785, 7373932.387324918061495 ], [ 5727718.024087516590953, 7373946.929488690569997 ], [ 5727709.964677600190043, 7373951.349119648337364 ], [ 5727701.789040111005306, 7373953.43062140699476 ], [ 5727690.551445630379021, 7373953.543966533616185 ], [ 5727653.998076188378036, 7373956.369359040632844 ], [ 5727634.656773233786225, 7373960.011537970975041 ], [ 5727615.271191850304604, 7373962.762976806610823 ], [ 5727601.93036728259176, 7373959.632573898881674 ], [ 5727592.384155683219433, 7373956.759616875089705 ], [ 5727592.225130670703948, 7373956.644761512987316 ], [ 5727573.006361085921526, 7373943.214878482744098 ], [ 5727544.053119469434023, 7373917.981053302995861 ], [ 5727525.642834195867181, 7373905.392625208944082 ], [ 5727514.109664609655738, 7373901.614063484594226 ], [ 5727508.468757696449757, 7373901.225316151976585 ], [ 5727502.827851178124547, 7373900.836566781625152 ], [ 5727491.695428788661957, 7373903.06521166022867 ], [ 5727487.752651110291481, 7373905.996125161647797 ], [ 5727483.809871708974242, 7373908.927037205547094 ], [ 5727472.784153955057263, 7373921.530489103868604 ], [ 5727463.32652089651674, 7373934.837136613205075 ], [ 5727451.743545960634947, 7373944.454725200310349 ], [ 5727437.517535528168082, 7373952.306474693119526 ], [ 5727415.284179300069809, 7373963.57052812539041 ], [ 5727414.386228427290916, 7373964.217959485948086 ], [ 5727403.736719171516597, 7373971.846923282369971 ], [ 5727394.019739544019103, 7373984.050268497318029 ], [ 5727390.789392746984959, 7373995.149310098960996 ], [ 5727388.386536958627403, 7374010.560098052024841 ], [ 5727388.597464664839208, 7374014.188217005692422 ], [ 5727389.635981442406774, 7374031.592961066402495 ], [ 5727388.364962531253695, 7374043.040892889723182 ], [ 5727386.514615265652537, 7374051.057631175033748 ], [ 5727377.687522856518626, 7374062.658562963828444 ], [ 5727368.860413536429405, 7374074.259485786780715 ], [ 5727363.750104171223938, 7374082.494337990880013 ], [ 5727358.639787531457841, 7374090.729186890646815 ], [ 5727352.138724613003433, 7374103.888487514108419 ], [ 5727349.007852330803871, 7374116.991599287837744 ], [ 5727345.025706356391311, 7374131.476459812372923 ], [ 5727339.327554781921208, 7374150.511312073096633 ], [ 5727336.14686602819711, 7374162.612367354333401 ], [ 5727329.645728686824441, 7374175.771643720567226 ], [ 5727314.157639972865582, 7374201.432633020915091 ], [ 5727297.069602566771209, 7374233.981685290113091 ], [ 5727277.010419971309602, 7374264.334706660360098 ], [ 5727265.009375527501106, 7374276.450663815252483 ], [ 5727248.804611693136394, 7374291.186715574935079 ], [ 5727234.242148684337735, 7374300.505854955874383 ], [ 5727214.029983952641487, 7374307.204234717413783 ], [ 5727196.503719309344888, 7374308.299825715832412 ], [ 5727182.143105373717844, 7374305.219741964712739 ], [ 5727165.555270656943321, 7374298.4556386731565 ], [ 5727153.614092607051134, 7374294.697044029831886 ], [ 5727142.00627413392067, 7374292.093792116269469 ], [ 5727133.251290485262871, 7374290.129841140471399 ], [ 5727118.237144309096038, 7374284.180282374843955 ], [ 5727108.348047844134271, 7374274.404015983454883 ], [ 5727102.50609759055078, 7374266.881821988150477 ], [ 5727096.664152004756033, 7374259.359627228230238 ], [ 5727091.445597529411316, 7374246.895417144522071 ], [ 5727075.999563679099083, 7374212.28269206918776 ], [ 5727067.992337262257934, 7374198.617909802123904 ], [ 5727052.775517718866467, 7374182.409982193261385 ], [ 5727034.676196132786572, 7374165.787433854304254 ], [ 5727023.916884999722242, 7374159.068017026409507 ], [ 5727014.98178194463253, 7374157.179957857355475 ], [ 5727004.789522452279925, 7374158.792142945341766 ], [ 5726995.302337732166052, 7374163.282337866723537 ], [ 5726990.728904182091355, 7374169.983492193743587 ], [ 5726988.49012805800885, 7374180.474926089867949 ], [ 5726988.2199074793607, 7374188.41290850751102 ], [ 5726987.949685055762529, 7374196.350890791043639 ], [ 5727003.044811526313424, 7374210.109431073069572 ], [ 5727015.962535477243364, 7374221.185989409685135 ], [ 5727023.980636139400303, 7374232.394754873588681 ], [ 5727027.289520780555904, 7374245.512068506330252 ], [ 5727026.671691491268575, 7374259.829310156404972 ], [ 5727024.554531686939299, 7374272.770190323702991 ], [ 5727018.251336445100605, 7374292.392943607643247 ], [ 5727015.892430834472179, 7374297.789633126929402 ], [ 5727005.13970906753093, 7374322.288057710975409 ], [ 5726995.506856728345156, 7374348.550032267346978 ], [ 5726992.398393393494189, 7374370.759464934468269 ], [ 5726991.889688382856548, 7374393.040436940267682 ], [ 5726994.673358357511461, 7374414.108421806246042 ], [ 5726996.813323398120701, 7374424.27034970279783 ], [ 5726996.531757111661136, 7374428.481013835407794 ], [ 5726996.28815009817481, 7374432.221013932488859 ], [ 5726989.645230749621987, 7374449.739969978109002 ], [ 5726954.214154526591301, 7374533.87328215688467 ], [ 5726949.214032925665379, 7374545.160577150061727 ], [ 5726925.053441147319973, 7374599.166680216789246 ], [ 5726912.375854210928082, 7374632.053504155948758 ], [ 5726909.785375379025936, 7374651.937854506075382 ], [ 5726910.258757166564465, 7374667.651720438152552 ], [ 5726912.209367894567549, 7374684.296614549122751 ], [ 5726916.890335257165134, 7374696.22955475281924 ], [ 5726924.96375248581171, 7374708.551795540377498 ], [ 5726933.117036602459848, 7374720.423611035570502 ], [ 5726949.373327265493572, 7374739.035545740276575 ], [ 5726981.047042278572917, 7374767.595316611230373 ], [ 5726998.810785922221839, 7374785.685783939436078 ], [ 5727009.748460204340518, 7374804.227460840716958 ], [ 5727020.543600228615105, 7374828.133657427504659 ], [ 5727029.550660751760006, 7374855.142369097098708 ], [ 5727035.457038348540664, 7374879.403405301272869 ], [ 5727326.078059231862426, 7374800.931292816996574 ], [ 5727517.019409007392824, 7374674.811837712302804 ], [ 5727520.72170955594629, 7374623.005884524434805 ], [ 5727520.16363038867712, 7374568.978850095532835 ], [ 5727522.827145684510469, 7374526.510909606702626 ], [ 5727525.70664681866765, 7374514.313183560967445 ], [ 5727532.025830668397248, 7374510.862173929810524 ], [ 5727540.626772590912879, 7374514.865001522004604 ], [ 5727548.537553082220256, 7374516.703387055546045 ], [ 5727553.052361617796123, 7374516.846906333230436 ], [ 5727560.176243017427623, 7374514.985385198146105 ], [ 5727565.133698579855263, 7374512.517404021695256 ], [ 5727573.81936857290566, 7374506.705084023997188 ], [ 5727600.227599144913256, 7374487.286174735054374 ], [ 5727605.332211065106094, 7374484.900138774886727 ], [ 5727612.9832708472386, 7374483.157432147301733 ], [ 5727614.482099973596632, 7374488.842105092480779 ], [ 5727616.091510895639658, 7374493.460932837799191 ], [ 5727618.176826681941748, 7374497.989092586562037 ], [ 5727620.686673280782998, 7374501.804100905545056 ], [ 5727641.834847527556121, 7374522.783666314557195 ], [ 5727663.819954699836671, 7374546.411453934386373 ], [ 5727683.621849292889237, 7374564.980195589363575 ], [ 5727692.370116260834038, 7374573.797378592193127 ], [ 5727697.14696784876287, 7374579.419256164692342 ], [ 5727700.13851888012141, 7374584.49384112469852 ], [ 5727705.179925316013396, 7374587.211720084771514 ], [ 5727709.752777861431241, 7374590.990950645878911 ], [ 5727751.710196067579091, 7374630.645260823890567 ], [ 5727761.82136951200664, 7374641.381293138489127 ], [ 5727780.11829936876893, 7374662.982732199132442 ], [ 5727825.150956897065043, 7374720.699363151565194 ], [ 5727826.667706503532827, 7374723.246770294383168 ], [ 5727828.117752150632441, 7374727.125718637369573 ], [ 5727828.930013231933117, 7374731.95167691167444 ], [ 5727828.932160479947925, 7374734.462908081710339 ], [ 5727852.838783097453415, 7374766.09814964607358 ], [ 5727854.632022890262306, 7374767.627249356359243 ], [ 5727861.063710576854646, 7374771.168776033446193 ], [ 5727864.495114730671048, 7374774.603028306737542 ], [ 5727911.841251241974533, 7374843.276592619717121 ], [ 5727924.45489208586514, 7374863.43104400485754 ], [ 5727945.258254774846137, 7374899.462214333936572 ], [ 5727946.454513004049659, 7374901.936292719095945 ], [ 5727947.5956098921597, 7374905.562756054103374 ], [ 5727948.194795600138605, 7374910.008681545034051 ], [ 5727948.115850471891463, 7374912.122142484411597 ], [ 5727955.058307996951044, 7374924.087488777935505 ], [ 5727958.63301957398653, 7374931.432294461876154 ], [ 5727959.598938669078052, 7374932.768209375441074 ], [ 5727964.143240759149194, 7374936.381412758491933 ], [ 5727966.990322180092335, 7374939.16391309723258 ], [ 5727971.384238799102604, 7374945.920996790751815 ], [ 5727973.583404878154397, 7374948.624155947938561 ], [ 5727976.427404370158911, 7374951.138932468369603 ], [ 5727979.817274011671543, 7374953.32515580393374 ], [ 5727981.097936296835542, 7374961.610188668593764 ], [ 5727983.461718806996942, 7374968.859053207561374 ], [ 5727997.753355233930051, 7374996.240722300484776 ], [ 5727994.340165170840919, 7375002.83978926949203 ], [ 5727983.820128297433257, 7375023.164380326867104 ], [ 5727969.953845832496881, 7375071.17996141128242 ], [ 5727932.166336920112371, 7375134.997373887337744 ], [ 5727934.673782082274556, 7375137.115952585823834 ], [ 5727939.02343475446105, 7375140.102667865343392 ], [ 5727946.363651094026864, 7375143.822192031890154 ], [ 5727962.271723131649196, 7375149.224497253075242 ], [ 5727992.198344070464373, 7375159.442331197671592 ], [ 5728059.117941634729505, 7375161.220922436565161 ], [ 5728064.154013599269092, 7375160.947730783373117 ], [ 5728071.920106286183, 7375159.455871233716607 ], [ 5728075.016973587684333, 7375158.419837785884738 ], [ 5728085.514305343851447, 7375152.237998974509537 ], [ 5728088.886463295668364, 7375149.748407498002052 ], [ 5728093.242128894664347, 7375144.218522997573018 ], [ 5728095.209567368030548, 7375140.202805299311876 ], [ 5728096.258924225345254, 7375131.701231474988163 ], [ 5728096.027942326851189, 7375124.792573540471494 ], [ 5728095.31918069999665, 7375121.021791554987431 ], [ 5728093.091053512878716, 7375113.007178426720202 ], [ 5728084.512290889397264, 7375087.662519736215472 ], [ 5728081.873599187470973, 7375078.585690358653665 ], [ 5728081.097256468608975, 7375069.137044867500663 ], [ 5728081.879678912460804, 7375061.229170594364405 ], [ 5728083.123777803964913, 7375057.673625582829118 ], [ 5728084.747216350398958, 7375054.757714017294347 ], [ 5728088.10857461951673, 7375050.817650970071554 ], [ 5728091.036712573841214, 7375048.238555917516351 ], [ 5728098.201475244015455, 7375043.082144604995847 ], [ 5728117.709703014232218, 7375033.515841114334762 ], [ 5728126.672366550192237, 7375032.243355112150311 ], [ 5728131.227811648510396, 7375032.17265738081187 ], [ 5728138.928186505101621, 7375033.0614278241992 ], [ 5728143.351103313267231, 7375034.437171829864383 ], [ 5728146.180025517940521, 7375035.825362581759691 ], [ 5728154.214471247978508, 7375042.20013680960983 ], [ 5728207.270095177926123, 7375088.745744766667485 ], [ 5728209.598609543405473, 7375090.348608639091253 ], [ 5728216.980518348515034, 7375096.755879521369934 ], [ 5728232.328254365362227, 7375113.090706538408995 ], [ 5728248.942321940325201, 7375126.728293859399855 ], [ 5728255.441472182050347, 7375128.949298033490777 ], [ 5728260.107397778891027, 7375129.86644734069705 ], [ 5728266.581567515619099, 7375128.706728654913604 ], [ 5728273.390297645702958, 7375126.257913745008409 ], [ 5728340.43977127596736, 7375098.785315994173288 ], [ 5728344.723851737566292, 7375097.779345698654652 ], [ 5728348.015716404654086, 7375097.581811069510877 ], [ 5728352.376985771581531, 7375097.922547332942486 ], [ 5728355.914170189760625, 7375099.163795754313469 ], [ 5728359.860468048602343, 7375102.259807081893086 ], [ 5728362.115594988688827, 7375104.647623845376074 ], [ 5728364.012131743133068, 7375108.046695334836841 ], [ 5728366.979921513237059, 7375115.310108738020062 ], [ 5728373.94154442474246, 7375141.014393686316907 ], [ 5728382.123088848777115, 7375177.272589007392526 ], [ 5728383.026813531294465, 7375180.029118613339961 ], [ 5728385.48297876957804, 7375185.431717390194535 ], [ 5728388.003832507878542, 7375189.257303524762392 ], [ 5728391.547037382610142, 7375192.674767848104239 ], [ 5728397.086129267700016, 7375196.349936476908624 ], [ 5728432.261385563760996, 7375214.464599977247417 ], [ 5728462.96005177590996, 7375229.096656404435635 ], [ 5728476.909774797968566, 7375236.839598394930363 ], [ 5728479.799496164545417, 7375241.093260020017624 ], [ 5728481.720430674031377, 7375244.982225970365107 ], [ 5728483.790034969337285, 7375250.627322003245354 ], [ 5728484.938607072457671, 7375256.251353401690722 ], [ 5728488.187595468945801, 7375297.53260946366936 ], [ 5728495.38208276219666, 7375408.90210023522377 ], [ 5728495.933737316168845, 7375413.417395703494549 ], [ 5728497.252236402593553, 7375418.553010010160506 ], [ 5728503.120715836063027, 7375419.599931446835399 ], [ 5728508.037375839427114, 7375419.80135684274137 ], [ 5728516.367042189463973, 7375418.950908232480288 ], [ 5728524.870651438832283, 7375417.076075172051787 ], [ 5728537.799930898472667, 7375412.313021904788911 ], [ 5728542.552090318873525, 7375410.234495068900287 ], [ 5728551.642384234815836, 7375404.535439535975456 ], [ 5728554.838979976251721, 7375402.009842231869698 ], [ 5728574.71346378326416, 7375383.975375412032008 ], [ 5728581.49464983958751, 7375376.449258705601096 ], [ 5728600.793106651864946, 7375350.328913563862443 ], [ 5728617.346379766240716, 7375325.740573344752192 ], [ 5728619.794308423064649, 7375321.522213120013475 ], [ 5728626.400524591095746, 7375307.397068133577704 ], [ 5728629.565024647861719, 7375302.171917682513595 ], [ 5728631.527588276192546, 7375276.893336854875088 ], [ 5728632.501524625346065, 7375272.223850449547172 ], [ 5728634.819154091179371, 7375266.00287620536983 ], [ 5728629.941214554011822, 7375244.179404531605542 ], [ 5728627.451855216175318, 7375237.494876960292459 ], [ 5728578.769882623106241, 7375148.418276125565171 ], [ 5728576.206499102525413, 7375142.094614466652274 ], [ 5728575.033842781558633, 7375136.192739381454885 ], [ 5728578.41686590295285, 7375134.53959474619478 ], [ 5728583.565676791593432, 7375133.244891235604882 ], [ 5728595.207635985687375, 7375133.021706513129175 ], [ 5728643.113193200901151, 7375137.85510022379458 ], [ 5728676.683983093127608, 7375143.849503550678492 ], [ 5728680.267080913297832, 7375145.601836409419775 ], [ 5728718.650165751576424, 7375167.987168991006911 ], [ 5728744.423467718996108, 7375183.879995928145945 ], [ 5728748.124511684291065, 7375185.53714357316494 ], [ 5728752.122267330996692, 7375186.788836553692818 ], [ 5728760.016387788578868, 7375188.281559616327286 ], [ 5728763.674001761712134, 7375194.818538147956133 ], [ 5728765.899990528821945, 7375200.522800344973803 ], [ 5728767.400328659452498, 7375207.256636843085289 ], [ 5728772.773790382780135, 7375240.473851393908262 ], [ 5728774.527079554274678, 7375245.922641197219491 ], [ 5728777.681636647321284, 7375252.004750927910209 ], [ 5728776.884968895465136, 7375262.290926869027317 ], [ 5728777.000947440974414, 7375265.443909164518118 ], [ 5728777.679164101369679, 7375269.830131730996072 ], [ 5728781.433255259878933, 7375285.2916748104617 ], [ 5728793.295811584219337, 7375321.75709930434823 ], [ 5728802.486427206546068, 7375340.061697907745838 ], [ 5728821.159557674080133, 7375370.003956941887736 ], [ 5728836.518918488174677, 7375391.896415220573545 ], [ 5728842.212863667868078, 7375398.063981810584664 ], [ 5728852.738069510087371, 7375407.852607365697622 ], [ 5728867.547130268067122, 7375415.396188092418015 ], [ 5728883.099939596839249, 7375421.451646864414215 ], [ 5728897.552378766238689, 7375427.785198351368308 ], [ 5728919.8823062479496, 7375438.97193874605 ], [ 5728929.525171350687742, 7375444.585394065827131 ], [ 5728936.418078867718577, 7375451.016845054924488 ], [ 5728938.763641188852489, 7375455.219474490731955 ], [ 5729026.745771091431379, 7375647.892757464200258 ], [ 5729097.726947221904993, 7375657.077245151624084 ], [ 5729099.506554364226758, 7375657.301019269041717 ], [ 5729104.21536585688591, 7375659.075292719528079 ], [ 5729111.221380944363773, 7375663.257556233555079 ], [ 5729115.089742063544691, 7375661.289899457246065 ], [ 5729122.902266246266663, 7375658.466979899443686 ], [ 5729126.57566392980516, 7375656.0737334638834 ], [ 5729137.738764149136841, 7375659.981677715666592 ], [ 5729139.31751330383122, 7375644.667091839946806 ], [ 5729138.7761952271685, 7375642.417085830122232 ], [ 5729152.461803460493684, 7375630.46107342094183 ], [ 5729161.086577299050987, 7375641.494048718363047 ], [ 5729177.233469167724252, 7375652.084856802597642 ], [ 5729184.241273274645209, 7375657.740360271185637 ], [ 5729197.973271040245891, 7375664.790538009256124 ], [ 5729209.865936802700162, 7375665.693005207926035 ], [ 5729214.339785712771118, 7375670.961453270167112 ], [ 5729232.343610643409193, 7375673.880727602168918 ], [ 5729236.586812876164913, 7375668.969942515715957 ], [ 5729246.635921715758741, 7375670.622891259379685 ], [ 5729265.047844792716205, 7375667.159533895552158 ], [ 5729275.668422152288258, 7375664.274580171331763 ], [ 5729289.041403334587812, 7375655.280733354389668 ], [ 5729301.014759592711926, 7375655.95586593542248 ], [ 5729332.989976432174444, 7375638.287624192424119 ], [ 5729340.905293047428131, 7375633.628904646262527 ], [ 5729337.005365518853068, 7375633.935092373751104 ], [ 5729327.655998732894659, 7375634.222943365573883 ], [ 5729321.258706711232662, 7375567.113459039479494 ], [ 5729332.275570249184966, 7375566.441035288386047 ], [ 5729337.444633132778108, 7375585.057811769656837 ], [ 5729342.695095390081406, 7375596.06931590847671 ], [ 5729384.512225572019815, 7375578.155431025661528 ], [ 5729388.920301569625735, 7375584.5656299283728 ], [ 5729392.490741070359945, 7375587.702552637085319 ], [ 5729393.238373145461082, 7375590.399903136305511 ], [ 5729395.541598785668612, 7375592.517353758215904 ], [ 5729401.168588990345597, 7375592.817009234800935 ], [ 5729408.714268355630338, 7375592.027522604912519 ], [ 5729410.368578563444316, 7375588.708040685392916 ], [ 5729410.28469748981297, 7375582.506234135478735 ], [ 5729410.526172356680036, 7375579.75953065790236 ], [ 5729414.610271973535419, 7375577.814498143270612 ], [ 5729420.637650456279516, 7375574.042411932721734 ], [ 5729423.702435716055334, 7375568.665736891329288 ], [ 5729425.002198019064963, 7375560.073220798745751 ], [ 5729439.934366568922997, 7375558.993273613043129 ], [ 5729453.642901986837387, 7375552.226008621044457 ], [ 5729465.827875232324004, 7375546.271437806077302 ], [ 5729480.993839861825109, 7375536.953476907685399 ], [ 5729495.639911584556103, 7375525.40673965588212 ], [ 5729508.393175840377808, 7375537.639951158314943 ], [ 5729525.719553546980023, 7375553.026988949626684 ], [ 5729538.939028847962618, 7375564.768123777583241 ], [ 5729514.636002133600414, 7375590.749171242117882 ], [ 5729516.679689581505954, 7375594.018072446808219 ], [ 5729525.516263836063445, 7375607.451315515674651 ], [ 5729518.192010508850217, 7375612.48248693626374 ], [ 5729524.813483040779829, 7375630.290112271904945 ], [ 5729534.343318582512438, 7375626.030661806464195 ], [ 5729546.642649856396019, 7375617.034295108169317 ], [ 5729556.989076036959887, 7375606.182044062763453 ], [ 5729567.934598324820399, 7375592.375465947203338 ], [ 5729571.977065080776811, 7375583.846945561468601 ], [ 5729574.580115735530853, 7375567.967600110918283 ], [ 5729591.645657323300838, 7375553.688121107406914 ], [ 5729615.351340762339532, 7375537.268967406824231 ], [ 5729630.476513573899865, 7375531.033546190708876 ], [ 5729645.664936796762049, 7375517.03741889167577 ], [ 5729656.379258996807039, 7375512.138314332813025 ], [ 5729666.380534424446523, 7375509.752737736329436 ], [ 5729671.883698394522071, 7375503.46177006047219 ], [ 5729675.88058917876333, 7375494.020191080868244 ], [ 5729680.328177912160754, 7375492.190866734832525 ], [ 5729687.890700972639024, 7375489.893518621101975 ], [ 5729697.392749027349055, 7375484.463305229321122 ], [ 5729706.509544590488076, 7375500.851561175659299 ], [ 5729749.593168645165861, 7375482.929023222997785 ], [ 5729833.499817863106728, 7375451.984824487939477 ], [ 5729811.421461153775454, 7375384.307163617573678 ], [ 5729834.326120511628687, 7375377.057975185103714 ], [ 5729901.834651571698487, 7375355.738696359097958 ], [ 5729972.305984088219702, 7375332.953976107761264 ], [ 5730044.960607938468456, 7375310.908124977722764 ], [ 5730090.948561656288803, 7375296.310630710795522 ], [ 5730099.72004471719265, 7375312.325332567095757 ], [ 5730112.358296656981111, 7375345.213634552434087 ], [ 5730121.638409308157861, 7375370.612524207681417 ], [ 5730126.920246102847159, 7375368.294887268915772 ], [ 5730162.408833494409919, 7375354.902528241276741 ], [ 5730176.09072314761579, 7375371.810463020578027 ], [ 5730179.739061378873885, 7375374.251298770308495 ], [ 5730308.354457098990679, 7375318.456174902617931 ], [ 5730337.518781336955726, 7375304.519809680059552 ], [ 5730321.003868172876537, 7375218.693741880357265 ], [ 5730272.575192233547568, 7375254.655449474230409 ], [ 5730254.030290496535599, 7375216.068262737244368 ], [ 5730251.545403611846268, 7375205.387531958520412 ], [ 5730238.829132607206702, 7375170.940486188977957 ], [ 5730231.515896443277597, 7375146.860948177054524 ], [ 5730225.81019339337945, 7375126.730602344498038 ], [ 5730225.235723696649075, 7375101.879070235416293 ], [ 5730237.46539881080389, 7375109.137304808944464 ], [ 5730246.479737780056894, 7375117.103121920488775 ], [ 5730254.409724805504084, 7375126.897882943041623 ], [ 5730266.105488465167582, 7375136.158467007800937 ], [ 5730278.038188025355339, 7375143.610114383511245 ], [ 5730289.3143090615049, 7375148.348691437393427 ], [ 5730301.722097397781909, 7375150.976895345374942 ], [ 5730312.288141155615449, 7375152.134424719959497 ], [ 5730320.932705975137651, 7375153.912575842812657 ], [ 5730335.932504032738507, 7375150.506496069952846 ], [ 5730352.068367782980204, 7375147.333845131099224 ], [ 5730370.69279545173049, 7375141.793238837271929 ], [ 5730381.214421397075057, 7375135.909655807539821 ], [ 5730389.747087742201984, 7375128.473464826121926 ], [ 5730328.497681502252817, 7375094.263903319835663 ], [ 5730307.221328537911177, 7375085.158386706374586 ], [ 5730299.970792012289166, 7375081.200952076353133 ], [ 5730293.959517473354936, 7375076.266302764415741 ], [ 5730288.016261557117105, 7375069.620455872267485 ], [ 5730284.736174632795155, 7375061.033282771706581 ], [ 5730283.115703865885735, 7375040.832760007120669 ], [ 5730283.334350587800145, 7375002.368480458855629 ], [ 5730221.288517626933753, 7375003.83897751942277 ], [ 5730221.176309896633029, 7374996.667377597652376 ], [ 5730220.374775629490614, 7374957.21604650747031 ], [ 5730217.843238219618797, 7374932.272539399564266 ], [ 5730214.371011387556791, 7374913.269604195840657 ], [ 5730208.046911588869989, 7374888.526757473126054 ], [ 5730199.593500264920294, 7374868.846259659156203 ], [ 5730188.228171208873391, 7374839.555617172271013 ], [ 5730174.709074256941676, 7374807.660210788249969 ], [ 5730175.893764495849609, 7374801.283294148743153 ], [ 5730151.875881236977875, 7374748.659909565001726 ], [ 5730127.582674844190478, 7374760.633894700556993 ], [ 5730104.962693851441145, 7374773.160468985326588 ], [ 5730084.979525249451399, 7374785.064135099761188 ], [ 5730055.344050948508084, 7374722.47461517341435 ], [ 5730048.184129950590432, 7374726.482294329442084 ], [ 5730035.695809194818139, 7374733.714096371084452 ], [ 5730027.747977289371192, 7374737.705313574522734 ], [ 5730020.432525539770722, 7374741.464017929509282 ], [ 5730004.473247062414885, 7374751.246687915176153 ], [ 5729981.207764998078346, 7374764.564310247078538 ], [ 5729964.011251909658313, 7374771.674031591974199 ], [ 5729972.374075254425406, 7374744.835820373147726 ], [ 5729981.893875863403082, 7374714.345630273222923 ], [ 5729998.72672002017498, 7374661.389300666749477 ], [ 5730001.266758394427598, 7374650.212012076750398 ], [ 5730007.989919987507164, 7374631.291382073424757 ], [ 5730014.620614343322814, 7374608.055659372359514 ], [ 5730019.316934233531356, 7374594.203369867056608 ], [ 5730022.630018146708608, 7374586.436512935906649 ], [ 5730011.539061292074621, 7374581.097053835168481 ], [ 5730001.18427954800427, 7374577.607192859984934 ], [ 5729992.80392496380955, 7374575.38045571744442 ], [ 5729979.390831964090466, 7374573.695345334708691 ], [ 5729965.826129353605211, 7374573.480021329596639 ], [ 5729959.860671294853091, 7374574.380775896832347 ], [ 5729943.400462177582085, 7374579.031605398282409 ], [ 5729933.578456348739564, 7374582.948984289541841 ], [ 5729922.53684763610363, 7374588.032315257005394 ], [ 5729869.40346859768033, 7374614.059553753584623 ], [ 5729849.445716219954193, 7374525.358679866418242 ], [ 5729841.482638360932469, 7374497.047798132523894 ], [ 5729836.663026592694223, 7374479.920483531430364 ], [ 5729829.771155575290322, 7374439.467673968523741 ], [ 5729814.623125167563558, 7374441.731164326891303 ], [ 5729779.312995729036629, 7374398.154863372445107 ], [ 5729774.074581122025847, 7374391.69699661899358 ], [ 5729771.721828524954617, 7374388.789613772183657 ], [ 5729774.02879848331213, 7374386.676396073773503 ], [ 5729776.390354574657977, 7374383.812599258497357 ], [ 5729779.553312637843192, 7374379.390745839104056 ], [ 5729783.05516636185348, 7374373.154886332340539 ], [ 5729784.113828413188457, 7374370.400811078026891 ], [ 5729785.033069736324251, 7374366.079860903322697 ], [ 5729785.318275917321444, 7374361.95800874568522 ], [ 5729784.946899736300111, 7374355.737014163285494 ], [ 5729779.249094863422215, 7374342.727695547044277 ], [ 5729774.799899371340871, 7374342.670872993767262 ], [ 5729769.807531087659299, 7374340.944559365510941 ], [ 5729764.197216141037643, 7374334.817806620150805 ], [ 5729757.705527697689831, 7374327.618877897039056 ], [ 5729750.817857061512768, 7374317.191593464463949 ], [ 5729739.945450100116432, 7374301.259565999731421 ], [ 5729731.639150854200125, 7374288.414017060771585 ], [ 5729721.48618870228529, 7374268.048241862095892 ], [ 5729712.615453506819904, 7374254.951834523119032 ], [ 5729699.996989740990102, 7374268.384825093671679 ], [ 5729683.3969458155334, 7374285.81171243544668 ], [ 5729674.673973985016346, 7374295.165755486115813 ], [ 5729667.133385720662773, 7374305.889469803310931 ], [ 5729658.793457079678774, 7374317.802776347845793 ], [ 5729650.143619451671839, 7374338.471352229826152 ], [ 5729642.876800036989152, 7374361.459504621103406 ], [ 5729637.05553543753922, 7374381.663106974214315 ], [ 5729630.854242299683392, 7374398.548259196802974 ], [ 5729623.784560831263661, 7374411.134774536825716 ], [ 5729615.468900493346155, 7374425.178742070682347 ], [ 5729606.866884337738156, 7374434.091348424553871 ], [ 5729598.013797847554088, 7374440.426915783435106 ], [ 5729587.031246485188603, 7374444.848496701568365 ], [ 5729572.642143565230072, 7374447.163130110129714 ], [ 5729560.629525430500507, 7374453.477837182581425 ], [ 5729529.171091838739812, 7374453.139856381341815 ], [ 5729522.853799897246063, 7374429.948284007608891 ], [ 5729516.290813256055117, 7374420.085139773786068 ], [ 5729507.228999890387058, 7374410.536509197205305 ], [ 5729438.863020880147815, 7374354.434513000771403 ], [ 5729404.288261095993221, 7374330.108761080540717 ], [ 5729387.070293344557285, 7374320.364531349390745 ], [ 5729369.072284488938749, 7374314.454267447814345 ], [ 5729347.649204096756876, 7374312.219792183488607 ], [ 5729329.589866040274501, 7374312.875729043036699 ], [ 5729309.683024739846587, 7374313.378304067999125 ], [ 5729289.228530144318938, 7374315.403877660632133 ], [ 5729266.593331636860967, 7374319.000471565872431 ], [ 5729226.30370981246233, 7374329.126078521832824 ], [ 5729218.332550722174346, 7374329.568570010364056 ], [ 5729211.998467857018113, 7374327.786277909763157 ], [ 5729204.161270247772336, 7374323.73501705750823 ], [ 5729197.858206996694207, 7374317.854778018780053 ] ] ] } },
{ "type": "Feature", "properties": { "lv_id": "LOC_051231", "id": 283395.0, "CD_SETOR": "351060905000247", "SITUACAO": "Urbana", "CD_SIT": "1", "CD_TIPO": "0", "AREA_KM2": 0.045064987785575002, "CD_REGIAO": "3", "NM_REGIAO": "Sudeste", "CD_UF": "35", "NM_UF": "São Paulo", "CD_MUN": "3510609", "NM_MUN": "Carapicuíba", "CD_DIST": "351060905", "NM_DIST": "Carapicuíba", "CD_SUBDIST": "35106090500", "NM_SUBDIST": null, "CD_BAIRRO": null, "NM_BAIRRO": null, "CD_NU": null, "NM_NU": null, "CD_FCU": "35106090099", "NM_FCU": "Rua Arthur Montovanelli", "CD_AGLOM": null, "NM_AGLOM": null, "CD_RGINT": "3501", "NM_RGINT": "São Paulo", "CD_RGI": "350001", "NM_RGI": "São Paulo", "CD_CONCURB": "3550308", "NM_CONCURB": "São Paulo/SP", "mun_code_x": "3510609", "index_right": 82544, "dist_m": 401.44121010977398, "local_id": 556453, "ano": 2022, "cod_localidade_ibge": 3510609, "NR_ZONA": "303", "nr_cep": 6397110.0, "nm_localidade": "CARAPICUÍBA", "nm_locvot": "EE. VICTÓRIO FORNASARO", "ds_endereco": "RUA NOVO HAMBURGO, 78", "ds_bairro": "VILA SUL AMERICANA", "pred_long": -46.85919, "pred_lat": -23.52556, "pred_dist": 0.0, "tse_long": -46.8592707, "tse_lat": -23.5255276, "long": -46.8592707, "lat": -23.5255276, "ID_UNICO": "LOC_051231", "SG_UF": "SP", "CD_MUNICIPIO": "63134", "NR_LOCAL_VOTACAO": "1805", "QT_SECOES_AGREGADAS": 0, "QT_ELEITORES_TRANSFERIDOS": 15, "CIRO GOMES (PDT) (NÃO ELEITO) 1T": 189.0, "CONSTITUINTE EYMAEL (DC) (NÃO ELEITO) 1T": 0.0, "FELIPE D AVILA (NOVO) (NÃO ELEITO) 1T": 40.0, "JAIR BOLSONARO (PL) (2º TURNO) 1T": 1649.0, "LULA (PT) (2º TURNO) 1T": 1733.0, "LÉO PÉRICLES (UP) (NÃO ELEITO) 1T": 3.0, "PADRE KELMON (PTB) (NÃO ELEITO) 1T": 1.0, "SIMONE TEBET (MDB) (NÃO ELEITO) 1T": 251.0, "SOFIA MANZANO (PCB) (NÃO ELEITO) 1T": 1.0, "SORAYA THRONICKE (UNIÃO) (NÃO ELEITO) 1T": 30.0, "VERA (PSTU) (NÃO ELEITO) 1T": 0.0, "Total_Votos_Validos 1T": 3897.0, "Votos_Brancos 1T": 105.0, "Votos_Nulos 1T": 150.0, "Abstenções 1T": 948.0, "Eleitores_Aptos 1T": 5100.0, "JAIR BOLSONARO (PL) (NÃO ELEITO) 2T": 1952.0, "LULA (PT) (ELEITO) 2T": 1888.0, "Total_Votos_Validos 2T": 3840.0, "Votos_Brancos 2T": 102.0, "Votos_Nulos 2T": 183.0, "Abstenções 2T": 975.0, "Eleitores_Aptos 2T": 5100.0, "mun_code_y": "3510609", "mun_code": "3510609" }, "geometry": { "type": "Polygon", "coordinates": [ [ [ 5728984.990810485556722, 7378761.582183096557856 ], [ 5728955.98381912894547, 7378718.368856109678745 ], [ 5728940.887383121065795, 7378702.009797412902117 ], [ 5728928.798598958179355, 7378691.651037149131298 ], [ 5728866.43934956099838, 7378673.738858956843615 ], [ 5728777.70450065843761, 7378636.133497220464051 ], [ 5728758.030659877695143, 7378622.301539167761803 ], [ 5728753.794720554724336, 7378615.860106798820198 ], [ 5728746.73658821452409, 7378593.977555399760604 ], [ 5728745.433818185701966, 7378578.661698052659631 ], [ 5728747.531568671576679, 7378562.026888203807175 ], [ 5728690.559536884538829, 7378574.540428777225316 ], [ 5728695.538757872767746, 7378592.240415735170245 ], [ 5728717.263801777735353, 7378644.6899557961151 ], [ 5728691.211332259699702, 7378665.46394844725728 ], [ 5728684.036526747979224, 7378659.961279790848494 ], [ 5728668.557982469908893, 7378637.549168029800057 ], [ 5728661.599432270973921, 7378620.550439307466149 ], [ 5728651.101298634894192, 7378611.128057518973947 ], [ 5728649.93459589779377, 7378610.282046950422227 ], [ 5728588.927817857824266, 7378628.230752043426037 ], [ 5728597.665824591182172, 7378637.417095128446817 ], [ 5728607.800612195394933, 7378641.377253989689052 ], [ 5728618.052573174238205, 7378645.432029416784644 ], [ 5728625.98929862305522, 7378644.0435735527426 ], [ 5728629.048930378630757, 7378644.918136951513588 ], [ 5728634.742839813232422, 7378646.54333508387208 ], [ 5728645.4917146069929, 7378655.250069669447839 ], [ 5728661.153685851953924, 7378667.975958608090878 ], [ 5728666.240403825417161, 7378671.785564219579101 ], [ 5728670.381235959008336, 7378674.872104935348034 ], [ 5728680.120236363261938, 7378675.391833256930113 ], [ 5728682.552196748554707, 7378676.186018923297524 ], [ 5728698.004324097186327, 7378681.187335687689483 ], [ 5728735.435915443114936, 7378701.769874222576618 ], [ 5728749.992882574908435, 7378716.124509630724788 ], [ 5728765.81593425758183, 7378716.653821286745369 ], [ 5728783.614018579944968, 7378721.95125612989068 ], [ 5728798.685458106920123, 7378729.784179911017418 ], [ 5728809.032350639812648, 7378738.834546729922295 ], [ 5728815.193122673779726, 7378754.58940551429987 ], [ 5728814.696787465363741, 7378773.823294203728437 ], [ 5728814.517508906312287, 7378786.679263555444777 ], [ 5728814.601410563103855, 7378797.423741774633527 ], [ 5728818.217456317506731, 7378812.378885966725647 ], [ 5728820.291436869651079, 7378835.603447770699859 ], [ 5728826.309955095872283, 7378857.961925053969026 ], [ 5728829.479345919564366, 7378865.57262958958745 ], [ 5728831.058942374773324, 7378869.378235802054405 ], [ 5728832.580905115231872, 7378873.052771840244532 ], [ 5728835.600008189678192, 7378880.313786815851927 ], [ 5728834.716669409535825, 7378908.429286162368953 ], [ 5728834.838256873190403, 7378922.196693769656122 ], [ 5728832.669032355770469, 7378940.687907433137298 ], [ 5728833.332767382264137, 7378954.048826785758138 ], [ 5728832.511594722978771, 7378959.335678379051387 ], [ 5728831.65791985578835, 7378964.791572356596589 ], [ 5728830.969204434193671, 7378969.245867926627398 ], [ 5728830.15898253954947, 7378970.636762786656618 ], [ 5728825.420283400453627, 7378978.775115340948105 ], [ 5728818.654266578145325, 7378996.736174147576094 ], [ 5728809.606824106536806, 7379009.319278122857213 ], [ 5728809.425202913582325, 7379009.573875587433577 ], [ 5728804.946453592739999, 7379012.654216548427939 ], [ 5728800.817816178314388, 7379017.636926149018109 ], [ 5728797.049193557351828, 7379026.162270303815603 ], [ 5728794.577372628264129, 7379035.270429853349924 ], [ 5728792.651904893107712, 7379046.11492658406496 ], [ 5728791.419300680048764, 7379054.234979381784797 ], [ 5728791.209212112240493, 7379061.120998095721006 ], [ 5728788.476589952595532, 7379066.625769879668951 ], [ 5728782.966818407177925, 7379071.387018283829093 ], [ 5728777.34425094537437, 7379079.435394752770662 ], [ 5728773.461099648848176, 7379083.803139867261052 ], [ 5728765.262098244391382, 7379089.59117360599339 ], [ 5728756.693935574032366, 7379093.299193108454347 ], [ 5728745.996707843616605, 7379092.637377744540572 ], [ 5728726.720305472612381, 7379090.315369490534067 ], [ 5728718.362815306521952, 7379087.148490057326853 ], [ 5728688.187605063430965, 7379092.8695152644068 ], [ 5728665.308020617812872, 7379115.170660460367799 ], [ 5728655.950352367945015, 7379130.570604568347335 ], [ 5728647.378762291744351, 7379145.328688191249967 ], [ 5728625.932319230400026, 7379154.901166554540396 ], [ 5728600.446306033991277, 7379168.782097043469548 ], [ 5728589.360658324323595, 7379180.272115800529718 ], [ 5728582.230699117295444, 7379191.118808972649276 ], [ 5728581.052687879651785, 7379204.459700341336429 ], [ 5728583.199912190437317, 7379222.992670752108097 ], [ 5728588.858086841180921, 7379233.98428941052407 ], [ 5728602.334294929169118, 7379245.926243875175714 ], [ 5728615.16346678044647, 7379263.369565106928349 ], [ 5728620.31169004086405, 7379274.386560523882508 ], [ 5728621.581586335785687, 7379287.605643060058355 ], [ 5728618.931394379585981, 7379300.126878548413515 ], [ 5728607.444295773282647, 7379320.008039176464081 ], [ 5728598.261333958245814, 7379336.872514670714736 ], [ 5728596.725046852603555, 7379351.23577353078872 ], [ 5728598.094414154067636, 7379366.458984237164259 ], [ 5728602.661891456693411, 7379384.313447361811996 ], [ 5728611.083142255432904, 7379401.529681459069252 ], [ 5728613.709089450538158, 7379413.230279007926583 ], [ 5728612.461634632200003, 7379423.114537697285414 ], [ 5728601.200504844076931, 7379445.696672640740871 ], [ 5728591.442029400728643, 7379441.293479762040079 ], [ 5728578.819704248569906, 7379437.490406688302755 ], [ 5728577.345167430117726, 7379437.653069365769625 ], [ 5728574.304296233691275, 7379437.982961917296052 ], [ 5728565.497873329557478, 7379438.956902857869864 ], [ 5728565.110749154351652, 7379440.427168028429151 ], [ 5728563.516780469566584, 7379446.422106465324759 ], [ 5728562.53099668212235, 7379454.987426481209695 ], [ 5728566.388764542527497, 7379461.637513077817857 ], [ 5728569.877881507389247, 7379467.658572033047676 ], [ 5728577.525873662903905, 7379472.390025509521365 ], [ 5728581.323266484774649, 7379474.734751931391656 ], [ 5728584.498421766795218, 7379476.697460990399122 ], [ 5728594.69022480212152, 7379480.766579182818532 ], [ 5728596.296365890651941, 7379481.401000545360148 ], [ 5728610.06812943611294, 7379479.934423091821373 ], [ 5728625.697763105854392, 7379487.67297531850636 ], [ 5728641.908689915202558, 7379498.675255982205272 ], [ 5728662.047661969438195, 7379513.623005725443363 ], [ 5728678.040999834425747, 7379529.714613407850266 ], [ 5728688.610266271978617, 7379537.883529440499842 ], [ 5728700.206490943208337, 7379538.523070357739925 ], [ 5728709.572702234610915, 7379534.407124520279467 ], [ 5728725.015900602564216, 7379509.150043284520507 ], [ 5728768.044584912247956, 7379455.04014596901834 ], [ 5728795.39504817686975, 7379427.42675312794745 ], [ 5728814.079766547307372, 7379409.385982865467668 ], [ 5728829.419488332234323, 7379391.522837104275823 ], [ 5728837.181749285198748, 7379385.79004127252847 ], [ 5728841.949546194635332, 7379384.615138649940491 ], [ 5728848.431999164633453, 7379385.230036861263216 ], [ 5728850.588444724678993, 7379389.944518465548754 ], [ 5728853.575253585353494, 7379398.613530365750194 ], [ 5728854.11966681946069, 7379407.51573511492461 ], [ 5728852.770376244559884, 7379417.405133418738842 ], [ 5728849.458560634404421, 7379428.954846827313304 ], [ 5728844.289289899170399, 7379462.808651811443269 ], [ 5728847.011884074658155, 7379474.392841462045908 ], [ 5728853.97413538582623, 7379484.873070186004043 ], [ 5728865.901095701381564, 7379494.43647675961256 ], [ 5728892.213439740240574, 7379509.534328263252974 ], [ 5728899.026414224877954, 7379517.008338920772076 ], [ 5728908.538903321139514, 7379527.160704230889678 ], [ 5728916.056930988095701, 7379542.859230505302548 ], [ 5728927.144598303362727, 7379560.020826232619584 ], [ 5728943.954381745308638, 7379576.897576520219445 ], [ 5728950.162057250738144, 7379586.38848589360714 ], [ 5728958.582793557085097, 7379595.557156793773174 ], [ 5728963.58831581287086, 7379605.342303697019815 ], [ 5728970.255981734022498, 7379614.00667442753911 ], [ 5728979.031742516905069, 7379629.910469770431519 ], [ 5728987.804442506283522, 7379645.54653799906373 ], [ 5728999.611719274893403, 7379657.225414577871561 ], [ 5729010.514750126749277, 7379663.256855888292193 ], [ 5729024.144411833025515, 7379668.806540159508586 ], [ 5729027.282771985046566, 7379667.556458899751306 ], [ 5729029.686869457364082, 7379667.168894375674427 ], [ 5729035.010424236766994, 7379668.946452360600233 ], [ 5729037.04070383310318, 7379670.296393545344472 ], [ 5729039.08652020059526, 7379670.518232656642795 ], [ 5729041.556535583920777, 7379668.575912747532129 ], [ 5729043.231528475880623, 7379668.537170756608248 ], [ 5729046.321311327628791, 7379670.425932486541569 ], [ 5729049.635980373248458, 7379671.90167776774615 ], [ 5729051.794597564265132, 7379670.68920567445457 ], [ 5729053.563292940147221, 7379670.478372553363442 ], [ 5729057.574272430501878, 7379673.415114400908351 ], [ 5729059.131928053684533, 7379675.748486997559667 ], [ 5729061.469492055475712, 7379676.491558905690908 ], [ 5729063.737363956868649, 7379675.831729374825954 ], [ 5729065.869496743194759, 7379674.497795228846371 ], [ 5729068.932180913165212, 7379675.840980675071478 ], [ 5729072.021968494169414, 7379677.729738378897309 ], [ 5729076.202367381192744, 7379681.606784697622061 ], [ 5729080.099166576750576, 7379682.450812194496393 ], [ 5729084.328183380886912, 7379681.749148832634091 ], [ 5729086.172836146317422, 7379682.449788091704249 ], [ 5729088.070899184793234, 7379684.43136110343039 ], [ 5729090.313282161951065, 7379684.699215997010469 ], [ 5729093.296253091655672, 7379684.02610244974494 ], [ 5729095.828370047733188, 7379686.009591873735189 ], [ 5729097.252327596768737, 7379688.327295931056142 ], [ 5729103.590887745842338, 7379693.246540839783847 ], [ 5729105.790946243330836, 7379694.308980669826269 ], [ 5729117.112128177657723, 7379696.200885690748692 ], [ 5729120.482854572124779, 7379698.187265857122838 ], [ 5729122.805204381234944, 7379700.270490197464824 ], [ 5729125.924782243557274, 7379700.494665859267116 ], [ 5729127.000683546066284, 7379700.128570046275854 ], [ 5729128.086231550201774, 7379699.750832146964967 ], [ 5729132.174515465274453, 7379701.567543251439929 ], [ 5729133.776479073800147, 7379703.351783756166697 ], [ 5729140.223275112919509, 7379709.214373582974076 ], [ 5729147.902268592268229, 7379712.917212229222059 ], [ 5729153.216800725087523, 7379713.277652082033455 ], [ 5729156.449512294493616, 7379714.132405954413116 ], [ 5729161.663519569672644, 7379718.437926771119237 ], [ 5729168.434759022668004, 7379724.038798052817583 ], [ 5729171.401033557020128, 7379724.058527076616883 ], [ 5729174.451256305910647, 7379724.944688010960817 ], [ 5729175.497937418520451, 7379726.254298645071685 ], [ 5729175.780556323006749, 7379728.238170456141233 ], [ 5729176.713757622987032, 7379730.145001541823149 ], [ 5729178.187282845377922, 7379730.372997242957354 ], [ 5729180.619085902348161, 7379729.102256866171956 ], [ 5729183.440554589964449, 7379730.323496008291841 ], [ 5729184.896893322467804, 7379731.646193508990109 ], [ 5729188.011418700218201, 7379737.9425757098943 ], [ 5729191.069619052112103, 7379745.36909447517246 ], [ 5729195.296941890381277, 7379752.659267473965883 ], [ 5729198.967323242686689, 7379756.148708116263151 ], [ 5729203.358899007551372, 7379756.454637071117759 ], [ 5729210.856019147671759, 7379765.345543557778001 ], [ 5729216.357411922886968, 7379775.228760819882154 ], [ 5729223.055832460522652, 7379788.624119831249118 ], [ 5729229.759792929515243, 7379802.130820519290864 ], [ 5729234.477419117465615, 7379823.404524767771363 ], [ 5729235.017324387095869, 7379825.833216872997582 ], [ 5729235.888572134077549, 7379829.785726115107536 ], [ 5729236.746853936463594, 7379833.683072485029697 ], [ 5729237.392700429074466, 7379836.597604708746076 ], [ 5729237.931499465368688, 7379839.004028604365885 ], [ 5729238.214539377018809, 7379840.173076217994094 ], [ 5729238.369025375694036, 7379840.812762949615717 ], [ 5729319.796196004375815, 7379832.036537857726216 ], [ 5729352.417124697007239, 7379834.965978059917688 ], [ 5729369.998072763904929, 7379837.304985679686069 ], [ 5729371.203834027051926, 7379830.704154249280691 ], [ 5729371.464004699140787, 7379828.737892013043165 ], [ 5729372.235277261584997, 7379822.035919782705605 ], [ 5729372.658496654592454, 7379814.502989038825035 ], [ 5729380.360631495714188, 7379707.357291197404265 ], [ 5729332.579026007093489, 7379700.372347900643945 ], [ 5729264.628398517146707, 7379755.636031908914447 ], [ 5729259.049387477338314, 7379761.271476621739566 ], [ 5729238.29167930688709, 7379739.445948127657175 ], [ 5729230.762660485692322, 7379721.270098136737943 ], [ 5729218.396066147834063, 7379709.451756853610277 ], [ 5729247.060248146764934, 7379678.64674505777657 ], [ 5729274.896050690673292, 7379651.956922249868512 ], [ 5729297.894126758910716, 7379632.651454322040081 ], [ 5729309.594242678023875, 7379626.119551474228501 ], [ 5729317.184884591028094, 7379616.521916968747973 ], [ 5729322.184722171165049, 7379603.76059752702713 ], [ 5729325.706883155740798, 7379587.601569128222764 ], [ 5729325.566799229942262, 7379573.466624551452696 ], [ 5729326.140309384092689, 7379558.671081075444818 ], [ 5729330.121610280126333, 7379540.435417164117098 ], [ 5729335.999887243844569, 7379522.719160852953792 ], [ 5729342.265376184135675, 7379509.091132371686399 ], [ 5729348.525288488715887, 7379498.231487793847919 ], [ 5729370.154948220588267, 7379476.705798715353012 ], [ 5729380.589326940476894, 7379470.426586972549558 ], [ 5729403.561113838106394, 7379470.967735251411796 ], [ 5729416.752799336798489, 7379444.459970131516457 ], [ 5729424.172945283353329, 7379427.939264251850545 ], [ 5729471.34633214212954, 7379322.945526810362935 ], [ 5729506.657141618430614, 7379245.699102096259594 ], [ 5729504.622935972176492, 7379227.405828518792987 ], [ 5729496.267558712512255, 7379156.007192163728178 ], [ 5729488.201846724376082, 7379085.911223120987415 ], [ 5729321.867337735369802, 7379201.75281514134258 ], [ 5729320.08132607396692, 7379197.499863065779209 ], [ 5729319.484389686025679, 7379193.924354559741914 ], [ 5729315.495066785253584, 7379134.44122251495719 ], [ 5729314.746647668071091, 7379127.201046015135944 ], [ 5729344.565644851885736, 7379107.32103094831109 ], [ 5729325.736786654219031, 7378938.75665723066777 ], [ 5729323.659182170405984, 7378907.863972704857588 ], [ 5729325.719970553182065, 7378879.388124851509929 ], [ 5729334.710944877937436, 7378847.374738259240985 ], [ 5729349.056346650235355, 7378818.588188793510199 ], [ 5729327.00815746281296, 7378767.706381550058722 ], [ 5729269.96227241307497, 7378778.540268794633448 ], [ 5729239.451154286041856, 7378780.573703935369849 ], [ 5729177.753119301050901, 7378791.203651584684849 ], [ 5729160.940512304194272, 7378797.51035844348371 ], [ 5729088.342746973969042, 7378830.559751657769084 ], [ 5729042.666060182265937, 7378853.941381152719259 ], [ 5729034.194890165701509, 7378857.745249730534852 ], [ 5729018.927388099953532, 7378822.721225533634424 ], [ 5728984.990810485556722, 7378761.582183096557856 ] ] ] } },
{ "type": "Feature", "properties": { "lv_id": "LOC_051232", "id": 283347.0, "CD_SETOR": "351060905000113", "SITUACAO": "Urbana", "CD_SIT": "1", "CD_TIPO": "0", "AREA_KM2": 0.071048669749320004, "CD_REGIAO": "3", "NM_REGIAO": "Sudeste", "CD_UF": "35", "NM_UF": "São Paulo", "CD_MUN": "3510609", "NM_MUN": "Carapicuíba", "CD_DIST": "351060905", "NM_DIST": "Carapicuíba", "CD_SUBDIST": "35106090500", "NM_SUBDIST": null, "CD_BAIRRO": null, "NM_BAIRRO": null, "CD_NU": null, "NM_NU": null, "CD_FCU": null, "NM_FCU": null, "CD_AGLOM": null, "NM_AGLOM": null, "CD_RGINT": "3501", "NM_RGINT": "São Paulo", "CD_RGI": "350001", "NM_RGI": "São Paulo", "CD_CONCURB": "3550308", "NM_CONCURB": "São Paulo/SP", "mun_code_x": "3510609", "index_right": 82530, "dist_m": 11.882699091130357, "local_id": 556439, "ano": 2022, "cod_localidade_ibge": 3510609, "NR_ZONA": "303", "nr_cep": 6311000.0, "nm_localidade": "CARAPICUÍBA", "nm_locvot": "E.E. ENGENHEIRO MÁRIO SALES SOUTO", "ds_endereco": "AV. RUI BARBOSA, 670", "ds_bairro": "CENTRO", "pred_long": -46.837052, "pred_lat": -23.519574, "pred_dist": 0.0, "tse_long": -46.8372719, "tse_lat": -23.5196533, "long": -46.8372719, "lat": -23.5196533, "ID_UNICO": "LOC_051232", "SG_UF": "SP", "CD_MUNICIPIO": "63134", "NR_LOCAL_VOTACAO": "1058", "QT_SECOES_AGREGADAS": 0, "QT_ELEITORES_TRANSFERIDOS": 48, "CIRO GOMES (PDT) (NÃO ELEITO) 1T": 117.0, "CONSTITUINTE EYMAEL (DC) (NÃO ELEITO) 1T": 0.0, "FELIPE D AVILA (NOVO) (NÃO ELEITO) 1T": 21.0, "JAIR BOLSONARO (PL) (2º TURNO) 1T": 1278.0, "LULA (PT) (2º TURNO) 1T": 1452.0, "LÉO PÉRICLES (UP) (NÃO ELEITO) 1T": 0.0, "PADRE KELMON (PTB) (NÃO ELEITO) 1T": 3.0, "SIMONE TEBET (MDB) (NÃO ELEITO) 1T": 205.0, "SOFIA MANZANO (PCB) (NÃO ELEITO) 1T": 2.0, "SORAYA THRONICKE (UNIÃO) (NÃO ELEITO) 1T": 13.0, "VERA (PSTU) (NÃO ELEITO) 1T": 0.0, "Total_Votos_Validos 1T": 3091.0, "Votos_Brancos 1T": 65.0, "Votos_Nulos 1T": 100.0, "Abstenções 1T": 1360.0, "Eleitores_Aptos 1T": 4616.0, "JAIR BOLSONARO (PL) (NÃO ELEITO) 2T": 1527.0, "LULA (PT) (ELEITO) 2T": 1552.0, "Total_Votos_Validos 2T": 3079.0, "Votos_Brancos 2T": 68.0, "Votos_Nulos 2T": 110.0, "Abstenções 2T": 1359.0, "Eleitores_Aptos 2T": 4616.0, "mun_code_y": "3510609", "mun_code": "3510609" }, "geometry": { "type": "Polygon", "coordinates": [ [ [ 5731602.463226487860084, 7379370.064101555384696 ], [ 5731572.616700291633606, 7379327.821507634595037 ], [ 5731568.777402238920331, 7379329.363962581381202 ], [ 5731543.52979698870331, 7379339.990505519323051 ], [ 5731521.385699979029596, 7379303.546951610594988 ], [ 5731519.212286694906652, 7379300.150582730770111 ], [ 5731544.250285884365439, 7379289.422913148999214 ], [ 5731526.422856065444648, 7379261.012631587684155 ], [ 5731498.222258823923767, 7379219.167761873453856 ], [ 5731484.783359350636601, 7379206.589556874707341 ], [ 5731476.555834289640188, 7379213.430052937939763 ], [ 5731368.990425743162632, 7379259.612551407888532 ], [ 5731370.659921226091683, 7379245.308478433638811 ], [ 5731374.724931597709656, 7379216.496628426015377 ], [ 5731374.883616724051535, 7379209.423008793964982 ], [ 5731362.286578600294888, 7379172.703422855585814 ], [ 5731359.013317024335265, 7379163.446004686877131 ], [ 5731217.561579129658639, 7379222.125024409964681 ], [ 5731148.408495114184916, 7379252.256013713777065 ], [ 5731137.903076861985028, 7379262.223801348358393 ], [ 5731130.355368454009295, 7379316.368874380365014 ], [ 5731125.862599574029446, 7379344.61025754455477 ], [ 5731054.424617474898696, 7379350.443028211593628 ], [ 5730987.765331013128161, 7379359.017170577310026 ], [ 5730937.759340289980173, 7379365.063049908727407 ], [ 5730865.057002426125109, 7379375.690716785378754 ], [ 5730871.398278101347387, 7379524.165087001398206 ], [ 5730873.841899451799691, 7379621.68921487685293 ], [ 5730892.254934364929795, 7379626.97636060602963 ], [ 5730926.701854549348354, 7379633.304958255030215 ], [ 5730987.361600422300398, 7379640.155654336325824 ], [ 5730958.362174263224006, 7379954.488527020439506 ], [ 5730916.138855121098459, 7379960.8038399387151 ], [ 5730856.660277321003377, 7379968.047049531713128 ], [ 5730718.474028006196022, 7379980.991774579510093 ], [ 5730719.272653161548078, 7379995.596550279296935 ], [ 5730720.521246626973152, 7380000.959017336368561 ], [ 5730726.100329373963177, 7380026.554325281642377 ], [ 5730906.986239808611572, 7380004.937900556251407 ], [ 5731048.190780214965343, 7379965.743742194958031 ], [ 5731166.031863445416093, 7379921.463581005111337 ], [ 5731238.1166155282408, 7379884.221954427659512 ], [ 5731245.257648679427803, 7379880.806977516040206 ], [ 5731259.823665102943778, 7379928.936609288677573 ], [ 5731278.041101654991508, 7379989.809758480638266 ], [ 5731301.52618361916393, 7380032.64970585796982 ], [ 5731312.523024693131447, 7380048.542557429522276 ], [ 5731329.128613896667957, 7380073.364178722724319 ], [ 5731336.436567359603941, 7380085.612579356878996 ], [ 5731362.556889272294939, 7380129.414844051003456 ], [ 5731387.51197028812021, 7380174.045483073219657 ], [ 5731484.101627791300416, 7380338.810076404362917 ], [ 5731534.574855887331069, 7380426.625643668696284 ], [ 5731582.450974150560796, 7380510.128331766463816 ], [ 5731592.561313090845942, 7380504.321371709927917 ], [ 5731614.979713540524244, 7380487.150487072765827 ], [ 5731642.099418864585459, 7380463.772945944219828 ], [ 5731682.508521263487637, 7380421.436613427475095 ], [ 5731727.500011341646314, 7380370.923656547442079 ], [ 5731734.23955899104476, 7380359.860051760450006 ], [ 5731745.601268599741161, 7380362.339823086746037 ], [ 5731739.268829234875739, 7380354.284420603886247 ], [ 5731737.218435898423195, 7380348.024335326626897 ], [ 5731734.122368844226003, 7380339.249156547710299 ], [ 5731734.043008347973228, 7380337.656913273967803 ], [ 5731733.572394118644297, 7380328.214799322187901 ], [ 5731733.10122331418097, 7380318.761550864204764 ], [ 5731732.889773620292544, 7380304.26113579235971 ], [ 5731734.079950663261116, 7380293.262638697400689 ], [ 5731737.185982839204371, 7380281.721946472302079 ], [ 5731741.318927239626646, 7380274.3716254029423 ], [ 5731743.981857252307236, 7380271.994981648400426 ], [ 5731746.573939174413681, 7380269.633038569241762 ], [ 5731747.875634925439954, 7380268.462946573272347 ], [ 5731760.54906711820513, 7380260.12786702439189 ], [ 5731773.554143939167261, 7380254.343533838167787 ], [ 5731783.647626901976764, 7380247.588410019874573 ], [ 5731795.462688573636115, 7380236.393970573320985 ], [ 5731817.347604391165078, 7380213.868990325368941 ], [ 5731826.08724740985781, 7380206.623344520106912 ], [ 5731834.928883382119238, 7380199.372595144435763 ], [ 5731849.935773358680308, 7380186.567516625858843 ], [ 5731870.679052971303463, 7380171.913075439631939 ], [ 5731890.098337514325976, 7380155.315527372062206 ], [ 5731904.638405716046691, 7380140.122624995186925 ], [ 5731904.153628875501454, 7380131.629986137151718 ], [ 5731897.03503776434809, 7380121.548900017514825 ], [ 5731892.744958328083158, 7380110.567442456260324 ], [ 5731903.417550785467029, 7380091.024701656773686 ], [ 5731920.912659256719053, 7380076.856143494136631 ], [ 5731936.559360931627452, 7380044.484837567433715 ], [ 5731933.715800289064646, 7380033.59853766579181 ], [ 5731937.546482712961733, 7380025.727418167516589 ], [ 5731948.386303655803204, 7380008.72126274369657 ], [ 5731951.561354116536677, 7379990.36796506959945 ], [ 5731956.602192951366305, 7379967.188584808260202 ], [ 5731961.02970062289387, 7379945.859311733394861 ], [ 5731964.436701877973974, 7379931.133335366845131 ], [ 5731976.424222847446799, 7379920.945779426954687 ], [ 5731978.703697395510972, 7379905.550589581951499 ], [ 5731981.82715586386621, 7379892.111279318109155 ], [ 5731986.642674311995506, 7379876.924208018928766 ], [ 5731991.295241558924317, 7379847.602561876177788 ], [ 5732001.638916037045419, 7379828.444436833262444 ], [ 5732009.033006965182722, 7379808.373295057564974 ], [ 5732013.474225834012032, 7379792.858869691379368 ], [ 5732012.476133033633232, 7379776.946567727252841 ], [ 5732011.959315069019794, 7379768.634109187871218 ], [ 5732014.2672428349033, 7379763.038029124960303 ], [ 5732001.074123607948422, 7379719.728883692063391 ], [ 5731998.864353419281542, 7379712.940990469418466 ], [ 5731999.664242558181286, 7379698.63550269510597 ], [ 5732000.815441068261862, 7379691.579156692139804 ], [ 5732006.770080973394215, 7379673.812412152066827 ], [ 5732013.506397322751582, 7379668.028463684953749 ], [ 5732017.524505885317922, 7379660.639050322584808 ], [ 5732018.020173516124487, 7379652.945723241195083 ], [ 5732016.938654905185103, 7379644.382430469617248 ], [ 5732013.840506797656417, 7379640.284428186714649 ], [ 5732010.593453211709857, 7379636.071082735434175 ], [ 5732001.236060223542154, 7379628.870262268930674 ], [ 5731988.725381948985159, 7379624.461371883749962 ], [ 5731975.943269331008196, 7379623.425912469625473 ], [ 5731966.673540062271059, 7379627.003538953140378 ], [ 5731964.37931710947305, 7379591.253538614138961 ], [ 5731959.012223990634084, 7379568.929180569946766 ], [ 5731939.98922342993319, 7379551.830465172417462 ], [ 5731911.127411675639451, 7379538.583360482007265 ], [ 5731929.918463665060699, 7379536.885120265185833 ], [ 5731929.476445481181145, 7379531.917639966122806 ], [ 5731926.447191229090095, 7379511.362877836450934 ], [ 5731922.511912420392036, 7379491.913825895637274 ], [ 5731940.969312629662454, 7379487.832321966066957 ], [ 5731964.29087446257472, 7379483.485331445932388 ], [ 5731963.150721030309796, 7379477.43650845810771 ], [ 5731961.878822940401733, 7379472.23144831135869 ], [ 5731958.537816135212779, 7379457.318094793707132 ], [ 5731954.396817208267748, 7379458.552021695300937 ], [ 5731935.636503772810102, 7379461.889655329287052 ], [ 5731877.677353415638208, 7379472.287659987807274 ], [ 5731803.552696428261697, 7379482.901684999465942 ], [ 5731759.478722081519663, 7379491.444390839897096 ], [ 5731752.362906887196004, 7379492.692961426451802 ], [ 5731747.160058937035501, 7379484.525404314510524 ], [ 5731730.788171641528606, 7379471.167375646531582 ], [ 5731663.356001168489456, 7379454.199096651747823 ], [ 5731602.463226487860084, 7379370.064101555384696 ] ] ] } },
{ "type": "Feature", "properties": { "lv_id": "LOC_051233", "id": 283304.0, "CD_SETOR": "351060905000006", "SITUACAO": "Urbana", "CD_SIT": "1", "CD_TIPO": "1", "AREA_KM2": 0.0041326739588929996, "CD_REGIAO": "3", "NM_REGIAO": "Sudeste", "CD_UF": "35", "NM_UF": "São Paulo", "CD_MUN": "3510609", "NM_MUN": "Carapicuíba", "CD_DIST": "351060905", "NM_DIST": "Carapicuíba", "CD_SUBDIST": "35106090500", "NM_SUBDIST": null, "CD_BAIRRO": null, "NM_BAIRRO": null, "CD_NU": null, "NM_NU": null, "CD_FCU": "35106090117", "NM_FCU": "Vila Crett III", "CD_AGLOM": null, "NM_AGLOM": null, "CD_RGINT": "3501", "NM_RGINT": "São Paulo", "CD_RGI": "350001", "NM_RGI": "São Paulo", "CD_CONCURB": "3550308", "NM_CONCURB": "São Paulo/SP", "mun_code_x": "3510609", "index_right": 82547, "dist_m": 368.06906650243189, "local_id": 556456, "ano": 2022, "cod_localidade_ibge": 3510609, "NR_ZONA": "303", "nr_cep": 6386710.0, "nm_localidade": "CARAPICUÍBA", "nm_locvot": "EE. DOUTOR BENEDITO DE LIMA TUCUNDUVA", "ds_endereco": "RUA EDUARDO, 28", "ds_bairro": "JARDIM ANA MARIA", "pred_long": -46.840156, "pred_lat": -23.530626, "pred_dist": 0.0, "tse_long": -46.8402752, "tse_lat": -23.530563, "long": -46.8402752, "lat": -23.530563, "ID_UNICO": "LOC_051233", "SG_UF": "SP", "CD_MUNICIPIO": "63134", "NR_LOCAL_VOTACAO": "1813", "QT_SECOES_AGREGADAS": 0, "QT_ELEITORES_TRANSFERIDOS": 10, "CIRO GOMES (PDT) (NÃO ELEITO) 1T": 187.0, "CONSTITUINTE EYMAEL (DC) (NÃO ELEITO) 1T": 0.0, "FELIPE D AVILA (NOVO) (NÃO ELEITO) 1T": 38.0, "JAIR BOLSONARO (PL) (2º TURNO) 1T": 1668.0, "LULA (PT) (2º TURNO) 1T": 2235.0, "LÉO PÉRICLES (UP) (NÃO ELEITO) 1T": 10.0, "PADRE KELMON (PTB) (NÃO ELEITO) 1T": 5.0, "SIMONE TEBET (MDB) (NÃO ELEITO) 1T": 265.0, "SOFIA MANZANO (PCB) (NÃO ELEITO) 1T": 8.0, "SORAYA THRONICKE (UNIÃO) (NÃO ELEITO) 1T": 32.0, "VERA (PSTU) (NÃO ELEITO) 1T": 0.0, "Total_Votos_Validos 1T": 4448.0, "Votos_Brancos 1T": 112.0, "Votos_Nulos 1T": 175.0, "Abstenções 1T": 1168.0, "Eleitores_Aptos 1T": 5903.0, "JAIR BOLSONARO (PL) (NÃO ELEITO) 2T": 2011.0, "LULA (PT) (ELEITO) 2T": 2436.0, "Total_Votos_Validos 2T": 4447.0, "Votos_Brancos 2T": 104.0, "Votos_Nulos 2T": 175.0, "Abstenções 2T": 1177.0, "Eleitores_Aptos 2T": 5903.0, "mun_code_y": "3510609", "mun_code": "3510609" }, "geometry": { "type": "Polygon", "coordinates": [ [ [ 5730903.46579747647047, 7378128.78284049872309 ], [ 5730904.88395163230598, 7378121.74683369230479 ], [ 5730916.843089956790209, 7378076.958596556447446 ], [ 5730847.638293670490384, 7378099.167239878326654 ], [ 5730844.064886923879385, 7378100.294475577771664 ], [ 5730778.037159815430641, 7378120.401861343532801 ], [ 5730710.209402130916715, 7378140.911314025521278 ], [ 5730653.484922058880329, 7378158.957354581914842 ], [ 5730653.297704050317407, 7378178.801729932427406 ], [ 5730482.479730932973325, 7378180.397164359688759 ], [ 5730480.969026625156403, 7378238.749605681747198 ], [ 5730468.177155059762299, 7378237.490520499646664 ], [ 5730468.06376526877284, 7378243.836219318211079 ], [ 5730477.447215512394905, 7378317.695919757708907 ], [ 5730474.054297424852848, 7378317.932232294231653 ], [ 5730450.164410608820617, 7378319.660330090671778 ], [ 5730405.698447865433991, 7378326.835415575653315 ], [ 5730405.546163181774318, 7378329.320984730497003 ], [ 5730405.817579445429146, 7378331.897029335610569 ], [ 5730410.859205459244549, 7378382.633555773645639 ], [ 5730462.690902323462069, 7378375.950378788635135 ], [ 5730480.066155506297946, 7378373.364253462292254 ], [ 5730487.448301265016198, 7378441.530751928687096 ], [ 5730415.286750196479261, 7378482.022504173219204 ], [ 5730405.639271065592766, 7378522.151427702978253 ], [ 5730402.972287783399224, 7378543.949990203604102 ], [ 5730405.174906509928405, 7378564.367031116969883 ], [ 5730479.996795839630067, 7378522.05723587051034 ], [ 5730493.81793, 7378547.676402345299721 ], [ 5730591.362915385514498, 7378635.620517959818244 ], [ 5730623.389310590922832, 7378657.652113650925457 ], [ 5730711.233862159773707, 7378758.146270912140608 ], [ 5730722.123189717531204, 7378765.538955857045949 ], [ 5730753.22326130233705, 7378794.213456073775887 ], [ 5730767.53443814534694, 7378783.062494853511453 ], [ 5730777.470997116528451, 7378776.04779464378953 ], [ 5730790.805835528299212, 7378770.749833581037819 ], [ 5730810.840554626658559, 7378768.175799306482077 ], [ 5730874.361227197572589, 7378764.178527805954218 ], [ 5730880.595311438664794, 7378764.324922863394022 ], [ 5730903.84606044460088, 7378778.690573232248425 ], [ 5730961.429079934954643, 7378789.935513582080603 ], [ 5730978.09591528121382, 7378792.20636320207268 ], [ 5730994.372708735056221, 7378793.626024734228849 ], [ 5731005.270391301251948, 7378792.76930751092732 ], [ 5731025.541997423395514, 7378786.946130117401481 ], [ 5731045.561628837138414, 7378779.349557197652757 ], [ 5731061.115810157731175, 7378773.449361253529787 ], [ 5731102.539936755783856, 7378757.528331861831248 ], [ 5731104.460639177821577, 7378716.668125357478857 ], [ 5731117.725141087546945, 7378717.758102605119348 ], [ 5731168.518353331834078, 7378725.501546399667859 ], [ 5731197.858365235850215, 7378732.999292703345418 ], [ 5731206.899987954646349, 7378742.292267490178347 ], [ 5731215.873435840941966, 7378749.601772928610444 ], [ 5731227.484774465672672, 7378753.832686955109239 ], [ 5731239.131048044189811, 7378754.45645472034812 ], [ 5731250.130688251927495, 7378753.59445383772254 ], [ 5731263.260177715681493, 7378750.538716131821275 ], [ 5731251.940695848315954, 7378718.521657034754753 ], [ 5731356.442953013814986, 7378718.245881451293826 ], [ 5731346.800870452076197, 7378699.986206093803048 ], [ 5731339.333377970382571, 7378675.713064692914486 ], [ 5731335.173831882886589, 7378657.291104509495199 ], [ 5731333.236707283183932, 7378621.099452978000045 ], [ 5731331.494278876110911, 7378571.380603987723589 ], [ 5731322.294730169698596, 7378537.795410629361868 ], [ 5731240.419757928699255, 7378514.672357344068587 ], [ 5731181.085365067236125, 7378493.302817143499851 ], [ 5731168.270835532806814, 7378494.467568568885326 ], [ 5731153.344470400363207, 7378496.340557286515832 ], [ 5731125.664115691557527, 7378501.618819141760468 ], [ 5731120.552441731095314, 7378472.294342147186399 ], [ 5731113.762551052495837, 7378461.404334362596273 ], [ 5731111.568949331529438, 7378451.445610268041492 ], [ 5731105.13956004101783, 7378434.454203892499208 ], [ 5731093.583515098318458, 7378413.890243759378791 ], [ 5731085.022828144952655, 7378397.831298545002937 ], [ 5731130.568458372727036, 7378396.315284516662359 ], [ 5731129.652693124487996, 7378375.275643603876233 ], [ 5731126.327516951598227, 7378357.794315917417407 ], [ 5731123.238769760355353, 7378355.928250519558787 ], [ 5731058.125020820647478, 7378362.596343937329948 ], [ 5731063.078008178621531, 7378378.891299618408084 ], [ 5731038.146857738494873, 7378390.707122679799795 ], [ 5731031.055253934115171, 7378373.146035362035036 ], [ 5730979.28837670199573, 7378388.925173569470644 ], [ 5730977.729045106098056, 7378380.408188100904226 ], [ 5730972.950718024745584, 7378380.7472880249843 ], [ 5730972.322401975281537, 7378372.652616802603006 ], [ 5730922.235405678860843, 7378373.926151471212506 ], [ 5730916.239730977453291, 7378374.046972922980785 ], [ 5730916.055827126838267, 7378362.559148141182959 ], [ 5730912.773460089229047, 7378354.139376201666892 ], [ 5730901.766786561347544, 7378340.49078618362546 ], [ 5730887.480569135397673, 7378330.789931620471179 ], [ 5730908.350179435685277, 7378311.743204681202769 ], [ 5730877.524338352493942, 7378274.817866580560803 ], [ 5730887.496303532272577, 7378267.086817136965692 ], [ 5730886.78014222625643, 7378257.433843826875091 ], [ 5730879.581160563975573, 7378255.360005317255855 ], [ 5730830.318168473429978, 7378275.009716390632093 ], [ 5730820.65660604275763, 7378275.838186718523502 ], [ 5730819.68354219943285, 7378223.681519998237491 ], [ 5730822.002310259267688, 7378222.817869418300688 ], [ 5730883.754258782602847, 7378218.048653451725841 ], [ 5730903.46579747647047, 7378128.78284049872309 ] ] ] } },
{ "type": "Feature", "properties": { "lv_id": "LOC_051234", "id": 283321.0, "CD_SETOR": "351060905000047", "SITUACAO": "Urbana", "CD_SIT": "1", "CD_TIPO": "0", "AREA_KM2": 0.013110238341324, "CD_REGIAO": "3", "NM_REGIAO": "Sudeste", "CD_UF": "35", "NM_UF": "São Paulo", "CD_MUN": "3510609", "NM_MUN": "Carapicuíba", "CD_DIST": "351060905", "NM_DIST": "Carapicuíba", "CD_SUBDIST": "35106090500", "NM_SUBDIST": null, "CD_BAIRRO": null, "NM_BAIRRO": null, "CD_NU": null, "NM_NU": null, "CD_FCU": null, "NM_FCU": null, "CD_AGLOM": null, "NM_AGLOM": null, "CD_RGINT": "3501", "NM_RGINT": "São Paulo", "CD_RGI": "350001", "NM_RGI": "São Paulo", "CD_CONCURB": "3550308", "NM_CONCURB": "São Paulo/SP", "mun_code_x": "3510609", "index_right": 82542, "dist_m": 367.64677673889656, "local_id": 556451, "ano": 2022, "cod_localidade_ibge": 3510609, "NR_ZONA": "303", "nr_cep": 6321250.0, "nm_localidade": "CARAPICUÍBA", "nm_locvot": "E.E. PROFA. DIVA DA CUNHA BARRA", "ds_endereco": "RUA SERTANÓPOLIS, 43", "ds_bairro": "JARDIM JUSSARA", "pred_long": -46.830016, "pred_lat": -23.5356383, "pred_dist": 0.0, "tse_long": -46.8294386, "tse_lat": -23.5354853, "long": -46.8294386, "lat": -23.5354853, "ID_UNICO": "LOC_051234", "SG_UF": "SP", "CD_MUNICIPIO": "63134", "NR_LOCAL_VOTACAO": "1066", "QT_SECOES_AGREGADAS": 0, "QT_ELEITORES_TRANSFERIDOS": 24, "CIRO GOMES (PDT) (NÃO ELEITO) 1T": 208.0, "CONSTITUINTE EYMAEL (DC) (NÃO ELEITO) 1T": 1.0, "FELIPE D AVILA (NOVO) (NÃO ELEITO) 1T": 27.0, "JAIR BOLSONARO (PL) (2º TURNO) 1T": 1859.0, "LULA (PT) (2º TURNO) 1T": 2274.0, "LÉO PÉRICLES (UP) (NÃO ELEITO) 1T": 3.0, "PADRE KELMON (PTB) (NÃO ELEITO) 1T": 10.0, "SIMONE TEBET (MDB) (NÃO ELEITO) 1T": 321.0, "SOFIA MANZANO (PCB) (NÃO ELEITO) 1T": 4.0, "SORAYA THRONICKE (UNIÃO) (NÃO ELEITO) 1T": 34.0, "VERA (PSTU) (NÃO ELEITO) 1T": 0.0, "Total_Votos_Validos 1T": 4741.0, "Votos_Brancos 1T": 148.0, "Votos_Nulos 1T": 184.0, "Abstenções 1T": 1535.0, "Eleitores_Aptos 1T": 6608.0, "JAIR BOLSONARO (PL) (NÃO ELEITO) 2T": 2277.0, "LULA (PT) (ELEITO) 2T": 2531.0, "Total_Votos_Validos 2T": 4808.0, "Votos_Brancos 2T": 104.0, "Votos_Nulos 2T": 203.0, "Abstenções 2T": 1493.0, "Eleitores_Aptos 2T": 6608.0, "mun_code_y": "3510609", "mun_code": "3510609" }, "geometry": { "type": "Polygon", "coordinates": [ [ [ 5731375.046107236295938, 7377367.196288912557065 ], [ 5731310.554881485179067, 7377370.062927594408393 ], [ 5731306.264882501214743, 7377400.069443987682462 ], [ 5731298.775824572890997, 7377464.12446996383369 ], [ 5731287.001179981976748, 7377552.33669563755393 ], [ 5731283.644882249645889, 7377578.72457477543503 ], [ 5731281.025559280999005, 7377599.59494961053133 ], [ 5731275.743199584074318, 7377634.104736275970936 ], [ 5731275.670273070223629, 7377636.742671502754092 ], [ 5731270.913995469920337, 7377670.322011262178421 ], [ 5731269.509699119254947, 7377679.065258859656751 ], [ 5731264.74848311394453, 7377715.212147599086165 ], [ 5731262.937574564479291, 7377725.437965763732791 ], [ 5731261.244693159125745, 7377740.491134945303202 ], [ 5731256.394019090570509, 7377780.381824458017945 ], [ 5731252.460206148214638, 7377826.153830616734922 ], [ 5731252.135552082210779, 7377837.276480611413717 ], [ 5731244.432303810492158, 7377897.468682508915663 ], [ 5731241.693898203782737, 7377915.956233435310423 ], [ 5731235.212705600075424, 7377964.366987727582455 ], [ 5731295.566155463457108, 7377974.221147829666734 ], [ 5731362.04794648848474, 7377984.360417237505317 ], [ 5731428.010817550122738, 7377994.547682464122772 ], [ 5731448.063020654954016, 7377997.061556747183204 ], [ 5731497.459027519449592, 7378003.890733720734715 ], [ 5731564.316662637516856, 7378013.563916449435055 ], [ 5731640.978460816666484, 7378023.628499565646052 ], [ 5731738.32287426572293, 7378037.770940465852618 ], [ 5731743.069534142501652, 7378061.800547396764159 ], [ 5731743.613934691995382, 7378080.704669285565615 ], [ 5731741.108059672638774, 7378093.1866823034361 ], [ 5731734.879795225337148, 7378103.399094845168293 ], [ 5731728.175753690302372, 7378112.887413121759892 ], [ 5731720.61126945540309, 7378122.753616228699684 ], [ 5731713.504433498717844, 7378129.906807142309844 ], [ 5731692.401400997303426, 7378153.677238776348531 ], [ 5731682.128137024119496, 7378167.451701410114765 ], [ 5731660.309699343517423, 7378206.193010398186743 ], [ 5731645.85463213454932, 7378229.396558644250035 ], [ 5731636.600380780175328, 7378245.564564584754407 ], [ 5731622.209898671135306, 7378262.480452706106007 ], [ 5731611.410296894609928, 7378281.694851194508374 ], [ 5731613.534425339661539, 7378292.918418219313025 ], [ 5731644.348437312990427, 7378403.15752992592752 ], [ 5731681.049867392517626, 7378409.42674120888114 ], [ 5731689.195737224072218, 7378411.006427306681871 ], [ 5731706.108098770491779, 7378407.749909296631813 ], [ 5731679.103456947021186, 7378312.601567174308002 ], [ 5731663.06644298043102, 7378272.526838862337172 ], [ 5731680.738703953102231, 7378267.290067005902529 ], [ 5731688.352594090625644, 7378255.747099190950394 ], [ 5731682.736842955462635, 7378242.577239691279829 ], [ 5731752.607197865843773, 7378174.688470324501395 ], [ 5731813.524171988479793, 7378115.071695132181048 ], [ 5731835.097394985146821, 7378093.967631686478853 ], [ 5731870.998338337987661, 7378059.823739496059716 ], [ 5731911.454281288199127, 7378021.076242046430707 ], [ 5731963.925405539572239, 7378032.561180867254734 ], [ 5731939.118676512502134, 7378058.113599052652717 ], [ 5731928.661138946190476, 7378079.8674899879843 ], [ 5731998.432241431437433, 7378096.481359720230103 ], [ 5732130.704532895237207, 7378125.182811141014099 ], [ 5732142.396219504065812, 7378070.192179067060351 ], [ 5732144.919199189171195, 7378057.240312483161688 ], [ 5732143.46946963109076, 7378027.174241213127971 ], [ 5732143.100594194605947, 7378019.579908573068678 ], [ 5732153.866996310651302, 7377966.745208539068699 ], [ 5732095.790989954024553, 7377953.375840275548398 ], [ 5732096.726869112811983, 7377948.774747594259679 ], [ 5732116.656236488372087, 7377855.430851331911981 ], [ 5732117.176317417062819, 7377851.922149453312159 ], [ 5732087.604017959907651, 7377845.487471899949014 ], [ 5732095.581316763535142, 7377837.140720276162028 ], [ 5732136.812810181640089, 7377798.799918485805392 ], [ 5732153.446494571864605, 7377782.195130059495568 ], [ 5732163.662158931605518, 7377785.713636985048652 ], [ 5732185.566979795694351, 7377785.198058070614934 ], [ 5732192.261346991173923, 7377778.1879408871755 ], [ 5732193.314835643395782, 7377770.209878982976079 ], [ 5732202.080641322769225, 7377773.767420012503862 ], [ 5732212.514525384642184, 7377766.50319586135447 ], [ 5732218.934292582795024, 7377758.089167021214962 ], [ 5732216.301965572871268, 7377733.216957600787282 ], [ 5732214.857792634516954, 7377697.535835864022374 ], [ 5732215.067431651987135, 7377687.400985607877374 ], [ 5732214.695093312300742, 7377661.31060070823878 ], [ 5732216.72697039693594, 7377621.738424997776747 ], [ 5732214.043955334462225, 7377604.247146725654602 ], [ 5732084.8519322052598, 7377703.929185981862247 ], [ 5732073.510679243132472, 7377693.836476070806384 ], [ 5732015.230064709670842, 7377627.600988840684295 ], [ 5731963.507338485680521, 7377572.300239047035575 ], [ 5731939.996215240098536, 7377545.748972095549107 ], [ 5731921.344452645629644, 7377522.12472996301949 ], [ 5731880.824586719274521, 7377477.414709590375423 ], [ 5731873.892942378297448, 7377472.090951088815928 ], [ 5731850.697401711717248, 7377455.134670165367424 ], [ 5731794.925494286231697, 7377421.925672964192927 ], [ 5731751.505841474048793, 7377397.765352174639702 ], [ 5731693.556326428428292, 7377365.368257589638233 ], [ 5731681.894372056238353, 7377358.673642566427588 ], [ 5731667.166338899172843, 7377354.253205520100892 ], [ 5731651.189306054264307, 7377353.076487199403346 ], [ 5731634.347215740941465, 7377353.003435445018113 ], [ 5731585.955092742107809, 7377356.829834839329123 ], [ 5731579.677606981247663, 7377357.03211800288409 ], [ 5731542.295465275645256, 7377358.175810006447136 ], [ 5731516.750842777080834, 7377359.698649959638715 ], [ 5731447.016027783975005, 7377363.408512258902192 ], [ 5731375.046107236295938, 7377367.196288912557065 ] ] ] } },
{ "type": "Feature", "properties": { "lv_id": "LOC_051235", "id": 283381.0, "CD_SETOR": "351060905000205", "SITUACAO": "Urbana", "CD_SIT": "1", "CD_TIPO": "0", "AREA_KM2": 0.018264030416014002, "CD_REGIAO": "3", "NM_REGIAO": "Sudeste", "CD_UF": "35", "NM_UF": "São Paulo", "CD_MUN": "3510609", "NM_MUN": "Carapicuíba", "CD_DIST": "351060905", "NM_DIST": "Carapicuíba", "CD_SUBDIST": "35106090500", "NM_SUBDIST": null, "CD_BAIRRO": null, "NM_BAIRRO": null, "CD_NU": null, "NM_NU": null, "CD_FCU": "35106090030", "NM_FCU": "Comunidade Cadaval", "CD_AGLOM": null, "NM_AGLOM": null, "CD_RGINT": "3501", "NM_RGINT": "São Paulo", "CD_RGI": "350001", "NM_RGI": "São Paulo", "CD_CONCURB": "3550308", "NM_CONCURB": "São Paulo/SP", "mun_code_x": "3510609", "index_right": 82520, "dist_m": 146.13205649124947, "local_id": 556429, "ano": 2022, "cod_localidade_ibge": 3510609, "NR_ZONA": "388", "nr_cep": 6381095.0, "nm_localidade": "CARAPICUÍBA", "nm_locvot": "EE. PROFESSOR CELSO PACHECO BENTIM", "ds_endereco": "ESTRADA DO PEQUIÁ, 129", "ds_bairro": "VILA SILVIANIA", "pred_long": -46.841543, "pred_lat": -23.549151, "pred_dist": 0.0, "tse_long": -46.8415878, "tse_lat": -23.5491244, "long": -46.8415878, "lat": -23.5491244, "ID_UNICO": "LOC_051235", "SG_UF": "SP", "CD_MUNICIPIO": "63134", "NR_LOCAL_VOTACAO": "1082", "QT_SECOES_AGREGADAS": 0, "QT_ELEITORES_TRANSFERIDOS": 20, "CIRO GOMES (PDT) (NÃO ELEITO) 1T": 259.0, "CONSTITUINTE EYMAEL (DC) (NÃO ELEITO) 1T": 1.0, "FELIPE D AVILA (NOVO) (NÃO ELEITO) 1T": 40.0, "JAIR BOLSONARO (PL) (2º TURNO) 1T": 2553.0, "LULA (PT) (2º TURNO) 1T": 3620.0, "LÉO PÉRICLES (UP) (NÃO ELEITO) 1T": 3.0, "PADRE KELMON (PTB) (NÃO ELEITO) 1T": 0.0, "SIMONE TEBET (MDB) (NÃO ELEITO) 1T": 353.0, "SOFIA MANZANO (PCB) (NÃO ELEITO) 1T": 2.0, "SORAYA THRONICKE (UNIÃO) (NÃO ELEITO) 1T": 37.0, "VERA (PSTU) (NÃO ELEITO) 1T": 1.0, "Total_Votos_Validos 1T": 6869.0, "Votos_Brancos 1T": 170.0, "Votos_Nulos 1T": 271.0, "Abstenções 1T": 1806.0, "Eleitores_Aptos 1T": 9116.0, "JAIR BOLSONARO (PL) (NÃO ELEITO) 2T": 3115.0, "LULA (PT) (ELEITO) 2T": 3866.0, "Total_Votos_Validos 2T": 6981.0, "Votos_Brancos 2T": 135.0, "Votos_Nulos 2T": 265.0, "Abstenções 2T": 1735.0, "Eleitores_Aptos 2T": 9116.0, "mun_code_y": "3510609", "mun_code": "3510609" }, "geometry": { "type": "Polygon", "coordinates": [ [ [ 5730596.661979108117521, 7375951.687007959932089 ], [ 5730567.066409315913916, 7376011.13071873318404 ], [ 5730559.495023624971509, 7376028.01779570709914 ], [ 5730559.489459561184049, 7376037.338441680185497 ], [ 5730561.836043843999505, 7376043.806845530867577 ], [ 5730567.077708661556244, 7376050.521272710524499 ], [ 5730581.030901960097253, 7376062.191732591018081 ], [ 5730594.878049964085221, 7376073.990268172696233 ], [ 5730599.06874340493232, 7376078.078294241800904 ], [ 5730588.420445010066032, 7376101.325263936072588 ], [ 5730569.310715030878782, 7376139.193189016543329 ], [ 5730559.917457739822567, 7376153.782574101351202 ], [ 5730546.978630437515676, 7376164.921400284394622 ], [ 5730529.624564470723271, 7376175.465958040207624 ], [ 5730510.682219350710511, 7376183.064905156381428 ], [ 5730468.862137160263956, 7376192.119232931174338 ], [ 5730450.198395193554461, 7376196.489488463848829 ], [ 5730434.315910605713725, 7376201.077973970212042 ], [ 5730418.003596285358071, 7376207.708246447145939 ], [ 5730415.306195834651589, 7376208.557357332669199 ], [ 5730404.516796828247607, 7376213.393692759796977 ], [ 5730364.430473355576396, 7376240.008308003656566 ], [ 5730353.636730023659766, 7376245.168511006049812 ], [ 5730337.764558374881744, 7376251.196258882060647 ], [ 5730341.168113739229739, 7376237.02904511615634 ], [ 5730344.393817437812686, 7376218.472858734428883 ], [ 5730350.708108616992831, 7376194.404613269492984 ], [ 5730325.675046457909048, 7376184.816555669531226 ], [ 5730314.446320164948702, 7376179.606591298244894 ], [ 5730290.915994571521878, 7376162.632293794304132 ], [ 5730280.036889016628265, 7376161.155299430713058 ], [ 5730206.990550466813147, 7376116.136797809042037 ], [ 5730153.365558186545968, 7376086.255056980997324 ], [ 5730138.885009946301579, 7376116.311925628222525 ], [ 5730123.295636303722858, 7376171.717242734506726 ], [ 5730119.96706525888294, 7376174.260952517390251 ], [ 5730107.628944677300751, 7376210.595430431887507 ], [ 5730271.610264650546014, 7376306.749691313132644 ], [ 5730279.413892537355423, 7376309.898351088166237 ], [ 5730276.205661755986512, 7376318.139887627214193 ], [ 5730289.324714637361467, 7376326.202285228297114 ], [ 5730304.894621682353318, 7376312.465577778406441 ], [ 5730320.287881528027356, 7376305.646978319622576 ], [ 5730274.602269513532519, 7376370.692719388753176 ], [ 5730261.721934035420418, 7376387.732965076342225 ], [ 5730252.898277388885617, 7376399.402594620361924 ], [ 5730231.19418228417635, 7376428.112415410578251 ], [ 5730223.128369505517185, 7376438.784235132858157 ], [ 5730214.422768833115697, 7376447.489990132860839 ], [ 5730189.032868204638362, 7376472.398898508399725 ], [ 5730162.83367177657783, 7376499.122901991009712 ], [ 5730164.271077145822346, 7376503.761504733934999 ], [ 5730222.021207843907177, 7376503.356032074429095 ], [ 5730279.898293004371226, 7376499.137741902843118 ], [ 5730299.518770344555378, 7376495.289324063807726 ], [ 5730309.297918907366693, 7376489.253442710265517 ], [ 5730321.094518852420151, 7376478.774766368791461 ], [ 5730365.973134422674775, 7376424.607606483623385 ], [ 5730364.85676022991538, 7376436.874656574800611 ], [ 5730359.546174420043826, 7376522.529630533419549 ], [ 5730355.705296143889427, 7376546.798001226969063 ], [ 5730346.992343198508024, 7376588.387612506747246 ], [ 5730339.593514561653137, 7376619.832244787365198 ], [ 5730329.256383514031768, 7376665.554739497601986 ], [ 5730320.317085449583828, 7376685.166354343295097 ], [ 5730330.37944866809994, 7376696.506825400516391 ], [ 5730333.34860126208514, 7376703.982239498756826 ], [ 5730333.298407169990242, 7376713.438999747857451 ], [ 5730329.776073404587805, 7376720.71394679415971 ], [ 5730343.554941833950579, 7376714.723930384963751 ], [ 5730351.341578497551382, 7376713.218895627185702 ], [ 5730384.685499520972371, 7376706.776440922170877 ], [ 5730375.336913872510195, 7376768.645760798826814 ], [ 5730392.925380412489176, 7376808.129454501904547 ], [ 5730539.654248328879476, 7376789.762268643826246 ], [ 5730569.194737937301397, 7376775.104342320933938 ], [ 5730573.224769780412316, 7376773.094784424640238 ], [ 5730596.884382424876094, 7376805.153735959902406 ], [ 5730633.969676663167775, 7376854.490724525414407 ], [ 5730654.498526833951473, 7376880.343639298342168 ], [ 5730680.047942267730832, 7376914.417803743854165 ], [ 5730885.665003605186939, 7376863.257984045892954 ], [ 5730871.918545487336814, 7376805.923901150934398 ], [ 5730686.210006250999868, 7376847.092577328905463 ], [ 5730668.883623184636235, 7376789.502072917297482 ], [ 5730690.10577639285475, 7376784.758389417082071 ], [ 5730750.025457710959017, 7376770.837112087756395 ], [ 5730807.848863583058119, 7376757.522599506191909 ], [ 5730866.213417354039848, 7376743.99103373195976 ], [ 5730914.446675527840853, 7376732.30496880132705 ], [ 5730904.81230584345758, 7376691.218460054136813 ], [ 5730970.907304759137332, 7376673.627689799293876 ], [ 5730987.163228352554142, 7376671.598554773256183 ], [ 5731022.894995452836156, 7376662.61302547622472 ], [ 5731062.935425503179431, 7376650.442878359928727 ], [ 5731040.601284025236964, 7376564.013966501690447 ], [ 5731055.909439394250512, 7376559.58756392262876 ], [ 5731067.700722527690232, 7376506.993343790061772 ], [ 5731107.07438288256526, 7376496.017134580761194 ], [ 5731106.647018976509571, 7376493.393049227073789 ], [ 5731092.981251612305641, 7376408.595829660072923 ], [ 5731078.796170117333531, 7376412.374581918120384 ], [ 5731075.298685560002923, 7376411.120659852400422 ], [ 5731064.463431282900274, 7376354.578685572370887 ], [ 5731097.881128780543804, 7376348.610582435503602 ], [ 5731076.712238105013967, 7376198.454098422080278 ], [ 5731080.618657073006034, 7376197.455112518742681 ], [ 5731159.86302222777158, 7376181.404270380735397 ], [ 5731152.103632193058729, 7376150.459802326746285 ], [ 5731075.777893024496734, 7376164.355531232431531 ], [ 5731072.268669336102903, 7376164.709575174376369 ], [ 5731072.08456024993211, 7376164.707617682404816 ], [ 5731049.766053165309131, 7375999.707097129896283 ], [ 5730924.904495602473617, 7376020.181223399937153 ], [ 5730915.16973995603621, 7376020.946908916346729 ], [ 5730908.720850705169141, 7376022.619904924184084 ], [ 5730907.099711834453046, 7376012.253123223781586 ], [ 5730894.638642222620547, 7375987.872702585533261 ], [ 5730881.384279037825763, 7375963.163585640490055 ], [ 5730862.715772241353989, 7375923.97985127940774 ], [ 5730851.051093294285238, 7375899.782870250754058 ], [ 5730842.545910798944533, 7375875.394471406005323 ], [ 5730836.629404864273965, 7375857.406555076129735 ], [ 5730832.299806213006377, 7375843.770703848451376 ], [ 5730828.002609519287944, 7375828.324959663674235 ], [ 5730827.585830370895565, 7375818.534231565892696 ], [ 5730830.068719140253961, 7375806.622849646955729 ], [ 5730809.45808832347393, 7375823.391785029321909 ], [ 5730785.419639810919762, 7375842.966285871341825 ], [ 5730780.200399246066809, 7375847.156247157603502 ], [ 5730767.756639547646046, 7375852.633765762671828 ], [ 5730750.471063079312444, 7375862.695353665389121 ], [ 5730726.322121236473322, 7375875.957453344017267 ], [ 5730709.311661187559366, 7375885.592226253822446 ], [ 5730697.500966214574873, 7375893.516026969999075 ], [ 5730680.45935670286417, 7375936.147623275406659 ], [ 5730676.756904264912009, 7375941.645833593793213 ], [ 5730672.989654048345983, 7375943.999554987996817 ], [ 5730669.143248724751174, 7375946.200960672460496 ], [ 5730664.052386510185897, 7375946.611638660542667 ], [ 5730657.627977741882205, 7375944.264933871105313 ], [ 5730653.045669469051063, 7375938.678448488004506 ], [ 5730643.760810266248882, 7375938.829895130358636 ], [ 5730614.852322230115533, 7375940.084727264009416 ], [ 5730600.874792644754052, 7375941.251988471485674 ], [ 5730596.661979108117521, 7375951.687007959932089 ] ] ] } },
{ "type": "Feature", "properties": { "lv_id": "LOC_051236", "id": 283835.0, "CD_SETOR": "351060910000015", "SITUACAO": "Urbana", "CD_SIT": "1", "CD_TIPO": "0", "AREA_KM2": 0.030784012635589001, "CD_REGIAO": "3", "NM_REGIAO": "Sudeste", "CD_UF": "35", "NM_UF": "São Paulo", "CD_MUN": "3510609", "NM_MUN": "Carapicuíba", "CD_DIST": "351060910", "NM_DIST": "Aldeia de Carapicuíba", "CD_SUBDIST": "35106091000", "NM_SUBDIST": null, "CD_BAIRRO": null, "NM_BAIRRO": null, "CD_NU": null, "NM_NU": null, "CD_FCU": "35106090048", "NM_FCU": "Rua Bootes / Raquel de Queiroz", "CD_AGLOM": null, "NM_AGLOM": null, "CD_RGINT": "3501", "NM_RGINT": "São Paulo", "CD_RGI": "350001", "NM_RGI": "São Paulo", "CD_CONCURB": "3550308", "NM_CONCURB": "São Paulo/SP", "mun_code_x": "3510609", "index_right": 82557, "dist_m": 71.380480662703491, "local_id": 556466, "ano": 2022, "cod_localidade_ibge": 3510609, "NR_ZONA": "388", "nr_cep": 6341340.0, "nm_localidade": "CARAPICUÍBA", "nm_locvot": "EE. PROFESSOR NATALINO FIDÊNCIO", "ds_endereco": "RUA ZEQUINHA DE ABREU, S/N", "ds_bairro": "PARQUE SANTA TEREZA", "pred_long": -46.8200309, "pred_lat": -23.5735085, "pred_dist": 0.0, "tse_long": -46.8203567, "tse_lat": -23.5731019, "long": -46.8203567, "lat": -23.5731019, "ID_UNICO": "LOC_051236", "SG_UF": "SP", "CD_MUNICIPIO": "63134", "NR_LOCAL_VOTACAO": "1317", "QT_SECOES_AGREGADAS": 0, "QT_ELEITORES_TRANSFERIDOS": 46, "CIRO GOMES (PDT) (NÃO ELEITO) 1T": 141.0, "CONSTITUINTE EYMAEL (DC) (NÃO ELEITO) 1T": 1.0, "FELIPE D AVILA (NOVO) (NÃO ELEITO) 1T": 11.0, "JAIR BOLSONARO (PL) (2º TURNO) 1T": 1250.0, "LULA (PT) (2º TURNO) 1T": 1674.0, "LÉO PÉRICLES (UP) (NÃO ELEITO) 1T": 3.0, "PADRE KELMON (PTB) (NÃO ELEITO) 1T": 2.0, "SIMONE TEBET (MDB) (NÃO ELEITO) 1T": 139.0, "SOFIA MANZANO (PCB) (NÃO ELEITO) 1T": 2.0, "SORAYA THRONICKE (UNIÃO) (NÃO ELEITO) 1T": 23.0, "VERA (PSTU) (NÃO ELEITO) 1T": 1.0, "Total_Votos_Validos 1T": 3247.0, "Votos_Brancos 1T": 92.0, "Votos_Nulos 1T": 125.0, "Abstenções 1T": 921.0, "Eleitores_Aptos 1T": 4385.0, "JAIR BOLSONARO (PL) (NÃO ELEITO) 2T": 1506.0, "LULA (PT) (ELEITO) 2T": 1751.0, "Total_Votos_Validos 2T": 3257.0, "Votos_Brancos 2T": 68.0, "Votos_Nulos 2T": 137.0, "Abstenções 2T": 923.0, "Eleitores_Aptos 2T": 4385.0, "mun_code_y": "3510609", "mun_code": "3510609" }, "geometry": { "type": "MultiPolygon", "coordinates": [ [ [ [ 5732747.043143157847226, 7373035.670303219929338 ], [ 5732725.332884864881635, 7373036.871253335848451 ], [ 5732721.45513366907835, 7373016.783182457089424 ], [ 5732709.232825038023293, 7373008.856963090598583 ], [ 5732698.323406896553934, 7373218.258404314517975 ], [ 5732667.511705197393894, 7373232.641255882568657 ], [ 5732615.465692732483149, 7373273.261043518781662 ], [ 5732581.860838741995394, 7373302.295231021940708 ], [ 5732566.42104656342417, 7373313.406297588720918 ], [ 5732529.808968033641577, 7373339.744665171951056 ], [ 5732523.277462819591165, 7373344.436847969889641 ], [ 5732502.873052078299224, 7373354.993105947971344 ], [ 5732480.121356430463493, 7373362.965687241405249 ], [ 5732447.434616979211569, 7373385.233472632244229 ], [ 5732368.568141156807542, 7373461.00853774137795 ], [ 5732360.050923947244883, 7373377.39231404196471 ], [ 5732339.688581961207092, 7373289.916176807135344 ], [ 5732308.544155874289572, 7373297.248891368508339 ], [ 5732236.516179662197828, 7373296.417560671456158 ], [ 5732235.65583323687315, 7373275.54201396740973 ], [ 5732228.908157175406814, 7373244.245559198781848 ], [ 5732219.425614640116692, 7373220.799569506198168 ], [ 5732207.153622086159885, 7373185.929003329947591 ], [ 5732200.476668255403638, 7373168.917115540243685 ], [ 5732185.78286686912179, 7373127.314156809821725 ], [ 5732173.172935396432877, 7373100.397137900814414 ], [ 5732159.320617768913507, 7373065.80674787145108 ], [ 5732136.682957873679698, 7373030.897764889523387 ], [ 5732082.019378886558115, 7373022.464510709047318 ], [ 5732064.94213658105582, 7373017.594222197309136 ], [ 5732047.345274850726128, 7373009.691428608261049 ], [ 5732051.392883908934891, 7373028.085325175896287 ], [ 5732055.977144998498261, 7373044.130511401221156 ], [ 5732058.317298157140613, 7373052.295810716226697 ], [ 5732059.073020977899432, 7373074.147681162692606 ], [ 5732059.26504148542881, 7373106.185725568793714 ], [ 5732061.844446611590683, 7373126.082032119855285 ], [ 5732062.180515520274639, 7373128.50978322699666 ], [ 5732066.397121991962194, 7373148.647735334001482 ], [ 5732070.346047071740031, 7373171.199054795317352 ], [ 5732072.384321359917521, 7373190.698313523083925 ], [ 5732072.547751755453646, 7373192.331015583127737 ], [ 5732073.114096779376268, 7373203.040996287018061 ], [ 5732071.642028200440109, 7373220.405570760369301 ], [ 5732068.351011251099408, 7373234.099542563781142 ], [ 5732066.406362282112241, 7373240.381069695577025 ], [ 5732057.464395273476839, 7373266.157098025083542 ], [ 5732053.803478226065636, 7373279.199846521019936 ], [ 5732034.655926545150578, 7373334.509972229599953 ], [ 5732019.693937896750867, 7373367.854473542422056 ], [ 5732028.849270853213966, 7373381.49388340394944 ], [ 5732060.744781796820462, 7373443.945882206782699 ], [ 5732083.797738742083311, 7373486.74851730838418 ], [ 5732099.399748178198934, 7373517.087685769423842 ], [ 5732113.172604179941118, 7373543.14281920902431 ], [ 5732118.463112414814532, 7373563.90788652561605 ], [ 5732124.239147535525262, 7373573.943734903819859 ], [ 5732143.552072674967349, 7373611.854882478713989 ], [ 5732161.130675015971065, 7373655.144015491940081 ], [ 5732175.767211485654116, 7373668.218461852520704 ], [ 5732201.081261370331049, 7373673.044356865808368 ], [ 5732220.318235685117543, 7373679.391560722142458 ], [ 5732227.862914545461535, 7373682.484927473589778 ], [ 5732230.649207734502852, 7373683.628953643143177 ], [ 5732249.094212318770587, 7373694.168306656181812 ], [ 5732259.21349136531353, 7373698.260021401569247 ], [ 5732283.60248801484704, 7373706.659550618380308 ], [ 5732311.591429292224348, 7373711.217246120795608 ], [ 5732316.004807733930647, 7373712.60340565815568 ], [ 5732300.048127417452633, 7373769.997664984315634 ], [ 5732298.454953657463193, 7373774.520240512676537 ], [ 5732296.872531122528017, 7373779.053439142182469 ], [ 5732302.800905752927065, 7373793.970855060964823 ], [ 5732316.929582880809903, 7373825.087121127173305 ], [ 5732333.488932479172945, 7373858.001505244523287 ], [ 5732349.533691984601319, 7373880.62745061609894 ], [ 5732365.579544393345714, 7373892.648869290947914 ], [ 5732392.362060847692192, 7373909.657503887079656 ], [ 5732417.975940090604126, 7373923.532192442566156 ], [ 5732436.812400070950389, 7373928.403537180274725 ], [ 5732470.197296469472349, 7373933.137054288759828 ], [ 5732476.064302084036171, 7373934.361008294858038 ], [ 5732495.975790505297482, 7373950.095439858734608 ], [ 5732540.039661794900894, 7373988.283614518120885 ], [ 5732548.613483190536499, 7373994.372686717659235 ], [ 5732556.963884132914245, 7374002.125030105002224 ], [ 5732583.060855057090521, 7374025.240308132022619 ], [ 5732586.391624544747174, 7374027.663024216890335 ], [ 5732590.441177332773805, 7374030.764106544665992 ], [ 5732691.320410828106105, 7374117.64100375585258 ], [ 5732700.307765885256231, 7374123.820919381454587 ], [ 5732709.675665713846684, 7374129.434776414185762 ], [ 5732731.640755395404994, 7374151.473440520465374 ], [ 5732733.806997656822205, 7374153.909891643561423 ], [ 5732795.365199541673064, 7374206.680655343458056 ], [ 5732809.845131796784699, 7374219.874298828653991 ], [ 5732816.243449682369828, 7374225.380317609757185 ], [ 5732835.136370616033673, 7374218.706256439909339 ], [ 5732841.226968982256949, 7374216.837991392239928 ], [ 5732848.175437136553228, 7374215.975988924503326 ], [ 5732855.127309968695045, 7374215.794737385585904 ], [ 5732859.05173861887306, 7374216.189517932012677 ], [ 5732869.555596876889467, 7374218.151940860785544 ], [ 5732881.489983158186078, 7374221.12538543343544 ], [ 5732892.811433074995875, 7374223.493292479775846 ], [ 5732901.229440531693399, 7374224.421726408414543 ], [ 5732909.145156351849437, 7374224.504659581929445 ], [ 5732915.651129697449505, 7374223.787612091749907 ], [ 5732924.736148538999259, 7374222.930026946589351 ], [ 5732938.43378593865782, 7374221.104310470633209 ], [ 5732943.08155030105263, 7374219.408842929638922 ], [ 5732956.573553559370339, 7374212.045545902103186 ], [ 5732991.268691562116146, 7374191.886494852602482 ], [ 5733052.39059239719063, 7374156.492665060795844 ], [ 5733059.718940789811313, 7374153.010569665580988 ], [ 5733086.40810701996088, 7374117.904095178470016 ], [ 5733092.63528667204082, 7374119.377681726589799 ], [ 5733119.311942636966705, 7374103.214957006275654 ], [ 5733127.881067916750908, 7374097.158929713070393 ], [ 5733136.439989545382559, 7374091.103407255373895 ], [ 5733151.459165706299245, 7374084.031604091636837 ], [ 5733165.893832358531654, 7374072.635627067647874 ], [ 5733168.644516373984516, 7374071.024103386327624 ], [ 5733182.576993495225906, 7374062.868186485022306 ], [ 5733186.437441254034638, 7374060.352594221010804 ], [ 5733194.138498203828931, 7374055.333563825115561 ], [ 5733201.86902217194438, 7374050.290723387151957 ], [ 5733204.838592037558556, 7374048.355647354386747 ], [ 5733206.284982783719897, 7374047.233756721019745 ], [ 5733223.642210310325027, 7374033.782188436947763 ], [ 5733229.584680272266269, 7374028.549993995577097 ], [ 5733235.527145468629897, 7374023.317796055227518 ], [ 5733241.593627098947763, 7374016.684019591659307 ], [ 5733246.845308101736009, 7374011.129273982718587 ], [ 5733248.640660241246223, 7374009.219629310071468 ], [ 5733251.459168317727745, 7374000.594436670653522 ], [ 5733252.239443622529507, 7373990.865957833826542 ], [ 5733251.493831429630518, 7373979.651269776746631 ], [ 5733250.301051324233413, 7373973.794847383163869 ], [ 5733249.108271318487823, 7373967.938425106927752 ], [ 5733247.921395163983107, 7373964.649152366444468 ], [ 5733246.734519268386066, 7373961.359879659488797 ], [ 5733243.7768972562626, 7373955.368779236450791 ], [ 5733237.887952762655914, 7373945.952703985385597 ], [ 5733234.88692700304091, 7373941.135876668617129 ], [ 5733231.885902659967542, 7373936.319049248471856 ], [ 5733226.825376598164439, 7373925.075347265228629 ], [ 5733220.713400731794536, 7373911.205344872549176 ], [ 5733218.728467379696667, 7373907.900312937796116 ], [ 5733208.112004013732076, 7373890.215454213321209 ], [ 5733204.811329484917223, 7373884.721572507172823 ], [ 5733195.321687382645905, 7373867.493648568168283 ], [ 5733185.829991925507784, 7373851.449084339663386 ], [ 5733182.742562617175281, 7373844.90636027045548 ], [ 5733181.759293233044446, 7373839.151055637747049 ], [ 5733183.361603231169283, 7373829.917146053165197 ], [ 5733185.009641527198255, 7373824.453965466469526 ], [ 5733192.182172769680619, 7373812.149788439273834 ], [ 5733195.974736931733787, 7373805.831063782796264 ], [ 5733199.187171327881515, 7373798.949825629591942 ], [ 5733204.691733203828335, 7373791.507029810920358 ], [ 5733207.815124231390655, 7373788.358632490038872 ], [ 5733211.772176706232131, 7373785.324670571833849 ], [ 5733213.78102327696979, 7373779.106626765802503 ], [ 5733217.095870799385011, 7373771.617448156699538 ], [ 5733219.229039565660059, 7373763.595950422808528 ], [ 5733219.23368494771421, 7373755.525008749216795 ], [ 5733216.9672183226794, 7373745.782011549919844 ], [ 5733216.748996738344431, 7373738.771560016088188 ], [ 5733216.286698049865663, 7373729.540798271074891 ], [ 5733215.209035316482186, 7373715.574405549094081 ], [ 5733215.286998204886913, 7373702.8448935020715 ], [ 5733215.074465873651206, 7373700.846256155520678 ], [ 5733213.915254192426801, 7373689.741635113954544 ], [ 5733211.911884642206132, 7373680.353806717321277 ], [ 5733206.557403333485126, 7373661.199287202209234 ], [ 5733203.186386764980853, 7373652.259642817080021 ], [ 5733199.268176513724029, 7373646.27211909648031 ], [ 5733193.67087441124022, 7373640.6367820603773 ], [ 5733185.343057377263904, 7373635.585009252652526 ], [ 5733177.025367381051183, 7373631.347609583288431 ], [ 5733173.175939156673849, 7373629.38640159741044 ], [ 5733153.415451887063682, 7373620.554954515770078 ], [ 5733145.336181852966547, 7373616.383715678006411 ], [ 5733140.009736658073962, 7373612.074308673851192 ], [ 5733136.85663593467325, 7373607.689308401197195 ], [ 5733135.834278024733067, 7373606.255969820544124 ], [ 5733132.43543787766248, 7373599.617256937548518 ], [ 5733130.54204710200429, 7373593.03693887963891 ], [ 5733128.600067716091871, 7373586.30278065148741 ], [ 5733123.551553325727582, 7373567.132915699854493 ], [ 5733118.829226326197386, 7373548.761564359068871 ], [ 5733117.204670197330415, 7373542.446824558079243 ], [ 5733114.906362039968371, 7373527.168694907799363 ], [ 5733114.442970057949424, 7373517.915677133947611 ], [ 5733115.42582259979099, 7373506.926815669983625 ], [ 5733117.199024167843163, 7373502.127120333723724 ], [ 5733125.025731126777828, 7373493.90917038358748 ], [ 5733129.367456689476967, 7373484.883807938545942 ], [ 5733133.87557633779943, 7373476.731951178051531 ], [ 5733136.93491730093956, 7373472.102113531902432 ], [ 5733144.368197727948427, 7373465.009008633904159 ], [ 5733148.985944820567966, 7373461.495363116264343 ], [ 5733152.019465860910714, 7373456.5542574506253 ], [ 5733152.091565391048789, 7373449.830634478479624 ], [ 5733150.101166909560561, 7373445.599376652389765 ], [ 5733148.111312795430422, 7373439.950416374020278 ], [ 5733144.44349099509418, 7373433.247075986117125 ], [ 5733140.11748328898102, 7373424.422353476285934 ], [ 5733129.424806102178991, 7373408.884641192853451 ], [ 5733120.441495578736067, 7373394.823919115588069 ], [ 5733116.627705700695515, 7373390.103719376027584 ], [ 5733112.322449440136552, 7373383.733769349753857 ], [ 5733108.480343247763813, 7373373.958247115835547 ], [ 5733103.775589644908905, 7373362.060443566180766 ], [ 5733098.391756312921643, 7373344.358588186092675 ], [ 5733093.888907048851252, 7373329.961350604891777 ], [ 5733084.105898218229413, 7373310.136121930554509 ], [ 5733076.470367305912077, 7373296.454264609143138 ], [ 5733072.932160777039826, 7373287.031864179298282 ], [ 5733071.192517073825002, 7373280.868023754097521 ], [ 5733071.616213019937277, 7373275.042110343463719 ], [ 5733073.687900098972023, 7373269.46836219727993 ], [ 5733079.4330715527758, 7373259.691624965518713 ], [ 5733087.667304862290621, 7373246.552737269550562 ], [ 5733091.91503778193146, 7373239.530222018249333 ], [ 5733092.51438869163394, 7373237.211765853688121 ], [ 5733093.113739276304841, 7373234.893309610895813 ], [ 5733092.918549738824368, 7373230.99613119289279 ], [ 5733091.34777139313519, 7373226.163350109942257 ], [ 5733086.798032701946795, 7373221.033587507903576 ], [ 5733080.864485923200846, 7373213.17142534442246 ], [ 5733071.003804758191109, 7373203.631036013364792 ], [ 5733049.281158798374236, 7373184.181864154525101 ], [ 5733040.415093738585711, 7373172.45945268124342 ], [ 5733034.688507064245641, 7373163.626898586750031 ], [ 5733026.673469187691808, 7373145.018989160656929 ], [ 5733026.048171476460993, 7373140.696892357431352 ], [ 5733025.427597708068788, 7373130.346659958362579 ], [ 5733014.485051698982716, 7373115.937779948115349 ], [ 5732991.070489214733243, 7373088.212593409232795 ], [ 5732982.78015018440783, 7373078.39243995398283 ], [ 5732968.633793556131423, 7373061.64389505982399 ], [ 5732960.958641587756574, 7373055.331457061693072 ], [ 5732952.495757626369596, 7373049.616691282019019 ], [ 5732940.974309993907809, 7373044.055429816246033 ], [ 5732935.05579300224781, 7373039.552489081397653 ], [ 5732928.90380700211972, 7373031.611973417922854 ], [ 5732928.073209226131439, 7373030.537384508177638 ], [ 5732922.587745802477002, 7373023.456436783075333 ], [ 5732910.134476482868195, 7373031.739087379537523 ], [ 5732900.016113574616611, 7373031.744574038311839 ], [ 5732857.797609478235245, 7373031.820537828840315 ], [ 5732845.733075685799122, 7373031.945979526266456 ], [ 5732845.691893267445266, 7373037.451274390332401 ], [ 5732829.252571076154709, 7373035.530205763876438 ], [ 5732806.350121156312525, 7373033.129727335646749 ], [ 5732789.306415800005198, 7373033.426839666441083 ], [ 5732747.043143157847226, 7373035.670303219929338 ] ] ], [ [ [ 5732802.303422185592353, 7374255.247599643655121 ], [ 5732806.019433883950114, 7374247.392455356195569 ], [ 5732816.243449682369828, 7374225.380317609757185 ], [ 5732804.892552535049617, 7374225.078931959345937 ], [ 5732788.2740164026618, 7374223.278024301864207 ], [ 5732782.623609888367355, 7374222.300027304328978 ], [ 5732780.164961735717952, 7374221.374043373391032 ], [ 5732749.636885253712535, 7374197.554635664448142 ], [ 5732730.423738635145128, 7374191.496866666711867 ], [ 5732713.513521677814424, 7374188.35983532294631 ], [ 5732699.263140291906893, 7374184.654056808911264 ], [ 5732674.567313781939447, 7374168.099202774465084 ], [ 5732663.795210063457489, 7374157.097194297239184 ], [ 5732651.59828741196543, 7374150.508907027542591 ], [ 5732620.798072815872729, 7374178.854909389279783 ], [ 5732617.679348039440811, 7374182.918220169842243 ], [ 5732621.069202354177833, 7374186.521219218149781 ], [ 5732624.938093001954257, 7374192.343890924938023 ], [ 5732627.073048972524703, 7374197.628399082459509 ], [ 5732628.526489489711821, 7374202.36662273760885 ], [ 5732629.849883328191936, 7374208.18298227339983 ], [ 5732630.767884259112179, 7374214.477338448166847 ], [ 5732630.522072147578001, 7374223.252347761765122 ], [ 5732628.425924225710332, 7374231.818745912984014 ], [ 5732626.96023078635335, 7374235.620565604418516 ], [ 5732626.644593250006437, 7374236.462428732775152 ], [ 5732625.275741757825017, 7374238.931036416441202 ], [ 5732615.113430910743773, 7374255.23574329353869 ], [ 5732600.776108290068805, 7374276.761798739433289 ], [ 5732589.827494766563177, 7374295.126333503052592 ], [ 5732585.409008191898465, 7374306.309583580121398 ], [ 5732583.456932093948126, 7374315.918026694096625 ], [ 5732582.9847406540066, 7374320.373269547708333 ], [ 5732583.234004304744303, 7374326.377435190603137 ], [ 5732583.692663040012121, 7374331.254838272929192 ], [ 5732584.646524691954255, 7374336.632057289592922 ], [ 5732588.092800795100629, 7374347.900976628996432 ], [ 5732596.056124581955373, 7374365.484731389209628 ], [ 5732602.853451956994832, 7374365.277880208566785 ], [ 5732610.698269196785986, 7374363.533874420449138 ], [ 5732626.350256115198135, 7374357.658929396420717 ], [ 5732641.231289872899652, 7374350.471939323469996 ], [ 5732647.871191410347819, 7374345.484179861843586 ], [ 5732657.493959777057171, 7374336.372942581772804 ], [ 5732660.155839058570564, 7374333.392991656437516 ], [ 5732667.959673899225891, 7374323.066917544230819 ], [ 5732676.076390937902033, 7374314.500009888783097 ], [ 5732680.563756115734577, 7374311.640605920925736 ], [ 5732684.941854146309197, 7374310.070385677739978 ], [ 5732687.935392771847546, 7374309.429117878898978 ], [ 5732693.617250004783273, 7374309.400941645726562 ], [ 5732699.376662426628172, 7374310.105610307306051 ], [ 5732705.864900764077902, 7374311.689068073406816 ], [ 5732709.915709814988077, 7374313.383589198812842 ], [ 5732713.286830833181739, 7374316.407063430175185 ], [ 5732720.284478261135519, 7374323.881187901832163 ], [ 5732730.210757598280907, 7374334.523762917146087 ], [ 5732750.033208327367902, 7374356.636454170569777 ], [ 5732757.593296421691775, 7374345.116972094401717 ], [ 5732760.443424933589995, 7374341.201054507866502 ], [ 5732782.259866629727185, 7374306.540759853087366 ], [ 5732785.451452217064798, 7374298.622628230601549 ], [ 5732789.350457617081702, 7374288.704382587224245 ], [ 5732802.303422185592353, 7374255.247599643655121 ] ] ] ] } },
{ "type": "Feature", "properties": { "lv_id": "LOC_051237", "id": 283354.0, "CD_SETOR": "351060905000130", "SITUACAO": "Urbana", "CD_SIT": "1", "CD_TIPO": "0", "AREA_KM2": 0.035491957351523003, "CD_REGIAO": "3", "NM_REGIAO": "Sudeste", "CD_UF": "35", "NM_UF": "São Paulo", "CD_MUN": "3510609", "NM_MUN": "Carapicuíba", "CD_DIST": "351060905", "NM_DIST": "Carapicuíba", "CD_SUBDIST": "35106090500", "NM_SUBDIST": null, "CD_BAIRRO": null, "NM_BAIRRO": null, "CD_NU": null, "NM_NU": null, "CD_FCU": "35106090027", "NM_FCU": "Viela Azul - Tibagi", "CD_AGLOM": null, "NM_AGLOM": null, "CD_RGINT": "3501", "NM_RGINT": "São Paulo", "CD_RGI": "350001", "NM_RGI": "São Paulo", "CD_CONCURB": "3550308", "NM_CONCURB": "São Paulo/SP", "mun_code_x": "3510609", "index_right": 82554, "dist_m": 286.50775261048045, "local_id": 556463, "ano": 2022, "cod_localidade_ibge": 3510609, "NR_ZONA": "388", "nr_cep": 6331005.0, "nm_localidade": "CARAPICUÍBA", "nm_locvot": "EE. DEPUTADO DERVILLE ALEGRETTI", "ds_endereco": "ESTRADA DA GABIROBA, 527", "ds_bairro": "JARDIM MARIA RITA", "pred_long": -46.828513, "pred_lat": -23.544542, "pred_dist": 0.0, "tse_long": -46.8293374, "tse_lat": -23.5445711, "long": -46.8293374, "lat": -23.5445711, "ID_UNICO": "LOC_051237", "SG_UF": "SP", "CD_MUNICIPIO": "63134", "NR_LOCAL_VOTACAO": "1104", "QT_SECOES_AGREGADAS": 0, "QT_ELEITORES_TRANSFERIDOS": 14, "CIRO GOMES (PDT) (NÃO ELEITO) 1T": 173.0, "CONSTITUINTE EYMAEL (DC) (NÃO ELEITO) 1T": 1.0, "FELIPE D AVILA (NOVO) (NÃO ELEITO) 1T": 23.0, "JAIR BOLSONARO (PL) (2º TURNO) 1T": 1583.0, "LULA (PT) (2º TURNO) 1T": 1761.0, "LÉO PÉRICLES (UP) (NÃO ELEITO) 1T": 5.0, "PADRE KELMON (PTB) (NÃO ELEITO) 1T": 4.0, "SIMONE TEBET (MDB) (NÃO ELEITO) 1T": 228.0, "SOFIA MANZANO (PCB) (NÃO ELEITO) 1T": 1.0, "SORAYA THRONICKE (UNIÃO) (NÃO ELEITO) 1T": 32.0, "VERA (PSTU) (NÃO ELEITO) 1T": 1.0, "Total_Votos_Validos 1T": 3812.0, "Votos_Brancos 1T": 92.0, "Votos_Nulos 1T": 119.0, "Abstenções 1T": 1078.0, "Eleitores_Aptos 1T": 5101.0, "JAIR BOLSONARO (PL) (NÃO ELEITO) 2T": 1950.0, "LULA (PT) (ELEITO) 2T": 1901.0, "Total_Votos_Validos 2T": 3851.0, "Votos_Brancos 2T": 82.0, "Votos_Nulos 2T": 142.0, "Abstenções 2T": 1026.0, "Eleitores_Aptos 2T": 5101.0, "mun_code_y": "3510609", "mun_code": "3510609" }, "geometry": { "type": "Polygon", "coordinates": [ [ [ 5731722.890409715473652, 7376451.511204750277102 ], [ 5731707.893302508629858, 7376455.610275270417333 ], [ 5731701.709213692694902, 7376463.40963708050549 ], [ 5731782.078280688263476, 7376585.143917554989457 ], [ 5731741.314771293662488, 7376611.283052681013942 ], [ 5731727.716481955721974, 7376619.241264690645039 ], [ 5731649.216253726743162, 7376664.580832067877054 ], [ 5731628.504775851033628, 7376669.512558872811496 ], [ 5731594.097137610428035, 7376670.40767471306026 ], [ 5731596.218968424014747, 7376679.532800817862153 ], [ 5731606.160464603453875, 7376768.724990629591048 ], [ 5731617.887257921509445, 7376876.893187168985605 ], [ 5731587.760077758692205, 7376880.398108934983611 ], [ 5731547.579887198284268, 7376882.19560756161809 ], [ 5731373.267577325925231, 7376891.135675894096494 ], [ 5731366.55689291190356, 7376945.150653185322881 ], [ 5731376.405615872703493, 7376951.779760365374386 ], [ 5731394.650224665179849, 7376955.589170908555388 ], [ 5731592.425144676119089, 7376941.713929222896695 ], [ 5731602.385977641679347, 7376940.959004374220967 ], [ 5731623.315200787968934, 7376957.794287453405559 ], [ 5731637.44274290278554, 7376968.216535149142146 ], [ 5731662.370013222098351, 7377000.222381073981524 ], [ 5731669.802742833271623, 7377025.423567252233624 ], [ 5731669.437108716927469, 7377058.861949106678367 ], [ 5731666.924143262207508, 7377084.303860887885094 ], [ 5731603.311196914874017, 7377087.128232359886169 ], [ 5731602.053569594398141, 7377135.680326145142317 ], [ 5731605.072405414655805, 7377135.328428288921714 ], [ 5731656.760189030319452, 7377134.663284566253424 ], [ 5731660.306678456254303, 7377135.256109202280641 ], [ 5731651.256203703582287, 7377203.218650005757809 ], [ 5731645.569976597093046, 7377245.384155470877886 ], [ 5731634.347215740941465, 7377353.003435445018113 ], [ 5731651.189306054264307, 7377353.076487199403346 ], [ 5731667.166338899172843, 7377354.253205520100892 ], [ 5731681.894372056238353, 7377358.673642566427588 ], [ 5731693.556326428428292, 7377365.368257589638233 ], [ 5731751.505841474048793, 7377397.765352174639702 ], [ 5731794.925494286231697, 7377421.925672964192927 ], [ 5731850.697401711717248, 7377455.134670165367424 ], [ 5731873.892942378297448, 7377472.090951088815928 ], [ 5731882.835836209356785, 7377441.717219680547714 ], [ 5731915.904664705507457, 7377415.193124018609524 ], [ 5731931.156386274844408, 7377403.680728323757648 ], [ 5731969.212063414044678, 7377369.740702381357551 ], [ 5732037.577982681803405, 7377312.193480758927763 ], [ 5732043.479381985962391, 7377307.120669167488813 ], [ 5732081.06390383746475, 7377292.626428751274943 ], [ 5732169.694152813404799, 7377288.961302917450666 ], [ 5732156.601178823038936, 7377096.383067892864347 ], [ 5732218.43100506439805, 7377093.26606612931937 ], [ 5732215.422209894284606, 7377051.445723792538047 ], [ 5732218.714330266229808, 7377050.834439091384411 ], [ 5732232.029460374265909, 7377049.687962903641164 ], [ 5732238.875136028043926, 7377048.787173101678491 ], [ 5732242.168387613259256, 7377046.356339976191521 ], [ 5732238.350696600042284, 7377038.901132368482649 ], [ 5732229.039270872250199, 7377012.130749655887485 ], [ 5732253.043623961508274, 7377003.115418999455869 ], [ 5732260.755624826997519, 7377014.851842362433672 ], [ 5732272.520483641885221, 7377007.844472791068256 ], [ 5732276.779748966917396, 7377005.309456877410412 ], [ 5732264.020581075921655, 7376979.515372104942799 ], [ 5732182.807565721683204, 7376827.886312108486891 ], [ 5732137.962492506951094, 7376840.266574175097048 ], [ 5732093.349664369598031, 7376841.740492416545749 ], [ 5732046.518637144006789, 7376846.495426846668124 ], [ 5732037.805369639769197, 7376846.641276309266686 ], [ 5731927.710050193592906, 7376669.745598138310015 ], [ 5731912.365276263095438, 7376666.271769298240542 ], [ 5731936.163627237081528, 7376644.541960682719946 ], [ 5731948.17749847471714, 7376644.777913553640246 ], [ 5731993.763779975473881, 7376628.007625602185726 ], [ 5731966.084915529936552, 7376587.176546276547015 ], [ 5731964.525621127337217, 7376585.636031491681933 ], [ 5731964.118090570904315, 7376585.254579579457641 ], [ 5731988.372162066400051, 7376572.655015304684639 ], [ 5731933.848356221802533, 7376487.010820761322975 ], [ 5731888.294407088309526, 7376421.914225593209267 ], [ 5731886.446347109042108, 7376416.023654354736209 ], [ 5731878.389790175482631, 7376420.512294509448111 ], [ 5731838.03216574061662, 7376444.733975296840072 ], [ 5731819.104529038071632, 7376450.168424317613244 ], [ 5731784.320082833990455, 7376451.082995135337114 ], [ 5731775.827875999733806, 7376451.351652964949608 ], [ 5731748.091464935801923, 7376452.147881066426635 ], [ 5731722.890409715473652, 7376451.511204750277102 ] ] ] } },
{ "type": "Feature", "properties": { "lv_id": "LOC_051238", "id": 283852.0, "CD_SETOR": "351060910000050", "SITUACAO": "Urbana", "CD_SIT": "1", "CD_TIPO": "0", "AREA_KM2": 0.032892903671598001, "CD_REGIAO": "3", "NM_REGIAO": "Sudeste", "CD_UF": "35", "NM_UF": "São Paulo", "CD_MUN": "3510609", "NM_MUN": "Carapicuíba", "CD_DIST": "351060910", "NM_DIST": "Aldeia de Carapicuíba", "CD_SUBDIST": "35106091000", "NM_SUBDIST": null, "CD_BAIRRO": null, "NM_BAIRRO": null, "CD_NU": null, "NM_NU": null, "CD_FCU": null, "NM_FCU": null, "CD_AGLOM": null, "NM_AGLOM": null, "CD_RGINT": "3501", "NM_RGINT": "São Paulo", "CD_RGI": "350001", "NM_RGI": "São Paulo", "CD_CONCURB": "3550308", "NM_CONCURB": "São Paulo/SP", "mun_code_x": "3510609", "index_right": 82566, "dist_m": 6.329315856954782, "local_id": 556475, "ano": 2022, "cod_localidade_ibge": 3510609, "NR_ZONA": "388", "nr_cep": 6343000.0, "nm_localidade": "CARAPICUÍBA", "nm_locvot": "EE. PROFESSORA ESMERALDA BECKER FREIRE CARVALHO", "ds_endereco": "RUA JOÃO FAZÓLI, 410", "ds_bairro": "JARDIM MARILU", "pred_long": -46.8337, "pred_lat": -23.572, "pred_dist": 0.0, "tse_long": -46.8337537, "tse_lat": -23.5721313, "long": -46.8337537, "lat": -23.5721313, "ID_UNICO": "LOC_051238", "SG_UF": "SP", "CD_MUNICIPIO": "63134", "NR_LOCAL_VOTACAO": "1112", "QT_SECOES_AGREGADAS": 0, "QT_ELEITORES_TRANSFERIDOS": 18, "CIRO GOMES (PDT) (NÃO ELEITO) 1T": 103.0, "CONSTITUINTE EYMAEL (DC) (NÃO ELEITO) 1T": 0.0, "FELIPE D AVILA (NOVO) (NÃO ELEITO) 1T": 19.0, "JAIR BOLSONARO (PL) (2º TURNO) 1T": 1011.0, "LULA (PT) (2º TURNO) 1T": 1291.0, "LÉO PÉRICLES (UP) (NÃO ELEITO) 1T": 0.0, "PADRE KELMON (PTB) (NÃO ELEITO) 1T": 1.0, "SIMONE TEBET (MDB) (NÃO ELEITO) 1T": 157.0, "SOFIA MANZANO (PCB) (NÃO ELEITO) 1T": 2.0, "SORAYA THRONICKE (UNIÃO) (NÃO ELEITO) 1T": 16.0, "VERA (PSTU) (NÃO ELEITO) 1T": 0.0, "Total_Votos_Validos 1T": 2600.0, "Votos_Brancos 1T": 69.0, "Votos_Nulos 1T": 90.0, "Abstenções 1T": 747.0, "Eleitores_Aptos 1T": 3506.0, "JAIR BOLSONARO (PL) (NÃO ELEITO) 2T": 1206.0, "LULA (PT) (ELEITO) 2T": 1433.0, "Total_Votos_Validos 2T": 2639.0, "Votos_Brancos 2T": 78.0, "Votos_Nulos 2T": 106.0, "Abstenções 2T": 683.0, "Eleitores_Aptos 2T": 3506.0, "mun_code_y": "3510609", "mun_code": "3510609" }, "geometry": { "type": "Polygon", "coordinates": [ [ [ 5731477.542210233397782, 7373296.486501155421138 ], [ 5731407.104779705405235, 7373238.297344335354865 ], [ 5731388.383661456406116, 7373260.867609281092882 ], [ 5731384.93829882144928, 7373265.962761610746384 ], [ 5731382.575630085542798, 7373268.793540732003748 ], [ 5731338.277404960244894, 7373316.029724003747106 ], [ 5731335.072438926436007, 7373321.436525644734502 ], [ 5731333.283135144039989, 7373325.924097362905741 ], [ 5731331.20137788169086, 7373333.763860669918358 ], [ 5731330.651486391201615, 7373339.32793004065752 ], [ 5731330.667180077172816, 7373345.778992207720876 ], [ 5731331.124591906554997, 7373351.047049662098289 ], [ 5731332.451750036329031, 7373355.311592111364007 ], [ 5731334.51056269556284, 7373359.081840840168297 ], [ 5731342.834194865077734, 7373371.635714907199144 ], [ 5731375.291499307379127, 7373412.661845777183771 ], [ 5731381.706684229895473, 7373421.181203555315733 ], [ 5731375.369984516873956, 7373425.483485081233084 ], [ 5731326.533438290469348, 7373456.158520620316267 ], [ 5731306.359935712069273, 7373463.98882008716464 ], [ 5731295.085949276573956, 7373467.66759826708585 ], [ 5731285.863650936633348, 7373455.538211117498577 ], [ 5731276.199460503645241, 7373445.406683651730418 ], [ 5731224.394790465012193, 7373378.001319166272879 ], [ 5731219.853652209974825, 7373370.984316747635603 ], [ 5731215.105637049302459, 7373363.508853409439325 ], [ 5731209.443777061067522, 7373359.427843369543552 ], [ 5731175.178939698264003, 7373343.997948031872511 ], [ 5731087.523395471274853, 7373306.739444945007563 ], [ 5731079.602475423365831, 7373304.289562042802572 ], [ 5731070.290353612974286, 7373304.476645935326815 ], [ 5731038.063361342996359, 7373263.539120052009821 ], [ 5731036.281763607636094, 7373263.271105825901031 ], [ 5731032.14150945097208, 7373262.641176508739591 ], [ 5731000.790335363708436, 7373257.859098289161921 ], [ 5730992.983270615339279, 7373256.664822014048696 ], [ 5730933.807470159605145, 7373250.585184764117002 ], [ 5730862.024701304733753, 7373243.79677227139473 ], [ 5730793.263501346111298, 7373240.205511502921581 ], [ 5730755.363629050552845, 7373240.595064369961619 ], [ 5730717.46375965513289, 7373240.984520925208926 ], [ 5730682.413918797858059, 7373243.184675728902221 ], [ 5730637.648613104596734, 7373253.461104838177562 ], [ 5730627.144370431080461, 7373255.359569084830582 ], [ 5730616.629374153912067, 7373257.247400917112827 ], [ 5730595.610125587321818, 7373261.033664677292109 ], [ 5730565.845122132450342, 7373263.862121967598796 ], [ 5730550.392634415067732, 7373264.300243007950485 ], [ 5730534.980928135104477, 7373264.736307920888066 ], [ 5730490.032309356145561, 7373265.198705182410777 ], [ 5730463.65991997346282, 7373273.337878448888659 ], [ 5730418.476956704631448, 7373287.742139436304569 ], [ 5730375.500330717302859, 7373290.650513088330626 ], [ 5730335.660661401227117, 7373290.879244856536388 ], [ 5730328.293662370182574, 7373290.923948898911476 ], [ 5730324.053124386817217, 7373290.946250094100833 ], [ 5730303.185065441764891, 7373294.077102418988943 ], [ 5730299.857638608664274, 7373294.578355621546507 ], [ 5730298.090334890410304, 7373294.186758847907186 ], [ 5730325.029133544303477, 7373450.415405243635178 ], [ 5730363.004730192013085, 7373668.67832188680768 ], [ 5730384.056255938485265, 7373768.776944017969072 ], [ 5730408.109137698076665, 7373861.425499215722084 ], [ 5730413.192302252165973, 7373872.75763457082212 ], [ 5730442.475344537757337, 7373979.476910203695297 ], [ 5730449.497082645073533, 7373977.217092939652503 ], [ 5730457.096155102364719, 7373977.105022224597633 ], [ 5730485.877606828697026, 7373976.659312915056944 ], [ 5730518.615555771626532, 7373977.254701236262918 ], [ 5730557.541619182564318, 7373974.861644024029374 ], [ 5730583.553897509351373, 7373977.914041029289365 ], [ 5730611.048615595325828, 7373994.286873170174658 ], [ 5730703.608304366469383, 7374062.390440397895873 ], [ 5730709.200508723035455, 7374066.508645817637444 ], [ 5730731.492066835984588, 7374073.240714291110635 ], [ 5730738.196463150903583, 7374075.271761292591691 ], [ 5730744.360668785870075, 7374077.128905715420842 ], [ 5730745.214713202789426, 7374077.242458483204246 ], [ 5730730.844034825451672, 7374090.362465025857091 ], [ 5730727.054008702747524, 7374111.090488729998469 ], [ 5730759.142413221299648, 7374133.685170920565724 ], [ 5730761.550629172474146, 7374186.853113106451929 ], [ 5730766.116876521147788, 7374193.556453825905919 ], [ 5730786.309765140525997, 7374185.268674178048968 ], [ 5730907.298054869286716, 7374210.794429842382669 ], [ 5730932.226522046141326, 7374201.54398328345269 ], [ 5730977.602588284760714, 7374186.448369037359953 ], [ 5730989.573395298793912, 7374181.563130144961178 ], [ 5731000.845057288184762, 7374171.477756450884044 ], [ 5731029.711776849813759, 7374181.943558832630515 ], [ 5731054.864311592653394, 7374187.828872420825064 ], [ 5731091.144338379614055, 7374189.339836431667209 ], [ 5731114.708422152325511, 7374181.016809700988233 ], [ 5731122.941587970592082, 7374171.083368631079793 ], [ 5731125.80205415841192, 7374132.363321853801608 ], [ 5731130.914850103668869, 7374121.14608152769506 ], [ 5731137.677850970067084, 7374099.376013715751469 ], [ 5731144.481817327439785, 7374105.855677028186619 ], [ 5731150.195689117535949, 7374101.763378791511059 ], [ 5731157.082427338697016, 7374100.894098239019513 ], [ 5731160.516038137488067, 7374102.720312347635627 ], [ 5731165.568204001523554, 7374105.436643848195672 ], [ 5731200.839386826381087, 7374128.708478798158467 ], [ 5731204.886788792908192, 7374132.591320514678955 ], [ 5731214.149785790592432, 7374150.445083945989609 ], [ 5731265.269891354255378, 7374128.184978325851262 ], [ 5731257.834335468709469, 7374108.241705184802413 ], [ 5731249.935868080705404, 7374093.355814157053828 ], [ 5731237.963625356554985, 7374085.315408768132329 ], [ 5731250.500779175199568, 7374082.154047278687358 ], [ 5731263.008068110793829, 7374082.487978547811508 ], [ 5731276.496759481728077, 7374084.87129513733089 ], [ 5731297.709727379493415, 7374090.261309586465359 ], [ 5731311.73733336571604, 7374095.452858073636889 ], [ 5731319.808832381851971, 7374099.681197601370513 ], [ 5731324.869185552000999, 7374105.221148346550763 ], [ 5731327.718496887013316, 7374111.106186836957932 ], [ 5731372.885372832417488, 7374206.225583599880338 ], [ 5731391.34539438597858, 7374196.606015371158719 ], [ 5731397.484528105705976, 7374198.162804679013789 ], [ 5731402.236824289895594, 7374203.059589916840196 ], [ 5731454.228762192651629, 7374289.92318676225841 ], [ 5731471.480720087885857, 7374319.756043573841453 ], [ 5731480.735137207433581, 7374327.608712464570999 ], [ 5731493.244557037018239, 7374338.211802875623107 ], [ 5731514.865643763914704, 7374348.693588078953326 ], [ 5731549.679321066476405, 7374362.377032024785876 ], [ 5731554.877892918884754, 7374363.724139353260398 ], [ 5731559.559598663821816, 7374363.523225584067404 ], [ 5731560.063620520755649, 7374359.289767078123987 ], [ 5731560.316211973316967, 7374350.023493824526668 ], [ 5731562.094903141260147, 7374342.455632356926799 ], [ 5731562.60077967774123, 7374338.668576141819358 ], [ 5731570.098778756335378, 7374332.845911186188459 ], [ 5731574.774884721264243, 7374330.077917819842696 ], [ 5731583.327371399849653, 7374326.948396632447839 ], [ 5731582.688653761520982, 7374321.120115923695266 ], [ 5731580.876326718367636, 7374304.690503772348166 ], [ 5731578.815183085389435, 7374285.9404083378613 ], [ 5731573.971459398977458, 7374255.073321957141161 ], [ 5731568.75531030446291, 7374225.140202993527055 ], [ 5731558.889290759339929, 7374201.568069458007812 ], [ 5731555.282470832578838, 7374186.456179313361645 ], [ 5731551.237514482811093, 7374165.438994352705777 ], [ 5731549.513501996174455, 7374141.570810002274811 ], [ 5731548.573601134121418, 7374127.463950425386429 ], [ 5731551.500199997797608, 7374113.208136117085814 ], [ 5731566.214436599053442, 7374086.518762142397463 ], [ 5731597.234027481637895, 7374043.508256003260612 ], [ 5731603.153446824289858, 7374035.554411938413978 ], [ 5731621.943536800332367, 7373989.182390954345465 ], [ 5731672.326138529926538, 7373893.4863226916641 ], [ 5731710.17440443020314, 7373806.744892936199903 ], [ 5731724.716064400970936, 7373760.46254207752645 ], [ 5731726.202641508542001, 7373756.257970213890076 ], [ 5731741.078893794678152, 7373713.809853293932974 ], [ 5731744.135192466899753, 7373708.700621074065566 ], [ 5731765.954759001731873, 7373648.323738496750593 ], [ 5731770.52324519213289, 7373632.366959363222122 ], [ 5731777.224730461835861, 7373618.390696903690696 ], [ 5731781.583570341579616, 7373612.144593769684434 ], [ 5731823.851077666506171, 7373572.744310807436705 ], [ 5731829.191790565848351, 7373566.102951605804265 ], [ 5731819.883745014667511, 7373558.197450164705515 ], [ 5731749.110686105675995, 7373495.181420042179525 ], [ 5731716.103657172992826, 7373466.696372544392943 ], [ 5731700.166680715046823, 7373452.336154744029045 ], [ 5731682.104161952622235, 7373431.440753385424614 ], [ 5731661.644558276049793, 7373408.801299174316227 ], [ 5731644.745193148031831, 7373388.885723128914833 ], [ 5731606.246172466315329, 7373341.308865166269243 ], [ 5731601.366601071320474, 7373335.704180877655745 ], [ 5731477.542210233397782, 7373296.486501155421138 ] ] ] } },
{ "type": "Feature", "properties": { "lv_id": "LOC_051239", "id": 283373.0, "CD_SETOR": "351060905000181", "SITUACAO": "Urbana", "CD_SIT": "1", "CD_TIPO": "0", "AREA_KM2": 0.0095863391872819999, "CD_REGIAO": "3", "NM_REGIAO": "Sudeste", "CD_UF": "35", "NM_UF": "São Paulo", "CD_MUN": "3510609", "NM_MUN": "Carapicuíba", "CD_DIST": "351060905", "NM_DIST": "Carapicuíba", "CD_SUBDIST": "35106090500", "NM_SUBDIST": null, "CD_BAIRRO": null, "NM_BAIRRO": null, "CD_NU": null, "NM_NU": null, "CD_FCU": "35106090083", "NM_FCU": "Comunidade Brasilia", "CD_AGLOM": null, "NM_AGLOM": null, "CD_RGINT": "3501", "NM_RGINT": "São Paulo", "CD_RGI": "350001", "NM_RGI": "São Paulo", "CD_CONCURB": "3550308", "NM_CONCURB": "São Paulo/SP", "mun_code_x": "3510609", "index_right": 82516, "dist_m": 159.64162072524877, "local_id": 556425, "ano": 2022, "cod_localidade_ibge": 3510609, "NR_ZONA": "303", "nr_cep": 6326040.0, "nm_localidade": "CARAPICUÍBA", "nm_locvot": "E.E. PROF. MANOEL DA CONCEIÇÃO SANTOS", "ds_endereco": "RUA DO BOSQUE, 100", "ds_bairro": "COHAB", "pred_long": -46.8274638, "pred_lat": -23.5306171, "pred_dist": 0.0, "tse_long": -46.8279083, "tse_lat": -23.5311489, "long": -46.8279083, "lat": -23.5311489, "ID_UNICO": "LOC_051239", "SG_UF": "SP", "CD_MUNICIPIO": "63134", "NR_LOCAL_VOTACAO": "1104", "QT_SECOES_AGREGADAS": 0, "QT_ELEITORES_TRANSFERIDOS": 20, "CIRO GOMES (PDT) (NÃO ELEITO) 1T": 272.0, "CONSTITUINTE EYMAEL (DC) (NÃO ELEITO) 1T": 1.0, "FELIPE D AVILA (NOVO) (NÃO ELEITO) 1T": 29.0, "JAIR BOLSONARO (PL) (2º TURNO) 1T": 1776.0, "LULA (PT) (2º TURNO) 1T": 2473.0, "LÉO PÉRICLES (UP) (NÃO ELEITO) 1T": 4.0, "PADRE KELMON (PTB) (NÃO ELEITO) 1T": 2.0, "SIMONE TEBET (MDB) (NÃO ELEITO) 1T": 416.0, "SOFIA MANZANO (PCB) (NÃO ELEITO) 1T": 2.0, "SORAYA THRONICKE (UNIÃO) (NÃO ELEITO) 1T": 37.0, "VERA (PSTU) (NÃO ELEITO) 1T": 4.0, "Total_Votos_Validos 1T": 5016.0, "Votos_Brancos 1T": 130.0, "Votos_Nulos 1T": 208.0, "Abstenções 1T": 1672.0, "Eleitores_Aptos 1T": 7026.0, "JAIR BOLSONARO (PL) (NÃO ELEITO) 2T": 2253.0, "LULA (PT) (ELEITO) 2T": 2763.0, "Total_Votos_Validos 2T": 5016.0, "Votos_Brancos 2T": 86.0, "Votos_Nulos 2T": 256.0, "Abstenções 2T": 1668.0, "Eleitores_Aptos 2T": 7026.0, "mun_code_y": "3510609", "mun_code": "3510609" }, "geometry": { "type": "Polygon", "coordinates": [ [ [ 5731928.661138946190476, 7378079.8674899879843 ], [ 5731903.529355539940298, 7378074.527413679286838 ], [ 5731883.738008689135313, 7378099.78420951589942 ], [ 5731876.39108060952276, 7378116.671944578178227 ], [ 5731876.624287522397935, 7378126.6729356944561 ], [ 5731879.397384918294847, 7378133.276333935558796 ], [ 5731878.747247651219368, 7378136.434312338009477 ], [ 5731870.535014857538044, 7378159.75018697604537 ], [ 5731870.417037312872708, 7378163.328047044575214 ], [ 5731862.730220571160316, 7378178.937919770367444 ], [ 5731859.966014835052192, 7378189.725051330402493 ], [ 5731852.387796870432794, 7378219.807074011303484 ], [ 5731833.201546982862055, 7378244.698578266426921 ], [ 5731829.671515440568328, 7378251.818080590106547 ], [ 5731917.118540031835437, 7378260.594526993110776 ], [ 5731894.209520605392754, 7378268.660826004110277 ], [ 5731876.80506700463593, 7378277.009944599121809 ], [ 5731860.375915935263038, 7378286.25906927138567 ], [ 5731849.460248189046979, 7378301.092722546309233 ], [ 5731840.696086940355599, 7378316.83455628529191 ], [ 5731833.145368616096675, 7378340.708879346959293 ], [ 5731829.324632178992033, 7378362.086081562563777 ], [ 5731828.287216730415821, 7378381.459999101236463 ], [ 5731828.709377942606807, 7378392.791011791676283 ], [ 5731834.960764127783477, 7378418.698831271380186 ], [ 5731845.675972577184439, 7378442.06169343367219 ], [ 5731857.039338624104857, 7378459.766317469999194 ], [ 5731871.232148578390479, 7378477.005758479237556 ], [ 5731896.118462649174035, 7378503.64501659758389 ], [ 5731948.044906533323228, 7378558.077139537781477 ], [ 5731957.268475569784641, 7378567.729043139144778 ], [ 5731980.601251097396016, 7378591.711150264367461 ], [ 5732006.202306667342782, 7378616.684891995042562 ], [ 5732029.659984430298209, 7378641.118382452055812 ], [ 5732034.598998363129795, 7378646.251670781522989 ], [ 5732040.806563292630017, 7378657.751065361313522 ], [ 5732054.133899070322514, 7378651.492217352613807 ], [ 5732069.403937770985067, 7378659.167349586263299 ], [ 5732083.328268063254654, 7378657.700779551640153 ], [ 5732162.168944332748652, 7378674.062127565965056 ], [ 5732247.455183517187834, 7378692.958290576934814 ], [ 5732255.673209249041975, 7378702.124597290530801 ], [ 5732249.533509681932628, 7378751.602315913885832 ], [ 5732265.546875640749931, 7378754.295163234695792 ], [ 5732319.816856519319117, 7378743.588082144968212 ], [ 5732371.35082551650703, 7378740.340247862040997 ], [ 5732400.378430053591728, 7378733.574661729857326 ], [ 5732406.197971039451659, 7378727.668772201985121 ], [ 5732413.223710686899722, 7378728.310725227929652 ], [ 5732419.528878852725029, 7378732.337474695406854 ], [ 5732417.416362365707755, 7378709.068909555673599 ], [ 5732439.26487217284739, 7378675.448238886892796 ], [ 5732472.261901625432074, 7378629.61600399762392 ], [ 5732495.326881856657565, 7378603.982471741735935 ], [ 5732519.790257705375552, 7378581.169991545379162 ], [ 5732547.052689482457936, 7378559.947561490349472 ], [ 5732580.930464902892709, 7378541.184612800367177 ], [ 5732616.753501224331558, 7378525.751101257279515 ], [ 5732589.161182855255902, 7378434.717406094074249 ], [ 5732631.162429739721119, 7378421.184735162183642 ], [ 5732635.111571157351136, 7378416.321121603250504 ], [ 5732607.457235150039196, 7378331.418809267692268 ], [ 5732558.182707089930773, 7378354.904135401360691 ], [ 5732470.613982835784554, 7378381.187498664483428 ], [ 5732443.750580774620175, 7378383.569914295338094 ], [ 5732424.241809105500579, 7378383.764768680557609 ], [ 5732415.80025611165911, 7378382.613268121145666 ], [ 5732399.22590371593833, 7378380.350617039948702 ], [ 5732369.012468612752855, 7378376.046757226809859 ], [ 5732371.403991341590881, 7378366.606414946727455 ], [ 5732377.673819499090314, 7378342.896109327673912 ], [ 5732379.496584380045533, 7378339.266392249614 ], [ 5732386.548130380921066, 7378310.940334962680936 ], [ 5732393.378647156059742, 7378280.850487319752574 ], [ 5732401.371960142627358, 7378251.115450656972826 ], [ 5732405.110121369361877, 7378219.706872133538127 ], [ 5732387.231984727084637, 7378217.12998425308615 ], [ 5732367.472334722056985, 7378223.967908972874284 ], [ 5732352.720462739467621, 7378220.319219378754497 ], [ 5732348.07598473969847, 7378212.280217945575714 ], [ 5732345.658439760096371, 7378208.092467629350722 ], [ 5732337.574635412544012, 7378174.786257106810808 ], [ 5732332.310049473308027, 7378156.374849734827876 ], [ 5732327.211018642410636, 7378144.96520037855953 ], [ 5732316.199424606747925, 7378135.135090764611959 ], [ 5732301.911866776645184, 7378123.582438806071877 ], [ 5732277.285235890187323, 7378105.224524445831776 ], [ 5732274.418372916057706, 7378096.951465353369713 ], [ 5732294.492603933438659, 7378093.960097569972277 ], [ 5732308.660154120065272, 7378100.037972965277731 ], [ 5732316.845551021397114, 7378063.093577990308404 ], [ 5732317.022131111472845, 7378061.510831682011485 ], [ 5732317.461290604434907, 7378059.658208831213415 ], [ 5732267.474577234126627, 7378046.543140196241438 ], [ 5732143.100594194605947, 7378019.579908573068678 ], [ 5732143.46946963109076, 7378027.174241213127971 ], [ 5732144.919199189171195, 7378057.240312483161688 ], [ 5732142.396219504065812, 7378070.192179067060351 ], [ 5732130.704532895237207, 7378125.182811141014099 ], [ 5731998.432241431437433, 7378096.481359720230103 ], [ 5731928.661138946190476, 7378079.8674899879843 ] ] ] } },
{ "type": "Feature", "properties": { "lv_id": "LOC_051240", "id": 283833.0, "CD_SETOR": "351060910000009", "SITUACAO": "Urbana", "CD_SIT": "2", "CD_TIPO": "0", "AREA_KM2": 0.19056918732077899, "CD_REGIAO": "3", "NM_REGIAO": "Sudeste", "CD_UF": "35", "NM_UF": "São Paulo", "CD_MUN": "3510609", "NM_MUN": "Carapicuíba", "CD_DIST": "351060910", "NM_DIST": "Aldeia de Carapicuíba", "CD_SUBDIST": "35106091000", "NM_SUBDIST": null, "CD_BAIRRO": null, "NM_BAIRRO": null, "CD_NU": null, "NM_NU": null, "CD_FCU": "35106090038", "NM_FCU": "Comunidade do Paraguai", "CD_AGLOM": null, "NM_AGLOM": null, "CD_RGINT": "3501", "NM_RGINT": "São Paulo", "CD_RGI": "350001", "NM_RGI": "São Paulo", "CD_CONCURB": "3550308", "NM_CONCURB": "São Paulo/SP", "mun_code_x": "3510609", "index_right": 82560, "dist_m": 312.87635781273315, "local_id": 556469, "ano": 2022, "cod_localidade_ibge": 3510609, "NR_ZONA": "388", "nr_cep": 6342180.0, "nm_localidade": "CARAPICUÍBA", "nm_locvot": "EE. PROFESSOR JOÃO GARCIA DE HARO", "ds_endereco": "AVENIDA ARGENTINA, 199", "ds_bairro": "VILA HELENA", "pred_long": -46.823926, "pred_lat": -23.581702, "pred_dist": 0.0, "tse_long": -46.824456, "tse_lat": -23.5817355, "long": -46.824456, "lat": -23.5817355, "ID_UNICO": "LOC_051240", "SG_UF": "SP", "CD_MUNICIPIO": "63134", "NR_LOCAL_VOTACAO": "1139", "QT_SECOES_AGREGADAS": 0, "QT_ELEITORES_TRANSFERIDOS": 6, "CIRO GOMES (PDT) (NÃO ELEITO) 1T": 71.0, "CONSTITUINTE EYMAEL (DC) (NÃO ELEITO) 1T": 1.0, "FELIPE D AVILA (NOVO) (NÃO ELEITO) 1T": 9.0, "JAIR BOLSONARO (PL) (2º TURNO) 1T": 689.0, "LULA (PT) (2º TURNO) 1T": 1143.0, "LÉO PÉRICLES (UP) (NÃO ELEITO) 1T": 3.0, "PADRE KELMON (PTB) (NÃO ELEITO) 1T": 2.0, "SIMONE TEBET (MDB) (NÃO ELEITO) 1T": 85.0, "SOFIA MANZANO (PCB) (NÃO ELEITO) 1T": 0.0, "SORAYA THRONICKE (UNIÃO) (NÃO ELEITO) 1T": 12.0, "VERA (PSTU) (NÃO ELEITO) 1T": 0.0, "Total_Votos_Validos 1T": 2015.0, "Votos_Brancos 1T": 39.0, "Votos_Nulos 1T": 71.0, "Abstenções 1T": 615.0, "Eleitores_Aptos 1T": 2740.0, "JAIR BOLSONARO (PL) (NÃO ELEITO) 2T": 817.0, "LULA (PT) (ELEITO) 2T": 1223.0, "Total_Votos_Validos 2T": 2040.0, "Votos_Brancos 2T": 46.0, "Votos_Nulos 2T": 66.0, "Abstenções 2T": 588.0, "Eleitores_Aptos 2T": 2740.0, "mun_code_y": "3510609", "mun_code": "3510609" }, "geometry": { "type": "Polygon", "coordinates": [ [ [ 5732095.090972383506596, 7372505.574162516742945 ], [ 5732081.322624873369932, 7372513.308128748089075 ], [ 5732070.432948775589466, 7372519.134051999077201 ], [ 5732066.590763693675399, 7372521.190852604806423 ], [ 5732058.647668581455946, 7372527.895973835140467 ], [ 5732050.704565360210836, 7372534.601088911294937 ], [ 5732038.323588472791016, 7372548.616930602118373 ], [ 5732024.918047058396041, 7372568.711901042610407 ], [ 5732007.624988312833011, 7372586.077164478600025 ], [ 5732012.502242440357804, 7372628.205666726455092 ], [ 5732012.383245235309005, 7372628.278607966378331 ], [ 5731973.092545788735151, 7372651.713965253904462 ], [ 5731972.140007846057415, 7372652.286357218399644 ], [ 5731969.953032871708274, 7372653.925262085162103 ], [ 5731946.458449749276042, 7372671.545478008687496 ], [ 5731938.871446546167135, 7372675.564796151593328 ], [ 5731876.617030165158212, 7372693.933428532443941 ], [ 5731869.083067041821778, 7372696.152878819033504 ], [ 5731866.675979954190552, 7372696.865144936367869 ], [ 5731855.325746562331915, 7372699.208898373879492 ], [ 5731851.349743627011776, 7372700.022125633433461 ], [ 5731849.731353240087628, 7372700.359981608577073 ], [ 5731782.033219368197024, 7372714.312758712098002 ], [ 5731781.861018000170588, 7372714.343714062124491 ], [ 5731779.575322844088078, 7372714.826630262658 ], [ 5731693.807618003338575, 7372732.877021896652877 ], [ 5731638.807394480332732, 7372753.046494159847498 ], [ 5731597.798245046287775, 7372770.951969770714641 ], [ 5731573.340132161974907, 7372786.688574519008398 ], [ 5731556.607945138588548, 7372801.591552162542939 ], [ 5731546.87516250833869, 7372817.483324458822608 ], [ 5731538.551484164781868, 7372841.118188880383968 ], [ 5731528.480206102132797, 7372874.775148340500891 ], [ 5731521.146349630318582, 7372899.811508739367127 ], [ 5731515.002219680696726, 7372917.979179801419377 ], [ 5731503.699517352506518, 7372941.316722979769111 ], [ 5731486.333538256585598, 7372968.0834472309798 ], [ 5731461.473564242944121, 7373008.508771458640695 ], [ 5731441.373365365900099, 7373039.877306220121682 ], [ 5731425.491667492315173, 7373059.537229008972645 ], [ 5731404.36223713029176, 7373082.58542169071734 ], [ 5731387.053087143227458, 7373102.316764641553164 ], [ 5731367.565723085775971, 7373119.366564674302936 ], [ 5731365.504099345766008, 7373121.266956459730864 ], [ 5731333.662483631633222, 7373150.644728763960302 ], [ 5731328.679861566983163, 7373155.247573725879192 ], [ 5731284.52558980602771, 7373192.061973292380571 ], [ 5731239.559086610563099, 7373224.898394368588924 ], [ 5731219.971220636740327, 7373239.943704511970282 ], [ 5731198.941098891198635, 7373252.717094572260976 ], [ 5731174.585396281443536, 7373266.438302436843514 ], [ 5731164.454977737739682, 7373276.433458514511585 ], [ 5731160.02189913764596, 7373283.855097591876984 ], [ 5731157.805635787546635, 7373287.571483422070742 ], [ 5731155.58881479036063, 7373291.276734126731753 ], [ 5731155.34375767968595, 7373291.690846228972077 ], [ 5731149.842388254590333, 7373301.052393935620785 ], [ 5731151.905652344226837, 7373311.664933584630489 ], [ 5731122.188693951815367, 7373297.86023398116231 ], [ 5731093.031977587379515, 7373283.40235798060894 ], [ 5731052.873375446535647, 7373268.244987906888127 ], [ 5731041.998039962723851, 7373264.145851314067841 ], [ 5731041.328666314482689, 7373264.045409958809614 ], [ 5731038.063361342996359, 7373263.539120052009821 ], [ 5731070.290353612974286, 7373304.476645935326815 ], [ 5731079.602475423365831, 7373304.289562042802572 ], [ 5731087.523395471274853, 7373306.739444945007563 ], [ 5731175.178939698264003, 7373343.997948031872511 ], [ 5731209.443777061067522, 7373359.427843369543552 ], [ 5731215.105637049302459, 7373363.508853409439325 ], [ 5731219.853652209974825, 7373370.984316747635603 ], [ 5731224.394790465012193, 7373378.001319166272879 ], [ 5731276.199460503645241, 7373445.406683651730418 ], [ 5731285.863650936633348, 7373455.538211117498577 ], [ 5731295.085949276573956, 7373467.66759826708585 ], [ 5731306.359935712069273, 7373463.98882008716464 ], [ 5731326.533438290469348, 7373456.158520620316267 ], [ 5731375.369984516873956, 7373425.483485081233084 ], [ 5731381.706684229895473, 7373421.181203555315733 ], [ 5731375.291499307379127, 7373412.661845777183771 ], [ 5731342.834194865077734, 7373371.635714907199144 ], [ 5731334.51056269556284, 7373359.081840840168297 ], [ 5731332.451750036329031, 7373355.311592111364007 ], [ 5731331.124591906554997, 7373351.047049662098289 ], [ 5731330.667180077172816, 7373345.778992207720876 ], [ 5731330.651486391201615, 7373339.32793004065752 ], [ 5731331.20137788169086, 7373333.763860669918358 ], [ 5731333.283135144039989, 7373325.924097362905741 ], [ 5731335.072438926436007, 7373321.436525644734502 ], [ 5731338.277404960244894, 7373316.029724003747106 ], [ 5731382.575630085542798, 7373268.793540732003748 ], [ 5731384.93829882144928, 7373265.962761610746384 ], [ 5731388.383661456406116, 7373260.867609281092882 ], [ 5731407.104779705405235, 7373238.297344335354865 ], [ 5731477.542210233397782, 7373296.486501155421138 ], [ 5731601.366601071320474, 7373335.704180877655745 ], [ 5731606.246172466315329, 7373341.308865166269243 ], [ 5731644.745193148031831, 7373388.885723128914833 ], [ 5731661.644558276049793, 7373408.801299174316227 ], [ 5731682.104161952622235, 7373431.440753385424614 ], [ 5731700.166680715046823, 7373452.336154744029045 ], [ 5731716.103657172992826, 7373466.696372544392943 ], [ 5731749.110686105675995, 7373495.181420042179525 ], [ 5731819.883745014667511, 7373558.197450164705515 ], [ 5731829.191790565848351, 7373566.102951605804265 ], [ 5731835.289608450606465, 7373560.294328913092613 ], [ 5731852.060341536067426, 7373542.464745461940765 ], [ 5731912.360072499141097, 7373483.083840776234865 ], [ 5731919.551799591630697, 7373475.646432535722852 ], [ 5731963.588620029389858, 7373434.03596486710012 ], [ 5731987.519188262522221, 7373406.504283156245947 ], [ 5731995.133911620825529, 7373397.103335435502231 ], [ 5732012.051183082163334, 7373378.942390592768788 ], [ 5732019.693937896750867, 7373367.854473542422056 ], [ 5732034.655926545150578, 7373334.509972229599953 ], [ 5732053.803478226065636, 7373279.199846521019936 ], [ 5732057.464395273476839, 7373266.157098025083542 ], [ 5732066.406362282112241, 7373240.381069695577025 ], [ 5732068.351011251099408, 7373234.099542563781142 ], [ 5732071.642028200440109, 7373220.405570760369301 ], [ 5732073.114096779376268, 7373203.040996287018061 ], [ 5732072.547751755453646, 7373192.331015583127737 ], [ 5732072.384321359917521, 7373190.698313523083925 ], [ 5732070.346047071740031, 7373171.199054795317352 ], [ 5732066.397121991962194, 7373148.647735334001482 ], [ 5732062.180515520274639, 7373128.50978322699666 ], [ 5732061.844446611590683, 7373126.082032119855285 ], [ 5732059.26504148542881, 7373106.185725568793714 ], [ 5732059.073020977899432, 7373074.147681162692606 ], [ 5732058.317298157140613, 7373052.295810716226697 ], [ 5732055.977144998498261, 7373044.130511401221156 ], [ 5732051.392883908934891, 7373028.085325175896287 ], [ 5732047.345274850726128, 7373009.691428608261049 ], [ 5732064.94213658105582, 7373017.594222197309136 ], [ 5732082.019378886558115, 7373022.464510709047318 ], [ 5732136.682957873679698, 7373030.897764889523387 ], [ 5732159.320617768913507, 7373065.80674787145108 ], [ 5732173.172935396432877, 7373100.397137900814414 ], [ 5732185.78286686912179, 7373127.314156809821725 ], [ 5732200.476668255403638, 7373168.917115540243685 ], [ 5732207.153622086159885, 7373185.929003329947591 ], [ 5732219.425614640116692, 7373220.799569506198168 ], [ 5732228.908157175406814, 7373244.245559198781848 ], [ 5732235.65583323687315, 7373275.54201396740973 ], [ 5732236.516179662197828, 7373296.417560671456158 ], [ 5732308.544155874289572, 7373297.248891368508339 ], [ 5732339.688581961207092, 7373289.916176807135344 ], [ 5732360.050923947244883, 7373377.39231404196471 ], [ 5732368.568141156807542, 7373461.00853774137795 ], [ 5732447.434616979211569, 7373385.233472632244229 ], [ 5732480.121356430463493, 7373362.965687241405249 ], [ 5732502.873052078299224, 7373354.993105947971344 ], [ 5732523.277462819591165, 7373344.436847969889641 ], [ 5732529.808968033641577, 7373339.744665171951056 ], [ 5732566.42104656342417, 7373313.406297588720918 ], [ 5732581.860838741995394, 7373302.295231021940708 ], [ 5732615.465692732483149, 7373273.261043518781662 ], [ 5732667.511705197393894, 7373232.641255882568657 ], [ 5732698.323406896553934, 7373218.258404314517975 ], [ 5732709.232825038023293, 7373008.856963090598583 ], [ 5732721.45513366907835, 7373016.783182457089424 ], [ 5732725.332884864881635, 7373036.871253335848451 ], [ 5732747.043143157847226, 7373035.670303219929338 ], [ 5732789.306415800005198, 7373033.426839666441083 ], [ 5732806.350121156312525, 7373033.129727335646749 ], [ 5732829.252571076154709, 7373035.530205763876438 ], [ 5732845.691893267445266, 7373037.451274390332401 ], [ 5732845.733075685799122, 7373031.945979526266456 ], [ 5732857.797609478235245, 7373031.820537828840315 ], [ 5732900.016113574616611, 7373031.744574038311839 ], [ 5732910.134476482868195, 7373031.739087379537523 ], [ 5732922.587745802477002, 7373023.456436783075333 ], [ 5732912.511944066733122, 7373010.432867087423801 ], [ 5732908.452933668158948, 7373000.813359691761434 ], [ 5732905.8881656806916, 7372992.458389801904559 ], [ 5732905.06773323379457, 7372984.239130578935146 ], [ 5732905.274733033031225, 7372965.921831073239446 ], [ 5732902.641312920488417, 7372929.663431726396084 ], [ 5732901.905171255581081, 7372900.677225237712264 ], [ 5732900.026084266602993, 7372877.441385645419359 ], [ 5732899.054322355426848, 7372860.69021730683744 ], [ 5732897.181557660922408, 7372843.09125064406544 ], [ 5732894.954523596912622, 7372837.398395818658173 ], [ 5732891.192651726305485, 7372831.670947769656777 ], [ 5732889.399979408830404, 7372830.365578755736351 ], [ 5732886.313321262598038, 7372828.12050748616457 ], [ 5732880.221735974773765, 7372824.854164138436317 ], [ 5732867.9979597479105, 7372819.551412461325526 ], [ 5732860.899607868865132, 7372814.549553297460079 ], [ 5732855.826009227894247, 7372808.140032269060612 ], [ 5732855.117048614658415, 7372807.249106264673173 ], [ 5732851.397391868755221, 7372798.282341302372515 ], [ 5732849.381850587204099, 7372793.750960206612945 ], [ 5732847.366310046985745, 7372789.219579147174954 ], [ 5732843.276307081803679, 7372783.062086941674352 ], [ 5732836.196287790313363, 7372776.384892966598272 ], [ 5732827.824374498799443, 7372770.442298658192158 ], [ 5732822.548425482586026, 7372767.135008363053203 ], [ 5732821.389524090103805, 7372764.402486326172948 ], [ 5732821.00719425920397, 7372760.84959895722568 ], [ 5732822.476697616279125, 7372757.538655284792185 ], [ 5732824.926671179942787, 7372753.397112304344773 ], [ 5732840.493097928352654, 7372735.648497231304646 ], [ 5732851.416809525340796, 7372723.156107380986214 ], [ 5732853.816579624079168, 7372718.012427741661668 ], [ 5732854.97621862590313, 7372712.596107587218285 ], [ 5732854.691827794536948, 7372706.917381396517158 ], [ 5732854.033823252655566, 7372693.778367936611176 ], [ 5732854.379434118978679, 7372686.393609543330967 ], [ 5732857.10892235301435, 7372679.670593369752169 ], [ 5732860.850753589533269, 7372674.794431652873755 ], [ 5732866.445435305126011, 7372669.568526507355273 ], [ 5732873.48365071695298, 7372663.779002100229263 ], [ 5732881.46902300324291, 7372649.759633868932724 ], [ 5732883.594666716642678, 7372642.408313075080514 ], [ 5732883.880910015664995, 7372641.389297589659691 ], [ 5732882.36566561087966, 7372632.97049835883081 ], [ 5732870.971747192554176, 7372609.542485945858061 ], [ 5732862.446884239092469, 7372596.463451584801078 ], [ 5732850.699593073688447, 7372578.835480980575085 ], [ 5732850.069409677758813, 7372577.884790051728487 ], [ 5732836.355742645449936, 7372562.420623434707522 ], [ 5732828.945798639208078, 7372554.05211721919477 ], [ 5732805.439240919426084, 7372535.697151665575802 ], [ 5732778.433846582658589, 7372520.129851366393268 ], [ 5732774.950054210610688, 7372518.116805256344378 ], [ 5732769.818356608971953, 7372515.851583415642381 ], [ 5732706.788524615578353, 7372488.295055517926812 ], [ 5732674.310123071074486, 7372474.051586023531854 ], [ 5732665.239107229746878, 7372470.064040459692478 ], [ 5732630.294594619423151, 7372454.738686092197895 ], [ 5732581.028627252206206, 7372432.418482393026352 ], [ 5732554.894558107480407, 7372420.56901272572577 ], [ 5732506.965634251013398, 7372404.332178704440594 ], [ 5732471.377200494520366, 7372394.307637601159513 ], [ 5732456.859241071157157, 7372391.553266810253263 ], [ 5732446.822438789531589, 7372389.299638148397207 ], [ 5732446.549223785288632, 7372405.075014844536781 ], [ 5732433.068855362012982, 7372417.739999448880553 ], [ 5732415.644899122416973, 7372425.534960195422173 ], [ 5732395.985034423880279, 7372436.031793356873095 ], [ 5732373.345603910274804, 7372434.577759343199432 ], [ 5732340.224817882291973, 7372437.098710943944752 ], [ 5732323.422196501865983, 7372433.621611276641488 ], [ 5732303.588484138250351, 7372432.886260829865932 ], [ 5732252.999741217121482, 7372434.564142543822527 ], [ 5732207.595506091602147, 7372445.079351596534252 ], [ 5732191.716073425486684, 7372447.795701368711889 ], [ 5732179.372217770665884, 7372448.660333670675755 ], [ 5732156.212113883346319, 7372450.893413227051497 ], [ 5732142.044888333417475, 7372452.083867334760725 ], [ 5732136.560702837072313, 7372455.026743175461888 ], [ 5732131.076515045017004, 7372457.969616429880261 ], [ 5732119.765712713822722, 7372455.37780568189919 ], [ 5732109.918190171942115, 7372457.110664728097618 ], [ 5732106.394551184028387, 7372471.86567944381386 ], [ 5732104.883939734660089, 7372474.765559818595648 ], [ 5732100.427531086839736, 7372483.338628340512514 ], [ 5732096.671052470803261, 7372494.053297649137676 ], [ 5732095.090972383506596, 7372505.574162516742945 ] ] ] } },
{ "type": "Feature", "properties": { "lv_id": "LOC_051241", "id": 283998.0, "CD_SETOR": "351060930000155", "SITUACAO": "Urbana", "CD_SIT": "1", "CD_TIPO": "0", "AREA_KM2": 0.066946389379933996, "CD_REGIAO": "3", "NM_REGIAO": "Sudeste", "CD_UF": "35", "NM_UF": "São Paulo", "CD_MUN": "3510609", "NM_MUN": "Carapicuíba", "CD_DIST": "351060930", "NM_DIST": "Vila Dirce", "CD_SUBDIST": "35106093000", "NM_SUBDIST": null, "CD_BAIRRO": null, "NM_BAIRRO": null, "CD_NU": null, "NM_NU": null, "CD_FCU": null, "NM_FCU": null, "CD_AGLOM": null, "NM_AGLOM": null, "CD_RGINT": "3501", "NM_RGINT": "São Paulo", "CD_RGI": "350001", "NM_RGI": "São Paulo", "CD_CONCURB": "3550308", "NM_CONCURB": "São Paulo/SP", "mun_code_x": "3510609", "index_right": 82528, "dist_m": 0.0, "local_id": 556437, "ano": 2022, "cod_localidade_ibge": 3510609, "NR_ZONA": "388", "nr_cep": 6333300.0, "nm_localidade": "CARAPICUÍBA", "nm_locvot": "EMEF. PROFESSORA  NOEMY DA SILVEIRA RUDOLFER", "ds_endereco": "RUA PITANGUEIRAS, 20", "ds_bairro": "JARDIM SANTA BRIGIDA", "pred_long": -46.832592, "pred_lat": -23.560616, "pred_dist": 0.0, "tse_long": -46.8325521, "tse_lat": -23.5606276, "long": -46.8325521, "lat": -23.5606276, "ID_UNICO": "LOC_051241", "SG_UF": "SP", "CD_MUNICIPIO": "63134", "NR_LOCAL_VOTACAO": "1147", "QT_SECOES_AGREGADAS": 0, "QT_ELEITORES_TRANSFERIDOS": 14, "CIRO GOMES (PDT) (NÃO ELEITO) 1T": 144.0, "CONSTITUINTE EYMAEL (DC) (NÃO ELEITO) 1T": 1.0, "FELIPE D AVILA (NOVO) (NÃO ELEITO) 1T": 13.0, "JAIR BOLSONARO (PL) (2º TURNO) 1T": 1564.0, "LULA (PT) (2º TURNO) 1T": 1857.0, "LÉO PÉRICLES (UP) (NÃO ELEITO) 1T": 1.0, "PADRE KELMON (PTB) (NÃO ELEITO) 1T": 3.0, "SIMONE TEBET (MDB) (NÃO ELEITO) 1T": 265.0, "SOFIA MANZANO (PCB) (NÃO ELEITO) 1T": 5.0, "SORAYA THRONICKE (UNIÃO) (NÃO ELEITO) 1T": 24.0, "VERA (PSTU) (NÃO ELEITO) 1T": 0.0, "Total_Votos_Validos 1T": 3877.0, "Votos_Brancos 1T": 93.0, "Votos_Nulos 1T": 136.0, "Abstenções 1T": 1021.0, "Eleitores_Aptos 1T": 5127.0, "JAIR BOLSONARO (PL) (NÃO ELEITO) 2T": 1918.0, "LULA (PT) (ELEITO) 2T": 2047.0, "Total_Votos_Validos 2T": 3965.0, "Votos_Brancos 2T": 97.0, "Votos_Nulos 2T": 153.0, "Abstenções 2T": 912.0, "Eleitores_Aptos 2T": 5127.0, "mun_code_y": "3510609", "mun_code": "3510609" }, "geometry": { "type": "Polygon", "coordinates": [ [ [ 5731529.593111670576036, 7374736.228631370700896 ], [ 5731530.553261699154973, 7374726.391161306761205 ], [ 5731528.32119666878134, 7374713.219661671668291 ], [ 5731522.38913276232779, 7374703.12443320825696 ], [ 5731508.531532237306237, 7374684.976017655804753 ], [ 5731440.499522970989347, 7374601.77259829454124 ], [ 5731387.821213732473552, 7374626.432601248845458 ], [ 5731380.31222730409354, 7374629.788773420266807 ], [ 5731346.817984278313816, 7374645.808719705790281 ], [ 5731320.685487819835544, 7374658.390509409829974 ], [ 5731264.082967471331358, 7374685.53460974805057 ], [ 5731121.886796130798757, 7374754.131373598240316 ], [ 5731143.856211079284549, 7374822.573280747979879 ], [ 5731143.306382621638477, 7374845.550447396934032 ], [ 5731139.552171570248902, 7374864.948557799682021 ], [ 5731133.786870641633868, 7374882.761769075877964 ], [ 5731125.80355435051024, 7374899.7594642508775 ], [ 5731120.551943299360573, 7374911.686765538528562 ], [ 5731115.577335812151432, 7374917.081435119733214 ], [ 5731003.660082247108221, 7375031.645624067634344 ], [ 5731000.778965540230274, 7375042.326885821297765 ], [ 5731007.63171836361289, 7375053.057091483846307 ], [ 5731036.119895636104047, 7375092.776280044578016 ], [ 5731039.75822844542563, 7375101.568754928186536 ], [ 5731053.266578406095505, 7375118.462498554959893 ], [ 5731068.537738312967122, 7375138.31536418478936 ], [ 5731082.930670300498605, 7375154.908124036155641 ], [ 5731097.79570184648037, 7375170.104306906461716 ], [ 5731121.409639210440218, 7375178.310609295964241 ], [ 5731164.187677178531885, 7375191.585875776596367 ], [ 5731219.573958115652204, 7375210.269103013910353 ], [ 5731228.371791778132319, 7375213.066041337326169 ], [ 5731216.51133746560663, 7375223.046868764795363 ], [ 5731191.529322694987059, 7375237.814128221943974 ], [ 5731131.832054436206818, 7375275.715891797095537 ], [ 5731177.202533513307571, 7375308.362045286223292 ], [ 5731198.188303267583251, 7375322.481836810708046 ], [ 5731225.926990997977555, 7375341.844949442893267 ], [ 5731244.958214687183499, 7375355.716446869075298 ], [ 5731252.32631738577038, 7375364.47861485555768 ], [ 5731263.758822821080685, 7375380.326438819989562 ], [ 5731322.864059308543801, 7375345.099275685846806 ], [ 5731394.548087263479829, 7375297.700546554289758 ], [ 5731464.183360862545669, 7375333.139191549271345 ], [ 5731470.229466929100454, 7375335.895124811679125 ], [ 5731522.04398709256202, 7375358.774707029573619 ], [ 5731528.623718844726682, 7375359.72910287976265 ], [ 5731525.683968894183636, 7375375.16865742020309 ], [ 5731418.652314942330122, 7375441.024384250864387 ], [ 5731448.588209487497807, 7375447.875942891463637 ], [ 5731465.223290785215795, 7375454.287928575649858 ], [ 5731482.731093239970505, 7375459.138150628656149 ], [ 5731505.774689741432667, 7375465.530807504430413 ], [ 5731515.062147255986929, 7375469.530999899841845 ], [ 5731536.978893890976906, 7375477.308327993378043 ], [ 5731552.529502891935408, 7375481.653658821247518 ], [ 5731572.883471916429698, 7375483.92796665802598 ], [ 5731589.914931907318532, 7375485.174152139574289 ], [ 5731599.227862367406487, 7375486.817766988649964 ], [ 5731605.688947464339435, 7375491.126799925230443 ], [ 5731607.932379730977118, 7375496.338978677988052 ], [ 5731608.811267560347915, 7375502.065943542867899 ], [ 5731611.280098520219326, 7375510.358821383677423 ], [ 5731617.701184534467757, 7375536.179763388819993 ], [ 5731617.919175921939313, 7375550.166479061357677 ], [ 5731618.318575621582568, 7375558.574087917804718 ], [ 5731623.766503159888089, 7375572.890672625973821 ], [ 5731641.862343192100525, 7375616.534115059301257 ], [ 5731682.950999527238309, 7375706.076319353654981 ], [ 5731701.969784534536302, 7375699.6214085733518 ], [ 5731704.027750414796174, 7375699.071914197877049 ], [ 5731725.778789734467864, 7375691.85512631200254 ], [ 5731749.561206860467792, 7375705.867987571284175 ], [ 5731696.735782211646438, 7375596.452593415044248 ], [ 5731661.79704169370234, 7375501.713544712401927 ], [ 5731806.721078539267182, 7375399.601044250652194 ], [ 5731773.177843700163066, 7375343.045896181836724 ], [ 5731697.12088811211288, 7375260.511983171105385 ], [ 5731724.709349289536476, 7375238.993949020281434 ], [ 5731696.010164410807192, 7375204.710899271070957 ], [ 5731713.854124933481216, 7375136.68689121119678 ], [ 5731713.573244855739176, 7375125.538538897410035 ], [ 5731707.144872593693435, 7375114.720265115611255 ], [ 5731630.253464471548796, 7375023.644350651651621 ], [ 5731626.774947366677225, 7375018.05868249759078 ], [ 5731624.463854574598372, 7375011.287173385731876 ], [ 5731625.103660372085869, 7375004.859093219973147 ], [ 5731628.187498554587364, 7374998.040770524181426 ], [ 5731621.259028672240674, 7374984.166707324795425 ], [ 5731612.375961265526712, 7374976.183770505711436 ], [ 5731610.409336811862886, 7374968.122506468556821 ], [ 5731605.606662647798657, 7374916.993587685748935 ], [ 5731601.302659977227449, 7374863.774665916338563 ], [ 5731603.16658253595233, 7374850.543220518156886 ], [ 5731607.493787631392479, 7374841.809691804461181 ], [ 5731631.753769178874791, 7374812.611061653122306 ], [ 5731620.958649748936296, 7374805.025265275500715 ], [ 5731606.080130124464631, 7374794.886774087324739 ], [ 5731530.930899984203279, 7374798.21333069819957 ], [ 5731525.037669659592211, 7374756.56010840088129 ], [ 5731525.246634846553206, 7374744.985424414277077 ], [ 5731529.593111670576036, 7374736.228631370700896 ] ] ] } },
{ "type": "Feature", "properties": { "lv_id": "LOC_051242", "id": 283832.0, "CD_SETOR": "351060910000004", "SITUACAO": "Urbana", "CD_SIT": "1", "CD_TIPO": "0", "AREA_KM2": 0.110339729607107, "CD_REGIAO": "3", "NM_REGIAO": "Sudeste", "CD_UF": "35", "NM_UF": "São Paulo", "CD_MUN": "3510609", "NM_MUN": "Carapicuíba", "CD_DIST": "351060910", "NM_DIST": "Aldeia de Carapicuíba", "CD_SUBDIST": "35106091000", "NM_SUBDIST": null, "CD_BAIRRO": null, "NM_BAIRRO": null, "CD_NU": null, "NM_NU": null, "CD_FCU": "35106090089", "NM_FCU": "Chácara Quiriri", "CD_AGLOM": null, "NM_AGLOM": null, "CD_RGINT": "3501", "NM_RGINT": "São Paulo", "CD_RGI": "350001", "NM_RGI": "São Paulo", "CD_CONCURB": "3550308", "NM_CONCURB": "São Paulo/SP", "mun_code_x": "3510609", "index_right": 82567, "dist_m": 156.8667483747135, "local_id": 556476, "ano": 2022, "cod_localidade_ibge": 3510609, "NR_ZONA": "388", "nr_cep": 6341000.0, "nm_localidade": "CARAPICUÍBA", "nm_locvot": "EE.  PROFESSOR ADALBERTO MECCA SAMPAIO", "ds_endereco": "RUA MINISTRO NÉLSON HUNGRIA, 500", "ds_bairro": "CHACARA QUIRIRI", "pred_long": -46.8262797, "pred_lat": -23.5697644, "pred_dist": 0.0, "tse_long": -46.8261608, "tse_lat": -23.570252, "long": -46.8261608, "lat": -23.570252, "ID_UNICO": "LOC_051242", "SG_UF": "SP", "CD_MUNICIPIO": "63134", "NR_LOCAL_VOTACAO": "1163", "QT_SECOES_AGREGADAS": 0, "QT_ELEITORES_TRANSFERIDOS": 22, "CIRO GOMES (PDT) (NÃO ELEITO) 1T": 201.0, "CONSTITUINTE EYMAEL (DC) (NÃO ELEITO) 1T": 2.0, "FELIPE D AVILA (NOVO) (NÃO ELEITO) 1T": 44.0, "JAIR BOLSONARO (PL) (2º TURNO) 1T": 2146.0, "LULA (PT) (2º TURNO) 1T": 2309.0, "LÉO PÉRICLES (UP) (NÃO ELEITO) 1T": 8.0, "PADRE KELMON (PTB) (NÃO ELEITO) 1T": 4.0, "SIMONE TEBET (MDB) (NÃO ELEITO) 1T": 325.0, "SOFIA MANZANO (PCB) (NÃO ELEITO) 1T": 3.0, "SORAYA THRONICKE (UNIÃO) (NÃO ELEITO) 1T": 31.0, "VERA (PSTU) (NÃO ELEITO) 1T": 2.0, "Total_Votos_Validos 1T": 5075.0, "Votos_Brancos 1T": 119.0, "Votos_Nulos 1T": 205.0, "Abstenções 1T": 1302.0, "Eleitores_Aptos 1T": 6701.0, "JAIR BOLSONARO (PL) (NÃO ELEITO) 2T": 2586.0, "LULA (PT) (ELEITO) 2T": 2584.0, "Total_Votos_Validos 2T": 5170.0, "Votos_Brancos 2T": 113.0, "Votos_Nulos 2T": 206.0, "Abstenções 2T": 1212.0, "Eleitores_Aptos 2T": 6701.0, "mun_code_y": "3510609", "mun_code": "3510609" }, "geometry": { "type": "MultiPolygon", "coordinates": [ [ [ [ 5731744.135192466899753, 7373708.700621074065566 ], [ 5731741.078893794678152, 7373713.809853293932974 ], [ 5731726.202641508542001, 7373756.257970213890076 ], [ 5731724.716064400970936, 7373760.46254207752645 ], [ 5731710.17440443020314, 7373806.744892936199903 ], [ 5731672.326138529926538, 7373893.4863226916641 ], [ 5731621.943536800332367, 7373989.182390954345465 ], [ 5731603.153446824289858, 7374035.554411938413978 ], [ 5731597.234027481637895, 7374043.508256003260612 ], [ 5731566.214436599053442, 7374086.518762142397463 ], [ 5731551.500199997797608, 7374113.208136117085814 ], [ 5731548.573601134121418, 7374127.463950425386429 ], [ 5731549.513501996174455, 7374141.570810002274811 ], [ 5731551.237514482811093, 7374165.438994352705777 ], [ 5731555.282470832578838, 7374186.456179313361645 ], [ 5731558.889290759339929, 7374201.568069458007812 ], [ 5731568.75531030446291, 7374225.140202993527055 ], [ 5731573.971459398977458, 7374255.073321957141161 ], [ 5731578.815183085389435, 7374285.9404083378613 ], [ 5731580.876326718367636, 7374304.690503772348166 ], [ 5731582.688653761520982, 7374321.120115923695266 ], [ 5731583.327371399849653, 7374326.948396632447839 ], [ 5731587.522242079488933, 7374326.414649264886975 ], [ 5731592.379510481841862, 7374327.477445067837834 ], [ 5731601.659160036593676, 7374331.332656165584922 ], [ 5731604.600495224818587, 7374333.328562152571976 ], [ 5731606.981973336078227, 7374335.575748797506094 ], [ 5731612.413152819499373, 7374333.395029110834002 ], [ 5731619.414527013897896, 7374330.521751143038273 ], [ 5731629.24280845746398, 7374326.535787442699075 ], [ 5731673.030431380495429, 7374317.087564757093787 ], [ 5731709.306383620016277, 7374314.824458878487349 ], [ 5731729.042487439699471, 7374319.082431832328439 ], [ 5731762.243352068588138, 7374335.056358402594924 ], [ 5731784.428683273494244, 7374349.46106371935457 ], [ 5731807.873099535703659, 7374374.741894784383476 ], [ 5731814.037594817578793, 7374391.734956888481975 ], [ 5731823.120041378773749, 7374407.80050465464592 ], [ 5731821.827658665366471, 7374471.937732534483075 ], [ 5731826.515247008763254, 7374514.399358315393329 ], [ 5731827.4501668876037, 7374522.880651485174894 ], [ 5731829.56433495040983, 7374531.4368349108845 ], [ 5731831.938527650199831, 7374536.809858433902264 ], [ 5731839.452379448339343, 7374525.985484732314944 ], [ 5731891.82469532918185, 7374529.992934985086322 ], [ 5731897.272699990309775, 7374531.215833937749267 ], [ 5731902.579858854413033, 7374534.120156747289002 ], [ 5732015.562197484076023, 7374613.072504948824644 ], [ 5732070.56192506942898, 7374532.626212183386087 ], [ 5732142.203651553019881, 7374425.839289791882038 ], [ 5732155.396125065162778, 7374411.247421776875854 ], [ 5732166.43377238791436, 7374395.46865283511579 ], [ 5732177.781451995484531, 7374385.277928726747632 ], [ 5732183.393757828511298, 7374380.587496537715197 ], [ 5732195.094937535002828, 7374377.467255195602775 ], [ 5732210.477375732734799, 7374375.602499920874834 ], [ 5732234.309668101370335, 7374380.413668656721711 ], [ 5732282.167791100218892, 7374395.540516143664718 ], [ 5732295.926311478018761, 7374400.856454446911812 ], [ 5732314.90362832415849, 7374409.147976703941822 ], [ 5732324.732740071602166, 7374414.582689869217575 ], [ 5732356.612974613904953, 7374435.198417974635959 ], [ 5732385.815103517845273, 7374469.097867203876376 ], [ 5732405.297640081495047, 7374478.904433535411954 ], [ 5732426.43090411927551, 7374474.708481417968869 ], [ 5732441.803303256630898, 7374465.487860471941531 ], [ 5732457.47069082967937, 7374454.39943814650178 ], [ 5732461.976567391306162, 7374452.521508586592972 ], [ 5732464.387674395926297, 7374452.088094675913453 ], [ 5732468.270035393536091, 7374452.049760360270739 ], [ 5732476.331989549100399, 7374452.80654767062515 ], [ 5732479.325651267543435, 7374453.393214732408524 ], [ 5732482.649919017218053, 7374454.867480327375233 ], [ 5732488.620535950176418, 7374458.363473117351532 ], [ 5732499.79144920501858, 7374467.325202263891697 ], [ 5732507.01012830529362, 7374471.249781832098961 ], [ 5732509.921882829628885, 7374472.242404583841562 ], [ 5732514.211414638906717, 7374472.987357451580465 ], [ 5732522.291504109278321, 7374473.084620613604784 ], [ 5732528.264352971687913, 7374471.311732606962323 ], [ 5732589.064474375918508, 7374446.195116929709911 ], [ 5732592.995616026222706, 7374444.066890597343445 ], [ 5732607.711229515261948, 7374437.044538060203195 ], [ 5732619.412167569622397, 7374433.510947173461318 ], [ 5732661.143695835024118, 7374417.085715184919536 ], [ 5732723.292715011164546, 7374391.152877876535058 ], [ 5732726.343218244612217, 7374388.789699069224298 ], [ 5732729.270755262114108, 7374385.807575885206461 ], [ 5732741.841442306526005, 7374369.627590735442936 ], [ 5732750.033208327367902, 7374356.636454170569777 ], [ 5732730.210757598280907, 7374334.523762917146087 ], [ 5732720.284478261135519, 7374323.881187901832163 ], [ 5732713.286830833181739, 7374316.407063430175185 ], [ 5732709.915709814988077, 7374313.383589198812842 ], [ 5732705.864900764077902, 7374311.689068073406816 ], [ 5732699.376662426628172, 7374310.105610307306051 ], [ 5732693.617250004783273, 7374309.400941645726562 ], [ 5732687.935392771847546, 7374309.429117878898978 ], [ 5732684.941854146309197, 7374310.070385677739978 ], [ 5732680.563756115734577, 7374311.640605920925736 ], [ 5732676.076390937902033, 7374314.500009888783097 ], [ 5732667.959673899225891, 7374323.066917544230819 ], [ 5732660.155839058570564, 7374333.392991656437516 ], [ 5732657.493959777057171, 7374336.372942581772804 ], [ 5732647.871191410347819, 7374345.484179861843586 ], [ 5732641.231289872899652, 7374350.471939323469996 ], [ 5732626.350256115198135, 7374357.658929396420717 ], [ 5732610.698269196785986, 7374363.533874420449138 ], [ 5732602.853451956994832, 7374365.277880208566785 ], [ 5732596.056124581955373, 7374365.484731389209628 ], [ 5732588.092800795100629, 7374347.900976628996432 ], [ 5732584.646524691954255, 7374336.632057289592922 ], [ 5732583.692663040012121, 7374331.254838272929192 ], [ 5732583.234004304744303, 7374326.377435190603137 ], [ 5732582.9847406540066, 7374320.373269547708333 ], [ 5732583.456932093948126, 7374315.918026694096625 ], [ 5732585.409008191898465, 7374306.309583580121398 ], [ 5732589.827494766563177, 7374295.126333503052592 ], [ 5732600.776108290068805, 7374276.761798739433289 ], [ 5732615.113430910743773, 7374255.23574329353869 ], [ 5732625.275741757825017, 7374238.931036416441202 ], [ 5732626.644593250006437, 7374236.462428732775152 ], [ 5732626.96023078635335, 7374235.620565604418516 ], [ 5732628.425924225710332, 7374231.818745912984014 ], [ 5732630.522072147578001, 7374223.252347761765122 ], [ 5732630.767884259112179, 7374214.477338448166847 ], [ 5732629.849883328191936, 7374208.18298227339983 ], [ 5732628.526489489711821, 7374202.36662273760885 ], [ 5732627.073048972524703, 7374197.628399082459509 ], [ 5732624.938093001954257, 7374192.343890924938023 ], [ 5732621.069202354177833, 7374186.521219218149781 ], [ 5732617.679348039440811, 7374182.918220169842243 ], [ 5732620.798072815872729, 7374178.854909389279783 ], [ 5732651.59828741196543, 7374150.508907027542591 ], [ 5732663.795210063457489, 7374157.097194297239184 ], [ 5732674.567313781939447, 7374168.099202774465084 ], [ 5732699.263140291906893, 7374184.654056808911264 ], [ 5732713.513521677814424, 7374188.35983532294631 ], [ 5732730.423738635145128, 7374191.496866666711867 ], [ 5732749.636885253712535, 7374197.554635664448142 ], [ 5732780.164961735717952, 7374221.374043373391032 ], [ 5732782.623609888367355, 7374222.300027304328978 ], [ 5732788.2740164026618, 7374223.278024301864207 ], [ 5732804.892552535049617, 7374225.078931959345937 ], [ 5732816.243449682369828, 7374225.380317609757185 ], [ 5732809.845131796784699, 7374219.874298828653991 ], [ 5732795.365199541673064, 7374206.680655343458056 ], [ 5732733.806997656822205, 7374153.909891643561423 ], [ 5732731.640755395404994, 7374151.473440520465374 ], [ 5732709.675665713846684, 7374129.434776414185762 ], [ 5732700.307765885256231, 7374123.820919381454587 ], [ 5732691.320410828106105, 7374117.64100375585258 ], [ 5732590.441177332773805, 7374030.764106544665992 ], [ 5732586.391624544747174, 7374027.663024216890335 ], [ 5732583.060855057090521, 7374025.240308132022619 ], [ 5732556.963884132914245, 7374002.125030105002224 ], [ 5732548.613483190536499, 7373994.372686717659235 ], [ 5732540.039661794900894, 7373988.283614518120885 ], [ 5732495.975790505297482, 7373950.095439858734608 ], [ 5732476.064302084036171, 7373934.361008294858038 ], [ 5732470.197296469472349, 7373933.137054288759828 ], [ 5732436.812400070950389, 7373928.403537180274725 ], [ 5732417.975940090604126, 7373923.532192442566156 ], [ 5732392.362060847692192, 7373909.657503887079656 ], [ 5732365.579544393345714, 7373892.648869290947914 ], [ 5732349.533691984601319, 7373880.62745061609894 ], [ 5732333.488932479172945, 7373858.001505244523287 ], [ 5732316.929582880809903, 7373825.087121127173305 ], [ 5732302.800905752927065, 7373793.970855060964823 ], [ 5732296.872531122528017, 7373779.053439142182469 ], [ 5732298.454953657463193, 7373774.520240512676537 ], [ 5732300.048127417452633, 7373769.997664984315634 ], [ 5732316.004807733930647, 7373712.60340565815568 ], [ 5732311.591429292224348, 7373711.217246120795608 ], [ 5732283.60248801484704, 7373706.659550618380308 ], [ 5732259.21349136531353, 7373698.260021401569247 ], [ 5732249.094212318770587, 7373694.168306656181812 ], [ 5732230.649207734502852, 7373683.628953643143177 ], [ 5732227.862914545461535, 7373682.484927473589778 ], [ 5732220.318235685117543, 7373679.391560722142458 ], [ 5732201.081261370331049, 7373673.044356865808368 ], [ 5732175.767211485654116, 7373668.218461852520704 ], [ 5732161.130675015971065, 7373655.144015491940081 ], [ 5732143.552072674967349, 7373611.854882478713989 ], [ 5732124.239147535525262, 7373573.943734903819859 ], [ 5732118.463112414814532, 7373563.90788652561605 ], [ 5732113.172604179941118, 7373543.14281920902431 ], [ 5732099.399748178198934, 7373517.087685769423842 ], [ 5732083.797738742083311, 7373486.74851730838418 ], [ 5732060.744781796820462, 7373443.945882206782699 ], [ 5732028.849270853213966, 7373381.49388340394944 ], [ 5732019.693937896750867, 7373367.854473542422056 ], [ 5732012.051183082163334, 7373378.942390592768788 ], [ 5731995.133911620825529, 7373397.103335435502231 ], [ 5731987.519188262522221, 7373406.504283156245947 ], [ 5731963.588620029389858, 7373434.03596486710012 ], [ 5731919.551799591630697, 7373475.646432535722852 ], [ 5731912.360072499141097, 7373483.083840776234865 ], [ 5731852.060341536067426, 7373542.464745461940765 ], [ 5731835.289608450606465, 7373560.294328913092613 ], [ 5731829.191790565848351, 7373566.102951605804265 ], [ 5731823.851077666506171, 7373572.744310807436705 ], [ 5731781.583570341579616, 7373612.144593769684434 ], [ 5731777.224730461835861, 7373618.390696903690696 ], [ 5731770.52324519213289, 7373632.366959363222122 ], [ 5731765.954759001731873, 7373648.323738496750593 ], [ 5731744.135192466899753, 7373708.700621074065566 ] ] ], [ [ [ 5731706.438914314843714, 7374514.786709858104587 ], [ 5731696.631082355976105, 7374518.57074187323451 ], [ 5731720.637926839292049, 7374577.612247740849853 ], [ 5731722.275310141965747, 7374580.309702405706048 ], [ 5731724.353725421242416, 7374582.627875071018934 ], [ 5731728.401708226650953, 7374585.494844127446413 ], [ 5731732.535877082496881, 7374587.018005073070526 ], [ 5731737.990925402380526, 7374587.972712918184698 ], [ 5731742.161775215528905, 7374587.775020145811141 ], [ 5731749.153282080776989, 7374586.543085519224405 ], [ 5731761.829463274218142, 7374582.269357422366738 ], [ 5731785.834561594761908, 7374572.126126758754253 ], [ 5731783.366830039769411, 7374560.584952497854829 ], [ 5731783.169557515531778, 7374550.090971472673118 ], [ 5731785.258994655683637, 7374537.696482951752841 ], [ 5731789.683733345009387, 7374524.783193677663803 ], [ 5731793.255209910683334, 7374515.864138359203935 ], [ 5731796.22715880535543, 7374507.834613874554634 ], [ 5731797.179515884257853, 7374483.731841418892145 ], [ 5731765.088573075830936, 7374484.044111346825957 ], [ 5731764.198449289426208, 7374461.730316646397114 ], [ 5731759.619522487744689, 7374449.05584335885942 ], [ 5731739.431891961023211, 7374447.834323812276125 ], [ 5731708.167033984325826, 7374443.606668898835778 ], [ 5731633.257977297529578, 7374428.381515766493976 ], [ 5731601.68486662209034, 7374420.641776651144028 ], [ 5731577.083211619406939, 7374413.111058251932263 ], [ 5731557.575981386937201, 7374406.887983182445168 ], [ 5731550.091691760346293, 7374418.715308315120637 ], [ 5731538.171131319366395, 7374434.225067550316453 ], [ 5731535.569263055920601, 7374437.592421539127827 ], [ 5731689.134717459790409, 7374476.350301565602422 ], [ 5731736.536444713361561, 7374482.761470514349639 ], [ 5731727.237120810896158, 7374516.770259104669094 ], [ 5731706.438914314843714, 7374514.786709858104587 ] ] ] ] } },
{ "type": "Feature", "properties": { "lv_id": "LOC_051243", "id": 283389.0, "CD_SETOR": "351060905000227", "SITUACAO": "Urbana", "CD_SIT": "1", "CD_TIPO": "0", "AREA_KM2": 0.017079967625879999, "CD_REGIAO": "3", "NM_REGIAO": "Sudeste", "CD_UF": "35", "NM_UF": "São Paulo", "CD_MUN": "3510609", "NM_MUN": "Carapicuíba", "CD_DIST": "351060905", "NM_DIST": "Carapicuíba", "CD_SUBDIST": "35106090500", "NM_SUBDIST": null, "CD_BAIRRO": null, "NM_BAIRRO": null, "CD_NU": null, "NM_NU": null, "CD_FCU": "35106090083", "NM_FCU": "Comunidade Brasilia", "CD_AGLOM": null, "NM_AGLOM": null, "CD_RGINT": "3501", "NM_RGINT": "São Paulo", "CD_RGI": "350001", "NM_RGI": "São Paulo", "CD_CONCURB": "3550308", "NM_CONCURB": "São Paulo/SP", "mun_code_x": "3510609", "index_right": 82521, "dist_m": 112.63840060249838, "local_id": 556430, "ano": 2022, "cod_localidade_ibge": 3510609, "NR_ZONA": "303", "nr_cep": 6327150.0, "nm_localidade": "CARAPICUÍBA", "nm_locvot": "E.E. PROFA. APARECIDA DE FÁTIMA SILVA", "ds_endereco": "RUA ARAGUARI, 85", "ds_bairro": "COHAB", "pred_long": -46.8218158, "pred_lat": -23.532835, "pred_dist": 0.0, "tse_long": -46.822118, "tse_lat": -23.5330084, "long": -46.822118, "lat": -23.5330084, "ID_UNICO": "LOC_051243", "SG_UF": "SP", "CD_MUNICIPIO": "63134", "NR_LOCAL_VOTACAO": "1236", "QT_SECOES_AGREGADAS": 0, "QT_ELEITORES_TRANSFERIDOS": 6, "CIRO GOMES (PDT) (NÃO ELEITO) 1T": 119.0, "CONSTITUINTE EYMAEL (DC) (NÃO ELEITO) 1T": 0.0, "FELIPE D AVILA (NOVO) (NÃO ELEITO) 1T": 18.0, "JAIR BOLSONARO (PL) (2º TURNO) 1T": 1022.0, "LULA (PT) (2º TURNO) 1T": 1283.0, "LÉO PÉRICLES (UP) (NÃO ELEITO) 1T": 3.0, "PADRE KELMON (PTB) (NÃO ELEITO) 1T": 1.0, "SIMONE TEBET (MDB) (NÃO ELEITO) 1T": 193.0, "SOFIA MANZANO (PCB) (NÃO ELEITO) 1T": 1.0, "SORAYA THRONICKE (UNIÃO) (NÃO ELEITO) 1T": 22.0, "VERA (PSTU) (NÃO ELEITO) 1T": 1.0, "Total_Votos_Validos 1T": 2663.0, "Votos_Brancos 1T": 58.0, "Votos_Nulos 1T": 90.0, "Abstenções 1T": 852.0, "Eleitores_Aptos 1T": 3663.0, "JAIR BOLSONARO (PL) (NÃO ELEITO) 2T": 1263.0, "LULA (PT) (ELEITO) 2T": 1414.0, "Total_Votos_Validos 2T": 2677.0, "Votos_Brancos 2T": 54.0, "Votos_Nulos 2T": 103.0, "Abstenções 2T": 829.0, "Eleitores_Aptos 2T": 3663.0, "mun_code_y": "3510609", "mun_code": "3510609" }, "geometry": { "type": "Polygon", "coordinates": [ [ [ 5732433.356123743578792, 7377936.674343213438988 ], [ 5732430.427512638270855, 7377933.103802746161819 ], [ 5732391.54496349580586, 7377895.635012455284595 ], [ 5732369.44533552788198, 7377916.822380052879453 ], [ 5732367.069736355915666, 7377919.207257067784667 ], [ 5732364.402633060701191, 7377921.896946977823973 ], [ 5732362.081742137670517, 7377923.944209794513881 ], [ 5732359.555940436199307, 7377926.392414302565157 ], [ 5732443.483950959518552, 7378009.471689380705357 ], [ 5732415.60145091637969, 7378024.396120715886354 ], [ 5732346.056809893809259, 7378010.072280313819647 ], [ 5732334.22332851216197, 7378061.386805426329374 ], [ 5732333.898599504493177, 7378062.664416307583451 ], [ 5732333.707949068397284, 7378063.5557931791991 ], [ 5732317.461290604434907, 7378059.658208831213415 ], [ 5732317.022131111472845, 7378061.510831682011485 ], [ 5732316.845551021397114, 7378063.093577990308404 ], [ 5732308.660154120065272, 7378100.037972965277731 ], [ 5732294.492603933438659, 7378093.960097569972277 ], [ 5732274.418372916057706, 7378096.951465353369713 ], [ 5732277.285235890187323, 7378105.224524445831776 ], [ 5732301.911866776645184, 7378123.582438806071877 ], [ 5732316.199424606747925, 7378135.135090764611959 ], [ 5732327.211018642410636, 7378144.96520037855953 ], [ 5732332.310049473308027, 7378156.374849734827876 ], [ 5732337.574635412544012, 7378174.786257106810808 ], [ 5732345.658439760096371, 7378208.092467629350722 ], [ 5732348.07598473969847, 7378212.280217945575714 ], [ 5732352.720462739467621, 7378220.319219378754497 ], [ 5732367.472334722056985, 7378223.967908972874284 ], [ 5732387.231984727084637, 7378217.12998425308615 ], [ 5732405.110121369361877, 7378219.706872133538127 ], [ 5732401.371960142627358, 7378251.115450656972826 ], [ 5732393.378647156059742, 7378280.850487319752574 ], [ 5732386.548130380921066, 7378310.940334962680936 ], [ 5732379.496584380045533, 7378339.266392249614 ], [ 5732377.673819499090314, 7378342.896109327673912 ], [ 5732371.403991341590881, 7378366.606414946727455 ], [ 5732369.012468612752855, 7378376.046757226809859 ], [ 5732399.22590371593833, 7378380.350617039948702 ], [ 5732415.80025611165911, 7378382.613268121145666 ], [ 5732424.241809105500579, 7378383.764768680557609 ], [ 5732443.750580774620175, 7378383.569914295338094 ], [ 5732470.613982835784554, 7378381.187498664483428 ], [ 5732558.182707089930773, 7378354.904135401360691 ], [ 5732607.457235150039196, 7378331.418809267692268 ], [ 5732635.111571157351136, 7378416.321121603250504 ], [ 5732631.162429739721119, 7378421.184735162183642 ], [ 5732589.161182855255902, 7378434.717406094074249 ], [ 5732616.753501224331558, 7378525.751101257279515 ], [ 5732630.354363946244121, 7378519.85746425576508 ], [ 5732669.309241517446935, 7378509.401818049140275 ], [ 5732689.703695703297853, 7378506.874039527028799 ], [ 5732691.33148752246052, 7378516.537477120757103 ], [ 5732696.426970021799207, 7378557.963432067073882 ], [ 5732696.726571504026651, 7378561.710219242610037 ], [ 5732706.938533286564052, 7378610.180393972434103 ], [ 5732717.701781028881669, 7378660.475969533436 ], [ 5732722.19934469461441, 7378684.607567606493831 ], [ 5732721.222528257407248, 7378699.647785670123994 ], [ 5732718.105220510624349, 7378712.160774812102318 ], [ 5732718.34287844505161, 7378725.108615964651108 ], [ 5732723.906375706195831, 7378738.236388785764575 ], [ 5732735.892734795808792, 7378754.469588058069348 ], [ 5732755.70673059951514, 7378800.706664308905602 ], [ 5732765.255665023811162, 7378809.694567168131471 ], [ 5732776.970263462513685, 7378814.957392292097211 ], [ 5732787.764575861394405, 7378817.352843057364225 ], [ 5732799.855964494869113, 7378814.191371218301356 ], [ 5732813.007814049720764, 7378804.011352134868503 ], [ 5732823.824989818967879, 7378790.487783044576645 ], [ 5732836.161797256208956, 7378779.343897897750139 ], [ 5732856.755910091102123, 7378766.681534372270107 ], [ 5732896.120998057536781, 7378757.466300899162889 ], [ 5732925.127702390775084, 7378796.746458688750863 ], [ 5732945.769716867245734, 7378823.318153973668814 ], [ 5732953.462697428651154, 7378832.197970116510987 ], [ 5733033.910006656311452, 7378925.084073078818619 ], [ 5733061.855805832892656, 7378954.783932222984731 ], [ 5733079.609162776730955, 7378982.471366939134896 ], [ 5733090.142314987257123, 7379006.4459617882967 ], [ 5733095.713944606482983, 7379022.799324102699757 ], [ 5733100.266350702382624, 7379050.064976800233126 ], [ 5733104.182694753631949, 7379072.171849209815264 ], [ 5733103.361886756494641, 7379081.734685337170959 ], [ 5733106.949642900377512, 7379096.446014575660229 ], [ 5733114.841396132484078, 7379112.370659474283457 ], [ 5733132.720518776215613, 7379125.58501860126853 ], [ 5733149.180460310541093, 7379134.952336108312011 ], [ 5733154.887734057381749, 7379134.577255300246179 ], [ 5733174.659014811739326, 7379132.247713889926672 ], [ 5733180.159887004643679, 7379132.65318220295012 ], [ 5733184.126384015195072, 7379134.274074378423393 ], [ 5733187.878320346586406, 7379135.079672742635012 ], [ 5733193.129770005121827, 7379135.609253330156207 ], [ 5733194.711251150816679, 7379136.155168942175806 ], [ 5733199.821369393728673, 7379125.875199234113097 ], [ 5733202.534794532693923, 7379120.425890309736133 ], [ 5733206.243316408246756, 7379114.837447475641966 ], [ 5733213.090108663775027, 7379104.526313466951251 ], [ 5733217.018186337314546, 7379098.62547823227942 ], [ 5733244.007433357648551, 7379058.014739731326699 ], [ 5733245.947349570691586, 7379055.093428935855627 ], [ 5733259.850703407078981, 7379034.170345348306 ], [ 5733261.359637014567852, 7379031.013873297721148 ], [ 5733268.632991870865226, 7379015.736253916285932 ], [ 5733272.678372014313936, 7379007.273258021101356 ], [ 5733275.57400088198483, 7378999.537605093792081 ], [ 5733280.084423051215708, 7378987.490414598956704 ], [ 5733283.657074799761176, 7378977.957143441773951 ], [ 5733286.426032640971243, 7378970.551546746864915 ], [ 5733286.026386483572423, 7378953.961476257070899 ], [ 5733285.442868877202272, 7378930.214165670797229 ], [ 5733284.964537957683206, 7378910.413179590366781 ], [ 5733284.394353728741407, 7378886.933104582130909 ], [ 5733284.125216003507376, 7378882.570808741264045 ], [ 5733282.672503476962447, 7378859.436329500749707 ], [ 5733280.101487256586552, 7378818.631504606455564 ], [ 5733279.887063601054251, 7378815.159483881667256 ], [ 5733277.212868136353791, 7378783.13370600156486 ], [ 5733277.213030790910125, 7378781.704872874543071 ], [ 5733277.242062530480325, 7378776.557416183874011 ], [ 5733272.196965727955103, 7378710.392084123566747 ], [ 5733270.413323564454913, 7378695.367137002758682 ], [ 5733267.274241496808827, 7378646.676418287679553 ], [ 5733262.28479643817991, 7378587.764056921005249 ], [ 5733259.562123243696988, 7378566.021556582301855 ], [ 5733256.0180783290416, 7378550.34805765375495 ], [ 5733251.526476491242647, 7378536.173175550065935 ], [ 5733248.021518714725971, 7378527.418591329827905 ], [ 5733241.032057844102383, 7378512.364191767759621 ], [ 5733232.011987295001745, 7378493.504568190313876 ], [ 5733219.10504241194576, 7378468.47691291756928 ], [ 5733202.767480934038758, 7378440.272296972572803 ], [ 5733187.370133849792182, 7378412.467092515900731 ], [ 5733179.638992146588862, 7378396.891714722849429 ], [ 5733174.748812049627304, 7378384.969343942590058 ], [ 5733171.364405317232013, 7378374.534324110485613 ], [ 5733169.504280595108867, 7378363.911325924098492 ], [ 5733167.688559328205884, 7378348.039644392207265 ], [ 5733164.170107319951057, 7378310.374402526766062 ], [ 5733160.614792998880148, 7378257.652553234249353 ], [ 5733158.714750523678958, 7378227.820584543049335 ], [ 5733158.221745413728058, 7378222.252777519635856 ], [ 5733154.71096660848707, 7378182.287643355317414 ], [ 5733150.706599472090602, 7378136.743570817634463 ], [ 5733150.16776916384697, 7378130.463648298755288 ], [ 5733148.472726077772677, 7378106.984140641056001 ], [ 5733148.186695634387434, 7378103.102693492546678 ], [ 5733147.111029577441514, 7378088.946485477499664 ], [ 5733143.701487899757922, 7378044.05354225449264 ], [ 5733141.277074677869678, 7378011.914845187216997 ], [ 5733139.765287446789443, 7377991.89775272551924 ], [ 5733138.140224219299853, 7377952.228851636871696 ], [ 5733137.930174648761749, 7377947.004076389595866 ], [ 5733137.56422462221235, 7377896.935449900105596 ], [ 5733135.883153950795531, 7377822.196195488795638 ], [ 5733110.051545856520534, 7377795.293405434116721 ], [ 5733098.207301419228315, 7377782.926914192736149 ], [ 5733088.800973346456885, 7377773.106164818629622 ], [ 5733080.345004270784557, 7377764.298256770707667 ], [ 5733072.564947112463415, 7377756.126246104948223 ], [ 5733063.038687955588102, 7377746.769168488681316 ], [ 5733059.446461780928075, 7377742.606848150491714 ], [ 5733053.15842068567872, 7377736.056814767420292 ], [ 5733023.989697598852217, 7377707.635583174414933 ], [ 5732987.794243686832488, 7377668.928311228752136 ], [ 5732943.412725189700723, 7377621.488853728398681 ], [ 5732893.985828745178878, 7377574.558809170499444 ], [ 5732892.152510014362633, 7377583.290516151115298 ], [ 5732851.188055052421987, 7377778.321702513843775 ], [ 5732802.685594683513045, 7377762.57798039726913 ], [ 5732800.664791631512344, 7377761.830821342766285 ], [ 5732800.099448103457689, 7377764.839548964053392 ], [ 5732796.29650444816798, 7377787.355205400846899 ], [ 5732811.466289048083127, 7377838.657934088259935 ], [ 5732798.037055317312479, 7377853.495777582749724 ], [ 5732799.878111973404884, 7377871.107474385760725 ], [ 5732768.202613945119083, 7377906.2818803479895 ], [ 5732764.616780569776893, 7377910.022302203811705 ], [ 5732755.380121965892613, 7377901.956585563719273 ], [ 5732683.724003609269857, 7377829.40447841770947 ], [ 5732610.075490908697248, 7377757.889646606519818 ], [ 5732524.735429851338267, 7377844.474590320140123 ], [ 5732495.065807904116809, 7377874.58050028886646 ], [ 5732433.356123743578792, 7377936.674343213438988 ] ] ] } },
{ "type": "Feature", "properties": { "lv_id": "LOC_051244", "id": 283958.0, "CD_SETOR": "351060930000088", "SITUACAO": "Urbana", "CD_SIT": "1", "CD_TIPO": "0", "AREA_KM2": 0.021160520704217999, "CD_REGIAO": "3", "NM_REGIAO": "Sudeste", "CD_UF": "35", "NM_UF": "São Paulo", "CD_MUN": "3510609", "NM_MUN": "Carapicuíba", "CD_DIST": "351060930", "NM_DIST": "Vila Dirce", "CD_SUBDIST": "35106093000", "NM_SUBDIST": null, "CD_BAIRRO": null, "NM_BAIRRO": null, "CD_NU": null, "NM_NU": null, "CD_FCU": null, "NM_FCU": null, "CD_AGLOM": null, "NM_AGLOM": null, "CD_RGINT": "3501", "NM_RGINT": "São Paulo", "CD_RGI": "350001", "NM_RGI": "São Paulo", "CD_CONCURB": "3550308", "NM_CONCURB": "São Paulo/SP", "mun_code_x": "3510609", "index_right": 82517, "dist_m": 239.94667839060961, "local_id": 556426, "ano": 2022, "cod_localidade_ibge": 3510609, "NR_ZONA": "388", "nr_cep": 6330000.0, "nm_localidade": "CARAPICUÍBA", "nm_locvot": "EE. PROFESSORA FLORA STELLA", "ds_endereco": "ESTRADA GOPIUVA, 33", "ds_bairro": "JARDIM GOPIUVA", "pred_long": -46.8228234, "pred_lat": -23.5475544, "pred_dist": 0.0, "tse_long": -46.822672, "tse_lat": -23.5477868, "long": -46.822672, "lat": -23.5477868, "ID_UNICO": "LOC_051244", "SG_UF": "SP", "CD_MUNICIPIO": "63134", "NR_LOCAL_VOTACAO": "1171", "QT_SECOES_AGREGADAS": 0, "QT_ELEITORES_TRANSFERIDOS": 6, "CIRO GOMES (PDT) (NÃO ELEITO) 1T": 192.0, "CONSTITUINTE EYMAEL (DC) (NÃO ELEITO) 1T": 4.0, "FELIPE D AVILA (NOVO) (NÃO ELEITO) 1T": 32.0, "JAIR BOLSONARO (PL) (2º TURNO) 1T": 1623.0, "LULA (PT) (2º TURNO) 1T": 1836.0, "LÉO PÉRICLES (UP) (NÃO ELEITO) 1T": 5.0, "PADRE KELMON (PTB) (NÃO ELEITO) 1T": 2.0, "SIMONE TEBET (MDB) (NÃO ELEITO) 1T": 263.0, "SOFIA MANZANO (PCB) (NÃO ELEITO) 1T": 1.0, "SORAYA THRONICKE (UNIÃO) (NÃO ELEITO) 1T": 20.0, "VERA (PSTU) (NÃO ELEITO) 1T": 3.0, "Total_Votos_Validos 1T": 3981.0, "Votos_Brancos 1T": 90.0, "Votos_Nulos 1T": 164.0, "Abstenções 1T": 933.0, "Eleitores_Aptos 1T": 5168.0, "JAIR BOLSONARO (PL) (NÃO ELEITO) 2T": 1956.0, "LULA (PT) (ELEITO) 2T": 2041.0, "Total_Votos_Validos 2T": 3997.0, "Votos_Brancos 2T": 94.0, "Votos_Nulos 2T": 199.0, "Abstenções 2T": 878.0, "Eleitores_Aptos 2T": 5168.0, "mun_code_y": "3510609", "mun_code": "3510609" }, "geometry": { "type": "Polygon", "coordinates": [ [ [ 5732645.567661295644939, 7375837.407866286113858 ], [ 5732635.228547671809793, 7375811.771940683946013 ], [ 5732632.229204836301506, 7375754.64685302041471 ], [ 5732631.557808993384242, 7375741.832325119525194 ], [ 5732631.004996022209525, 7375731.38949232827872 ], [ 5732623.837594567798078, 7375705.806735305115581 ], [ 5732618.923409502021968, 7375688.282104948535562 ], [ 5732615.98687909822911, 7375677.802447402849793 ], [ 5732615.576885477639735, 7375676.349527375772595 ], [ 5732598.34089860599488, 7375654.664752312004566 ], [ 5732585.335810967721045, 7375644.812418388202786 ], [ 5732570.715094182640314, 7375633.723848147317767 ], [ 5732548.539531462825835, 7375599.114698903635144 ], [ 5732519.059948723763227, 7375579.941031006164849 ], [ 5732483.935147142969072, 7375564.398955661803484 ], [ 5732446.387179280631244, 7375547.415466131642461 ], [ 5732436.132508629933, 7375542.682832986116409 ], [ 5732386.642551085911691, 7375462.670921007171273 ], [ 5732381.571219597943127, 7375445.064890315756202 ], [ 5732371.642330430448055, 7375424.353454915806651 ], [ 5732363.309553541243076, 7375398.762154908850789 ], [ 5732339.701111908070743, 7375403.572742199525237 ], [ 5732325.74768700171262, 7375409.507011245936155 ], [ 5732332.344255697913468, 7375470.71569678094238 ], [ 5732335.145908354781568, 7375495.065985227003694 ], [ 5732338.243865166790783, 7375520.640474589541554 ], [ 5732340.531677669845521, 7375536.756217293441296 ], [ 5732349.725217990577221, 7375551.141859728842974 ], [ 5732357.440281783230603, 7375562.330938272178173 ], [ 5732364.655019918456674, 7375569.85027408786118 ], [ 5732371.441447788849473, 7375576.163183962926269 ], [ 5732380.937304003164172, 7375581.871531089767814 ], [ 5732387.696583854965866, 7375585.59608291182667 ], [ 5732396.925615661777556, 7375590.05642106756568 ], [ 5732407.157434584572911, 7375593.104684039950371 ], [ 5732420.812296429648995, 7375595.713547841645777 ], [ 5732433.70714875869453, 7375596.820042273029685 ], [ 5732453.129971583373845, 7375598.045969716273248 ], [ 5732478.29642866179347, 7375606.195129024796188 ], [ 5732492.353911983780563, 7375615.425502236932516 ], [ 5732503.107491814531386, 7375622.979580583050847 ], [ 5732510.811909300275147, 7375629.045531388372183 ], [ 5732538.333793269470334, 7375658.542272364720702 ], [ 5732568.022372705861926, 7375692.116404631175101 ], [ 5732584.60138922277838, 7375712.316017315723002 ], [ 5732593.096454285085201, 7375727.03800405189395 ], [ 5732595.384830792434514, 7375738.253384984098375 ], [ 5732596.629969913512468, 7375758.250200446695089 ], [ 5732596.374932950362563, 7375806.105914957821369 ], [ 5732573.294532832689583, 7375756.673467755317688 ], [ 5732554.486428466625512, 7375732.578150345012546 ], [ 5732542.686631646938622, 7375722.910954072140157 ], [ 5732526.111869537271559, 7375714.655070783570409 ], [ 5732506.717360392212868, 7375706.841842255555093 ], [ 5732493.378340627998114, 7375705.032064313068986 ], [ 5732464.309875663369894, 7375705.126586703583598 ], [ 5732452.421903287060559, 7375705.554730104282498 ], [ 5732439.160409079864621, 7375714.702668091282248 ], [ 5732421.199497599154711, 7375723.706487527117133 ], [ 5732375.270606614649296, 7375751.346300413832068 ], [ 5732356.274599879980087, 7375757.231701662763953 ], [ 5732344.911500036716461, 7375772.457317976281047 ], [ 5732328.947883365675807, 7375784.609241127967834 ], [ 5732303.289965060539544, 7375800.584300195798278 ], [ 5732284.177743012085557, 7375812.12364315520972 ], [ 5732270.329888002946973, 7375817.31571258045733 ], [ 5732273.789750992320478, 7375828.249143803492188 ], [ 5732278.546355504542589, 7375840.378994857892394 ], [ 5732283.383129641413689, 7375847.157978802919388 ], [ 5732300.960901966318488, 7375863.825096247717738 ], [ 5732265.978444294072688, 7375919.257757095620036 ], [ 5732334.574218960478902, 7375964.278774767182767 ], [ 5732344.084207204170525, 7375972.107389567419887 ], [ 5732315.906026164069772, 7376014.574503462761641 ], [ 5732294.164546865969896, 7376044.083172306418419 ], [ 5732283.174374276772141, 7376053.686378141865134 ], [ 5732294.96733009442687, 7376086.538714637979865 ], [ 5732316.041237126104534, 7376108.109764852561057 ], [ 5732320.230403897352517, 7376112.565904300659895 ], [ 5732314.975322660990059, 7376118.488489551469684 ], [ 5732305.387544617056847, 7376130.175831951200962 ], [ 5732237.158289489336312, 7376212.600863948464394 ], [ 5732138.239536726847291, 7376328.810262908227742 ], [ 5732139.839252239093184, 7376330.136646857485175 ], [ 5732164.193969267420471, 7376350.25999802723527 ], [ 5732193.086489011533558, 7376375.268558019772172 ], [ 5732205.240373853594065, 7376391.202865022234619 ], [ 5732232.376789628528059, 7376411.343165343627334 ], [ 5732268.1953762229532, 7376438.49411153793335 ], [ 5732273.068564835004508, 7376475.46592624578625 ], [ 5732289.005354925990105, 7376491.199641264975071 ], [ 5732306.229140881448984, 7376510.184175562113523 ], [ 5732331.759930249303579, 7376520.894327633082867 ], [ 5732369.54218334518373, 7376507.337538130581379 ], [ 5732409.47641702182591, 7376518.84440094511956 ], [ 5732411.494459948502481, 7376519.948894466273487 ], [ 5732456.773677539080381, 7376544.716998770833015 ], [ 5732505.179434588178992, 7376547.762345005758107 ], [ 5732532.80913703981787, 7376541.143247505649924 ], [ 5732538.214348858222365, 7376535.358205468393862 ], [ 5732598.849896848201752, 7376515.755734082311392 ], [ 5732662.160328568890691, 7376499.356584316119552 ], [ 5732665.528670769184828, 7376486.161080968566239 ], [ 5732668.668098625726998, 7376481.270859869197011 ], [ 5732685.776414139196277, 7376491.799635941162705 ], [ 5732692.243432220071554, 7376487.010604443028569 ], [ 5732722.192940319888294, 7376494.283964781090617 ], [ 5732716.239857980981469, 7376487.471627799794078 ], [ 5732707.143993395380676, 7376479.1423504864797 ], [ 5732698.037939986214042, 7376470.813581209629774 ], [ 5732685.240208487026393, 7376458.372152502648532 ], [ 5732667.302912506274879, 7376441.075726624578238 ], [ 5732652.558515852317214, 7376426.29836190957576 ], [ 5732642.26411076169461, 7376414.646842548623681 ], [ 5732634.519116666167974, 7376402.867604622617364 ], [ 5732627.931243726983666, 7376395.830316741019487 ], [ 5732621.729016145691276, 7376388.327204651199281 ], [ 5732617.492161728441715, 7376381.283764889463782 ], [ 5732614.423361186869442, 7376373.065550904721022 ], [ 5732612.17088620364666, 7376363.589719707146287 ], [ 5732610.60695852059871, 7376351.936176936142147 ], [ 5732609.939256250858307, 7376344.713938327506185 ], [ 5732609.367962989956141, 7376337.375244087539613 ], [ 5732610.077822579070926, 7376329.079361020587385 ], [ 5732611.747998373582959, 7376317.498215505853295 ], [ 5732617.202920131385326, 7376305.347934836521745 ], [ 5732621.246436204761267, 7376291.549317132681608 ], [ 5732626.453148854896426, 7376276.27477053925395 ], [ 5732631.221922650001943, 7376266.75973700825125 ], [ 5732636.01555765978992, 7376257.946698410436511 ], [ 5732640.837372817099094, 7376249.288520967587829 ], [ 5732644.102172474376857, 7376242.20413694344461 ], [ 5732642.858838675543666, 7376232.465659542009234 ], [ 5732647.74277879204601, 7376224.64155865740031 ], [ 5732649.82212298642844, 7376219.201653653755784 ], [ 5732651.492092030122876, 7376209.049311626702547 ], [ 5732652.287464079447091, 7376203.28304301481694 ], [ 5732655.215191099792719, 7376196.818319982849061 ], [ 5732662.12589779868722, 7376186.593163595534861 ], [ 5732666.121038657613099, 7376176.123389572836459 ], [ 5732669.150731498375535, 7376165.155017075128853 ], [ 5732673.757799900136888, 7376157.110352650284767 ], [ 5732677.521234916523099, 7376148.549824342131615 ], [ 5732678.451276024803519, 7376144.86421131901443 ], [ 5732681.517964185215533, 7376132.38702345918864 ], [ 5732682.249998978339136, 7376124.536511034704745 ], [ 5732682.199897268787026, 7376123.534385677427053 ], [ 5732681.8916931822896, 7376113.28021860960871 ], [ 5732682.295534034259617, 7376104.999645195901394 ], [ 5732683.73758008889854, 7376094.992657757364213 ], [ 5732686.807401513680816, 7376082.783208689652383 ], [ 5732689.104194824583828, 7376073.514773231931031 ], [ 5732690.989556085318327, 7376068.285496409982443 ], [ 5732692.585696008987725, 7376063.4055897872895 ], [ 5732694.217641440220177, 7376050.654238617047668 ], [ 5732698.854696096852422, 7376034.827696461230516 ], [ 5732700.284273160621524, 7376016.393542228266597 ], [ 5732703.833314656279981, 7376004.160064639523625 ], [ 5732705.61076592374593, 7375995.341821882873774 ], [ 5732709.744256155565381, 7375988.459439764730632 ], [ 5732711.701969528570771, 7375976.908479509875178 ], [ 5732714.402437306940556, 7375965.900754207745194 ], [ 5732715.665638832375407, 7375954.976213254034519 ], [ 5732717.26994791533798, 7375947.193602675572038 ], [ 5732715.195384133607149, 7375938.211180565878749 ], [ 5732712.436345107853413, 7375930.055605979636312 ], [ 5732707.687905255705118, 7375921.776471556164324 ], [ 5732705.253160468302667, 7375913.973013413138688 ], [ 5732703.326522035524249, 7375908.153366790153086 ], [ 5732700.821455044671893, 7375903.032464127987623 ], [ 5732696.890533244237304, 7375895.973740238696337 ], [ 5732695.668622299097478, 7375894.025698985904455 ], [ 5732694.756731104105711, 7375892.553277796134353 ], [ 5732680.124791897833347, 7375877.15650602709502 ], [ 5732663.976104526780546, 7375858.207881554961205 ], [ 5732645.567661295644939, 7375837.407866286113858 ] ] ] } },
{ "type": "Feature", "properties": { "lv_id": "LOC_051245", "id": 283834.0, "CD_SETOR": "351060910000011", "SITUACAO": "Urbana", "CD_SIT": "2", "CD_TIPO": "4", "AREA_KM2": 0.81950567093786497, "CD_REGIAO": "3", "NM_REGIAO": "Sudeste", "CD_UF": "35", "NM_UF": "São Paulo", "CD_MUN": "3510609", "NM_MUN": "Carapicuíba", "CD_DIST": "351060910", "NM_DIST": "Aldeia de Carapicuíba", "CD_SUBDIST": "35106091000", "NM_SUBDIST": null, "CD_BAIRRO": null, "NM_BAIRRO": null, "CD_NU": null, "NM_NU": null, "CD_FCU": null, "NM_FCU": null, "CD_AGLOM": null, "NM_AGLOM": null, "CD_RGINT": "3501", "NM_RGINT": "São Paulo", "CD_RGI": "350001", "NM_RGI": "São Paulo", "CD_CONCURB": "3550308", "NM_CONCURB": "São Paulo/SP", "mun_code_x": "3510609", "index_right": 82553, "dist_m": 88.77504375370286, "local_id": 556462, "ano": 2022, "cod_localidade_ibge": 3510609, "NR_ZONA": "388", "nr_cep": 6333160.0, "nm_localidade": "CARAPICUÍBA", "nm_locvot": "EE. PADRE ANTONIO DE OLIVEIRA GODINHO", "ds_endereco": "RUA WILSON VIEIRA DA SILVA, SN", "ds_bairro": "PARQUE JANDAIA", "pred_long": -46.8267027, "pred_lat": -23.5606236, "pred_dist": 0.0, "tse_long": -46.8271247, "tse_lat": -23.5608476, "long": -46.8271247, "lat": -23.5608476, "ID_UNICO": "LOC_051245", "SG_UF": "SP", "CD_MUNICIPIO": "63134", "NR_LOCAL_VOTACAO": "1180", "QT_SECOES_AGREGADAS": 0, "QT_ELEITORES_TRANSFERIDOS": 20, "CIRO GOMES (PDT) (NÃO ELEITO) 1T": 228.0, "CONSTITUINTE EYMAEL (DC) (NÃO ELEITO) 1T": 4.0, "FELIPE D AVILA (NOVO) (NÃO ELEITO) 1T": 28.0, "JAIR BOLSONARO (PL) (2º TURNO) 1T": 2216.0, "LULA (PT) (2º TURNO) 1T": 2616.0, "LÉO PÉRICLES (UP) (NÃO ELEITO) 1T": 9.0, "PADRE KELMON (PTB) (NÃO ELEITO) 1T": 4.0, "SIMONE TEBET (MDB) (NÃO ELEITO) 1T": 329.0, "SOFIA MANZANO (PCB) (NÃO ELEITO) 1T": 4.0, "SORAYA THRONICKE (UNIÃO) (NÃO ELEITO) 1T": 25.0, "VERA (PSTU) (NÃO ELEITO) 1T": 1.0, "Total_Votos_Validos 1T": 5464.0, "Votos_Brancos 1T": 166.0, "Votos_Nulos 1T": 211.0, "Abstenções 1T": 1265.0, "Eleitores_Aptos 1T": 7106.0, "JAIR BOLSONARO (PL) (NÃO ELEITO) 2T": 2701.0, "LULA (PT) (ELEITO) 2T": 2804.0, "Total_Votos_Validos 2T": 5505.0, "Votos_Brancos 2T": 135.0, "Votos_Nulos 2T": 204.0, "Abstenções 2T": 1262.0, "Eleitores_Aptos 2T": 7106.0, "mun_code_y": "3510609", "mun_code": "3510609" }, "geometry": { "type": "Polygon", "coordinates": [ [ [ 5731829.56433495040983, 7374531.4368349108845 ], [ 5731827.4501668876037, 7374522.880651485174894 ], [ 5731826.515247008763254, 7374514.399358315393329 ], [ 5731821.827658665366471, 7374471.937732534483075 ], [ 5731823.120041378773749, 7374407.80050465464592 ], [ 5731814.037594817578793, 7374391.734956888481975 ], [ 5731807.873099535703659, 7374374.741894784383476 ], [ 5731784.428683273494244, 7374349.46106371935457 ], [ 5731762.243352068588138, 7374335.056358402594924 ], [ 5731729.042487439699471, 7374319.082431832328439 ], [ 5731709.306383620016277, 7374314.824458878487349 ], [ 5731673.030431380495429, 7374317.087564757093787 ], [ 5731629.24280845746398, 7374326.535787442699075 ], [ 5731619.414527013897896, 7374330.521751143038273 ], [ 5731612.413152819499373, 7374333.395029110834002 ], [ 5731606.981973336078227, 7374335.575748797506094 ], [ 5731604.600495224818587, 7374333.328562152571976 ], [ 5731601.659160036593676, 7374331.332656165584922 ], [ 5731592.379510481841862, 7374327.477445067837834 ], [ 5731587.522242079488933, 7374326.414649264886975 ], [ 5731583.327371399849653, 7374326.948396632447839 ], [ 5731574.774884721264243, 7374330.077917819842696 ], [ 5731570.098778756335378, 7374332.845911186188459 ], [ 5731562.60077967774123, 7374338.668576141819358 ], [ 5731562.094903141260147, 7374342.455632356926799 ], [ 5731560.316211973316967, 7374350.023493824526668 ], [ 5731560.063620520755649, 7374359.289767078123987 ], [ 5731559.559598663821816, 7374363.523225584067404 ], [ 5731565.484009980224073, 7374370.805871153250337 ], [ 5731567.961713071912527, 7374374.365408970974386 ], [ 5731567.98461199644953, 7374384.644830624572933 ], [ 5731557.575981386937201, 7374406.887983182445168 ], [ 5731577.083211619406939, 7374413.111058251932263 ], [ 5731601.68486662209034, 7374420.641776651144028 ], [ 5731633.257977297529578, 7374428.381515766493976 ], [ 5731708.167033984325826, 7374443.606668898835778 ], [ 5731739.431891961023211, 7374447.834323812276125 ], [ 5731759.619522487744689, 7374449.05584335885942 ], [ 5731764.198449289426208, 7374461.730316646397114 ], [ 5731765.088573075830936, 7374484.044111346825957 ], [ 5731797.179515884257853, 7374483.731841418892145 ], [ 5731796.22715880535543, 7374507.834613874554634 ], [ 5731793.255209910683334, 7374515.864138359203935 ], [ 5731789.683733345009387, 7374524.783193677663803 ], [ 5731785.258994655683637, 7374537.696482951752841 ], [ 5731783.169557515531778, 7374550.090971472673118 ], [ 5731783.366830039769411, 7374560.584952497854829 ], [ 5731785.834561594761908, 7374572.126126758754253 ], [ 5731761.829463274218142, 7374582.269357422366738 ], [ 5731749.153282080776989, 7374586.543085519224405 ], [ 5731742.161775215528905, 7374587.775020145811141 ], [ 5731737.990925402380526, 7374587.972712918184698 ], [ 5731732.535877082496881, 7374587.018005073070526 ], [ 5731728.401708226650953, 7374585.494844127446413 ], [ 5731724.353725421242416, 7374582.627875071018934 ], [ 5731722.275310141965747, 7374580.309702405706048 ], [ 5731720.637926839292049, 7374577.612247740849853 ], [ 5731696.631082355976105, 7374518.57074187323451 ], [ 5731694.998877984471619, 7374514.544699844904244 ], [ 5731691.678874344564974, 7374507.834890680387616 ], [ 5731689.473282213322818, 7374504.607767490670085 ], [ 5731687.104750909842551, 7374502.415746057406068 ], [ 5731682.306721249595284, 7374499.675631506368518 ], [ 5731678.981795064173639, 7374498.391005301848054 ], [ 5731674.566244083456695, 7374497.373074868693948 ], [ 5731666.445377274416387, 7374496.66346282325685 ], [ 5731648.025008516386151, 7374497.262085082940757 ], [ 5731623.539568705484271, 7374501.267507155425847 ], [ 5731596.090567185543478, 7374510.19876981433481 ], [ 5731575.398877697065473, 7374518.735854282975197 ], [ 5731556.04121323581785, 7374528.40049209445715 ], [ 5731521.855557076632977, 7374549.601436660625041 ], [ 5731487.339249328710139, 7374571.756462947465479 ], [ 5731458.497177520766854, 7374592.912957429885864 ], [ 5731440.499522970989347, 7374601.77259829454124 ], [ 5731508.531532237306237, 7374684.976017655804753 ], [ 5731522.38913276232779, 7374703.12443320825696 ], [ 5731528.32119666878134, 7374713.219661671668291 ], [ 5731530.553261699154973, 7374726.391161306761205 ], [ 5731529.593111670576036, 7374736.228631370700896 ], [ 5731525.246634846553206, 7374744.985424414277077 ], [ 5731525.037669659592211, 7374756.56010840088129 ], [ 5731530.930899984203279, 7374798.21333069819957 ], [ 5731606.080130124464631, 7374794.886774087324739 ], [ 5731620.958649748936296, 7374805.025265275500715 ], [ 5731631.753769178874791, 7374812.611061653122306 ], [ 5731607.493787631392479, 7374841.809691804461181 ], [ 5731603.16658253595233, 7374850.543220518156886 ], [ 5731601.302659977227449, 7374863.774665916338563 ], [ 5731605.606662647798657, 7374916.993587685748935 ], [ 5731610.409336811862886, 7374968.122506468556821 ], [ 5731612.375961265526712, 7374976.183770505711436 ], [ 5731621.259028672240674, 7374984.166707324795425 ], [ 5731628.187498554587364, 7374998.040770524181426 ], [ 5731625.103660372085869, 7375004.859093219973147 ], [ 5731624.463854574598372, 7375011.287173385731876 ], [ 5731626.774947366677225, 7375018.05868249759078 ], [ 5731630.253464471548796, 7375023.644350651651621 ], [ 5731707.144872593693435, 7375114.720265115611255 ], [ 5731713.573244855739176, 7375125.538538897410035 ], [ 5731713.854124933481216, 7375136.68689121119678 ], [ 5731696.010164410807192, 7375204.710899271070957 ], [ 5731724.709349289536476, 7375238.993949020281434 ], [ 5731697.12088811211288, 7375260.511983171105385 ], [ 5731773.177843700163066, 7375343.045896181836724 ], [ 5731806.721078539267182, 7375399.601044250652194 ], [ 5731836.746548830531538, 7375450.192962052300572 ], [ 5731852.627478674054146, 7375482.226636811159551 ], [ 5731879.593552600592375, 7375548.922853419557214 ], [ 5731901.24634023103863, 7375600.726490836590528 ], [ 5731914.225096283480525, 7375592.463923510164022 ], [ 5731919.572630863636732, 7375602.30937756691128 ], [ 5731926.815152159892023, 7375612.64040563069284 ], [ 5731935.002473265863955, 7375619.98840543627739 ], [ 5731953.470836432650685, 7375627.279325168579817 ], [ 5732034.296941376291215, 7375648.280968446284533 ], [ 5732071.006240044720471, 7375667.718506308272481 ], [ 5732091.959031901322305, 7375683.401869419962168 ], [ 5732101.23479691054672, 7375692.48131050914526 ], [ 5732126.884939370676875, 7375704.379748564213514 ], [ 5732146.657827060669661, 7375713.223728893324733 ], [ 5732164.095902100205421, 7375718.099139323458076 ], [ 5732184.646857831627131, 7375721.03263646364212 ], [ 5732215.324912698939443, 7375726.350010784342885 ], [ 5732223.391675061546266, 7375721.871683521196246 ], [ 5732239.482709620147943, 7375695.29151332937181 ], [ 5732251.874782019294798, 7375663.426935409195721 ], [ 5732313.506512925028801, 7375669.76107326336205 ], [ 5732309.67249353043735, 7375693.27167038153857 ], [ 5732295.10718475561589, 7375724.195900085382164 ], [ 5732286.843070726841688, 7375739.656928890384734 ], [ 5732278.371500213630497, 7375756.490166868083179 ], [ 5732272.217091211117804, 7375766.096805320121348 ], [ 5732264.823989717289805, 7375775.464090189896524 ], [ 5732268.125379130244255, 7375805.727794095873833 ], [ 5732270.329888002946973, 7375817.31571258045733 ], [ 5732284.177743012085557, 7375812.12364315520972 ], [ 5732303.289965060539544, 7375800.584300195798278 ], [ 5732328.947883365675807, 7375784.609241127967834 ], [ 5732344.911500036716461, 7375772.457317976281047 ], [ 5732356.274599879980087, 7375757.231701662763953 ], [ 5732375.270606614649296, 7375751.346300413832068 ], [ 5732421.199497599154711, 7375723.706487527117133 ], [ 5732439.160409079864621, 7375714.702668091282248 ], [ 5732452.421903287060559, 7375705.554730104282498 ], [ 5732464.309875663369894, 7375705.126586703583598 ], [ 5732493.378340627998114, 7375705.032064313068986 ], [ 5732506.717360392212868, 7375706.841842255555093 ], [ 5732526.111869537271559, 7375714.655070783570409 ], [ 5732542.686631646938622, 7375722.910954072140157 ], [ 5732554.486428466625512, 7375732.578150345012546 ], [ 5732573.294532832689583, 7375756.673467755317688 ], [ 5732596.374932950362563, 7375806.105914957821369 ], [ 5732596.629969913512468, 7375758.250200446695089 ], [ 5732595.384830792434514, 7375738.253384984098375 ], [ 5732593.096454285085201, 7375727.03800405189395 ], [ 5732584.60138922277838, 7375712.316017315723002 ], [ 5732568.022372705861926, 7375692.116404631175101 ], [ 5732538.333793269470334, 7375658.542272364720702 ], [ 5732510.811909300275147, 7375629.045531388372183 ], [ 5732503.107491814531386, 7375622.979580583050847 ], [ 5732492.353911983780563, 7375615.425502236932516 ], [ 5732478.29642866179347, 7375606.195129024796188 ], [ 5732453.129971583373845, 7375598.045969716273248 ], [ 5732433.70714875869453, 7375596.820042273029685 ], [ 5732420.812296429648995, 7375595.713547841645777 ], [ 5732407.157434584572911, 7375593.104684039950371 ], [ 5732396.925615661777556, 7375590.05642106756568 ], [ 5732387.696583854965866, 7375585.59608291182667 ], [ 5732380.937304003164172, 7375581.871531089767814 ], [ 5732371.441447788849473, 7375576.163183962926269 ], [ 5732364.655019918456674, 7375569.85027408786118 ], [ 5732357.440281783230603, 7375562.330938272178173 ], [ 5732349.725217990577221, 7375551.141859728842974 ], [ 5732340.531677669845521, 7375536.756217293441296 ], [ 5732338.243865166790783, 7375520.640474589541554 ], [ 5732335.145908354781568, 7375495.065985227003694 ], [ 5732332.344255697913468, 7375470.71569678094238 ], [ 5732325.74768700171262, 7375409.507011245936155 ], [ 5732339.701111908070743, 7375403.572742199525237 ], [ 5732363.309553541243076, 7375398.762154908850789 ], [ 5732371.642330430448055, 7375424.353454915806651 ], [ 5732381.571219597943127, 7375445.064890315756202 ], [ 5732386.642551085911691, 7375462.670921007171273 ], [ 5732436.132508629933, 7375542.682832986116409 ], [ 5732446.387179280631244, 7375547.415466131642461 ], [ 5732483.935147142969072, 7375564.398955661803484 ], [ 5732519.059948723763227, 7375579.941031006164849 ], [ 5732548.539531462825835, 7375599.114698903635144 ], [ 5732570.715094182640314, 7375633.723848147317767 ], [ 5732585.335810967721045, 7375644.812418388202786 ], [ 5732598.34089860599488, 7375654.664752312004566 ], [ 5732615.576885477639735, 7375676.349527375772595 ], [ 5732615.98687909822911, 7375677.802447402849793 ], [ 5732618.923409502021968, 7375688.282104948535562 ], [ 5732623.837594567798078, 7375705.806735305115581 ], [ 5732631.004996022209525, 7375731.38949232827872 ], [ 5732631.557808993384242, 7375741.832325119525194 ], [ 5732632.229204836301506, 7375754.64685302041471 ], [ 5732635.228547671809793, 7375811.771940683946013 ], [ 5732645.567661295644939, 7375837.407866286113858 ], [ 5732663.976104526780546, 7375858.207881554961205 ], [ 5732680.124791897833347, 7375877.15650602709502 ], [ 5732694.756731104105711, 7375892.553277796134353 ], [ 5732714.622191747650504, 7375849.876503584906459 ], [ 5732743.688921613618731, 7375797.406560592353344 ], [ 5732760.362543853931129, 7375768.999185363762081 ], [ 5732768.725251751951873, 7375754.291865441016853 ], [ 5732769.264690761454403, 7375752.813684651628137 ], [ 5732768.352827570401132, 7375693.697343125939369 ], [ 5732768.28958672657609, 7375690.184277896769345 ], [ 5732766.809753214009106, 7375603.156280387192965 ], [ 5732765.775942548178136, 7375542.01443462818861 ], [ 5732764.67827973049134, 7375540.506682141683996 ], [ 5732763.269138691015542, 7375538.902915557846427 ], [ 5732760.219073463231325, 7375535.14886743016541 ], [ 5732756.868668925017118, 7375531.52149970177561 ], [ 5732753.751780416816473, 7375526.431282473728061 ], [ 5732752.470348446629941, 7375521.24906612187624 ], [ 5732752.627629991620779, 7375516.217989664524794 ], [ 5732753.556117163039744, 7375510.255245393142104 ], [ 5732753.617109744809568, 7375507.182459050789475 ], [ 5732753.641499124467373, 7375505.830555720254779 ], [ 5732753.674414755776525, 7375504.444737059995532 ], [ 5732753.235587034374475, 7375495.67056324146688 ], [ 5732753.111957655288279, 7375493.198651338927448 ], [ 5732749.159777589142323, 7375448.31080074608326 ], [ 5732747.137819871306419, 7375424.84779267758131 ], [ 5732746.968599599786103, 7375422.69072035048157 ], [ 5732746.247165586799383, 7375413.171652127057314 ], [ 5732744.915610239841044, 7375406.987311528995633 ], [ 5732742.18433593865484, 7375401.431264947168529 ], [ 5732737.990358424372971, 7375397.288054675795138 ], [ 5732733.014046188443899, 7375393.853817272931337 ], [ 5732725.99279104359448, 7375390.410454049706459 ], [ 5732723.607719596475363, 7375388.710492512211204 ], [ 5732721.752540615387261, 7375387.385825659148395 ], [ 5732718.804472280666232, 7375383.626668544486165 ], [ 5732718.218929848633707, 7375382.751843929290771 ], [ 5732711.866587713360786, 7375376.127082271501422 ], [ 5732698.4995869807899, 7375358.423371246084571 ], [ 5732689.731727701611817, 7375346.014642799273133 ], [ 5732685.687756071798503, 7375338.73836921621114 ], [ 5732681.894004913046956, 7375330.33329008705914 ], [ 5732678.276349320076406, 7375321.3612529207021 ], [ 5732674.408478691242635, 7375313.518021265044808 ], [ 5732670.907771212048829, 7375306.884276710450649 ], [ 5732666.261409507133067, 7375301.870724084787071 ], [ 5732662.113753785379231, 7375296.608922101557255 ], [ 5732661.058555680327117, 7375291.861877787858248 ], [ 5732660.824671007692814, 7375287.185293920338154 ], [ 5732663.412057567387819, 7375280.871508114039898 ], [ 5732667.095266865566373, 7375267.648936320096254 ], [ 5732671.938402117229998, 7375255.953316155821085 ], [ 5732676.914077525027096, 7375232.396324591711164 ], [ 5732677.641707294620574, 7375222.826957625336945 ], [ 5732681.460034023970366, 7375218.438411489129066 ], [ 5732689.279146857559681, 7375210.243788233026862 ], [ 5732706.210888990201056, 7375188.855790082365274 ], [ 5732770.927152806892991, 7375092.581943561322987 ], [ 5732819.253420932218432, 7375027.514134600758553 ], [ 5732841.868682489730418, 7374997.145151690579951 ], [ 5732858.059185261838138, 7374975.459111945703626 ], [ 5732872.507268347777426, 7374957.767352824099362 ], [ 5732888.760630505159497, 7374935.296709526330233 ], [ 5732902.598508993163705, 7374915.626208681613207 ], [ 5732907.795268969610333, 7374907.328462476842105 ], [ 5732910.834356252104044, 7374902.487725452519953 ], [ 5732926.702403888106346, 7374870.481045173481107 ], [ 5732938.838107348419726, 7374843.148914124816656 ], [ 5732943.369692704640329, 7374829.526396327652037 ], [ 5732944.803881155326962, 7374821.417316146194935 ], [ 5732943.629325672052801, 7374810.201880563050508 ], [ 5732940.412677436135709, 7374788.819162759929895 ], [ 5732934.87423475086689, 7374759.85061651468277 ], [ 5732928.489411947317421, 7374720.096689865924418 ], [ 5732920.075878391973674, 7374674.528276035562158 ], [ 5732913.502947769127786, 7374635.509370187297463 ], [ 5732911.491106907837093, 7374623.699657803401351 ], [ 5732904.997239706106484, 7374585.647948559373617 ], [ 5732890.00158272869885, 7374492.298400059342384 ], [ 5732888.570676390081644, 7374475.960984382778406 ], [ 5732889.907805630937219, 7374461.828906458802521 ], [ 5732893.914319583214819, 7374445.888535317033529 ], [ 5732901.537383390590549, 7374426.641205934807658 ], [ 5732912.113056795671582, 7374411.041092524304986 ], [ 5732928.740563602186739, 7374380.134712170809507 ], [ 5732934.623969402164221, 7374369.223851833492517 ], [ 5732949.724159380421042, 7374338.438678351230919 ], [ 5732960.378932602703571, 7374320.13314351066947 ], [ 5732967.552040172740817, 7374304.357583267614245 ], [ 5733027.190973334014416, 7374201.347516907379031 ], [ 5733046.406037682667375, 7374170.891484937630594 ], [ 5733047.836381587199867, 7374168.631821534596384 ], [ 5733048.498100030235946, 7374167.761414982378483 ], [ 5733051.308271440677345, 7374164.070665538311005 ], [ 5733059.718940789811313, 7374153.010569665580988 ], [ 5733052.39059239719063, 7374156.492665060795844 ], [ 5732991.268691562116146, 7374191.886494852602482 ], [ 5732956.573553559370339, 7374212.045545902103186 ], [ 5732943.08155030105263, 7374219.408842929638922 ], [ 5732938.43378593865782, 7374221.104310470633209 ], [ 5732924.736148538999259, 7374222.930026946589351 ], [ 5732915.651129697449505, 7374223.787612091749907 ], [ 5732909.145156351849437, 7374224.504659581929445 ], [ 5732901.229440531693399, 7374224.421726408414543 ], [ 5732892.811433074995875, 7374223.493292479775846 ], [ 5732881.489983158186078, 7374221.12538543343544 ], [ 5732869.555596876889467, 7374218.151940860785544 ], [ 5732859.05173861887306, 7374216.189517932012677 ], [ 5732855.127309968695045, 7374215.794737385585904 ], [ 5732848.175437136553228, 7374215.975988924503326 ], [ 5732841.226968982256949, 7374216.837991392239928 ], [ 5732835.136370616033673, 7374218.706256439909339 ], [ 5732816.243449682369828, 7374225.380317609757185 ], [ 5732806.019433883950114, 7374247.392455356195569 ], [ 5732802.303422185592353, 7374255.247599643655121 ], [ 5732789.350457617081702, 7374288.704382587224245 ], [ 5732785.451452217064798, 7374298.622628230601549 ], [ 5732782.259866629727185, 7374306.540759853087366 ], [ 5732760.443424933589995, 7374341.201054507866502 ], [ 5732757.593296421691775, 7374345.116972094401717 ], [ 5732750.033208327367902, 7374356.636454170569777 ], [ 5732741.841442306526005, 7374369.627590735442936 ], [ 5732729.270755262114108, 7374385.807575885206461 ], [ 5732726.343218244612217, 7374388.789699069224298 ], [ 5732723.292715011164546, 7374391.152877876535058 ], [ 5732661.143695835024118, 7374417.085715184919536 ], [ 5732619.412167569622397, 7374433.510947173461318 ], [ 5732607.711229515261948, 7374437.044538060203195 ], [ 5732592.995616026222706, 7374444.066890597343445 ], [ 5732589.064474375918508, 7374446.195116929709911 ], [ 5732528.264352971687913, 7374471.311732606962323 ], [ 5732522.291504109278321, 7374473.084620613604784 ], [ 5732514.211414638906717, 7374472.987357451580465 ], [ 5732509.921882829628885, 7374472.242404583841562 ], [ 5732507.01012830529362, 7374471.249781832098961 ], [ 5732499.79144920501858, 7374467.325202263891697 ], [ 5732488.620535950176418, 7374458.363473117351532 ], [ 5732482.649919017218053, 7374454.867480327375233 ], [ 5732479.325651267543435, 7374453.393214732408524 ], [ 5732476.331989549100399, 7374452.80654767062515 ], [ 5732468.270035393536091, 7374452.049760360270739 ], [ 5732464.387674395926297, 7374452.088094675913453 ], [ 5732461.976567391306162, 7374452.521508586592972 ], [ 5732457.47069082967937, 7374454.39943814650178 ], [ 5732441.803303256630898, 7374465.487860471941531 ], [ 5732426.43090411927551, 7374474.708481417968869 ], [ 5732405.297640081495047, 7374478.904433535411954 ], [ 5732385.815103517845273, 7374469.097867203876376 ], [ 5732356.612974613904953, 7374435.198417974635959 ], [ 5732324.732740071602166, 7374414.582689869217575 ], [ 5732314.90362832415849, 7374409.147976703941822 ], [ 5732295.926311478018761, 7374400.856454446911812 ], [ 5732282.167791100218892, 7374395.540516143664718 ], [ 5732234.309668101370335, 7374380.413668656721711 ], [ 5732210.477375732734799, 7374375.602499920874834 ], [ 5732195.094937535002828, 7374377.467255195602775 ], [ 5732183.393757828511298, 7374380.587496537715197 ], [ 5732177.781451995484531, 7374385.277928726747632 ], [ 5732166.43377238791436, 7374395.46865283511579 ], [ 5732155.396125065162778, 7374411.247421776875854 ], [ 5732142.203651553019881, 7374425.839289791882038 ], [ 5732070.56192506942898, 7374532.626212183386087 ], [ 5732015.562197484076023, 7374613.072504948824644 ], [ 5731902.579858854413033, 7374534.120156747289002 ], [ 5731897.272699990309775, 7374531.215833937749267 ], [ 5731891.82469532918185, 7374529.992934985086322 ], [ 5731839.452379448339343, 7374525.985484732314944 ], [ 5731831.938527650199831, 7374536.809858433902264 ], [ 5731829.56433495040983, 7374531.4368349108845 ] ] ] } },
{ "type": "Feature", "properties": { "lv_id": "LOC_051246", "id": 283929.0, "CD_SETOR": "351060930000021", "SITUACAO": "Urbana", "CD_SIT": "1", "CD_TIPO": "0", "AREA_KM2": 0.016876782537662002, "CD_REGIAO": "3", "NM_REGIAO": "Sudeste", "CD_UF": "35", "NM_UF": "São Paulo", "CD_MUN": "3510609", "NM_MUN": "Carapicuíba", "CD_DIST": "351060930", "NM_DIST": "Vila Dirce", "CD_SUBDIST": "35106093000", "NM_SUBDIST": null, "CD_BAIRRO": null, "NM_BAIRRO": null, "CD_NU": null, "NM_NU": null, "CD_FCU": "35106090009", "NM_FCU": "Campo do Bahia", "CD_AGLOM": null, "NM_AGLOM": null, "CD_RGINT": "3501", "NM_RGINT": "São Paulo", "CD_RGI": "350001", "NM_RGI": "São Paulo", "CD_CONCURB": "3550308", "NM_CONCURB": "São Paulo/SP", "mun_code_x": "3510609", "index_right": 82529, "dist_m": 119.60379224753022, "local_id": 556438, "ano": 2022, "cod_localidade_ibge": 3510609, "NR_ZONA": "388", "nr_cep": 6361400.0, "nm_localidade": "CARAPICUÍBA", "nm_locvot": "EE. PROFESSORA MARIA DE LOURDES TEIXEIRA", "ds_endereco": "ESTRADA DO JACARANDÁ, 370", "ds_bairro": "JARDIM MARIA BEATRIZ", "pred_long": -46.84544, "pred_lat": -23.556025, "pred_dist": 0.0, "tse_long": -46.8452213, "tse_lat": -23.5555896, "long": -46.8452213, "lat": -23.5555896, "ID_UNICO": "LOC_051246", "SG_UF": "SP", "CD_MUNICIPIO": "63134", "NR_LOCAL_VOTACAO": "1244", "QT_SECOES_AGREGADAS": 0, "QT_ELEITORES_TRANSFERIDOS": 29, "CIRO GOMES (PDT) (NÃO ELEITO) 1T": 222.0, "CONSTITUINTE EYMAEL (DC) (NÃO ELEITO) 1T": 2.0, "FELIPE D AVILA (NOVO) (NÃO ELEITO) 1T": 35.0, "JAIR BOLSONARO (PL) (2º TURNO) 1T": 2618.0, "LULA (PT) (2º TURNO) 1T": 3321.0, "LÉO PÉRICLES (UP) (NÃO ELEITO) 1T": 5.0, "PADRE KELMON (PTB) (NÃO ELEITO) 1T": 4.0, "SIMONE TEBET (MDB) (NÃO ELEITO) 1T": 345.0, "SOFIA MANZANO (PCB) (NÃO ELEITO) 1T": 2.0, "SORAYA THRONICKE (UNIÃO) (NÃO ELEITO) 1T": 39.0, "VERA (PSTU) (NÃO ELEITO) 1T": 2.0, "Total_Votos_Validos 1T": 6595.0, "Votos_Brancos 1T": 169.0, "Votos_Nulos 1T": 190.0, "Abstenções 1T": 1742.0, "Eleitores_Aptos 1T": 8696.0, "JAIR BOLSONARO (PL) (NÃO ELEITO) 2T": 3155.0, "LULA (PT) (ELEITO) 2T": 3461.0, "Total_Votos_Validos 2T": 6616.0, "Votos_Brancos 2T": 155.0, "Votos_Nulos 2T": 195.0, "Abstenções 2T": 1730.0, "Eleitores_Aptos 2T": 8696.0, "mun_code_y": "3510609", "mun_code": "3510609" }, "geometry": { "type": "Polygon", "coordinates": [ [ [ 5729834.326120511628687, 7375377.057975185103714 ], [ 5729811.421461153775454, 7375384.307163617573678 ], [ 5729833.499817863106728, 7375451.984824487939477 ], [ 5729749.593168645165861, 7375482.929023222997785 ], [ 5729706.509544590488076, 7375500.851561175659299 ], [ 5729697.392749027349055, 7375484.463305229321122 ], [ 5729687.890700972639024, 7375489.893518621101975 ], [ 5729680.328177912160754, 7375492.190866734832525 ], [ 5729675.88058917876333, 7375494.020191080868244 ], [ 5729671.883698394522071, 7375503.46177006047219 ], [ 5729666.380534424446523, 7375509.752737736329436 ], [ 5729656.379258996807039, 7375512.138314332813025 ], [ 5729645.664936796762049, 7375517.03741889167577 ], [ 5729630.476513573899865, 7375531.033546190708876 ], [ 5729615.351340762339532, 7375537.268967406824231 ], [ 5729591.645657323300838, 7375553.688121107406914 ], [ 5729574.580115735530853, 7375567.967600110918283 ], [ 5729571.977065080776811, 7375583.846945561468601 ], [ 5729567.934598324820399, 7375592.375465947203338 ], [ 5729556.989076036959887, 7375606.182044062763453 ], [ 5729546.642649856396019, 7375617.034295108169317 ], [ 5729534.343318582512438, 7375626.030661806464195 ], [ 5729524.813483040779829, 7375630.290112271904945 ], [ 5729518.192010508850217, 7375612.48248693626374 ], [ 5729525.516263836063445, 7375607.451315515674651 ], [ 5729516.679689581505954, 7375594.018072446808219 ], [ 5729514.636002133600414, 7375590.749171242117882 ], [ 5729538.939028847962618, 7375564.768123777583241 ], [ 5729525.719553546980023, 7375553.026988949626684 ], [ 5729508.393175840377808, 7375537.639951158314943 ], [ 5729495.639911584556103, 7375525.40673965588212 ], [ 5729480.993839861825109, 7375536.953476907685399 ], [ 5729465.827875232324004, 7375546.271437806077302 ], [ 5729453.642901986837387, 7375552.226008621044457 ], [ 5729439.934366568922997, 7375558.993273613043129 ], [ 5729425.002198019064963, 7375560.073220798745751 ], [ 5729423.702435716055334, 7375568.665736891329288 ], [ 5729420.637650456279516, 7375574.042411932721734 ], [ 5729414.610271973535419, 7375577.814498143270612 ], [ 5729410.526172356680036, 7375579.75953065790236 ], [ 5729410.28469748981297, 7375582.506234135478735 ], [ 5729410.368578563444316, 7375588.708040685392916 ], [ 5729408.714268355630338, 7375592.027522604912519 ], [ 5729401.168588990345597, 7375592.817009234800935 ], [ 5729395.541598785668612, 7375592.517353758215904 ], [ 5729393.238373145461082, 7375590.399903136305511 ], [ 5729392.490741070359945, 7375587.702552637085319 ], [ 5729388.920301569625735, 7375584.5656299283728 ], [ 5729384.512225572019815, 7375578.155431025661528 ], [ 5729342.695095390081406, 7375596.06931590847671 ], [ 5729337.444633132778108, 7375585.057811769656837 ], [ 5729332.275570249184966, 7375566.441035288386047 ], [ 5729321.258706711232662, 7375567.113459039479494 ], [ 5729327.655998732894659, 7375634.222943365573883 ], [ 5729337.005365518853068, 7375633.935092373751104 ], [ 5729340.905293047428131, 7375633.628904646262527 ], [ 5729351.954126655124128, 7375632.776297388598323 ], [ 5729340.216957646422088, 7375643.005704563111067 ], [ 5729319.929007058031857, 7375658.271524906158447 ], [ 5729294.256627980619669, 7375675.647617572918534 ], [ 5729279.618745946325362, 7375685.106389604508877 ], [ 5729267.721194381825626, 7375690.678070465102792 ], [ 5729257.204115866683424, 7375692.151460131630301 ], [ 5729242.819566312246025, 7375692.735066392458975 ], [ 5729231.934947300702333, 7375691.547936411574483 ], [ 5729207.158134733326733, 7375686.254177389666438 ], [ 5729189.783760106191039, 7375680.167007083073258 ], [ 5729175.060101913288236, 7375669.828903891146183 ], [ 5729164.286611206829548, 7375658.345013279467821 ], [ 5729139.31751330383122, 7375644.667091839946806 ], [ 5729137.738764149136841, 7375659.981677715666592 ], [ 5729136.930042920634151, 7375667.96920772921294 ], [ 5729140.832918024621904, 7375725.235438719391823 ], [ 5729152.417769554071128, 7375765.141453372314572 ], [ 5729172.92100618313998, 7375764.464853452518582 ], [ 5729165.149315309710801, 7375784.541879441589117 ], [ 5729194.462186825461686, 7375796.351234221830964 ], [ 5729197.919780342839658, 7375800.096570389345288 ], [ 5729399.483831597492099, 7375870.060963228344917 ], [ 5729440.327814759686589, 7375883.917700903490186 ], [ 5729445.76143514085561, 7375889.160562968812883 ], [ 5729441.962356655858457, 7375908.537337104789913 ], [ 5729446.209557123482227, 7375913.973336223512888 ], [ 5729476.655338960699737, 7375924.710036654025316 ], [ 5729483.414433570578694, 7375922.285530822351575 ], [ 5729500.146470418199897, 7375869.469864573329687 ], [ 5729535.90822703205049, 7375882.675842238590121 ], [ 5729544.791305676102638, 7375859.674426273442805 ], [ 5729551.67953581083566, 7375847.320518920198083 ], [ 5729560.178390049375594, 7375836.928857563063502 ], [ 5729569.765615358017385, 7375829.507747177965939 ], [ 5729581.06144317612052, 7375823.552866323851049 ], [ 5729589.684990049339831, 7375820.387860952876508 ], [ 5729609.563836051151156, 7375814.149732620455325 ], [ 5729603.841647694818676, 7375828.979247333481908 ], [ 5729599.755246482789516, 7375840.322746329009533 ], [ 5729594.776710047386587, 7375852.637199448421597 ], [ 5729592.234999109990895, 7375866.671756286174059 ], [ 5729592.356912162154913, 7375877.537355327047408 ], [ 5729594.296661888249218, 7375886.314261339604855 ], [ 5729597.530252883210778, 7375895.61818225029856 ], [ 5729601.781312613748014, 7375902.772893423214555 ], [ 5729607.388707593083382, 7375909.246015593409538 ], [ 5729613.888117524795234, 7375914.335195354185998 ], [ 5729622.133717494085431, 7375920.207860751077533 ], [ 5729630.576909681782126, 7375924.095006724819541 ], [ 5729658.339725379832089, 7375938.22455446049571 ], [ 5729675.35353350546211, 7375947.119808142073452 ], [ 5729685.897537402808666, 7375952.341974519193172 ], [ 5729693.40095055103302, 7375956.242511818185449 ], [ 5729701.990254688076675, 7375968.605393622070551 ], [ 5729709.764506509527564, 7375978.765407096594572 ], [ 5729717.25331203173846, 7375987.298863821662962 ], [ 5729720.700657160021365, 7375991.245559900999069 ], [ 5729728.531771712936461, 7376000.699531987309456 ], [ 5729739.516838528215885, 7376013.545582704246044 ], [ 5729765.540922087617218, 7376043.868457436561584 ], [ 5729780.356381140649319, 7376061.166684494353831 ], [ 5729799.031729682348669, 7376083.920192127116024 ], [ 5729816.16399641521275, 7376102.989139288663864 ], [ 5729826.031264908611774, 7376112.888401482254267 ], [ 5729816.803850852884352, 7376121.173487313091755 ], [ 5729830.28522043582052, 7376138.571778262965381 ], [ 5729796.411129172891378, 7376166.571170162409544 ], [ 5729797.354347829706967, 7376173.399844957515597 ], [ 5729800.106499723158777, 7376184.32396125420928 ], [ 5729815.155127353034914, 7376229.292170363478363 ], [ 5729820.436440596356988, 7376234.140746595337987 ], [ 5729846.357853638008237, 7376220.725110161118209 ], [ 5729864.86905693076551, 7376209.800057405605912 ], [ 5729874.507559853605926, 7376202.789219617843628 ], [ 5729884.900663681328297, 7376195.740706511773169 ], [ 5729890.226672766730189, 7376186.913636568933725 ], [ 5729895.897789230570197, 7376180.089650124311447 ], [ 5729903.078911177814007, 7376170.332823515869677 ], [ 5729909.979644476436079, 7376162.130337176844478 ], [ 5729916.838075601495802, 7376155.336363989859819 ], [ 5729926.185347932390869, 7376148.842299576848745 ], [ 5729935.063478690572083, 7376144.012455280870199 ], [ 5729945.348542682826519, 7376139.927192650735378 ], [ 5729955.059773246757686, 7376135.814757889136672 ], [ 5729966.207255135290325, 7376130.983219830319285 ], [ 5729973.379322003573179, 7376126.99753025919199 ], [ 5729984.564516180194914, 7376117.587680514901876 ], [ 5729997.682292142882943, 7376104.699253425002098 ], [ 5730008.821668171323836, 7376095.191204646602273 ], [ 5730015.610854157246649, 7376091.112981406971812 ], [ 5730023.278634085319936, 7376088.66518665291369 ], [ 5730034.432802042923868, 7376086.020995930768549 ], [ 5730048.631374758668244, 7376084.36331594362855 ], [ 5730063.951737652532756, 7376082.035700839012861 ], [ 5730069.425325990654528, 7376080.277858223766088 ], [ 5730072.089303269051015, 7376078.347762736491859 ], [ 5730073.016858310438693, 7376074.394749104976654 ], [ 5730072.851307276636362, 7376065.942218419164419 ], [ 5730072.387306513264775, 7376058.475683618336916 ], [ 5730095.653125437907875, 7376062.147129490040243 ], [ 5730082.553308125585318, 7376095.706814557313919 ], [ 5730082.107810899615288, 7376109.335539519786835 ], [ 5730085.266929720528424, 7376148.122029462829232 ], [ 5730084.31944041326642, 7376162.34507954865694 ], [ 5730039.688134191557765, 7376312.79348354972899 ], [ 5730026.540859851054847, 7376348.900293027982116 ], [ 5730033.136622602120042, 7376349.966268222779036 ], [ 5730058.093467311002314, 7376340.170264387503266 ], [ 5730062.977282865904272, 7376339.089294688776135 ], [ 5730065.977078433148563, 7376331.996772068552673 ], [ 5730085.609567923471332, 7376273.398377861827612 ], [ 5730091.023350291885436, 7376260.794071055948734 ], [ 5730107.628944677300751, 7376210.595430431887507 ], [ 5730119.96706525888294, 7376174.260952517390251 ], [ 5730123.295636303722858, 7376171.717242734506726 ], [ 5730138.885009946301579, 7376116.311925628222525 ], [ 5730153.365558186545968, 7376086.255056980997324 ], [ 5730206.990550466813147, 7376116.136797809042037 ], [ 5730280.036889016628265, 7376161.155299430713058 ], [ 5730290.915994571521878, 7376162.632293794304132 ], [ 5730314.446320164948702, 7376179.606591298244894 ], [ 5730325.675046457909048, 7376184.816555669531226 ], [ 5730350.708108616992831, 7376194.404613269492984 ], [ 5730357.35325931943953, 7376170.822124689817429 ], [ 5730361.799095577560365, 7376159.929128123447299 ], [ 5730364.343480000272393, 7376151.497461587190628 ], [ 5730399.065259550698102, 7376140.319996824488044 ], [ 5730416.406672546640038, 7376135.468898382037878 ], [ 5730438.413966864347458, 7376127.627661779522896 ], [ 5730445.474787399172783, 7376124.28350299783051 ], [ 5730452.430641917511821, 7376119.448863452300429 ], [ 5730459.594598080962896, 7376113.867125261574984 ], [ 5730464.473224231041968, 7376108.377224633470178 ], [ 5730470.601674454286695, 7376101.094759304076433 ], [ 5730477.584031845442951, 7376089.204332938417792 ], [ 5730479.290072847157717, 7376082.82368035055697 ], [ 5730478.316360206343234, 7376077.23546601831913 ], [ 5730477.655163520947099, 7376072.379499599337578 ], [ 5730475.397269464097917, 7376065.638772074133158 ], [ 5730469.840430508367717, 7376059.163311900570989 ], [ 5730453.642628406174481, 7376052.705987205728889 ], [ 5730423.890409121289849, 7376042.985549628734589 ], [ 5730409.83637729100883, 7376037.492656800895929 ], [ 5730418.495126665569842, 7376027.650476830080152 ], [ 5730493.404508700594306, 7375977.150141404941678 ], [ 5730457.428800047375262, 7375920.714832734316587 ], [ 5730459.270619104616344, 7375913.367452897131443 ], [ 5730468.947772244922817, 7375889.711459829472005 ], [ 5730465.352922280319035, 7375888.551611013710499 ], [ 5730461.047168328426778, 7375886.255258647724986 ], [ 5730455.619006403721869, 7375881.949993783608079 ], [ 5730451.515914853662252, 7375875.926536783576012 ], [ 5730449.72423084359616, 7375866.438972249627113 ], [ 5730447.322741845622659, 7375851.691041155718267 ], [ 5730446.01101859472692, 7375835.426430586725473 ], [ 5730443.480329157784581, 7375824.033584125339985 ], [ 5730436.184602454304695, 7375829.019190708175302 ], [ 5730430.356504685245454, 7375834.121225181035697 ], [ 5730420.514720899984241, 7375838.274081691168249 ], [ 5730410.200697323307395, 7375837.260152023285627 ], [ 5730404.696110866032541, 7375831.831326058134437 ], [ 5730402.147446867078543, 7375824.178679268807173 ], [ 5730398.987778809852898, 7375806.934840392321348 ], [ 5730385.199481404386461, 7375790.56801379006356 ], [ 5730378.495314022526145, 7375813.573122250847518 ], [ 5730336.068979161791503, 7375874.226435898803174 ], [ 5730326.996171509847045, 7375883.553486602380872 ], [ 5730323.318983372300863, 7375872.742534428834915 ], [ 5730320.129114779643714, 7375862.88950196839869 ], [ 5730314.084076664410532, 7375836.156943429261446 ], [ 5730271.387214208953083, 7375772.221473913639784 ], [ 5730249.480501619167626, 7375749.6633236175403 ], [ 5730206.711241820827127, 7375726.930536853149533 ], [ 5730213.758712341077626, 7375720.450572883710265 ], [ 5730224.841940183192492, 7375714.338288038037717 ], [ 5730253.477765584364533, 7375700.239010928198695 ], [ 5730264.820048406720161, 7375693.377050721086562 ], [ 5730273.717658156529069, 7375687.920832917094231 ], [ 5730280.211731221526861, 7375682.439565032720566 ], [ 5730291.865775778889656, 7375670.963232658803463 ], [ 5730308.253111309371889, 7375659.083001624792814 ], [ 5730322.478652346879244, 7375648.951564628630877 ], [ 5730331.438992525450885, 7375644.139563507400453 ], [ 5730340.883454830385745, 7375640.631656328216195 ], [ 5730353.261839903891087, 7375639.176095897331834 ], [ 5730365.897575655020773, 7375637.551398202776909 ], [ 5730378.491392878815532, 7375634.265632752329111 ], [ 5730385.530445040203631, 7375630.900192079134285 ], [ 5730389.214789845049381, 7375626.474524231627584 ], [ 5730389.957841685041785, 7375619.438771496526897 ], [ 5730387.188546750694513, 7375613.717034564353526 ], [ 5730391.738317006267607, 7375609.426719605922699 ], [ 5730405.784167231991887, 7375600.40919460915029 ], [ 5730419.020717540755868, 7375593.407777870073915 ], [ 5730431.070514871738851, 7375586.387507212348282 ], [ 5730441.371841388754547, 7375584.689612649381161 ], [ 5730445.186840441077948, 7375584.320398378185928 ], [ 5730453.005204131826758, 7375585.51476068329066 ], [ 5730459.984549820423126, 7375589.563893092796206 ], [ 5730472.13294343650341, 7375596.413155477494001 ], [ 5730483.377813748084009, 7375602.157861821353436 ], [ 5730491.324839873239398, 7375605.522390829399228 ], [ 5730492.623696848750114, 7375592.208061180077493 ], [ 5730490.583021050319076, 7375584.083555620163679 ], [ 5730485.036021262407303, 7375568.577509483322501 ], [ 5730480.683977700769901, 7375554.485151927918196 ], [ 5730476.26847786642611, 7375540.965233730152249 ], [ 5730472.129834145307541, 7375534.843122441321611 ], [ 5730461.611881106160581, 7375523.994504932314157 ], [ 5730429.555934872478247, 7375506.185371082276106 ], [ 5730404.250085000880063, 7375491.722412887960672 ], [ 5730390.581578228622675, 7375482.471098912879825 ], [ 5730379.262508022598922, 7375499.020758730359375 ], [ 5730357.522184179164469, 7375528.190766466781497 ], [ 5730348.973704078234732, 7375492.664798495359719 ], [ 5730325.504409724846482, 7375422.355410834774375 ], [ 5730320.293217445723712, 7375398.818223626352847 ], [ 5730317.835928292945027, 7375384.3856470733881 ], [ 5730312.504316530190408, 7375345.104791138321161 ], [ 5730308.354457098990679, 7375318.456174902617931 ], [ 5730179.739061378873885, 7375374.251298770308495 ], [ 5730176.09072314761579, 7375371.810463020578027 ], [ 5730162.408833494409919, 7375354.902528241276741 ], [ 5730126.920246102847159, 7375368.294887268915772 ], [ 5730121.638409308157861, 7375370.612524207681417 ], [ 5730112.358296656981111, 7375345.213634552434087 ], [ 5730099.72004471719265, 7375312.325332567095757 ], [ 5730090.948561656288803, 7375296.310630710795522 ], [ 5730044.960607938468456, 7375310.908124977722764 ], [ 5729972.305984088219702, 7375332.953976107761264 ], [ 5729901.834651571698487, 7375355.738696359097958 ], [ 5729834.326120511628687, 7375377.057975185103714 ] ] ] } },
{ "type": "Feature", "properties": { "lv_id": "LOC_051247", "id": 283302.0, "CD_SETOR": "351060905000002", "SITUACAO": "Urbana", "CD_SIT": "1", "CD_TIPO": "0", "AREA_KM2": 0.034637509211660998, "CD_REGIAO": "3", "NM_REGIAO": "Sudeste", "CD_UF": "35", "NM_UF": "São Paulo", "CD_MUN": "3510609", "NM_MUN": "Carapicuíba", "CD_DIST": "351060905", "NM_DIST": "Carapicuíba", "CD_SUBDIST": "35106090500", "NM_SUBDIST": null, "CD_BAIRRO": null, "NM_BAIRRO": null, "CD_NU": null, "NM_NU": null, "CD_FCU": "35106090077", "NM_FCU": "Savime", "CD_AGLOM": null, "NM_AGLOM": null, "CD_RGINT": "3501", "NM_RGINT": "São Paulo", "CD_RGI": "350001", "NM_RGI": "São Paulo", "CD_CONCURB": "3550308", "NM_CONCURB": "São Paulo/SP", "mun_code_x": "3510609", "index_right": 82524, "dist_m": 211.25520210543704, "local_id": 556433, "ano": 2022, "cod_localidade_ibge": 3510609, "NR_ZONA": "388", "nr_cep": 6385490.0, "nm_localidade": "CARAPICUÍBA", "nm_locvot": "EE. PROFESSOR OSVALDO ELCI", "ds_endereco": "RUA CAJOBI, 98", "ds_bairro": "JARDIM ANGELA MARIA", "pred_long": -46.842003, "pred_lat": -23.537392, "pred_dist": 0.0, "tse_long": -46.842102, "tse_lat": -23.5374012, "long": -46.842102, "lat": -23.5374012, "ID_UNICO": "LOC_051247", "SG_UF": "SP", "CD_MUNICIPIO": "63134", "NR_LOCAL_VOTACAO": "1155", "QT_SECOES_AGREGADAS": 0, "QT_ELEITORES_TRANSFERIDOS": 14, "CIRO GOMES (PDT) (NÃO ELEITO) 1T": 122.0, "CONSTITUINTE EYMAEL (DC) (NÃO ELEITO) 1T": 0.0, "FELIPE D AVILA (NOVO) (NÃO ELEITO) 1T": 12.0, "JAIR BOLSONARO (PL) (2º TURNO) 1T": 1110.0, "LULA (PT) (2º TURNO) 1T": 1443.0, "LÉO PÉRICLES (UP) (NÃO ELEITO) 1T": 2.0, "PADRE KELMON (PTB) (NÃO ELEITO) 1T": 3.0, "SIMONE TEBET (MDB) (NÃO ELEITO) 1T": 164.0, "SOFIA MANZANO (PCB) (NÃO ELEITO) 1T": 2.0, "SORAYA THRONICKE (UNIÃO) (NÃO ELEITO) 1T": 21.0, "VERA (PSTU) (NÃO ELEITO) 1T": 0.0, "Total_Votos_Validos 1T": 2879.0, "Votos_Brancos 1T": 73.0, "Votos_Nulos 1T": 111.0, "Abstenções 1T": 676.0, "Eleitores_Aptos 1T": 3739.0, "JAIR BOLSONARO (PL) (NÃO ELEITO) 2T": 1353.0, "LULA (PT) (ELEITO) 2T": 1550.0, "Total_Votos_Validos 2T": 2903.0, "Votos_Brancos 2T": 63.0, "Votos_Nulos 2T": 121.0, "Abstenções 2T": 652.0, "Eleitores_Aptos 2T": 3739.0, "mun_code_y": "3510609", "mun_code": "3510609" }, "geometry": { "type": "Polygon", "coordinates": [ [ [ 5730433.170544512569904, 7377412.141461589373648 ], [ 5730441.634943684563041, 7377418.282150725834072 ], [ 5730455.607018459588289, 7377600.039534764364362 ], [ 5730434.654497512616217, 7377605.706639432348311 ], [ 5730424.249942993745208, 7377608.235223989933729 ], [ 5730405.394918243400753, 7377612.70369010977447 ], [ 5730391.70913715288043, 7377616.065770366229117 ], [ 5730373.218066329136491, 7377618.194318564608693 ], [ 5730349.532636021263897, 7377615.793616306036711 ], [ 5730326.952285766601562, 7377604.173698095604777 ], [ 5730318.376690786331892, 7377598.674714093096554 ], [ 5730310.744442945346236, 7377592.615187782794237 ], [ 5730288.678388522937894, 7377558.065106237307191 ], [ 5730227.700007915496826, 7377725.513707526028156 ], [ 5730260.138922163285315, 7377705.365852039307356 ], [ 5730272.200055634602904, 7377691.961071122437716 ], [ 5730279.641813547350466, 7377674.07646023016423 ], [ 5730283.278377838432789, 7377675.245560610666871 ], [ 5730290.511148770339787, 7377677.183941098861396 ], [ 5730292.768581081181765, 7377677.964231056161225 ], [ 5730296.929489155299962, 7377679.397370485588908 ], [ 5730331.133104936219752, 7377691.196223929524422 ], [ 5730364.259185339324176, 7377662.47482202667743 ], [ 5730386.391706489026546, 7377694.454303347505629 ], [ 5730374.181217991746962, 7377703.01117873750627 ], [ 5730373.100637005642056, 7377703.690190986730158 ], [ 5730284.780572663992643, 7377779.111225922591984 ], [ 5730245.501292744651437, 7377782.210068877786398 ], [ 5730235.707393650896847, 7377792.487909900955856 ], [ 5730239.331526688300073, 7377798.334526164457202 ], [ 5730276.35998491756618, 7377840.57649564370513 ], [ 5730279.86205690074712, 7377844.587470883503556 ], [ 5730281.709284313954413, 7377848.011313645169139 ], [ 5730307.842783196829259, 7377895.663635190576315 ], [ 5730309.078855074942112, 7377897.901320213451982 ], [ 5730312.535495752468705, 7377902.026181891560555 ], [ 5730343.374779604375362, 7377935.770172569900751 ], [ 5730346.858645221218467, 7377942.494423668831587 ], [ 5730332.130243877880275, 7377957.159695792943239 ], [ 5730335.18150600977242, 7377961.561516056768596 ], [ 5730370.929134315811098, 7378010.921773920767009 ], [ 5730372.992206793278456, 7378013.341424540616572 ], [ 5730335.970364731736481, 7378046.386951191350818 ], [ 5730309.616733697243035, 7378065.974346853792667 ], [ 5730297.819637015461922, 7378091.465498342178762 ], [ 5730289.625025631859899, 7378110.459163664840162 ], [ 5730282.153903198428452, 7378147.063835855573416 ], [ 5730278.283957957290113, 7378165.439842823892832 ], [ 5730269.043614546768367, 7378209.019719759002328 ], [ 5730263.211223982274532, 7378246.301589698530734 ], [ 5730434.695882107131183, 7378238.168149279430509 ], [ 5730461.118956630118191, 7378236.804731762036681 ], [ 5730468.177155059762299, 7378237.490520499646664 ], [ 5730480.969026625156403, 7378238.749605681747198 ], [ 5730482.479730932973325, 7378180.397164359688759 ], [ 5730653.297704050317407, 7378178.801729932427406 ], [ 5730653.484922058880329, 7378158.957354581914842 ], [ 5730712.275039409287274, 7378078.121810756623745 ], [ 5730716.602433729916811, 7378072.838143700733781 ], [ 5730740.861594096757472, 7378088.995072692632675 ], [ 5730747.089205441065133, 7378089.632889427244663 ], [ 5730782.211952476762235, 7378057.473445215262473 ], [ 5730792.802879529073834, 7378051.49745530448854 ], [ 5730900.725714564323425, 7378020.457096279598773 ], [ 5730880.021054983139038, 7377969.76579469256103 ], [ 5730962.010421281680465, 7377931.045599024742842 ], [ 5730970.572731369175017, 7377928.474764490500093 ], [ 5730976.994284856133163, 7377927.261022577062249 ], [ 5730976.226909445598722, 7377923.147027481347322 ], [ 5730970.935639934614301, 7377890.628047039732337 ], [ 5730971.65636373590678, 7377886.216474730521441 ], [ 5730971.812053396366537, 7377885.237588884308934 ], [ 5730962.220635709352791, 7377883.160565858706832 ], [ 5730962.846798421815038, 7377878.697907280176878 ], [ 5730971.814511645585299, 7377878.51784001942724 ], [ 5730981.551907871849835, 7377878.600697720423341 ], [ 5730986.441099151968956, 7377870.64340341463685 ], [ 5731010.925964263267815, 7377875.738061345182359 ], [ 5731015.385261678136885, 7377874.745104 ], [ 5731020.641439445316792, 7377872.919821206480265 ], [ 5731027.226695448160172, 7377874.990714854560792 ], [ 5731038.171067862771451, 7377878.160975157283247 ], [ 5731182.351007903926075, 7377891.094074773602188 ], [ 5731244.432303810492158, 7377897.468682508915663 ], [ 5731252.135552082210779, 7377837.276480611413717 ], [ 5731252.460206148214638, 7377826.153830616734922 ], [ 5731256.394019090570509, 7377780.381824458017945 ], [ 5731261.244693159125745, 7377740.491134945303202 ], [ 5731262.937574564479291, 7377725.437965763732791 ], [ 5731264.74848311394453, 7377715.212147599086165 ], [ 5731269.509699119254947, 7377679.065258859656751 ], [ 5731075.215243897400796, 7377655.901562475599349 ], [ 5731060.336295893415809, 7377656.042215375229716 ], [ 5731052.329049001447856, 7377657.848719608038664 ], [ 5731015.787424985319376, 7377674.430808555334806 ], [ 5731005.223326353356242, 7377676.219914652407169 ], [ 5730993.260636855848134, 7377673.948877589777112 ], [ 5730941.811940578743815, 7377663.035192118957639 ], [ 5730935.439740971662104, 7377732.514293269254267 ], [ 5730876.951328499242663, 7377717.386674787849188 ], [ 5730853.474147966131568, 7377709.529160719364882 ], [ 5730854.380745052359998, 7377704.539046946913004 ], [ 5730865.047374439425766, 7377592.395922691561282 ], [ 5730774.742661968804896, 7377583.82449849974364 ], [ 5730769.360762380994856, 7377659.236745811998844 ], [ 5730768.782329660840333, 7377667.324690451845527 ], [ 5730729.669116681441665, 7377630.255328012630343 ], [ 5730721.073767158202827, 7377621.286090163514018 ], [ 5730704.91297968197614, 7377608.832582680508494 ], [ 5730696.339080495759845, 7377604.807082884013653 ], [ 5730661.434257279150188, 7377603.971743304282427 ], [ 5730650.093256241641939, 7377604.326002418063581 ], [ 5730600.010649465955794, 7377602.350890263915062 ], [ 5730562.562299469485879, 7377600.73820379935205 ], [ 5730546.392964072525501, 7377600.217260437086225 ], [ 5730527.168204858899117, 7377394.109514045529068 ], [ 5730524.135088138282299, 7377381.658983442932367 ], [ 5730515.322974984534085, 7377371.617810399271548 ], [ 5730525.197701886296272, 7377357.227949231863022 ], [ 5730536.693086131475866, 7377353.204854285344481 ], [ 5730532.502411499619484, 7377344.607233578339219 ], [ 5730538.374876691959798, 7377340.585858847014606 ], [ 5730533.114042004570365, 7377327.130362700670958 ], [ 5730532.59737588558346, 7377324.968394896015525 ], [ 5730531.486341327428818, 7377320.726473955437541 ], [ 5730530.639612150378525, 7377317.275024681352079 ], [ 5730529.947226815856993, 7377314.664186277426779 ], [ 5730529.368686408735812, 7377312.081149285659194 ], [ 5730528.826076319441199, 7377309.808856346644461 ], [ 5730488.356293814256787, 7377321.81971162930131 ], [ 5730467.712192353792489, 7377357.062223300337791 ], [ 5730447.469288553111255, 7377387.842143315821886 ], [ 5730433.170544512569904, 7377412.141461589373648 ] ] ] } },
{ "type": "Feature", "properties": { "lv_id": "LOC_051248", "id": 283932.0, "CD_SETOR": "351060930000033", "SITUACAO": "Urbana", "CD_SIT": "1", "CD_TIPO": "0", "AREA_KM2": 0.027263845230933, "CD_REGIAO": "3", "NM_REGIAO": "Sudeste", "CD_UF": "35", "NM_UF": "São Paulo", "CD_MUN": "3510609", "NM_MUN": "Carapicuíba", "CD_DIST": "351060930", "NM_DIST": "Vila Dirce", "CD_SUBDIST": "35106093000", "NM_SUBDIST": null, "CD_BAIRRO": null, "NM_BAIRRO": null, "CD_NU": null, "NM_NU": null, "CD_FCU": "35106090095", "NM_FCU": "Rua Cacique / Nova Efraim", "CD_AGLOM": null, "NM_AGLOM": null, "CD_RGINT": "3501", "NM_RGINT": "São Paulo", "CD_RGI": "350001", "NM_RGI": "São Paulo", "CD_CONCURB": "3550308", "NM_CONCURB": "São Paulo/SP", "mun_code_x": "3510609", "index_right": 82565, "dist_m": 228.38560934784721, "local_id": 556474, "ano": 2022, "cod_localidade_ibge": 3510609, "NR_ZONA": "388", "nr_cep": 6363140.0, "nm_localidade": "CARAPICUÍBA", "nm_locvot": "EE. PROFESSORA MARIA HELENA MARDEGAN SCABELLO", "ds_endereco": "RUA ÍTALO DE CAMARGO, 23", "ds_bairro": "JARDIM SANTA CATARINA", "pred_long": -46.8364138, "pred_lat": -23.5668216, "pred_dist": 0.0, "tse_long": -46.8365384, "tse_lat": -23.5665363, "long": -46.8365384, "lat": -23.5665363, "ID_UNICO": "LOC_051248", "SG_UF": "SP", "CD_MUNICIPIO": "63134", "NR_LOCAL_VOTACAO": "1392", "QT_SECOES_AGREGADAS": 0, "QT_ELEITORES_TRANSFERIDOS": 8, "CIRO GOMES (PDT) (NÃO ELEITO) 1T": 67.0, "CONSTITUINTE EYMAEL (DC) (NÃO ELEITO) 1T": 0.0, "FELIPE D AVILA (NOVO) (NÃO ELEITO) 1T": 6.0, "JAIR BOLSONARO (PL) (2º TURNO) 1T": 476.0, "LULA (PT) (2º TURNO) 1T": 867.0, "LÉO PÉRICLES (UP) (NÃO ELEITO) 1T": 2.0, "PADRE KELMON (PTB) (NÃO ELEITO) 1T": 1.0, "SIMONE TEBET (MDB) (NÃO ELEITO) 1T": 58.0, "SOFIA MANZANO (PCB) (NÃO ELEITO) 1T": 0.0, "SORAYA THRONICKE (UNIÃO) (NÃO ELEITO) 1T": 5.0, "VERA (PSTU) (NÃO ELEITO) 1T": 0.0, "Total_Votos_Validos 1T": 1482.0, "Votos_Brancos 1T": 44.0, "Votos_Nulos 1T": 50.0, "Abstenções 1T": 399.0, "Eleitores_Aptos 1T": 1975.0, "JAIR BOLSONARO (PL) (NÃO ELEITO) 2T": 595.0, "LULA (PT) (ELEITO) 2T": 876.0, "Total_Votos_Validos 2T": 1471.0, "Votos_Brancos 2T": 43.0, "Votos_Nulos 2T": 55.0, "Abstenções 2T": 406.0, "Eleitores_Aptos 2T": 1975.0, "mun_code_y": "3510609", "mun_code": "3510609" }, "geometry": { "type": "Polygon", "coordinates": [ [ [ 5730907.298054869286716, 7374210.794429842382669 ], [ 5730786.309765140525997, 7374185.268674178048968 ], [ 5730766.116876521147788, 7374193.556453825905919 ], [ 5730761.550629172474146, 7374186.853113106451929 ], [ 5730759.142413221299648, 7374133.685170920565724 ], [ 5730727.054008702747524, 7374111.090488729998469 ], [ 5730730.844034825451672, 7374090.362465025857091 ], [ 5730745.214713202789426, 7374077.242458483204246 ], [ 5730744.360668785870075, 7374077.128905715420842 ], [ 5730738.196463150903583, 7374075.271761292591691 ], [ 5730731.492066835984588, 7374073.240714291110635 ], [ 5730711.889665350317955, 7374074.924390023574233 ], [ 5730697.048759715631604, 7374081.080338764004409 ], [ 5730692.584692502394319, 7374109.398859158158302 ], [ 5730697.675768015906215, 7374110.439045789651573 ], [ 5730689.036324271932244, 7374126.163350685499609 ], [ 5730677.168252835981548, 7374150.108219580724835 ], [ 5730671.331913171336055, 7374149.495971220545471 ], [ 5730686.727505295537412, 7374165.513935616239905 ], [ 5730675.128457565791905, 7374175.392137476243079 ], [ 5730666.00240077637136, 7374177.065224330872297 ], [ 5730665.266513844951987, 7374173.379437128081918 ], [ 5730660.466389467008412, 7374168.133281527087092 ], [ 5730655.112619617953897, 7374166.949943931773305 ], [ 5730647.732250409200788, 7374169.808206580579281 ], [ 5730633.353892074897885, 7374184.212096646428108 ], [ 5730630.905912004411221, 7374188.207793537527323 ], [ 5730630.467105390504003, 7374192.114176149480045 ], [ 5730631.227975943125784, 7374198.349271120503545 ], [ 5730639.769353039562702, 7374241.70020217821002 ], [ 5730642.94101014174521, 7374283.343960504978895 ], [ 5730622.50292388908565, 7374286.107300879433751 ], [ 5730627.867156093008816, 7374332.363006249070168 ], [ 5730633.182911710813642, 7374355.727516796439886 ], [ 5730622.414616126567125, 7374370.787971066311002 ], [ 5730598.755980140529573, 7374395.255262533202767 ], [ 5730550.563413699157536, 7374441.197312775999308 ], [ 5730506.535134859383106, 7374485.178465311415493 ], [ 5730503.727479762397707, 7374482.171106439083815 ], [ 5730500.132134449668229, 7374481.815067957155406 ], [ 5730487.90199956856668, 7374482.739029996097088 ], [ 5730509.276134206913412, 7374498.324382591992617 ], [ 5730523.805440834723413, 7374505.991934824734926 ], [ 5730536.892284854315221, 7374510.561543609946966 ], [ 5730552.654408258385956, 7374515.689443061128259 ], [ 5730567.957512885332108, 7374521.041197884827852 ], [ 5730578.971565747633576, 7374525.859519977122545 ], [ 5730586.599067627452314, 7374529.384915320202708 ], [ 5730600.094780151732266, 7374539.280715269967914 ], [ 5730608.692621402442455, 7374545.659750159829855 ], [ 5730628.960812384262681, 7374563.454594176262617 ], [ 5730641.440603254362941, 7374574.294145103543997 ], [ 5730664.130376704037189, 7374595.550943312235177 ], [ 5730702.229877706617117, 7374632.077243750914931 ], [ 5730741.075375975109637, 7374671.669289698824286 ], [ 5730778.090724871493876, 7374707.356750092469156 ], [ 5730789.20972413290292, 7374719.190759859979153 ], [ 5730806.572717742063105, 7374736.728942976333201 ], [ 5730820.060237689875066, 7374749.527231355197728 ], [ 5730829.601487600244582, 7374760.469019996002316 ], [ 5730836.502742812968791, 7374768.897388448938727 ], [ 5730841.51205173227936, 7374763.378305908292532 ], [ 5730842.575710419565439, 7374761.751239290460944 ], [ 5730853.958570437505841, 7374743.434042759239674 ], [ 5730885.721838491037488, 7374685.956197686493397 ], [ 5730899.842714905738831, 7374719.227763554081321 ], [ 5730914.236768089234829, 7374755.309715545736253 ], [ 5730950.405284610576928, 7374833.824163515120745 ], [ 5730977.711629690602422, 7374819.967819491401315 ], [ 5730995.156602708622813, 7374812.107668189331889 ], [ 5731034.865403425879776, 7374794.427246564999223 ], [ 5731076.382233725860715, 7374776.109289716929197 ], [ 5731121.886796130798757, 7374754.131373598240316 ], [ 5731264.082967471331358, 7374685.53460974805057 ], [ 5731320.685487819835544, 7374658.390509409829974 ], [ 5731346.817984278313816, 7374645.808719705790281 ], [ 5731380.31222730409354, 7374629.788773420266807 ], [ 5731387.821213732473552, 7374626.432601248845458 ], [ 5731440.499522970989347, 7374601.77259829454124 ], [ 5731458.497177520766854, 7374592.912957429885864 ], [ 5731487.339249328710139, 7374571.756462947465479 ], [ 5731521.855557076632977, 7374549.601436660625041 ], [ 5731556.04121323581785, 7374528.40049209445715 ], [ 5731575.398877697065473, 7374518.735854282975197 ], [ 5731596.090567185543478, 7374510.19876981433481 ], [ 5731623.539568705484271, 7374501.267507155425847 ], [ 5731648.025008516386151, 7374497.262085082940757 ], [ 5731666.445377274416387, 7374496.66346282325685 ], [ 5731674.566244083456695, 7374497.373074868693948 ], [ 5731678.981795064173639, 7374498.391005301848054 ], [ 5731682.306721249595284, 7374499.675631506368518 ], [ 5731687.104750909842551, 7374502.415746057406068 ], [ 5731689.473282213322818, 7374504.607767490670085 ], [ 5731691.678874344564974, 7374507.834890680387616 ], [ 5731694.998877984471619, 7374514.544699844904244 ], [ 5731696.631082355976105, 7374518.57074187323451 ], [ 5731706.438914314843714, 7374514.786709858104587 ], [ 5731727.237120810896158, 7374516.770259104669094 ], [ 5731736.536444713361561, 7374482.761470514349639 ], [ 5731689.134717459790409, 7374476.350301565602422 ], [ 5731535.569263055920601, 7374437.592421539127827 ], [ 5731538.171131319366395, 7374434.225067550316453 ], [ 5731550.091691760346293, 7374418.715308315120637 ], [ 5731557.575981386937201, 7374406.887983182445168 ], [ 5731567.98461199644953, 7374384.644830624572933 ], [ 5731567.961713071912527, 7374374.365408970974386 ], [ 5731565.484009980224073, 7374370.805871153250337 ], [ 5731559.559598663821816, 7374363.523225584067404 ], [ 5731554.877892918884754, 7374363.724139353260398 ], [ 5731549.679321066476405, 7374362.377032024785876 ], [ 5731514.865643763914704, 7374348.693588078953326 ], [ 5731493.244557037018239, 7374338.211802875623107 ], [ 5731480.735137207433581, 7374327.608712464570999 ], [ 5731471.480720087885857, 7374319.756043573841453 ], [ 5731454.228762192651629, 7374289.92318676225841 ], [ 5731402.236824289895594, 7374203.059589916840196 ], [ 5731397.484528105705976, 7374198.162804679013789 ], [ 5731391.34539438597858, 7374196.606015371158719 ], [ 5731372.885372832417488, 7374206.225583599880338 ], [ 5731327.718496887013316, 7374111.106186836957932 ], [ 5731324.869185552000999, 7374105.221148346550763 ], [ 5731319.808832381851971, 7374099.681197601370513 ], [ 5731311.73733336571604, 7374095.452858073636889 ], [ 5731297.709727379493415, 7374090.261309586465359 ], [ 5731276.496759481728077, 7374084.87129513733089 ], [ 5731263.008068110793829, 7374082.487978547811508 ], [ 5731250.500779175199568, 7374082.154047278687358 ], [ 5731237.963625356554985, 7374085.315408768132329 ], [ 5731249.935868080705404, 7374093.355814157053828 ], [ 5731257.834335468709469, 7374108.241705184802413 ], [ 5731265.269891354255378, 7374128.184978325851262 ], [ 5731214.149785790592432, 7374150.445083945989609 ], [ 5731204.886788792908192, 7374132.591320514678955 ], [ 5731200.839386826381087, 7374128.708478798158467 ], [ 5731165.568204001523554, 7374105.436643848195672 ], [ 5731160.516038137488067, 7374102.720312347635627 ], [ 5731157.082427338697016, 7374100.894098239019513 ], [ 5731150.195689117535949, 7374101.763378791511059 ], [ 5731144.481817327439785, 7374105.855677028186619 ], [ 5731137.677850970067084, 7374099.376013715751469 ], [ 5731130.914850103668869, 7374121.14608152769506 ], [ 5731125.80205415841192, 7374132.363321853801608 ], [ 5731122.941587970592082, 7374171.083368631079793 ], [ 5731114.708422152325511, 7374181.016809700988233 ], [ 5731091.144338379614055, 7374189.339836431667209 ], [ 5731054.864311592653394, 7374187.828872420825064 ], [ 5731029.711776849813759, 7374181.943558832630515 ], [ 5731000.845057288184762, 7374171.477756450884044 ], [ 5730989.573395298793912, 7374181.563130144961178 ], [ 5730977.602588284760714, 7374186.448369037359953 ], [ 5730932.226522046141326, 7374201.54398328345269 ], [ 5730907.298054869286716, 7374210.794429842382669 ] ] ] } },
{ "type": "Feature", "properties": { "lv_id": "LOC_051249", "id": 283922.0, "CD_SETOR": "351060930000001", "SITUACAO": "Urbana", "CD_SIT": "1", "CD_TIPO": "0", "AREA_KM2": 0.047366227415525, "CD_REGIAO": "3", "NM_REGIAO": "Sudeste", "CD_UF": "35", "NM_UF": "São Paulo", "CD_MUN": "3510609", "NM_MUN": "Carapicuíba", "CD_DIST": "351060930", "NM_DIST": "Vila Dirce", "CD_SUBDIST": "35106093000", "NM_SUBDIST": null, "CD_BAIRRO": null, "NM_BAIRRO": null, "CD_NU": null, "NM_NU": null, "CD_FCU": "35106090112", "NM_FCU": "Jardim Ana Stela", "CD_AGLOM": null, "NM_AGLOM": null, "CD_RGINT": "3501", "NM_RGINT": "São Paulo", "CD_RGI": "350001", "NM_RGI": "São Paulo", "CD_CONCURB": "3550308", "NM_CONCURB": "São Paulo/SP", "mun_code_x": "3510609", "index_right": 82523, "dist_m": 28.971707741289169, "local_id": 556432, "ano": 2022, "cod_localidade_ibge": 3510609, "NR_ZONA": "388", "nr_cep": 6360150.0, "nm_localidade": "CARAPICUÍBA", "nm_locvot": "EE. PROFESSOR JOSÉ MARIA PEREZ FERREIRA", "ds_endereco": "RUA SANTA HELENA, SN", "ds_bairro": "VILA GOBBI", "pred_long": -46.840092, "pred_lat": -23.560819, "pred_dist": 0.0, "tse_long": -46.8400601, "tse_lat": -23.5607678, "long": -46.8400601, "lat": -23.5607678, "ID_UNICO": "LOC_051249", "SG_UF": "SP", "CD_MUNICIPIO": "63134", "NR_LOCAL_VOTACAO": "1210", "QT_SECOES_AGREGADAS": 0, "QT_ELEITORES_TRANSFERIDOS": 16, "CIRO GOMES (PDT) (NÃO ELEITO) 1T": 153.0, "CONSTITUINTE EYMAEL (DC) (NÃO ELEITO) 1T": 2.0, "FELIPE D AVILA (NOVO) (NÃO ELEITO) 1T": 14.0, "JAIR BOLSONARO (PL) (2º TURNO) 1T": 1391.0, "LULA (PT) (2º TURNO) 1T": 1793.0, "LÉO PÉRICLES (UP) (NÃO ELEITO) 1T": 8.0, "PADRE KELMON (PTB) (NÃO ELEITO) 1T": 2.0, "SIMONE TEBET (MDB) (NÃO ELEITO) 1T": 194.0, "SOFIA MANZANO (PCB) (NÃO ELEITO) 1T": 0.0, "SORAYA THRONICKE (UNIÃO) (NÃO ELEITO) 1T": 26.0, "VERA (PSTU) (NÃO ELEITO) 1T": 2.0, "Total_Votos_Validos 1T": 3585.0, "Votos_Brancos 1T": 85.0, "Votos_Nulos 1T": 144.0, "Abstenções 1T": 872.0, "Eleitores_Aptos 1T": 4686.0, "JAIR BOLSONARO (PL) (NÃO ELEITO) 2T": 1683.0, "LULA (PT) (ELEITO) 2T": 1890.0, "Total_Votos_Validos 2T": 3573.0, "Votos_Brancos 2T": 80.0, "Votos_Nulos 2T": 136.0, "Abstenções 2T": 897.0, "Eleitores_Aptos 2T": 4686.0, "mun_code_y": "3510609", "mun_code": "3510609" }, "geometry": { "type": "Polygon", "coordinates": [ [ [ 5730661.331977233290672, 7374784.912052966654301 ], [ 5730664.10112913325429, 7374800.054615374654531 ], [ 5730668.579048208892345, 7374835.516196351498365 ], [ 5730670.75320197828114, 7374857.787651159800589 ], [ 5730608.834847463294864, 7374863.238466508686543 ], [ 5730609.672800116240978, 7374907.086178419180214 ], [ 5730544.355931185185909, 7374911.009907249361277 ], [ 5730547.475301044993103, 7375021.303361062891781 ], [ 5730468.907182341441512, 7375070.67138151358813 ], [ 5730438.069622597657144, 7375093.063398715108633 ], [ 5730389.747087742201984, 7375128.473464826121926 ], [ 5730381.214421397075057, 7375135.909655807539821 ], [ 5730370.69279545173049, 7375141.793238837271929 ], [ 5730352.068367782980204, 7375147.333845131099224 ], [ 5730335.932504032738507, 7375150.506496069952846 ], [ 5730320.932705975137651, 7375153.912575842812657 ], [ 5730339.740316897630692, 7375196.125428872182965 ], [ 5730355.562458032742143, 7375229.714063504710793 ], [ 5730353.005912924185395, 7375237.074841188266873 ], [ 5730355.531137891113758, 7375253.278797242790461 ], [ 5730360.498544859699905, 7375277.665319222956896 ], [ 5730363.85064647719264, 7375295.692029725760221 ], [ 5730367.370510006323457, 7375304.166772202588618 ], [ 5730375.959223012439907, 7375315.279220441356301 ], [ 5730415.15722477901727, 7375340.410966810770333 ], [ 5730426.12651966419071, 7375349.038081736303866 ], [ 5730403.915532140992582, 7375352.358042662963271 ], [ 5730389.389865943230689, 7375352.771321235224605 ], [ 5730380.946053305640817, 7375353.996904927305877 ], [ 5730374.731580988503993, 7375357.700696462765336 ], [ 5730372.636227271519601, 7375361.600503899157047 ], [ 5730373.742247007787228, 7375367.996928237378597 ], [ 5730379.234877347946167, 7375375.033651754260063 ], [ 5730385.757220417261124, 7375383.860668839886785 ], [ 5730393.146450535394251, 7375393.057367280125618 ], [ 5730395.90390476770699, 7375400.387026848271489 ], [ 5730397.240135673433542, 7375409.350393857806921 ], [ 5730399.592053219676018, 7375419.412706331349909 ], [ 5730401.555348869413137, 7375431.726856281980872 ], [ 5730405.215216610580683, 7375447.929940821602941 ], [ 5730408.073329622857273, 7375459.328737711533904 ], [ 5730429.179301152005792, 7375454.345073491334915 ], [ 5730476.348831095732749, 7375443.348558414727449 ], [ 5730496.663435420021415, 7375438.895463893190026 ], [ 5730508.443078811280429, 7375432.201117496006191 ], [ 5730515.635351190343499, 7375428.426081558689475 ], [ 5730531.590824878774583, 7375417.939983613789082 ], [ 5730545.368927169591188, 7375410.118807203136384 ], [ 5730562.730821160599589, 7375399.138213215395808 ], [ 5730583.240695740096271, 7375386.303610764443874 ], [ 5730596.018631903454661, 7375374.826526619493961 ], [ 5730622.281391348689795, 7375349.035274354740977 ], [ 5730628.985749032348394, 7375343.677199570462108 ], [ 5730637.258500824682415, 7375339.02207565959543 ], [ 5730650.840529206208885, 7375335.675423813052475 ], [ 5730665.065662331879139, 7375332.720773302018642 ], [ 5730674.273299340158701, 7375331.233594320714474 ], [ 5730702.410729981958866, 7375326.020758725702763 ], [ 5730745.074468017555773, 7375318.563614040613174 ], [ 5730754.046609221026301, 7375317.478830192238092 ], [ 5730762.13054586481303, 7375318.670881552621722 ], [ 5730770.324857911095023, 7375321.665684838779271 ], [ 5730778.095465954393148, 7375325.797886127606034 ], [ 5730786.279862638562918, 7375330.233100960031152 ], [ 5730797.867975721135736, 7375339.989941108971834 ], [ 5730814.150809006765485, 7375359.636170065030456 ], [ 5730826.782011846080422, 7375372.064426327124238 ], [ 5730837.645841158926487, 7375378.77669813297689 ], [ 5730848.262216586619616, 7375384.831605117768049 ], [ 5730857.971035853028297, 7375388.677118287421763 ], [ 5730871.955323277041316, 7375389.29506161250174 ], [ 5730907.521813661791384, 7375391.200252693146467 ], [ 5730911.34687860775739, 7375392.05824126675725 ], [ 5730922.141538384370506, 7375393.69511737767607 ], [ 5730974.760573964565992, 7375394.814448233693838 ], [ 5730972.833577130921185, 7375374.428114973008633 ], [ 5731018.258826888166368, 7375346.103818669915199 ], [ 5731080.724858359433711, 7375308.365593880414963 ], [ 5731131.832054436206818, 7375275.715891797095537 ], [ 5731191.529322694987059, 7375237.814128221943974 ], [ 5731216.51133746560663, 7375223.046868764795363 ], [ 5731228.371791778132319, 7375213.066041337326169 ], [ 5731219.573958115652204, 7375210.269103013910353 ], [ 5731164.187677178531885, 7375191.585875776596367 ], [ 5731121.409639210440218, 7375178.310609295964241 ], [ 5731097.79570184648037, 7375170.104306906461716 ], [ 5731082.930670300498605, 7375154.908124036155641 ], [ 5731068.537738312967122, 7375138.31536418478936 ], [ 5731053.266578406095505, 7375118.462498554959893 ], [ 5731039.75822844542563, 7375101.568754928186536 ], [ 5731036.119895636104047, 7375092.776280044578016 ], [ 5731007.63171836361289, 7375053.057091483846307 ], [ 5731000.778965540230274, 7375042.326885821297765 ], [ 5731003.660082247108221, 7375031.645624067634344 ], [ 5731115.577335812151432, 7374917.081435119733214 ], [ 5731120.551943299360573, 7374911.686765538528562 ], [ 5731125.80355435051024, 7374899.7594642508775 ], [ 5731133.786870641633868, 7374882.761769075877964 ], [ 5731139.552171570248902, 7374864.948557799682021 ], [ 5731143.306382621638477, 7374845.550447396934032 ], [ 5731143.856211079284549, 7374822.573280747979879 ], [ 5731121.886796130798757, 7374754.131373598240316 ], [ 5731076.382233725860715, 7374776.109289716929197 ], [ 5731034.865403425879776, 7374794.427246564999223 ], [ 5730995.156602708622813, 7374812.107668189331889 ], [ 5730977.711629690602422, 7374819.967819491401315 ], [ 5730950.405284610576928, 7374833.824163515120745 ], [ 5730914.236768089234829, 7374755.309715545736253 ], [ 5730899.842714905738831, 7374719.227763554081321 ], [ 5730885.721838491037488, 7374685.956197686493397 ], [ 5730853.958570437505841, 7374743.434042759239674 ], [ 5730842.575710419565439, 7374761.751239290460944 ], [ 5730841.51205173227936, 7374763.378305908292532 ], [ 5730836.502742812968791, 7374768.897388448938727 ], [ 5730829.601487600244582, 7374760.469019996002316 ], [ 5730820.060237689875066, 7374749.527231355197728 ], [ 5730806.572717742063105, 7374736.728942976333201 ], [ 5730789.20972413290292, 7374719.190759859979153 ], [ 5730778.090724871493876, 7374707.356750092469156 ], [ 5730741.075375975109637, 7374671.669289698824286 ], [ 5730702.229877706617117, 7374632.077243750914931 ], [ 5730653.900900225155056, 7374680.627066710032523 ], [ 5730705.145080544054508, 7374734.143601547926664 ], [ 5730717.005416738800704, 7374748.954374150373042 ], [ 5730722.243922320194542, 7374759.296513250097632 ], [ 5730661.331977233290672, 7374784.912052966654301 ] ] ] } },
{ "type": "Feature", "properties": { "lv_id": "LOC_051250", "id": 283548.0, "CD_SETOR": "351060905000426", "SITUACAO": "Urbana", "CD_SIT": "1", "CD_TIPO": "0", "AREA_KM2": 0.034486716382863998, "CD_REGIAO": "3", "NM_REGIAO": "Sudeste", "CD_UF": "35", "NM_UF": "São Paulo", "CD_MUN": "3510609", "NM_MUN": "Carapicuíba", "CD_DIST": "351060905", "NM_DIST": "Carapicuíba", "CD_SUBDIST": "35106090500", "NM_SUBDIST": null, "CD_BAIRRO": null, "NM_BAIRRO": null, "CD_NU": null, "NM_NU": null, "CD_FCU": "35106090107", "NM_FCU": "Guarantã/Jatobá", "CD_AGLOM": null, "NM_AGLOM": null, "CD_RGINT": "3501", "NM_RGINT": "São Paulo", "CD_RGI": "350001", "NM_RGI": "São Paulo", "CD_CONCURB": "3550308", "NM_CONCURB": "São Paulo/SP", "mun_code_x": "3510609", "index_right": 82536, "dist_m": 97.815941725423457, "local_id": 556445, "ano": 2022, "cod_localidade_ibge": 3510609, "NR_ZONA": "388", "nr_cep": 6352030.0, "nm_localidade": "CARAPICUÍBA", "nm_locvot": "EE. JOSÉ BENÍCIO DOS SANTOS", "ds_endereco": "AVENIDA JATOBÁS, 209", "ds_bairro": "VILA VELOSO", "pred_long": -46.830365, "pred_lat": -23.550962, "pred_dist": 0.0, "tse_long": -46.8305701, "tse_lat": -23.5510123, "long": -46.8305701, "lat": -23.5510123, "ID_UNICO": "LOC_051250", "SG_UF": "SP", "CD_MUNICIPIO": "63134", "NR_LOCAL_VOTACAO": "1201", "QT_SECOES_AGREGADAS": 0, "QT_ELEITORES_TRANSFERIDOS": 12, "CIRO GOMES (PDT) (NÃO ELEITO) 1T": 117.0, "CONSTITUINTE EYMAEL (DC) (NÃO ELEITO) 1T": 1.0, "FELIPE D AVILA (NOVO) (NÃO ELEITO) 1T": 18.0, "JAIR BOLSONARO (PL) (2º TURNO) 1T": 1450.0, "LULA (PT) (2º TURNO) 1T": 1780.0, "LÉO PÉRICLES (UP) (NÃO ELEITO) 1T": 1.0, "PADRE KELMON (PTB) (NÃO ELEITO) 1T": 0.0, "SIMONE TEBET (MDB) (NÃO ELEITO) 1T": 160.0, "SOFIA MANZANO (PCB) (NÃO ELEITO) 1T": 1.0, "SORAYA THRONICKE (UNIÃO) (NÃO ELEITO) 1T": 18.0, "VERA (PSTU) (NÃO ELEITO) 1T": 1.0, "Total_Votos_Validos 1T": 3547.0, "Votos_Brancos 1T": 91.0, "Votos_Nulos 1T": 113.0, "Abstenções 1T": 941.0, "Eleitores_Aptos 1T": 4692.0, "JAIR BOLSONARO (PL) (NÃO ELEITO) 2T": 1724.0, "LULA (PT) (ELEITO) 2T": 1820.0, "Total_Votos_Validos 2T": 3544.0, "Votos_Brancos 2T": 75.0, "Votos_Nulos 2T": 136.0, "Abstenções 2T": 937.0, "Eleitores_Aptos 2T": 4692.0, "mun_code_y": "3510609", "mun_code": "3510609" }, "geometry": { "type": "Polygon", "coordinates": [ [ [ 5731725.778789734467864, 7375691.85512631200254 ], [ 5731704.027750414796174, 7375699.071914197877049 ], [ 5731701.969784534536302, 7375699.6214085733518 ], [ 5731702.795723334886134, 7375701.4218669552356 ], [ 5731722.901886177249253, 7375749.697568099945784 ], [ 5731725.399567825719714, 7375753.858923530206084 ], [ 5731752.613842361606658, 7375784.186923729255795 ], [ 5731755.320874284952879, 7375786.808550541289151 ], [ 5731786.471735582686961, 7375816.537653179839253 ], [ 5731748.438180406577885, 7375852.051251971162856 ], [ 5731737.03556433133781, 7375859.129611152224243 ], [ 5731735.847291737794876, 7375848.640612302348018 ], [ 5731733.013895386829972, 7375840.622702217660844 ], [ 5731725.914748394861817, 7375832.137376351282001 ], [ 5731714.886177151463926, 7375823.368722226470709 ], [ 5731708.090864253230393, 7375818.306205278262496 ], [ 5731687.116872592829168, 7375801.987185208126903 ], [ 5731677.669390990398824, 7375796.834141528233886 ], [ 5731652.824579026550055, 7375828.695890979841352 ], [ 5731619.492792883887887, 7375860.312508314847946 ], [ 5731610.593773756176233, 7375861.025705946609378 ], [ 5731596.230638705193996, 7375865.115450721234083 ], [ 5731552.519732576794922, 7375870.260613404214382 ], [ 5731526.030468138866127, 7375873.081731417216361 ], [ 5731505.840126694180071, 7375875.118837185204029 ], [ 5731487.142041460610926, 7375878.789094358682632 ], [ 5731476.542555011808872, 7375882.913658866658807 ], [ 5731471.568661152385175, 7375884.848012294620275 ], [ 5731454.087978650815785, 7375892.01810057554394 ], [ 5731437.186831360682845, 7375899.739612119272351 ], [ 5731414.777537573128939, 7375911.185801769606769 ], [ 5731403.283041236922145, 7375915.812728369608521 ], [ 5731382.33708222489804, 7375922.988621566444635 ], [ 5731359.669644607231021, 7375925.372659167274833 ], [ 5731360.575648881494999, 7375939.838343095965683 ], [ 5731348.383996334858239, 7375973.510921387001872 ], [ 5731341.651377252303064, 7376061.672680586576462 ], [ 5731340.216374719515443, 7376095.599714799784124 ], [ 5731290.762170718051493, 7376096.086231477558613 ], [ 5731290.085652746260166, 7376026.400402307510376 ], [ 5731296.822241669520736, 7375968.22047483548522 ], [ 5731294.403643216006458, 7375929.385036690160632 ], [ 5731277.480834295041859, 7375930.119818396866322 ], [ 5731221.496441325172782, 7375935.554069506004453 ], [ 5731207.577405444346368, 7375938.917953042313457 ], [ 5731214.431954043917358, 7375970.778317043557763 ], [ 5731218.97994421236217, 7375970.550871767103672 ], [ 5731221.699151873588562, 7375983.251500582322478 ], [ 5731231.902431688271463, 7376043.910509706474841 ], [ 5731238.943624068051577, 7376094.056525574997067 ], [ 5731244.327763837762177, 7376115.296979397535324 ], [ 5731264.02322733681649, 7376147.586781868711114 ], [ 5731256.716240798123181, 7376156.033689205534756 ], [ 5731262.663640029728413, 7376177.70363450050354 ], [ 5731265.387387844733894, 7376195.616831516847014 ], [ 5731264.913670072332025, 7376215.42008245177567 ], [ 5731259.821885394863784, 7376236.916528424248099 ], [ 5731240.420074181631207, 7376277.099813700653613 ], [ 5731236.646408721804619, 7376296.331351392902434 ], [ 5731239.11949962284416, 7376319.056856084614992 ], [ 5731248.249783001840115, 7376337.520354947075248 ], [ 5731262.188649894669652, 7376365.688990665599704 ], [ 5731269.093972379341722, 7376379.307699508965015 ], [ 5731273.787884053774178, 7376390.402692684903741 ], [ 5731301.398439740762115, 7376443.226053157821298 ], [ 5731324.61071792524308, 7376488.009267470799387 ], [ 5731334.184170550666749, 7376508.180767500773072 ], [ 5731361.999055775813758, 7376568.986125521361828 ], [ 5731364.99508361518383, 7376576.169930556789041 ], [ 5731443.119374333880842, 7376537.224446148611605 ], [ 5731456.712340446189046, 7376565.008521322160959 ], [ 5731474.326851115562022, 7376601.677593933418393 ], [ 5731559.166521457023919, 7376562.094207805581391 ], [ 5731582.895576255396008, 7376617.009202325716615 ], [ 5731584.904505422338843, 7376621.61922375485301 ], [ 5731590.046122532337904, 7376639.835718675516546 ], [ 5731594.097137610428035, 7376670.40767471306026 ], [ 5731628.504775851033628, 7376669.512558872811496 ], [ 5731649.216253726743162, 7376664.580832067877054 ], [ 5731727.716481955721974, 7376619.241264690645039 ], [ 5731741.314771293662488, 7376611.283052681013942 ], [ 5731782.078280688263476, 7376585.143917554989457 ], [ 5731701.709213692694902, 7376463.40963708050549 ], [ 5731707.893302508629858, 7376455.610275270417333 ], [ 5731722.890409715473652, 7376451.511204750277102 ], [ 5731748.091464935801923, 7376452.147881066426635 ], [ 5731775.827875999733806, 7376451.351652964949608 ], [ 5731784.320082833990455, 7376451.082995135337114 ], [ 5731819.104529038071632, 7376450.168424317613244 ], [ 5731838.03216574061662, 7376444.733975296840072 ], [ 5731878.389790175482631, 7376420.512294509448111 ], [ 5731886.446347109042108, 7376416.023654354736209 ], [ 5731901.718405249528587, 7376408.014930078759789 ], [ 5731944.763694236055017, 7376384.596138647757471 ], [ 5732003.87583782710135, 7376451.168341889977455 ], [ 5732016.582389699295163, 7376455.65590238571167 ], [ 5732032.054585229605436, 7376473.556243461556733 ], [ 5732032.502718551084399, 7376474.136585078202188 ], [ 5732034.974828902631998, 7376472.461263503879309 ], [ 5732037.283782934769988, 7376470.180172925814986 ], [ 5732080.039981139823794, 7376428.078323335386813 ], [ 5732001.16562083736062, 7376359.035180509090424 ], [ 5732002.935741040855646, 7376358.042418958619237 ], [ 5732035.0715636247769, 7376335.213993791490793 ], [ 5732050.117853377014399, 7376319.413804976269603 ], [ 5732077.057844855822623, 7376276.071978683583438 ], [ 5732086.575063921511173, 7376282.203712955117226 ], [ 5732124.62268244009465, 7376317.559285774827003 ], [ 5732138.239536726847291, 7376328.810262908227742 ], [ 5732237.158289489336312, 7376212.600863948464394 ], [ 5732305.387544617056847, 7376130.175831951200962 ], [ 5732314.975322660990059, 7376118.488489551469684 ], [ 5732320.230403897352517, 7376112.565904300659895 ], [ 5732316.041237126104534, 7376108.109764852561057 ], [ 5732294.96733009442687, 7376086.538714637979865 ], [ 5732283.174374276772141, 7376053.686378141865134 ], [ 5732294.164546865969896, 7376044.083172306418419 ], [ 5732315.906026164069772, 7376014.574503462761641 ], [ 5732344.084207204170525, 7375972.107389567419887 ], [ 5732334.574218960478902, 7375964.278774767182767 ], [ 5732265.978444294072688, 7375919.257757095620036 ], [ 5732300.960901966318488, 7375863.825096247717738 ], [ 5732283.383129641413689, 7375847.157978802919388 ], [ 5732278.546355504542589, 7375840.378994857892394 ], [ 5732273.789750992320478, 7375828.249143803492188 ], [ 5732270.329888002946973, 7375817.31571258045733 ], [ 5732268.125379130244255, 7375805.727794095873833 ], [ 5732264.823989717289805, 7375775.464090189896524 ], [ 5732272.217091211117804, 7375766.096805320121348 ], [ 5732278.371500213630497, 7375756.490166868083179 ], [ 5732286.843070726841688, 7375739.656928890384734 ], [ 5732295.10718475561589, 7375724.195900085382164 ], [ 5732309.67249353043735, 7375693.27167038153857 ], [ 5732313.506512925028801, 7375669.76107326336205 ], [ 5732251.874782019294798, 7375663.426935409195721 ], [ 5732239.482709620147943, 7375695.29151332937181 ], [ 5732223.391675061546266, 7375721.871683521196246 ], [ 5732215.324912698939443, 7375726.350010784342885 ], [ 5732184.646857831627131, 7375721.03263646364212 ], [ 5732164.095902100205421, 7375718.099139323458076 ], [ 5732146.657827060669661, 7375713.223728893324733 ], [ 5732126.884939370676875, 7375704.379748564213514 ], [ 5732101.23479691054672, 7375692.48131050914526 ], [ 5732091.959031901322305, 7375683.401869419962168 ], [ 5732071.006240044720471, 7375667.718506308272481 ], [ 5732034.296941376291215, 7375648.280968446284533 ], [ 5731953.470836432650685, 7375627.279325168579817 ], [ 5731935.002473265863955, 7375619.98840543627739 ], [ 5731926.815152159892023, 7375612.64040563069284 ], [ 5731919.572630863636732, 7375602.30937756691128 ], [ 5731914.225096283480525, 7375592.463923510164022 ], [ 5731901.24634023103863, 7375600.726490836590528 ], [ 5731822.588834347203374, 7375655.263484740629792 ], [ 5731749.561206860467792, 7375705.867987571284175 ], [ 5731725.778789734467864, 7375691.85512631200254 ] ] ] } },
{ "type": "Feature", "properties": { "lv_id": "LOC_051251", "id": 283352.0, "CD_SETOR": "351060905000128", "SITUACAO": "Urbana", "CD_SIT": "1", "CD_TIPO": "0", "AREA_KM2": 0.078873799632473998, "CD_REGIAO": "3", "NM_REGIAO": "Sudeste", "CD_UF": "35", "NM_UF": "São Paulo", "CD_MUN": "3510609", "NM_MUN": "Carapicuíba", "CD_DIST": "351060905", "NM_DIST": "Carapicuíba", "CD_SUBDIST": "35106090500", "NM_SUBDIST": null, "CD_BAIRRO": null, "NM_BAIRRO": null, "CD_NU": null, "NM_NU": null, "CD_FCU": "35106090097", "NM_FCU": "Cohab 5", "CD_AGLOM": null, "NM_AGLOM": null, "CD_RGINT": "3501", "NM_RGINT": "São Paulo", "CD_RGI": "350001", "NM_RGI": "São Paulo", "CD_CONCURB": "3550308", "NM_CONCURB": "São Paulo/SP", "mun_code_x": "3510609", "index_right": 82518, "dist_m": 129.52620983979492, "local_id": 556427, "ano": 2022, "cod_localidade_ibge": 3510609, "NR_ZONA": "303", "nr_cep": 6329000.0, "nm_localidade": "CARAPICUÍBA", "nm_locvot": "E.E. ANA RODRIGUES DE LISO", "ds_endereco": "RUA BAEPENDI, 149", "ds_bairro": "COHAB", "pred_long": -46.825181, "pred_lat": -23.536996, "pred_dist": 0.0, "tse_long": -46.8252925, "tse_lat": -23.5368927, "long": -46.8252925, "lat": -23.5368927, "ID_UNICO": "LOC_051251", "SG_UF": "SP", "CD_MUNICIPIO": "63134", "NR_LOCAL_VOTACAO": "1210", "QT_SECOES_AGREGADAS": 0, "QT_ELEITORES_TRANSFERIDOS": 23, "CIRO GOMES (PDT) (NÃO ELEITO) 1T": 247.0, "CONSTITUINTE EYMAEL (DC) (NÃO ELEITO) 1T": 2.0, "FELIPE D AVILA (NOVO) (NÃO ELEITO) 1T": 49.0, "JAIR BOLSONARO (PL) (2º TURNO) 1T": 1740.0, "LULA (PT) (2º TURNO) 1T": 2199.0, "LÉO PÉRICLES (UP) (NÃO ELEITO) 1T": 7.0, "PADRE KELMON (PTB) (NÃO ELEITO) 1T": 4.0, "SIMONE TEBET (MDB) (NÃO ELEITO) 1T": 343.0, "SOFIA MANZANO (PCB) (NÃO ELEITO) 1T": 0.0, "SORAYA THRONICKE (UNIÃO) (NÃO ELEITO) 1T": 46.0, "VERA (PSTU) (NÃO ELEITO) 1T": 3.0, "Total_Votos_Validos 1T": 4640.0, "Votos_Brancos 1T": 123.0, "Votos_Nulos 1T": 181.0, "Abstenções 1T": 1260.0, "Eleitores_Aptos 1T": 6204.0, "JAIR BOLSONARO (PL) (NÃO ELEITO) 2T": 2187.0, "LULA (PT) (ELEITO) 2T": 2444.0, "Total_Votos_Validos 2T": 4631.0, "Votos_Brancos 2T": 122.0, "Votos_Nulos 2T": 197.0, "Abstenções 2T": 1254.0, "Eleitores_Aptos 2T": 6204.0, "mun_code_y": "3510609", "mun_code": "3510609" }, "geometry": { "type": "Polygon", "coordinates": [ [ [ 5731915.904664705507457, 7377415.193124018609524 ], [ 5731882.835836209356785, 7377441.717219680547714 ], [ 5731873.892942378297448, 7377472.090951088815928 ], [ 5731880.824586719274521, 7377477.414709590375423 ], [ 5731921.344452645629644, 7377522.12472996301949 ], [ 5731939.996215240098536, 7377545.748972095549107 ], [ 5731963.507338485680521, 7377572.300239047035575 ], [ 5732015.230064709670842, 7377627.600988840684295 ], [ 5732073.510679243132472, 7377693.836476070806384 ], [ 5732084.8519322052598, 7377703.929185981862247 ], [ 5732214.043955334462225, 7377604.247146725654602 ], [ 5732216.72697039693594, 7377621.738424997776747 ], [ 5732214.695093312300742, 7377661.31060070823878 ], [ 5732215.067431651987135, 7377687.400985607877374 ], [ 5732214.857792634516954, 7377697.535835864022374 ], [ 5732216.301965572871268, 7377733.216957600787282 ], [ 5732218.934292582795024, 7377758.089167021214962 ], [ 5732212.514525384642184, 7377766.50319586135447 ], [ 5732202.080641322769225, 7377773.767420012503862 ], [ 5732193.314835643395782, 7377770.209878982976079 ], [ 5732192.261346991173923, 7377778.1879408871755 ], [ 5732185.566979795694351, 7377785.198058070614934 ], [ 5732163.662158931605518, 7377785.713636985048652 ], [ 5732153.446494571864605, 7377782.195130059495568 ], [ 5732136.812810181640089, 7377798.799918485805392 ], [ 5732095.581316763535142, 7377837.140720276162028 ], [ 5732087.604017959907651, 7377845.487471899949014 ], [ 5732117.176317417062819, 7377851.922149453312159 ], [ 5732116.656236488372087, 7377855.430851331911981 ], [ 5732096.726869112811983, 7377948.774747594259679 ], [ 5732095.790989954024553, 7377953.375840275548398 ], [ 5732153.866996310651302, 7377966.745208539068699 ], [ 5732143.100594194605947, 7378019.579908573068678 ], [ 5732267.474577234126627, 7378046.543140196241438 ], [ 5732317.461290604434907, 7378059.658208831213415 ], [ 5732333.707949068397284, 7378063.5557931791991 ], [ 5732333.898599504493177, 7378062.664416307583451 ], [ 5732334.22332851216197, 7378061.386805426329374 ], [ 5732346.056809893809259, 7378010.072280313819647 ], [ 5732415.60145091637969, 7378024.396120715886354 ], [ 5732443.483950959518552, 7378009.471689380705357 ], [ 5732359.555940436199307, 7377926.392414302565157 ], [ 5732362.081742137670517, 7377923.944209794513881 ], [ 5732364.402633060701191, 7377921.896946977823973 ], [ 5732367.069736355915666, 7377919.207257067784667 ], [ 5732369.44533552788198, 7377916.822380052879453 ], [ 5732391.54496349580586, 7377895.635012455284595 ], [ 5732430.427512638270855, 7377933.103802746161819 ], [ 5732433.356123743578792, 7377936.674343213438988 ], [ 5732495.065807904116809, 7377874.58050028886646 ], [ 5732524.735429851338267, 7377844.474590320140123 ], [ 5732610.075490908697248, 7377757.889646606519818 ], [ 5732595.516122511588037, 7377743.147260053083301 ], [ 5732584.306388709694147, 7377718.503420675173402 ], [ 5732578.347035232931376, 7377696.833864891901612 ], [ 5732579.375117565505207, 7377678.732540518976748 ], [ 5732581.744913284666836, 7377667.842027802020311 ], [ 5732585.203171806409955, 7377651.929679566994309 ], [ 5732593.1038718232885, 7377631.620109539479017 ], [ 5732552.956942263990641, 7377605.065136453136802 ], [ 5732457.266777580603957, 7377541.730654053390026 ], [ 5732368.46038069948554, 7377487.450078578665853 ], [ 5732400.718841036781669, 7377454.94864500220865 ], [ 5732416.000940415076911, 7377434.225050920620561 ], [ 5732421.439853849820793, 7377426.853413806296885 ], [ 5732428.683902227319777, 7377413.865955527871847 ], [ 5732431.378905100747943, 7377406.006571553647518 ], [ 5732431.447024554014206, 7377396.113161481916904 ], [ 5732429.286902138963342, 7377387.458715993911028 ], [ 5732414.241709473542869, 7377355.818247281014919 ], [ 5732310.63675631582737, 7377391.489258090034127 ], [ 5732305.455505234189332, 7377377.203861137852073 ], [ 5732271.671483115293086, 7377281.100236762315035 ], [ 5732220.843413055874407, 7377284.459117405116558 ], [ 5732169.694152813404799, 7377288.961302917450666 ], [ 5732081.06390383746475, 7377292.626428751274943 ], [ 5732043.479381985962391, 7377307.120669167488813 ], [ 5732037.577982681803405, 7377312.193480758927763 ], [ 5731969.212063414044678, 7377369.740702381357551 ], [ 5731931.156386274844408, 7377403.680728323757648 ], [ 5731915.904664705507457, 7377415.193124018609524 ] ] ] } },
{ "type": "Feature", "properties": { "lv_id": "LOC_051252", "id": 283362.0, "CD_SETOR": "351060905000153", "SITUACAO": "Urbana", "CD_SIT": "1", "CD_TIPO": "0", "AREA_KM2": 0.0042504302093870003, "CD_REGIAO": "3", "NM_REGIAO": "Sudeste", "CD_UF": "35", "NM_UF": "São Paulo", "CD_MUN": "3510609", "NM_MUN": "Carapicuíba", "CD_DIST": "351060905", "NM_DIST": "Carapicuíba", "CD_SUBDIST": "35106090500", "NM_SUBDIST": null, "CD_BAIRRO": null, "NM_BAIRRO": null, "CD_NU": null, "NM_NU": null, "CD_FCU": "35106090070", "NM_FCU": "Vila Helemar", "CD_AGLOM": null, "NM_AGLOM": null, "CD_RGINT": "3501", "NM_RGINT": "São Paulo", "CD_RGI": "350001", "NM_RGI": "São Paulo", "CD_CONCURB": "3550308", "NM_CONCURB": "São Paulo/SP", "mun_code_x": "3510609", "index_right": 82515, "dist_m": 347.90082959941827, "local_id": 556424, "ano": 2022, "cod_localidade_ibge": 3510609, "NR_ZONA": "303", "nr_cep": 6397260.0, "nm_localidade": "CARAPICUÍBA", "nm_locvot": "EE. PROFESSOR ALBERTO KENWORTH", "ds_endereco": "RUA DOUTOR BOTELHO, 210", "ds_bairro": "VILA LOURDES", "pred_long": -46.858294, "pred_lat": -23.5323615, "pred_dist": 0.0, "tse_long": -46.8580413, "tse_lat": -23.5326883, "long": -46.8580413, "lat": -23.5326883, "ID_UNICO": "LOC_051252", "SG_UF": "SP", "CD_MUNICIPIO": "63134", "NR_LOCAL_VOTACAO": "1732", "QT_SECOES_AGREGADAS": 0, "QT_ELEITORES_TRANSFERIDOS": 6, "CIRO GOMES (PDT) (NÃO ELEITO) 1T": 104.0, "CONSTITUINTE EYMAEL (DC) (NÃO ELEITO) 1T": 1.0, "FELIPE D AVILA (NOVO) (NÃO ELEITO) 1T": 12.0, "JAIR BOLSONARO (PL) (2º TURNO) 1T": 1092.0, "LULA (PT) (2º TURNO) 1T": 1275.0, "LÉO PÉRICLES (UP) (NÃO ELEITO) 1T": 2.0, "PADRE KELMON (PTB) (NÃO ELEITO) 1T": 0.0, "SIMONE TEBET (MDB) (NÃO ELEITO) 1T": 112.0, "SOFIA MANZANO (PCB) (NÃO ELEITO) 1T": 2.0, "SORAYA THRONICKE (UNIÃO) (NÃO ELEITO) 1T": 28.0, "VERA (PSTU) (NÃO ELEITO) 1T": 1.0, "Total_Votos_Validos 1T": 2629.0, "Votos_Brancos 1T": 65.0, "Votos_Nulos 1T": 97.0, "Abstenções 1T": 679.0, "Eleitores_Aptos 1T": 3470.0, "JAIR BOLSONARO (PL) (NÃO ELEITO) 2T": 1278.0, "LULA (PT) (ELEITO) 2T": 1322.0, "Total_Votos_Validos 2T": 2600.0, "Votos_Brancos 2T": 78.0, "Votos_Nulos 2T": 96.0, "Abstenções 2T": 696.0, "Eleitores_Aptos 2T": 3470.0, "mun_code_y": "3510609", "mun_code": "3510609" }, "geometry": { "type": "Polygon", "coordinates": [ [ [ 5729127.517239706590772, 7377904.674854849465191 ], [ 5729118.097402108833194, 7377888.356980024836957 ], [ 5729107.457042839378119, 7377876.073495551943779 ], [ 5729060.818911747075617, 7377902.461923317983747 ], [ 5729051.55035266187042, 7377906.048991076648235 ], [ 5729041.524683440104127, 7377905.92343733087182 ], [ 5728984.451755036599934, 7377886.733620340004563 ], [ 5728961.868004661984742, 7377881.608144369907677 ], [ 5728938.31467517465353, 7377871.374239832162857 ], [ 5728928.73618636932224, 7377868.726124441251159 ], [ 5728917.055289836600423, 7377869.854928137734532 ], [ 5728905.135872423648834, 7377873.38420332223177 ], [ 5728876.80028497800231, 7377888.089222875423729 ], [ 5728745.061290103942156, 7377846.443580826744437 ], [ 5728750.1668441593647, 7377836.646100925281644 ], [ 5728742.285246069543064, 7377790.170893542468548 ], [ 5728733.190340362489223, 7377790.668502438813448 ], [ 5728729.498699177056551, 7377790.651449644006789 ], [ 5728725.807058045640588, 7377790.634395951405168 ], [ 5728620.198209810070693, 7377777.320740394294262 ], [ 5728613.558565785177052, 7377777.026318315416574 ], [ 5728569.532878017053008, 7377776.573249442502856 ], [ 5728562.546075943857431, 7377796.453942958265543 ], [ 5728563.184646275825799, 7377807.248900130391121 ], [ 5728566.703358676284552, 7377816.337825823575258 ], [ 5728574.965623373165727, 7377824.186016265302896 ], [ 5728594.421098224818707, 7377828.909691113047302 ], [ 5728606.104355382733047, 7377827.211775425821543 ], [ 5728620.732023146003485, 7377819.339960684999824 ], [ 5728659.293733560480177, 7377817.642944380640984 ], [ 5728698.980987446382642, 7377836.538793640211225 ], [ 5728702.268888929858804, 7377849.210932301357388 ], [ 5728700.832970862276852, 7377865.578424278646708 ], [ 5728698.120280174538493, 7377878.884240364655852 ], [ 5728684.59365254919976, 7377937.721090409904718 ], [ 5728673.687020048499107, 7377947.026081027463078 ], [ 5728650.480093029327691, 7377967.424310747534037 ], [ 5728641.782939712516963, 7377978.193032624199986 ], [ 5728638.740419621579349, 7377989.595437215641141 ], [ 5728637.825867723673582, 7377993.000621293671429 ], [ 5728643.803396858274937, 7378005.483030844479799 ], [ 5728652.388585906475782, 7378016.741758490912616 ], [ 5728660.401592423208058, 7378029.859481550753117 ], [ 5728659.499818749725819, 7378038.666254231706262 ], [ 5728654.745600514113903, 7378044.01500256638974 ], [ 5728643.368621011264622, 7378048.588511006906629 ], [ 5728625.24042310193181, 7378065.441080428659916 ], [ 5728612.267983660101891, 7378083.175397600978613 ], [ 5728610.070160296745598, 7378094.089259037747979 ], [ 5728603.273195437155664, 7378106.683110877871513 ], [ 5728596.432647002860904, 7378122.515989863313735 ], [ 5728598.229203790426254, 7378131.925066567957401 ], [ 5728603.540273571386933, 7378139.842096348293126 ], [ 5728605.825110447593033, 7378143.233083156868815 ], [ 5728611.995683480985463, 7378153.015954121947289 ], [ 5728621.455256945453584, 7378166.028200057335198 ], [ 5728630.062639179639518, 7378176.292472301051021 ], [ 5728636.229729168117046, 7378196.500457832589746 ], [ 5728640.654394226148725, 7378204.684851789847016 ], [ 5728641.135185074992478, 7378210.040809608064592 ], [ 5728642.149798722006381, 7378221.408619906753302 ], [ 5728658.997770261950791, 7378223.851292061619461 ], [ 5728668.713004276156425, 7378224.104239607229829 ], [ 5728676.157213574275374, 7378231.122580602765083 ], [ 5728693.236959477886558, 7378246.255604088306427 ], [ 5728708.254357844591141, 7378268.032018661499023 ], [ 5728709.806046180427074, 7378270.041980936191976 ], [ 5728715.246327083557844, 7378277.059639533981681 ], [ 5728716.107740404084325, 7378278.757961507886648 ], [ 5728725.793428907170892, 7378297.964798301458359 ], [ 5728728.205247106030583, 7378313.582602880895138 ], [ 5728732.107064106501639, 7378321.737220304086804 ], [ 5728726.077858796343207, 7378341.760020700283349 ], [ 5728721.450202269479632, 7378349.658473953604698 ], [ 5728713.397313419729471, 7378355.908123108558357 ], [ 5728700.455902454443276, 7378358.014645936898887 ], [ 5728674.655041037127376, 7378362.848624490201473 ], [ 5728673.761373231187463, 7378372.849276890046895 ], [ 5728655.507600153796375, 7378373.188828396610916 ], [ 5728639.952231803908944, 7378385.861530474387109 ], [ 5728627.211089065298438, 7378404.555309819057584 ], [ 5728614.650441246107221, 7378419.679532380774617 ], [ 5728609.595707496628165, 7378443.27006564475596 ], [ 5728604.198896232061088, 7378458.327838454395533 ], [ 5728594.485245120711625, 7378467.372328951023519 ], [ 5728583.186649952083826, 7378482.176954971626401 ], [ 5728575.202082727104425, 7378503.390774309635162 ], [ 5728577.25585647393018, 7378516.950324084609747 ], [ 5728573.240086445584893, 7378534.495323034003377 ], [ 5728569.481837623752654, 7378547.138724973425269 ], [ 5728564.910050827078521, 7378561.106200246140361 ], [ 5728563.651371977292001, 7378577.141076121479273 ], [ 5728567.416241789236665, 7378591.597673984244466 ], [ 5728574.853423966094851, 7378608.148444743826985 ], [ 5728584.084064271301031, 7378623.136616380885243 ], [ 5728588.927817857824266, 7378628.230752043426037 ], [ 5728649.93459589779377, 7378610.282046950422227 ], [ 5728651.101298634894192, 7378611.128057518973947 ], [ 5728661.599432270973921, 7378620.550439307466149 ], [ 5728668.557982469908893, 7378637.549168029800057 ], [ 5728684.036526747979224, 7378659.961279790848494 ], [ 5728691.211332259699702, 7378665.46394844725728 ], [ 5728717.263801777735353, 7378644.6899557961151 ], [ 5728695.538757872767746, 7378592.240415735170245 ], [ 5728690.559536884538829, 7378574.540428777225316 ], [ 5728747.531568671576679, 7378562.026888203807175 ], [ 5728745.433818185701966, 7378578.661698052659631 ], [ 5728746.73658821452409, 7378593.977555399760604 ], [ 5728753.794720554724336, 7378615.860106798820198 ], [ 5728758.030659877695143, 7378622.301539167761803 ], [ 5728777.70450065843761, 7378636.133497220464051 ], [ 5728866.43934956099838, 7378673.738858956843615 ], [ 5728928.798598958179355, 7378691.651037149131298 ], [ 5728940.887383121065795, 7378702.009797412902117 ], [ 5728955.98381912894547, 7378718.368856109678745 ], [ 5728984.990810485556722, 7378761.582183096557856 ], [ 5729018.927388099953532, 7378822.721225533634424 ], [ 5729034.194890165701509, 7378857.745249730534852 ], [ 5729042.666060182265937, 7378853.941381152719259 ], [ 5729088.342746973969042, 7378830.559751657769084 ], [ 5729160.940512304194272, 7378797.51035844348371 ], [ 5729177.753119301050901, 7378791.203651584684849 ], [ 5729239.451154286041856, 7378780.573703935369849 ], [ 5729269.96227241307497, 7378778.540268794633448 ], [ 5729327.00815746281296, 7378767.706381550058722 ], [ 5729288.694006352685392, 7378673.244703102856874 ], [ 5729328.921003671362996, 7378655.02240745536983 ], [ 5729332.516821152530611, 7378633.981910339556634 ], [ 5729331.925903905183077, 7378612.636578023433685 ], [ 5729309.645521429367363, 7378567.570521267130971 ], [ 5729301.792599108070135, 7378545.348078679293394 ], [ 5729299.574188455939293, 7378531.986372104845941 ], [ 5729301.664182055741549, 7378515.619554575532675 ], [ 5729305.782723502255976, 7378503.448935445398092 ], [ 5729325.576062900014222, 7378476.902237370610237 ], [ 5729334.933629041537642, 7378459.470070378854871 ], [ 5729336.380646152421832, 7378445.389946799725294 ], [ 5729333.312728653661907, 7378431.188788957893848 ], [ 5729322.270785079337656, 7378413.098862033337355 ], [ 5729307.484679771587253, 7378386.946962423622608 ], [ 5729314.049399177543819, 7378390.046504722908139 ], [ 5729364.765088600106537, 7378413.760586406104267 ], [ 5729375.632391178049147, 7378408.598056294023991 ], [ 5729378.861162215471268, 7378406.294092412106693 ], [ 5729339.348981032148004, 7378385.001963306218386 ], [ 5729323.044777403585613, 7378377.052436363883317 ], [ 5729303.488355970010161, 7378372.579998141154647 ], [ 5729304.249912975355983, 7378369.595344722270966 ], [ 5729306.106012997217476, 7378362.303518438711762 ], [ 5729304.426226302050054, 7378359.77536984719336 ], [ 5729287.002437978982925, 7378349.459505525417626 ], [ 5729293.611333319917321, 7378336.997355189174414 ], [ 5729307.336712878197432, 7378315.496725725010037 ], [ 5729308.457697390578687, 7378313.777762762270868 ], [ 5729291.066050264984369, 7378298.761215237900615 ], [ 5729303.69346928037703, 7378291.780936141498387 ], [ 5729318.49491133634001, 7378280.819172140210867 ], [ 5729327.626001892611384, 7378271.378917625173926 ], [ 5729335.280424701049924, 7378260.617020833306015 ], [ 5729339.15923429094255, 7378248.357845738530159 ], [ 5729338.739607715979218, 7378205.171530643478036 ], [ 5729301.993557433597744, 7378216.880910506471992 ], [ 5729274.180072652176023, 7378204.671888837590814 ], [ 5729267.729608840309083, 7378188.652508912608027 ], [ 5729223.142331668175757, 7378175.493390893563628 ], [ 5729210.856466390192509, 7378171.45112419500947 ], [ 5729191.871835933066905, 7378164.695472234860063 ], [ 5729181.053928134962916, 7378155.836304308846593 ], [ 5729177.631628469564021, 7378142.936428766697645 ], [ 5729182.953457011841238, 7378138.519094748422503 ], [ 5729188.1505321348086, 7378134.677222675643861 ], [ 5729203.497868845239282, 7378083.494901234284043 ], [ 5729202.235984842292964, 7378078.267112506553531 ], [ 5729197.800008498132229, 7378074.179719483479857 ], [ 5729199.827086265198886, 7378067.448635707609355 ], [ 5729211.41008317284286, 7378028.36342791467905 ], [ 5729168.52886672783643, 7378015.989911580458283 ], [ 5729149.49282462336123, 7378004.90608128067106 ], [ 5729145.225469795055687, 7378015.108462322503328 ], [ 5729100.999653068371117, 7377998.102694476023316 ], [ 5729095.990039235912263, 7377999.133613346144557 ], [ 5729118.236636815592647, 7377951.614724155515432 ], [ 5729136.04524156358093, 7377901.615751429460943 ], [ 5729127.517239706590772, 7377904.674854849465191 ] ] ] } },
{ "type": "Feature", "properties": { "lv_id": "LOC_051253", "id": 283377.0, "CD_SETOR": "351060905000194", "SITUACAO": "Urbana", "CD_SIT": "1", "CD_TIPO": "1", "AREA_KM2": 0.004733344109426, "CD_REGIAO": "3", "NM_REGIAO": "Sudeste", "CD_UF": "35", "NM_UF": "São Paulo", "CD_MUN": "3510609", "NM_MUN": "Carapicuíba", "CD_DIST": "351060905", "NM_DIST": "Carapicuíba", "CD_SUBDIST": "35106090500", "NM_SUBDIST": null, "CD_BAIRRO": null, "NM_BAIRRO": null, "CD_NU": null, "NM_NU": null, "CD_FCU": "35106090029", "NM_FCU": "Jardim Hermínia II", "CD_AGLOM": null, "NM_AGLOM": null, "CD_RGINT": "3501", "NM_RGINT": "São Paulo", "CD_RGI": "350001", "NM_RGI": "São Paulo", "CD_CONCURB": "3550308", "NM_CONCURB": "São Paulo/SP", "mun_code_x": "3510609", "index_right": 82555, "dist_m": 266.03377563574543, "local_id": 556464, "ano": 2022, "cod_localidade_ibge": 3510609, "NR_ZONA": "388", "nr_cep": 6331040.0, "nm_localidade": "CARAPICUÍBA", "nm_locvot": "EE. GOVERNADOR ANDRÉ FRANCO MONTORO", "ds_endereco": "RUA CHAPECÓ, 61", "ds_bairro": "VILA DA OPORTUNIDADE", "pred_long": -46.824376, "pred_lat": -23.545226, "pred_dist": 0.0, "tse_long": -46.8244053, "tse_lat": -23.5452972, "long": -46.8244053, "lat": -23.5452972, "ID_UNICO": "LOC_051253", "SG_UF": "SP", "CD_MUNICIPIO": "63134", "NR_LOCAL_VOTACAO": "1287", "QT_SECOES_AGREGADAS": 0, "QT_ELEITORES_TRANSFERIDOS": 6, "CIRO GOMES (PDT) (NÃO ELEITO) 1T": 103.0, "CONSTITUINTE EYMAEL (DC) (NÃO ELEITO) 1T": 0.0, "FELIPE D AVILA (NOVO) (NÃO ELEITO) 1T": 10.0, "JAIR BOLSONARO (PL) (2º TURNO) 1T": 849.0, "LULA (PT) (2º TURNO) 1T": 1018.0, "LÉO PÉRICLES (UP) (NÃO ELEITO) 1T": 3.0, "PADRE KELMON (PTB) (NÃO ELEITO) 1T": 0.0, "SIMONE TEBET (MDB) (NÃO ELEITO) 1T": 86.0, "SOFIA MANZANO (PCB) (NÃO ELEITO) 1T": 1.0, "SORAYA THRONICKE (UNIÃO) (NÃO ELEITO) 1T": 13.0, "VERA (PSTU) (NÃO ELEITO) 1T": 1.0, "Total_Votos_Validos 1T": 2084.0, "Votos_Brancos 1T": 49.0, "Votos_Nulos 1T": 80.0, "Abstenções 1T": 614.0, "Eleitores_Aptos 1T": 2827.0, "JAIR BOLSONARO (PL) (NÃO ELEITO) 2T": 1049.0, "LULA (PT) (ELEITO) 2T": 1061.0, "Total_Votos_Validos 2T": 2110.0, "Votos_Brancos 2T": 45.0, "Votos_Nulos 2T": 70.0, "Abstenções 2T": 602.0, "Eleitores_Aptos 2T": 2827.0, "mun_code_y": "3510609", "mun_code": "3510609" }, "geometry": { "type": "MultiPolygon", "coordinates": [ [ [ [ 5732687.629702694714069, 7376751.60579917486757 ], [ 5732685.104144927114248, 7376744.030113562010229 ], [ 5732684.426899319514632, 7376732.934921683743596 ], [ 5732684.395536517724395, 7376731.898370489478111 ], [ 5732684.5697011789307, 7376727.20135202165693 ], [ 5732686.151097264140844, 7376719.978067692369223 ], [ 5732688.464832636527717, 7376711.043706229887903 ], [ 5732691.386663834564388, 7376699.957986089400947 ], [ 5732697.730637633241713, 7376687.182718303054571 ], [ 5732702.254148913547397, 7376679.097636153921485 ], [ 5732704.962017371319234, 7376669.049586126580834 ], [ 5732717.194455947726965, 7376659.953203434124589 ], [ 5732723.105434248223901, 7376653.037651281803846 ], [ 5732730.98354157526046, 7376642.730573944747448 ], [ 5732731.808785110712051, 7376641.65110747795552 ], [ 5732737.513623249717057, 7376630.816629949957132 ], [ 5732743.348808622919023, 7376614.818485870026052 ], [ 5732745.934290710836649, 7376606.004434522241354 ], [ 5732747.397839263081551, 7376597.447517652995884 ], [ 5732747.934326409362257, 7376589.160298377275467 ], [ 5732746.439226101152599, 7376575.20378559269011 ], [ 5732745.573434600606561, 7376567.087284358218312 ], [ 5732746.136552602984011, 7376551.766277296468616 ], [ 5732746.093335297890007, 7376551.310774935409427 ], [ 5732745.844785729423165, 7376548.58838461060077 ], [ 5732745.43913072347641, 7376544.154821332544088 ], [ 5732745.238807983696461, 7376541.98814601637423 ], [ 5732743.467801575548947, 7376533.14677613787353 ], [ 5732739.597543840296566, 7376524.031052058562636 ], [ 5732733.476900189183652, 7376513.867161871865392 ], [ 5732729.984362984076142, 7376505.558548260480165 ], [ 5732722.192940319888294, 7376494.283964781090617 ], [ 5732692.243432220071554, 7376487.010604443028569 ], [ 5732685.776414139196277, 7376491.799635941162705 ], [ 5732668.668098625726998, 7376481.270859869197011 ], [ 5732665.528670769184828, 7376486.161080968566239 ], [ 5732662.160328568890691, 7376499.356584316119552 ], [ 5732598.849896848201752, 7376515.755734082311392 ], [ 5732538.214348858222365, 7376535.358205468393862 ], [ 5732532.80913703981787, 7376541.143247505649924 ], [ 5732505.179434588178992, 7376547.762345005758107 ], [ 5732456.773677539080381, 7376544.716998770833015 ], [ 5732411.494459948502481, 7376519.948894466273487 ], [ 5732409.47641702182591, 7376518.84440094511956 ], [ 5732369.54218334518373, 7376507.337538130581379 ], [ 5732331.759930249303579, 7376520.894327633082867 ], [ 5732306.229140881448984, 7376510.184175562113523 ], [ 5732289.005354925990105, 7376491.199641264975071 ], [ 5732273.068564835004508, 7376475.46592624578625 ], [ 5732268.1953762229532, 7376438.49411153793335 ], [ 5732232.376789628528059, 7376411.343165343627334 ], [ 5732205.240373853594065, 7376391.202865022234619 ], [ 5732193.086489011533558, 7376375.268558019772172 ], [ 5732164.193969267420471, 7376350.25999802723527 ], [ 5732139.839252239093184, 7376330.136646857485175 ], [ 5732138.239536726847291, 7376328.810262908227742 ], [ 5732124.62268244009465, 7376317.559285774827003 ], [ 5732086.575063921511173, 7376282.203712955117226 ], [ 5732077.057844855822623, 7376276.071978683583438 ], [ 5732050.117853377014399, 7376319.413804976269603 ], [ 5732035.0715636247769, 7376335.213993791490793 ], [ 5732002.935741040855646, 7376358.042418958619237 ], [ 5732001.16562083736062, 7376359.035180509090424 ], [ 5732080.039981139823794, 7376428.078323335386813 ], [ 5732037.283782934769988, 7376470.180172925814986 ], [ 5732034.974828902631998, 7376472.461263503879309 ], [ 5732032.502718551084399, 7376474.136585078202188 ], [ 5732032.054585229605436, 7376473.556243461556733 ], [ 5732016.582389699295163, 7376455.65590238571167 ], [ 5732003.87583782710135, 7376451.168341889977455 ], [ 5731944.763694236055017, 7376384.596138647757471 ], [ 5731901.718405249528587, 7376408.014930078759789 ], [ 5731886.446347109042108, 7376416.023654354736209 ], [ 5731888.294407088309526, 7376421.914225593209267 ], [ 5731933.848356221802533, 7376487.010820761322975 ], [ 5731988.372162066400051, 7376572.655015304684639 ], [ 5731964.118090570904315, 7376585.254579579457641 ], [ 5731964.525621127337217, 7376585.636031491681933 ], [ 5731966.084915529936552, 7376587.176546276547015 ], [ 5731993.763779975473881, 7376628.007625602185726 ], [ 5731948.17749847471714, 7376644.777913553640246 ], [ 5731936.163627237081528, 7376644.541960682719946 ], [ 5731912.365276263095438, 7376666.271769298240542 ], [ 5731927.710050193592906, 7376669.745598138310015 ], [ 5732037.805369639769197, 7376846.641276309266686 ], [ 5732046.518637144006789, 7376846.495426846668124 ], [ 5732093.349664369598031, 7376841.740492416545749 ], [ 5732137.962492506951094, 7376840.266574175097048 ], [ 5732182.807565721683204, 7376827.886312108486891 ], [ 5732264.020581075921655, 7376979.515372104942799 ], [ 5732276.779748966917396, 7377005.309456877410412 ], [ 5732311.740834388881922, 7376989.483357314020395 ], [ 5732332.977925614453852, 7376979.512480307370424 ], [ 5732360.148553099483252, 7376964.299500551074743 ], [ 5732359.525544513948262, 7376968.405012501403689 ], [ 5732358.422854075208306, 7376976.00608401466161 ], [ 5732367.148243853822351, 7376989.198680393397808 ], [ 5732479.97691166959703, 7377095.029748329892755 ], [ 5732484.11078121419996, 7377080.981199748814106 ], [ 5732490.489648959599435, 7377058.459484146907926 ], [ 5732545.970784800127149, 7376969.617910508997738 ], [ 5732567.506634187884629, 7376934.940073633566499 ], [ 5732606.096901212818921, 7376871.657849127426744 ], [ 5732624.664027388207614, 7376844.886521331965923 ], [ 5732642.764309488236904, 7376914.125656425021589 ], [ 5732642.898154907859862, 7376932.146535839885473 ], [ 5732639.212261723354459, 7376943.493734990246594 ], [ 5732570.414119313471019, 7377049.389421567320824 ], [ 5732554.222066931426525, 7377092.807795803062618 ], [ 5732553.652000649832189, 7377104.110532909631729 ], [ 5732553.156435406766832, 7377111.379853076301515 ], [ 5732592.841027348302305, 7377120.722572365775704 ], [ 5732596.223639709874988, 7377120.285274685360491 ], [ 5732622.488970107398927, 7377029.669268438592553 ], [ 5732630.848899108357728, 7377026.337147292681038 ], [ 5732661.963451022282243, 7377014.352946043014526 ], [ 5732680.940539121627808, 7376997.417622270062566 ], [ 5732742.47976797260344, 7376964.151479503139853 ], [ 5732751.723124261945486, 7376959.882008857093751 ], [ 5732792.953429782763124, 7376940.224325269460678 ], [ 5732777.765649110078812, 7376932.94807165954262 ], [ 5732770.235683889128268, 7376927.520719278603792 ], [ 5732763.284207569435239, 7376921.394628837704659 ], [ 5732757.569421122781932, 7376913.420567604713142 ], [ 5732752.364536568522453, 7376905.420963156968355 ], [ 5732751.875378722324967, 7376904.429668756201863 ], [ 5732746.828967366367579, 7376894.077976389788091 ], [ 5732740.626920253969729, 7376879.218664700165391 ], [ 5732734.320412597618997, 7376861.451144566759467 ], [ 5732726.020491891540587, 7376836.527784660458565 ], [ 5732721.036126278340816, 7376822.712577521800995 ], [ 5732715.462154673412442, 7376809.373410945758224 ], [ 5732706.793471748009324, 7376791.389346921816468 ], [ 5732691.913987793028355, 7376761.437532932497561 ], [ 5732687.629702694714069, 7376751.60579917486757 ] ] ], [ [ [ 5732298.055590111762285, 7377057.924873484298587 ], [ 5732300.883062022738159, 7377055.584317022934556 ], [ 5732287.359903627075255, 7377031.279599140398204 ], [ 5732280.558156148530543, 7377011.773162540048361 ], [ 5732276.779748966917396, 7377005.309456877410412 ], [ 5732272.520483641885221, 7377007.844472791068256 ], [ 5732260.755624826997519, 7377014.851842362433672 ], [ 5732253.043623961508274, 7377003.115418999455869 ], [ 5732229.039270872250199, 7377012.130749655887485 ], [ 5732238.350696600042284, 7377038.901132368482649 ], [ 5732242.168387613259256, 7377046.356339976191521 ], [ 5732238.875136028043926, 7377048.787173101678491 ], [ 5732232.029460374265909, 7377049.687962903641164 ], [ 5732218.714330266229808, 7377050.834439091384411 ], [ 5732215.422209894284606, 7377051.445723792538047 ], [ 5732218.43100506439805, 7377093.26606612931937 ], [ 5732260.229991840198636, 7377087.021366667933762 ], [ 5732260.494585547596216, 7377086.996959514915943 ], [ 5732263.818257735110819, 7377084.151588307693601 ], [ 5732270.389218108728528, 7377077.136328794062138 ], [ 5732282.684801107272506, 7377070.314487121999264 ], [ 5732298.055590111762285, 7377057.924873484298587 ] ] ] ] } },
{ "type": "Feature", "properties": { "lv_id": "LOC_051254", "id": 283313.0, "CD_SETOR": "351060905000029", "SITUACAO": "Urbana", "CD_SIT": "1", "CD_TIPO": "1", "AREA_KM2": 0.041987545051702997, "CD_REGIAO": "3", "NM_REGIAO": "Sudeste", "CD_UF": "35", "NM_UF": "São Paulo", "CD_MUN": "3510609", "NM_MUN": "Carapicuíba", "CD_DIST": "351060905", "NM_DIST": "Carapicuíba", "CD_SUBDIST": "35106090500", "NM_SUBDIST": null, "CD_BAIRRO": null, "NM_BAIRRO": null, "CD_NU": null, "NM_NU": null, "CD_FCU": "35106090071", "NM_FCU": "Vila São Jorge", "CD_AGLOM": null, "NM_AGLOM": null, "CD_RGINT": "3501", "NM_RGINT": "São Paulo", "CD_RGI": "350001", "NM_RGI": "São Paulo", "CD_CONCURB": "3550308", "NM_CONCURB": "São Paulo/SP", "mun_code_x": "3510609", "index_right": 82550, "dist_m": 74.622418846374828, "local_id": 556459, "ano": 2022, "cod_localidade_ibge": 3510609, "NR_ZONA": "388", "nr_cep": 6381095.0, "nm_localidade": "CARAPICUÍBA", "nm_locvot": "EE. PROFESSOR RICARDO ANTONIO PÉCHIO", "ds_endereco": "ESTRADA PEQUIÁ, 30", "ds_bairro": "VILA SILVIANIA", "pred_long": -46.840423, "pred_lat": -23.540541, "pred_dist": 0.0, "tse_long": -46.8404606, "tse_lat": -23.5405827, "long": -46.8404606, "lat": -23.5405827, "ID_UNICO": "LOC_051254", "SG_UF": "SP", "CD_MUNICIPIO": "63134", "NR_LOCAL_VOTACAO": "1279", "QT_SECOES_AGREGADAS": 0, "QT_ELEITORES_TRANSFERIDOS": 22, "CIRO GOMES (PDT) (NÃO ELEITO) 1T": 212.0, "CONSTITUINTE EYMAEL (DC) (NÃO ELEITO) 1T": 1.0, "FELIPE D AVILA (NOVO) (NÃO ELEITO) 1T": 19.0, "JAIR BOLSONARO (PL) (2º TURNO) 1T": 1938.0, "LULA (PT) (2º TURNO) 1T": 2743.0, "LÉO PÉRICLES (UP) (NÃO ELEITO) 1T": 5.0, "PADRE KELMON (PTB) (NÃO ELEITO) 1T": 5.0, "SIMONE TEBET (MDB) (NÃO ELEITO) 1T": 238.0, "SOFIA MANZANO (PCB) (NÃO ELEITO) 1T": 3.0, "SORAYA THRONICKE (UNIÃO) (NÃO ELEITO) 1T": 43.0, "VERA (PSTU) (NÃO ELEITO) 1T": 3.0, "Total_Votos_Validos 1T": 5210.0, "Votos_Brancos 1T": 129.0, "Votos_Nulos 1T": 185.0, "Abstenções 1T": 1563.0, "Eleitores_Aptos 1T": 7087.0, "JAIR BOLSONARO (PL) (NÃO ELEITO) 2T": 2294.0, "LULA (PT) (ELEITO) 2T": 2826.0, "Total_Votos_Validos 2T": 5120.0, "Votos_Brancos 2T": 116.0, "Votos_Nulos 2T": 224.0, "Abstenções 2T": 1627.0, "Eleitores_Aptos 2T": 7087.0, "mun_code_y": "3510609", "mun_code": "3510609" }, "geometry": { "type": "Polygon", "coordinates": [ [ [ 5730680.047942267730832, 7376914.417803743854165 ], [ 5730654.498526833951473, 7376880.343639298342168 ], [ 5730605.70234355982393, 7376898.798681672662497 ], [ 5730562.883194849826396, 7376919.645066040568054 ], [ 5730518.663413003087044, 7376939.46735621150583 ], [ 5730497.767379441298544, 7376949.529897070489824 ], [ 5730497.418218118138611, 7376949.703603525646031 ], [ 5730466.976923967711627, 7376963.937429010868073 ], [ 5730453.724852896295488, 7376966.552570281550288 ], [ 5730443.626255214214325, 7376968.44095971994102 ], [ 5730429.787312950007617, 7376972.61458629835397 ], [ 5730402.018178450874984, 7376980.977512316778302 ], [ 5730401.447583212517202, 7376977.322525478899479 ], [ 5730392.948479505255818, 7376961.863309456966817 ], [ 5730403.109734303317964, 7376955.897674916312099 ], [ 5730401.262677851133049, 7376944.26974587701261 ], [ 5730393.708907258696854, 7376926.854618804529309 ], [ 5730389.555855479091406, 7376933.167641117237508 ], [ 5730231.109909580089152, 7376995.872908137738705 ], [ 5730220.859768263995647, 7376995.335379248484969 ], [ 5730217.162224095314741, 7376992.528544433414936 ], [ 5730206.049124614335597, 7377018.588506540283561 ], [ 5730178.534406854771078, 7377041.504665422253311 ], [ 5730183.398257773369551, 7377046.586150671355426 ], [ 5730193.9482441842556, 7377049.653685327619314 ], [ 5730209.626644405536354, 7377049.362171023152769 ], [ 5730229.526729789562523, 7377049.674719580449164 ], [ 5730248.241696942597628, 7377052.055568516254425 ], [ 5730268.847879806533456, 7377061.206625361926854 ], [ 5730283.526793664321303, 7377079.639004647731781 ], [ 5730294.641652829945087, 7377099.175760129466653 ], [ 5730310.006792200729251, 7377118.042680631391704 ], [ 5730328.344661242328584, 7377132.553095829673111 ], [ 5730375.949301578104496, 7377157.467546097934246 ], [ 5730394.012948579154909, 7377169.960113919340074 ], [ 5730400.064923411235213, 7377181.445070296525955 ], [ 5730399.124561452306807, 7377191.504381282255054 ], [ 5730394.713753298856318, 7377199.82825499586761 ], [ 5730373.704184038564563, 7377225.065362317487597 ], [ 5730364.418257187120616, 7377250.453810362145305 ], [ 5730356.164431530982256, 7377276.449274808168411 ], [ 5730352.439512888900936, 7377294.438687076792121 ], [ 5730353.583784145303071, 7377312.073389962315559 ], [ 5730356.420995807275176, 7377337.01284496113658 ], [ 5730359.365605615079403, 7377361.645564478822052 ], [ 5730488.356293814256787, 7377321.81971162930131 ], [ 5730528.826076319441199, 7377309.808856346644461 ], [ 5730529.368686408735812, 7377312.081149285659194 ], [ 5730529.947226815856993, 7377314.664186277426779 ], [ 5730530.639612150378525, 7377317.275024681352079 ], [ 5730531.486341327428818, 7377320.726473955437541 ], [ 5730532.59737588558346, 7377324.968394896015525 ], [ 5730533.114042004570365, 7377327.130362700670958 ], [ 5730538.374876691959798, 7377340.585858847014606 ], [ 5730532.502411499619484, 7377344.607233578339219 ], [ 5730536.693086131475866, 7377353.204854285344481 ], [ 5730525.197701886296272, 7377357.227949231863022 ], [ 5730515.322974984534085, 7377371.617810399271548 ], [ 5730524.135088138282299, 7377381.658983442932367 ], [ 5730527.168204858899117, 7377394.109514045529068 ], [ 5730546.392964072525501, 7377600.217260437086225 ], [ 5730562.562299469485879, 7377600.73820379935205 ], [ 5730600.010649465955794, 7377602.350890263915062 ], [ 5730650.093256241641939, 7377604.326002418063581 ], [ 5730661.434257279150188, 7377603.971743304282427 ], [ 5730696.339080495759845, 7377604.807082884013653 ], [ 5730704.91297968197614, 7377608.832582680508494 ], [ 5730721.073767158202827, 7377621.286090163514018 ], [ 5730729.669116681441665, 7377630.255328012630343 ], [ 5730768.782329660840333, 7377667.324690451845527 ], [ 5730769.360762380994856, 7377659.236745811998844 ], [ 5730774.742661968804896, 7377583.82449849974364 ], [ 5730865.047374439425766, 7377592.395922691561282 ], [ 5730854.380745052359998, 7377704.539046946913004 ], [ 5730853.474147966131568, 7377709.529160719364882 ], [ 5730876.951328499242663, 7377717.386674787849188 ], [ 5730935.439740971662104, 7377732.514293269254267 ], [ 5730941.811940578743815, 7377663.035192118957639 ], [ 5730993.260636855848134, 7377673.948877589777112 ], [ 5731005.223326353356242, 7377676.219914652407169 ], [ 5731015.787424985319376, 7377674.430808555334806 ], [ 5731052.329049001447856, 7377657.848719608038664 ], [ 5731060.336295893415809, 7377656.042215375229716 ], [ 5731075.215243897400796, 7377655.901562475599349 ], [ 5731269.509699119254947, 7377679.065258859656751 ], [ 5731270.913995469920337, 7377670.322011262178421 ], [ 5731275.670273070223629, 7377636.742671502754092 ], [ 5731275.743199584074318, 7377634.104736275970936 ], [ 5731281.025559280999005, 7377599.59494961053133 ], [ 5731283.644882249645889, 7377578.72457477543503 ], [ 5731287.001179981976748, 7377552.33669563755393 ], [ 5731298.775824572890997, 7377464.12446996383369 ], [ 5731306.264882501214743, 7377400.069443987682462 ], [ 5731310.554881485179067, 7377370.062927594408393 ], [ 5731375.046107236295938, 7377367.196288912557065 ], [ 5731447.016027783975005, 7377363.408512258902192 ], [ 5731516.750842777080834, 7377359.698649959638715 ], [ 5731542.295465275645256, 7377358.175810006447136 ], [ 5731557.345003785565495, 7377245.688437914475799 ], [ 5731556.706157107837498, 7377240.875935243442655 ], [ 5731553.787287101149559, 7377237.494601260870695 ], [ 5731325.548674268648028, 7377248.83907844312489 ], [ 5731324.146321064792573, 7377260.897458640858531 ], [ 5731278.668677390553057, 7377251.818786581978202 ], [ 5731236.977899874560535, 7377243.231608597561717 ], [ 5731208.101987493224442, 7377234.327522261068225 ], [ 5731190.90440359339118, 7377230.197569599375129 ], [ 5731169.715541237965226, 7377229.470645889639854 ], [ 5731157.059923302382231, 7377228.674402555450797 ], [ 5731156.11336764972657, 7377186.528481483459473 ], [ 5731152.185659901238978, 7377179.726069763302803 ], [ 5731127.193113764747977, 7377158.896293317899108 ], [ 5731114.362907372415066, 7377147.627433528192341 ], [ 5731091.15310721937567, 7377114.16219917498529 ], [ 5731071.137746032327414, 7377087.145343013107777 ], [ 5731047.109066416509449, 7377064.113037465140224 ], [ 5731040.458826513960958, 7377054.377073391340673 ], [ 5731037.706962380558252, 7377055.162005474790931 ], [ 5731010.501669244840741, 7377062.939823648892343 ], [ 5731003.443154908716679, 7377066.953756348229945 ], [ 5730979.513349824585021, 7377079.322916123084724 ], [ 5730948.854448437690735, 7377103.134638631716371 ], [ 5730936.426644924096763, 7377085.784512409940362 ], [ 5730889.803449727594852, 7377055.967023985460401 ], [ 5730860.476863756775856, 7377051.750750449486077 ], [ 5730858.113614546135068, 7377050.897716894745827 ], [ 5730852.348439615219831, 7377048.864030261524022 ], [ 5730850.287595608271658, 7377048.129832798615098 ], [ 5730870.231841268949211, 7377010.979101432487369 ], [ 5730886.331550540402532, 7376988.174040388315916 ], [ 5730929.311687767505646, 7376915.403302486985922 ], [ 5730849.765478320419788, 7376935.328780043870211 ], [ 5730722.762262417934835, 7376966.331055179238319 ], [ 5730680.047942267730832, 7376914.417803743854165 ] ] ] } },
{ "type": "Feature", "properties": { "lv_id": "LOC_051255", "id": 283924.0, "CD_SETOR": "351060930000005", "SITUACAO": "Urbana", "CD_SIT": "1", "CD_TIPO": "0", "AREA_KM2": 0.022708623174242, "CD_REGIAO": "3", "NM_REGIAO": "Sudeste", "CD_UF": "35", "NM_UF": "São Paulo", "CD_MUN": "3510609", "NM_MUN": "Carapicuíba", "CD_DIST": "351060930", "NM_DIST": "Vila Dirce", "CD_SUBDIST": "35106093000", "NM_SUBDIST": null, "CD_BAIRRO": null, "NM_BAIRRO": null, "CD_NU": null, "NM_NU": null, "CD_FCU": "35106090112", "NM_FCU": "Jardim Ana Stela", "CD_AGLOM": null, "NM_AGLOM": null, "CD_RGINT": "3501", "NM_RGINT": "São Paulo", "CD_RGI": "350001", "NM_RGI": "São Paulo", "CD_CONCURB": "3550308", "NM_CONCURB": "São Paulo/SP", "mun_code_x": "3510609", "index_right": 82533, "dist_m": 51.608488693125722, "local_id": 556442, "ano": 2022, "cod_localidade_ibge": 3510609, "NR_ZONA": "388", "nr_cep": 6364550.0, "nm_localidade": "CARAPICUÍBA", "nm_locvot": "EE. PROFESSORA REGINA HALEPIAN ANTUNES", "ds_endereco": "RUA PARAGUASSU PAULISTA, 191", "ds_bairro": "JARDIM ANA ESTELLA", "pred_long": -46.8425024, "pred_lat": -23.5639803, "pred_dist": 0.0, "tse_long": -46.8429014, "tse_lat": -23.5641603, "long": -46.8429014, "lat": -23.5641603, "ID_UNICO": "LOC_051255", "SG_UF": "SP", "CD_MUNICIPIO": "63134", "NR_LOCAL_VOTACAO": "1260", "QT_SECOES_AGREGADAS": 0, "QT_ELEITORES_TRANSFERIDOS": 32, "CIRO GOMES (PDT) (NÃO ELEITO) 1T": 202.0, "CONSTITUINTE EYMAEL (DC) (NÃO ELEITO) 1T": 0.0, "FELIPE D AVILA (NOVO) (NÃO ELEITO) 1T": 30.0, "JAIR BOLSONARO (PL) (2º TURNO) 1T": 1437.0, "LULA (PT) (2º TURNO) 1T": 2239.0, "LÉO PÉRICLES (UP) (NÃO ELEITO) 1T": 4.0, "PADRE KELMON (PTB) (NÃO ELEITO) 1T": 1.0, "SIMONE TEBET (MDB) (NÃO ELEITO) 1T": 254.0, "SOFIA MANZANO (PCB) (NÃO ELEITO) 1T": 1.0, "SORAYA THRONICKE (UNIÃO) (NÃO ELEITO) 1T": 15.0, "VERA (PSTU) (NÃO ELEITO) 1T": 1.0, "Total_Votos_Validos 1T": 4184.0, "Votos_Brancos 1T": 112.0, "Votos_Nulos 1T": 169.0, "Abstenções 1T": 1502.0, "Eleitores_Aptos 1T": 5967.0, "JAIR BOLSONARO (PL) (NÃO ELEITO) 2T": 1827.0, "LULA (PT) (ELEITO) 2T": 2502.0, "Total_Votos_Validos 2T": 4329.0, "Votos_Brancos 2T": 113.0, "Votos_Nulos 2T": 190.0, "Abstenções 2T": 1335.0, "Eleitores_Aptos 2T": 5967.0, "mun_code_y": "3510609", "mun_code": "3510609" }, "geometry": { "type": "Polygon", "coordinates": [ [ [ 5730389.143024501390755, 7374538.128676161170006 ], [ 5730326.984772026538849, 7374572.355442540720105 ], [ 5730289.358183462172747, 7374592.229253641329706 ], [ 5730280.067211775109172, 7374598.185331290587783 ], [ 5730271.74624362308532, 7374605.555157458409667 ], [ 5730264.620758927427232, 7374613.735874736681581 ], [ 5730231.275732329115272, 7374559.993706043809652 ], [ 5730226.109212502837181, 7374553.34257089253515 ], [ 5730200.184003120288253, 7374568.657678360119462 ], [ 5730180.346765425056219, 7374580.610105408355594 ], [ 5730169.858648324385285, 7374587.3626205381006 ], [ 5730156.627303142100573, 7374594.654032909311354 ], [ 5730147.041459085419774, 7374599.207164226099849 ], [ 5730139.851157487370074, 7374601.988606844097376 ], [ 5730131.262348167598248, 7374604.192524055019021 ], [ 5730120.637103925459087, 7374605.94008416403085 ], [ 5730107.012383346445858, 7374606.777108612470329 ], [ 5730089.671410576440394, 7374603.602868692949414 ], [ 5730034.968180780299008, 7374590.753721840679646 ], [ 5730022.630018146708608, 7374586.436512935906649 ], [ 5730019.316934233531356, 7374594.203369867056608 ], [ 5730014.620614343322814, 7374608.055659372359514 ], [ 5730007.989919987507164, 7374631.291382073424757 ], [ 5730001.266758394427598, 7374650.212012076750398 ], [ 5729998.72672002017498, 7374661.389300666749477 ], [ 5729981.893875863403082, 7374714.345630273222923 ], [ 5729972.374075254425406, 7374744.835820373147726 ], [ 5729964.011251909658313, 7374771.674031591974199 ], [ 5729981.207764998078346, 7374764.564310247078538 ], [ 5730004.473247062414885, 7374751.246687915176153 ], [ 5730020.432525539770722, 7374741.464017929509282 ], [ 5730027.747977289371192, 7374737.705313574522734 ], [ 5730035.695809194818139, 7374733.714096371084452 ], [ 5730048.184129950590432, 7374726.482294329442084 ], [ 5730055.344050948508084, 7374722.47461517341435 ], [ 5730084.979525249451399, 7374785.064135099761188 ], [ 5730104.962693851441145, 7374773.160468985326588 ], [ 5730127.582674844190478, 7374760.633894700556993 ], [ 5730151.875881236977875, 7374748.659909565001726 ], [ 5730175.893764495849609, 7374801.283294148743153 ], [ 5730174.709074256941676, 7374807.660210788249969 ], [ 5730188.228171208873391, 7374839.555617172271013 ], [ 5730199.593500264920294, 7374868.846259659156203 ], [ 5730208.046911588869989, 7374888.526757473126054 ], [ 5730214.371011387556791, 7374913.269604195840657 ], [ 5730217.843238219618797, 7374932.272539399564266 ], [ 5730220.374775629490614, 7374957.21604650747031 ], [ 5730221.176309896633029, 7374996.667377597652376 ], [ 5730221.288517626933753, 7375003.83897751942277 ], [ 5730283.334350587800145, 7375002.368480458855629 ], [ 5730283.115703865885735, 7375040.832760007120669 ], [ 5730284.736174632795155, 7375061.033282771706581 ], [ 5730288.016261557117105, 7375069.620455872267485 ], [ 5730293.959517473354936, 7375076.266302764415741 ], [ 5730299.970792012289166, 7375081.200952076353133 ], [ 5730307.221328537911177, 7375085.158386706374586 ], [ 5730328.497681502252817, 7375094.263903319835663 ], [ 5730389.747087742201984, 7375128.473464826121926 ], [ 5730438.069622597657144, 7375093.063398715108633 ], [ 5730468.907182341441512, 7375070.67138151358813 ], [ 5730547.475301044993103, 7375021.303361062891781 ], [ 5730544.355931185185909, 7374911.009907249361277 ], [ 5730609.672800116240978, 7374907.086178419180214 ], [ 5730608.834847463294864, 7374863.238466508686543 ], [ 5730670.75320197828114, 7374857.787651159800589 ], [ 5730668.579048208892345, 7374835.516196351498365 ], [ 5730664.10112913325429, 7374800.054615374654531 ], [ 5730661.331977233290672, 7374784.912052966654301 ], [ 5730722.243922320194542, 7374759.296513250097632 ], [ 5730717.005416738800704, 7374748.954374150373042 ], [ 5730705.145080544054508, 7374734.143601547926664 ], [ 5730653.900900225155056, 7374680.627066710032523 ], [ 5730702.229877706617117, 7374632.077243750914931 ], [ 5730664.130376704037189, 7374595.550943312235177 ], [ 5730641.440603254362941, 7374574.294145103543997 ], [ 5730628.960812384262681, 7374563.454594176262617 ], [ 5730608.692621402442455, 7374545.659750159829855 ], [ 5730600.094780151732266, 7374539.280715269967914 ], [ 5730586.599067627452314, 7374529.384915320202708 ], [ 5730578.971565747633576, 7374525.859519977122545 ], [ 5730567.957512885332108, 7374521.041197884827852 ], [ 5730552.654408258385956, 7374515.689443061128259 ], [ 5730536.892284854315221, 7374510.561543609946966 ], [ 5730523.805440834723413, 7374505.991934824734926 ], [ 5730509.276134206913412, 7374498.324382591992617 ], [ 5730487.90199956856668, 7374482.739029996097088 ], [ 5730406.630784135311842, 7374529.284791138023138 ], [ 5730389.143024501390755, 7374538.128676161170006 ] ] ] } },
{ "type": "Feature", "properties": { "lv_id": "LOC_051256", "id": 283308.0, "CD_SETOR": "351060905000017", "SITUACAO": "Urbana", "CD_SIT": "1", "CD_TIPO": "1", "AREA_KM2": 0.0066469465979230001, "CD_REGIAO": "3", "NM_REGIAO": "Sudeste", "CD_UF": "35", "NM_UF": "São Paulo", "CD_MUN": "3510609", "NM_MUN": "Carapicuíba", "CD_DIST": "351060905", "NM_DIST": "Carapicuíba", "CD_SUBDIST": "35106090500", "NM_SUBDIST": null, "CD_BAIRRO": null, "NM_BAIRRO": null, "CD_NU": null, "NM_NU": null, "CD_FCU": "35106090069", "NM_FCU": "Rua Berlim / Parque Sampaio", "CD_AGLOM": null, "NM_AGLOM": null, "CD_RGINT": "3501", "NM_RGINT": "São Paulo", "CD_RGI": "350001", "NM_RGI": "São Paulo", "CD_CONCURB": "3550308", "NM_CONCURB": "São Paulo/SP", "mun_code_x": "3510609", "index_right": 82552, "dist_m": 450.18685317370586, "local_id": 556461, "ano": 2022, "cod_localidade_ibge": 3510609, "NR_ZONA": "303", "nr_cep": 6317270.0, "nm_localidade": "CARAPICUÍBA", "nm_locvot": "EE. PROFESSORA FABIANA DE QUEIRÓZ", "ds_endereco": "RUA JOSÉ FERNANDES TEIXEIRA ZUZA, 675", "ds_bairro": "VILA ROSA", "pred_long": -46.84662, "pred_lat": -23.528751, "pred_dist": 0.0, "tse_long": -46.8466048, "tse_lat": -23.5288758, "long": -46.8466048, "lat": -23.5288758, "ID_UNICO": "LOC_051256", "SG_UF": "SP", "CD_MUNICIPIO": "63134", "NR_LOCAL_VOTACAO": "1724", "QT_SECOES_AGREGADAS": 0, "QT_ELEITORES_TRANSFERIDOS": 10, "CIRO GOMES (PDT) (NÃO ELEITO) 1T": 106.0, "CONSTITUINTE EYMAEL (DC) (NÃO ELEITO) 1T": 1.0, "FELIPE D AVILA (NOVO) (NÃO ELEITO) 1T": 12.0, "JAIR BOLSONARO (PL) (2º TURNO) 1T": 781.0, "LULA (PT) (2º TURNO) 1T": 962.0, "LÉO PÉRICLES (UP) (NÃO ELEITO) 1T": 1.0, "PADRE KELMON (PTB) (NÃO ELEITO) 1T": 0.0, "SIMONE TEBET (MDB) (NÃO ELEITO) 1T": 101.0, "SOFIA MANZANO (PCB) (NÃO ELEITO) 1T": 2.0, "SORAYA THRONICKE (UNIÃO) (NÃO ELEITO) 1T": 6.0, "VERA (PSTU) (NÃO ELEITO) 1T": 1.0, "Total_Votos_Validos 1T": 1973.0, "Votos_Brancos 1T": 53.0, "Votos_Nulos 1T": 83.0, "Abstenções 1T": 524.0, "Eleitores_Aptos 1T": 2633.0, "JAIR BOLSONARO (PL) (NÃO ELEITO) 2T": 939.0, "LULA (PT) (ELEITO) 2T": 1013.0, "Total_Votos_Validos 2T": 1952.0, "Votos_Brancos 2T": 49.0, "Votos_Nulos 2T": 99.0, "Abstenções 2T": 533.0, "Eleitores_Aptos 2T": 2633.0, "mun_code_y": "3510609", "mun_code": "3510609" }, "geometry": { "type": "Polygon", "coordinates": [ [ [ 5730289.625025631859899, 7378110.459163664840162 ], [ 5730246.769728121347725, 7378076.868119794875383 ], [ 5730225.723864838480949, 7378116.817811071872711 ], [ 5730171.61550519708544, 7378091.512181452475488 ], [ 5730160.825673701241612, 7378101.91771115642041 ], [ 5730128.929746036417782, 7378092.536858381703496 ], [ 5730127.746030325070024, 7378102.440767806023359 ], [ 5730125.619029506109655, 7378102.022273687645793 ], [ 5730109.731765057891607, 7378101.631727573461831 ], [ 5730082.532607072964311, 7378103.624895691871643 ], [ 5730078.462074044160545, 7378103.392649659886956 ], [ 5730076.396336908452213, 7378116.733778988942504 ], [ 5730066.221169254742563, 7378113.814668606966734 ], [ 5730008.631270279176533, 7378099.486980210058391 ], [ 5729997.524094645865262, 7378142.958667067810893 ], [ 5729936.114108090288937, 7378124.802948980592191 ], [ 5729926.492558221332729, 7378155.810684530995786 ], [ 5729902.421893926337361, 7378223.547357312403619 ], [ 5729894.501252294518054, 7378236.142346248030663 ], [ 5729885.016879292204976, 7378246.694550711661577 ], [ 5729872.796458922326565, 7378255.273594122380018 ], [ 5729861.896455426700413, 7378268.608713751658797 ], [ 5729859.877573634497821, 7378276.321807663887739 ], [ 5729876.801322835497558, 7378357.741019772365689 ], [ 5729891.604268581606448, 7378429.209145273081958 ], [ 5729903.999895920976996, 7378488.050445697270334 ], [ 5729911.789351454004645, 7378536.718563353642821 ], [ 5729911.717925461940467, 7378555.831301089376211 ], [ 5729909.720834703184664, 7378584.326765036210418 ], [ 5729907.9075474049896, 7378603.571006394922733 ], [ 5729905.87389843724668, 7378621.2635677754879 ], [ 5729899.752907996997237, 7378655.445146360434592 ], [ 5729890.792266602627933, 7378682.490748981013894 ], [ 5729887.651839437894523, 7378688.831027370877564 ], [ 5729866.060353285633028, 7378738.618088007904589 ], [ 5729847.472334321588278, 7378766.366873010993004 ], [ 5729822.118656067177653, 7378794.999851467087865 ], [ 5729874.187830827198923, 7378778.261704164557159 ], [ 5729953.103457064367831, 7378794.340091357007623 ], [ 5729974.116465930826962, 7378782.041066806763411 ], [ 5729961.65270238276571, 7378796.425214081071317 ], [ 5729954.889327795244753, 7378809.888869633898139 ], [ 5729950.281567853875458, 7378822.0841930732131 ], [ 5729959.250424805097282, 7378832.397047187201679 ], [ 5729961.21646617911756, 7378850.9505575299263 ], [ 5729964.473556810058653, 7378859.695347632281482 ], [ 5729975.915977739728987, 7378889.719572013244033 ], [ 5729982.222571508958936, 7378905.913563258014619 ], [ 5729987.600794084370136, 7378918.861084427684546 ], [ 5729998.514875750988722, 7378945.663545165210962 ], [ 5730001.812410596758127, 7378959.74171656742692 ], [ 5730002.652764597907662, 7378970.671973442658782 ], [ 5729998.329463703557849, 7378988.791256593540311 ], [ 5729989.962610514834523, 7379004.143088672310114 ], [ 5729975.012965334579349, 7379020.972813626751304 ], [ 5729959.330201478675008, 7379032.726914882659912 ], [ 5729941.794170028530061, 7379045.868172799237072 ], [ 5729909.947314181365073, 7379061.553436565212905 ], [ 5729891.527748363092542, 7379071.323123243637383 ], [ 5729851.159364222548902, 7379102.546235831454396 ], [ 5729805.218310963362455, 7379131.714139010757208 ], [ 5729787.480599255301058, 7379144.095019673928618 ], [ 5729759.106554638594389, 7379165.265797257423401 ], [ 5729747.484443740919232, 7379180.34431947953999 ], [ 5729817.335023283958435, 7379201.820557711645961 ], [ 5729894.766853982582688, 7379220.507634222507477 ], [ 5729959.686506672762334, 7379241.101797313429415 ], [ 5729979.26074290368706, 7379245.494776535779238 ], [ 5729992.69877228140831, 7379245.751233216375113 ], [ 5730003.057650603353977, 7379242.689846590161324 ], [ 5730016.65234368480742, 7379236.23016257584095 ], [ 5730051.724561097100377, 7379214.669036827050149 ], [ 5730085.200107368640602, 7379196.982469452545047 ], [ 5730105.160400796681643, 7379188.173786985687912 ], [ 5730128.58840648829937, 7379183.299735552631319 ], [ 5730179.60763905569911, 7379295.846265625208616 ], [ 5730218.544767345301807, 7379250.037965216673911 ], [ 5730234.168446764349937, 7379226.41022745333612 ], [ 5730255.697969692759216, 7379175.375477637164295 ], [ 5730261.684323567897081, 7379147.942148234695196 ], [ 5730351.827449143864214, 7379202.604282557964325 ], [ 5730358.845385460183024, 7379194.050143478438258 ], [ 5730350.874610776081681, 7379135.802651209756732 ], [ 5730351.05355613771826, 7379123.169512219727039 ], [ 5730364.58500231988728, 7379076.004787523299456 ], [ 5730375.731852168217301, 7379030.030533590354025 ], [ 5730380.504392540082335, 7379011.084926347248256 ], [ 5730380.175763718783855, 7378993.186308606527746 ], [ 5730377.760034653358161, 7378971.976241946220398 ], [ 5730370.037618671543896, 7378954.256741954013705 ], [ 5730434.463973474688828, 7379012.388854348100722 ], [ 5730482.76052207313478, 7379055.207674126140773 ], [ 5730503.98862973228097, 7379034.905150048434734 ], [ 5730518.75259396713227, 7379021.544211918488145 ], [ 5730539.346959831193089, 7379011.720897163264453 ], [ 5730574.022349215112627, 7378999.464764224365354 ], [ 5730587.432423768565059, 7378994.029372867196798 ], [ 5730621.220798742957413, 7378970.53252817504108 ], [ 5730632.447124957107008, 7378962.516007507219911 ], [ 5730652.806983430869877, 7378946.754808427765965 ], [ 5730662.52862064819783, 7378937.4739023251459 ], [ 5730673.261538387276232, 7378922.014534667134285 ], [ 5730684.222183744423091, 7378902.916110846213996 ], [ 5730684.316413931548595, 7378902.755138609558344 ], [ 5730686.244805064983666, 7378899.388401129283011 ], [ 5730701.971695338375866, 7378873.957562536001205 ], [ 5730729.918882849626243, 7378830.704768469557166 ], [ 5730753.22326130233705, 7378794.213456073775887 ], [ 5730722.123189717531204, 7378765.538955857045949 ], [ 5730711.233862159773707, 7378758.146270912140608 ], [ 5730623.389310590922832, 7378657.652113650925457 ], [ 5730591.362915385514498, 7378635.620517959818244 ], [ 5730493.81793, 7378547.676402345299721 ], [ 5730479.996795839630067, 7378522.05723587051034 ], [ 5730405.174906509928405, 7378564.367031116969883 ], [ 5730402.972287783399224, 7378543.949990203604102 ], [ 5730405.639271065592766, 7378522.151427702978253 ], [ 5730415.286750196479261, 7378482.022504173219204 ], [ 5730487.448301265016198, 7378441.530751928687096 ], [ 5730480.066155506297946, 7378373.364253462292254 ], [ 5730462.690902323462069, 7378375.950378788635135 ], [ 5730410.859205459244549, 7378382.633555773645639 ], [ 5730405.817579445429146, 7378331.897029335610569 ], [ 5730405.546163181774318, 7378329.320984730497003 ], [ 5730405.698447865433991, 7378326.835415575653315 ], [ 5730450.164410608820617, 7378319.660330090671778 ], [ 5730474.054297424852848, 7378317.932232294231653 ], [ 5730477.447215512394905, 7378317.695919757708907 ], [ 5730468.06376526877284, 7378243.836219318211079 ], [ 5730468.177155059762299, 7378237.490520499646664 ], [ 5730461.118956630118191, 7378236.804731762036681 ], [ 5730434.695882107131183, 7378238.168149279430509 ], [ 5730263.211223982274532, 7378246.301589698530734 ], [ 5730269.043614546768367, 7378209.019719759002328 ], [ 5730278.283957957290113, 7378165.439842823892832 ], [ 5730282.153903198428452, 7378147.063835855573416 ], [ 5730289.625025631859899, 7378110.459163664840162 ] ] ] } },
{ "type": "Feature", "properties": { "lv_id": "LOC_051257", "id": 283375.0, "CD_SETOR": "351060905000191", "SITUACAO": "Urbana", "CD_SIT": "1", "CD_TIPO": "0", "AREA_KM2": 0.030626661402524, "CD_REGIAO": "3", "NM_REGIAO": "Sudeste", "CD_UF": "35", "NM_UF": "São Paulo", "CD_MUN": "3510609", "NM_MUN": "Carapicuíba", "CD_DIST": "351060905", "NM_DIST": "Carapicuíba", "CD_SUBDIST": "35106090500", "NM_SUBDIST": null, "CD_BAIRRO": null, "NM_BAIRRO": null, "CD_NU": null, "NM_NU": null, "CD_FCU": "35106090084", "NM_FCU": "Comunidade Vinópolis / Comunidade Alterosa", "CD_AGLOM": null, "NM_AGLOM": null, "CD_RGINT": "3501", "NM_RGINT": "São Paulo", "CD_RGI": "350001", "NM_RGI": "São Paulo", "CD_CONCURB": "3550308", "NM_CONCURB": "São Paulo/SP", "mun_code_x": "3510609", "index_right": 82534, "dist_m": 0.0, "local_id": 556443, "ano": 2022, "cod_localidade_ibge": 3510609, "NR_ZONA": "303", "nr_cep": 6329190.0, "nm_localidade": "CARAPICUÍBA", "nm_locvot": "E.E. JORGE JULIAN", "ds_endereco": "RUA MARIA CRISTINA, 31", "ds_bairro": "JARDIM SAO DANIEL", "pred_long": -46.822561, "pred_lat": -23.540179, "pred_dist": 0.0, "tse_long": -46.8226252, "tse_lat": -23.5402723, "long": -46.8226252, "lat": -23.5402723, "ID_UNICO": "LOC_051257", "SG_UF": "SP", "CD_MUNICIPIO": "63134", "NR_LOCAL_VOTACAO": "1333", "QT_SECOES_AGREGADAS": 0, "QT_ELEITORES_TRANSFERIDOS": 10, "CIRO GOMES (PDT) (NÃO ELEITO) 1T": 156.0, "CONSTITUINTE EYMAEL (DC) (NÃO ELEITO) 1T": 2.0, "FELIPE D AVILA (NOVO) (NÃO ELEITO) 1T": 15.0, "JAIR BOLSONARO (PL) (2º TURNO) 1T": 1694.0, "LULA (PT) (2º TURNO) 1T": 1951.0, "LÉO PÉRICLES (UP) (NÃO ELEITO) 1T": 0.0, "PADRE KELMON (PTB) (NÃO ELEITO) 1T": 1.0, "SIMONE TEBET (MDB) (NÃO ELEITO) 1T": 228.0, "SOFIA MANZANO (PCB) (NÃO ELEITO) 1T": 0.0, "SORAYA THRONICKE (UNIÃO) (NÃO ELEITO) 1T": 27.0, "VERA (PSTU) (NÃO ELEITO) 1T": 1.0, "Total_Votos_Validos 1T": 4075.0, "Votos_Brancos 1T": 110.0, "Votos_Nulos 1T": 145.0, "Abstenções 1T": 1100.0, "Eleitores_Aptos 1T": 5430.0, "JAIR BOLSONARO (PL) (NÃO ELEITO) 2T": 2014.0, "LULA (PT) (ELEITO) 2T": 2051.0, "Total_Votos_Validos 2T": 4065.0, "Votos_Brancos 2T": 89.0, "Votos_Nulos 2T": 156.0, "Abstenções 2T": 1120.0, "Eleitores_Aptos 2T": 5430.0, "mun_code_y": "3510609", "mun_code": "3510609" }, "geometry": { "type": "Polygon", "coordinates": [ [ [ 5732490.489648959599435, 7377058.459484146907926 ], [ 5732484.11078121419996, 7377080.981199748814106 ], [ 5732479.97691166959703, 7377095.029748329892755 ], [ 5732367.148243853822351, 7376989.198680393397808 ], [ 5732358.422854075208306, 7376976.00608401466161 ], [ 5732359.525544513948262, 7376968.405012501403689 ], [ 5732360.148553099483252, 7376964.299500551074743 ], [ 5732332.977925614453852, 7376979.512480307370424 ], [ 5732311.740834388881922, 7376989.483357314020395 ], [ 5732276.779748966917396, 7377005.309456877410412 ], [ 5732280.558156148530543, 7377011.773162540048361 ], [ 5732287.359903627075255, 7377031.279599140398204 ], [ 5732300.883062022738159, 7377055.584317022934556 ], [ 5732298.055590111762285, 7377057.924873484298587 ], [ 5732282.684801107272506, 7377070.314487121999264 ], [ 5732270.389218108728528, 7377077.136328794062138 ], [ 5732263.818257735110819, 7377084.151588307693601 ], [ 5732260.494585547596216, 7377086.996959514915943 ], [ 5732260.229991840198636, 7377087.021366667933762 ], [ 5732218.43100506439805, 7377093.26606612931937 ], [ 5732156.601178823038936, 7377096.383067892864347 ], [ 5732169.694152813404799, 7377288.961302917450666 ], [ 5732220.843413055874407, 7377284.459117405116558 ], [ 5732271.671483115293086, 7377281.100236762315035 ], [ 5732305.455505234189332, 7377377.203861137852073 ], [ 5732310.63675631582737, 7377391.489258090034127 ], [ 5732414.241709473542869, 7377355.818247281014919 ], [ 5732429.286902138963342, 7377387.458715993911028 ], [ 5732431.447024554014206, 7377396.113161481916904 ], [ 5732431.378905100747943, 7377406.006571553647518 ], [ 5732428.683902227319777, 7377413.865955527871847 ], [ 5732421.439853849820793, 7377426.853413806296885 ], [ 5732416.000940415076911, 7377434.225050920620561 ], [ 5732400.718841036781669, 7377454.94864500220865 ], [ 5732368.46038069948554, 7377487.450078578665853 ], [ 5732457.266777580603957, 7377541.730654053390026 ], [ 5732552.956942263990641, 7377605.065136453136802 ], [ 5732593.1038718232885, 7377631.620109539479017 ], [ 5732585.203171806409955, 7377651.929679566994309 ], [ 5732581.744913284666836, 7377667.842027802020311 ], [ 5732579.375117565505207, 7377678.732540518976748 ], [ 5732578.347035232931376, 7377696.833864891901612 ], [ 5732584.306388709694147, 7377718.503420675173402 ], [ 5732595.516122511588037, 7377743.147260053083301 ], [ 5732610.075490908697248, 7377757.889646606519818 ], [ 5732683.724003609269857, 7377829.40447841770947 ], [ 5732755.380121965892613, 7377901.956585563719273 ], [ 5732764.616780569776893, 7377910.022302203811705 ], [ 5732768.202613945119083, 7377906.2818803479895 ], [ 5732799.878111973404884, 7377871.107474385760725 ], [ 5732798.037055317312479, 7377853.495777582749724 ], [ 5732811.466289048083127, 7377838.657934088259935 ], [ 5732796.29650444816798, 7377787.355205400846899 ], [ 5732800.099448103457689, 7377764.839548964053392 ], [ 5732800.664791631512344, 7377761.830821342766285 ], [ 5732802.685594683513045, 7377762.57798039726913 ], [ 5732851.188055052421987, 7377778.321702513843775 ], [ 5732892.152510014362633, 7377583.290516151115298 ], [ 5732893.985828745178878, 7377574.558809170499444 ], [ 5732943.412725189700723, 7377621.488853728398681 ], [ 5732987.794243686832488, 7377668.928311228752136 ], [ 5733023.989697598852217, 7377707.635583174414933 ], [ 5733053.15842068567872, 7377736.056814767420292 ], [ 5733059.446461780928075, 7377742.606848150491714 ], [ 5733063.038687955588102, 7377746.769168488681316 ], [ 5733072.564947112463415, 7377756.126246104948223 ], [ 5733080.345004270784557, 7377764.298256770707667 ], [ 5733088.800973346456885, 7377773.106164818629622 ], [ 5733098.207301419228315, 7377782.926914192736149 ], [ 5733110.051545856520534, 7377795.293405434116721 ], [ 5733135.883153950795531, 7377822.196195488795638 ], [ 5733134.893200527876616, 7377769.669542367570102 ], [ 5733134.129821075126529, 7377729.856997003778815 ], [ 5733134.275333410128951, 7377700.045330794528127 ], [ 5733129.885763770900667, 7377577.475685817189515 ], [ 5733129.871512603014708, 7377542.42555218655616 ], [ 5733129.922668322920799, 7377521.772010572254658 ], [ 5733129.964781684800982, 7377507.481655335053802 ], [ 5733128.932526965625584, 7377483.154059000313282 ], [ 5733124.692051618359983, 7377383.616716777905822 ], [ 5733122.19286444503814, 7377345.90041677840054 ], [ 5733120.059583013877273, 7377323.681926473975182 ], [ 5733117.385007502511144, 7377304.950996002182364 ], [ 5733110.148299422115088, 7377268.588365793228149 ], [ 5733099.121307872235775, 7377225.941311340779066 ], [ 5733092.799433595500886, 7377205.830377630889416 ], [ 5733085.214556515216827, 7377178.861867874860764 ], [ 5733077.445965197868645, 7377148.218880342319608 ], [ 5733070.350510158576071, 7377118.77006122097373 ], [ 5733067.733913330361247, 7377111.422180126421154 ], [ 5733065.636589366942644, 7377106.280815497040749 ], [ 5733062.738354254513979, 7377103.523748989216983 ], [ 5733012.412726091220975, 7377070.50354406516999 ], [ 5733001.556864196434617, 7377063.378746491856873 ], [ 5732990.976181730628014, 7377056.441084053367376 ], [ 5732974.697798271663487, 7377045.759182508103549 ], [ 5732957.087723193690181, 7377034.206330997869372 ], [ 5732923.210112833417952, 7377011.982151860371232 ], [ 5732891.07649646140635, 7376990.89844261854887 ], [ 5732876.47877049818635, 7376982.543406625278294 ], [ 5732849.790498095564544, 7376968.743938087485731 ], [ 5732819.81162840873003, 7376953.948373834602535 ], [ 5732815.121777331456542, 7376951.548940659500659 ], [ 5732792.953429782763124, 7376940.224325269460678 ], [ 5732751.723124261945486, 7376959.882008857093751 ], [ 5732742.47976797260344, 7376964.151479503139853 ], [ 5732680.940539121627808, 7376997.417622270062566 ], [ 5732661.963451022282243, 7377014.352946043014526 ], [ 5732630.848899108357728, 7377026.337147292681038 ], [ 5732622.488970107398927, 7377029.669268438592553 ], [ 5732596.223639709874988, 7377120.285274685360491 ], [ 5732592.841027348302305, 7377120.722572365775704 ], [ 5732553.156435406766832, 7377111.379853076301515 ], [ 5732553.652000649832189, 7377104.110532909631729 ], [ 5732554.222066931426525, 7377092.807795803062618 ], [ 5732570.414119313471019, 7377049.389421567320824 ], [ 5732639.212261723354459, 7376943.493734990246594 ], [ 5732642.898154907859862, 7376932.146535839885473 ], [ 5732642.764309488236904, 7376914.125656425021589 ], [ 5732624.664027388207614, 7376844.886521331965923 ], [ 5732606.096901212818921, 7376871.657849127426744 ], [ 5732567.506634187884629, 7376934.940073633566499 ], [ 5732545.970784800127149, 7376969.617910508997738 ], [ 5732490.489648959599435, 7377058.459484146907926 ] ] ] } },
{ "type": "Feature", "properties": { "lv_id": "LOC_051258", "id": 283358.0, "CD_SETOR": "351060905000140", "SITUACAO": "Urbana", "CD_SIT": "1", "CD_TIPO": "0", "AREA_KM2": 0.024204135959502, "CD_REGIAO": "3", "NM_REGIAO": "Sudeste", "CD_UF": "35", "NM_UF": "São Paulo", "CD_MUN": "3510609", "NM_MUN": "Carapicuíba", "CD_DIST": "351060905", "NM_DIST": "Carapicuíba", "CD_SUBDIST": "35106090500", "NM_SUBDIST": null, "CD_BAIRRO": null, "NM_BAIRRO": null, "CD_NU": null, "NM_NU": null, "CD_FCU": "35106090051", "NM_FCU": "Roseira Parque", "CD_AGLOM": null, "NM_AGLOM": null, "CD_RGINT": "3501", "NM_RGINT": "São Paulo", "CD_RGI": "350001", "NM_RGI": "São Paulo", "CD_CONCURB": "3550308", "NM_CONCURB": "São Paulo/SP", "mun_code_x": "3510609", "index_right": 82541, "dist_m": 177.48106781041253, "local_id": 556450, "ano": 2022, "cod_localidade_ibge": 3510609, "NR_ZONA": "388", "nr_cep": 6361400.0, "nm_localidade": "CARAPICUÍBA", "nm_locvot": "EE. PROFESSOR CÍCERO BARCALA JÚNIOR", "ds_endereco": "ESTRADA DO JACARANDÁ, 3010", "ds_bairro": "ALTO DO SANTA LUCIA", "pred_long": -46.847133, "pred_lat": -23.547558, "pred_dist": 0.0, "tse_long": -46.847196, "tse_lat": -23.5474449, "long": -46.847196, "lat": -23.5474449, "ID_UNICO": "LOC_051258", "SG_UF": "SP", "CD_MUNICIPIO": "63134", "NR_LOCAL_VOTACAO": "1325", "QT_SECOES_AGREGADAS": 0, "QT_ELEITORES_TRANSFERIDOS": 29, "CIRO GOMES (PDT) (NÃO ELEITO) 1T": 236.0, "CONSTITUINTE EYMAEL (DC) (NÃO ELEITO) 1T": 0.0, "FELIPE D AVILA (NOVO) (NÃO ELEITO) 1T": 17.0, "JAIR BOLSONARO (PL) (2º TURNO) 1T": 2055.0, "LULA (PT) (2º TURNO) 1T": 2773.0, "LÉO PÉRICLES (UP) (NÃO ELEITO) 1T": 5.0, "PADRE KELMON (PTB) (NÃO ELEITO) 1T": 0.0, "SIMONE TEBET (MDB) (NÃO ELEITO) 1T": 247.0, "SOFIA MANZANO (PCB) (NÃO ELEITO) 1T": 0.0, "SORAYA THRONICKE (UNIÃO) (NÃO ELEITO) 1T": 38.0, "VERA (PSTU) (NÃO ELEITO) 1T": 2.0, "Total_Votos_Validos 1T": 5373.0, "Votos_Brancos 1T": 135.0, "Votos_Nulos 1T": 203.0, "Abstenções 1T": 1402.0, "Eleitores_Aptos 1T": 7113.0, "JAIR BOLSONARO (PL) (NÃO ELEITO) 2T": 2498.0, "LULA (PT) (ELEITO) 2T": 2881.0, "Total_Votos_Validos 2T": 5379.0, "Votos_Brancos 2T": 116.0, "Votos_Nulos 2T": 220.0, "Abstenções 2T": 1398.0, "Eleitores_Aptos 2T": 7113.0, "mun_code_y": "3510609", "mun_code": "3510609" }, "geometry": { "type": "Polygon", "coordinates": [ [ [ 5730023.278634085319936, 7376088.66518665291369 ], [ 5730015.610854157246649, 7376091.112981406971812 ], [ 5730008.821668171323836, 7376095.191204646602273 ], [ 5729997.682292142882943, 7376104.699253425002098 ], [ 5729984.564516180194914, 7376117.587680514901876 ], [ 5729973.379322003573179, 7376126.99753025919199 ], [ 5729966.207255135290325, 7376130.983219830319285 ], [ 5729955.059773246757686, 7376135.814757889136672 ], [ 5729945.348542682826519, 7376139.927192650735378 ], [ 5729935.063478690572083, 7376144.012455280870199 ], [ 5729926.185347932390869, 7376148.842299576848745 ], [ 5729916.838075601495802, 7376155.336363989859819 ], [ 5729909.979644476436079, 7376162.130337176844478 ], [ 5729903.078911177814007, 7376170.332823515869677 ], [ 5729895.897789230570197, 7376180.089650124311447 ], [ 5729890.226672766730189, 7376186.913636568933725 ], [ 5729884.900663681328297, 7376195.740706511773169 ], [ 5729874.507559853605926, 7376202.789219617843628 ], [ 5729864.86905693076551, 7376209.800057405605912 ], [ 5729846.357853638008237, 7376220.725110161118209 ], [ 5729820.436440596356988, 7376234.140746595337987 ], [ 5729815.155127353034914, 7376229.292170363478363 ], [ 5729800.106499723158777, 7376184.32396125420928 ], [ 5729797.354347829706967, 7376173.399844957515597 ], [ 5729796.411129172891378, 7376166.571170162409544 ], [ 5729792.971608086489141, 7376166.887941431254148 ], [ 5729777.565975539386272, 7376168.326540710404515 ], [ 5729752.349814400076866, 7376168.189784586429596 ], [ 5729711.642098991200328, 7376196.507632254622877 ], [ 5729658.254748137667775, 7376238.517452826723456 ], [ 5729603.688699311576784, 7376281.088080443441868 ], [ 5729573.52930860221386, 7376305.072859573177993 ], [ 5729645.453013789840043, 7376426.95509668905288 ], [ 5729676.82303623482585, 7376432.209798380732536 ], [ 5729694.187130166217685, 7376487.554721212014556 ], [ 5729733.275204072706401, 7376504.914424207992852 ], [ 5729758.930232090875506, 7376552.043480079621077 ], [ 5729771.203825526870787, 7376559.143916701897979 ], [ 5729773.04427255038172, 7376565.514828812330961 ], [ 5729775.144973035901785, 7376571.158391715958714 ], [ 5729781.699744757264853, 7376583.924239052459598 ], [ 5729794.948198065161705, 7376609.370869618840516 ], [ 5729818.839875493198633, 7376659.67977490182966 ], [ 5729844.16833561938256, 7376710.50857231579721 ], [ 5729868.525778057985008, 7376760.928192660212517 ], [ 5729851.801160051487386, 7376766.071283863857388 ], [ 5729750.672972958534956, 7376783.105215508490801 ], [ 5729696.534695364534855, 7376797.760666571557522 ], [ 5729670.7388503132388, 7376796.268283472396433 ], [ 5729640.158440264873207, 7376793.541173463687301 ], [ 5729625.272227733395994, 7376783.657673753798008 ], [ 5729599.746385892853141, 7376756.780775469727814 ], [ 5729584.272303603589535, 7376746.792637575417757 ], [ 5729547.962460656650364, 7376729.595200097188354 ], [ 5729503.590365201234818, 7376708.569495737552643 ], [ 5729499.981650760397315, 7376711.651574110612273 ], [ 5729495.267030506394804, 7376714.286528367549181 ], [ 5729489.212401498109102, 7376716.08420741558075 ], [ 5729483.391444902867079, 7376716.620101969689131 ], [ 5729476.786607150919735, 7376714.962722800672054 ], [ 5729471.968166393227875, 7376712.635826317593455 ], [ 5729468.696712086908519, 7376707.910107714124024 ], [ 5729467.75311890617013, 7376704.150982561521232 ], [ 5729458.412572205066681, 7376707.094780534505844 ], [ 5729445.449489480815828, 7376708.734720729291439 ], [ 5729440.791745187714696, 7376709.636734014376998 ], [ 5729419.906782961450517, 7376716.638762133195996 ], [ 5729298.062554496340454, 7376757.629088323563337 ], [ 5729270.830698563717306, 7376766.722069276496768 ], [ 5729259.364011561498046, 7376771.111146336421371 ], [ 5729254.347271587699652, 7376773.839201862923801 ], [ 5729251.289071298204362, 7376776.480763827450573 ], [ 5729246.964847024530172, 7376781.004820073023438 ], [ 5729243.955943741835654, 7376784.63732073828578 ], [ 5729241.462997383438051, 7376789.393759056925774 ], [ 5729239.093574915081263, 7376796.633115814998746 ], [ 5729236.512109782546759, 7376803.514704626053572 ], [ 5729234.268037997186184, 7376807.109067511744797 ], [ 5729231.04799444694072, 7376809.580102590844035 ], [ 5729228.552354606799781, 7376811.200209241360426 ], [ 5729171.783881824463606, 7376834.233259953558445 ], [ 5729163.867673288099468, 7376837.451836476102471 ], [ 5729157.474174253642559, 7376840.248482183553278 ], [ 5729150.729777195490897, 7376841.745529279112816 ], [ 5729143.458675611764193, 7376842.108006723225117 ], [ 5729137.329353272914886, 7376840.761621069163084 ], [ 5729129.926439322531223, 7376838.474164457991719 ], [ 5729122.725019359961152, 7376833.866176668554544 ], [ 5729112.974797444418073, 7376826.315761563368142 ], [ 5729084.010469528846443, 7376804.487354028970003 ], [ 5729080.223853509873152, 7376801.528497153893113 ], [ 5729077.134839084930718, 7376797.38520579226315 ], [ 5729039.345507571473718, 7376777.972283191047609 ], [ 5729027.645509077236056, 7376774.793970234692097 ], [ 5729027.097007635049522, 7376778.359580641612411 ], [ 5729024.05990400351584, 7376795.197758613154292 ], [ 5729012.298999219201505, 7376818.955724993720651 ], [ 5728993.791370468214154, 7376852.593212928622961 ], [ 5728976.555933641269803, 7376857.749500909820199 ], [ 5728960.374801338650286, 7376875.67803392931819 ], [ 5728957.442804471589625, 7376896.071514005772769 ], [ 5728960.475090149790049, 7376921.893706264905632 ], [ 5728967.21499168779701, 7376949.90856812056154 ], [ 5728928.286579867824912, 7376985.099332662299275 ], [ 5728883.04654630087316, 7377015.693300092592835 ], [ 5728839.948689571581781, 7377027.484510654583573 ], [ 5728806.519507372751832, 7377031.616882694885135 ], [ 5728756.539975864812732, 7377026.930064698681235 ], [ 5728733.749581689946353, 7377026.670290902256966 ], [ 5728697.479866670444608, 7377009.033604054711759 ], [ 5728686.279472219757736, 7377002.950398294255137 ], [ 5728674.908952161669731, 7376983.983959474600852 ], [ 5728656.869564001448452, 7376985.105847641825676 ], [ 5728640.52192176040262, 7376983.2414136743173 ], [ 5728613.775452364236116, 7376969.617165375500917 ], [ 5728592.09561422560364, 7376959.200611702166498 ], [ 5728562.234502513892949, 7376959.013774955645204 ], [ 5728551.271273950114846, 7376964.694192036055028 ], [ 5728540.267709268257022, 7376975.734183103777468 ], [ 5728535.292792608961463, 7376990.826920077204704 ], [ 5728534.621602642349899, 7376997.8921670736745 ], [ 5728653.479379881173372, 7377046.88699309527874 ], [ 5728658.113569187931716, 7377048.799179555848241 ], [ 5728750.507490791380405, 7377089.021580079570413 ], [ 5728804.79080022033304, 7377098.840497245080769 ], [ 5728891.852452432736754, 7377096.366548937745392 ], [ 5728897.09956662543118, 7377096.417616290971637 ], [ 5728900.61309496499598, 7377096.968048889189959 ], [ 5728903.78117052745074, 7377098.383983741514385 ], [ 5728913.149504042230546, 7377102.571586835198104 ], [ 5729042.918160011060536, 7377098.738747820258141 ], [ 5729048.118821495212615, 7377094.360870150849223 ], [ 5729050.118800311349332, 7377093.2566355811432 ], [ 5729053.588408895768225, 7377092.10147763043642 ], [ 5729108.451317338272929, 7377088.284309413284063 ], [ 5729216.669118780642748, 7377048.690232839435339 ], [ 5729290.525859827175736, 7377019.78248405829072 ], [ 5729303.910994859412313, 7377014.907129260711372 ], [ 5729323.741876238957047, 7377007.667765920981765 ], [ 5729326.916328453458846, 7377007.97828247398138 ], [ 5729329.175956178456545, 7377008.189308643341064 ], [ 5729333.168719394132495, 7377007.275871421210468 ], [ 5729461.114697984419763, 7376978.125678672455251 ], [ 5729474.478430399671197, 7376975.081750936806202 ], [ 5729483.222677532583475, 7376973.094167968258262 ], [ 5729508.838750598952174, 7376967.887659505009651 ], [ 5729617.040103630162776, 7376950.592321902513504 ], [ 5729623.983153049834073, 7376949.799517807550728 ], [ 5729628.001268604770303, 7376948.98518387787044 ], [ 5729612.140553252771497, 7376982.994063166901469 ], [ 5729631.690331, 7377098.693957837298512 ], [ 5729606.402381774038076, 7377125.493620507419109 ], [ 5729656.049100933596492, 7377159.628272536210716 ], [ 5729672.549161437898874, 7377182.211711138486862 ], [ 5729680.732622738927603, 7377196.068401189520955 ], [ 5729687.96635150257498, 7377265.20145164616406 ], [ 5729740.15405535325408, 7377239.459670069627464 ], [ 5729781.258606044575572, 7377218.221868501976132 ], [ 5729773.79426043946296, 7377160.485372398048639 ], [ 5729773.081611387431622, 7377154.794868181459606 ], [ 5729769.270840238779783, 7377135.540942705236375 ], [ 5729770.976687718182802, 7377122.162015199661255 ], [ 5729776.448834017850459, 7377107.222277032211423 ], [ 5729830.216754459775984, 7377059.434458883479238 ], [ 5729843.918093926273286, 7377135.455572308972478 ], [ 5729850.263892121613026, 7377160.655115885660052 ], [ 5729855.68749113753438, 7377175.955400159582496 ], [ 5729861.962374175898731, 7377182.685503201559186 ], [ 5729867.31121040135622, 7377186.626679698005319 ], [ 5729927.853809440508485, 7377152.31898352317512 ], [ 5729943.732734069228172, 7377143.322621951811016 ], [ 5729997.966693860478699, 7377111.059431884437799 ], [ 5729969.360993868671358, 7377078.19741315767169 ], [ 5729986.813524289987981, 7377063.028016902506351 ], [ 5729997.044790265150368, 7377060.106451880186796 ], [ 5730051.730245349928737, 7377081.877827015705407 ], [ 5730069.955462351441383, 7377119.588670033961535 ], [ 5730082.438187340274453, 7377146.479948682710528 ], [ 5730154.399923295713961, 7377217.07088123075664 ], [ 5730208.471918641589582, 7377203.109489900991321 ], [ 5730228.781831954605877, 7377197.072787713259459 ], [ 5730214.434705467894673, 7377194.127810752950609 ], [ 5730141.9171361066401, 7377118.128960000351071 ], [ 5730096.085369148291647, 7377041.557090012356639 ], [ 5730159.44579413998872, 7377050.505301829427481 ], [ 5730165.876607868820429, 7377040.864033004269004 ], [ 5730166.531259051524103, 7377028.966149832122028 ], [ 5730178.534406854771078, 7377041.504665422253311 ], [ 5730206.049124614335597, 7377018.588506540283561 ], [ 5730217.162224095314741, 7376992.528544433414936 ], [ 5730220.859768263995647, 7376995.335379248484969 ], [ 5730231.109909580089152, 7376995.872908137738705 ], [ 5730389.555855479091406, 7376933.167641117237508 ], [ 5730393.708907258696854, 7376926.854618804529309 ], [ 5730401.262677851133049, 7376944.26974587701261 ], [ 5730403.109734303317964, 7376955.897674916312099 ], [ 5730392.948479505255818, 7376961.863309456966817 ], [ 5730401.447583212517202, 7376977.322525478899479 ], [ 5730402.018178450874984, 7376980.977512316778302 ], [ 5730429.787312950007617, 7376972.61458629835397 ], [ 5730443.626255214214325, 7376968.44095971994102 ], [ 5730453.724852896295488, 7376966.552570281550288 ], [ 5730466.976923967711627, 7376963.937429010868073 ], [ 5730497.418218118138611, 7376949.703603525646031 ], [ 5730497.767379441298544, 7376949.529897070489824 ], [ 5730518.663413003087044, 7376939.46735621150583 ], [ 5730562.883194849826396, 7376919.645066040568054 ], [ 5730605.70234355982393, 7376898.798681672662497 ], [ 5730654.498526833951473, 7376880.343639298342168 ], [ 5730633.969676663167775, 7376854.490724525414407 ], [ 5730596.884382424876094, 7376805.153735959902406 ], [ 5730573.224769780412316, 7376773.094784424640238 ], [ 5730569.194737937301397, 7376775.104342320933938 ], [ 5730539.654248328879476, 7376789.762268643826246 ], [ 5730392.925380412489176, 7376808.129454501904547 ], [ 5730375.336913872510195, 7376768.645760798826814 ], [ 5730384.685499520972371, 7376706.776440922170877 ], [ 5730351.341578497551382, 7376713.218895627185702 ], [ 5730343.554941833950579, 7376714.723930384963751 ], [ 5730329.776073404587805, 7376720.71394679415971 ], [ 5730333.298407169990242, 7376713.438999747857451 ], [ 5730333.34860126208514, 7376703.982239498756826 ], [ 5730330.37944866809994, 7376696.506825400516391 ], [ 5730320.317085449583828, 7376685.166354343295097 ], [ 5730329.256383514031768, 7376665.554739497601986 ], [ 5730339.593514561653137, 7376619.832244787365198 ], [ 5730346.992343198508024, 7376588.387612506747246 ], [ 5730355.705296143889427, 7376546.798001226969063 ], [ 5730359.546174420043826, 7376522.529630533419549 ], [ 5730364.85676022991538, 7376436.874656574800611 ], [ 5730365.973134422674775, 7376424.607606483623385 ], [ 5730321.094518852420151, 7376478.774766368791461 ], [ 5730309.297918907366693, 7376489.253442710265517 ], [ 5730299.518770344555378, 7376495.289324063807726 ], [ 5730279.898293004371226, 7376499.137741902843118 ], [ 5730222.021207843907177, 7376503.356032074429095 ], [ 5730164.271077145822346, 7376503.761504733934999 ], [ 5730162.83367177657783, 7376499.122901991009712 ], [ 5730189.032868204638362, 7376472.398898508399725 ], [ 5730214.422768833115697, 7376447.489990132860839 ], [ 5730223.128369505517185, 7376438.784235132858157 ], [ 5730231.19418228417635, 7376428.112415410578251 ], [ 5730252.898277388885617, 7376399.402594620361924 ], [ 5730261.721934035420418, 7376387.732965076342225 ], [ 5730274.602269513532519, 7376370.692719388753176 ], [ 5730320.287881528027356, 7376305.646978319622576 ], [ 5730304.894621682353318, 7376312.465577778406441 ], [ 5730289.324714637361467, 7376326.202285228297114 ], [ 5730276.205661755986512, 7376318.139887627214193 ], [ 5730279.413892537355423, 7376309.898351088166237 ], [ 5730271.610264650546014, 7376306.749691313132644 ], [ 5730107.628944677300751, 7376210.595430431887507 ], [ 5730091.023350291885436, 7376260.794071055948734 ], [ 5730085.609567923471332, 7376273.398377861827612 ], [ 5730065.977078433148563, 7376331.996772068552673 ], [ 5730062.977282865904272, 7376339.089294688776135 ], [ 5730058.093467311002314, 7376340.170264387503266 ], [ 5730033.136622602120042, 7376349.966268222779036 ], [ 5730026.540859851054847, 7376348.900293027982116 ], [ 5730039.688134191557765, 7376312.79348354972899 ], [ 5730084.31944041326642, 7376162.34507954865694 ], [ 5730085.266929720528424, 7376148.122029462829232 ], [ 5730082.107810899615288, 7376109.335539519786835 ], [ 5730082.553308125585318, 7376095.706814557313919 ], [ 5730095.653125437907875, 7376062.147129490040243 ], [ 5730072.387306513264775, 7376058.475683618336916 ], [ 5730072.851307276636362, 7376065.942218419164419 ], [ 5730073.016858310438693, 7376074.394749104976654 ], [ 5730072.089303269051015, 7376078.347762736491859 ], [ 5730069.425325990654528, 7376080.277858223766088 ], [ 5730063.951737652532756, 7376082.035700839012861 ], [ 5730048.631374758668244, 7376084.36331594362855 ], [ 5730034.432802042923868, 7376086.020995930768549 ], [ 5730023.278634085319936, 7376088.66518665291369 ] ] ] } },
{ "type": "Feature", "properties": { "lv_id": "LOC_051259", "id": 283396.0, "CD_SETOR": "351060905000249", "SITUACAO": "Urbana", "CD_SIT": "1", "CD_TIPO": "0", "AREA_KM2": 0.031200695920079, "CD_REGIAO": "3", "NM_REGIAO": "Sudeste", "CD_UF": "35", "NM_UF": "São Paulo", "CD_MUN": "3510609", "NM_MUN": "Carapicuíba", "CD_DIST": "351060905", "NM_DIST": "Carapicuíba", "CD_SUBDIST": "35106090500", "NM_SUBDIST": null, "CD_BAIRRO": null, "NM_BAIRRO": null, "CD_NU": null, "NM_NU": null, "CD_FCU": null, "NM_FCU": null, "CD_AGLOM": null, "NM_AGLOM": null, "CD_RGINT": "3501", "NM_RGINT": "São Paulo", "CD_RGI": "350001", "NM_RGI": "São Paulo", "CD_CONCURB": "3550308", "NM_CONCURB": "São Paulo/SP", "mun_code_x": "3510609", "index_right": 82513, "dist_m": 0.0, "local_id": 556422, "ano": 2022, "cod_localidade_ibge": 3510609, "NR_ZONA": "303", "nr_cep": 6310400.0, "nm_localidade": "CARAPICUÍBA", "nm_locvot": "E.E. JOSUÉ MATTOS DE AGUIAR", "ds_endereco": "RUA LAERTE CEARENSE, 114", "ds_bairro": "VILA GUSTAVO CORREIA", "pred_long": -46.838527, "pred_lat": -23.514878, "pred_dist": 0.0, "tse_long": -46.8386582, "tse_lat": -23.5149131, "long": -46.8386582, "lat": -23.5149131, "ID_UNICO": "LOC_051259", "SG_UF": "SP", "CD_MUNICIPIO": "63134", "NR_LOCAL_VOTACAO": "1252", "QT_SECOES_AGREGADAS": 0, "QT_ELEITORES_TRANSFERIDOS": 24, "CIRO GOMES (PDT) (NÃO ELEITO) 1T": 91.0, "CONSTITUINTE EYMAEL (DC) (NÃO ELEITO) 1T": 1.0, "FELIPE D AVILA (NOVO) (NÃO ELEITO) 1T": 19.0, "JAIR BOLSONARO (PL) (2º TURNO) 1T": 985.0, "LULA (PT) (2º TURNO) 1T": 1120.0, "LÉO PÉRICLES (UP) (NÃO ELEITO) 1T": 0.0, "PADRE KELMON (PTB) (NÃO ELEITO) 1T": 1.0, "SIMONE TEBET (MDB) (NÃO ELEITO) 1T": 114.0, "SOFIA MANZANO (PCB) (NÃO ELEITO) 1T": 1.0, "SORAYA THRONICKE (UNIÃO) (NÃO ELEITO) 1T": 11.0, "VERA (PSTU) (NÃO ELEITO) 1T": 1.0, "Total_Votos_Validos 1T": 2344.0, "Votos_Brancos 1T": 65.0, "Votos_Nulos 1T": 79.0, "Abstenções 1T": 621.0, "Eleitores_Aptos 1T": 3109.0, "JAIR BOLSONARO (PL) (NÃO ELEITO) 2T": 1189.0, "LULA (PT) (ELEITO) 2T": 1172.0, "Total_Votos_Validos 2T": 2361.0, "Votos_Brancos 2T": 46.0, "Votos_Nulos 2T": 81.0, "Abstenções 2T": 621.0, "Eleitores_Aptos 2T": 3109.0, "mun_code_y": "3510609", "mun_code": "3510609" }, "geometry": { "type": "Polygon", "coordinates": [ [ [ 5731166.031863445416093, 7379921.463581005111337 ], [ 5731048.190780214965343, 7379965.743742194958031 ], [ 5730906.986239808611572, 7380004.937900556251407 ], [ 5730726.100329373963177, 7380026.554325281642377 ], [ 5730517.880744895897806, 7380057.813937260769308 ], [ 5730422.00865432061255, 7380044.289645583368838 ], [ 5730399.539614235982299, 7380041.749017176218331 ], [ 5730377.49338695500046, 7380041.129457214847207 ], [ 5730359.458162949420512, 7380032.753201689571142 ], [ 5730331.145843117497861, 7380032.792059861123562 ], [ 5730302.374073999002576, 7380029.761911394074559 ], [ 5730273.858677661046386, 7380023.046647045761347 ], [ 5730246.54667823202908, 7380014.005462793633342 ], [ 5730223.506830622442067, 7380009.238343477249146 ], [ 5730154.778865392319858, 7379994.995414337143302 ], [ 5730140.975993643514812, 7379991.11828981898725 ], [ 5730122.914422707632184, 7379988.580807378515601 ], [ 5730104.61092278175056, 7379984.057382956147194 ], [ 5730096.646848071366549, 7380110.31606706418097 ], [ 5730180.144168029539287, 7380108.386197237297893 ], [ 5730213.594097456894815, 7380107.611575299873948 ], [ 5730224.428453160449862, 7380107.517912292852998 ], [ 5730286.118552144616842, 7380112.445355386473238 ], [ 5730334.688506502658129, 7380120.437745369039476 ], [ 5730355.412496568635106, 7380123.869179733097553 ], [ 5730423.405867056921124, 7380141.005539368838072 ], [ 5730446.021651607006788, 7380146.697705219499767 ], [ 5730472.126246871426702, 7380156.948540075682104 ], [ 5730476.788248742930591, 7380158.78101263474673 ], [ 5730480.762831112369895, 7380161.183542221784592 ], [ 5730490.746578508988023, 7380167.215409833006561 ], [ 5730568.930483968928456, 7380214.460418496280909 ], [ 5730718.907061646692455, 7380310.150297978892922 ], [ 5730719.23491033539176, 7380310.368346694856882 ], [ 5730722.329462056979537, 7380312.345930049195886 ], [ 5730727.039532986469567, 7380315.347967287525535 ], [ 5730744.401905953884125, 7380326.42524816095829 ], [ 5730786.610336367040873, 7380327.389181724749506 ], [ 5730813.21431134082377, 7380334.924624223262072 ], [ 5730816.543496746569872, 7380335.863577283918858 ], [ 5730817.569289677776396, 7380336.75001473352313 ], [ 5730823.028323919512331, 7380341.444786118343472 ], [ 5730925.184565945528448, 7380429.383919464424253 ], [ 5730943.294902333058417, 7380456.095325445756316 ], [ 5730946.759490160271525, 7380461.190968006849289 ], [ 5730949.286640213802457, 7380464.915798077359796 ], [ 5730977.505678469315171, 7380506.526513516902924 ], [ 5731012.104580675251782, 7380540.719774158671498 ], [ 5731015.675198077224195, 7380544.247426899150014 ], [ 5731017.406732934527099, 7380545.95812582038343 ], [ 5731021.844510656781495, 7380559.097737552598119 ], [ 5731035.531737959012389, 7380599.658780809491873 ], [ 5731037.056165090762079, 7380604.19266820140183 ], [ 5731038.375583785586059, 7380608.100544648244977 ], [ 5731039.683139117434621, 7380611.97552677989006 ], [ 5731046.028883853927255, 7380630.779590465128422 ], [ 5731068.353822378441691, 7380645.192097458988428 ], [ 5731070.866148354485631, 7380640.813962164334953 ], [ 5731228.140940152108669, 7380633.22176787443459 ], [ 5731341.916957082226872, 7380617.463173037394881 ], [ 5731450.271419451572001, 7380579.091781608760357 ], [ 5731494.868232353590429, 7380557.163783883675933 ], [ 5731554.018268337473273, 7380526.449761246331036 ], [ 5731582.450974150560796, 7380510.128331766463816 ], [ 5731534.574855887331069, 7380426.625643668696284 ], [ 5731484.101627791300416, 7380338.810076404362917 ], [ 5731387.51197028812021, 7380174.045483073219657 ], [ 5731362.556889272294939, 7380129.414844051003456 ], [ 5731336.436567359603941, 7380085.612579356878996 ], [ 5731329.128613896667957, 7380073.364178722724319 ], [ 5731312.523024693131447, 7380048.542557429522276 ], [ 5731301.52618361916393, 7380032.64970585796982 ], [ 5731278.041101654991508, 7379989.809758480638266 ], [ 5731259.823665102943778, 7379928.936609288677573 ], [ 5731245.257648679427803, 7379880.806977516040206 ], [ 5731238.1166155282408, 7379884.221954427659512 ], [ 5731166.031863445416093, 7379921.463581005111337 ] ] ] } },
{ "type": "Feature", "properties": { "lv_id": "LOC_051260", "id": 283307.0, "CD_SETOR": "351060905000016", "SITUACAO": "Urbana", "CD_SIT": "1", "CD_TIPO": "1", "AREA_KM2": 0.013293712445661, "CD_REGIAO": "3", "NM_REGIAO": "Sudeste", "CD_UF": "35", "NM_UF": "São Paulo", "CD_MUN": "3510609", "NM_MUN": "Carapicuíba", "CD_DIST": "351060905", "NM_DIST": "Carapicuíba", "CD_SUBDIST": "35106090500", "NM_SUBDIST": null, "CD_BAIRRO": null, "NM_BAIRRO": null, "CD_NU": null, "NM_NU": null, "CD_FCU": "35106090069", "NM_FCU": "Rua Berlim / Parque Sampaio", "CD_AGLOM": null, "NM_AGLOM": null, "CD_RGINT": "3501", "NM_RGINT": "São Paulo", "CD_RGI": "350001", "NM_RGI": "São Paulo", "CD_CONCURB": "3550308", "NM_CONCURB": "São Paulo/SP", "mun_code_x": "3510609", "index_right": 82562, "dist_m": 387.72981379833192, "local_id": 556471, "ano": 2022, "cod_localidade_ibge": 3510609, "NR_ZONA": "388", "nr_cep": 6390070.0, "nm_localidade": "CARAPICUÍBA", "nm_locvot": "EE. PROFESSORA ELISABETH SILVA DE ARAÚJO", "ds_endereco": "ESTRADA DO ADERNO, 17", "ds_bairro": "VILA AMERICA", "pred_long": -46.846806, "pred_lat": -23.5391328, "pred_dist": 0.0, "tse_long": -46.8467875, "tse_lat": -23.5393663, "long": -46.8467875, "lat": -23.5393663, "ID_UNICO": "LOC_051260", "SG_UF": "SP", "CD_MUNICIPIO": "63134", "NR_LOCAL_VOTACAO": "1333", "QT_SECOES_AGREGADAS": 0, "QT_ELEITORES_TRANSFERIDOS": 34, "CIRO GOMES (PDT) (NÃO ELEITO) 1T": 185.0, "CONSTITUINTE EYMAEL (DC) (NÃO ELEITO) 1T": 2.0, "FELIPE D AVILA (NOVO) (NÃO ELEITO) 1T": 30.0, "JAIR BOLSONARO (PL) (2º TURNO) 1T": 1424.0, "LULA (PT) (2º TURNO) 1T": 2043.0, "LÉO PÉRICLES (UP) (NÃO ELEITO) 1T": 7.0, "PADRE KELMON (PTB) (NÃO ELEITO) 1T": 1.0, "SIMONE TEBET (MDB) (NÃO ELEITO) 1T": 171.0, "SOFIA MANZANO (PCB) (NÃO ELEITO) 1T": 1.0, "SORAYA THRONICKE (UNIÃO) (NÃO ELEITO) 1T": 28.0, "VERA (PSTU) (NÃO ELEITO) 1T": 0.0, "Total_Votos_Validos 1T": 3892.0, "Votos_Brancos 1T": 107.0, "Votos_Nulos 1T": 140.0, "Abstenções 1T": 1038.0, "Eleitores_Aptos 1T": 5177.0, "JAIR BOLSONARO (PL) (NÃO ELEITO) 2T": 1734.0, "LULA (PT) (ELEITO) 2T": 2165.0, "Total_Votos_Validos 2T": 3899.0, "Votos_Brancos 2T": 105.0, "Votos_Nulos 2T": 135.0, "Abstenções 2T": 1038.0, "Eleitores_Aptos 2T": 5177.0, "mun_code_y": "3510609", "mun_code": "3510609" }, "geometry": { "type": "Polygon", "coordinates": [ [ [ 5729843.918093926273286, 7377135.455572308972478 ], [ 5729830.216754459775984, 7377059.434458883479238 ], [ 5729776.448834017850459, 7377107.222277032211423 ], [ 5729770.976687718182802, 7377122.162015199661255 ], [ 5729769.270840238779783, 7377135.540942705236375 ], [ 5729773.081611387431622, 7377154.794868181459606 ], [ 5729773.79426043946296, 7377160.485372398048639 ], [ 5729781.258606044575572, 7377218.221868501976132 ], [ 5729740.15405535325408, 7377239.459670069627464 ], [ 5729769.124676326289773, 7377298.556633237749338 ], [ 5729796.757276652380824, 7377351.514333790168166 ], [ 5729811.982320085167885, 7377377.230872393585742 ], [ 5729807.580754461698234, 7377381.435245260596275 ], [ 5729801.316885626874864, 7377387.250534860417247 ], [ 5729783.303548809140921, 7377401.230852963402867 ], [ 5729764.955256952904165, 7377420.395803682506084 ], [ 5729755.453267497010529, 7377427.499934761784971 ], [ 5729745.418969264253974, 7377420.622436276637018 ], [ 5729738.513492335565388, 7377421.558458661660552 ], [ 5729725.298791608773172, 7377424.729017317295074 ], [ 5729722.19423430878669, 7377430.755018480122089 ], [ 5729717.137938202358782, 7377434.746446572244167 ], [ 5729712.84320461191237, 7377426.924101823009551 ], [ 5729703.043037515133619, 7377410.781704823486507 ], [ 5729694.843887466937304, 7377396.200249990448356 ], [ 5729664.917302766814828, 7377339.048388047143817 ], [ 5729659.485490594990551, 7377341.451222302392125 ], [ 5729596.264353007078171, 7377375.377522276714444 ], [ 5729606.672683455049992, 7377401.278565676882863 ], [ 5729655.865847339853644, 7377379.035181857645512 ], [ 5729670.664827125146985, 7377408.110443271696568 ], [ 5729679.890170800499618, 7377417.428128286264837 ], [ 5729758.093010611832142, 7377574.415017395280302 ], [ 5729737.478018833324313, 7377567.350858562625945 ], [ 5729721.431656544096768, 7377555.739168893545866 ], [ 5729710.56348716840148, 7377556.348189515992999 ], [ 5729666.831892943009734, 7377569.400877923704684 ], [ 5729663.427835232578218, 7377576.189629562199116 ], [ 5729670.259345784783363, 7377587.736323727294803 ], [ 5729675.798140604048967, 7377597.137437211349607 ], [ 5729685.40187169611454, 7377614.67374334204942 ], [ 5729701.849772857502103, 7377611.75501792319119 ], [ 5729792.577207565307617, 7377636.853577515110373 ], [ 5729807.416980613023043, 7377645.377762557007372 ], [ 5729818.200045910663903, 7377636.278729043900967 ], [ 5729835.856143532320857, 7377632.574067689478397 ], [ 5729865.852543704211712, 7377654.138287225738168 ], [ 5729873.130981523543596, 7377663.36329997703433 ], [ 5729876.331341333687305, 7377676.720734347589314 ], [ 5729874.798710653558373, 7377707.961250929161906 ], [ 5729879.796891617588699, 7377720.670911761000752 ], [ 5729885.790234160609543, 7377729.547042603604496 ], [ 5729897.788394175469875, 7377740.54577043838799 ], [ 5729913.542728245258331, 7377752.651904100552201 ], [ 5729926.794997736811638, 7377766.456675397232175 ], [ 5729931.131006362847984, 7377774.489037344232202 ], [ 5729930.632975043728948, 7377790.363815180957317 ], [ 5729929.342772832140326, 7377806.345080323517323 ], [ 5729927.516975963488221, 7377811.771557786501944 ], [ 5729988.911397017538548, 7377821.422291927039623 ], [ 5729987.226288866251707, 7377828.237006284296513 ], [ 5729984.775226422585547, 7377857.045459972694516 ], [ 5729982.444979729130864, 7377882.119795189239085 ], [ 5729975.433446711860597, 7377901.88017207570374 ], [ 5729969.637467073276639, 7377911.143496498465538 ], [ 5729959.495647033676505, 7377918.134492913261056 ], [ 5729948.588845287449658, 7377919.616161616519094 ], [ 5729935.196149590425193, 7377917.370959775522351 ], [ 5729920.571870723739266, 7377914.004016578197479 ], [ 5729909.689822506159544, 7377912.080037477426231 ], [ 5729862.068898950703442, 7377963.690474076196551 ], [ 5729925.82685761153698, 7377983.637833351269364 ], [ 5729946.465664151124656, 7378022.80244193598628 ], [ 5729950.067796997725964, 7378035.604082391597331 ], [ 5729949.993823112919927, 7378050.140596362762153 ], [ 5729944.658650601282716, 7378091.672337915748358 ], [ 5729936.114108090288937, 7378124.802948980592191 ], [ 5729997.524094645865262, 7378142.958667067810893 ], [ 5730008.631270279176533, 7378099.486980210058391 ], [ 5730066.221169254742563, 7378113.814668606966734 ], [ 5730076.396336908452213, 7378116.733778988942504 ], [ 5730078.462074044160545, 7378103.392649659886956 ], [ 5730081.065791253000498, 7378088.741055035963655 ], [ 5730109.112860814668238, 7378084.886179095134139 ], [ 5730128.929746036417782, 7378092.536858381703496 ], [ 5730160.825673701241612, 7378101.91771115642041 ], [ 5730171.61550519708544, 7378091.512181452475488 ], [ 5730225.723864838480949, 7378116.817811071872711 ], [ 5730246.769728121347725, 7378076.868119794875383 ], [ 5730289.625025631859899, 7378110.459163664840162 ], [ 5730297.819637015461922, 7378091.465498342178762 ], [ 5730309.616733697243035, 7378065.974346853792667 ], [ 5730335.970364731736481, 7378046.386951191350818 ], [ 5730372.992206793278456, 7378013.341424540616572 ], [ 5730370.929134315811098, 7378010.921773920767009 ], [ 5730335.18150600977242, 7377961.561516056768596 ], [ 5730332.130243877880275, 7377957.159695792943239 ], [ 5730346.858645221218467, 7377942.494423668831587 ], [ 5730343.374779604375362, 7377935.770172569900751 ], [ 5730312.535495752468705, 7377902.026181891560555 ], [ 5730309.078855074942112, 7377897.901320213451982 ], [ 5730307.842783196829259, 7377895.663635190576315 ], [ 5730281.709284313954413, 7377848.011313645169139 ], [ 5730279.86205690074712, 7377844.587470883503556 ], [ 5730276.35998491756618, 7377840.57649564370513 ], [ 5730239.331526688300073, 7377798.334526164457202 ], [ 5730235.707393650896847, 7377792.487909900955856 ], [ 5730245.501292744651437, 7377782.210068877786398 ], [ 5730284.780572663992643, 7377779.111225922591984 ], [ 5730373.100637005642056, 7377703.690190986730158 ], [ 5730374.181217991746962, 7377703.01117873750627 ], [ 5730386.391706489026546, 7377694.454303347505629 ], [ 5730364.259185339324176, 7377662.47482202667743 ], [ 5730331.133104936219752, 7377691.196223929524422 ], [ 5730296.929489155299962, 7377679.397370485588908 ], [ 5730292.768581081181765, 7377677.964231056161225 ], [ 5730290.511148770339787, 7377677.183941098861396 ], [ 5730283.278377838432789, 7377675.245560610666871 ], [ 5730279.641813547350466, 7377674.07646023016423 ], [ 5730272.200055634602904, 7377691.961071122437716 ], [ 5730260.138922163285315, 7377705.365852039307356 ], [ 5730227.700007915496826, 7377725.513707526028156 ], [ 5730288.678388522937894, 7377558.065106237307191 ], [ 5730310.744442945346236, 7377592.615187782794237 ], [ 5730318.376690786331892, 7377598.674714093096554 ], [ 5730326.952285766601562, 7377604.173698095604777 ], [ 5730349.532636021263897, 7377615.793616306036711 ], [ 5730373.218066329136491, 7377618.194318564608693 ], [ 5730391.70913715288043, 7377616.065770366229117 ], [ 5730405.394918243400753, 7377612.70369010977447 ], [ 5730424.249942993745208, 7377608.235223989933729 ], [ 5730434.654497512616217, 7377605.706639432348311 ], [ 5730455.607018459588289, 7377600.039534764364362 ], [ 5730441.634943684563041, 7377418.282150725834072 ], [ 5730433.170544512569904, 7377412.141461589373648 ], [ 5730447.469288553111255, 7377387.842143315821886 ], [ 5730467.712192353792489, 7377357.062223300337791 ], [ 5730488.356293814256787, 7377321.81971162930131 ], [ 5730359.365605615079403, 7377361.645564478822052 ], [ 5730356.420995807275176, 7377337.01284496113658 ], [ 5730353.583784145303071, 7377312.073389962315559 ], [ 5730352.439512888900936, 7377294.438687076792121 ], [ 5730356.164431530982256, 7377276.449274808168411 ], [ 5730364.418257187120616, 7377250.453810362145305 ], [ 5730373.704184038564563, 7377225.065362317487597 ], [ 5730394.713753298856318, 7377199.82825499586761 ], [ 5730399.124561452306807, 7377191.504381282255054 ], [ 5730400.064923411235213, 7377181.445070296525955 ], [ 5730394.012948579154909, 7377169.960113919340074 ], [ 5730375.949301578104496, 7377157.467546097934246 ], [ 5730328.344661242328584, 7377132.553095829673111 ], [ 5730310.006792200729251, 7377118.042680631391704 ], [ 5730294.641652829945087, 7377099.175760129466653 ], [ 5730283.526793664321303, 7377079.639004647731781 ], [ 5730268.847879806533456, 7377061.206625361926854 ], [ 5730248.241696942597628, 7377052.055568516254425 ], [ 5730229.526729789562523, 7377049.674719580449164 ], [ 5730209.626644405536354, 7377049.362171023152769 ], [ 5730193.9482441842556, 7377049.653685327619314 ], [ 5730183.398257773369551, 7377046.586150671355426 ], [ 5730178.534406854771078, 7377041.504665422253311 ], [ 5730166.531259051524103, 7377028.966149832122028 ], [ 5730165.876607868820429, 7377040.864033004269004 ], [ 5730159.44579413998872, 7377050.505301829427481 ], [ 5730096.085369148291647, 7377041.557090012356639 ], [ 5730141.9171361066401, 7377118.128960000351071 ], [ 5730214.434705467894673, 7377194.127810752950609 ], [ 5730228.781831954605877, 7377197.072787713259459 ], [ 5730208.471918641589582, 7377203.109489900991321 ], [ 5730154.399923295713961, 7377217.07088123075664 ], [ 5730082.438187340274453, 7377146.479948682710528 ], [ 5730069.955462351441383, 7377119.588670033961535 ], [ 5730051.730245349928737, 7377081.877827015705407 ], [ 5729997.044790265150368, 7377060.106451880186796 ], [ 5729986.813524289987981, 7377063.028016902506351 ], [ 5729969.360993868671358, 7377078.19741315767169 ], [ 5729997.966693860478699, 7377111.059431884437799 ], [ 5729943.732734069228172, 7377143.322621951811016 ], [ 5729927.853809440508485, 7377152.31898352317512 ], [ 5729867.31121040135622, 7377186.626679698005319 ], [ 5729861.962374175898731, 7377182.685503201559186 ], [ 5729855.68749113753438, 7377175.955400159582496 ], [ 5729850.263892121613026, 7377160.655115885660052 ], [ 5729843.918093926273286, 7377135.455572308972478 ] ] ] } },
{ "type": "Feature", "properties": { "lv_id": "LOC_051261", "id": 283360.0, "CD_SETOR": "351060905000146", "SITUACAO": "Urbana", "CD_SIT": "1", "CD_TIPO": "0", "AREA_KM2": 0.022865491494624999, "CD_REGIAO": "3", "NM_REGIAO": "Sudeste", "CD_UF": "35", "NM_UF": "São Paulo", "CD_MUN": "3510609", "NM_MUN": "Carapicuíba", "CD_DIST": "351060905", "NM_DIST": "Carapicuíba", "CD_SUBDIST": "35106090500", "NM_SUBDIST": null, "CD_BAIRRO": null, "NM_BAIRRO": null, "CD_NU": null, "NM_NU": null, "CD_FCU": "35106090092", "NM_FCU": "Comunidade Rifaina", "CD_AGLOM": null, "NM_AGLOM": null, "CD_RGINT": "3501", "NM_RGINT": "São Paulo", "CD_RGI": "350001", "NM_RGI": "São Paulo", "CD_CONCURB": "3550308", "NM_CONCURB": "São Paulo/SP", "mun_code_x": "3510609", "index_right": 82527, "dist_m": 304.8520695891624, "local_id": 556436, "ano": 2022, "cod_localidade_ibge": 3510609, "NR_ZONA": "303", "nr_cep": 6390240.0, "nm_localidade": "CARAPICUÍBA", "nm_locvot": "EE. PROFESSORA MARIA MARQUES DE NORONHA", "ds_endereco": "RUA RAFARD, 404", "ds_bairro": "CIDADE ARISTON ESTELA AZEVEDO", "pred_long": -46.855129, "pred_lat": -23.540182, "pred_dist": 0.0, "tse_long": -46.8553015, "tse_lat": -23.541005, "long": -46.8553015, "lat": -23.541005, "ID_UNICO": "LOC_051261", "SG_UF": "SP", "CD_MUNICIPIO": "63134", "NR_LOCAL_VOTACAO": "1775", "QT_SECOES_AGREGADAS": 0, "QT_ELEITORES_TRANSFERIDOS": 60, "CIRO GOMES (PDT) (NÃO ELEITO) 1T": 186.0, "CONSTITUINTE EYMAEL (DC) (NÃO ELEITO) 1T": 1.0, "FELIPE D AVILA (NOVO) (NÃO ELEITO) 1T": 8.0, "JAIR BOLSONARO (PL) (2º TURNO) 1T": 1267.0, "LULA (PT) (2º TURNO) 1T": 2167.0, "LÉO PÉRICLES (UP) (NÃO ELEITO) 1T": 3.0, "PADRE KELMON (PTB) (NÃO ELEITO) 1T": 0.0, "SIMONE TEBET (MDB) (NÃO ELEITO) 1T": 143.0, "SOFIA MANZANO (PCB) (NÃO ELEITO) 1T": 3.0, "SORAYA THRONICKE (UNIÃO) (NÃO ELEITO) 1T": 28.0, "VERA (PSTU) (NÃO ELEITO) 1T": 3.0, "Total_Votos_Validos 1T": 3809.0, "Votos_Brancos 1T": 98.0, "Votos_Nulos 1T": 132.0, "Abstenções 1T": 1007.0, "Eleitores_Aptos 1T": 5046.0, "JAIR BOLSONARO (PL) (NÃO ELEITO) 2T": 1534.0, "LULA (PT) (ELEITO) 2T": 2271.0, "Total_Votos_Validos 2T": 3805.0, "Votos_Brancos 2T": 76.0, "Votos_Nulos 2T": 123.0, "Abstenções 2T": 1042.0, "Eleitores_Aptos 2T": 5046.0, "mun_code_y": "3510609", "mun_code": "3510609" }, "geometry": { "type": "Polygon", "coordinates": [ [ [ 5728526.747127786278725, 7377131.553998340852559 ], [ 5728527.091674430295825, 7377151.036168868653476 ], [ 5728527.660634865984321, 7377182.851900676265359 ], [ 5728524.891052342951298, 7377215.581724654883146 ], [ 5728517.841478575952351, 7377236.246924661099911 ], [ 5728508.630517826415598, 7377254.564198874868453 ], [ 5728494.942642913199961, 7377269.19784508086741 ], [ 5728478.260193469002843, 7377277.060403697192669 ], [ 5728467.256259854882956, 7377288.100262269377708 ], [ 5728460.973551264032722, 7377297.454004572704434 ], [ 5728458.632544204592705, 7377307.950853945687413 ], [ 5728458.88534655701369, 7377319.211469674482942 ], [ 5728462.0434430539608, 7377331.331958907656372 ], [ 5728471.884999198839068, 7377340.10601425357163 ], [ 5728482.619148625060916, 7377346.268452571704984 ], [ 5728511.107105311006308, 7377353.16522422246635 ], [ 5728526.000271179713309, 7377359.287952836602926 ], [ 5728532.51856854557991, 7377363.316373338922858 ], [ 5728541.189240284264088, 7377368.688613459467888 ], [ 5728543.807858653366566, 7377372.420122848823667 ], [ 5728549.220442736521363, 7377380.119964493438601 ], [ 5728553.607935849577188, 7377392.290852587670088 ], [ 5728555.955839057452977, 7377398.8039226308465 ], [ 5728559.785213937982917, 7377409.618566448800266 ], [ 5728567.853495452553034, 7377423.235747288912535 ], [ 5728572.561625305563211, 7377431.160418759100139 ], [ 5728577.974219757132232, 7377440.300108106806874 ], [ 5728588.42823591735214, 7377481.970393346622586 ], [ 5728588.442277193069458, 7377498.71211589500308 ], [ 5728583.755651388317347, 7377509.325809782370925 ], [ 5728575.047389769926667, 7377519.246843960136175 ], [ 5728557.890323950909078, 7377525.793653862550855 ], [ 5728517.912678830325603, 7377527.784384550526738 ], [ 5728513.571319634094834, 7377528.68141804728657 ], [ 5728504.861877046525478, 7377530.554942650720477 ], [ 5728496.949699802324176, 7377537.980720626190305 ], [ 5728494.128767530433834, 7377547.050456071272492 ], [ 5728492.929220448248088, 7377559.946013684384525 ], [ 5728493.763817584142089, 7377572.628670027479529 ], [ 5728503.490754159167409, 7377587.324107233434916 ], [ 5728533.044966712594032, 7377622.46254314109683 ], [ 5728543.808400073088706, 7377637.441212441772223 ], [ 5728552.083086105063558, 7377653.771582428365946 ], [ 5728557.038949948735535, 7377669.15105165541172 ], [ 5728564.684630666859448, 7377713.974834037944674 ], [ 5728573.055805518291891, 7377730.188789818435907 ], [ 5728577.619627820327878, 7377741.792839823290706 ], [ 5728578.021772666834295, 7377756.059670665301383 ], [ 5728574.426761135458946, 7377768.069980753585696 ], [ 5728569.532878017053008, 7377776.573249442502856 ], [ 5728613.558565785177052, 7377777.026318315416574 ], [ 5728620.198209810070693, 7377777.320740394294262 ], [ 5728725.807058045640588, 7377790.634395951405168 ], [ 5728729.498699177056551, 7377790.651449644006789 ], [ 5728733.190340362489223, 7377790.668502438813448 ], [ 5728742.285246069543064, 7377790.170893542468548 ], [ 5728750.1668441593647, 7377836.646100925281644 ], [ 5728745.061290103942156, 7377846.443580826744437 ], [ 5728876.80028497800231, 7377888.089222875423729 ], [ 5728905.135872423648834, 7377873.38420332223177 ], [ 5728917.055289836600423, 7377869.854928137734532 ], [ 5728928.73618636932224, 7377868.726124441251159 ], [ 5728938.31467517465353, 7377871.374239832162857 ], [ 5728961.868004661984742, 7377881.608144369907677 ], [ 5728984.451755036599934, 7377886.733620340004563 ], [ 5729041.524683440104127, 7377905.92343733087182 ], [ 5729051.55035266187042, 7377906.048991076648235 ], [ 5729060.818911747075617, 7377902.461923317983747 ], [ 5729107.457042839378119, 7377876.073495551943779 ], [ 5729118.097402108833194, 7377888.356980024836957 ], [ 5729127.517239706590772, 7377904.674854849465191 ], [ 5729136.04524156358093, 7377901.615751429460943 ], [ 5729118.236636815592647, 7377951.614724155515432 ], [ 5729095.990039235912263, 7377999.133613346144557 ], [ 5729100.999653068371117, 7377998.102694476023316 ], [ 5729145.225469795055687, 7378015.108462322503328 ], [ 5729149.49282462336123, 7378004.90608128067106 ], [ 5729168.52886672783643, 7378015.989911580458283 ], [ 5729169.344338139519095, 7378013.884356344118714 ], [ 5729170.465365986339748, 7378011.138518175110221 ], [ 5729182.406781993806362, 7377980.496079869568348 ], [ 5729197.768162927590311, 7377941.323043698444963 ], [ 5729200.247400445863605, 7377941.835718329995871 ], [ 5729207.569955172017217, 7377944.964447187259793 ], [ 5729220.660799948498607, 7377899.609270788729191 ], [ 5729217.296966851688921, 7377898.783508311957121 ], [ 5729217.37735708989203, 7377894.437580082565546 ], [ 5729290.378758686594665, 7377859.747391292825341 ], [ 5729302.478350310586393, 7377853.67507604137063 ], [ 5729334.652682438492775, 7377831.8797847032547 ], [ 5729370.589491496793926, 7377808.032829789444804 ], [ 5729395.158319757319987, 7377793.045647893100977 ], [ 5729419.574225142598152, 7377780.94577850587666 ], [ 5729446.635504775680602, 7377771.671858945861459 ], [ 5729472.446134578436613, 7377764.592137070372701 ], [ 5729482.516479024663568, 7377759.245856314897537 ], [ 5729490.560734094120562, 7377750.986886510625482 ], [ 5729499.853614192456007, 7377726.313585050404072 ], [ 5729513.28061193972826, 7377690.618336140178144 ], [ 5729525.505116025917232, 7377688.089001800864935 ], [ 5729596.814324931241572, 7377651.684080772101879 ], [ 5729618.795154988765717, 7377644.28154528234154 ], [ 5729615.541355762630701, 7377698.679245179519057 ], [ 5729616.853091118857265, 7377716.61790354270488 ], [ 5729621.496968957595527, 7377729.814046179875731 ], [ 5729642.482817840762436, 7377759.328741242177784 ], [ 5729646.371318198740482, 7377769.671632284298539 ], [ 5729655.037935287691653, 7377817.89400861505419 ], [ 5729661.598075383342803, 7377835.492831760086119 ], [ 5729674.024778191000223, 7377818.532197274267673 ], [ 5729706.031126257963479, 7377790.906633168458939 ], [ 5729688.307353614829481, 7377732.643754283897579 ], [ 5729685.270755724981427, 7377709.835223529487848 ], [ 5729690.5177311450243, 7377652.145733203738928 ], [ 5729690.99958173930645, 7377634.709182795137167 ], [ 5729685.40187169611454, 7377614.67374334204942 ], [ 5729675.798140604048967, 7377597.137437211349607 ], [ 5729670.259345784783363, 7377587.736323727294803 ], [ 5729663.427835232578218, 7377576.189629562199116 ], [ 5729666.831892943009734, 7377569.400877923704684 ], [ 5729710.56348716840148, 7377556.348189515992999 ], [ 5729721.431656544096768, 7377555.739168893545866 ], [ 5729737.478018833324313, 7377567.350858562625945 ], [ 5729758.093010611832142, 7377574.415017395280302 ], [ 5729679.890170800499618, 7377417.428128286264837 ], [ 5729670.664827125146985, 7377408.110443271696568 ], [ 5729655.865847339853644, 7377379.035181857645512 ], [ 5729606.672683455049992, 7377401.278565676882863 ], [ 5729596.264353007078171, 7377375.377522276714444 ], [ 5729659.485490594990551, 7377341.451222302392125 ], [ 5729664.917302766814828, 7377339.048388047143817 ], [ 5729694.843887466937304, 7377396.200249990448356 ], [ 5729703.043037515133619, 7377410.781704823486507 ], [ 5729712.84320461191237, 7377426.924101823009551 ], [ 5729717.137938202358782, 7377434.746446572244167 ], [ 5729722.19423430878669, 7377430.755018480122089 ], [ 5729725.298791608773172, 7377424.729017317295074 ], [ 5729738.513492335565388, 7377421.558458661660552 ], [ 5729745.418969264253974, 7377420.622436276637018 ], [ 5729755.453267497010529, 7377427.499934761784971 ], [ 5729764.955256952904165, 7377420.395803682506084 ], [ 5729783.303548809140921, 7377401.230852963402867 ], [ 5729801.316885626874864, 7377387.250534860417247 ], [ 5729807.580754461698234, 7377381.435245260596275 ], [ 5729811.982320085167885, 7377377.230872393585742 ], [ 5729796.757276652380824, 7377351.514333790168166 ], [ 5729769.124676326289773, 7377298.556633237749338 ], [ 5729740.15405535325408, 7377239.459670069627464 ], [ 5729687.96635150257498, 7377265.20145164616406 ], [ 5729680.732622738927603, 7377196.068401189520955 ], [ 5729672.549161437898874, 7377182.211711138486862 ], [ 5729656.049100933596492, 7377159.628272536210716 ], [ 5729606.402381774038076, 7377125.493620507419109 ], [ 5729631.690331, 7377098.693957837298512 ], [ 5729612.140553252771497, 7376982.994063166901469 ], [ 5729628.001268604770303, 7376948.98518387787044 ], [ 5729623.983153049834073, 7376949.799517807550728 ], [ 5729617.040103630162776, 7376950.592321902513504 ], [ 5729508.838750598952174, 7376967.887659505009651 ], [ 5729483.222677532583475, 7376973.094167968258262 ], [ 5729474.478430399671197, 7376975.081750936806202 ], [ 5729461.114697984419763, 7376978.125678672455251 ], [ 5729333.168719394132495, 7377007.275871421210468 ], [ 5729329.175956178456545, 7377008.189308643341064 ], [ 5729326.916328453458846, 7377007.97828247398138 ], [ 5729323.741876238957047, 7377007.667765920981765 ], [ 5729303.910994859412313, 7377014.907129260711372 ], [ 5729290.525859827175736, 7377019.78248405829072 ], [ 5729216.669118780642748, 7377048.690232839435339 ], [ 5729108.451317338272929, 7377088.284309413284063 ], [ 5729053.588408895768225, 7377092.10147763043642 ], [ 5729050.118800311349332, 7377093.2566355811432 ], [ 5729048.118821495212615, 7377094.360870150849223 ], [ 5729042.918160011060536, 7377098.738747820258141 ], [ 5728913.149504042230546, 7377102.571586835198104 ], [ 5728903.78117052745074, 7377098.383983741514385 ], [ 5728900.61309496499598, 7377096.968048889189959 ], [ 5728897.09956662543118, 7377096.417616290971637 ], [ 5728891.852452432736754, 7377096.366548937745392 ], [ 5728804.79080022033304, 7377098.840497245080769 ], [ 5728750.507490791380405, 7377089.021580079570413 ], [ 5728658.113569187931716, 7377048.799179555848241 ], [ 5728653.479379881173372, 7377046.88699309527874 ], [ 5728534.621602642349899, 7376997.8921670736745 ], [ 5728527.688034524209797, 7377107.286445444449782 ], [ 5728526.569304297678173, 7377123.861344529315829 ], [ 5728526.644307031296194, 7377127.016344417817891 ], [ 5728526.747127786278725, 7377131.553998340852559 ] ] ] } },
{ "type": "Feature", "properties": { "lv_id": "LOC_051262", "id": 283954.0, "CD_SETOR": "351060930000080", "SITUACAO": "Urbana", "CD_SIT": "1", "CD_TIPO": "0", "AREA_KM2": 0.062682605233610994, "CD_REGIAO": "3", "NM_REGIAO": "Sudeste", "CD_UF": "35", "NM_UF": "São Paulo", "CD_MUN": "3510609", "NM_MUN": "Carapicuíba", "CD_DIST": "351060930", "NM_DIST": "Vila Dirce", "CD_SUBDIST": "35106093000", "NM_SUBDIST": null, "CD_BAIRRO": null, "NM_BAIRRO": null, "CD_NU": null, "NM_NU": null, "CD_FCU": "35106090109", "NM_FCU": "Alto da Santa Lúcia", "CD_AGLOM": null, "NM_AGLOM": null, "CD_RGINT": "3501", "NM_RGINT": "São Paulo", "CD_RGI": "350001", "NM_RGI": "São Paulo", "CD_CONCURB": "3550308", "NM_CONCURB": "São Paulo/SP", "mun_code_x": "3510609", "index_right": 82512, "dist_m": 471.66134896175873, "local_id": 556421, "ano": 2022, "cod_localidade_ibge": 3510609, "NR_ZONA": "388", "nr_cep": 6365210.0, "nm_localidade": "CARAPICUÍBA", "nm_locvot": "EMEF. PROFESSOR MIGUEL COSTA JÚNIOR", "ds_endereco": "ESTRADA EGÍLIO VITORELLO, 2132", "ds_bairro": "ALTO DO SANTA LUCIA", "pred_long": -46.856513, "pred_lat": -23.549475, "pred_dist": 0.0, "tse_long": -46.8565139, "tse_lat": -23.5495329, "long": -46.8565139, "lat": -23.5495329, "ID_UNICO": "LOC_051262", "SG_UF": "SP", "CD_MUNICIPIO": "63134", "NR_LOCAL_VOTACAO": "1430", "QT_SECOES_AGREGADAS": 0, "QT_ELEITORES_TRANSFERIDOS": 23, "CIRO GOMES (PDT) (NÃO ELEITO) 1T": 158.0, "CONSTITUINTE EYMAEL (DC) (NÃO ELEITO) 1T": 0.0, "FELIPE D AVILA (NOVO) (NÃO ELEITO) 1T": 18.0, "JAIR BOLSONARO (PL) (2º TURNO) 1T": 1424.0, "LULA (PT) (2º TURNO) 1T": 2353.0, "LÉO PÉRICLES (UP) (NÃO ELEITO) 1T": 6.0, "PADRE KELMON (PTB) (NÃO ELEITO) 1T": 4.0, "SIMONE TEBET (MDB) (NÃO ELEITO) 1T": 204.0, "SOFIA MANZANO (PCB) (NÃO ELEITO) 1T": 2.0, "SORAYA THRONICKE (UNIÃO) (NÃO ELEITO) 1T": 20.0, "VERA (PSTU) (NÃO ELEITO) 1T": 0.0, "Total_Votos_Validos 1T": 4189.0, "Votos_Brancos 1T": 124.0, "Votos_Nulos 1T": 176.0, "Abstenções 1T": 1066.0, "Eleitores_Aptos 1T": 5555.0, "JAIR BOLSONARO (PL) (NÃO ELEITO) 2T": 1755.0, "LULA (PT) (ELEITO) 2T": 2443.0, "Total_Votos_Validos 2T": 4198.0, "Votos_Brancos 2T": 107.0, "Votos_Nulos 2T": 184.0, "Abstenções 2T": 1066.0, "Eleitores_Aptos 2T": 5555.0, "mun_code_y": "3510609", "mun_code": "3510609" }, "geometry": { "type": "MultiPolygon", "coordinates": [ [ [ [ 5727976.427404370158911, 7374951.138932468369603 ], [ 5727973.583404878154397, 7374948.624155947938561 ], [ 5727971.384238799102604, 7374945.920996790751815 ], [ 5727966.990322180092335, 7374939.16391309723258 ], [ 5727964.143240759149194, 7374936.381412758491933 ], [ 5727959.598938669078052, 7374932.768209375441074 ], [ 5727958.63301957398653, 7374931.432294461876154 ], [ 5727955.058307996951044, 7374924.087488777935505 ], [ 5727948.115850471891463, 7374912.122142484411597 ], [ 5727948.194795600138605, 7374910.008681545034051 ], [ 5727947.5956098921597, 7374905.562756054103374 ], [ 5727946.454513004049659, 7374901.936292719095945 ], [ 5727945.258254774846137, 7374899.462214333936572 ], [ 5727924.45489208586514, 7374863.43104400485754 ], [ 5727911.841251241974533, 7374843.276592619717121 ], [ 5727864.495114730671048, 7374774.603028306737542 ], [ 5727861.063710576854646, 7374771.168776033446193 ], [ 5727854.632022890262306, 7374767.627249356359243 ], [ 5727852.838783097453415, 7374766.09814964607358 ], [ 5727828.932160479947925, 7374734.462908081710339 ], [ 5727828.930013231933117, 7374731.95167691167444 ], [ 5727828.117752150632441, 7374727.125718637369573 ], [ 5727826.667706503532827, 7374723.246770294383168 ], [ 5727825.150956897065043, 7374720.699363151565194 ], [ 5727780.11829936876893, 7374662.982732199132442 ], [ 5727761.82136951200664, 7374641.381293138489127 ], [ 5727751.710196067579091, 7374630.645260823890567 ], [ 5727709.752777861431241, 7374590.990950645878911 ], [ 5727705.179925316013396, 7374587.211720084771514 ], [ 5727700.13851888012141, 7374584.49384112469852 ], [ 5727697.14696784876287, 7374579.419256164692342 ], [ 5727692.370116260834038, 7374573.797378592193127 ], [ 5727683.621849292889237, 7374564.980195589363575 ], [ 5727663.819954699836671, 7374546.411453934386373 ], [ 5727641.834847527556121, 7374522.783666314557195 ], [ 5727620.686673280782998, 7374501.804100905545056 ], [ 5727618.176826681941748, 7374497.989092586562037 ], [ 5727616.091510895639658, 7374493.460932837799191 ], [ 5727614.482099973596632, 7374488.842105092480779 ], [ 5727612.9832708472386, 7374483.157432147301733 ], [ 5727605.332211065106094, 7374484.900138774886727 ], [ 5727600.227599144913256, 7374487.286174735054374 ], [ 5727573.81936857290566, 7374506.705084023997188 ], [ 5727565.133698579855263, 7374512.517404021695256 ], [ 5727560.176243017427623, 7374514.985385198146105 ], [ 5727553.052361617796123, 7374516.846906333230436 ], [ 5727548.537553082220256, 7374516.703387055546045 ], [ 5727540.626772590912879, 7374514.865001522004604 ], [ 5727532.025830668397248, 7374510.862173929810524 ], [ 5727525.70664681866765, 7374514.313183560967445 ], [ 5727522.827145684510469, 7374526.510909606702626 ], [ 5727520.16363038867712, 7374568.978850095532835 ], [ 5727520.72170955594629, 7374623.005884524434805 ], [ 5727517.019409007392824, 7374674.811837712302804 ], [ 5727326.078059231862426, 7374800.931292816996574 ], [ 5727035.457038348540664, 7374879.403405301272869 ], [ 5727044.426972886547446, 7374936.549514872953296 ], [ 5727050.497421281412244, 7375011.474755492992699 ], [ 5727053.332175025716424, 7375064.46157368272543 ], [ 5727053.431977385655046, 7375089.123106221668422 ], [ 5727050.20194891653955, 7375108.481245450675488 ], [ 5727044.092760088853538, 7375174.860098091885448 ], [ 5727042.419803615659475, 7375194.698831108398736 ], [ 5727043.860580295324326, 7375211.369118521921337 ], [ 5727046.753497858531773, 7375226.404587619006634 ], [ 5727051.39037695620209, 7375237.44684796128422 ], [ 5727059.342458790168166, 7375247.31967734079808 ], [ 5727071.042216526344419, 7375254.438974983990192 ], [ 5727084.535681479610503, 7375258.567095287144184 ], [ 5727105.746795751154423, 7375260.637075271457434 ], [ 5727133.006621169857681, 7375258.946097441017628 ], [ 5727187.255415588617325, 7375250.108407903462648 ], [ 5727230.607127275317907, 7375240.026891146786511 ], [ 5727271.125801633112133, 7375230.532655825838447 ], [ 5727311.040605442598462, 7375219.170912292785943 ], [ 5727332.321111182682216, 7375215.433197913691401 ], [ 5727366.234523797407746, 7375210.843534749932587 ], [ 5727394.559379419311881, 7375208.987428097054362 ], [ 5727408.985915534198284, 7375205.144247564487159 ], [ 5727444.270222444087267, 7375191.110588402487338 ], [ 5727462.158089648932219, 7375186.983455058187246 ], [ 5727479.112162549979985, 7375184.018917379900813 ], [ 5727491.764231906272471, 7375184.170460240915418 ], [ 5727500.241683365777135, 7375186.092386540025473 ], [ 5727508.02263155952096, 7375192.51354443281889 ], [ 5727512.672671819105744, 7375197.63956199772656 ], [ 5727516.11879859212786, 7375205.28101765178144 ], [ 5727519.08962253946811, 7375221.875266555696726 ], [ 5727521.767355530522764, 7375232.568553887307644 ], [ 5727527.200646084733307, 7375241.115624547936022 ], [ 5727534.593449797481298, 7375250.011613599956036 ], [ 5727537.091802924871445, 7375259.15123264119029 ], [ 5727537.844965546391904, 7375264.024767808616161 ], [ 5727535.260836282745004, 7375269.622493105009198 ], [ 5727529.311760857701302, 7375275.387711053714156 ], [ 5727522.02536512631923, 7375276.866538196802139 ], [ 5727477.18709204159677, 7375279.656383790075779 ], [ 5727468.473137785680592, 7375281.206235501915216 ], [ 5727462.882138562388718, 7375285.949069161899388 ], [ 5727460.325621815398335, 7375292.103467017412186 ], [ 5727460.16104344651103, 7375297.022675031796098 ], [ 5727461.884094926528633, 7375300.843407977372408 ], [ 5727465.494777688756585, 7375303.565665511414409 ], [ 5727473.002371164038777, 7375306.540424199774861 ], [ 5727493.322350808419287, 7375310.216846368275583 ], [ 5727498.942323658615351, 7375314.290073724463582 ], [ 5727501.26923147123307, 7375319.978189887478948 ], [ 5727500.644588152877986, 7375325.924827970564365 ], [ 5727494.822649657726288, 7375334.250816371291876 ], [ 5727493.669741642661393, 7375335.32388748601079 ], [ 5727473.764435479417443, 7375353.994269750081003 ], [ 5727471.185817796736956, 7375356.410696284845471 ], [ 5727466.378001868724823, 7375364.574577119201422 ], [ 5727464.569062391296029, 7375375.49116653483361 ], [ 5727462.267679893411696, 7375407.98492605984211 ], [ 5727460.724703662097454, 7375429.815284177660942 ], [ 5727461.783203048631549, 7375449.07182433642447 ], [ 5727459.407278265804052, 7375465.039253095164895 ], [ 5727455.402279820293188, 7375479.078701524063945 ], [ 5727448.0949138822034, 7375488.371478097513318 ], [ 5727437.838400567881763, 7375495.913576230406761 ], [ 5727429.146422429941595, 7375497.908725178800523 ], [ 5727407.562665259465575, 7375503.782208337448537 ], [ 5727392.747585837729275, 7375510.100132028572261 ], [ 5727385.318536664359272, 7375516.943412199616432 ], [ 5727379.590401511639357, 7375527.162075012922287 ], [ 5727376.985226977616549, 7375540.573747301474214 ], [ 5727377.002485141158104, 7375541.744833027943969 ], [ 5727377.455801287665963, 7375569.815459037199616 ], [ 5727377.480245253071189, 7375571.131285024806857 ], [ 5727378.765896760858595, 7375580.554481034167111 ], [ 5727383.484632422216237, 7375587.88709264062345 ], [ 5727385.777291269041598, 7375591.445104033686221 ], [ 5727392.058196535333991, 7375601.211292369291186 ], [ 5727400.856488617137074, 7375609.590979214757681 ], [ 5727412.024682546034455, 7375616.290142441168427 ], [ 5727426.05051736254245, 7375620.838050551712513 ], [ 5727444.791572446934879, 7375623.588711820542812 ], [ 5727482.614618291147053, 7375623.603918563574553 ], [ 5727499.445267501287162, 7375622.877939062193036 ], [ 5727531.087464959360659, 7375628.111642375588417 ], [ 5727536.765583288855851, 7375631.501153901219368 ], [ 5727546.040522525086999, 7375638.361435042694211 ], [ 5727547.31823946069926, 7375640.418512483127415 ], [ 5727552.559768395498395, 7375648.807740446180105 ], [ 5727554.799517917446792, 7375660.973825735971332 ], [ 5727555.151585817337036, 7375674.238387448713183 ], [ 5727552.452498477883637, 7375685.757361063733697 ], [ 5727544.254948879592121, 7375695.652540970593691 ], [ 5727517.998711888678372, 7375714.482644656673074 ], [ 5727454.071360647678375, 7375756.951994225382805 ], [ 5727439.529349600896239, 7375766.716328751295805 ], [ 5727427.292092538438737, 7375781.723425736650825 ], [ 5727424.018835470080376, 7375787.857636006549001 ], [ 5727420.745574802160263, 7375793.991844803094864 ], [ 5727413.767746944911778, 7375816.103730712085962 ], [ 5727409.054740192368627, 7375841.830817521549761 ], [ 5727408.361645432189107, 7375863.696954155340791 ], [ 5727410.737538997083902, 7375884.785354942083359 ], [ 5727413.630716062150896, 7375899.82087622769177 ], [ 5727422.753373173065484, 7375920.908436125144362 ], [ 5727428.730898344889283, 7375938.357615269720554 ], [ 5727430.791142588481307, 7375948.970031322911382 ], [ 5727428.579585129395127, 7375960.018217697739601 ], [ 5727425.221159017644823, 7375968.556347230449319 ], [ 5727419.564619552344084, 7375980.222385626286268 ], [ 5727420.354477597400546, 7375992.014145309105515 ], [ 5727424.718349067494273, 7375999.60999078117311 ], [ 5727435.628136109560728, 7376009.335655100643635 ], [ 5727452.998465241864324, 7376021.530218623578548 ], [ 5727464.260898998938501, 7376030.122188281267881 ], [ 5727474.985258082859218, 7376034.053143344819546 ], [ 5727486.519297645427287, 7376033.702477259561419 ], [ 5727497.049600438214839, 7376029.606872353702784 ], [ 5727504.32721908763051, 7376021.766618605703115 ], [ 5727516.732999328523874, 7376008.090486686676741 ], [ 5727525.804347378201783, 7375997.25899607501924 ], [ 5727548.774713594466448, 7375988.414594516158104 ], [ 5727579.633211888372898, 7375981.967956587672234 ], [ 5727616.794340368360281, 7375972.752072565257549 ], [ 5727646.302570417523384, 7375967.935077277012169 ], [ 5727668.794975323602557, 7375970.052448868751526 ], [ 5727683.362441251054406, 7375981.381763089448214 ], [ 5727694.926031732931733, 7375993.976722716353834 ], [ 5727706.962588209658861, 7375999.628044155426323 ], [ 5727727.032255452126265, 7376000.303329259157181 ], [ 5727734.734876911155879, 7375996.906346568837762 ], [ 5727747.769514263607562, 7375987.663230080157518 ], [ 5727767.156536227092147, 7375976.652905903756618 ], [ 5727788.310922751203179, 7375970.353999353945255 ], [ 5727803.755493548698723, 7375968.469034654088318 ], [ 5727822.118559511378407, 7375965.657464541494846 ], [ 5727836.854843588545918, 7375963.919336975552142 ], [ 5727841.826278080232441, 7375961.104708475992084 ], [ 5727846.797710568644106, 7375958.290077824145555 ], [ 5727849.686648799106479, 7375953.68166690506041 ], [ 5727852.575584730133414, 7375949.073254935443401 ], [ 5727856.142539475113153, 7375936.506437031552196 ], [ 5727858.812455659732223, 7375916.171238143928349 ], [ 5727861.230737704783678, 7375907.233274517580867 ], [ 5727866.082875831052661, 7375899.959976281970739 ], [ 5727872.666125000454485, 7375894.609557099640369 ], [ 5727882.176498535089195, 7375890.564395163208246 ], [ 5727908.533700012601912, 7375881.997163070365787 ], [ 5727926.462535159662366, 7375877.443528387695551 ], [ 5727937.002226477488875, 7375874.775745798833668 ], [ 5727938.872742932289839, 7375874.77190331928432 ], [ 5727980.032092055305839, 7375874.642266117036343 ], [ 5727990.192068425938487, 7375881.614574002102017 ], [ 5727991.732716113328934, 7375881.761088911443949 ], [ 5727998.544212648645043, 7375889.234973995946348 ], [ 5728000.993032153695822, 7375897.372556908987463 ], [ 5728004.087268397212029, 7375939.074161763302982 ], [ 5728008.531653441488743, 7375979.145927289500833 ], [ 5728012.537729863077402, 7375987.76404803711921 ], [ 5728020.267024067230523, 7375995.192239959724247 ], [ 5728027.193262130022049, 7375996.744812901131809 ], [ 5728035.03965475410223, 7375996.242490630596876 ], [ 5728041.262405005283654, 7375993.923555035144091 ], [ 5728060.226390073075891, 7375976.460167371667922 ], [ 5728075.58644959051162, 7375964.645360969938338 ], [ 5728086.138684367761016, 7375960.994645901024342 ], [ 5728103.61714558955282, 7375958.896457200869918 ], [ 5728113.428663784638047, 7375958.854300132021308 ], [ 5728119.021336770616472, 7375962.370703227818012 ], [ 5728121.863896345719695, 7375968.144757332280278 ], [ 5728123.149199951440096, 7375973.438287694938481 ], [ 5728122.552346155978739, 7375979.941705833189189 ], [ 5728119.918414588086307, 7375984.537494377233088 ], [ 5728109.174049933440983, 7375992.550798203796148 ], [ 5728102.11100859567523, 7375996.474226422607899 ], [ 5728099.835165229626, 7376000.047637660056353 ], [ 5728100.252494526095688, 7376006.388930382207036 ], [ 5728102.463466566987336, 7376009.738902328535914 ], [ 5728106.460162990726531, 7376011.995408347807825 ], [ 5728116.288314552977681, 7376012.287278305739164 ], [ 5728137.806263595819473, 7376005.076821338385344 ], [ 5728148.358517725020647, 7376001.426066227257252 ], [ 5728155.744843504391611, 7376001.951132293790579 ], [ 5728160.733613018877804, 7376003.60014034062624 ], [ 5728168.851129148155451, 7376008.553405623883009 ], [ 5728179.970137328840792, 7376014.250105999410152 ], [ 5728189.316094452515244, 7376015.124022280797362 ], [ 5728198.51818763371557, 7376013.103093065321445 ], [ 5728203.133859945461154, 7376009.301507648080587 ], [ 5728207.511594388633966, 7376000.712299587205052 ], [ 5728205.566994839347899, 7375992.437982223927975 ], [ 5728201.073071734979749, 7375984.290637530386448 ], [ 5728187.728856205008924, 7375972.900774825364351 ], [ 5728178.756048414856195, 7375963.07903709448874 ], [ 5728176.251799342222512, 7375953.828055437654257 ], [ 5728176.244695216417313, 7375945.457243053242564 ], [ 5728178.095229969359934, 7375937.440371904522181 ], [ 5728183.104539000429213, 7375931.275253904983401 ], [ 5728197.087983589619398, 7375928.993844325654209 ], [ 5728212.714526079595089, 7375926.451995654031634 ], [ 5728222.570295395329595, 7375927.300481831654906 ], [ 5728232.597612040117383, 7375931.600503526628017 ], [ 5728246.889625562354922, 7375941.492112325504422 ], [ 5728260.858390612527728, 7375961.33361620362848 ], [ 5728271.144281467422843, 7375977.005551248788834 ], [ 5728279.355903683230281, 7375983.851545048877597 ], [ 5728289.79352343082428, 7375986.122022941708565 ], [ 5728301.005016416311264, 7375985.451934034004807 ], [ 5728307.536001976579428, 7375981.108434326946735 ], [ 5728311.139796999283135, 7375975.459739131852984 ], [ 5728311.736567350104451, 7375968.956291565671563 ], [ 5728309.617988476529717, 7375959.239630537107587 ], [ 5728304.721653210930526, 7375951.223963107913733 ], [ 5728291.707786047831178, 7375938.255098536610603 ], [ 5728287.141875801607966, 7375928.660349174402654 ], [ 5728286.020897759124637, 7375918.447533627040684 ], [ 5728288.893446047790349, 7375908.37063367664814 ], [ 5728295.862308979034424, 7375902.554310405626893 ], [ 5728307.018393509089947, 7375900.770798391662538 ], [ 5728318.329440421424806, 7375902.10480278916657 ], [ 5728330.10220642760396, 7375910.670833067968488 ], [ 5728336.9637007471174, 7375919.14667496830225 ], [ 5728342.864839331246912, 7375935.037010673433542 ], [ 5728348.320868326351047, 7375944.029332130216062 ], [ 5728358.721405418589711, 7375953.779874985106289 ], [ 5728368.462653574533761, 7375960.549627157859504 ], [ 5728372.461060550063848, 7375971.065570794045925 ], [ 5728373.152058891020715, 7375980.853355335071683 ], [ 5728370.553081694990396, 7375994.376750655472279 ], [ 5728370.150043115951121, 7376004.777116609737277 ], [ 5728372.169035126455128, 7376012.489655829966068 ], [ 5728375.687602636404335, 7376021.578498716466129 ], [ 5728396.194785073399544, 7376045.447252629324794 ], [ 5728403.252417083829641, 7376055.810795109719038 ], [ 5728404.329174689948559, 7376065.132901959121227 ], [ 5728407.566491238772869, 7376087.07160521671176 ], [ 5728408.414130140095949, 7376108.23642934858799 ], [ 5728411.164391878992319, 7376120.3771848147735 ], [ 5728416.210244784131646, 7376131.399035601876676 ], [ 5728422.614138484932482, 7376138.893133591860533 ], [ 5728430.244075762107968, 7376144.317061657086015 ], [ 5728479.292319538071752, 7376162.410863913595676 ], [ 5728487.024262309074402, 7376167.829691208899021 ], [ 5728505.544418407604098, 7376190.792857624590397 ], [ 5728519.650327431038022, 7376205.158261548727751 ], [ 5728526.34041600394994, 7376210.182522686198354 ], [ 5728535.78616061527282, 7376213.060390940867364 ], [ 5728544.174878895282745, 7376212.977278609760106 ], [ 5728565.195050474256277, 7376206.237507112324238 ], [ 5728570.858135798946023, 7376202.941693387925625 ], [ 5728576.329212380573153, 7376204.008484850637615 ], [ 5728580.527646481059492, 7376208.263947129249573 ], [ 5728582.854994390159845, 7376213.952037272974849 ], [ 5728582.330257532186806, 7376221.90295089315623 ], [ 5728580.303141596727073, 7376228.421900786459446 ], [ 5728578.276022841222584, 7376234.940849886275828 ], [ 5728564.838620943017304, 7376254.585167549550533 ], [ 5728560.050722806714475, 7376265.204047275707126 ], [ 5728554.661177603527904, 7376271.946326714940369 ], [ 5728538.445667436346412, 7376278.893136515282094 ], [ 5728531.600608525797725, 7376284.323877985589206 ], [ 5728530.479052815586329, 7376285.205716896802187 ], [ 5728526.007260173559189, 7376291.902255069464445 ], [ 5728523.0429497519508, 7376298.077220822684467 ], [ 5728520.989705446176231, 7376305.099725160747766 ], [ 5728518.936457990668714, 7376312.122228656895459 ], [ 5728512.773000245913863, 7376321.805060493759811 ], [ 5728506.010426076129079, 7376340.000568519346416 ], [ 5728505.803451815620065, 7376352.288665261119604 ], [ 5728508.409862142056227, 7376361.534580130130053 ], [ 5728511.968776016496122, 7376365.263846886344254 ], [ 5728518.997212038375437, 7376366.811171300709248 ], [ 5728528.265926021151245, 7376366.126172824762762 ], [ 5728530.842570791020989, 7376364.490983854979277 ], [ 5728533.41921494808048, 7376362.855794290080667 ], [ 5728538.664906527847052, 7376353.218680197373033 ], [ 5728545.942657323554158, 7376320.710589857771993 ], [ 5728550.650763547979295, 7376310.542165571823716 ], [ 5728564.35247952491045, 7376302.381202953867614 ], [ 5728575.486719174310565, 7376300.152200642973185 ], [ 5728583.813134831376374, 7376301.076733710244298 ], [ 5728594.888212703168392, 7376305.882500101812184 ], [ 5728600.294633839279413, 7376313.872737349942327 ], [ 5728601.087993243709207, 7376318.521098781377077 ], [ 5728601.88135262299329, 7376323.169460281729698 ], [ 5728601.378742986358702, 7376331.565737978555262 ], [ 5728598.120457577519119, 7376342.108414458110929 ], [ 5728588.847206107340753, 7376354.011138737201691 ], [ 5728579.573936522006989, 7376365.913853207603097 ], [ 5728579.093445182777941, 7376374.755488528870046 ], [ 5728580.396672847680748, 7376379.378446025773883 ], [ 5728581.699900812469423, 7376384.001403601840138 ], [ 5728588.79797384981066, 7376389.00533982552588 ], [ 5728599.767936076037586, 7376391.695647687651217 ], [ 5728609.356000252999365, 7376389.208828122355044 ], [ 5728627.984088864177465, 7376373.212439795956016 ], [ 5728632.966623490676284, 7376370.62022839859128 ], [ 5728637.954692050814629, 7376368.139355590566993 ], [ 5728643.789447719231248, 7376368.295089166611433 ], [ 5728648.470130895264447, 7376371.968439407646656 ], [ 5728649.195906698703766, 7376376.285321301780641 ], [ 5728648.210413257591426, 7376378.053321582265198 ], [ 5728636.357750007882714, 7376399.348777649924159 ], [ 5728628.493603175505996, 7376413.480612440034747 ], [ 5728626.766705439426005, 7376416.580302136018872 ], [ 5728622.86185185983777, 7376432.624405270442367 ], [ 5728621.081018693745136, 7376444.098016511648893 ], [ 5728622.935774286277592, 7376456.729882654733956 ], [ 5728622.224513696506619, 7376469.154749991372228 ], [ 5728619.038136458955705, 7376481.144854262471199 ], [ 5728615.901568216271698, 7376494.13702236674726 ], [ 5728615.975443094968796, 7376518.242495434358716 ], [ 5728620.341909010894597, 7376548.496237566694617 ], [ 5728623.465041399002075, 7376590.754887766204774 ], [ 5728627.672474279999733, 7376611.640775594860315 ], [ 5728626.955627741292119, 7376623.954299675300717 ], [ 5728622.297209637239575, 7376635.124798394739628 ], [ 5728611.530358294025064, 7376642.693041201680899 ], [ 5728599.908097358420491, 7376645.39276765473187 ], [ 5728579.931555652990937, 7376646.611199088394642 ], [ 5728545.604656353592873, 7376653.232360269874334 ], [ 5728518.636726428754628, 7376659.821709520183504 ], [ 5728497.926590702496469, 7376673.019492860883474 ], [ 5728489.098820991814137, 7376688.750622386112809 ], [ 5728488.079053238965571, 7376696.00065637473017 ], [ 5728487.05928320158273, 7376703.250689977779984 ], [ 5728489.234836162999272, 7376722.340294614434242 ], [ 5728493.26337806135416, 7376731.403769562020898 ], [ 5728501.475400921888649, 7376738.24977433308959 ], [ 5728510.921439675614238, 7376741.127744375728071 ], [ 5728525.69485545437783, 7376742.177717017009854 ], [ 5728540.057996955700219, 7376745.25720464810729 ], [ 5728542.879406180232763, 7376747.516410573385656 ], [ 5728545.700816168449819, 7376749.775616189464927 ], [ 5728549.175229440443218, 7376757.973761746659875 ], [ 5728549.586890237405896, 7376765.844523230567575 ], [ 5728550.264424668624997, 7376778.858710616827011 ], [ 5728550.941956128925085, 7376791.872898112051189 ], [ 5728551.474255243316293, 7376802.170884023420513 ], [ 5728554.582665795460343, 7376813.28928570728749 ], [ 5728561.466660753823817, 7376822.210524139925838 ], [ 5728576.878958492539823, 7376834.055427669547498 ], [ 5728592.487340088002384, 7376847.78803239390254 ], [ 5728612.348105438984931, 7376873.028513779863715 ], [ 5728623.018082874827087, 7376890.243988402187824 ], [ 5728646.15488507039845, 7376909.405590793117881 ], [ 5728668.581061812117696, 7376930.723290311172605 ], [ 5728679.851932813413441, 7376947.685588161461055 ], [ 5728683.330432528629899, 7376962.134057519957423 ], [ 5728683.399273669347167, 7376970.100046020001173 ], [ 5728683.420634725131094, 7376972.175048721954226 ], [ 5728680.405958652496338, 7376979.602627840824425 ], [ 5728679.960496252402663, 7376980.718661172315478 ], [ 5728674.908952161669731, 7376983.983959474600852 ], [ 5728686.279472219757736, 7377002.950398294255137 ], [ 5728697.479866670444608, 7377009.033604054711759 ], [ 5728733.749581689946353, 7377026.670290902256966 ], [ 5728756.539975864812732, 7377026.930064698681235 ], [ 5728806.519507372751832, 7377031.616882694885135 ], [ 5728839.948689571581781, 7377027.484510654583573 ], [ 5728883.04654630087316, 7377015.693300092592835 ], [ 5728928.286579867824912, 7376985.099332662299275 ], [ 5728967.21499168779701, 7376949.90856812056154 ], [ 5728960.475090149790049, 7376921.893706264905632 ], [ 5728957.442804471589625, 7376896.071514005772769 ], [ 5728960.374801338650286, 7376875.67803392931819 ], [ 5728976.555933641269803, 7376857.749500909820199 ], [ 5728993.791370468214154, 7376852.593212928622961 ], [ 5729012.298999219201505, 7376818.955724993720651 ], [ 5729024.05990400351584, 7376795.197758613154292 ], [ 5729027.097007635049522, 7376778.359580641612411 ], [ 5729027.645509077236056, 7376774.793970234692097 ], [ 5729039.345507571473718, 7376777.972283191047609 ], [ 5729077.134839084930718, 7376797.38520579226315 ], [ 5729080.223853509873152, 7376801.528497153893113 ], [ 5729084.010469528846443, 7376804.487354028970003 ], [ 5729112.974797444418073, 7376826.315761563368142 ], [ 5729122.725019359961152, 7376833.866176668554544 ], [ 5729129.926439322531223, 7376838.474164457991719 ], [ 5729137.329353272914886, 7376840.761621069163084 ], [ 5729143.458675611764193, 7376842.108006723225117 ], [ 5729150.729777195490897, 7376841.745529279112816 ], [ 5729157.474174253642559, 7376840.248482183553278 ], [ 5729163.867673288099468, 7376837.451836476102471 ], [ 5729171.783881824463606, 7376834.233259953558445 ], [ 5729228.552354606799781, 7376811.200209241360426 ], [ 5729231.04799444694072, 7376809.580102590844035 ], [ 5729234.268037997186184, 7376807.109067511744797 ], [ 5729236.512109782546759, 7376803.514704626053572 ], [ 5729239.093574915081263, 7376796.633115814998746 ], [ 5729241.462997383438051, 7376789.393759056925774 ], [ 5729243.955943741835654, 7376784.63732073828578 ], [ 5729246.964847024530172, 7376781.004820073023438 ], [ 5729251.289071298204362, 7376776.480763827450573 ], [ 5729254.347271587699652, 7376773.839201862923801 ], [ 5729259.364011561498046, 7376771.111146336421371 ], [ 5729270.830698563717306, 7376766.722069276496768 ], [ 5729298.062554496340454, 7376757.629088323563337 ], [ 5729419.906782961450517, 7376716.638762133195996 ], [ 5729440.791745187714696, 7376709.636734014376998 ], [ 5729445.449489480815828, 7376708.734720729291439 ], [ 5729458.412572205066681, 7376707.094780534505844 ], [ 5729467.75311890617013, 7376704.150982561521232 ], [ 5729468.696712086908519, 7376707.910107714124024 ], [ 5729471.968166393227875, 7376712.635826317593455 ], [ 5729476.786607150919735, 7376714.962722800672054 ], [ 5729483.391444902867079, 7376716.620101969689131 ], [ 5729489.212401498109102, 7376716.08420741558075 ], [ 5729495.267030506394804, 7376714.286528367549181 ], [ 5729499.981650760397315, 7376711.651574110612273 ], [ 5729503.590365201234818, 7376708.569495737552643 ], [ 5729547.962460656650364, 7376729.595200097188354 ], [ 5729584.272303603589535, 7376746.792637575417757 ], [ 5729599.746385892853141, 7376756.780775469727814 ], [ 5729625.272227733395994, 7376783.657673753798008 ], [ 5729640.158440264873207, 7376793.541173463687301 ], [ 5729670.7388503132388, 7376796.268283472396433 ], [ 5729696.534695364534855, 7376797.760666571557522 ], [ 5729750.672972958534956, 7376783.105215508490801 ], [ 5729851.801160051487386, 7376766.071283863857388 ], [ 5729868.525778057985008, 7376760.928192660212517 ], [ 5729844.16833561938256, 7376710.50857231579721 ], [ 5729818.839875493198633, 7376659.67977490182966 ], [ 5729794.948198065161705, 7376609.370869618840516 ], [ 5729781.699744757264853, 7376583.924239052459598 ], [ 5729775.144973035901785, 7376571.158391715958714 ], [ 5729773.04427255038172, 7376565.514828812330961 ], [ 5729771.203825526870787, 7376559.143916701897979 ], [ 5729758.930232090875506, 7376552.043480079621077 ], [ 5729733.275204072706401, 7376504.914424207992852 ], [ 5729694.187130166217685, 7376487.554721212014556 ], [ 5729676.82303623482585, 7376432.209798380732536 ], [ 5729645.453013789840043, 7376426.95509668905288 ], [ 5729573.52930860221386, 7376305.072859573177993 ], [ 5729603.688699311576784, 7376281.088080443441868 ], [ 5729658.254748137667775, 7376238.517452826723456 ], [ 5729711.642098991200328, 7376196.507632254622877 ], [ 5729752.349814400076866, 7376168.189784586429596 ], [ 5729777.565975539386272, 7376168.326540710404515 ], [ 5729792.971608086489141, 7376166.887941431254148 ], [ 5729796.411129172891378, 7376166.571170162409544 ], [ 5729830.28522043582052, 7376138.571778262965381 ], [ 5729816.803850852884352, 7376121.173487313091755 ], [ 5729826.031264908611774, 7376112.888401482254267 ], [ 5729816.16399641521275, 7376102.989139288663864 ], [ 5729799.031729682348669, 7376083.920192127116024 ], [ 5729780.356381140649319, 7376061.166684494353831 ], [ 5729765.540922087617218, 7376043.868457436561584 ], [ 5729739.516838528215885, 7376013.545582704246044 ], [ 5729728.531771712936461, 7376000.699531987309456 ], [ 5729720.700657160021365, 7375991.245559900999069 ], [ 5729717.25331203173846, 7375987.298863821662962 ], [ 5729709.764506509527564, 7375978.765407096594572 ], [ 5729701.990254688076675, 7375968.605393622070551 ], [ 5729693.40095055103302, 7375956.242511818185449 ], [ 5729685.897537402808666, 7375952.341974519193172 ], [ 5729675.35353350546211, 7375947.119808142073452 ], [ 5729658.339725379832089, 7375938.22455446049571 ], [ 5729630.576909681782126, 7375924.095006724819541 ], [ 5729622.133717494085431, 7375920.207860751077533 ], [ 5729613.888117524795234, 7375914.335195354185998 ], [ 5729607.388707593083382, 7375909.246015593409538 ], [ 5729601.781312613748014, 7375902.772893423214555 ], [ 5729597.530252883210778, 7375895.61818225029856 ], [ 5729594.296661888249218, 7375886.314261339604855 ], [ 5729592.356912162154913, 7375877.537355327047408 ], [ 5729592.234999109990895, 7375866.671756286174059 ], [ 5729594.776710047386587, 7375852.637199448421597 ], [ 5729599.755246482789516, 7375840.322746329009533 ], [ 5729603.841647694818676, 7375828.979247333481908 ], [ 5729609.563836051151156, 7375814.149732620455325 ], [ 5729589.684990049339831, 7375820.387860952876508 ], [ 5729581.06144317612052, 7375823.552866323851049 ], [ 5729569.765615358017385, 7375829.507747177965939 ], [ 5729560.178390049375594, 7375836.928857563063502 ], [ 5729551.67953581083566, 7375847.320518920198083 ], [ 5729544.791305676102638, 7375859.674426273442805 ], [ 5729535.90822703205049, 7375882.675842238590121 ], [ 5729500.146470418199897, 7375869.469864573329687 ], [ 5729483.414433570578694, 7375922.285530822351575 ], [ 5729476.655338960699737, 7375924.710036654025316 ], [ 5729446.209557123482227, 7375913.973336223512888 ], [ 5729441.962356655858457, 7375908.537337104789913 ], [ 5729445.76143514085561, 7375889.160562968812883 ], [ 5729440.327814759686589, 7375883.917700903490186 ], [ 5729399.483831597492099, 7375870.060963228344917 ], [ 5729197.919780342839658, 7375800.096570389345288 ], [ 5729194.462186825461686, 7375796.351234221830964 ], [ 5729165.149315309710801, 7375784.541879441589117 ], [ 5729172.92100618313998, 7375764.464853452518582 ], [ 5729152.417769554071128, 7375765.141453372314572 ], [ 5729140.832918024621904, 7375725.235438719391823 ], [ 5729136.930042920634151, 7375667.96920772921294 ], [ 5729137.738764149136841, 7375659.981677715666592 ], [ 5729126.57566392980516, 7375656.0737334638834 ], [ 5729122.902266246266663, 7375658.466979899443686 ], [ 5729115.089742063544691, 7375661.289899457246065 ], [ 5729111.221380944363773, 7375663.257556233555079 ], [ 5729104.21536585688591, 7375659.075292719528079 ], [ 5729099.506554364226758, 7375657.301019269041717 ], [ 5729097.726947221904993, 7375657.077245151624084 ], [ 5729026.745771091431379, 7375647.892757464200258 ], [ 5728938.763641188852489, 7375455.219474490731955 ], [ 5728936.418078867718577, 7375451.016845054924488 ], [ 5728929.525171350687742, 7375444.585394065827131 ], [ 5728919.8823062479496, 7375438.97193874605 ], [ 5728897.552378766238689, 7375427.785198351368308 ], [ 5728883.099939596839249, 7375421.451646864414215 ], [ 5728867.547130268067122, 7375415.396188092418015 ], [ 5728852.738069510087371, 7375407.852607365697622 ], [ 5728842.212863667868078, 7375398.063981810584664 ], [ 5728836.518918488174677, 7375391.896415220573545 ], [ 5728821.159557674080133, 7375370.003956941887736 ], [ 5728802.486427206546068, 7375340.061697907745838 ], [ 5728793.295811584219337, 7375321.75709930434823 ], [ 5728781.433255259878933, 7375285.2916748104617 ], [ 5728777.679164101369679, 7375269.830131730996072 ], [ 5728777.000947440974414, 7375265.443909164518118 ], [ 5728776.884968895465136, 7375262.290926869027317 ], [ 5728777.681636647321284, 7375252.004750927910209 ], [ 5728774.527079554274678, 7375245.922641197219491 ], [ 5728772.773790382780135, 7375240.473851393908262 ], [ 5728767.400328659452498, 7375207.256636843085289 ], [ 5728765.899990528821945, 7375200.522800344973803 ], [ 5728763.674001761712134, 7375194.818538147956133 ], [ 5728760.016387788578868, 7375188.281559616327286 ], [ 5728752.122267330996692, 7375186.788836553692818 ], [ 5728748.124511684291065, 7375185.53714357316494 ], [ 5728744.423467718996108, 7375183.879995928145945 ], [ 5728718.650165751576424, 7375167.987168991006911 ], [ 5728680.267080913297832, 7375145.601836409419775 ], [ 5728676.683983093127608, 7375143.849503550678492 ], [ 5728643.113193200901151, 7375137.85510022379458 ], [ 5728595.207635985687375, 7375133.021706513129175 ], [ 5728583.565676791593432, 7375133.244891235604882 ], [ 5728578.41686590295285, 7375134.53959474619478 ], [ 5728575.033842781558633, 7375136.192739381454885 ], [ 5728576.206499102525413, 7375142.094614466652274 ], [ 5728578.769882623106241, 7375148.418276125565171 ], [ 5728627.451855216175318, 7375237.494876960292459 ], [ 5728629.941214554011822, 7375244.179404531605542 ], [ 5728634.819154091179371, 7375266.00287620536983 ], [ 5728632.501524625346065, 7375272.223850449547172 ], [ 5728631.527588276192546, 7375276.893336854875088 ], [ 5728629.565024647861719, 7375302.171917682513595 ], [ 5728626.400524591095746, 7375307.397068133577704 ], [ 5728619.794308423064649, 7375321.522213120013475 ], [ 5728617.346379766240716, 7375325.740573344752192 ], [ 5728600.793106651864946, 7375350.328913563862443 ], [ 5728581.49464983958751, 7375376.449258705601096 ], [ 5728574.71346378326416, 7375383.975375412032008 ], [ 5728554.838979976251721, 7375402.009842231869698 ], [ 5728551.642384234815836, 7375404.535439535975456 ], [ 5728542.552090318873525, 7375410.234495068900287 ], [ 5728537.799930898472667, 7375412.313021904788911 ], [ 5728524.870651438832283, 7375417.076075172051787 ], [ 5728516.367042189463973, 7375418.950908232480288 ], [ 5728508.037375839427114, 7375419.80135684274137 ], [ 5728503.120715836063027, 7375419.599931446835399 ], [ 5728497.252236402593553, 7375418.553010010160506 ], [ 5728495.933737316168845, 7375413.417395703494549 ], [ 5728495.38208276219666, 7375408.90210023522377 ], [ 5728488.187595468945801, 7375297.53260946366936 ], [ 5728484.938607072457671, 7375256.251353401690722 ], [ 5728483.790034969337285, 7375250.627322003245354 ], [ 5728481.720430674031377, 7375244.982225970365107 ], [ 5728479.799496164545417, 7375241.093260020017624 ], [ 5728476.909774797968566, 7375236.839598394930363 ], [ 5728462.96005177590996, 7375229.096656404435635 ], [ 5728432.261385563760996, 7375214.464599977247417 ], [ 5728397.086129267700016, 7375196.349936476908624 ], [ 5728391.547037382610142, 7375192.674767848104239 ], [ 5728388.003832507878542, 7375189.257303524762392 ], [ 5728385.48297876957804, 7375185.431717390194535 ], [ 5728383.026813531294465, 7375180.029118613339961 ], [ 5728382.123088848777115, 7375177.272589007392526 ], [ 5728373.94154442474246, 7375141.014393686316907 ], [ 5728366.979921513237059, 7375115.310108738020062 ], [ 5728364.012131743133068, 7375108.046695334836841 ], [ 5728362.115594988688827, 7375104.647623845376074 ], [ 5728359.860468048602343, 7375102.259807081893086 ], [ 5728355.914170189760625, 7375099.163795754313469 ], [ 5728352.376985771581531, 7375097.922547332942486 ], [ 5728348.015716404654086, 7375097.581811069510877 ], [ 5728344.723851737566292, 7375097.779345698654652 ], [ 5728340.43977127596736, 7375098.785315994173288 ], [ 5728273.390297645702958, 7375126.257913745008409 ], [ 5728266.581567515619099, 7375128.706728654913604 ], [ 5728260.107397778891027, 7375129.86644734069705 ], [ 5728255.441472182050347, 7375128.949298033490777 ], [ 5728248.942321940325201, 7375126.728293859399855 ], [ 5728232.328254365362227, 7375113.090706538408995 ], [ 5728216.980518348515034, 7375096.755879521369934 ], [ 5728209.598609543405473, 7375090.348608639091253 ], [ 5728207.270095177926123, 7375088.745744766667485 ], [ 5728154.214471247978508, 7375042.20013680960983 ], [ 5728146.180025517940521, 7375035.825362581759691 ], [ 5728143.351103313267231, 7375034.437171829864383 ], [ 5728138.928186505101621, 7375033.0614278241992 ], [ 5728131.227811648510396, 7375032.17265738081187 ], [ 5728126.672366550192237, 7375032.243355112150311 ], [ 5728117.709703014232218, 7375033.515841114334762 ], [ 5728098.201475244015455, 7375043.082144604995847 ], [ 5728091.036712573841214, 7375048.238555917516351 ], [ 5728088.10857461951673, 7375050.817650970071554 ], [ 5728084.747216350398958, 7375054.757714017294347 ], [ 5728083.123777803964913, 7375057.673625582829118 ], [ 5728081.879678912460804, 7375061.229170594364405 ], [ 5728081.097256468608975, 7375069.137044867500663 ], [ 5728081.873599187470973, 7375078.585690358653665 ], [ 5728084.512290889397264, 7375087.662519736215472 ], [ 5728093.091053512878716, 7375113.007178426720202 ], [ 5728095.31918069999665, 7375121.021791554987431 ], [ 5728096.027942326851189, 7375124.792573540471494 ], [ 5728096.258924225345254, 7375131.701231474988163 ], [ 5728095.209567368030548, 7375140.202805299311876 ], [ 5728093.242128894664347, 7375144.218522997573018 ], [ 5728088.886463295668364, 7375149.748407498002052 ], [ 5728085.514305343851447, 7375152.237998974509537 ], [ 5728075.016973587684333, 7375158.419837785884738 ], [ 5728071.920106286183, 7375159.455871233716607 ], [ 5728064.154013599269092, 7375160.947730783373117 ], [ 5728059.117941634729505, 7375161.220922436565161 ], [ 5727992.198344070464373, 7375159.442331197671592 ], [ 5727962.271723131649196, 7375149.224497253075242 ], [ 5727946.363651094026864, 7375143.822192031890154 ], [ 5727939.02343475446105, 7375140.102667865343392 ], [ 5727934.673782082274556, 7375137.115952585823834 ], [ 5727932.166336920112371, 7375134.997373887337744 ], [ 5727969.953845832496881, 7375071.17996141128242 ], [ 5727983.820128297433257, 7375023.164380326867104 ], [ 5727994.340165170840919, 7375002.83978926949203 ], [ 5727997.753355233930051, 7374996.240722300484776 ], [ 5727983.461718806996942, 7374968.859053207561374 ], [ 5727981.097936296835542, 7374961.610188668593764 ], [ 5727979.817274011671543, 7374953.32515580393374 ], [ 5727976.427404370158911, 7374951.138932468369603 ] ] ], [ [ [ 5729275.668422152288258, 7375664.274580171331763 ], [ 5729265.047844792716205, 7375667.159533895552158 ], [ 5729246.635921715758741, 7375670.622891259379685 ], [ 5729236.586812876164913, 7375668.969942515715957 ], [ 5729232.343610643409193, 7375673.880727602168918 ], [ 5729214.339785712771118, 7375670.961453270167112 ], [ 5729209.865936802700162, 7375665.693005207926035 ], [ 5729197.973271040245891, 7375664.790538009256124 ], [ 5729184.241273274645209, 7375657.740360271185637 ], [ 5729177.233469167724252, 7375652.084856802597642 ], [ 5729161.086577299050987, 7375641.494048718363047 ], [ 5729152.461803460493684, 7375630.46107342094183 ], [ 5729138.7761952271685, 7375642.417085830122232 ], [ 5729139.31751330383122, 7375644.667091839946806 ], [ 5729164.286611206829548, 7375658.345013279467821 ], [ 5729175.060101913288236, 7375669.828903891146183 ], [ 5729189.783760106191039, 7375680.167007083073258 ], [ 5729207.158134733326733, 7375686.254177389666438 ], [ 5729231.934947300702333, 7375691.547936411574483 ], [ 5729242.819566312246025, 7375692.735066392458975 ], [ 5729257.204115866683424, 7375692.151460131630301 ], [ 5729267.721194381825626, 7375690.678070465102792 ], [ 5729279.618745946325362, 7375685.106389604508877 ], [ 5729294.256627980619669, 7375675.647617572918534 ], [ 5729319.929007058031857, 7375658.271524906158447 ], [ 5729340.216957646422088, 7375643.005704563111067 ], [ 5729351.954126655124128, 7375632.776297388598323 ], [ 5729340.905293047428131, 7375633.628904646262527 ], [ 5729332.989976432174444, 7375638.287624192424119 ], [ 5729301.014759592711926, 7375655.95586593542248 ], [ 5729289.041403334587812, 7375655.280733354389668 ], [ 5729275.668422152288258, 7375664.274580171331763 ] ] ] ] } },
{ "type": "Feature", "properties": { "lv_id": "LOC_051263", "id": 283901.0, "CD_SETOR": "351060910000110", "SITUACAO": "Urbana", "CD_SIT": "2", "CD_TIPO": "0", "AREA_KM2": 0.46942732081460398, "CD_REGIAO": "3", "NM_REGIAO": "Sudeste", "CD_UF": "35", "NM_UF": "São Paulo", "CD_MUN": "3510609", "NM_MUN": "Carapicuíba", "CD_DIST": "351060910", "NM_DIST": "Aldeia de Carapicuíba", "CD_SUBDIST": "35106091000", "NM_SUBDIST": null, "CD_BAIRRO": null, "NM_BAIRRO": null, "CD_NU": null, "NM_NU": null, "CD_FCU": "35106090091", "NM_FCU": "Chácara La Roca", "CD_AGLOM": null, "NM_AGLOM": null, "CD_RGINT": "3501", "NM_RGINT": "São Paulo", "CD_RGI": "350001", "NM_RGI": "São Paulo", "CD_CONCURB": "3550308", "NM_CONCURB": "São Paulo/SP", "mun_code_x": "3510609", "index_right": 82539, "dist_m": 346.74489218100149, "local_id": 556448, "ano": 2022, "cod_localidade_ibge": 3510609, "NR_ZONA": "388", "nr_cep": 6363390.0, "nm_localidade": "CARAPICUÍBA", "nm_locvot": "EMEF. DEPUTADO JOÃO HORNOS FILHO", "ds_endereco": "RUA CAPANEMA, 75", "ds_bairro": "VILA CRISTINA", "pred_long": -46.8435107, "pred_lat": -23.5684346, "pred_dist": 0.0, "tse_long": -46.8431967, "tse_lat": -23.5684192, "long": -46.8431967, "lat": -23.5684192, "ID_UNICO": "LOC_051263", "SG_UF": "SP", "CD_MUNICIPIO": "63134", "NR_LOCAL_VOTACAO": "1422", "QT_SECOES_AGREGADAS": 0, "QT_ELEITORES_TRANSFERIDOS": 32, "CIRO GOMES (PDT) (NÃO ELEITO) 1T": 129.0, "CONSTITUINTE EYMAEL (DC) (NÃO ELEITO) 1T": 1.0, "FELIPE D AVILA (NOVO) (NÃO ELEITO) 1T": 35.0, "JAIR BOLSONARO (PL) (2º TURNO) 1T": 1175.0, "LULA (PT) (2º TURNO) 1T": 1505.0, "LÉO PÉRICLES (UP) (NÃO ELEITO) 1T": 4.0, "PADRE KELMON (PTB) (NÃO ELEITO) 1T": 2.0, "SIMONE TEBET (MDB) (NÃO ELEITO) 1T": 245.0, "SOFIA MANZANO (PCB) (NÃO ELEITO) 1T": 3.0, "SORAYA THRONICKE (UNIÃO) (NÃO ELEITO) 1T": 20.0, "VERA (PSTU) (NÃO ELEITO) 1T": 1.0, "Total_Votos_Validos 1T": 3120.0, "Votos_Brancos 1T": 72.0, "Votos_Nulos 1T": 86.0, "Abstenções 1T": 924.0, "Eleitores_Aptos 1T": 4202.0, "JAIR BOLSONARO (PL) (NÃO ELEITO) 2T": 1439.0, "LULA (PT) (ELEITO) 2T": 1648.0, "Total_Votos_Validos 2T": 3087.0, "Votos_Brancos 2T": 83.0, "Votos_Nulos 2T": 104.0, "Abstenções 2T": 928.0, "Eleitores_Aptos 2T": 4202.0, "mun_code_y": "3510609", "mun_code": "3510609" }, "geometry": { "type": "Polygon", "coordinates": [ [ [ 5729582.261973973363638, 7372802.706884056329727 ], [ 5729556.8671965142712, 7372801.743379607796669 ], [ 5729536.326649270951748, 7372805.895034059882164 ], [ 5729523.440255605615675, 7372810.847399473190308 ], [ 5729494.609010311774909, 7372821.931791748851538 ], [ 5729482.374486370943487, 7372825.199577732011676 ], [ 5729470.139957264065742, 7372828.467352290637791 ], [ 5729463.240897546522319, 7372830.307721736840904 ], [ 5729417.962463235482574, 7372832.938046997413039 ], [ 5729408.810066405683756, 7372829.55555584654212 ], [ 5729383.529734756797552, 7372820.225754187442362 ], [ 5729368.328593908809125, 7372814.622805885970592 ], [ 5729354.100516551174223, 7372810.087430630810559 ], [ 5729321.033623470924795, 7372790.531526185572147 ], [ 5729269.184216725639999, 7372750.929357690736651 ], [ 5729244.292274474166334, 7372729.290753556415439 ], [ 5729230.074003607966006, 7372720.848148614168167 ], [ 5729218.03901631757617, 7372715.198581092059612 ], [ 5729201.842136674560606, 7372714.221618236042559 ], [ 5729186.732244784943759, 7372714.753014054149389 ], [ 5729174.176240224391222, 7372718.951885314658284 ], [ 5729167.851180710829794, 7372723.286040067672729 ], [ 5729161.526117162778974, 7372727.620191147550941 ], [ 5729156.984136239625514, 7372732.869859099388123 ], [ 5729140.626297469250858, 7372761.479798187501729 ], [ 5729124.428547813557088, 7372799.457663374021649 ], [ 5729112.82828909624368, 7372816.891334094107151 ], [ 5729100.881949234753847, 7372829.431053644046187 ], [ 5729095.912003659643233, 7372832.246448576450348 ], [ 5729073.783789197914302, 7372836.945492219179869 ], [ 5729050.664209173992276, 7372841.850264051929116 ], [ 5729009.897097134962678, 7372832.869007318280637 ], [ 5728987.565441312268376, 7372827.945418733172119 ], [ 5728971.179096220061183, 7372829.321615111082792 ], [ 5728946.074231165461242, 7372838.689604271203279 ], [ 5728939.773215506225824, 7372841.046783750876784 ], [ 5728917.626558734104037, 7372864.252773653715849 ], [ 5728905.178500790148973, 7372896.886240033432841 ], [ 5728892.71961238514632, 7372929.50905535928905 ], [ 5728887.792700411751866, 7372942.42363641038537 ], [ 5728872.558859230950475, 7372973.097668655216694 ], [ 5728845.292048220522702, 7372996.112551372498274 ], [ 5728825.315398771315813, 7373007.49009663797915 ], [ 5728807.632765816524625, 7373010.136218858882785 ], [ 5728796.077536806464195, 7373011.862604944035411 ], [ 5728748.223484981805086, 7373019.01698228251189 ], [ 5728725.589958201162517, 7373022.401196431368589 ], [ 5728715.007417073473334, 7373026.00995590351522 ], [ 5728678.858563818968832, 7373038.350569883361459 ], [ 5728671.049656992778182, 7373041.832045020535588 ], [ 5728634.665999738499522, 7373058.079690829850733 ], [ 5728534.032996132038534, 7373177.954701136797667 ], [ 5728501.191495765000582, 7373205.622160600498319 ], [ 5728496.277049837633967, 7373209.762752893380821 ], [ 5728491.36260080896318, 7373213.90334284119308 ], [ 5728489.825571143999696, 7373216.904381700791419 ], [ 5728488.289094848558307, 7373219.916554276831448 ], [ 5728485.215585531666875, 7373225.92976438254118 ], [ 5728490.540011490695179, 7373273.146012503653765 ], [ 5728498.297772229649127, 7373304.15687857568264 ], [ 5728506.845199852250516, 7373329.882359694689512 ], [ 5728507.952446009032428, 7373348.020693603903055 ], [ 5728509.979478249326348, 7373364.104040486738086 ], [ 5728507.640144880861044, 7373374.601111074909568 ], [ 5728502.839469255879521, 7373382.877000793814659 ], [ 5728480.714225594885647, 7373390.119565247558057 ], [ 5728457.688273746520281, 7373384.604564277455211 ], [ 5728456.405748602002859, 7373384.300199620425701 ], [ 5728436.999958311207592, 7373370.199857268482447 ], [ 5728428.491952149197459, 7373368.470011847093701 ], [ 5728425.074587473645806, 7373367.781011207029223 ], [ 5728413.273228716105223, 7373365.38945665769279 ], [ 5728452.223523143678904, 7373427.592899258248508 ], [ 5728535.480355964042246, 7373506.817913762293756 ], [ 5728609.86566421110183, 7373598.763177987188101 ], [ 5728677.027088510803878, 7373683.143899159505963 ], [ 5728719.610291844233871, 7373733.702878725714982 ], [ 5728744.676878384314477, 7373777.322514158673584 ], [ 5728787.985267611220479, 7373828.068503422662616 ], [ 5728843.931787497363985, 7373851.395653535611928 ], [ 5728936.268872623331845, 7373928.157611416652799 ], [ 5729015.743596357293427, 7374015.49517435580492 ], [ 5729039.438432699069381, 7374029.492764282971621 ], [ 5729070.204417194239795, 7374074.03333599306643 ], [ 5729094.515535551123321, 7374109.229904582723975 ], [ 5729148.443798477761447, 7374188.466260915622115 ], [ 5729154.197441927157342, 7374219.644301159307361 ], [ 5729156.401924947276711, 7374238.665654545649886 ], [ 5729158.941456854343414, 7374243.684514962136745 ], [ 5729183.069561286829412, 7374291.413792639970779 ], [ 5729192.746766462922096, 7374308.399087101221085 ], [ 5729197.858206996694207, 7374317.854778018780053 ], [ 5729204.161270247772336, 7374323.73501705750823 ], [ 5729211.998467857018113, 7374327.786277909763157 ], [ 5729218.332550722174346, 7374329.568570010364056 ], [ 5729226.30370981246233, 7374329.126078521832824 ], [ 5729266.593331636860967, 7374319.000471565872431 ], [ 5729289.228530144318938, 7374315.403877660632133 ], [ 5729309.683024739846587, 7374313.378304067999125 ], [ 5729329.589866040274501, 7374312.875729043036699 ], [ 5729347.649204096756876, 7374312.219792183488607 ], [ 5729369.072284488938749, 7374314.454267447814345 ], [ 5729387.070293344557285, 7374320.364531349390745 ], [ 5729404.288261095993221, 7374330.108761080540717 ], [ 5729438.863020880147815, 7374354.434513000771403 ], [ 5729507.228999890387058, 7374410.536509197205305 ], [ 5729516.290813256055117, 7374420.085139773786068 ], [ 5729522.853799897246063, 7374429.948284007608891 ], [ 5729529.171091838739812, 7374453.139856381341815 ], [ 5729560.629525430500507, 7374453.477837182581425 ], [ 5729572.642143565230072, 7374447.163130110129714 ], [ 5729587.031246485188603, 7374444.848496701568365 ], [ 5729598.013797847554088, 7374440.426915783435106 ], [ 5729606.866884337738156, 7374434.091348424553871 ], [ 5729615.468900493346155, 7374425.178742070682347 ], [ 5729623.784560831263661, 7374411.134774536825716 ], [ 5729630.854242299683392, 7374398.548259196802974 ], [ 5729637.05553543753922, 7374381.663106974214315 ], [ 5729642.876800036989152, 7374361.459504621103406 ], [ 5729650.143619451671839, 7374338.471352229826152 ], [ 5729658.793457079678774, 7374317.802776347845793 ], [ 5729667.133385720662773, 7374305.889469803310931 ], [ 5729674.673973985016346, 7374295.165755486115813 ], [ 5729683.3969458155334, 7374285.81171243544668 ], [ 5729699.996989740990102, 7374268.384825093671679 ], [ 5729712.615453506819904, 7374254.951834523119032 ], [ 5729721.48618870228529, 7374268.048241862095892 ], [ 5729731.639150854200125, 7374288.414017060771585 ], [ 5729739.945450100116432, 7374301.259565999731421 ], [ 5729750.817857061512768, 7374317.191593464463949 ], [ 5729757.705527697689831, 7374327.618877897039056 ], [ 5729764.197216141037643, 7374334.817806620150805 ], [ 5729769.807531087659299, 7374340.944559365510941 ], [ 5729774.799899371340871, 7374342.670872993767262 ], [ 5729779.249094863422215, 7374342.727695547044277 ], [ 5729784.946899736300111, 7374355.737014163285494 ], [ 5729785.318275917321444, 7374361.95800874568522 ], [ 5729785.033069736324251, 7374366.079860903322697 ], [ 5729784.113828413188457, 7374370.400811078026891 ], [ 5729783.05516636185348, 7374373.154886332340539 ], [ 5729779.553312637843192, 7374379.390745839104056 ], [ 5729776.390354574657977, 7374383.812599258497357 ], [ 5729774.02879848331213, 7374386.676396073773503 ], [ 5729771.721828524954617, 7374388.789613772183657 ], [ 5729774.074581122025847, 7374391.69699661899358 ], [ 5729779.312995729036629, 7374398.154863372445107 ], [ 5729814.623125167563558, 7374441.731164326891303 ], [ 5729829.771155575290322, 7374439.467673968523741 ], [ 5729836.663026592694223, 7374479.920483531430364 ], [ 5729841.482638360932469, 7374497.047798132523894 ], [ 5729849.445716219954193, 7374525.358679866418242 ], [ 5729869.40346859768033, 7374614.059553753584623 ], [ 5729922.53684763610363, 7374588.032315257005394 ], [ 5729933.578456348739564, 7374582.948984289541841 ], [ 5729943.400462177582085, 7374579.031605398282409 ], [ 5729959.860671294853091, 7374574.380775896832347 ], [ 5729965.826129353605211, 7374573.480021329596639 ], [ 5729979.390831964090466, 7374573.695345334708691 ], [ 5729992.80392496380955, 7374575.38045571744442 ], [ 5730001.18427954800427, 7374577.607192859984934 ], [ 5730011.539061292074621, 7374581.097053835168481 ], [ 5730022.630018146708608, 7374586.436512935906649 ], [ 5730034.968180780299008, 7374590.753721840679646 ], [ 5730089.671410576440394, 7374603.602868692949414 ], [ 5730107.012383346445858, 7374606.777108612470329 ], [ 5730120.637103925459087, 7374605.94008416403085 ], [ 5730131.262348167598248, 7374604.192524055019021 ], [ 5730139.851157487370074, 7374601.988606844097376 ], [ 5730147.041459085419774, 7374599.207164226099849 ], [ 5730156.627303142100573, 7374594.654032909311354 ], [ 5730169.858648324385285, 7374587.3626205381006 ], [ 5730180.346765425056219, 7374580.610105408355594 ], [ 5730200.184003120288253, 7374568.657678360119462 ], [ 5730226.109212502837181, 7374553.34257089253515 ], [ 5730231.275732329115272, 7374559.993706043809652 ], [ 5730264.620758927427232, 7374613.735874736681581 ], [ 5730271.74624362308532, 7374605.555157458409667 ], [ 5730280.067211775109172, 7374598.185331290587783 ], [ 5730289.358183462172747, 7374592.229253641329706 ], [ 5730326.984772026538849, 7374572.355442540720105 ], [ 5730389.143024501390755, 7374538.128676161170006 ], [ 5730406.630784135311842, 7374529.284791138023138 ], [ 5730487.90199956856668, 7374482.739029996097088 ], [ 5730500.132134449668229, 7374481.815067957155406 ], [ 5730503.727479762397707, 7374482.171106439083815 ], [ 5730506.535134859383106, 7374485.178465311415493 ], [ 5730550.563413699157536, 7374441.197312775999308 ], [ 5730598.755980140529573, 7374395.255262533202767 ], [ 5730622.414616126567125, 7374370.787971066311002 ], [ 5730633.182911710813642, 7374355.727516796439886 ], [ 5730627.867156093008816, 7374332.363006249070168 ], [ 5730622.50292388908565, 7374286.107300879433751 ], [ 5730642.94101014174521, 7374283.343960504978895 ], [ 5730639.769353039562702, 7374241.70020217821002 ], [ 5730631.227975943125784, 7374198.349271120503545 ], [ 5730630.467105390504003, 7374192.114176149480045 ], [ 5730630.905912004411221, 7374188.207793537527323 ], [ 5730633.353892074897885, 7374184.212096646428108 ], [ 5730647.732250409200788, 7374169.808206580579281 ], [ 5730655.112619617953897, 7374166.949943931773305 ], [ 5730660.466389467008412, 7374168.133281527087092 ], [ 5730665.266513844951987, 7374173.379437128081918 ], [ 5730666.00240077637136, 7374177.065224330872297 ], [ 5730675.128457565791905, 7374175.392137476243079 ], [ 5730686.727505295537412, 7374165.513935616239905 ], [ 5730671.331913171336055, 7374149.495971220545471 ], [ 5730677.168252835981548, 7374150.108219580724835 ], [ 5730689.036324271932244, 7374126.163350685499609 ], [ 5730697.675768015906215, 7374110.439045789651573 ], [ 5730692.584692502394319, 7374109.398859158158302 ], [ 5730697.048759715631604, 7374081.080338764004409 ], [ 5730711.889665350317955, 7374074.924390023574233 ], [ 5730731.492066835984588, 7374073.240714291110635 ], [ 5730709.200508723035455, 7374066.508645817637444 ], [ 5730703.608304366469383, 7374062.390440397895873 ], [ 5730611.048615595325828, 7373994.286873170174658 ], [ 5730583.553897509351373, 7373977.914041029289365 ], [ 5730557.541619182564318, 7373974.861644024029374 ], [ 5730518.615555771626532, 7373977.254701236262918 ], [ 5730485.877606828697026, 7373976.659312915056944 ], [ 5730457.096155102364719, 7373977.105022224597633 ], [ 5730449.497082645073533, 7373977.217092939652503 ], [ 5730442.475344537757337, 7373979.476910203695297 ], [ 5730413.192302252165973, 7373872.75763457082212 ], [ 5730408.109137698076665, 7373861.425499215722084 ], [ 5730384.056255938485265, 7373768.776944017969072 ], [ 5730363.004730192013085, 7373668.67832188680768 ], [ 5730325.029133544303477, 7373450.415405243635178 ], [ 5730298.090334890410304, 7373294.186758847907186 ], [ 5730269.871688052080572, 7373288.063382862135768 ], [ 5730253.694057052955031, 7373277.040471856482327 ], [ 5730249.493159903213382, 7373274.169784136116505 ], [ 5730248.453522496856749, 7373272.179102001711726 ], [ 5730247.707852774299681, 7373270.754150610417128 ], [ 5730246.961627621203661, 7373269.318064880557358 ], [ 5730241.025193627923727, 7373257.883521324023604 ], [ 5730234.335056275129318, 7373239.331752773374319 ], [ 5730229.519111573696136, 7373225.977111565880477 ], [ 5730207.611546378582716, 7373160.334299 ], [ 5730210.909976735711098, 7373146.551601678133011 ], [ 5730214.20839627739042, 7373132.768901811912656 ], [ 5730218.549486021511257, 7373100.963066866621375 ], [ 5730231.027351697906852, 7373047.877190264873207 ], [ 5730243.005843262188137, 7373007.317812682129443 ], [ 5730247.444239534437656, 7372991.803756456822157 ], [ 5730252.641281549818814, 7372964.866393908858299 ], [ 5730258.463847524486482, 7372917.694297697395086 ], [ 5730258.88669853284955, 7372912.650195337831974 ], [ 5730259.857763738371432, 7372901.182779408060014 ], [ 5730260.141329383477569, 7372897.853447278961539 ], [ 5730261.357006725855172, 7372883.505130940116942 ], [ 5730261.447533377446234, 7372873.030530819669366 ], [ 5730261.459472301416099, 7372871.22166954446584 ], [ 5730261.027343452908099, 7372831.840979751199484 ], [ 5730257.237807619385421, 7372803.008978886529803 ], [ 5730245.868909386917949, 7372769.756333908066154 ], [ 5730224.149692468345165, 7372727.756780171766877 ], [ 5730210.789436446502805, 7372709.89583838917315 ], [ 5730202.172269620932639, 7372701.062240759842098 ], [ 5730168.605446370318532, 7372687.895324116572738 ], [ 5730158.870774047449231, 7372695.581703792326152 ], [ 5730149.136090449988842, 7372703.268074414692819 ], [ 5730129.937545160762966, 7372713.827542229555547 ], [ 5730120.338261654600501, 7372719.107264162972569 ], [ 5730110.73897091858089, 7372724.386978109367192 ], [ 5730058.716016314923763, 7372738.708463238552213 ], [ 5730037.488976477645338, 7372741.388319985941052 ], [ 5730016.261930298060179, 7372744.068144639953971 ], [ 5729963.870988313108683, 7372740.771598692983389 ], [ 5729900.827662092633545, 7372730.863689574413002 ], [ 5729853.972273850813508, 7372719.699876007623971 ], [ 5729768.297543004155159, 7372692.505414873361588 ], [ 5729754.800294102169573, 7372693.403271926566958 ], [ 5729741.303044160827994, 7372694.301116393879056 ], [ 5729712.851018195971847, 7372703.759771546348929 ], [ 5729688.732955220155418, 7372734.544411206617951 ], [ 5729681.234285177662969, 7372791.175590962171555 ], [ 5729671.981551461853087, 7372806.483428942039609 ], [ 5729665.989184468984604, 7372812.363878697156906 ], [ 5729659.996811972931027, 7372818.244324764236808 ], [ 5729582.261973973363638, 7372802.706884056329727 ] ] ] } },
{ "type": "Feature", "properties": { "lv_id": "LOC_051264", "id": 283925.0, "CD_SETOR": "351060930000010", "SITUACAO": "Urbana", "CD_SIT": "1", "CD_TIPO": "0", "AREA_KM2": 0.11612054773770999, "CD_REGIAO": "3", "NM_REGIAO": "Sudeste", "CD_UF": "35", "NM_UF": "São Paulo", "CD_MUN": "3510609", "NM_MUN": "Carapicuíba", "CD_DIST": "351060930", "NM_DIST": "Vila Dirce", "CD_SUBDIST": "35106093000", "NM_SUBDIST": null, "CD_BAIRRO": null, "NM_BAIRRO": null, "CD_NU": null, "NM_NU": null, "CD_FCU": null, "NM_FCU": null, "CD_AGLOM": null, "NM_AGLOM": null, "CD_RGINT": "3501", "NM_RGINT": "São Paulo", "CD_RGI": "350001", "NM_RGI": "São Paulo", "CD_CONCURB": "3550308", "NM_CONCURB": "São Paulo/SP", "mun_code_x": "3510609", "index_right": 82564, "dist_m": 0.0, "local_id": 556473, "ano": 2022, "cod_localidade_ibge": 3510609, "NR_ZONA": "388", "nr_cep": 6362170.0, "nm_localidade": "CARAPICUÍBA", "nm_locvot": "EMEF. PROFESSOR NAI MOLINA DO AMARAL", "ds_endereco": "RUA SERRA DAS AGULHAS NEGRAS, 199", "ds_bairro": "JARDIM PLANALTO", "pred_long": -46.8417466, "pred_lat": -23.5557962, "pred_dist": 0.0, "tse_long": -46.8439058, "tse_lat": -23.5553509, "long": -46.8439058, "lat": -23.5553509, "ID_UNICO": "LOC_051264", "SG_UF": "SP", "CD_MUNICIPIO": "63134", "NR_LOCAL_VOTACAO": "1414", "QT_SECOES_AGREGADAS": 0, "QT_ELEITORES_TRANSFERIDOS": 7, "CIRO GOMES (PDT) (NÃO ELEITO) 1T": 79.0, "CONSTITUINTE EYMAEL (DC) (NÃO ELEITO) 1T": 0.0, "FELIPE D AVILA (NOVO) (NÃO ELEITO) 1T": 10.0, "JAIR BOLSONARO (PL) (2º TURNO) 1T": 611.0, "LULA (PT) (2º TURNO) 1T": 944.0, "LÉO PÉRICLES (UP) (NÃO ELEITO) 1T": 6.0, "PADRE KELMON (PTB) (NÃO ELEITO) 1T": 5.0, "SIMONE TEBET (MDB) (NÃO ELEITO) 1T": 82.0, "SOFIA MANZANO (PCB) (NÃO ELEITO) 1T": 2.0, "SORAYA THRONICKE (UNIÃO) (NÃO ELEITO) 1T": 13.0, "VERA (PSTU) (NÃO ELEITO) 1T": 0.0, "Total_Votos_Validos 1T": 1752.0, "Votos_Brancos 1T": 39.0, "Votos_Nulos 1T": 69.0, "Abstenções 1T": 509.0, "Eleitores_Aptos 1T": 2369.0, "JAIR BOLSONARO (PL) (NÃO ELEITO) 2T": 758.0, "LULA (PT) (ELEITO) 2T": 1033.0, "Total_Votos_Validos 2T": 1791.0, "Votos_Brancos 2T": 41.0, "Votos_Nulos 2T": 70.0, "Abstenções 2T": 467.0, "Eleitores_Aptos 2T": 2369.0, "mun_code_y": "3510609", "mun_code": "3510609" }, "geometry": { "type": "Polygon", "coordinates": [ [ [ 5730308.354457098990679, 7375318.456174902617931 ], [ 5730312.504316530190408, 7375345.104791138321161 ], [ 5730317.835928292945027, 7375384.3856470733881 ], [ 5730320.293217445723712, 7375398.818223626352847 ], [ 5730325.504409724846482, 7375422.355410834774375 ], [ 5730348.973704078234732, 7375492.664798495359719 ], [ 5730357.522184179164469, 7375528.190766466781497 ], [ 5730379.262508022598922, 7375499.020758730359375 ], [ 5730390.581578228622675, 7375482.471098912879825 ], [ 5730404.250085000880063, 7375491.722412887960672 ], [ 5730429.555934872478247, 7375506.185371082276106 ], [ 5730461.611881106160581, 7375523.994504932314157 ], [ 5730472.129834145307541, 7375534.843122441321611 ], [ 5730476.26847786642611, 7375540.965233730152249 ], [ 5730480.683977700769901, 7375554.485151927918196 ], [ 5730485.036021262407303, 7375568.577509483322501 ], [ 5730490.583021050319076, 7375584.083555620163679 ], [ 5730492.623696848750114, 7375592.208061180077493 ], [ 5730491.324839873239398, 7375605.522390829399228 ], [ 5730483.377813748084009, 7375602.157861821353436 ], [ 5730472.13294343650341, 7375596.413155477494001 ], [ 5730459.984549820423126, 7375589.563893092796206 ], [ 5730453.005204131826758, 7375585.51476068329066 ], [ 5730445.186840441077948, 7375584.320398378185928 ], [ 5730441.371841388754547, 7375584.689612649381161 ], [ 5730431.070514871738851, 7375586.387507212348282 ], [ 5730419.020717540755868, 7375593.407777870073915 ], [ 5730405.784167231991887, 7375600.40919460915029 ], [ 5730391.738317006267607, 7375609.426719605922699 ], [ 5730387.188546750694513, 7375613.717034564353526 ], [ 5730389.957841685041785, 7375619.438771496526897 ], [ 5730389.214789845049381, 7375626.474524231627584 ], [ 5730385.530445040203631, 7375630.900192079134285 ], [ 5730378.491392878815532, 7375634.265632752329111 ], [ 5730365.897575655020773, 7375637.551398202776909 ], [ 5730353.261839903891087, 7375639.176095897331834 ], [ 5730340.883454830385745, 7375640.631656328216195 ], [ 5730331.438992525450885, 7375644.139563507400453 ], [ 5730322.478652346879244, 7375648.951564628630877 ], [ 5730308.253111309371889, 7375659.083001624792814 ], [ 5730291.865775778889656, 7375670.963232658803463 ], [ 5730280.211731221526861, 7375682.439565032720566 ], [ 5730273.717658156529069, 7375687.920832917094231 ], [ 5730264.820048406720161, 7375693.377050721086562 ], [ 5730253.477765584364533, 7375700.239010928198695 ], [ 5730224.841940183192492, 7375714.338288038037717 ], [ 5730213.758712341077626, 7375720.450572883710265 ], [ 5730206.711241820827127, 7375726.930536853149533 ], [ 5730249.480501619167626, 7375749.6633236175403 ], [ 5730271.387214208953083, 7375772.221473913639784 ], [ 5730314.084076664410532, 7375836.156943429261446 ], [ 5730320.129114779643714, 7375862.88950196839869 ], [ 5730323.318983372300863, 7375872.742534428834915 ], [ 5730326.996171509847045, 7375883.553486602380872 ], [ 5730336.068979161791503, 7375874.226435898803174 ], [ 5730378.495314022526145, 7375813.573122250847518 ], [ 5730385.199481404386461, 7375790.56801379006356 ], [ 5730398.987778809852898, 7375806.934840392321348 ], [ 5730402.147446867078543, 7375824.178679268807173 ], [ 5730404.696110866032541, 7375831.831326058134437 ], [ 5730410.200697323307395, 7375837.260152023285627 ], [ 5730420.514720899984241, 7375838.274081691168249 ], [ 5730430.356504685245454, 7375834.121225181035697 ], [ 5730436.184602454304695, 7375829.019190708175302 ], [ 5730443.480329157784581, 7375824.033584125339985 ], [ 5730446.01101859472692, 7375835.426430586725473 ], [ 5730447.322741845622659, 7375851.691041155718267 ], [ 5730449.72423084359616, 7375866.438972249627113 ], [ 5730451.515914853662252, 7375875.926536783576012 ], [ 5730455.619006403721869, 7375881.949993783608079 ], [ 5730461.047168328426778, 7375886.255258647724986 ], [ 5730465.352922280319035, 7375888.551611013710499 ], [ 5730468.947772244922817, 7375889.711459829472005 ], [ 5730459.270619104616344, 7375913.367452897131443 ], [ 5730457.428800047375262, 7375920.714832734316587 ], [ 5730493.404508700594306, 7375977.150141404941678 ], [ 5730418.495126665569842, 7376027.650476830080152 ], [ 5730409.83637729100883, 7376037.492656800895929 ], [ 5730423.890409121289849, 7376042.985549628734589 ], [ 5730453.642628406174481, 7376052.705987205728889 ], [ 5730469.840430508367717, 7376059.163311900570989 ], [ 5730475.397269464097917, 7376065.638772074133158 ], [ 5730477.655163520947099, 7376072.379499599337578 ], [ 5730478.316360206343234, 7376077.23546601831913 ], [ 5730479.290072847157717, 7376082.82368035055697 ], [ 5730477.584031845442951, 7376089.204332938417792 ], [ 5730470.601674454286695, 7376101.094759304076433 ], [ 5730464.473224231041968, 7376108.377224633470178 ], [ 5730459.594598080962896, 7376113.867125261574984 ], [ 5730452.430641917511821, 7376119.448863452300429 ], [ 5730445.474787399172783, 7376124.28350299783051 ], [ 5730438.413966864347458, 7376127.627661779522896 ], [ 5730416.406672546640038, 7376135.468898382037878 ], [ 5730399.065259550698102, 7376140.319996824488044 ], [ 5730364.343480000272393, 7376151.497461587190628 ], [ 5730361.799095577560365, 7376159.929128123447299 ], [ 5730357.35325931943953, 7376170.822124689817429 ], [ 5730350.708108616992831, 7376194.404613269492984 ], [ 5730344.393817437812686, 7376218.472858734428883 ], [ 5730341.168113739229739, 7376237.02904511615634 ], [ 5730337.764558374881744, 7376251.196258882060647 ], [ 5730353.636730023659766, 7376245.168511006049812 ], [ 5730364.430473355576396, 7376240.008308003656566 ], [ 5730404.516796828247607, 7376213.393692759796977 ], [ 5730415.306195834651589, 7376208.557357332669199 ], [ 5730418.003596285358071, 7376207.708246447145939 ], [ 5730434.315910605713725, 7376201.077973970212042 ], [ 5730450.198395193554461, 7376196.489488463848829 ], [ 5730468.862137160263956, 7376192.119232931174338 ], [ 5730510.682219350710511, 7376183.064905156381428 ], [ 5730529.624564470723271, 7376175.465958040207624 ], [ 5730546.978630437515676, 7376164.921400284394622 ], [ 5730559.917457739822567, 7376153.782574101351202 ], [ 5730569.310715030878782, 7376139.193189016543329 ], [ 5730588.420445010066032, 7376101.325263936072588 ], [ 5730599.06874340493232, 7376078.078294241800904 ], [ 5730594.878049964085221, 7376073.990268172696233 ], [ 5730581.030901960097253, 7376062.191732591018081 ], [ 5730567.077708661556244, 7376050.521272710524499 ], [ 5730561.836043843999505, 7376043.806845530867577 ], [ 5730559.489459561184049, 7376037.338441680185497 ], [ 5730559.495023624971509, 7376028.01779570709914 ], [ 5730567.066409315913916, 7376011.13071873318404 ], [ 5730596.661979108117521, 7375951.687007959932089 ], [ 5730600.874792644754052, 7375941.251988471485674 ], [ 5730614.852322230115533, 7375940.084727264009416 ], [ 5730643.760810266248882, 7375938.829895130358636 ], [ 5730653.045669469051063, 7375938.678448488004506 ], [ 5730657.627977741882205, 7375944.264933871105313 ], [ 5730664.052386510185897, 7375946.611638660542667 ], [ 5730669.143248724751174, 7375946.200960672460496 ], [ 5730672.989654048345983, 7375943.999554987996817 ], [ 5730676.756904264912009, 7375941.645833593793213 ], [ 5730680.45935670286417, 7375936.147623275406659 ], [ 5730697.500966214574873, 7375893.516026969999075 ], [ 5730709.311661187559366, 7375885.592226253822446 ], [ 5730726.322121236473322, 7375875.957453344017267 ], [ 5730750.471063079312444, 7375862.695353665389121 ], [ 5730767.756639547646046, 7375852.633765762671828 ], [ 5730780.200399246066809, 7375847.156247157603502 ], [ 5730785.419639810919762, 7375842.966285871341825 ], [ 5730809.45808832347393, 7375823.391785029321909 ], [ 5730830.068719140253961, 7375806.622849646955729 ], [ 5730850.094008361920714, 7375794.515441246330738 ], [ 5730862.881876241415739, 7375790.404739128425717 ], [ 5730965.654071651399136, 7375759.34811632335186 ], [ 5730983.982493886724114, 7375754.212406031787395 ], [ 5730993.217482331208885, 7375749.375070030800998 ], [ 5730998.826373220421374, 7375744.596247908659279 ], [ 5730999.277928980067372, 7375737.050327755510807 ], [ 5730996.329634929075837, 7375728.770260863006115 ], [ 5730987.258428685367107, 7375718.039270706474781 ], [ 5730970.257814889773726, 7375707.168957276269794 ], [ 5730958.461551742628217, 7375697.344403197988868 ], [ 5730945.504739090800285, 7375686.79651434533298 ], [ 5730936.201787969097495, 7375679.61552120745182 ], [ 5730928.099480952136219, 7375672.731687383726239 ], [ 5730922.190702782012522, 7375665.146585157141089 ], [ 5730919.589703897945583, 7375659.729007011279464 ], [ 5730917.823239739984274, 7375653.622296749614179 ], [ 5730916.947017847560346, 7375645.484203798696399 ], [ 5730920.33206775970757, 7375599.817781358025968 ], [ 5730920.199584125541151, 7375589.99049499258399 ], [ 5730918.916206387802958, 7375555.864800158888102 ], [ 5730925.766369953751564, 7375558.346339031122625 ], [ 5730986.785051297396421, 7375579.673634489998221 ], [ 5730984.545560988597572, 7375564.906363353133202 ], [ 5730983.810541884973645, 7375557.140718016773462 ], [ 5730981.840228665620089, 7375511.094581638462842 ], [ 5730974.760573964565992, 7375394.814448233693838 ], [ 5730922.141538384370506, 7375393.69511737767607 ], [ 5730911.34687860775739, 7375392.05824126675725 ], [ 5730907.521813661791384, 7375391.200252693146467 ], [ 5730871.955323277041316, 7375389.29506161250174 ], [ 5730857.971035853028297, 7375388.677118287421763 ], [ 5730848.262216586619616, 7375384.831605117768049 ], [ 5730837.645841158926487, 7375378.77669813297689 ], [ 5730826.782011846080422, 7375372.064426327124238 ], [ 5730814.150809006765485, 7375359.636170065030456 ], [ 5730797.867975721135736, 7375339.989941108971834 ], [ 5730786.279862638562918, 7375330.233100960031152 ], [ 5730778.095465954393148, 7375325.797886127606034 ], [ 5730770.324857911095023, 7375321.665684838779271 ], [ 5730762.13054586481303, 7375318.670881552621722 ], [ 5730754.046609221026301, 7375317.478830192238092 ], [ 5730745.074468017555773, 7375318.563614040613174 ], [ 5730702.410729981958866, 7375326.020758725702763 ], [ 5730674.273299340158701, 7375331.233594320714474 ], [ 5730665.065662331879139, 7375332.720773302018642 ], [ 5730650.840529206208885, 7375335.675423813052475 ], [ 5730637.258500824682415, 7375339.02207565959543 ], [ 5730628.985749032348394, 7375343.677199570462108 ], [ 5730622.281391348689795, 7375349.035274354740977 ], [ 5730596.018631903454661, 7375374.826526619493961 ], [ 5730583.240695740096271, 7375386.303610764443874 ], [ 5730562.730821160599589, 7375399.138213215395808 ], [ 5730545.368927169591188, 7375410.118807203136384 ], [ 5730531.590824878774583, 7375417.939983613789082 ], [ 5730515.635351190343499, 7375428.426081558689475 ], [ 5730508.443078811280429, 7375432.201117496006191 ], [ 5730496.663435420021415, 7375438.895463893190026 ], [ 5730476.348831095732749, 7375443.348558414727449 ], [ 5730429.179301152005792, 7375454.345073491334915 ], [ 5730408.073329622857273, 7375459.328737711533904 ], [ 5730405.215216610580683, 7375447.929940821602941 ], [ 5730401.555348869413137, 7375431.726856281980872 ], [ 5730399.592053219676018, 7375419.412706331349909 ], [ 5730397.240135673433542, 7375409.350393857806921 ], [ 5730395.90390476770699, 7375400.387026848271489 ], [ 5730393.146450535394251, 7375393.057367280125618 ], [ 5730385.757220417261124, 7375383.860668839886785 ], [ 5730379.234877347946167, 7375375.033651754260063 ], [ 5730373.742247007787228, 7375367.996928237378597 ], [ 5730372.636227271519601, 7375361.600503899157047 ], [ 5730374.731580988503993, 7375357.700696462765336 ], [ 5730380.946053305640817, 7375353.996904927305877 ], [ 5730389.389865943230689, 7375352.771321235224605 ], [ 5730403.915532140992582, 7375352.358042662963271 ], [ 5730426.12651966419071, 7375349.038081736303866 ], [ 5730415.15722477901727, 7375340.410966810770333 ], [ 5730375.959223012439907, 7375315.279220441356301 ], [ 5730367.370510006323457, 7375304.166772202588618 ], [ 5730363.85064647719264, 7375295.692029725760221 ], [ 5730360.498544859699905, 7375277.665319222956896 ], [ 5730355.531137891113758, 7375253.278797242790461 ], [ 5730353.005912924185395, 7375237.074841188266873 ], [ 5730355.562458032742143, 7375229.714063504710793 ], [ 5730339.740316897630692, 7375196.125428872182965 ], [ 5730320.932705975137651, 7375153.912575842812657 ], [ 5730312.288141155615449, 7375152.134424719959497 ], [ 5730301.722097397781909, 7375150.976895345374942 ], [ 5730289.3143090615049, 7375148.348691437393427 ], [ 5730278.038188025355339, 7375143.610114383511245 ], [ 5730266.105488465167582, 7375136.158467007800937 ], [ 5730254.409724805504084, 7375126.897882943041623 ], [ 5730246.479737780056894, 7375117.103121920488775 ], [ 5730237.46539881080389, 7375109.137304808944464 ], [ 5730225.235723696649075, 7375101.879070235416293 ], [ 5730225.81019339337945, 7375126.730602344498038 ], [ 5730231.515896443277597, 7375146.860948177054524 ], [ 5730238.829132607206702, 7375170.940486188977957 ], [ 5730251.545403611846268, 7375205.387531958520412 ], [ 5730254.030290496535599, 7375216.068262737244368 ], [ 5730272.575192233547568, 7375254.655449474230409 ], [ 5730321.003868172876537, 7375218.693741880357265 ], [ 5730337.518781336955726, 7375304.519809680059552 ], [ 5730308.354457098990679, 7375318.456174902617931 ] ] ] } },
{ "type": "Feature", "properties": { "lv_id": "LOC_051265", "id": 283366.0, "CD_SETOR": "351060905000169", "SITUACAO": "Urbana", "CD_SIT": "1", "CD_TIPO": "0", "AREA_KM2": 0.038384916290229998, "CD_REGIAO": "3", "NM_REGIAO": "Sudeste", "CD_UF": "35", "NM_UF": "São Paulo", "CD_MUN": "3510609", "NM_MUN": "Carapicuíba", "CD_DIST": "351060905", "NM_DIST": "Carapicuíba", "CD_SUBDIST": "35106090500", "NM_SUBDIST": null, "CD_BAIRRO": null, "NM_BAIRRO": null, "CD_NU": null, "NM_NU": null, "CD_FCU": "35106090001", "NM_FCU": "Vila Municipal", "CD_AGLOM": null, "NM_AGLOM": null, "CD_RGINT": "3501", "NM_RGINT": "São Paulo", "CD_RGI": "350001", "NM_RGI": "São Paulo", "CD_CONCURB": "3550308", "NM_CONCURB": "São Paulo/SP", "mun_code_x": "3510609", "index_right": 82531, "dist_m": 281.08885457520296, "local_id": 556440, "ano": 2022, "cod_localidade_ibge": 3510609, "NR_ZONA": "303", "nr_cep": 6328350.0, "nm_localidade": "CARAPICUÍBA", "nm_locvot": "E.E. SUPERVISOR PAULO IDEVAR FERRAREZI", "ds_endereco": "RUA SEBASTIÃO PEREIRA MACHADO, 31", "ds_bairro": "VILA MUNICIPAL", "pred_long": -46.824508, "pred_lat": -23.524522, "pred_dist": 0.0, "tse_long": -46.824663, "tse_lat": -23.5246102, "long": -46.824663, "lat": -23.5246102, "ID_UNICO": "LOC_051265", "SG_UF": "SP", "CD_MUNICIPIO": "63134", "NR_LOCAL_VOTACAO": "1406", "QT_SECOES_AGREGADAS": 0, "QT_ELEITORES_TRANSFERIDOS": 36, "CIRO GOMES (PDT) (NÃO ELEITO) 1T": 105.0, "CONSTITUINTE EYMAEL (DC) (NÃO ELEITO) 1T": 0.0, "FELIPE D AVILA (NOVO) (NÃO ELEITO) 1T": 8.0, "JAIR BOLSONARO (PL) (2º TURNO) 1T": 923.0, "LULA (PT) (2º TURNO) 1T": 1606.0, "LÉO PÉRICLES (UP) (NÃO ELEITO) 1T": 1.0, "PADRE KELMON (PTB) (NÃO ELEITO) 1T": 0.0, "SIMONE TEBET (MDB) (NÃO ELEITO) 1T": 98.0, "SOFIA MANZANO (PCB) (NÃO ELEITO) 1T": 1.0, "SORAYA THRONICKE (UNIÃO) (NÃO ELEITO) 1T": 19.0, "VERA (PSTU) (NÃO ELEITO) 1T": 0.0, "Total_Votos_Validos 1T": 2761.0, "Votos_Brancos 1T": 84.0, "Votos_Nulos 1T": 91.0, "Abstenções 1T": 839.0, "Eleitores_Aptos 1T": 3775.0, "JAIR BOLSONARO (PL) (NÃO ELEITO) 2T": 1086.0, "LULA (PT) (ELEITO) 2T": 1663.0, "Total_Votos_Validos 2T": 2749.0, "Votos_Brancos 2T": 65.0, "Votos_Nulos 2T": 106.0, "Abstenções 2T": 855.0, "Eleitores_Aptos 2T": 3775.0, "mun_code_y": "3510609", "mun_code": "3510609" }, "geometry": { "type": "Polygon", "coordinates": [ [ [ 5732706.938533286564052, 7378610.180393972434103 ], [ 5732696.726571504026651, 7378561.710219242610037 ], [ 5732696.426970021799207, 7378557.963432067073882 ], [ 5732691.33148752246052, 7378516.537477120757103 ], [ 5732689.703695703297853, 7378506.874039527028799 ], [ 5732669.309241517446935, 7378509.401818049140275 ], [ 5732630.354363946244121, 7378519.85746425576508 ], [ 5732616.753501224331558, 7378525.751101257279515 ], [ 5732580.930464902892709, 7378541.184612800367177 ], [ 5732547.052689482457936, 7378559.947561490349472 ], [ 5732519.790257705375552, 7378581.169991545379162 ], [ 5732495.326881856657565, 7378603.982471741735935 ], [ 5732472.261901625432074, 7378629.61600399762392 ], [ 5732439.26487217284739, 7378675.448238886892796 ], [ 5732417.416362365707755, 7378709.068909555673599 ], [ 5732419.528878852725029, 7378732.337474695406854 ], [ 5732413.223710686899722, 7378728.310725227929652 ], [ 5732406.197971039451659, 7378727.668772201985121 ], [ 5732400.378430053591728, 7378733.574661729857326 ], [ 5732371.35082551650703, 7378740.340247862040997 ], [ 5732319.816856519319117, 7378743.588082144968212 ], [ 5732265.546875640749931, 7378754.295163234695792 ], [ 5732249.533509681932628, 7378751.602315913885832 ], [ 5732150.14280857052654, 7378732.005020190030336 ], [ 5732137.017245369032025, 7378792.302309846505523 ], [ 5732143.403451820835471, 7378813.52640319429338 ], [ 5732169.685699237510562, 7378806.039133667945862 ], [ 5732199.237378204241395, 7378805.878282893449068 ], [ 5732198.670846357941628, 7378809.277674657292664 ], [ 5732196.664480619132519, 7378820.294887831434608 ], [ 5732203.005041220225394, 7378833.841510752215981 ], [ 5732218.902091537602246, 7378848.338951272889972 ], [ 5732214.986615300178528, 7378900.596409060992301 ], [ 5732214.677809719927609, 7378920.22425976395607 ], [ 5732265.887236073613167, 7378931.973229659721255 ], [ 5732306.758998193778098, 7378941.45969161670655 ], [ 5732310.463527732528746, 7378942.54691104311496 ], [ 5732307.11960334610194, 7378946.431273953989148 ], [ 5732292.119572620838881, 7378958.924471482634544 ], [ 5732270.479175540618598, 7378974.607365539297462 ], [ 5732249.067023356445134, 7378986.874251941218972 ], [ 5732234.17878798302263, 7378995.053068361245096 ], [ 5732227.659315816126764, 7378998.616239433176816 ], [ 5732202.670624393969774, 7379010.927961656823754 ], [ 5732106.292817397043109, 7379044.368066130205989 ], [ 5731942.932052491232753, 7379104.06139903049916 ], [ 5731919.398998513817787, 7379112.560356190428138 ], [ 5731889.403007235378027, 7379097.059562852606177 ], [ 5731877.415892952121794, 7379096.98903539404273 ], [ 5731886.879633693024516, 7379138.30782313644886 ], [ 5731891.499708616174757, 7379160.825759127736092 ], [ 5731909.215404283255339, 7379242.742570897564292 ], [ 5731927.975814175792038, 7379328.179142910987139 ], [ 5731898.495827805250883, 7379322.006494056433439 ], [ 5731879.475976426154375, 7379338.38354377169162 ], [ 5731876.251288563013077, 7379341.792965512722731 ], [ 5731845.0805126382038, 7379365.686767483130097 ], [ 5731850.193793742917478, 7379376.158215661533177 ], [ 5731855.062783100642264, 7379383.371307604014874 ], [ 5731858.720262796618044, 7379388.434807041659951 ], [ 5731865.643691966310143, 7379395.221508666872978 ], [ 5731869.059245944954455, 7379397.484188108704984 ], [ 5731867.044272543862462, 7379408.13331351801753 ], [ 5731895.890656068921089, 7379419.025928947143257 ], [ 5731905.798967763781548, 7379423.12957670353353 ], [ 5731918.692876430228353, 7379426.615170432254672 ], [ 5731942.456186817027628, 7379425.181805778294802 ], [ 5731950.729224462993443, 7379423.149731804616749 ], [ 5731958.537816135212779, 7379457.318094793707132 ], [ 5731961.878822940401733, 7379472.23144831135869 ], [ 5731963.150721030309796, 7379477.43650845810771 ], [ 5731964.29087446257472, 7379483.485331445932388 ], [ 5731940.969312629662454, 7379487.832321966066957 ], [ 5731922.511912420392036, 7379491.913825895637274 ], [ 5731926.447191229090095, 7379511.362877836450934 ], [ 5731929.476445481181145, 7379531.917639966122806 ], [ 5731929.918463665060699, 7379536.885120265185833 ], [ 5731911.127411675639451, 7379538.583360482007265 ], [ 5731939.98922342993319, 7379551.830465172417462 ], [ 5731959.012223990634084, 7379568.929180569946766 ], [ 5731964.37931710947305, 7379591.253538614138961 ], [ 5731966.673540062271059, 7379627.003538953140378 ], [ 5731975.943269331008196, 7379623.425912469625473 ], [ 5731988.725381948985159, 7379624.461371883749962 ], [ 5732001.236060223542154, 7379628.870262268930674 ], [ 5732010.593453211709857, 7379636.071082735434175 ], [ 5732013.840506797656417, 7379640.284428186714649 ], [ 5732016.938654905185103, 7379644.382430469617248 ], [ 5732018.020173516124487, 7379652.945723241195083 ], [ 5732017.524505885317922, 7379660.639050322584808 ], [ 5732013.506397322751582, 7379668.028463684953749 ], [ 5732006.770080973394215, 7379673.812412152066827 ], [ 5732000.815441068261862, 7379691.579156692139804 ], [ 5731999.664242558181286, 7379698.63550269510597 ], [ 5731998.864353419281542, 7379712.940990469418466 ], [ 5732001.074123607948422, 7379719.728883692063391 ], [ 5732014.2672428349033, 7379763.038029124960303 ], [ 5732011.959315069019794, 7379768.634109187871218 ], [ 5732012.476133033633232, 7379776.946567727252841 ], [ 5732013.474225834012032, 7379792.858869691379368 ], [ 5732009.033006965182722, 7379808.373295057564974 ], [ 5732001.638916037045419, 7379828.444436833262444 ], [ 5731991.295241558924317, 7379847.602561876177788 ], [ 5731986.642674311995506, 7379876.924208018928766 ], [ 5731981.82715586386621, 7379892.111279318109155 ], [ 5731978.703697395510972, 7379905.550589581951499 ], [ 5731976.424222847446799, 7379920.945779426954687 ], [ 5731964.436701877973974, 7379931.133335366845131 ], [ 5731961.02970062289387, 7379945.859311733394861 ], [ 5731956.602192951366305, 7379967.188584808260202 ], [ 5731951.561354116536677, 7379990.36796506959945 ], [ 5731948.386303655803204, 7380008.72126274369657 ], [ 5731937.546482712961733, 7380025.727418167516589 ], [ 5731933.715800289064646, 7380033.59853766579181 ], [ 5731936.559360931627452, 7380044.484837567433715 ], [ 5731920.912659256719053, 7380076.856143494136631 ], [ 5731903.417550785467029, 7380091.024701656773686 ], [ 5731892.744958328083158, 7380110.567442456260324 ], [ 5731897.03503776434809, 7380121.548900017514825 ], [ 5731904.153628875501454, 7380131.629986137151718 ], [ 5731904.638405716046691, 7380140.122624995186925 ], [ 5731921.154776531271636, 7380123.960282998159528 ], [ 5731945.12231928948313, 7380098.093851355835795 ], [ 5731996.031809580512345, 7380046.547014061361551 ], [ 5732072.703927146270871, 7379954.911818483844399 ], [ 5732137.847294270992279, 7379894.571146629750729 ], [ 5732195.381629838608205, 7379863.119220560416579 ], [ 5732246.154957300052047, 7379843.725571788847446 ], [ 5732296.928151298314333, 7379824.331715978682041 ], [ 5732375.390459737740457, 7379803.273983722552657 ], [ 5732381.283353709615767, 7379801.695618676953018 ], [ 5732409.135256659239531, 7379794.275081571191549 ], [ 5732525.288900379091501, 7379755.201703688129783 ], [ 5732570.803893281146884, 7379734.953463344834745 ], [ 5732609.395891848020256, 7379713.265359932556748 ], [ 5732631.708794721402228, 7379691.163628749549389 ], [ 5732655.44853337854147, 7379652.581548256799579 ], [ 5732673.029576168395579, 7379607.38674165867269 ], [ 5732680.02878142055124, 7379559.1492985105142 ], [ 5732683.801825549453497, 7379536.412204295396805 ], [ 5732689.64848614204675, 7379506.259891988709569 ], [ 5732696.837595609016716, 7379480.058913057669997 ], [ 5732704.820114739239216, 7379460.738998470827937 ], [ 5732712.80260403174907, 7379441.419073748402297 ], [ 5732737.398097533732653, 7379407.705352667719126 ], [ 5732760.850758583284914, 7379383.871793256141245 ], [ 5732798.942725663073361, 7379356.291673256084323 ], [ 5732838.553027152083814, 7379340.691005017608404 ], [ 5732882.131121898069978, 7379331.243128327652812 ], [ 5732910.631330470554531, 7379330.27431814558804 ], [ 5732932.712612377479672, 7379330.173714090138674 ], [ 5732945.901626363396645, 7379332.192571237683296 ], [ 5732959.192640904337168, 7379334.206312272697687 ], [ 5732995.206526199355721, 7379340.775532137602568 ], [ 5733031.005239591933787, 7379353.271637469530106 ], [ 5733062.855753365904093, 7379370.653635912574828 ], [ 5733083.125072128139436, 7379387.499118049629033 ], [ 5733088.861094019375741, 7379395.271378267556429 ], [ 5733090.067048302851617, 7379396.89656245149672 ], [ 5733097.714096372947097, 7379407.307995850220323 ], [ 5733114.40233273524791, 7379436.388393969275057 ], [ 5733129.121233318001032, 7379456.748897757381201 ], [ 5733144.444774789735675, 7379472.837322022765875 ], [ 5733153.320308281108737, 7379482.662601402029395 ], [ 5733160.25993016269058, 7379473.385043993592262 ], [ 5733163.384796479716897, 7379469.21003919839859 ], [ 5733174.459932957775891, 7379459.613792428746819 ], [ 5733189.462882548570633, 7379448.816233861260116 ], [ 5733218.530242222361267, 7379449.370120875537395 ], [ 5733223.25833629630506, 7379435.124235697090626 ], [ 5733225.243604387156665, 7379426.150510648265481 ], [ 5733226.341499542817473, 7379415.379376675002277 ], [ 5733226.684052800759673, 7379405.862794239073992 ], [ 5733228.643053052015603, 7379359.115909986197948 ], [ 5733229.366330636665225, 7379336.754353489726782 ], [ 5733229.018621892668307, 7379329.795095754787326 ], [ 5733228.960206737741828, 7379328.625940460711718 ], [ 5733228.283328506164253, 7379319.17156474199146 ], [ 5733226.968509597703815, 7379307.181719278916717 ], [ 5733223.712055078707635, 7379280.889255911111832 ], [ 5733223.399576107040048, 7379278.728182489052415 ], [ 5733220.722640936262906, 7379259.941503528505564 ], [ 5733218.91267023421824, 7379244.181146388873458 ], [ 5733217.019249716773629, 7379232.890036376193166 ], [ 5733214.122562547214329, 7379221.984045639634132 ], [ 5733204.774181297048926, 7379196.554776197299361 ], [ 5733197.832912740297616, 7379178.372333219274879 ], [ 5733195.494616203941405, 7379170.25137573108077 ], [ 5733192.388201183639467, 7379159.44519168138504 ], [ 5733190.798921334557235, 7379150.148135926574469 ], [ 5733191.262530256994069, 7379145.101721066981554 ], [ 5733191.776397439651191, 7379142.69834116846323 ], [ 5733191.858920277096331, 7379142.303515497595072 ], [ 5733192.008017715997994, 7379141.60396409407258 ], [ 5733192.649472622200847, 7379140.321624344214797 ], [ 5733194.711251150816679, 7379136.155168942175806 ], [ 5733193.129770005121827, 7379135.609253330156207 ], [ 5733187.878320346586406, 7379135.079672742635012 ], [ 5733184.126384015195072, 7379134.274074378423393 ], [ 5733180.159887004643679, 7379132.65318220295012 ], [ 5733174.659014811739326, 7379132.247713889926672 ], [ 5733154.887734057381749, 7379134.577255300246179 ], [ 5733149.180460310541093, 7379134.952336108312011 ], [ 5733132.720518776215613, 7379125.58501860126853 ], [ 5733114.841396132484078, 7379112.370659474283457 ], [ 5733106.949642900377512, 7379096.446014575660229 ], [ 5733103.361886756494641, 7379081.734685337170959 ], [ 5733104.182694753631949, 7379072.171849209815264 ], [ 5733100.266350702382624, 7379050.064976800233126 ], [ 5733095.713944606482983, 7379022.799324102699757 ], [ 5733090.142314987257123, 7379006.4459617882967 ], [ 5733079.609162776730955, 7378982.471366939134896 ], [ 5733061.855805832892656, 7378954.783932222984731 ], [ 5733033.910006656311452, 7378925.084073078818619 ], [ 5732953.462697428651154, 7378832.197970116510987 ], [ 5732945.769716867245734, 7378823.318153973668814 ], [ 5732925.127702390775084, 7378796.746458688750863 ], [ 5732896.120998057536781, 7378757.466300899162889 ], [ 5732856.755910091102123, 7378766.681534372270107 ], [ 5732836.161797256208956, 7378779.343897897750139 ], [ 5732823.824989818967879, 7378790.487783044576645 ], [ 5732813.007814049720764, 7378804.011352134868503 ], [ 5732799.855964494869113, 7378814.191371218301356 ], [ 5732787.764575861394405, 7378817.352843057364225 ], [ 5732776.970263462513685, 7378814.957392292097211 ], [ 5732765.255665023811162, 7378809.694567168131471 ], [ 5732755.70673059951514, 7378800.706664308905602 ], [ 5732735.892734795808792, 7378754.469588058069348 ], [ 5732723.906375706195831, 7378738.236388785764575 ], [ 5732718.34287844505161, 7378725.108615964651108 ], [ 5732718.105220510624349, 7378712.160774812102318 ], [ 5732721.222528257407248, 7378699.647785670123994 ], [ 5732722.19934469461441, 7378684.607567606493831 ], [ 5732717.701781028881669, 7378660.475969533436 ], [ 5732706.938533286564052, 7378610.180393972434103 ] ] ] } },
{ "type": "Feature", "properties": { "lv_id": "LOC_051268", "id": 283364.0, "CD_SETOR": "351060905000161", "SITUACAO": "Urbana", "CD_SIT": "1", "CD_TIPO": "1", "AREA_KM2": 0.027065129509602999, "CD_REGIAO": "3", "NM_REGIAO": "Sudeste", "CD_UF": "35", "NM_UF": "São Paulo", "CD_MUN": "3510609", "NM_MUN": "Carapicuíba", "CD_DIST": "351060905", "NM_DIST": "Carapicuíba", "CD_SUBDIST": "35106090500", "NM_SUBDIST": null, "CD_BAIRRO": null, "NM_BAIRRO": null, "CD_NU": null, "NM_NU": null, "CD_FCU": "35106090119", "NM_FCU": "Santa Terezinha", "CD_AGLOM": null, "NM_AGLOM": null, "CD_RGINT": "3501", "NM_RGINT": "São Paulo", "CD_RGI": "350001", "NM_RGI": "São Paulo", "CD_CONCURB": "3550308", "NM_CONCURB": "São Paulo/SP", "mun_code_x": "3510609", "index_right": 82545, "dist_m": 168.41254472773238, "local_id": 556454, "ano": 2022, "cod_localidade_ibge": 3510609, "NR_ZONA": "303", "nr_cep": 6310140.0, "nm_localidade": "CARAPICUÍBA", "nm_locvot": "COLÉGIO GLÓRIA NOGUEIRA PIQUINI (TIA GLÓRIA)", "ds_endereco": "RUA COIMBRA, 191/193", "ds_bairro": "VILA CALDAS", "pred_long": -46.84091, "pred_lat": -23.51799, "pred_dist": 0.0, "tse_long": -46.8411634, "tse_lat": -23.5180525, "long": -46.8411634, "lat": -23.5180525, "ID_UNICO": "LOC_051268", "SG_UF": "SP", "CD_MUNICIPIO": "63134", "NR_LOCAL_VOTACAO": "1384", "QT_SECOES_AGREGADAS": 0, "QT_ELEITORES_TRANSFERIDOS": 10, "CIRO GOMES (PDT) (NÃO ELEITO) 1T": 71.0, "CONSTITUINTE EYMAEL (DC) (NÃO ELEITO) 1T": 1.0, "FELIPE D AVILA (NOVO) (NÃO ELEITO) 1T": 15.0, "JAIR BOLSONARO (PL) (2º TURNO) 1T": 763.0, "LULA (PT) (2º TURNO) 1T": 717.0, "LÉO PÉRICLES (UP) (NÃO ELEITO) 1T": 4.0, "PADRE KELMON (PTB) (NÃO ELEITO) 1T": 1.0, "SIMONE TEBET (MDB) (NÃO ELEITO) 1T": 100.0, "SOFIA MANZANO (PCB) (NÃO ELEITO) 1T": 0.0, "SORAYA THRONICKE (UNIÃO) (NÃO ELEITO) 1T": 13.0, "VERA (PSTU) (NÃO ELEITO) 1T": 0.0, "Total_Votos_Validos 1T": 1685.0, "Votos_Brancos 1T": 44.0, "Votos_Nulos 1T": 65.0, "Abstenções 1T": 416.0, "Eleitores_Aptos 1T": 2210.0, "JAIR BOLSONARO (PL) (NÃO ELEITO) 2T": 914.0, "LULA (PT) (ELEITO) 2T": 754.0, "Total_Votos_Validos 2T": 1668.0, "Votos_Brancos 2T": 37.0, "Votos_Nulos 2T": 85.0, "Abstenções 2T": 420.0, "Eleitores_Aptos 2T": 2210.0, "mun_code_y": "3510609", "mun_code": "3510609" }, "geometry": { "type": "MultiPolygon", "coordinates": [ [ [ [ 5730987.361600422300398, 7379640.155654336325824 ], [ 5730926.701854549348354, 7379633.304958255030215 ], [ 5730892.254934364929795, 7379626.97636060602963 ], [ 5730873.841899451799691, 7379621.68921487685293 ], [ 5730868.799381979741156, 7379620.221916828304529 ], [ 5730846.479312056675553, 7379609.370095251128078 ], [ 5730807.429224956780672, 7379623.742332424037158 ], [ 5730768.858890402130783, 7379636.661757791414857 ], [ 5730755.36571401823312, 7379640.851135142147541 ], [ 5730785.012513226829469, 7379735.600012347102165 ], [ 5730719.317649320699275, 7379755.77743521425873 ], [ 5730689.642236274667084, 7379661.677379695698619 ], [ 5730623.065993351861835, 7379683.862944714725018 ], [ 5730653.066487973555923, 7379776.69663972966373 ], [ 5730678.503727655857801, 7379853.450281146913767 ], [ 5730699.995612485334277, 7379918.937356073409319 ], [ 5730718.474028006196022, 7379980.991774579510093 ], [ 5730856.660277321003377, 7379968.047049531713128 ], [ 5730916.138855121098459, 7379960.8038399387151 ], [ 5730958.362174263224006, 7379954.488527020439506 ], [ 5730987.361600422300398, 7379640.155654336325824 ] ] ], [ [ [ 5730719.272653161548078, 7379995.596550279296935 ], [ 5730563.041377070359886, 7380011.069643190130591 ], [ 5730500.993972981348634, 7380011.697611322626472 ], [ 5730478.193523241207004, 7380011.126990454271436 ], [ 5730422.245715031400323, 7380006.516823519952595 ], [ 5730269.589327488094568, 7379982.038431647233665 ], [ 5729999.654241362586617, 7379938.759161474183202 ], [ 5729979.41945100389421, 7379936.93259643856436 ], [ 5729975.432049164548516, 7379942.288125391118228 ], [ 5729971.581085186451674, 7379968.275170553475618 ], [ 5730013.270599867217243, 7379973.017191208899021 ], [ 5730051.022534689866006, 7379978.770196192897856 ], [ 5730104.61092278175056, 7379984.057382956147194 ], [ 5730122.914422707632184, 7379988.580807378515601 ], [ 5730140.975993643514812, 7379991.11828981898725 ], [ 5730154.778865392319858, 7379994.995414337143302 ], [ 5730223.506830622442067, 7380009.238343477249146 ], [ 5730246.54667823202908, 7380014.005462793633342 ], [ 5730273.858677661046386, 7380023.046647045761347 ], [ 5730302.374073999002576, 7380029.761911394074559 ], [ 5730331.145843117497861, 7380032.792059861123562 ], [ 5730359.458162949420512, 7380032.753201689571142 ], [ 5730377.49338695500046, 7380041.129457214847207 ], [ 5730399.539614235982299, 7380041.749017176218331 ], [ 5730422.00865432061255, 7380044.289645583368838 ], [ 5730517.880744895897806, 7380057.813937260769308 ], [ 5730726.100329373963177, 7380026.554325281642377 ], [ 5730720.521246626973152, 7380000.959017336368561 ], [ 5730719.272653161548078, 7379995.596550279296935 ] ] ] ] } },
{ "type": "Feature", "properties": { "lv_id": "LOC_051271", "id": 283305.0, "CD_SETOR": "351060905000009", "SITUACAO": "Urbana", "CD_SIT": "1", "CD_TIPO": "1", "AREA_KM2": 0.017068135578023998, "CD_REGIAO": "3", "NM_REGIAO": "Sudeste", "CD_UF": "35", "NM_UF": "São Paulo", "CD_MUN": "3510609", "NM_MUN": "Carapicuíba", "CD_DIST": "351060905", "NM_DIST": "Carapicuíba", "CD_SUBDIST": "35106090500", "NM_SUBDIST": null, "CD_BAIRRO": null, "NM_BAIRRO": null, "CD_NU": null, "NM_NU": null, "CD_FCU": "35106090111", "NM_FCU": "Rua Marli / Basílio", "CD_AGLOM": null, "NM_AGLOM": null, "CD_RGINT": "3501", "NM_RGINT": "São Paulo", "CD_RGI": "350001", "NM_RGI": "São Paulo", "CD_CONCURB": "3550308", "NM_CONCURB": "São Paulo/SP", "mun_code_x": "3510609", "index_right": 82570, "dist_m": 189.65878482450751, "local_id": 556479, "ano": 2022, "cod_localidade_ibge": 3510609, "NR_ZONA": "303", "nr_cep": 6322250.0, "nm_localidade": "CARAPICUÍBA", "nm_locvot": "E.E. IGNEZ DOS SANTOS SILVA", "ds_endereco": "RUA YUKICHIRO ARAKAWA, 481", "ds_bairro": "JARDIM ANA MARIA", "pred_long": -46.835383, "pred_lat": -23.532644, "pred_dist": 0.0, "tse_long": -46.8354111, "tse_lat": -23.5326119, "long": -46.8354111, "lat": -23.5326119, "ID_UNICO": "LOC_051271", "SG_UF": "SP", "CD_MUNICIPIO": "63134", "NR_LOCAL_VOTACAO": "1708", "QT_SECOES_AGREGADAS": 0, "QT_ELEITORES_TRANSFERIDOS": 7, "CIRO GOMES (PDT) (NÃO ELEITO) 1T": 44.0, "CONSTITUINTE EYMAEL (DC) (NÃO ELEITO) 1T": 0.0, "FELIPE D AVILA (NOVO) (NÃO ELEITO) 1T": 5.0, "JAIR BOLSONARO (PL) (2º TURNO) 1T": 373.0, "LULA (PT) (2º TURNO) 1T": 619.0, "LÉO PÉRICLES (UP) (NÃO ELEITO) 1T": 2.0, "PADRE KELMON (PTB) (NÃO ELEITO) 1T": 0.0, "SIMONE TEBET (MDB) (NÃO ELEITO) 1T": 61.0, "SOFIA MANZANO (PCB) (NÃO ELEITO) 1T": 1.0, "SORAYA THRONICKE (UNIÃO) (NÃO ELEITO) 1T": 7.0, "VERA (PSTU) (NÃO ELEITO) 1T": 0.0, "Total_Votos_Validos 1T": 1112.0, "Votos_Brancos 1T": 30.0, "Votos_Nulos 1T": 33.0, "Abstenções 1T": 343.0, "Eleitores_Aptos 1T": 1518.0, "JAIR BOLSONARO (PL) (NÃO ELEITO) 2T": 466.0, "LULA (PT) (ELEITO) 2T": 654.0, "Total_Votos_Validos 2T": 1120.0, "Votos_Brancos 2T": 29.0, "Votos_Nulos 2T": 37.0, "Abstenções 2T": 332.0, "Eleitores_Aptos 2T": 1518.0, "mun_code_y": "3510609", "mun_code": "3510609" }, "geometry": { "type": "Polygon", "coordinates": [ [ [ 5731010.925964263267815, 7377875.738061345182359 ], [ 5730986.441099151968956, 7377870.64340341463685 ], [ 5730981.551907871849835, 7377878.600697720423341 ], [ 5730971.814511645585299, 7377878.51784001942724 ], [ 5730962.846798421815038, 7377878.697907280176878 ], [ 5730962.220635709352791, 7377883.160565858706832 ], [ 5730971.812053396366537, 7377885.237588884308934 ], [ 5730971.65636373590678, 7377886.216474730521441 ], [ 5730970.935639934614301, 7377890.628047039732337 ], [ 5730976.226909445598722, 7377923.147027481347322 ], [ 5730976.994284856133163, 7377927.261022577062249 ], [ 5730970.572731369175017, 7377928.474764490500093 ], [ 5730962.010421281680465, 7377931.045599024742842 ], [ 5730880.021054983139038, 7377969.76579469256103 ], [ 5730900.725714564323425, 7378020.457096279598773 ], [ 5730792.802879529073834, 7378051.49745530448854 ], [ 5730782.211952476762235, 7378057.473445215262473 ], [ 5730747.089205441065133, 7378089.632889427244663 ], [ 5730740.861594096757472, 7378088.995072692632675 ], [ 5730716.602433729916811, 7378072.838143700733781 ], [ 5730712.275039409287274, 7378078.121810756623745 ], [ 5730653.484922058880329, 7378158.957354581914842 ], [ 5730710.209402130916715, 7378140.911314025521278 ], [ 5730778.037159815430641, 7378120.401861343532801 ], [ 5730844.064886923879385, 7378100.294475577771664 ], [ 5730847.638293670490384, 7378099.167239878326654 ], [ 5730916.843089956790209, 7378076.958596556447446 ], [ 5730904.88395163230598, 7378121.74683369230479 ], [ 5730903.46579747647047, 7378128.78284049872309 ], [ 5730883.754258782602847, 7378218.048653451725841 ], [ 5730822.002310259267688, 7378222.817869418300688 ], [ 5730819.68354219943285, 7378223.681519998237491 ], [ 5730820.65660604275763, 7378275.838186718523502 ], [ 5730830.318168473429978, 7378275.009716390632093 ], [ 5730879.581160563975573, 7378255.360005317255855 ], [ 5730886.78014222625643, 7378257.433843826875091 ], [ 5730887.496303532272577, 7378267.086817136965692 ], [ 5730877.524338352493942, 7378274.817866580560803 ], [ 5730908.350179435685277, 7378311.743204681202769 ], [ 5730887.480569135397673, 7378330.789931620471179 ], [ 5730901.766786561347544, 7378340.49078618362546 ], [ 5730912.773460089229047, 7378354.139376201666892 ], [ 5730916.055827126838267, 7378362.559148141182959 ], [ 5730916.239730977453291, 7378374.046972922980785 ], [ 5730922.235405678860843, 7378373.926151471212506 ], [ 5730972.322401975281537, 7378372.652616802603006 ], [ 5730972.950718024745584, 7378380.7472880249843 ], [ 5730977.729045106098056, 7378380.408188100904226 ], [ 5730979.28837670199573, 7378388.925173569470644 ], [ 5731031.055253934115171, 7378373.146035362035036 ], [ 5731038.146857738494873, 7378390.707122679799795 ], [ 5731063.078008178621531, 7378378.891299618408084 ], [ 5731058.125020820647478, 7378362.596343937329948 ], [ 5731123.238769760355353, 7378355.928250519558787 ], [ 5731126.327516951598227, 7378357.794315917417407 ], [ 5731129.652693124487996, 7378375.275643603876233 ], [ 5731130.568458372727036, 7378396.315284516662359 ], [ 5731085.022828144952655, 7378397.831298545002937 ], [ 5731093.583515098318458, 7378413.890243759378791 ], [ 5731105.13956004101783, 7378434.454203892499208 ], [ 5731111.568949331529438, 7378451.445610268041492 ], [ 5731113.762551052495837, 7378461.404334362596273 ], [ 5731120.552441731095314, 7378472.294342147186399 ], [ 5731125.664115691557527, 7378501.618819141760468 ], [ 5731153.344470400363207, 7378496.340557286515832 ], [ 5731168.270835532806814, 7378494.467568568885326 ], [ 5731181.085365067236125, 7378493.302817143499851 ], [ 5731240.419757928699255, 7378514.672357344068587 ], [ 5731322.294730169698596, 7378537.795410629361868 ], [ 5731331.494278876110911, 7378571.380603987723589 ], [ 5731333.236707283183932, 7378621.099452978000045 ], [ 5731335.173831882886589, 7378657.291104509495199 ], [ 5731339.333377970382571, 7378675.713064692914486 ], [ 5731346.800870452076197, 7378699.986206093803048 ], [ 5731356.442953013814986, 7378718.245881451293826 ], [ 5731362.979623564518988, 7378730.409851409494877 ], [ 5731371.81707851588726, 7378730.682704873383045 ], [ 5731427.580815239809453, 7378742.139596965163946 ], [ 5731426.77125431317836, 7378727.747249033302069 ], [ 5731429.978721695020795, 7378725.019667439162731 ], [ 5731444.587759718298912, 7378725.595695896074176 ], [ 5731480.189693848602474, 7378731.128033713437617 ], [ 5731484.525680770166218, 7378730.73277261480689 ], [ 5731483.906260739080608, 7378718.719634810462594 ], [ 5731489.220017375424504, 7378707.995060255751014 ], [ 5731495.413580207154155, 7378701.791886683553457 ], [ 5731508.650365811772645, 7378691.251817269250751 ], [ 5731522.265055616386235, 7378680.704007418826222 ], [ 5731530.521388865076005, 7378669.117968682199717 ], [ 5731537.71555407717824, 7378640.127188494428992 ], [ 5731548.711867730133235, 7378590.195683643221855 ], [ 5731548.072598500177264, 7378587.012892832048237 ], [ 5731544.267833114601672, 7378582.682314410805702 ], [ 5731466.31503857858479, 7378562.567856829613447 ], [ 5731461.253616956062615, 7378548.823297249153256 ], [ 5731428.124135731719434, 7378481.931335186585784 ], [ 5731428.527067538350821, 7378472.992552079260349 ], [ 5731441.578964179381728, 7378475.153223009780049 ], [ 5731503.197126377373934, 7378487.567175556905568 ], [ 5731568.16070385556668, 7378503.709347155876458 ], [ 5731593.34904608502984, 7378392.702657543122768 ], [ 5731644.348437312990427, 7378403.15752992592752 ], [ 5731613.534425339661539, 7378292.918418219313025 ], [ 5731611.410296894609928, 7378281.694851194508374 ], [ 5731622.209898671135306, 7378262.480452706106007 ], [ 5731636.600380780175328, 7378245.564564584754407 ], [ 5731645.85463213454932, 7378229.396558644250035 ], [ 5731660.309699343517423, 7378206.193010398186743 ], [ 5731682.128137024119496, 7378167.451701410114765 ], [ 5731692.401400997303426, 7378153.677238776348531 ], [ 5731713.504433498717844, 7378129.906807142309844 ], [ 5731720.61126945540309, 7378122.753616228699684 ], [ 5731728.175753690302372, 7378112.887413121759892 ], [ 5731734.879795225337148, 7378103.399094845168293 ], [ 5731741.108059672638774, 7378093.1866823034361 ], [ 5731743.613934691995382, 7378080.704669285565615 ], [ 5731743.069534142501652, 7378061.800547396764159 ], [ 5731738.32287426572293, 7378037.770940465852618 ], [ 5731640.978460816666484, 7378023.628499565646052 ], [ 5731564.316662637516856, 7378013.563916449435055 ], [ 5731497.459027519449592, 7378003.890733720734715 ], [ 5731448.063020654954016, 7377997.061556747183204 ], [ 5731428.010817550122738, 7377994.547682464122772 ], [ 5731362.04794648848474, 7377984.360417237505317 ], [ 5731295.566155463457108, 7377974.221147829666734 ], [ 5731235.212705600075424, 7377964.366987727582455 ], [ 5731241.693898203782737, 7377915.956233435310423 ], [ 5731244.432303810492158, 7377897.468682508915663 ], [ 5731182.351007903926075, 7377891.094074773602188 ], [ 5731038.171067862771451, 7377878.160975157283247 ], [ 5731027.226695448160172, 7377874.990714854560792 ], [ 5731020.641439445316792, 7377872.919821206480265 ], [ 5731015.385261678136885, 7377874.745104 ], [ 5731010.925964263267815, 7377875.738061345182359 ] ] ] } }
]
}
