{
"type": "FeatureCollection",
"name": "3520509",
"crs": { "type": "name", "properties": { "name": "urn:ogc:def:crs:EPSG::5880" } },
"features": [
{ "type": "Feature", "properties": { "lv_id": "LOC_052375", "id": 297551.0, "CD_SETOR": "352050905000009", "SITUACAO": "Urbana", "CD_SIT": "1", "CD_TIPO": "0", "AREA_KM2": 0.106012780702691, "CD_REGIAO": "3", "NM_REGIAO": "Sudeste", "CD_UF": "35", "NM_UF": "São Paulo", "CD_MUN": "3520509", "NM_MUN": "Indaiatuba", "CD_DIST": "352050905", "NM_DIST": "Indaiatuba", "CD_SUBDIST": "35205090500", "NM_SUBDIST": null, "CD_BAIRRO": null, "NM_BAIRRO": null, "CD_NU": null, "NM_NU": null, "CD_FCU": null, "NM_FCU": null, "CD_AGLOM": null, "NM_AGLOM": null, "CD_RGINT": "3510", "NM_RGINT": "Campinas", "CD_RGI": "350038", "NM_RGI": "Campinas", "CD_CONCURB": "3520509", "NM_CONCURB": "Indaiatuba", "mun_code_x": "3520509", "index_right": 83968, "dist_m": 0.0, "local_id": 568407, "ano": 2022, "cod_localidade_ibge": 3520509, "NR_ZONA": "211", "nr_cep": 13330000.0, "nm_localidade": "INDAIATUBA", "nm_locvot": "FUNDAÇÃO INDAIATUBANA DE EDUCAÇÃO E CULTURA - FIEC - SEDE 2", "ds_endereco": "RUA ALBERTO SANTOS DUMONT, 1849", "ds_bairro": "BAIRRO CIDADE NOVA 1", "pred_long": -47.202857, "pred_lat": -23.086377, "pred_dist": 0.066548244860761496, "tse_long": null, "tse_lat": null, "long": -47.202857, "lat": -23.086377, "ID_UNICO": "LOC_052375", "SG_UF": "SP", "CD_MUNICIPIO": "65110", "NR_LOCAL_VOTACAO": "1015", "QT_SECOES_AGREGADAS": 0, "QT_ELEITORES_TRANSFERIDOS": 41, "CIRO GOMES (PDT) (NÃO ELEITO) 1T": 120.0, "CONSTITUINTE EYMAEL (DC) (NÃO ELEITO) 1T": 0.0, "FELIPE D AVILA (NOVO) (NÃO ELEITO) 1T": 32.0, "JAIR BOLSONARO (PL) (2º TURNO) 1T": 1792.0, "LULA (PT) (2º TURNO) 1T": 831.0, "LÉO PÉRICLES (UP) (NÃO ELEITO) 1T": 2.0, "PADRE KELMON (PTB) (NÃO ELEITO) 1T": 1.0, "SIMONE TEBET (MDB) (NÃO ELEITO) 1T": 235.0, "SOFIA MANZANO (PCB) (NÃO ELEITO) 1T": 1.0, "SORAYA THRONICKE (UNIÃO) (NÃO ELEITO) 1T": 14.0, "VERA (PSTU) (NÃO ELEITO) 1T": 0.0, "Total_Votos_Validos 1T": 3028.0, "Votos_Brancos 1T": 51.0, "Votos_Nulos 1T": 91.0, "Abstenções 1T": 1197.0, "Eleitores_Aptos 1T": 4367.0, "JAIR BOLSONARO (PL) (NÃO ELEITO) 2T": 2039.0, "LULA (PT) (ELEITO) 2T": 951.0, "Total_Votos_Validos 2T": 2990.0, "Votos_Brancos 2T": 76.0, "Votos_Nulos 2T": 115.0, "Abstenções 2T": 1186.0, "Eleitores_Aptos 2T": 4367.0, "mun_code_y": "3520509", "mun_code": "3520509" }, "geometry": { "type": "Polygon", "coordinates": [ [ [ 5696041.449165712110698, 7429415.415349293500185 ], [ 5696096.64779397379607, 7429382.253418181091547 ], [ 5696038.36228287499398, 7429283.843553032726049 ], [ 5695983.172866295091808, 7429317.417578991502523 ], [ 5695916.719906445592642, 7429205.669715905562043 ], [ 5695849.739732178859413, 7429244.409337007440627 ], [ 5695801.645697490312159, 7429163.993946347385645 ], [ 5695746.453352699056268, 7429216.716623446904123 ], [ 5695743.902524860575795, 7429218.106743643060327 ], [ 5695687.611237414181232, 7429248.71960224583745 ], [ 5695647.835767392069101, 7429270.344170372933149 ], [ 5695626.598129817284644, 7429281.905102454125881 ], [ 5695527.8798882169649, 7429335.592059556394815 ], [ 5695400.649331052787602, 7429404.779346945695579 ], [ 5695312.493743588216603, 7429452.720260336995125 ], [ 5695440.380048834718764, 7429481.168017137795687 ], [ 5695632.218191815540195, 7429530.852622048929334 ], [ 5695689.689794129692018, 7429545.73344224318862 ], [ 5695799.100303587503731, 7429574.067900344729424 ], [ 5695818.098780984990299, 7429578.994510374963284 ], [ 5695809.850211624056101, 7429583.805993443354964 ], [ 5695734.634133562445641, 7429627.678794898092747 ], [ 5695646.265648616477847, 7429679.22263050172478 ], [ 5695566.624644751660526, 7429725.675682788714767 ], [ 5695477.366264875978231, 7429777.739144729450345 ], [ 5695400.121099407784641, 7429822.797029762528837 ], [ 5695302.189163663424551, 7429879.165855204686522 ], [ 5695202.981135298497975, 7429939.217764519155025 ], [ 5695271.786408641375601, 7430057.985144600272179 ], [ 5695371.388318423181772, 7429999.554095271043479 ], [ 5695469.012499797157943, 7429942.284787449985743 ], [ 5695546.147083497606218, 7429897.042236044071615 ], [ 5695634.204176161438227, 7429845.380141472443938 ], [ 5695701.147861537523568, 7429963.965438053011894 ], [ 5695768.226469778455794, 7430082.789818318560719 ], [ 5695851.031980735249817, 7430034.426767219789326 ], [ 5695934.226267701946199, 7429985.833109676837921 ], [ 5696014.474633454345167, 7429938.970786872319877 ], [ 5696097.328092603944242, 7429890.570223884657025 ], [ 5696176.746063970960677, 7429844.180349221453071 ], [ 5696258.580333290621638, 7429796.383680114522576 ], [ 5696329.206542017869651, 7429919.502775643020868 ], [ 5696428.093512994237244, 7430091.884634623304009 ], [ 5696504.380920134484768, 7430224.878153519704938 ], [ 5696520.356674552895129, 7430209.32312030158937 ], [ 5696573.407566806301475, 7430157.701544981449842 ], [ 5696603.043617995455861, 7430128.862731913104653 ], [ 5696641.344509558752179, 7430091.590105934068561 ], [ 5696683.756668215617537, 7430050.311498809605837 ], [ 5696710.831137928180397, 7430023.96725170686841 ], [ 5696766.775111868977547, 7429969.521946560591459 ], [ 5696780.317052929662168, 7429956.343917541205883 ], [ 5696750.852369105443358, 7429903.033282993361354 ], [ 5696658.427535841241479, 7429735.805483851581812 ], [ 5696949.951409656554461, 7429791.248807423748076 ], [ 5697114.874245945364237, 7429822.609258987009525 ], [ 5697109.182570862583816, 7429732.891278177499771 ], [ 5697105.606893535703421, 7429676.533993573859334 ], [ 5697100.229767167940736, 7429591.597190469503403 ], [ 5697092.380467410199344, 7429548.544032819569111 ], [ 5697077.86463638395071, 7429511.891245294362307 ], [ 5697057.916973526589572, 7429477.532687382772565 ], [ 5696983.657123953104019, 7429481.027593028731644 ], [ 5696923.009122643619776, 7429483.887740465812385 ], [ 5696919.642183847725391, 7429482.505535835400224 ], [ 5696826.229508149437606, 7429444.019949593581259 ], [ 5696762.975151264108717, 7429417.958445345982909 ], [ 5696739.751060252077878, 7429403.114063763990998 ], [ 5696719.59783064480871, 7429382.182010329328477 ], [ 5696686.450712003745139, 7429326.645279970020056 ], [ 5696653.471773535013199, 7429271.412994358688593 ], [ 5696616.510362074710429, 7429209.495999117381871 ], [ 5696596.486556372605264, 7429221.559622470289469 ], [ 5696541.613010107539594, 7429254.619506197981536 ], [ 5696510.315048644319177, 7429273.476162607781589 ], [ 5696490.261393655091524, 7429285.563290622085333 ], [ 5696433.063269034959376, 7429320.035818114876747 ], [ 5696378.328620119951665, 7429353.010353807359934 ], [ 5696267.532027533277869, 7429419.767665399238467 ], [ 5696247.178681918419898, 7429432.035602635703981 ], [ 5696212.378136853687465, 7429453.006268214434385 ], [ 5696157.96169026568532, 7429485.786454496905208 ], [ 5696102.996570573188365, 7429518.904196128249168 ], [ 5696070.576767615042627, 7429464.403568337671459 ], [ 5696041.449165712110698, 7429415.415349293500185 ] ] ] } },
{ "type": "Feature", "properties": { "lv_id": "LOC_052376", "id": 297546.0, "CD_SETOR": "352050905000004", "SITUACAO": "Urbana", "CD_SIT": "1", "CD_TIPO": "0", "AREA_KM2": 0.077835264917278005, "CD_REGIAO": "3", "NM_REGIAO": "Sudeste", "CD_UF": "35", "NM_UF": "São Paulo", "CD_MUN": "3520509", "NM_MUN": "Indaiatuba", "CD_DIST": "352050905", "NM_DIST": "Indaiatuba", "CD_SUBDIST": "35205090500", "NM_SUBDIST": null, "CD_BAIRRO": null, "NM_BAIRRO": null, "CD_NU": null, "NM_NU": null, "CD_FCU": null, "NM_FCU": null, "CD_AGLOM": null, "NM_AGLOM": null, "CD_RGINT": "3510", "NM_RGINT": "Campinas", "CD_RGI": "350038", "NM_RGI": "Campinas", "CD_CONCURB": "3520509", "NM_CONCURB": "Indaiatuba", "mun_code_x": "3520509", "index_right": 83951, "dist_m": 388.1971298417688, "local_id": 568390, "ano": 2022, "cod_localidade_ibge": 3520509, "NR_ZONA": "211", "nr_cep": 13330360.0, "nm_localidade": "INDAIATUBA", "nm_locvot": "COLÉGIO CANDELÁRIA", "ds_endereco": "RUA PADRE VICENTE RIZZO, 699", "ds_bairro": "CENTRO", "pred_long": -47.2182389, "pred_lat": -23.09052, "pred_dist": 0.0, "tse_long": -47.2181208, "tse_lat": -23.0905904, "long": -47.2181208, "lat": -23.0905904, "ID_UNICO": "LOC_052376", "SG_UF": "SP", "CD_MUNICIPIO": "65110", "NR_LOCAL_VOTACAO": "1023", "QT_SECOES_AGREGADAS": 0, "QT_ELEITORES_TRANSFERIDOS": 94, "CIRO GOMES (PDT) (NÃO ELEITO) 1T": 161.0, "CONSTITUINTE EYMAEL (DC) (NÃO ELEITO) 1T": 1.0, "FELIPE D AVILA (NOVO) (NÃO ELEITO) 1T": 42.0, "JAIR BOLSONARO (PL) (2º TURNO) 1T": 2404.0, "LULA (PT) (2º TURNO) 1T": 1212.0, "LÉO PÉRICLES (UP) (NÃO ELEITO) 1T": 5.0, "PADRE KELMON (PTB) (NÃO ELEITO) 1T": 0.0, "SIMONE TEBET (MDB) (NÃO ELEITO) 1T": 353.0, "SOFIA MANZANO (PCB) (NÃO ELEITO) 1T": 2.0, "SORAYA THRONICKE (UNIÃO) (NÃO ELEITO) 1T": 16.0, "VERA (PSTU) (NÃO ELEITO) 1T": 0.0, "Total_Votos_Validos 1T": 4196.0, "Votos_Brancos 1T": 69.0, "Votos_Nulos 1T": 117.0, "Abstenções 1T": 1138.0, "Eleitores_Aptos 1T": 5520.0, "JAIR BOLSONARO (PL) (NÃO ELEITO) 2T": 2751.0, "LULA (PT) (ELEITO) 2T": 1427.0, "Total_Votos_Validos 2T": 4178.0, "Votos_Brancos 2T": 84.0, "Votos_Nulos 2T": 161.0, "Abstenções 2T": 1097.0, "Eleitores_Aptos 2T": 5520.0, "mun_code_y": "3520509", "mun_code": "3520509" }, "geometry": { "type": "Polygon", "coordinates": [ [ [ 5694190.582131682895124, 7428785.1561882738024 ], [ 5694195.176879045553505, 7428823.218111526221037 ], [ 5694070.391795359551907, 7428813.265243041329086 ], [ 5694044.914074618369341, 7428811.236275846138597 ], [ 5693988.262831287458539, 7428818.829285701736808 ], [ 5693966.437151914462447, 7428832.757047697901726 ], [ 5693941.206253114156425, 7428848.894888276234269 ], [ 5693930.070455986075103, 7428863.776141015812755 ], [ 5693912.242132413201034, 7428888.057258448563516 ], [ 5693893.75054438225925, 7428931.673940406180918 ], [ 5693883.252910324372351, 7429037.161083333194256 ], [ 5693907.284769171848893, 7429123.101329989731312 ], [ 5693918.839665953069925, 7429202.282422790303826 ], [ 5693924.547677689231932, 7429277.240477917715907 ], [ 5693928.070073470473289, 7429323.392938422039151 ], [ 5693938.41868441272527, 7429376.533415708690882 ], [ 5693957.425345873460174, 7429428.379881467670202 ], [ 5693986.34451019950211, 7429480.770018309354782 ], [ 5694018.027833397500217, 7429538.139671582728624 ], [ 5694048.345689685083926, 7429593.041101489216089 ], [ 5694062.56377918459475, 7429618.778977541252971 ], [ 5694072.646786731667817, 7429648.244102445431054 ], [ 5694077.39928917773068, 7429670.908306133002043 ], [ 5694079.17532048560679, 7429679.357482811436057 ], [ 5694081.256376754492521, 7429713.654990219511092 ], [ 5694076.391464179381728, 7429817.877184608951211 ], [ 5694076.877053176984191, 7429833.010796589776874 ], [ 5694077.451005126349628, 7429850.716518012806773 ], [ 5694078.358397135511041, 7429881.600084722042084 ], [ 5694084.902013030834496, 7429928.984172787517309 ], [ 5694096.597265746444464, 7429922.173731417395175 ], [ 5694203.520447858609259, 7429859.876226961612701 ], [ 5694260.178169723600149, 7429826.877966633066535 ], [ 5694308.775265609845519, 7429798.558510487899184 ], [ 5694360.868186740204692, 7429768.214063165709376 ], [ 5694410.86216695792973, 7429856.584857388399541 ], [ 5694498.876693544909358, 7429805.489979999139905 ], [ 5694510.56001943629235, 7429827.196695517748594 ], [ 5694547.844404584728181, 7429896.484495785087347 ], [ 5694461.493061671033502, 7429946.074784127064049 ], [ 5694513.641440995037556, 7430036.208005158230662 ], [ 5694578.06620760448277, 7430147.552028944715858 ], [ 5694599.697807369753718, 7430184.945674366317689 ], [ 5694640.028037634678185, 7430254.649778292514384 ], [ 5694717.831843629479408, 7430204.507906412705779 ], [ 5694680.30605420190841, 7430137.116089694201946 ], [ 5694659.373263557441533, 7430099.53392315749079 ], [ 5694747.838122471235693, 7430047.290492871776223 ], [ 5694835.014543765224516, 7429995.808832943439484 ], [ 5694919.753936551511288, 7429945.755735861137509 ], [ 5694995.581903687678277, 7429901.502836460247636 ], [ 5695072.657770078629255, 7429856.522267023101449 ], [ 5695140.556666378863156, 7429816.919514385983348 ], [ 5695081.994023839943111, 7429696.047770923003554 ], [ 5695037.643590616062284, 7429609.802464421838522 ], [ 5694961.010234707966447, 7429652.13064613007009 ], [ 5694911.780622634105384, 7429563.279209094122052 ], [ 5694994.181432655081153, 7429514.839129295200109 ], [ 5695085.407465578056872, 7429461.203712198883295 ], [ 5695173.018825970590115, 7429409.698476117104292 ], [ 5695263.984128030948341, 7429356.218707844614983 ], [ 5695216.686338087543845, 7429263.720404976978898 ], [ 5695124.792053300887346, 7429317.945828880183399 ], [ 5695082.506903752684593, 7429237.526893271133304 ], [ 5695074.95863023493439, 7429223.167441691271961 ], [ 5695030.177511976100504, 7429132.492575911805034 ], [ 5695006.569671176373959, 7429097.611585594713688 ], [ 5694973.113404466770589, 7429065.329711862839758 ], [ 5694970.065253216773272, 7429035.883439178578556 ], [ 5694959.592465000227094, 7429004.908666758798063 ], [ 5694944.422517474740744, 7428978.579847875982523 ], [ 5694930.636050390079618, 7428946.699619147926569 ], [ 5694926.935144372284412, 7428912.688819795846939 ], [ 5694929.748903214931488, 7428880.048075176775455 ], [ 5694928.229751327075064, 7428856.809677571058273 ], [ 5694927.330574169754982, 7428842.95528776012361 ], [ 5694913.565075144171715, 7428827.000075407326221 ], [ 5694836.845673416741192, 7428738.044150326400995 ], [ 5694814.24559283722192, 7428711.826508414000273 ], [ 5694791.635858653113246, 7428685.620456927455962 ], [ 5694768.550213597714901, 7428693.150851044803858 ], [ 5694749.387242930941284, 7428691.721785519272089 ], [ 5694730.986798192374408, 7428679.093504413962364 ], [ 5694709.098641534335911, 7428650.088006963953376 ], [ 5694654.999448795802891, 7428559.009763350710273 ], [ 5694616.102041823789477, 7428506.894750636070967 ], [ 5694603.388039711862803, 7428495.909233840182424 ], [ 5694586.134233290329576, 7428481.0193862747401 ], [ 5694567.453154356218874, 7428515.847088214941323 ], [ 5694536.962379609234631, 7428572.681031489744782 ], [ 5694507.463294013403356, 7428627.68435219861567 ], [ 5694477.576843848451972, 7428683.408152216114104 ], [ 5694448.058269697241485, 7428738.44557798653841 ], [ 5694342.977165356278419, 7428681.854370797984302 ], [ 5694315.293185073882341, 7428671.831672416999936 ], [ 5694291.978472399525344, 7428666.680376954376698 ], [ 5694235.599823512136936, 7428654.254276374354959 ], [ 5694232.671479222364724, 7428665.64314510859549 ], [ 5694231.982211844064295, 7428676.660359274595976 ], [ 5694233.526416122913361, 7428688.733699562959373 ], [ 5694237.157147152349353, 7428700.241728303954005 ], [ 5694241.614353558979928, 7428710.551513465121388 ], [ 5694243.956757431849837, 7428714.178805825300515 ], [ 5694224.836139148101211, 7428713.661629026755691 ], [ 5694191.69556869007647, 7428711.152400124818087 ], [ 5694202.161694370210171, 7428779.856324820779264 ], [ 5694190.582131682895124, 7428785.1561882738024 ] ] ] } },
{ "type": "Feature", "properties": { "lv_id": "LOC_052377", "id": 297543.0, "CD_SETOR": "352050905000001", "SITUACAO": "Urbana", "CD_SIT": "1", "CD_TIPO": "0", "AREA_KM2": 0.13359363211286199, "CD_REGIAO": "3", "NM_REGIAO": "Sudeste", "CD_UF": "35", "NM_UF": "São Paulo", "CD_MUN": "3520509", "NM_MUN": "Indaiatuba", "CD_DIST": "352050905", "NM_DIST": "Indaiatuba", "CD_SUBDIST": "35205090500", "NM_SUBDIST": null, "CD_BAIRRO": null, "NM_BAIRRO": null, "CD_NU": null, "NM_NU": null, "CD_FCU": null, "NM_FCU": null, "CD_AGLOM": null, "NM_AGLOM": null, "CD_RGINT": "3510", "NM_RGINT": "Campinas", "CD_RGI": "350038", "NM_RGI": "Campinas", "CD_CONCURB": "3520509", "NM_CONCURB": "Indaiatuba", "mun_code_x": "3520509", "index_right": 83971, "dist_m": 190.3713608008299, "local_id": 568410, "ano": 2022, "cod_localidade_ibge": 3520509, "NR_ZONA": "211", "nr_cep": 13330000.0, "nm_localidade": "INDAIATUBA", "nm_locvot": "EE. PROF. HELENA DE CAMPOS CAMARGO", "ds_endereco": "RUA TUIUTI, SEM NÚMERO", "ds_bairro": "BAIRRO CIDADE NOVA 1", "pred_long": -47.2090571, "pred_lat": -23.0843995, "pred_dist": 0.0, "tse_long": -47.2089336, "tse_lat": -23.0844591, "long": -47.2089336, "lat": -23.0844591, "ID_UNICO": "LOC_052377", "SG_UF": "SP", "CD_MUNICIPIO": "65110", "NR_LOCAL_VOTACAO": "1031", "QT_SECOES_AGREGADAS": 0, "QT_ELEITORES_TRANSFERIDOS": 143, "CIRO GOMES (PDT) (NÃO ELEITO) 1T": 79.0, "CONSTITUINTE EYMAEL (DC) (NÃO ELEITO) 1T": 0.0, "FELIPE D AVILA (NOVO) (NÃO ELEITO) 1T": 22.0, "JAIR BOLSONARO (PL) (2º TURNO) 1T": 1352.0, "LULA (PT) (2º TURNO) 1T": 650.0, "LÉO PÉRICLES (UP) (NÃO ELEITO) 1T": 1.0, "PADRE KELMON (PTB) (NÃO ELEITO) 1T": 2.0, "SIMONE TEBET (MDB) (NÃO ELEITO) 1T": 161.0, "SOFIA MANZANO (PCB) (NÃO ELEITO) 1T": 2.0, "SORAYA THRONICKE (UNIÃO) (NÃO ELEITO) 1T": 7.0, "VERA (PSTU) (NÃO ELEITO) 1T": 1.0, "Total_Votos_Validos 1T": 2277.0, "Votos_Brancos 1T": 37.0, "Votos_Nulos 1T": 75.0, "Abstenções 1T": 875.0, "Eleitores_Aptos 1T": 3264.0, "JAIR BOLSONARO (PL) (NÃO ELEITO) 2T": 1549.0, "LULA (PT) (ELEITO) 2T": 736.0, "Total_Votos_Validos 2T": 2285.0, "Votos_Brancos 2T": 43.0, "Votos_Nulos 2T": 79.0, "Abstenções 2T": 857.0, "Eleitores_Aptos 2T": 3264.0, "mun_code_y": "3520509", "mun_code": "3520509" }, "geometry": { "type": "Polygon", "coordinates": [ [ [ 5695263.984128030948341, 7429356.218707844614983 ], [ 5695173.018825970590115, 7429409.698476117104292 ], [ 5695085.407465578056872, 7429461.203712198883295 ], [ 5694994.181432655081153, 7429514.839129295200109 ], [ 5694911.780622634105384, 7429563.279209094122052 ], [ 5694961.010234707966447, 7429652.13064613007009 ], [ 5695037.643590616062284, 7429609.802464421838522 ], [ 5695081.994023839943111, 7429696.047770923003554 ], [ 5695140.556666378863156, 7429816.919514385983348 ], [ 5695072.657770078629255, 7429856.522267023101449 ], [ 5694995.581903687678277, 7429901.502836460247636 ], [ 5694919.753936551511288, 7429945.755735861137509 ], [ 5694835.014543765224516, 7429995.808832943439484 ], [ 5694747.838122471235693, 7430047.290492871776223 ], [ 5694659.373263557441533, 7430099.53392315749079 ], [ 5694680.30605420190841, 7430137.116089694201946 ], [ 5694717.831843629479408, 7430204.507906412705779 ], [ 5694779.278530993498862, 7430313.302263828925788 ], [ 5694811.549929508939385, 7430370.443563074804842 ], [ 5694860.795148110948503, 7430457.633332211524248 ], [ 5694892.854969899170101, 7430514.405270012095571 ], [ 5694924.121189144439995, 7430569.764233832247555 ], [ 5695009.97208496183157, 7430520.819825254380703 ], [ 5695065.483798123896122, 7430489.176956775598228 ], [ 5695172.698772967793047, 7430428.052557628601789 ], [ 5695145.881379581056535, 7430367.122730232775211 ], [ 5695119.054399495013058, 7430306.204512142576277 ], [ 5695204.765787365846336, 7430254.744321247562766 ], [ 5695273.244593471288681, 7430370.884044628590345 ], [ 5695324.802257413044572, 7430458.333697063848376 ], [ 5695403.456305465660989, 7430430.732719305902719 ], [ 5695429.393580883741379, 7430475.543068427592516 ], [ 5695468.511206820607185, 7430543.116787433624268 ], [ 5695516.159742843359709, 7430625.42815775051713 ], [ 5695579.54229786619544, 7430588.342809811234474 ], [ 5695679.9036057703197, 7430529.629853688180447 ], [ 5695719.378874681890011, 7430506.536893581971526 ], [ 5695657.808523408137262, 7430433.249058598652482 ], [ 5695588.421102730557323, 7430350.644054008647799 ], [ 5695579.422403143718839, 7430355.880482928827405 ], [ 5695507.346612514927983, 7430236.105593768879771 ], [ 5695605.013849642127752, 7430178.18689477071166 ], [ 5695681.925698705017567, 7430132.54163109138608 ], [ 5695768.226469778455794, 7430082.789818318560719 ], [ 5695701.147861537523568, 7429963.965438053011894 ], [ 5695634.204176161438227, 7429845.380141472443938 ], [ 5695546.147083497606218, 7429897.042236044071615 ], [ 5695469.012499797157943, 7429942.284787449985743 ], [ 5695371.388318423181772, 7429999.554095271043479 ], [ 5695271.786408641375601, 7430057.985144600272179 ], [ 5695202.981135298497975, 7429939.217764519155025 ], [ 5695302.189163663424551, 7429879.165855204686522 ], [ 5695400.121099407784641, 7429822.797029762528837 ], [ 5695477.366264875978231, 7429777.739144729450345 ], [ 5695566.624644751660526, 7429725.675682788714767 ], [ 5695646.265648616477847, 7429679.22263050172478 ], [ 5695734.634133562445641, 7429627.678794898092747 ], [ 5695809.850211624056101, 7429583.805993443354964 ], [ 5695818.098780984990299, 7429578.994510374963284 ], [ 5695799.100303587503731, 7429574.067900344729424 ], [ 5695689.689794129692018, 7429545.73344224318862 ], [ 5695632.218191815540195, 7429530.852622048929334 ], [ 5695440.380048834718764, 7429481.168017137795687 ], [ 5695312.493743588216603, 7429452.720260336995125 ], [ 5695263.984128030948341, 7429356.218707844614983 ] ] ] } },
{ "type": "Feature", "properties": { "lv_id": "LOC_052378", "id": 297565.0, "CD_SETOR": "352050905000030", "SITUACAO": "Urbana", "CD_SIT": "1", "CD_TIPO": "0", "AREA_KM2": 0.130877435414023, "CD_REGIAO": "3", "NM_REGIAO": "Sudeste", "CD_UF": "35", "NM_UF": "São Paulo", "CD_MUN": "3520509", "NM_MUN": "Indaiatuba", "CD_DIST": "352050905", "NM_DIST": "Indaiatuba", "CD_SUBDIST": "35205090500", "NM_SUBDIST": null, "CD_BAIRRO": null, "NM_BAIRRO": null, "CD_NU": null, "NM_NU": null, "CD_FCU": null, "NM_FCU": null, "CD_AGLOM": null, "NM_AGLOM": null, "CD_RGINT": "3510", "NM_RGINT": "Campinas", "CD_RGI": "350038", "NM_RGI": "Campinas", "CD_CONCURB": "3520509", "NM_CONCURB": "Indaiatuba", "mun_code_x": "3520509", "index_right": 83989, "dist_m": 99.793581815169759, "local_id": 568428, "ano": 2022, "cod_localidade_ibge": 3520509, "NR_ZONA": "211", "nr_cep": 13330000.0, "nm_localidade": "INDAIATUBA", "nm_locvot": "EE. PROF. HÉLIO CERQUEIRA LEITE", "ds_endereco": "RUA SOROCABA, 355", "ds_bairro": "JARDIM AMÉRICA", "pred_long": -47.20093, "pred_lat": -23.090489, "pred_dist": 0.0, "tse_long": -47.2008993, "tse_lat": -23.0905499, "long": -47.2008993, "lat": -23.0905499, "ID_UNICO": "LOC_052378", "SG_UF": "SP", "CD_MUNICIPIO": "65110", "NR_LOCAL_VOTACAO": "1040", "QT_SECOES_AGREGADAS": 0, "QT_ELEITORES_TRANSFERIDOS": 95, "CIRO GOMES (PDT) (NÃO ELEITO) 1T": 82.0, "CONSTITUINTE EYMAEL (DC) (NÃO ELEITO) 1T": 0.0, "FELIPE D AVILA (NOVO) (NÃO ELEITO) 1T": 20.0, "JAIR BOLSONARO (PL) (2º TURNO) 1T": 1387.0, "LULA (PT) (2º TURNO) 1T": 612.0, "LÉO PÉRICLES (UP) (NÃO ELEITO) 1T": 2.0, "PADRE KELMON (PTB) (NÃO ELEITO) 1T": 1.0, "SIMONE TEBET (MDB) (NÃO ELEITO) 1T": 192.0, "SOFIA MANZANO (PCB) (NÃO ELEITO) 1T": 0.0, "SORAYA THRONICKE (UNIÃO) (NÃO ELEITO) 1T": 12.0, "VERA (PSTU) (NÃO ELEITO) 1T": 0.0, "Total_Votos_Validos 1T": 2308.0, "Votos_Brancos 1T": 36.0, "Votos_Nulos 1T": 59.0, "Abstenções 1T": 1023.0, "Eleitores_Aptos 1T": 3426.0, "JAIR BOLSONARO (PL) (NÃO ELEITO) 2T": 1580.0, "LULA (PT) (ELEITO) 2T": 735.0, "Total_Votos_Validos 2T": 2315.0, "Votos_Brancos 2T": 41.0, "Votos_Nulos 2T": 97.0, "Abstenções 2T": 973.0, "Eleitores_Aptos 2T": 3426.0, "mun_code_y": "3520509", "mun_code": "3520509" }, "geometry": { "type": "Polygon", "coordinates": [ [ [ 5696244.814507731236517, 7428776.286488906480372 ], [ 5696304.032927351072431, 7428751.121961148455739 ], [ 5696365.364059894345701, 7428725.078016323037446 ], [ 5696413.73057933151722, 7428704.533922319300473 ], [ 5696425.15781417209655, 7428697.075543420389295 ], [ 5696354.222648442722857, 7428585.370803444646299 ], [ 5696332.311628737486899, 7428550.869364963844419 ], [ 5696324.962083302438259, 7428543.014322276227176 ], [ 5696317.081071117892861, 7428536.522391876205802 ], [ 5696307.871958720497787, 7428532.568285150453448 ], [ 5696297.653605227358639, 7428530.289520347490907 ], [ 5696285.57073343731463, 7428530.261277920566499 ], [ 5696273.799346142448485, 7428532.962141886353493 ], [ 5696212.980436760932207, 7428558.53594464994967 ], [ 5696173.211947155185044, 7428461.327920936048031 ], [ 5696126.214575259946287, 7428515.065637575462461 ], [ 5696080.079998465254903, 7428569.722073120065033 ], [ 5696080.563612015917897, 7428570.859453938901424 ], [ 5696093.914020337164402, 7428606.986566182225943 ], [ 5696066.017570229247212, 7428620.888428539037704 ], [ 5696061.288645243272185, 7428626.607018714770675 ], [ 5696059.769121748395264, 7428635.399344699457288 ], [ 5696061.390037503093481, 7428653.726148637011647 ], [ 5696059.349629268050194, 7428666.758524250239134 ], [ 5696060.667229006066918, 7428681.207090392708778 ], [ 5696076.030260126106441, 7428738.352949024178088 ], [ 5696010.579479842446744, 7428751.014320031739771 ], [ 5695996.22507699765265, 7428762.802086127921939 ], [ 5695948.256528382189572, 7428815.323689660988748 ], [ 5695979.660587101243436, 7428848.647457463666797 ], [ 5696014.991635479032993, 7428886.137992123141885 ], [ 5695944.019935776479542, 7428932.302601961418986 ], [ 5695993.256202305667102, 7428981.001400884240866 ], [ 5695955.653368551284075, 7429016.913178751245141 ], [ 5695907.513140072114766, 7429062.895605055615306 ], [ 5695859.234466749243438, 7429108.995759030804038 ], [ 5695801.645697490312159, 7429163.993946347385645 ], [ 5695849.739732178859413, 7429244.409337007440627 ], [ 5695916.719906445592642, 7429205.669715905562043 ], [ 5695983.172866295091808, 7429317.417578991502523 ], [ 5696038.36228287499398, 7429283.843553032726049 ], [ 5696096.64779397379607, 7429382.253418181091547 ], [ 5696041.449165712110698, 7429415.415349293500185 ], [ 5696070.576767615042627, 7429464.403568337671459 ], [ 5696102.996570573188365, 7429518.904196128249168 ], [ 5696157.96169026568532, 7429485.786454496905208 ], [ 5696212.378136853687465, 7429453.006268214434385 ], [ 5696247.178681918419898, 7429432.035602635703981 ], [ 5696267.532027533277869, 7429419.767665399238467 ], [ 5696378.328620119951665, 7429353.010353807359934 ], [ 5696433.063269034959376, 7429320.035818114876747 ], [ 5696490.261393655091524, 7429285.563290622085333 ], [ 5696510.315048644319177, 7429273.476162607781589 ], [ 5696541.613010107539594, 7429254.619506197981536 ], [ 5696596.486556372605264, 7429221.559622470289469 ], [ 5696616.510362074710429, 7429209.495999117381871 ], [ 5696653.471773535013199, 7429271.412994358688593 ], [ 5696686.450712003745139, 7429326.645279970020056 ], [ 5696719.59783064480871, 7429382.182010329328477 ], [ 5696739.751060252077878, 7429403.114063763990998 ], [ 5696762.975151264108717, 7429417.958445345982909 ], [ 5696826.229508149437606, 7429444.019949593581259 ], [ 5696919.642183847725391, 7429482.505535835400224 ], [ 5696923.009122643619776, 7429483.887740465812385 ], [ 5696983.657123953104019, 7429481.027593028731644 ], [ 5697057.916973526589572, 7429477.532687382772565 ], [ 5697025.817183565348387, 7429422.270875846967101 ], [ 5697010.630153463222086, 7429396.099839383736253 ], [ 5696993.88350189011544, 7429367.268993747420609 ], [ 5696983.034435383975506, 7429348.580230938270688 ], [ 5696961.326642924919724, 7429311.214307992719114 ], [ 5696956.074487764388323, 7429302.157448163256049 ], [ 5696929.03732289839536, 7429255.61557930894196 ], [ 5696897.238342532888055, 7429200.85278058797121 ], [ 5696864.647666789591312, 7429144.721593553200364 ], [ 5696828.178846953436732, 7429081.945483243092895 ], [ 5696870.409975342452526, 7429056.488749599084258 ], [ 5696915.005875398404896, 7429029.616711538285017 ], [ 5696925.171998672187328, 7429023.488203067332506 ], [ 5696978.636984452605247, 7428991.272805006243289 ], [ 5696919.945173461921513, 7428887.552685964852571 ], [ 5696865.389333844184875, 7428920.34300334379077 ], [ 5696824.328832267783582, 7428849.472024704329669 ], [ 5696760.126035738736391, 7428873.532646051608026 ], [ 5696701.425954080186784, 7428895.507393648847938 ], [ 5696696.859792923554778, 7428897.225851179100573 ], [ 5696639.904147142544389, 7428918.561360061168671 ], [ 5696585.612262073904276, 7428951.527763204649091 ], [ 5696569.929506876505911, 7428938.495675737038255 ], [ 5696454.59375614952296, 7429006.136245038360357 ], [ 5696404.567157627083361, 7429025.631056804209948 ], [ 5696343.005935296416283, 7429049.622211962938309 ], [ 5696328.089916089549661, 7429048.889363321475685 ], [ 5696298.492482047528028, 7428997.748638618737459 ], [ 5696254.452797698788345, 7428921.639934811741114 ], [ 5696209.644173417240381, 7428844.206381347030401 ], [ 5696185.032092606648803, 7428801.677745380438864 ], [ 5696244.814507731236517, 7428776.286488906480372 ] ] ] } },
{ "type": "Feature", "properties": { "lv_id": "LOC_052379", "id": 297560.0, "CD_SETOR": "352050905000024", "SITUACAO": "Urbana", "CD_SIT": "1", "CD_TIPO": "0", "AREA_KM2": 0.082504442130970995, "CD_REGIAO": "3", "NM_REGIAO": "Sudeste", "CD_UF": "35", "NM_UF": "São Paulo", "CD_MUN": "3520509", "NM_MUN": "Indaiatuba", "CD_DIST": "352050905", "NM_DIST": "Indaiatuba", "CD_SUBDIST": "35205090500", "NM_SUBDIST": null, "CD_BAIRRO": null, "NM_BAIRRO": null, "CD_NU": null, "NM_NU": null, "CD_FCU": null, "NM_FCU": null, "CD_AGLOM": null, "NM_AGLOM": null, "CD_RGINT": "3510", "NM_RGINT": "Campinas", "CD_RGI": "350038", "NM_RGI": "Campinas", "CD_CONCURB": "3520509", "NM_CONCURB": "Indaiatuba", "mun_code_x": "3520509", "index_right": 83978, "dist_m": 96.198306192022727, "local_id": 568417, "ano": 2022, "cod_localidade_ibge": 3520509, "NR_ZONA": "211", "nr_cep": 13330000.0, "nm_localidade": "INDAIATUBA", "nm_locvot": "EE DOM JOSÉ DE CAMARGO BARROS", "ds_endereco": "AVENIDA PRESIDENTE KENNEDY, 886", "ds_bairro": "BAIRRO CIDADE NOVA 1", "pred_long": -47.205599, "pred_lat": -23.082612, "pred_dist": 0.0, "tse_long": -47.206174, "tse_lat": -23.0824797, "long": -47.206174, "lat": -23.0824797, "ID_UNICO": "LOC_052379", "SG_UF": "SP", "CD_MUNICIPIO": "65110", "NR_LOCAL_VOTACAO": "1058", "QT_SECOES_AGREGADAS": 0, "QT_ELEITORES_TRANSFERIDOS": 167, "CIRO GOMES (PDT) (NÃO ELEITO) 1T": 175.0, "CONSTITUINTE EYMAEL (DC) (NÃO ELEITO) 1T": 0.0, "FELIPE D AVILA (NOVO) (NÃO ELEITO) 1T": 56.0, "JAIR BOLSONARO (PL) (2º TURNO) 1T": 2476.0, "LULA (PT) (2º TURNO) 1T": 1127.0, "LÉO PÉRICLES (UP) (NÃO ELEITO) 1T": 9.0, "PADRE KELMON (PTB) (NÃO ELEITO) 1T": 4.0, "SIMONE TEBET (MDB) (NÃO ELEITO) 1T": 379.0, "SOFIA MANZANO (PCB) (NÃO ELEITO) 1T": 1.0, "SORAYA THRONICKE (UNIÃO) (NÃO ELEITO) 1T": 18.0, "VERA (PSTU) (NÃO ELEITO) 1T": 0.0, "Total_Votos_Validos 1T": 4245.0, "Votos_Brancos 1T": 54.0, "Votos_Nulos 1T": 98.0, "Abstenções 1T": 1721.0, "Eleitores_Aptos 1T": 6118.0, "JAIR BOLSONARO (PL) (NÃO ELEITO) 2T": 2833.0, "LULA (PT) (ELEITO) 2T": 1356.0, "Total_Votos_Validos 2T": 4189.0, "Votos_Brancos 2T": 90.0, "Votos_Nulos 2T": 142.0, "Abstenções 2T": 1697.0, "Eleitores_Aptos 2T": 6118.0, "mun_code_y": "3520509", "mun_code": "3520509" }, "geometry": { "type": "Polygon", "coordinates": [ [ [ 5696085.116220218129456, 7430061.576818978413939 ], [ 5696014.474633454345167, 7429938.970786872319877 ], [ 5695934.226267701946199, 7429985.833109676837921 ], [ 5695851.031980735249817, 7430034.426767219789326 ], [ 5695768.226469778455794, 7430082.789818318560719 ], [ 5695681.925698705017567, 7430132.54163109138608 ], [ 5695605.013849642127752, 7430178.18689477071166 ], [ 5695507.346612514927983, 7430236.105593768879771 ], [ 5695579.422403143718839, 7430355.880482928827405 ], [ 5695588.421102730557323, 7430350.644054008647799 ], [ 5695657.808523408137262, 7430433.249058598652482 ], [ 5695719.378874681890011, 7430506.536893581971526 ], [ 5695776.279953326098621, 7430473.253829091787338 ], [ 5695854.160926378332078, 7430427.685635468922555 ], [ 5695939.471332722343504, 7430377.778548836708069 ], [ 5696021.355782623402774, 7430329.870440503582358 ], [ 5696106.225528025999665, 7430280.21679612249136 ], [ 5696184.643636488355696, 7430234.331331511959434 ], [ 5696085.116220218129456, 7430061.576818978413939 ] ] ] } },
{ "type": "Feature", "properties": { "lv_id": "LOC_052382", "id": 297553.0, "CD_SETOR": "352050905000013", "SITUACAO": "Urbana", "CD_SIT": "1", "CD_TIPO": "0", "AREA_KM2": 0.210282060759302, "CD_REGIAO": "3", "NM_REGIAO": "Sudeste", "CD_UF": "35", "NM_UF": "São Paulo", "CD_MUN": "3520509", "NM_MUN": "Indaiatuba", "CD_DIST": "352050905", "NM_DIST": "Indaiatuba", "CD_SUBDIST": "35205090500", "NM_SUBDIST": null, "CD_BAIRRO": null, "NM_BAIRRO": null, "CD_NU": null, "NM_NU": null, "CD_FCU": null, "NM_FCU": null, "CD_AGLOM": null, "NM_AGLOM": null, "CD_RGINT": "3510", "NM_RGINT": "Campinas", "CD_RGI": "350038", "NM_RGI": "Campinas", "CD_CONCURB": "3520509", "NM_CONCURB": "Indaiatuba", "mun_code_x": "3520509", "index_right": 83962, "dist_m": 0.0, "local_id": 568401, "ano": 2022, "cod_localidade_ibge": 3520509, "NR_ZONA": "211", "nr_cep": 13343060.0, "nm_localidade": "INDAIATUBA", "nm_locvot": "UNIMAX - CENTRO UNIVERSITARIO MAX PLANCK", "ds_endereco": "AVENIDA 9 DE DEZEMBRO, 460", "ds_bairro": "JARDIM LEONOR 1", "pred_long": -47.2087385, "pred_lat": -23.093196, "pred_dist": 0.0, "tse_long": -47.209872, "tse_lat": -23.0941483, "long": -47.209872, "lat": -23.0941483, "ID_UNICO": "LOC_052382", "SG_UF": "SP", "CD_MUNICIPIO": "65110", "NR_LOCAL_VOTACAO": "1082", "QT_SECOES_AGREGADAS": 0, "QT_ELEITORES_TRANSFERIDOS": 64, "CIRO GOMES (PDT) (NÃO ELEITO) 1T": 149.0, "CONSTITUINTE EYMAEL (DC) (NÃO ELEITO) 1T": 0.0, "FELIPE D AVILA (NOVO) (NÃO ELEITO) 1T": 34.0, "JAIR BOLSONARO (PL) (2º TURNO) 1T": 1936.0, "LULA (PT) (2º TURNO) 1T": 1184.0, "LÉO PÉRICLES (UP) (NÃO ELEITO) 1T": 2.0, "PADRE KELMON (PTB) (NÃO ELEITO) 1T": 2.0, "SIMONE TEBET (MDB) (NÃO ELEITO) 1T": 225.0, "SOFIA MANZANO (PCB) (NÃO ELEITO) 1T": 3.0, "SORAYA THRONICKE (UNIÃO) (NÃO ELEITO) 1T": 19.0, "VERA (PSTU) (NÃO ELEITO) 1T": 4.0, "Total_Votos_Validos 1T": 3558.0, "Votos_Brancos 1T": 85.0, "Votos_Nulos 1T": 121.0, "Abstenções 1T": 1219.0, "Eleitores_Aptos 1T": 4983.0, "JAIR BOLSONARO (PL) (NÃO ELEITO) 2T": 2219.0, "LULA (PT) (ELEITO) 2T": 1326.0, "Total_Votos_Validos 2T": 3545.0, "Votos_Brancos 2T": 81.0, "Votos_Nulos 2T": 158.0, "Abstenções 2T": 1199.0, "Eleitores_Aptos 2T": 4983.0, "mun_code_y": "3520509", "mun_code": "3520509" }, "geometry": { "type": "Polygon", "coordinates": [ [ [ 5696010.663393002003431, 7428429.059960579499602 ], [ 5696000.390931406058371, 7428408.18052994646132 ], [ 5695880.981528155505657, 7428345.496191618032753 ], [ 5695756.074949755333364, 7428279.698971910402179 ], [ 5695711.418767723254859, 7428360.884808416478336 ], [ 5695669.16437644418329, 7428437.709343133494258 ], [ 5695569.046776642091572, 7428737.828632259741426 ], [ 5695566.413444194942713, 7428756.654387339018285 ], [ 5695568.565900889225304, 7428772.748076198622584 ], [ 5695566.42243236862123, 7428791.963687283918262 ], [ 5695561.0712980479002, 7428790.472842540591955 ], [ 5695210.271794479340315, 7428687.736311548389494 ], [ 5695161.325889707542956, 7428679.250302847474813 ], [ 5695159.227224310860038, 7428678.890642497688532 ], [ 5695128.075258815661073, 7428673.491605132818222 ], [ 5695064.16913397796452, 7428662.422129648737609 ], [ 5695039.504811652936041, 7428807.215360159054399 ], [ 5695028.213640199974179, 7428873.541054103523493 ], [ 5694928.229751327075064, 7428856.809677571058273 ], [ 5694929.748903214931488, 7428880.048075176775455 ], [ 5694926.935144372284412, 7428912.688819795846939 ], [ 5694930.636050390079618, 7428946.699619147926569 ], [ 5694944.422517474740744, 7428978.579847875982523 ], [ 5694959.592465000227094, 7429004.908666758798063 ], [ 5694970.065253216773272, 7429035.883439178578556 ], [ 5694973.113404466770589, 7429065.329711862839758 ], [ 5695006.569671176373959, 7429097.611585594713688 ], [ 5695030.177511976100504, 7429132.492575911805034 ], [ 5695074.95863023493439, 7429223.167441691271961 ], [ 5695082.506903752684593, 7429237.526893271133304 ], [ 5695124.792053300887346, 7429317.945828880183399 ], [ 5695216.686338087543845, 7429263.720404976978898 ], [ 5695263.984128030948341, 7429356.218707844614983 ], [ 5695312.493743588216603, 7429452.720260336995125 ], [ 5695400.649331052787602, 7429404.779346945695579 ], [ 5695527.8798882169649, 7429335.592059556394815 ], [ 5695626.598129817284644, 7429281.905102454125881 ], [ 5695647.835767392069101, 7429270.344170372933149 ], [ 5695687.611237414181232, 7429248.71960224583745 ], [ 5695743.902524860575795, 7429218.106743643060327 ], [ 5695746.453352699056268, 7429216.716623446904123 ], [ 5695801.645697490312159, 7429163.993946347385645 ], [ 5695859.234466749243438, 7429108.995759030804038 ], [ 5695907.513140072114766, 7429062.895605055615306 ], [ 5695955.653368551284075, 7429016.913178751245141 ], [ 5695993.256202305667102, 7428981.001400884240866 ], [ 5695944.019935776479542, 7428932.302601961418986 ], [ 5696014.991635479032993, 7428886.137992123141885 ], [ 5695979.660587101243436, 7428848.647457463666797 ], [ 5695948.256528382189572, 7428815.323689660988748 ], [ 5695996.22507699765265, 7428762.802086127921939 ], [ 5696010.579479842446744, 7428751.014320031739771 ], [ 5696076.030260126106441, 7428738.352949024178088 ], [ 5696060.667229006066918, 7428681.207090392708778 ], [ 5696059.349629268050194, 7428666.758524250239134 ], [ 5696061.390037503093481, 7428653.726148637011647 ], [ 5696059.769121748395264, 7428635.399344699457288 ], [ 5696061.288645243272185, 7428626.607018714770675 ], [ 5696066.017570229247212, 7428620.888428539037704 ], [ 5696093.914020337164402, 7428606.986566182225943 ], [ 5696080.563612015917897, 7428570.859453938901424 ], [ 5696080.079998465254903, 7428569.722073120065033 ], [ 5696031.19561006128788, 7428456.421026429161429 ], [ 5696010.663393002003431, 7428429.059960579499602 ] ] ] } },
{ "type": "Feature", "properties": { "lv_id": "LOC_052383", "id": 297611.0, "CD_SETOR": "352050905000106", "SITUACAO": "Urbana", "CD_SIT": "1", "CD_TIPO": "0", "AREA_KM2": 0.069853094724754997, "CD_REGIAO": "3", "NM_REGIAO": "Sudeste", "CD_UF": "35", "NM_UF": "São Paulo", "CD_MUN": "3520509", "NM_MUN": "Indaiatuba", "CD_DIST": "352050905", "NM_DIST": "Indaiatuba", "CD_SUBDIST": "35205090500", "NM_SUBDIST": null, "CD_BAIRRO": null, "NM_BAIRRO": null, "CD_NU": null, "NM_NU": null, "CD_FCU": null, "NM_FCU": null, "CD_AGLOM": null, "NM_AGLOM": null, "CD_RGINT": "3510", "NM_RGINT": "Campinas", "CD_RGI": "350038", "NM_RGI": "Campinas", "CD_CONCURB": "3520509", "NM_CONCURB": "Indaiatuba", "mun_code_x": "3520509", "index_right": 83964, "dist_m": 305.52851241091059, "local_id": 568403, "ano": 2022, "cod_localidade_ibge": 3520509, "NR_ZONA": "211", "nr_cep": 13348400.0, "nm_localidade": "INDAIATUBA", "nm_locvot": "EMEB - COMPLEXO EDUCACIONAL PROFº NÍZIO VIEIRA", "ds_endereco": "RUA JORDALINO PIETROBOM, 239", "ds_bairro": "JARDIM MORADA DO SOL", "pred_long": -47.2370143, "pred_lat": -23.1224244, "pred_dist": 0.0, "tse_long": -47.2364808, "tse_lat": -23.1224481, "long": -47.2364808, "lat": -23.1224481, "ID_UNICO": "LOC_052383", "SG_UF": "SP", "CD_MUNICIPIO": "65110", "NR_LOCAL_VOTACAO": "2267", "QT_SECOES_AGREGADAS": 0, "QT_ELEITORES_TRANSFERIDOS": 45, "CIRO GOMES (PDT) (NÃO ELEITO) 1T": 149.0, "CONSTITUINTE EYMAEL (DC) (NÃO ELEITO) 1T": 1.0, "FELIPE D AVILA (NOVO) (NÃO ELEITO) 1T": 19.0, "JAIR BOLSONARO (PL) (2º TURNO) 1T": 2064.0, "LULA (PT) (2º TURNO) 1T": 1466.0, "LÉO PÉRICLES (UP) (NÃO ELEITO) 1T": 3.0, "PADRE KELMON (PTB) (NÃO ELEITO) 1T": 0.0, "SIMONE TEBET (MDB) (NÃO ELEITO) 1T": 217.0, "SOFIA MANZANO (PCB) (NÃO ELEITO) 1T": 4.0, "SORAYA THRONICKE (UNIÃO) (NÃO ELEITO) 1T": 17.0, "VERA (PSTU) (NÃO ELEITO) 1T": 0.0, "Total_Votos_Validos 1T": 3940.0, "Votos_Brancos 1T": 104.0, "Votos_Nulos 1T": 142.0, "Abstenções 1T": 822.0, "Eleitores_Aptos 1T": 5008.0, "JAIR BOLSONARO (PL) (NÃO ELEITO) 2T": 2410.0, "LULA (PT) (ELEITO) 2T": 1589.0, "Total_Votos_Validos 2T": 3999.0, "Votos_Brancos 2T": 89.0, "Votos_Nulos 2T": 164.0, "Abstenções 2T": 756.0, "Eleitores_Aptos 2T": 5008.0, "mun_code_y": "3520509", "mun_code": "3520509" }, "geometry": { "type": "Polygon", "coordinates": [ [ [ 5692478.874805356375873, 7425329.412088837474585 ], [ 5692311.023532628081739, 7425385.231014121323824 ], [ 5692132.073172741569579, 7425444.740742407739162 ], [ 5692152.114728880114853, 7425506.017785714939237 ], [ 5691993.924730061553419, 7425558.183624446392059 ], [ 5691814.252139559946954, 7425617.443302109837532 ], [ 5691834.042434947565198, 7425677.750685963779688 ], [ 5691854.179460464976728, 7425739.123761218972504 ], [ 5691874.412832223810256, 7425800.804643176496029 ], [ 5691899.254185720346868, 7425876.535424060188234 ], [ 5691919.535867375321686, 7425938.370229794643819 ], [ 5691939.447414960712194, 7425999.073545662686229 ], [ 5692119.167575262486935, 7425939.633031763136387 ], [ 5692139.424038883298635, 7426001.346332385204732 ], [ 5692159.321613484062254, 7426061.949925949797034 ], [ 5692179.445598724298179, 7426123.23446742631495 ], [ 5692199.47493174020201, 7426184.244609938934445 ], [ 5692219.610849183052778, 7426245.562084885314107 ], [ 5692376.975356413051486, 7426193.568036520853639 ], [ 5692396.443787867203355, 7426253.076349295675755 ], [ 5692575.316431962884963, 7426193.447145216166973 ], [ 5692556.002449395135045, 7426134.411241736263037 ], [ 5692535.7907908661291, 7426072.595492128282785 ], [ 5692515.87828703224659, 7426011.702663780190051 ], [ 5692495.822468086145818, 7425950.370411589741707 ], [ 5692663.717568823136389, 7425894.69416537694633 ], [ 5692790.711580956354737, 7425852.590210128575563 ], [ 5692776.523910032585263, 7425790.238505955785513 ], [ 5692762.129777386784554, 7425726.970762398093939 ], [ 5692760.737457026727498, 7425717.277176393195987 ], [ 5692743.628004758618772, 7425665.120401206426322 ], [ 5692723.558996834792197, 7425603.96731031127274 ], [ 5692698.367211245000362, 7425527.182358315214515 ], [ 5692558.705704936757684, 7425573.565431847237051 ], [ 5692538.686032747849822, 7425512.35430065356195 ], [ 5692518.783698096871376, 7425451.461153868585825 ], [ 5692499.183092172257602, 7425391.546566814184189 ], [ 5692478.874805356375873, 7425329.412088837474585 ] ] ] } },
{ "type": "Feature", "properties": { "lv_id": "LOC_052384", "id": 297570.0, "CD_SETOR": "352050905000038", "SITUACAO": "Urbana", "CD_SIT": "1", "CD_TIPO": "0", "AREA_KM2": 0.044652598957382002, "CD_REGIAO": "3", "NM_REGIAO": "Sudeste", "CD_UF": "35", "NM_UF": "São Paulo", "CD_MUN": "3520509", "NM_MUN": "Indaiatuba", "CD_DIST": "352050905", "NM_DIST": "Indaiatuba", "CD_SUBDIST": "35205090500", "NM_SUBDIST": null, "CD_BAIRRO": null, "NM_BAIRRO": null, "CD_NU": null, "NM_NU": null, "CD_FCU": null, "NM_FCU": null, "CD_AGLOM": null, "NM_AGLOM": null, "CD_RGINT": "3510", "NM_RGINT": "Campinas", "CD_RGI": "350038", "NM_RGI": "Campinas", "CD_CONCURB": "3520509", "NM_CONCURB": "Indaiatuba", "mun_code_x": "3520509", "index_right": 83965, "dist_m": 217.89768281728723, "local_id": 568404, "ano": 2022, "cod_localidade_ibge": 3520509, "NR_ZONA": "211", "nr_cep": 13344330.0, "nm_localidade": "INDAIATUBA", "nm_locvot": "EE. PROF. DOUTOR CAMILO MARQUES PAULA", "ds_endereco": "RUA WALTER PIMENTEL, SEM NÚMERO", "ds_bairro": "VILA BRIZZOLA", "pred_long": -47.2131832, "pred_lat": -23.1039991, "pred_dist": 0.0, "tse_long": -47.2136972, "tse_lat": -23.103829, "long": -47.2136972, "lat": -23.103829, "ID_UNICO": "LOC_052384", "SG_UF": "SP", "CD_MUNICIPIO": "65110", "NR_LOCAL_VOTACAO": "1104", "QT_SECOES_AGREGADAS": 0, "QT_ELEITORES_TRANSFERIDOS": 99, "CIRO GOMES (PDT) (NÃO ELEITO) 1T": 124.0, "CONSTITUINTE EYMAEL (DC) (NÃO ELEITO) 1T": 0.0, "FELIPE D AVILA (NOVO) (NÃO ELEITO) 1T": 12.0, "JAIR BOLSONARO (PL) (2º TURNO) 1T": 1976.0, "LULA (PT) (2º TURNO) 1T": 1425.0, "LÉO PÉRICLES (UP) (NÃO ELEITO) 1T": 3.0, "PADRE KELMON (PTB) (NÃO ELEITO) 1T": 1.0, "SIMONE TEBET (MDB) (NÃO ELEITO) 1T": 200.0, "SOFIA MANZANO (PCB) (NÃO ELEITO) 1T": 6.0, "SORAYA THRONICKE (UNIÃO) (NÃO ELEITO) 1T": 26.0, "VERA (PSTU) (NÃO ELEITO) 1T": 2.0, "Total_Votos_Validos 1T": 3775.0, "Votos_Brancos 1T": 120.0, "Votos_Nulos 1T": 168.0, "Abstenções 1T": 1488.0, "Eleitores_Aptos 1T": 5551.0, "JAIR BOLSONARO (PL) (NÃO ELEITO) 2T": 2296.0, "LULA (PT) (ELEITO) 2T": 1574.0, "Total_Votos_Validos 2T": 3870.0, "Votos_Brancos 2T": 92.0, "Votos_Nulos 2T": 199.0, "Abstenções 2T": 1390.0, "Eleitores_Aptos 2T": 5551.0, "mun_code_y": "3520509", "mun_code": "3520509" }, "geometry": { "type": "Polygon", "coordinates": [ [ [ 5695108.563236884772778, 7427403.783068434335291 ], [ 5695115.951232668012381, 7427361.694699326530099 ], [ 5695079.878138709813356, 7427349.644134763628244 ], [ 5695018.721709319390357, 7427329.213781964033842 ], [ 5694957.992750057019293, 7427308.930638905614614 ], [ 5694840.532270996831357, 7427257.705498898401856 ], [ 5694761.882211779244244, 7427382.670820814557374 ], [ 5694711.072207134217024, 7427463.414333797991276 ], [ 5694663.184745363891125, 7427539.527111869305372 ], [ 5694711.977637628093362, 7427569.991303783841431 ], [ 5694756.19823042768985, 7427597.612194187007844 ], [ 5694808.848972278647125, 7427613.967146223410964 ], [ 5694752.145051105879247, 7427762.859563929960132 ], [ 5694696.618650861084461, 7427908.651980673894286 ], [ 5694669.303383575752378, 7427980.384010221809149 ], [ 5694692.13432942237705, 7428037.238127280957997 ], [ 5694671.09881307464093, 7428049.145557759329677 ], [ 5694630.262901984155178, 7428075.490290189161897 ], [ 5694532.690107227303088, 7428148.870252944529057 ], [ 5694388.40278609469533, 7428260.754866971634328 ], [ 5694378.505097476765513, 7428271.129342371597886 ], [ 5694428.54646616987884, 7428355.693662872537971 ], [ 5694542.574293020181358, 7428264.241461969912052 ], [ 5694534.252575104124844, 7428239.824891309253871 ], [ 5694530.765520771034062, 7428231.198724240995944 ], [ 5694509.641673897393048, 7428174.432439602911472 ], [ 5694540.939532458782196, 7428151.386526329442859 ], [ 5694549.451333147473633, 7428144.745493108406663 ], [ 5694569.918013439513743, 7428138.920588673092425 ], [ 5694598.524620724841952, 7428205.989778125658631 ], [ 5694636.62571797054261, 7428193.858100752346218 ], [ 5694639.126311544328928, 7428207.526472432538867 ], [ 5694754.478992445394397, 7428210.774148773401976 ], [ 5694758.981780014932156, 7428210.564820391125977 ], [ 5694758.225037237629294, 7428203.317341398447752 ], [ 5694743.903314997442067, 7428154.142100494354963 ], [ 5694754.215582823380828, 7428161.993696004152298 ], [ 5694859.221405592747033, 7428241.96094966866076 ], [ 5694890.733383553102612, 7428265.968417352996767 ], [ 5694907.29899425432086, 7428239.725515966303647 ], [ 5694933.68590993154794, 7428197.93634338490665 ], [ 5694831.107355232350528, 7428153.043272665701807 ], [ 5694847.819791799411178, 7428101.677852634340525 ], [ 5694862.431271955370903, 7428056.755921112373471 ], [ 5694876.566868690773845, 7428013.294765589758754 ], [ 5694891.420818300917745, 7427967.636548760347068 ], [ 5694934.636021064594388, 7427986.605031336657703 ], [ 5694994.056904269382358, 7428012.68236737139523 ], [ 5695042.276579156517982, 7428033.849159806966782 ], [ 5695122.398570944555104, 7428063.34628557600081 ], [ 5695137.767319003120065, 7427990.573752468451858 ], [ 5695140.474527768790722, 7427977.756035911850631 ], [ 5695141.719294790178537, 7427970.549244777299464 ], [ 5695157.861665103584528, 7427876.896208751015365 ], [ 5695177.718816122971475, 7427761.657022063620389 ], [ 5695303.944984116591513, 7427764.583268588408828 ], [ 5695368.633827129378915, 7427766.078626457601786 ], [ 5695538.371281940490007, 7427751.285976307466626 ], [ 5695532.058312287554145, 7427684.272681472823024 ], [ 5695526.317634640261531, 7427623.177194679155946 ], [ 5695370.543170367367566, 7427636.952265679836273 ], [ 5695370.249160403385758, 7427631.947203733958304 ], [ 5695358.926804307848215, 7427440.077763443812728 ], [ 5695358.604452854022384, 7427434.683673765510321 ], [ 5695350.324073641560972, 7427429.068885157816112 ], [ 5695289.929739559069276, 7427465.02572051435709 ], [ 5695271.12778480630368, 7427479.730140502564609 ], [ 5695258.99077438749373, 7427501.039067856967449 ], [ 5695242.724329680204391, 7427554.883086025714874 ], [ 5695231.31217916123569, 7427591.582463389262557 ], [ 5695214.789029308594763, 7427626.434070668183267 ], [ 5695197.278895727358758, 7427648.204796518199146 ], [ 5695217.586954242549837, 7427530.334599585272372 ], [ 5695233.179400183260441, 7427439.896387979388237 ], [ 5695209.109903668984771, 7427407.424417583271861 ], [ 5695171.568748071789742, 7427415.439172055572271 ], [ 5695108.563236884772778, 7427403.783068434335291 ] ] ] } },
{ "type": "Feature", "properties": { "lv_id": "LOC_052385", "id": 297603.0, "CD_SETOR": "352050905000088", "SITUACAO": "Urbana", "CD_SIT": "1", "CD_TIPO": "0", "AREA_KM2": 0.10453712641131201, "CD_REGIAO": "3", "NM_REGIAO": "Sudeste", "CD_UF": "35", "NM_UF": "São Paulo", "CD_MUN": "3520509", "NM_MUN": "Indaiatuba", "CD_DIST": "352050905", "NM_DIST": "Indaiatuba", "CD_SUBDIST": "35205090500", "NM_SUBDIST": null, "CD_BAIRRO": null, "NM_BAIRRO": null, "CD_NU": null, "NM_NU": null, "CD_FCU": null, "NM_FCU": null, "CD_AGLOM": null, "NM_AGLOM": null, "CD_RGINT": "3510", "NM_RGINT": "Campinas", "CD_RGI": "350038", "NM_RGI": "Campinas", "CD_CONCURB": "3520509", "NM_CONCURB": "Indaiatuba", "mun_code_x": "3520509", "index_right": 83963, "dist_m": 0.0, "local_id": 568402, "ano": 2022, "cod_localidade_ibge": 3520509, "NR_ZONA": "211", "nr_cep": 13330000.0, "nm_localidade": "INDAIATUBA", "nm_locvot": "EE. PROF. MARIA APPARECIDA PINTO DA CUNHA", "ds_endereco": "RUA REVERENDO ATAIDES COSTA, SEM NÚMERO", "ds_bairro": "PARQUE DAS NAÇÕES", "pred_long": -47.2236894, "pred_lat": -23.115819, "pred_dist": 0.0, "tse_long": -47.2241844, "tse_lat": -23.1157776, "long": -47.2241844, "lat": -23.1157776, "ID_UNICO": "LOC_052385", "SG_UF": "SP", "CD_MUNICIPIO": "65110", "NR_LOCAL_VOTACAO": "1112", "QT_SECOES_AGREGADAS": 0, "QT_ELEITORES_TRANSFERIDOS": 61, "CIRO GOMES (PDT) (NÃO ELEITO) 1T": 38.0, "CONSTITUINTE EYMAEL (DC) (NÃO ELEITO) 1T": 0.0, "FELIPE D AVILA (NOVO) (NÃO ELEITO) 1T": 12.0, "JAIR BOLSONARO (PL) (2º TURNO) 1T": 971.0, "LULA (PT) (2º TURNO) 1T": 597.0, "LÉO PÉRICLES (UP) (NÃO ELEITO) 1T": 0.0, "PADRE KELMON (PTB) (NÃO ELEITO) 1T": 1.0, "SIMONE TEBET (MDB) (NÃO ELEITO) 1T": 102.0, "SOFIA MANZANO (PCB) (NÃO ELEITO) 1T": 2.0, "SORAYA THRONICKE (UNIÃO) (NÃO ELEITO) 1T": 8.0, "VERA (PSTU) (NÃO ELEITO) 1T": 0.0, "Total_Votos_Validos 1T": 1731.0, "Votos_Brancos 1T": 44.0, "Votos_Nulos 1T": 76.0, "Abstenções 1T": 658.0, "Eleitores_Aptos 1T": 2509.0, "JAIR BOLSONARO (PL) (NÃO ELEITO) 2T": 1094.0, "LULA (PT) (ELEITO) 2T": 648.0, "Total_Votos_Validos 2T": 1742.0, "Votos_Brancos 2T": 40.0, "Votos_Nulos 2T": 96.0, "Abstenções 2T": 631.0, "Eleitores_Aptos 2T": 2509.0, "mun_code_y": "3520509", "mun_code": "3520509" }, "geometry": { "type": "MultiPolygon", "coordinates": [ [ [ [ 5694099.502513549290597, 7425105.771067625842988 ], [ 5694187.852542858570814, 7425176.127484582364559 ], [ 5694370.357343489304185, 7425321.454301645047963 ], [ 5694350.276404548436403, 7425441.732355944812298 ], [ 5694330.120289140380919, 7425562.392941545695066 ], [ 5694309.484426029957831, 7425685.986507957801223 ], [ 5694289.296895018778741, 7425806.882446203380823 ], [ 5694268.609117531217635, 7425930.712310448288918 ], [ 5694245.426861688494682, 7426069.524352869018912 ], [ 5694231.992796029895544, 7426089.61020088288933 ], [ 5694492.297453828155994, 7426296.396777394227684 ], [ 5694494.187831081449986, 7426291.613610781729221 ], [ 5694499.472589124925435, 7426278.218896294943988 ], [ 5694501.326163363642991, 7426273.526659812778234 ], [ 5694614.370971484109759, 7425972.51174839399755 ], [ 5694616.474577411077917, 7425962.164605846628547 ], [ 5694616.395547998137772, 7425951.629040471278131 ], [ 5694613.022519860416651, 7425941.70398641936481 ], [ 5694608.177003737539053, 7425933.854914508759975 ], [ 5694591.270577037706971, 7425910.061070415191352 ], [ 5694586.980510430410504, 7425899.598745296709239 ], [ 5694585.698760185390711, 7425889.219514068216085 ], [ 5694585.449817972257733, 7425879.662137657403946 ], [ 5694587.759393140673637, 7425868.892769111320376 ], [ 5694592.372404376044869, 7425856.276420317590237 ], [ 5694600.720594614744186, 7425842.393326309509575 ], [ 5694613.686691754497588, 7425824.391941036097705 ], [ 5694636.222615978680551, 7425801.372676957398653 ], [ 5694735.044228181242943, 7425719.753922173753381 ], [ 5694745.656684206798673, 7425711.575850646942854 ], [ 5694756.123521536588669, 7425704.899003484286368 ], [ 5694767.207284420728683, 7425700.245527114719152 ], [ 5694780.585686111822724, 7425696.868178381584585 ], [ 5694845.344096777029335, 7425685.04349082428962 ], [ 5694870.243958864361048, 7425680.917875776998699 ], [ 5694910.207251864485443, 7425679.447987334802747 ], [ 5694975.786631083115935, 7425674.922971023246646 ], [ 5695000.719887028448284, 7425669.089205672964454 ], [ 5695027.499732564203441, 7425663.715904548764229 ], [ 5695077.584170626476407, 7425665.566271191462874 ], [ 5695174.673719896934927, 7425674.272528978064656 ], [ 5695190.811185323633254, 7425675.10473264195025 ], [ 5695216.95684692543, 7425663.147018604911864 ], [ 5695234.072259335778654, 7425655.457515560090542 ], [ 5695248.539436033926904, 7425640.430110319517553 ], [ 5695275.566093451343477, 7425592.719989158213139 ], [ 5695294.164324641227722, 7425575.682192910462618 ], [ 5695323.054760743863881, 7425560.350906647741795 ], [ 5695340.811267636716366, 7425558.073939647525549 ], [ 5695356.901960825547576, 7425561.651704231277108 ], [ 5695439.777686241082847, 7425546.727362208999693 ], [ 5695449.068918283097446, 7425497.132810760289431 ], [ 5695437.776156739331782, 7425460.676135260611773 ], [ 5695459.633804473094642, 7425423.109937574714422 ], [ 5695517.241839470341802, 7425414.771289623342454 ], [ 5695543.361228911206126, 7425400.05926507897675 ], [ 5695552.065875785425305, 7425354.841455092653632 ], [ 5695505.469746688380837, 7425342.212879158556461 ], [ 5695489.059741668403149, 7425324.709148486144841 ], [ 5695463.058777646161616, 7425264.568864498287439 ], [ 5695411.933614033274353, 7425214.73338661622256 ], [ 5695400.741825348697603, 7425180.446851301006973 ], [ 5695376.902984300628304, 7425132.395883963443339 ], [ 5695331.925003462471068, 7425102.728199614211917 ], [ 5695240.128637315705419, 7425090.030102150514722 ], [ 5695176.779459507204592, 7425086.891582627780735 ], [ 5695160.096989632584155, 7425063.7347696647048 ], [ 5695178.352524529211223, 7425043.311300374567509 ], [ 5695207.547627839259803, 7425034.557049304246902 ], [ 5695233.827933861874044, 7425023.317609509453177 ], [ 5695231.975530455820262, 7424992.075695616193116 ], [ 5695201.356380658224225, 7424940.202870111912489 ], [ 5695199.397819459438324, 7424915.278396023437381 ], [ 5695234.64728070050478, 7424877.523509547114372 ], [ 5695231.993921150453389, 7424850.668498538434505 ], [ 5695204.270251229405403, 7424830.635917471721768 ], [ 5695139.414874829351902, 7424769.272155505605042 ], [ 5695140.173513348214328, 7424733.982870110310614 ], [ 5695114.862202654592693, 7424654.237397983670235 ], [ 5695114.117033512331545, 7424603.805784003809094 ], [ 5695092.300096964463592, 7424530.410791104659438 ], [ 5695099.079818623140454, 7424503.997453140094876 ], [ 5695097.348457991145551, 7424475.359704745933414 ], [ 5695072.2886360026896, 7424418.220431595109403 ], [ 5695079.641632, 7424374.147843423299491 ], [ 5695064.490625751204789, 7424340.915789682418108 ], [ 5694984.996108145453036, 7424313.079001368954778 ], [ 5694913.664662304334342, 7424254.392374884337187 ], [ 5694867.817126848734915, 7424197.351427846588194 ], [ 5694827.781088004820049, 7424187.907269554212689 ], [ 5694763.409571594558656, 7424205.704851925373077 ], [ 5694717.544097632169724, 7424208.710643629543483 ], [ 5694705.439239704981446, 7424180.556126600131392 ], [ 5694749.838386161252856, 7424103.20775730535388 ], [ 5694732.637522598728538, 7424077.253467938862741 ], [ 5694670.475969484075904, 7424047.950406894087791 ], [ 5694619.446255128830671, 7424017.25891494192183 ], [ 5694569.555406607687473, 7424028.281042221002281 ], [ 5694503.615233232267201, 7424020.912228249013424 ], [ 5694424.736805605702102, 7423993.256555211730301 ], [ 5694390.180577018298209, 7423986.545305757783353 ], [ 5694381.159111881628633, 7423984.801638659089804 ], [ 5694350.567722597159445, 7424098.532509732991457 ], [ 5694341.299788178876042, 7424128.785981314256787 ], [ 5694330.327104519121349, 7424160.74705870822072 ], [ 5694325.702768687158823, 7424171.557267250493169 ], [ 5694317.036583280190825, 7424191.812250837683678 ], [ 5694303.145590980537236, 7424217.897837651893497 ], [ 5694207.296593816019595, 7424376.107784688472748 ], [ 5694204.430503957904875, 7424380.847158677875996 ], [ 5694150.680507595650852, 7424470.204216094687581 ], [ 5694093.92183983605355, 7424563.236193564720452 ], [ 5694037.17178069986403, 7424656.914177504368126 ], [ 5694002.933799422346056, 7424713.410540706478059 ], [ 5693980.001640556380153, 7424751.280407635495067 ], [ 5693924.115232268348336, 7424843.500975081697106 ], [ 5693873.134576736018062, 7424927.663964807987213 ], [ 5694099.502513549290597, 7425105.771067625842988 ] ] ], [ [ [ 5693798.026995008811355, 7426071.094011718407273 ], [ 5693793.502260548993945, 7426072.363750821910799 ], [ 5693774.52292491029948, 7426077.695497211068869 ], [ 5693769.987954485230148, 7426078.965703792870045 ], [ 5693662.581501699052751, 7426114.703325552865863 ], [ 5693684.78164720069617, 7426182.370856385678053 ], [ 5693705.499982074834406, 7426245.501296683214605 ], [ 5693729.819358850829303, 7426303.802736604586244 ], [ 5693572.742100252769887, 7426355.97682305984199 ], [ 5693597.548605412244797, 7426415.727849346585572 ], [ 5693425.44996072165668, 7426472.612462313845754 ], [ 5693445.633905665017664, 7426533.972292071208358 ], [ 5693465.853267853148282, 7426595.430863808840513 ], [ 5693485.750529130920768, 7426655.911847224459052 ], [ 5693505.994637914933264, 7426717.458519324660301 ], [ 5693696.510511500760913, 7426654.097502054646611 ], [ 5693854.051757621578872, 7426601.689535273239017 ], [ 5694012.510688910260797, 7426548.969305116683245 ], [ 5694013.96506588999182, 7426548.489073812030256 ], [ 5694018.478586264885962, 7426546.974474876187742 ], [ 5694034.290474929846823, 7426541.655960165895522 ], [ 5694038.793758805841208, 7426540.141829719766974 ], [ 5694009.443730821833014, 7426485.498041478917003 ], [ 5693946.465191897004843, 7426368.189925430342555 ], [ 5693884.517466379329562, 7426252.752140671946108 ], [ 5693845.468243349343538, 7426179.990232847630978 ], [ 5693798.026995008811355, 7426071.094011718407273 ] ] ] ] } },
{ "type": "Feature", "properties": { "lv_id": "LOC_052386", "id": 297582.0, "CD_SETOR": "352050905000055", "SITUACAO": "Urbana", "CD_SIT": "1", "CD_TIPO": "0", "AREA_KM2": 0.12094379870097299, "CD_REGIAO": "3", "NM_REGIAO": "Sudeste", "CD_UF": "35", "NM_UF": "São Paulo", "CD_MUN": "3520509", "NM_MUN": "Indaiatuba", "CD_DIST": "352050905", "NM_DIST": "Indaiatuba", "CD_SUBDIST": "35205090500", "NM_SUBDIST": null, "CD_BAIRRO": null, "NM_BAIRRO": null, "CD_NU": null, "NM_NU": null, "CD_FCU": null, "NM_FCU": null, "CD_AGLOM": null, "NM_AGLOM": null, "CD_RGINT": "3510", "NM_RGINT": "Campinas", "CD_RGI": "350038", "NM_RGI": "Campinas", "CD_CONCURB": "3520509", "NM_CONCURB": "Indaiatuba", "mun_code_x": "3520509", "index_right": 83992, "dist_m": 29.199699256166475, "local_id": 568431, "ano": 2022, "cod_localidade_ibge": 3520509, "NR_ZONA": "211", "nr_cep": 13330000.0, "nm_localidade": "INDAIATUBA", "nm_locvot": "EE. AURORA SCODRO GROFF", "ds_endereco": "RUA TAPUIA, SEM NÚMERO", "ds_bairro": "VILA MARIA HELENA", "pred_long": -47.194981, "pred_lat": -23.080679, "pred_dist": 0.0, "tse_long": -47.194883, "tse_lat": -23.0806937, "long": -47.194883, "lat": -23.0806937, "ID_UNICO": "LOC_052386", "SG_UF": "SP", "CD_MUNICIPIO": "65110", "NR_LOCAL_VOTACAO": "1147", "QT_SECOES_AGREGADAS": 0, "QT_ELEITORES_TRANSFERIDOS": 69, "CIRO GOMES (PDT) (NÃO ELEITO) 1T": 94.0, "CONSTITUINTE EYMAEL (DC) (NÃO ELEITO) 1T": 0.0, "FELIPE D AVILA (NOVO) (NÃO ELEITO) 1T": 28.0, "JAIR BOLSONARO (PL) (2º TURNO) 1T": 1579.0, "LULA (PT) (2º TURNO) 1T": 747.0, "LÉO PÉRICLES (UP) (NÃO ELEITO) 1T": 1.0, "PADRE KELMON (PTB) (NÃO ELEITO) 1T": 0.0, "SIMONE TEBET (MDB) (NÃO ELEITO) 1T": 219.0, "SOFIA MANZANO (PCB) (NÃO ELEITO) 1T": 5.0, "SORAYA THRONICKE (UNIÃO) (NÃO ELEITO) 1T": 13.0, "VERA (PSTU) (NÃO ELEITO) 1T": 3.0, "Total_Votos_Validos 1T": 2689.0, "Votos_Brancos 1T": 56.0, "Votos_Nulos 1T": 114.0, "Abstenções 1T": 627.0, "Eleitores_Aptos 1T": 3486.0, "JAIR BOLSONARO (PL) (NÃO ELEITO) 2T": 1792.0, "LULA (PT) (ELEITO) 2T": 882.0, "Total_Votos_Validos 2T": 2674.0, "Votos_Brancos 2T": 62.0, "Votos_Nulos 2T": 128.0, "Abstenções 2T": 622.0, "Eleitores_Aptos 2T": 3486.0, "mun_code_y": "3520509", "mun_code": "3520509" }, "geometry": { "type": "MultiPolygon", "coordinates": [ [ [ [ 5696603.043617995455861, 7430128.862731913104653 ], [ 5696573.407566806301475, 7430157.701544981449842 ], [ 5696520.356674552895129, 7430209.32312030158937 ], [ 5696612.696719626896083, 7430302.790115252137184 ], [ 5696693.837512616999447, 7430223.706166371703148 ], [ 5696603.043617995455861, 7430128.862731913104653 ] ] ], [ [ [ 5697833.551942857913673, 7430222.542411671020091 ], [ 5697914.909761592745781, 7430081.951752497814596 ], [ 5697638.83007516246289, 7429874.63285668566823 ], [ 5697637.256788106635213, 7429873.445928857661784 ], [ 5697632.208253223448992, 7429869.65510493144393 ], [ 5697583.130433423444629, 7429870.795483682304621 ], [ 5697421.970340324565768, 7429854.209402769804001 ], [ 5697145.514850419014692, 7429825.764941640198231 ], [ 5697114.874245945364237, 7429822.609258987009525 ], [ 5697050.567433917894959, 7429907.592971062287688 ], [ 5696970.276909259147942, 7430013.69767296873033 ], [ 5696905.726738591678441, 7430099.003874928690493 ], [ 5696901.08825113158673, 7430105.131111573427916 ], [ 5696840.015786605887115, 7430185.835846398957074 ], [ 5696829.404897697269917, 7430199.847645191475749 ], [ 5696776.27494015917182, 7430270.054939983412623 ], [ 5696759.47004481498152, 7430292.262658469378948 ], [ 5696711.37382042594254, 7430355.810927022248507 ], [ 5696691.302688672207296, 7430382.341852446086705 ], [ 5696646.472323297522962, 7430441.577570960856974 ], [ 5696620.746937372721732, 7430475.565309459343553 ], [ 5696581.636923458427191, 7430527.240246839821339 ], [ 5696648.61906208563596, 7430578.480906812474132 ], [ 5696712.942963489331305, 7430627.692670181393623 ], [ 5696777.564691384322941, 7430677.124629479832947 ], [ 5696783.147281859070063, 7430680.489364001899958 ], [ 5696843.932387625798583, 7430717.106578150764108 ], [ 5696902.631383282132447, 7430640.662055069580674 ], [ 5696966.852131634019315, 7430557.02267100289464 ], [ 5697033.151484322734177, 7430470.676118953153491 ], [ 5697090.224729934707284, 7430515.261254904791713 ], [ 5697154.873676385730505, 7430429.838441028259695 ], [ 5697157.80152518954128, 7430425.965706464834511 ], [ 5697219.192896193824708, 7430344.843150777742267 ], [ 5697223.816990588791668, 7430338.627250087447464 ], [ 5697291.662328099831939, 7430391.185984832234681 ], [ 5697327.47654325235635, 7430341.926102361641824 ], [ 5697451.962798506952822, 7430435.921183636412024 ], [ 5697455.640344439074397, 7430438.683013636618853 ], [ 5697459.572855887934566, 7430441.633713208138943 ], [ 5697686.807211206294596, 7430612.723809631541371 ], [ 5697689.879152225330472, 7430615.034261807799339 ], [ 5697674.636301908642054, 7430637.951139443553984 ], [ 5697651.960600801743567, 7430675.278783054091036 ], [ 5697641.418719771318138, 7430689.667244480922818 ], [ 5697646.874772923067212, 7430694.275631424039602 ], [ 5697669.1040582312271, 7430715.902406087145209 ], [ 5697721.486045949161053, 7430757.046520752832294 ], [ 5697837.029599747620523, 7430825.849339203909039 ], [ 5697944.223843459039927, 7430656.015255942940712 ], [ 5697871.559870081022382, 7430373.557863249443471 ], [ 5697810.699285194277763, 7430340.204623172059655 ], [ 5697814.41845787409693, 7430332.402307227253914 ], [ 5697841.296905161812901, 7430286.669259051792324 ], [ 5697861.98177981749177, 7430244.504118960350752 ], [ 5697831.102510663680732, 7430226.772233700379729 ], [ 5697833.551942857913673, 7430222.542411671020091 ] ] ] ] } },
{ "type": "Feature", "properties": { "lv_id": "LOC_052388", "id": 297664.0, "CD_SETOR": "352050905000194", "SITUACAO": "Rural", "CD_SIT": "8", "CD_TIPO": "0", "AREA_KM2": 1.1845443566039491, "CD_REGIAO": "3", "NM_REGIAO": "Sudeste", "CD_UF": "35", "NM_UF": "São Paulo", "CD_MUN": "3520509", "NM_MUN": "Indaiatuba", "CD_DIST": "352050905", "NM_DIST": "Indaiatuba", "CD_SUBDIST": "35205090500", "NM_SUBDIST": null, "CD_BAIRRO": null, "NM_BAIRRO": null, "CD_NU": null, "NM_NU": null, "CD_FCU": null, "NM_FCU": null, "CD_AGLOM": null, "NM_AGLOM": null, "CD_RGINT": "3510", "NM_RGINT": "Campinas", "CD_RGI": "350038", "NM_RGI": "Campinas", "CD_CONCURB": "3520509", "NM_CONCURB": "Indaiatuba", "mun_code_x": "3520509", "index_right": 83953, "dist_m": 85.268499006674574, "local_id": 568392, "ano": 2022, "cod_localidade_ibge": 3520509, "NR_ZONA": "211", "nr_cep": 13330000.0, "nm_localidade": "INDAIATUBA", "nm_locvot": "EE. SÃO NICOLAU DE FLUE", "ds_endereco": "ALAMEDA ANTÔNIO AMBIEL, SEM NÚMERO", "ds_bairro": "HELVÉTIA", "pred_long": -47.1491873, "pred_lat": -23.0546076, "pred_dist": 0.0, "tse_long": -47.1491128, "tse_lat": -23.0539169, "long": -47.1491128, "lat": -23.0539169, "ID_UNICO": "LOC_052388", "SG_UF": "SP", "CD_MUNICIPIO": "65110", "NR_LOCAL_VOTACAO": "1180", "QT_SECOES_AGREGADAS": 0, "QT_ELEITORES_TRANSFERIDOS": 47, "CIRO GOMES (PDT) (NÃO ELEITO) 1T": 28.0, "CONSTITUINTE EYMAEL (DC) (NÃO ELEITO) 1T": 1.0, "FELIPE D AVILA (NOVO) (NÃO ELEITO) 1T": 10.0, "JAIR BOLSONARO (PL) (2º TURNO) 1T": 577.0, "LULA (PT) (2º TURNO) 1T": 321.0, "LÉO PÉRICLES (UP) (NÃO ELEITO) 1T": 1.0, "PADRE KELMON (PTB) (NÃO ELEITO) 1T": 1.0, "SIMONE TEBET (MDB) (NÃO ELEITO) 1T": 60.0, "SOFIA MANZANO (PCB) (NÃO ELEITO) 1T": 0.0, "SORAYA THRONICKE (UNIÃO) (NÃO ELEITO) 1T": 7.0, "VERA (PSTU) (NÃO ELEITO) 1T": 1.0, "Total_Votos_Validos 1T": 1007.0, "Votos_Brancos 1T": 19.0, "Votos_Nulos 1T": 28.0, "Abstenções 1T": 398.0, "Eleitores_Aptos 1T": 1452.0, "JAIR BOLSONARO (PL) (NÃO ELEITO) 2T": 628.0, "LULA (PT) (ELEITO) 2T": 363.0, "Total_Votos_Validos 2T": 991.0, "Votos_Brancos 2T": 24.0, "Votos_Nulos 2T": 38.0, "Abstenções 2T": 399.0, "Eleitores_Aptos 2T": 1452.0, "mun_code_y": "3520509", "mun_code": "3520509" }, "geometry": { "type": "Polygon", "coordinates": [ [ [ 5700528.690347644500434, 7431732.904580295085907 ], [ 5700493.358887986280024, 7431744.95336458645761 ], [ 5700460.759156299754977, 7431757.286914333701134 ], [ 5700370.363079227507114, 7431794.219527425244451 ], [ 5700325.943692079745233, 7431810.251090846955776 ], [ 5700063.651631784625351, 7431887.088669815100729 ], [ 5700052.722450013272464, 7431890.522041177377105 ], [ 5699999.096816173754632, 7431907.351053787395358 ], [ 5699897.321418462321162, 7431943.607739809900522 ], [ 5699866.120830833911896, 7431954.725501490756869 ], [ 5699697.120351819321513, 7432014.947094389237463 ], [ 5699661.633690832182765, 7432031.172267545945942 ], [ 5699631.236092796549201, 7432045.876842284575105 ], [ 5699596.899500507861376, 7432067.847955593839288 ], [ 5699572.88613370899111, 7432087.027781153097749 ], [ 5699553.181769043207169, 7432107.757321480661631 ], [ 5699518.514252722263336, 7432149.697425795719028 ], [ 5699492.472050543874502, 7432185.434543650597334 ], [ 5699464.298223058693111, 7432224.081866027787328 ], [ 5699405.790421761572361, 7432304.343588112853467 ], [ 5699346.673794713802636, 7432385.425223158672452 ], [ 5699308.57624279614538, 7432437.663234351202846 ], [ 5699284.876103340648115, 7432470.189611619338393 ], [ 5698964.436068071052432, 7432888.058742376975715 ], [ 5699012.956064891070127, 7432919.656064312905073 ], [ 5699088.435046231374145, 7432976.752104203216732 ], [ 5699131.722030591219664, 7433009.641903383657336 ], [ 5699159.304690305143595, 7433034.65424881502986 ], [ 5699177.374959982000291, 7433051.031688110902905 ], [ 5699260.883581262081861, 7433126.746855286881328 ], [ 5699313.585783258080482, 7433174.532915618270636 ], [ 5699447.280782525427639, 7433295.741895032115281 ], [ 5699544.621018707752228, 7433383.993973680771887 ], [ 5699565.670736354775727, 7433403.087376148439944 ], [ 5699682.733065284788609, 7433509.211780635640025 ], [ 5699805.742620795965195, 7433620.735160157084465 ], [ 5700011.561026487499475, 7433807.312533401884139 ], [ 5700024.459335790015757, 7433819.012389669194818 ], [ 5700122.063702492043376, 7433930.182427180930972 ], [ 5700209.827577739953995, 7434047.02089542709291 ], [ 5700273.045300853438675, 7434131.188286943361163 ], [ 5700364.362736788578331, 7434269.621421245858073 ], [ 5700372.439516839571297, 7434282.204587019048631 ], [ 5700378.877537763677537, 7434293.748968340456486 ], [ 5700396.090234542265534, 7434327.543409777805209 ], [ 5700396.531557588838041, 7434328.426236883737147 ], [ 5700396.983118490315974, 7434329.308585504069924 ], [ 5700402.990802554413676, 7434341.085001198574901 ], [ 5700412.679533110931516, 7434355.890499577857554 ], [ 5700423.166829885914922, 7434370.658673891797662 ], [ 5700433.5331856245175, 7434382.833675527945161 ], [ 5700443.367705093696713, 7434395.044686121866107 ], [ 5700492.83955583255738, 7434449.973463859409094 ], [ 5700528.652057876810431, 7434488.776544101536274 ], [ 5700545.252860131673515, 7434506.805833942256868 ], [ 5700591.070779336616397, 7434557.075712768360972 ], [ 5700676.005140191875398, 7434650.310567608103156 ], [ 5700760.52412055246532, 7434734.184316869825125 ], [ 5700816.414265370927751, 7434779.075348684564233 ], [ 5700900.533052232116461, 7434852.806323106400669 ], [ 5700964.758701325394213, 7434902.382312497124076 ], [ 5701001.896129958331585, 7434870.820173863321543 ], [ 5701008.222872908227146, 7434854.685802035965025 ], [ 5701005.567487141117454, 7434841.759958395734429 ], [ 5700972.434769365936518, 7434802.374756515026093 ], [ 5700969.904071144759655, 7434792.120013393461704 ], [ 5700974.268451608717442, 7434773.512035782448947 ], [ 5700980.509856319054961, 7434759.947048695757985 ], [ 5700981.19150151591748, 7434745.972838019020855 ], [ 5700974.915230102837086, 7434692.83934522792697 ], [ 5700976.989285908639431, 7434671.32692236918956 ], [ 5700985.40636564232409, 7434642.825517274439335 ], [ 5700975.028952494263649, 7434596.353077312931418 ], [ 5700991.251649436540902, 7434543.840369608253241 ], [ 5700981.392791838385165, 7434499.685998460277915 ], [ 5700983.063289020210505, 7434487.115528721362352 ], [ 5700990.041912082582712, 7434473.962164303287864 ], [ 5701009.567000708542764, 7434452.637302042916417 ], [ 5701031.037557536736131, 7434446.613755065947771 ], [ 5701058.051560482941568, 7434447.246272507123649 ], [ 5701111.80459650978446, 7434458.004847750067711 ], [ 5701163.027318364009261, 7434473.900899744592607 ], [ 5701169.233977898955345, 7434477.179775042459369 ], [ 5701201.621069777756929, 7434511.58013922162354 ], [ 5701217.138555173762143, 7434520.892656303010881 ], [ 5701252.58421191200614, 7434521.91115440428257 ], [ 5701294.811842396855354, 7434514.358312513679266 ], [ 5701317.62275567278266, 7434521.656376592814922 ], [ 5701355.62411914113909, 7434575.201716937124729 ], [ 5701382.249365422874689, 7434652.74732974730432 ], [ 5701384.124780053272843, 7434658.191932560876012 ], [ 5701393.152046125382185, 7434675.727372128516436 ], [ 5701454.20676339045167, 7434730.759275799617171 ], [ 5701469.716445381753147, 7434757.472218847833574 ], [ 5701485.251244408078492, 7434797.903380122035742 ], [ 5701496.141189725138247, 7434806.986158580519259 ], [ 5701514.859374402090907, 7434810.125574519857764 ], [ 5701547.083551878109574, 7434808.059717927128077 ], [ 5701562.09925521351397, 7434802.226090501993895 ], [ 5701576.494282235391438, 7434787.498296178877354 ], [ 5701582.1276765903458, 7434776.303700449876487 ], [ 5701593.862750482745469, 7434728.796064911410213 ], [ 5701603.975249826908112, 7434710.253225538879633 ], [ 5701619.860641207545996, 7434696.682526987046003 ], [ 5701636.383437037467957, 7434672.597190331667662 ], [ 5701635.377293622121215, 7434604.939410520717502 ], [ 5701638.062666983343661, 7434587.748052271082997 ], [ 5701651.859015647321939, 7434566.801870005205274 ], [ 5701666.077452156692743, 7434556.867233177646995 ], [ 5701674.612391486763954, 7434550.901798797771335 ], [ 5701686.796238350681961, 7434537.169629981741309 ], [ 5701715.425059367902577, 7434484.520690778270364 ], [ 5701715.376823454163969, 7434439.572174009867013 ], [ 5701726.961082116700709, 7434404.229163380339742 ], [ 5701752.834165148437023, 7434384.836581286042929 ], [ 5701775.667293059639633, 7434359.674638608470559 ], [ 5701779.303589401766658, 7434334.296194417402148 ], [ 5701753.952577836811543, 7434277.036085561849177 ], [ 5701752.439516418613493, 7434231.486866980791092 ], [ 5701763.118975415825844, 7434205.332434787414968 ], [ 5701773.802869604900479, 7434199.031998068094254 ], [ 5701795.892243390902877, 7434193.089738357812166 ], [ 5701801.808331781066954, 7434170.39300490077585 ], [ 5701793.421833259984851, 7434127.061837963759899 ], [ 5701793.753749161027372, 7434112.211387913674116 ], [ 5701801.134038532152772, 7434096.696210892871022 ], [ 5701818.939435524865985, 7434078.127323713153601 ], [ 5701828.228792853653431, 7434048.580114091746509 ], [ 5701827.712660709396005, 7434015.588229529559612 ], [ 5701821.956201651133597, 7433984.626442760229111 ], [ 5701822.376842994242907, 7433958.506207401864231 ], [ 5701827.357187908142805, 7433944.330339736305177 ], [ 5701846.955047491937876, 7433913.630983762443066 ], [ 5701852.056845408864319, 7433897.664752962067723 ], [ 5701852.93691470194608, 7433883.569384516216815 ], [ 5701843.042056032456458, 7433849.678307278081775 ], [ 5701842.270346066914499, 7433830.975598681718111 ], [ 5701863.504528159275651, 7433784.806868724524975 ], [ 5701864.207633952610195, 7433766.927390914410353 ], [ 5701853.065386212430894, 7433721.717594165354967 ], [ 5701840.930378193035722, 7433690.385377295315266 ], [ 5701777.11469422839582, 7433556.514241146855056 ], [ 5701755.428686554543674, 7433492.055693089962006 ], [ 5701741.221126329153776, 7433427.358384354971349 ], [ 5701729.119281440973282, 7433398.924707324244082 ], [ 5701728.043668375350535, 7433391.278787491843104 ], [ 5701729.568972029723227, 7433384.403355586342514 ], [ 5701732.938653704710305, 7433379.672337662428617 ], [ 5701745.915780403651297, 7433367.575732682831585 ], [ 5701758.304554518312216, 7433362.645279666408896 ], [ 5701771.307438207790256, 7433364.266949945129454 ], [ 5701779.392984442412853, 7433368.238252252340317 ], [ 5701807.402475682087243, 7433394.588173346593976 ], [ 5701813.492646437138319, 7433399.768355100415647 ], [ 5701822.477049275301397, 7433401.020551911555231 ], [ 5701832.018442933447659, 7433401.019698772579432 ], [ 5701840.989115768112242, 7433391.006896181032062 ], [ 5701851.372241164557636, 7433373.900828508660197 ], [ 5701860.063495298847556, 7433366.689621031284332 ], [ 5701869.532010219059885, 7433365.130578747950494 ], [ 5701874.831023002974689, 7433366.555414088070393 ], [ 5701893.70376328472048, 7433373.032845865935087 ], [ 5701903.781305190175772, 7433371.333705495111644 ], [ 5701940.675073402933776, 7433355.104619732126594 ], [ 5701957.972460231743753, 7433336.670568812638521 ], [ 5701962.112479235976934, 7433322.087750638835132 ], [ 5701963.183078576810658, 7433309.879589470103383 ], [ 5701951.809514954686165, 7433297.02761990390718 ], [ 5701936.308144113980234, 7433288.049934577196836 ], [ 5701915.212855503894389, 7433273.534225096926093 ], [ 5701900.697121355682611, 7433254.917798553593457 ], [ 5701894.777069885283709, 7433238.017874371260405 ], [ 5701893.520952213555574, 7433222.126359973102808 ], [ 5701900.457949261181056, 7433203.7316455822438 ], [ 5701909.334728346206248, 7433191.71540891379118 ], [ 5701922.144929935224354, 7433182.637991019524634 ], [ 5701957.594554734416306, 7433172.834235740825534 ], [ 5701994.045257350429893, 7433153.725538528524339 ], [ 5702006.976820600219071, 7433142.857674408704042 ], [ 5702046.005514323711395, 7433095.519542079418898 ], [ 5702084.475062603130937, 7433034.041663946583867 ], [ 5702100.111018911935389, 7432993.265293812379241 ], [ 5702115.573048478923738, 7432933.423410972580314 ], [ 5702120.84952403139323, 7432921.430718607269228 ], [ 5702106.114125019870698, 7432907.33107796870172 ], [ 5702101.582256399095058, 7432903.003781477920711 ], [ 5702093.096297739073634, 7432894.199405839666724 ], [ 5702086.480081402696669, 7432887.861681407317519 ], [ 5702068.865894764661789, 7432870.996895328164101 ], [ 5702041.930234444327652, 7432845.668041091412306 ], [ 5702044.475130038335919, 7432839.759742936119437 ], [ 5702049.044240429997444, 7432829.094120373018086 ], [ 5702053.624099232256413, 7432818.439144546166062 ], [ 5702062.744349825195968, 7432804.838553808629513 ], [ 5702076.896780247800052, 7432783.673766248859465 ], [ 5702080.325992498546839, 7432777.59014780446887 ], [ 5702083.55722385738045, 7432771.002717608585954 ], [ 5702086.125500906258821, 7432764.937148408964276 ], [ 5702088.890509597957134, 7432757.813863896764815 ], [ 5702177.830446907319129, 7432528.552579674869776 ], [ 5702232.134087380953133, 7432390.06986198015511 ], [ 5702300.896653723903, 7432211.60093854740262 ], [ 5702197.134629208594561, 7432158.688855030573905 ], [ 5702155.322087380103767, 7432134.627074133604765 ], [ 5702140.270067076198757, 7432112.656505731865764 ], [ 5702124.575296243652701, 7432076.951811976730824 ], [ 5702109.687904751859605, 7432014.43921693880111 ], [ 5702116.714703539386392, 7432011.142665011808276 ], [ 5702273.188575477339327, 7431982.610563592985272 ], [ 5702276.295712605118752, 7431965.053069562651217 ], [ 5702260.532647242769599, 7431965.368632744066417 ], [ 5702239.982259674929082, 7431960.498943589627743 ], [ 5702216.744341796264052, 7431949.497779008001089 ], [ 5702206.828587943688035, 7431941.920695375651121 ], [ 5702196.504753246903419, 7431929.789524626918137 ], [ 5702185.684248635545373, 7431910.554111230187118 ], [ 5702175.067556816153228, 7431882.084613004699349 ], [ 5702167.675057461485267, 7431848.857204874977469 ], [ 5702154.944661371409893, 7431795.612990813329816 ], [ 5702130.353564949706197, 7431698.497944654896855 ], [ 5702106.419166013598442, 7431607.520402712747455 ], [ 5702098.807459225878119, 7431556.021590612828732 ], [ 5702099.513851788826287, 7431543.718844435177743 ], [ 5702105.375164742581546, 7431506.545835497789085 ], [ 5702107.491807510145009, 7431490.183731807395816 ], [ 5702104.318650843575597, 7431475.43057154584676 ], [ 5702099.420619980432093, 7431456.263181533664465 ], [ 5702077.001728447154164, 7431407.957493097521365 ], [ 5702069.264645326882601, 7431379.419911485165358 ], [ 5702067.750293824821711, 7431365.916296619921923 ], [ 5702067.892383949831128, 7431341.560033923014998 ], [ 5702066.372373471036553, 7431274.906963566318154 ], [ 5702064.790626878850162, 7431210.443005837500095 ], [ 5702063.060355614870787, 7431163.185777988284826 ], [ 5702062.45463259704411, 7431107.521301583386958 ], [ 5702061.98238689545542, 7431035.866594966500998 ], [ 5702062.058237378485501, 7431024.340751461684704 ], [ 5702041.904668005183339, 7431026.167407246306539 ], [ 5701931.786722151562572, 7431043.959460826590657 ], [ 5701920.464352225884795, 7431042.259701505303383 ], [ 5701895.383103734813631, 7431032.828498192131519 ], [ 5701886.77653709705919, 7431032.607536770403385 ], [ 5701862.301419015973806, 7431037.659412439912558 ], [ 5701811.833957355469465, 7431050.633874353952706 ], [ 5701803.674336791038513, 7431051.853095205500722 ], [ 5701791.798971691168845, 7431051.70729379914701 ], [ 5701776.717320353724062, 7431052.972258603200316 ], [ 5701757.617241190746427, 7431058.898451346904039 ], [ 5701715.214136559516191, 7431068.839701642282307 ], [ 5701628.376104219816625, 7431122.033959973603487 ], [ 5701466.169352135621011, 7431242.951985879801214 ], [ 5701270.402227417565882, 7431347.571258523501456 ], [ 5701256.550068122334778, 7431358.682758145034313 ], [ 5701229.80320356413722, 7431374.179595705121756 ], [ 5701216.511017557233572, 7431383.446704677306116 ], [ 5701231.207450591027737, 7431395.875258499756455 ], [ 5701242.680841397494078, 7431408.042114444077015 ], [ 5701245.248088795691729, 7431413.3649862986058 ], [ 5701246.007068257778883, 7431418.627577766776085 ], [ 5701245.542747472412884, 7431429.100632824003696 ], [ 5701242.743842652067542, 7431431.328719325363636 ], [ 5701213.411063467152417, 7431454.709816394373775 ], [ 5701151.869311828166246, 7431420.427817916497588 ], [ 5701035.551860882900655, 7431484.523868844844401 ], [ 5700959.740933396853507, 7431531.005936790257692 ], [ 5700894.589094805531204, 7431566.537143317982554 ], [ 5700850.334172594361007, 7431592.869115851819515 ], [ 5700802.239711596630514, 7431628.582641620188951 ], [ 5700796.076195013709366, 7431647.72129288315773 ], [ 5700791.064316606149077, 7431649.573252519592643 ], [ 5700774.456165115348995, 7431654.845814350061119 ], [ 5700528.690347644500434, 7431732.904580295085907 ] ] ] } },
{ "type": "Feature", "properties": { "lv_id": "LOC_052389", "id": 297628.0, "CD_SETOR": "352050905000134", "SITUACAO": "Urbana", "CD_SIT": "1", "CD_TIPO": "0", "AREA_KM2": 3.69999360889511, "CD_REGIAO": "3", "NM_REGIAO": "Sudeste", "CD_UF": "35", "NM_UF": "São Paulo", "CD_MUN": "3520509", "NM_MUN": "Indaiatuba", "CD_DIST": "352050905", "NM_DIST": "Indaiatuba", "CD_SUBDIST": "35205090500", "NM_SUBDIST": null, "CD_BAIRRO": null, "NM_BAIRRO": null, "CD_NU": null, "NM_NU": null, "CD_FCU": null, "NM_FCU": null, "CD_AGLOM": null, "NM_AGLOM": null, "CD_RGINT": "3510", "NM_RGINT": "Campinas", "CD_RGI": "350038", "NM_RGI": "Campinas", "CD_CONCURB": "3520509", "NM_CONCURB": "Indaiatuba", "mun_code_x": "3520509", "index_right": 84002, "dist_m": 32.871125257903579, "local_id": 568441, "ano": 2022, "cod_localidade_ibge": 3520509, "NR_ZONA": "211", "nr_cep": 13330000.0, "nm_localidade": "INDAIATUBA", "nm_locvot": "EE. JOAQUIM PEDROSO ALVARENGA", "ds_endereco": "RODOVIA JOSÉ BOLDRINI, SEM NÚMERO", "ds_bairro": "BAIRRO ITAICI", "pred_long": -47.1793524, "pred_lat": -23.109339, "pred_dist": 0.0, "tse_long": -47.1793586, "tse_lat": -23.1094605, "long": -47.1793586, "lat": -23.1094605, "ID_UNICO": "LOC_052389", "SG_UF": "SP", "CD_MUNICIPIO": "65110", "NR_LOCAL_VOTACAO": "1171", "QT_SECOES_AGREGADAS": 0, "QT_ELEITORES_TRANSFERIDOS": 168, "CIRO GOMES (PDT) (NÃO ELEITO) 1T": 90.0, "CONSTITUINTE EYMAEL (DC) (NÃO ELEITO) 1T": 1.0, "FELIPE D AVILA (NOVO) (NÃO ELEITO) 1T": 29.0, "JAIR BOLSONARO (PL) (2º TURNO) 1T": 1632.0, "LULA (PT) (2º TURNO) 1T": 699.0, "LÉO PÉRICLES (UP) (NÃO ELEITO) 1T": 4.0, "PADRE KELMON (PTB) (NÃO ELEITO) 1T": 1.0, "SIMONE TEBET (MDB) (NÃO ELEITO) 1T": 178.0, "SOFIA MANZANO (PCB) (NÃO ELEITO) 1T": 1.0, "SORAYA THRONICKE (UNIÃO) (NÃO ELEITO) 1T": 5.0, "VERA (PSTU) (NÃO ELEITO) 1T": 0.0, "Total_Votos_Validos 1T": 2640.0, "Votos_Brancos 1T": 54.0, "Votos_Nulos 1T": 47.0, "Abstenções 1T": 769.0, "Eleitores_Aptos 1T": 3510.0, "JAIR BOLSONARO (PL) (NÃO ELEITO) 2T": 1804.0, "LULA (PT) (ELEITO) 2T": 827.0, "Total_Votos_Validos 2T": 2631.0, "Votos_Brancos 2T": 48.0, "Votos_Nulos 2T": 82.0, "Abstenções 2T": 749.0, "Eleitores_Aptos 2T": 3510.0, "mun_code_y": "3520509", "mun_code": "3520509" }, "geometry": { "type": "Polygon", "coordinates": [ [ [ 5699331.325603361241519, 7426184.863116655498743 ], [ 5699328.059135863557458, 7426109.929436683654785 ], [ 5699324.645772913470864, 7426021.763199117965996 ], [ 5699325.648312740027905, 7425972.3499905616045 ], [ 5699326.856985876336694, 7425958.719332750886679 ], [ 5699323.295739065855742, 7425953.610430753789842 ], [ 5699311.862649365328252, 7425937.169989973306656 ], [ 5699263.645040060393512, 7425906.647556399926543 ], [ 5699189.356932575814426, 7425776.427518138661981 ], [ 5699144.127369008027017, 7425758.703240672126412 ], [ 5699153.56575086992234, 7425740.147705361247063 ], [ 5699154.813451571390033, 7425715.941596162505448 ], [ 5699087.140621856786311, 7425671.294875430874527 ], [ 5699083.194113681092858, 7425668.691264057531953 ], [ 5699079.236854808405042, 7425666.077001847326756 ], [ 5698992.088627254590392, 7425663.498841152526438 ], [ 5698621.519739167764783, 7425364.217500995844603 ], [ 5698510.878121882677078, 7425327.971132757142186 ], [ 5698454.587379864417017, 7425235.387610457837582 ], [ 5698332.343875107355416, 7425135.98566584661603 ], [ 5698289.75849895272404, 7425106.313329414464533 ], [ 5698263.244567290879786, 7425108.122592503204942 ], [ 5698255.752891561947763, 7425108.205393295735121 ], [ 5698246.918483003973961, 7425105.004964852705598 ], [ 5698267.125172033905983, 7425077.915882868692279 ], [ 5698289.601024089381099, 7425054.847373880445957 ], [ 5698315.935304332524538, 7425034.040894804522395 ], [ 5698346.679405839182436, 7425016.764430340379477 ], [ 5698426.546452150680125, 7424980.548137564212084 ], [ 5698503.842221155762672, 7424945.488930447027087 ], [ 5698503.508888096548617, 7424941.64540849160403 ], [ 5698502.66264175157994, 7424927.040424702689052 ], [ 5698484.528138461522758, 7424782.469412250444293 ], [ 5698464.129557076841593, 7424656.820422729477286 ], [ 5698455.616958566941321, 7424660.286080532707274 ], [ 5698143.014424053952098, 7424793.955086464062333 ], [ 5698139.857927029021084, 7424795.307326011359692 ], [ 5698132.942125625908375, 7424755.891097947955132 ], [ 5697786.290322300978005, 7424624.734513407573104 ], [ 5697448.912954137660563, 7424497.075500473380089 ], [ 5697046.892154252156615, 7424344.949366698041558 ], [ 5697045.438929189927876, 7424317.95954698882997 ], [ 5697046.675552819855511, 7424286.427383611910045 ], [ 5697050.710170441307127, 7424201.217866519466043 ], [ 5697057.331010079011321, 7424062.195840526372194 ], [ 5697065.699633934535086, 7423886.353309356607497 ], [ 5697073.887309310957789, 7423714.344667954370379 ], [ 5697069.021235724911094, 7423716.189292676746845 ], [ 5696945.606537119485438, 7423762.765864326618612 ], [ 5696974.674554783850908, 7424370.372961403802037 ], [ 5697119.796558323316276, 7424903.398333203978837 ], [ 5696912.764319309964776, 7425206.117384783923626 ], [ 5697159.161042933352292, 7425372.370665149763227 ], [ 5697270.630705961957574, 7425396.987843064591289 ], [ 5697395.161142072640359, 7425371.39552141726017 ], [ 5697404.253085768781602, 7425369.565424717962742 ], [ 5697681.371913033537567, 7425312.537512701004744 ], [ 5697898.041901879943907, 7425262.31218495965004 ], [ 5697942.648119762539864, 7425244.990960188210011 ], [ 5697949.65762700047344, 7425242.265216646715999 ], [ 5697973.971513012424111, 7425253.731632255017757 ], [ 5697914.891215745359659, 7425278.399452388286591 ], [ 5696890.486938046291471, 7425705.781832737848163 ], [ 5696766.790789333172143, 7425812.982020052149892 ], [ 5696517.724091987125576, 7426292.207153466530144 ], [ 5696544.384650493040681, 7426363.993823079392314 ], [ 5696327.81305833812803, 7426357.699128343723714 ], [ 5696285.371906239539385, 7426374.277378138154745 ], [ 5696272.328949466347694, 7426403.604496104642749 ], [ 5696305.445865456946194, 7426444.698309917934239 ], [ 5696318.397805901244283, 7426499.357548067346215 ], [ 5696322.489243069663644, 7426535.715182231739163 ], [ 5696362.396143308840692, 7426550.829317868687212 ], [ 5696380.409726424142718, 7426525.185047434642911 ], [ 5696427.82794289290905, 7426521.233984089456499 ], [ 5696464.213833088986576, 7426555.215715643018484 ], [ 5696469.810737687163055, 7426606.727108418941498 ], [ 5696441.674115061759949, 7426655.473056368529797 ], [ 5696447.512314177118242, 7426682.425361508503556 ], [ 5696231.449509249068797, 7426653.876312174834311 ], [ 5696326.550002554431558, 7426750.366181148216128 ], [ 5696445.828635295853019, 7426869.250187618657947 ], [ 5696589.255936882458627, 7427026.400258172303438 ], [ 5696589.148037711158395, 7427026.505667408928275 ], [ 5696592.454731659032404, 7427029.909288367256522 ], [ 5697283.438434691168368, 7427768.579405758529902 ], [ 5697286.615087169222534, 7427772.26786710973829 ], [ 5697289.799382730387151, 7427775.900205606594682 ], [ 5697840.639838273636997, 7428356.746880754828453 ], [ 5697844.106360904872417, 7428360.488687278702855 ], [ 5697864.569160742685199, 7428314.094679327681661 ], [ 5697944.379853286780417, 7428098.198096752166748 ], [ 5698043.50398572254926, 7427830.059208084829152 ], [ 5698069.822951260022819, 7427758.853483879938722 ], [ 5698120.260379898361862, 7427784.157510245218873 ], [ 5698156.815592824481428, 7427802.503414126113057 ], [ 5698221.451027351431549, 7427834.928915226832032 ], [ 5698288.924476792104542, 7427868.827701032161713 ], [ 5698362.715997209772468, 7427905.810507724061608 ], [ 5698372.33530985750258, 7427910.636538456194103 ], [ 5698382.205346034839749, 7427916.220434812828898 ], [ 5698390.092554808594286, 7427921.729692358523607 ], [ 5698398.082176885567605, 7427928.115283101797104 ], [ 5698406.055416749790311, 7427935.248917968943715 ], [ 5698413.102909273467958, 7427942.983488669618964 ], [ 5698429.922384449280798, 7427963.433572504669428 ], [ 5698483.68697770871222, 7428029.257950779050589 ], [ 5698486.607986317016184, 7428034.274324306286871 ], [ 5698488.058257644996047, 7428036.782989345490932 ], [ 5698489.518762812949717, 7428039.291176062077284 ], [ 5698498.401518979109824, 7428063.502845210954547 ], [ 5698503.243562162853777, 7428074.084236649796367 ], [ 5698515.376445963047445, 7428096.515594687312841 ], [ 5698524.710000415332615, 7428109.943104639649391 ], [ 5698558.90777440648526, 7428153.137015836313367 ], [ 5698569.743811946362257, 7428169.751106329262257 ], [ 5698581.258469602093101, 7428185.74234159104526 ], [ 5698596.381763915531337, 7428203.460989816114306 ], [ 5698633.283656287938356, 7428241.297473101876676 ], [ 5698651.901022545993328, 7428259.165070798248053 ], [ 5698659.31981451716274, 7428266.279962745495141 ], [ 5698673.083303879015148, 7428278.150796826928854 ], [ 5698798.05594529863447, 7428377.798293367028236 ], [ 5698808.933746478520334, 7428387.606735028326511 ], [ 5698819.133651191368699, 7428399.811414425261319 ], [ 5698837.78541708458215, 7428426.321284057572484 ], [ 5698880.904524389654398, 7428500.885418403893709 ], [ 5698942.093998529948294, 7428576.299967316910625 ], [ 5698955.50749603100121, 7428590.551612257957458 ], [ 5698970.732990611344576, 7428604.071619151160121 ], [ 5698984.865124864503741, 7428614.820894269272685 ], [ 5699013.955664391629398, 7428633.804694451391697 ], [ 5699025.337759358808398, 7428642.106070865876973 ], [ 5699123.034604924730957, 7428725.739811861887574 ], [ 5699188.724938769824803, 7428790.972186733037233 ], [ 5699201.691357306204736, 7428806.404623720794916 ], [ 5699212.79385148640722, 7428823.653043353930116 ], [ 5699269.631272970698774, 7428914.763054165989161 ], [ 5699278.626277570612729, 7428928.607806794345379 ], [ 5699285.767256601713598, 7428941.62468090467155 ], [ 5699305.573763493448496, 7428976.367537043988705 ], [ 5699315.280638878233731, 7428990.95974460337311 ], [ 5699325.391073954291642, 7429004.529248725622892 ], [ 5699335.754880131222308, 7429016.71500376611948 ], [ 5699400.224280262365937, 7429088.930619331076741 ], [ 5699409.075475449673831, 7429098.153324373066425 ], [ 5699418.728367937728763, 7429105.654324922710657 ], [ 5699440.529820593073964, 7429119.848043447360396 ], [ 5699448.071037089452147, 7429124.73748055845499 ], [ 5699453.389004249125719, 7429132.095494241453707 ], [ 5699456.698622292838991, 7429139.714763978496194 ], [ 5699467.050658539868891, 7429173.394128760322928 ], [ 5699511.893554815091193, 7429176.928889835253358 ], [ 5699600.187194379046559, 7429189.985781530849636 ], [ 5699621.10630314797163, 7429196.479954971000552 ], [ 5699639.019826842471957, 7429206.260081604123116 ], [ 5699752.219061680138111, 7429291.174183597788215 ], [ 5699755.061471253633499, 7429287.248904008418322 ], [ 5699810.57856373488903, 7429210.556534588336945 ], [ 5700043.63989778328687, 7429380.884665666148067 ], [ 5699980.98553900886327, 7429459.362097458913922 ], [ 5699977.933769383467734, 7429463.196841446682811 ], [ 5700023.182363665662706, 7429492.298168983310461 ], [ 5700025.642281755805016, 7429488.089583880268037 ], [ 5700026.140895345248282, 7429469.562134837731719 ], [ 5700027.465054780244827, 7429467.169010486453772 ], [ 5700029.013496524654329, 7429464.966154782101512 ], [ 5700103.129651959054172, 7429335.012472254224122 ], [ 5700134.225046499632299, 7429280.509101487696171 ], [ 5700142.75404794793576, 7429168.471320260316133 ], [ 5700237.988622786477208, 7429170.915856262668967 ], [ 5700270.705019342713058, 7429137.729079686105251 ], [ 5700336.731266683898866, 7429099.200856582261622 ], [ 5700350.499829654581845, 7429092.488241599872708 ], [ 5700349.716647625900805, 7429076.831452758982778 ], [ 5700345.047540534287691, 7428995.381632512435317 ], [ 5700301.774923395365477, 7428921.216623248532414 ], [ 5700308.299621391110122, 7428838.316740692593157 ], [ 5700366.528031893074512, 7428775.190862955525517 ], [ 5700290.100263927131891, 7428546.659517146646976 ], [ 5700282.467969469726086, 7428350.9546211771667 ], [ 5700413.887621380388737, 7428102.222110386937857 ], [ 5700385.811104896478355, 7427992.233248334378004 ], [ 5700357.822399185970426, 7427917.23005342297256 ], [ 5700337.532571660354733, 7427819.569466263987124 ], [ 5700303.717032665386796, 7427743.869014961645007 ], [ 5700320.716864456422627, 7427659.362440419383347 ], [ 5700343.221068921498954, 7427595.410935097374022 ], [ 5700359.524374858476222, 7427491.863662435673177 ], [ 5700360.296225975267589, 7427455.30963272228837 ], [ 5700350.282274203374982, 7427427.370062633417547 ], [ 5700324.748252444900572, 7427386.639466850087047 ], [ 5700295.626257482916117, 7427348.787438048049808 ], [ 5700248.851504255086184, 7427279.293865444138646 ], [ 5700222.890365058556199, 7427176.36698320414871 ], [ 5700217.019145764410496, 7427130.654768407344818 ], [ 5700226.173430170863867, 7427086.948664331808686 ], [ 5700255.080213813111186, 7427041.948553698137403 ], [ 5700273.777293133549392, 7427004.063508162274957 ], [ 5700275.805154426023364, 7426999.841508231125772 ], [ 5700277.677280938252807, 7426996.017194265499711 ], [ 5700300.361365920864046, 7426949.100133078172803 ], [ 5700321.892391444183886, 7426910.200933575630188 ], [ 5700327.010952286422253, 7426881.953515643253922 ], [ 5700310.396741518750787, 7426838.975706271827221 ], [ 5700308.890290378592908, 7426782.451454911381006 ], [ 5700349.704185640439391, 7426708.3497518543154 ], [ 5700339.575532515533268, 7426693.956511378288269 ], [ 5700348.987234480679035, 7426644.159153189510107 ], [ 5700358.628713875077665, 7426596.425618471577764 ], [ 5699873.573434533551335, 7426299.606245243921876 ], [ 5699741.009805579669774, 7426218.450771343894303 ], [ 5699772.944826988503337, 7426145.915805748663843 ], [ 5699770.908057882450521, 7426135.035921586677432 ], [ 5699758.121707128360868, 7426129.578606389462948 ], [ 5699747.596307840198278, 7426122.911108072847128 ], [ 5699738.327108365483582, 7426119.642412602901459 ], [ 5699730.703834567219019, 7426122.185782461427152 ], [ 5699716.278635066002607, 7426117.206772480159998 ], [ 5699711.024365290999413, 7426109.009570742025971 ], [ 5699698.921810971572995, 7426110.279365935362875 ], [ 5699661.030474226921797, 7426106.098719945177436 ], [ 5699654.541178316809237, 7426104.383946822956204 ], [ 5699640.844562941230834, 7426097.441139347851276 ], [ 5699624.063186407089233, 7426087.029037233442068 ], [ 5699610.433447701856494, 7426087.656479239463806 ], [ 5699603.30685870628804, 7426089.418057922273874 ], [ 5699593.462085070088506, 7426102.349199617281556 ], [ 5699577.776495419442654, 7426120.417007131502032 ], [ 5699569.934518455527723, 7426124.643596956506371 ], [ 5699563.923725380562246, 7426125.047887979075313 ], [ 5699557.797760538756847, 7426122.769519729539752 ], [ 5699551.273259554058313, 7426119.862903136759996 ], [ 5699542.849018019624054, 7426111.635718351230025 ], [ 5699535.095087738707662, 7426105.462878655642271 ], [ 5699520.242475355044007, 7426099.455280601978302 ], [ 5699518.998781881295145, 7426132.294373158365488 ], [ 5699515.006786098703742, 7426178.512841272167861 ], [ 5699507.174140989780426, 7426199.391467956826091 ], [ 5699493.763682859949768, 7426215.02141984552145 ], [ 5699446.624553799629211, 7426241.377250323072076 ], [ 5699439.496081499382854, 7426254.727522330358624 ], [ 5699407.353838028386235, 7426246.741159459576011 ], [ 5699381.579033984802663, 7426238.958441869355738 ], [ 5699333.263363877311349, 7426227.859078930690885 ], [ 5699331.325603361241519, 7426184.863116655498743 ] ] ] } },
{ "type": "Feature", "properties": { "lv_id": "LOC_052390", "id": 297589.0, "CD_SETOR": "352050905000063", "SITUACAO": "Urbana", "CD_SIT": "1", "CD_TIPO": "0", "AREA_KM2": 0.080445408415826994, "CD_REGIAO": "3", "NM_REGIAO": "Sudeste", "CD_UF": "35", "NM_UF": "São Paulo", "CD_MUN": "3520509", "NM_MUN": "Indaiatuba", "CD_DIST": "352050905", "NM_DIST": "Indaiatuba", "CD_SUBDIST": "35205090500", "NM_SUBDIST": null, "CD_BAIRRO": null, "NM_BAIRRO": null, "CD_NU": null, "NM_NU": null, "CD_FCU": null, "NM_FCU": null, "CD_AGLOM": null, "NM_AGLOM": null, "CD_RGINT": "3510", "NM_RGINT": "Campinas", "CD_RGI": "350038", "NM_RGI": "Campinas", "CD_CONCURB": "3520509", "NM_CONCURB": "Indaiatuba", "mun_code_x": "3520509", "index_right": 83970, "dist_m": 226.28773024518412, "local_id": 568409, "ano": 2022, "cod_localidade_ibge": 3520509, "NR_ZONA": "211", "nr_cep": 13330000.0, "nm_localidade": "INDAIATUBA", "nm_locvot": "EE. PROF. MILTON LEME DO PRADO", "ds_endereco": "RUA LUIZ VAZ DE CAMÕES, SEM NÚMERO", "ds_bairro": "VILA BRIGADEIRO FARIA LIMA", "pred_long": -47.2201721, "pred_lat": -23.1055261, "pred_dist": 0.0, "tse_long": -47.2201261, "tse_lat": -23.1055571, "long": -47.2201261, "lat": -23.1055571, "ID_UNICO": "LOC_052390", "SG_UF": "SP", "CD_MUNICIPIO": "65110", "NR_LOCAL_VOTACAO": "1120", "QT_SECOES_AGREGADAS": 0, "QT_ELEITORES_TRANSFERIDOS": 62, "CIRO GOMES (PDT) (NÃO ELEITO) 1T": 85.0, "CONSTITUINTE EYMAEL (DC) (NÃO ELEITO) 1T": 0.0, "FELIPE D AVILA (NOVO) (NÃO ELEITO) 1T": 13.0, "JAIR BOLSONARO (PL) (2º TURNO) 1T": 1266.0, "LULA (PT) (2º TURNO) 1T": 898.0, "LÉO PÉRICLES (UP) (NÃO ELEITO) 1T": 1.0, "PADRE KELMON (PTB) (NÃO ELEITO) 1T": 1.0, "SIMONE TEBET (MDB) (NÃO ELEITO) 1T": 117.0, "SOFIA MANZANO (PCB) (NÃO ELEITO) 1T": 4.0, "SORAYA THRONICKE (UNIÃO) (NÃO ELEITO) 1T": 10.0, "VERA (PSTU) (NÃO ELEITO) 1T": 0.0, "Total_Votos_Validos 1T": 2395.0, "Votos_Brancos 1T": 59.0, "Votos_Nulos 1T": 118.0, "Abstenções 1T": 757.0, "Eleitores_Aptos 1T": 3329.0, "JAIR BOLSONARO (PL) (NÃO ELEITO) 2T": 1441.0, "LULA (PT) (ELEITO) 2T": 980.0, "Total_Votos_Validos 2T": 2421.0, "Votos_Brancos 2T": 47.0, "Votos_Nulos 2T": 110.0, "Abstenções 2T": 751.0, "Eleitores_Aptos 2T": 3329.0, "mun_code_y": "3520509", "mun_code": "3520509" }, "geometry": { "type": "MultiPolygon", "coordinates": [ [ [ [ 5694393.714348003268242, 7427293.60469026863575 ], [ 5694389.395129334181547, 7427295.333360519260168 ], [ 5694375.520204874686897, 7427300.863117340952158 ], [ 5694371.200982002541423, 7427302.591781376861036 ], [ 5694344.227162851020694, 7427313.358660192228854 ], [ 5694113.693464832380414, 7427405.351320039480925 ], [ 5693954.786790700629354, 7427468.752430606633425 ], [ 5693864.652196428738534, 7427504.544956900179386 ], [ 5693950.15897236764431, 7427598.770780210383236 ], [ 5693992.286406064406037, 7427645.204521598294377 ], [ 5694025.804207669571042, 7427689.082744444720447 ], [ 5694068.374618623405695, 7427744.841611496172845 ], [ 5694064.490517798811197, 7427747.553648421540856 ], [ 5694059.156208010390401, 7427751.281008832156658 ], [ 5694055.282336873933673, 7427753.992567198351026 ], [ 5693859.721358059905469, 7427877.198139481246471 ], [ 5693651.980588535778224, 7428008.080823160707951 ], [ 5693688.35518042370677, 7428127.13911053724587 ], [ 5693706.13761951867491, 7428185.343207327648997 ], [ 5693723.929165505804121, 7428243.07849514298141 ], [ 5693739.609201023355126, 7428293.975027430802584 ], [ 5693741.710021994076669, 7428300.80314047075808 ], [ 5693765.770366379991174, 7428361.247451918199658 ], [ 5693925.687883431091905, 7428285.336152171716094 ], [ 5693942.767779109999537, 7428277.238242315128446 ], [ 5693914.327693927101791, 7428216.796644447371364 ], [ 5694082.299122245050967, 7428135.033156786113977 ], [ 5694189.572231533937156, 7428082.819608009420335 ], [ 5694250.469721459783614, 7428053.179943978786469 ], [ 5694254.932470418512821, 7428051.444717878475785 ], [ 5694260.740793466567993, 7428049.312400819733739 ], [ 5694265.135517643764615, 7428047.658398984000087 ], [ 5694352.939782312139869, 7428220.74786832369864 ], [ 5694348.782620614394546, 7428222.881555989384651 ], [ 5694343.242631629109383, 7428225.715183611959219 ], [ 5694339.085467072203755, 7428227.84886793140322 ], [ 5694248.77458174712956, 7428270.331037262454629 ], [ 5694165.177955331280828, 7428309.656775549054146 ], [ 5694188.524036832153797, 7428358.858952289447188 ], [ 5694240.59832461271435, 7428393.053760550916195 ], [ 5694251.852800970897079, 7428400.438098785467446 ], [ 5694298.289082194678485, 7428430.924390707165003 ], [ 5694181.241726173087955, 7428642.492526872083545 ], [ 5694235.599823512136936, 7428654.254276374354959 ], [ 5694291.978472399525344, 7428666.680376954376698 ], [ 5694315.293185073882341, 7428671.831672416999936 ], [ 5694342.977165356278419, 7428681.854370797984302 ], [ 5694448.058269697241485, 7428738.44557798653841 ], [ 5694477.576843848451972, 7428683.408152216114104 ], [ 5694507.463294013403356, 7428627.68435219861567 ], [ 5694536.962379609234631, 7428572.681031489744782 ], [ 5694567.453154356218874, 7428515.847088214941323 ], [ 5694586.134233290329576, 7428481.0193862747401 ], [ 5694536.284572077915072, 7428452.800197454169393 ], [ 5694486.477248977869749, 7428417.307470723055303 ], [ 5694455.494371097534895, 7428384.352658561430871 ], [ 5694428.54646616987884, 7428355.693662872537971 ], [ 5694378.505097476765513, 7428271.129342371597886 ], [ 5694388.40278609469533, 7428260.754866971634328 ], [ 5694532.690107227303088, 7428148.870252944529057 ], [ 5694630.262901984155178, 7428075.490290189161897 ], [ 5694671.09881307464093, 7428049.145557759329677 ], [ 5694692.13432942237705, 7428037.238127280957997 ], [ 5694669.303383575752378, 7427980.384010221809149 ], [ 5694696.618650861084461, 7427908.651980673894286 ], [ 5694752.145051105879247, 7427762.859563929960132 ], [ 5694808.848972278647125, 7427613.967146223410964 ], [ 5694756.19823042768985, 7427597.612194187007844 ], [ 5694711.977637628093362, 7427569.991303783841431 ], [ 5694663.184745363891125, 7427539.527111869305372 ], [ 5694607.284133266657591, 7427504.619970087893307 ], [ 5694553.189902475103736, 7427470.844353765249252 ], [ 5694497.395191109739244, 7427435.998952772468328 ], [ 5694444.209338270127773, 7427402.783106415532529 ], [ 5694435.274420984089375, 7427397.198357620276511 ], [ 5694410.308737816289067, 7427334.978845532983541 ], [ 5694393.714348003268242, 7427293.60469026863575 ] ] ], [ [ [ 5694549.451333147473633, 7428144.745493108406663 ], [ 5694540.939532458782196, 7428151.386526329442859 ], [ 5694509.641673897393048, 7428174.432439602911472 ], [ 5694530.765520771034062, 7428231.198724240995944 ], [ 5694534.252575104124844, 7428239.824891309253871 ], [ 5694542.574293020181358, 7428264.241461969912052 ], [ 5694544.253548871725798, 7428269.048245901241899 ], [ 5694561.309226652607322, 7428318.587154160253704 ], [ 5694593.402251087129116, 7428313.783328181132674 ], [ 5694597.126771938055754, 7428331.287064652889967 ], [ 5694611.679546205326915, 7428327.967546326108277 ], [ 5694615.602143955416977, 7428336.696149844676256 ], [ 5694656.074837272055447, 7428322.17916970141232 ], [ 5694652.547122124582529, 7428286.810980757698417 ], [ 5694639.126311544328928, 7428207.526472432538867 ], [ 5694636.62571797054261, 7428193.858100752346218 ], [ 5694598.524620724841952, 7428205.989778125658631 ], [ 5694569.918013439513743, 7428138.920588673092425 ], [ 5694549.451333147473633, 7428144.745493108406663 ] ] ] ] } },
{ "type": "Feature", "properties": { "lv_id": "LOC_052391", "id": 297616.0, "CD_SETOR": "352050905000118", "SITUACAO": "Urbana", "CD_SIT": "1", "CD_TIPO": "0", "AREA_KM2": 0.073908362882370002, "CD_REGIAO": "3", "NM_REGIAO": "Sudeste", "CD_UF": "35", "NM_UF": "São Paulo", "CD_MUN": "3520509", "NM_MUN": "Indaiatuba", "CD_DIST": "352050905", "NM_DIST": "Indaiatuba", "CD_SUBDIST": "35205090500", "NM_SUBDIST": null, "CD_BAIRRO": null, "NM_BAIRRO": null, "CD_NU": null, "NM_NU": null, "CD_FCU": null, "NM_FCU": null, "CD_AGLOM": null, "NM_AGLOM": null, "CD_RGINT": "3510", "NM_RGINT": "Campinas", "CD_RGI": "350038", "NM_RGI": "Campinas", "CD_CONCURB": "3520509", "NM_CONCURB": "Indaiatuba", "mun_code_x": "3520509", "index_right": 83973, "dist_m": 88.02291025071672, "local_id": 568412, "ano": 2022, "cod_localidade_ibge": 3520509, "NR_ZONA": "211", "nr_cep": 13330000.0, "nm_localidade": "INDAIATUBA", "nm_locvot": "EMEB. PROF. MARIA BENEDICTA GUIMARÃES", "ds_endereco": "RUA JOSÉ DA SILVA MACIEL,SEM NÚMERO", "ds_bairro": "JARDIM TEOTÔNIO VILELA", "pred_long": -47.239806, "pred_lat": -23.116383, "pred_dist": 0.0, "tse_long": -47.2399117, "tse_lat": -23.1166382, "long": -47.2399117, "lat": -23.1166382, "ID_UNICO": "LOC_052391", "SG_UF": "SP", "CD_MUNICIPIO": "65110", "NR_LOCAL_VOTACAO": "2062", "QT_SECOES_AGREGADAS": 0, "QT_ELEITORES_TRANSFERIDOS": 70, "CIRO GOMES (PDT) (NÃO ELEITO) 1T": 58.0, "CONSTITUINTE EYMAEL (DC) (NÃO ELEITO) 1T": 0.0, "FELIPE D AVILA (NOVO) (NÃO ELEITO) 1T": 11.0, "JAIR BOLSONARO (PL) (2º TURNO) 1T": 1224.0, "LULA (PT) (2º TURNO) 1T": 791.0, "LÉO PÉRICLES (UP) (NÃO ELEITO) 1T": 1.0, "PADRE KELMON (PTB) (NÃO ELEITO) 1T": 0.0, "SIMONE TEBET (MDB) (NÃO ELEITO) 1T": 117.0, "SOFIA MANZANO (PCB) (NÃO ELEITO) 1T": 1.0, "SORAYA THRONICKE (UNIÃO) (NÃO ELEITO) 1T": 18.0, "VERA (PSTU) (NÃO ELEITO) 1T": 1.0, "Total_Votos_Validos 1T": 2222.0, "Votos_Brancos 1T": 53.0, "Votos_Nulos 1T": 94.0, "Abstenções 1T": 687.0, "Eleitores_Aptos 1T": 3056.0, "JAIR BOLSONARO (PL) (NÃO ELEITO) 2T": 1448.0, "LULA (PT) (ELEITO) 2T": 858.0, "Total_Votos_Validos 2T": 2306.0, "Votos_Brancos 2T": 52.0, "Votos_Nulos 2T": 111.0, "Abstenções 2T": 587.0, "Eleitores_Aptos 2T": 3056.0, "mun_code_y": "3520509", "mun_code": "3520509" }, "geometry": { "type": "Polygon", "coordinates": [ [ [ 5691979.616372427903116, 7426121.523636630736291 ], [ 5691999.71966162417084, 7426182.820321375504136 ], [ 5691821.183260666206479, 7426241.991651128977537 ], [ 5691841.249013722874224, 7426303.156297726556659 ], [ 5691611.703425345011055, 7426379.352689301595092 ], [ 5691607.382624391466379, 7426380.824140036478639 ], [ 5691600.174534178338945, 7426381.503707 ], [ 5691632.09731600061059, 7426434.54704706184566 ], [ 5691695.539516184478998, 7426535.890505742281675 ], [ 5691741.623942838050425, 7426606.009490871801972 ], [ 5691778.175624625757337, 7426664.893910710699856 ], [ 5691812.825455653481185, 7426724.557847077026963 ], [ 5691815.471236456185579, 7426728.996449368074536 ], [ 5691818.085234431549907, 7426733.1911800801754 ], [ 5691869.317169400863349, 7426815.483839287422597 ], [ 5691876.138762574642897, 7426825.070802472531796 ], [ 5691881.147288450039923, 7426831.373851916752756 ], [ 5691890.679361207410693, 7426846.132450263947248 ], [ 5691897.179651447571814, 7426857.641289995983243 ], [ 5691925.32368553057313, 7426901.893420333974063 ], [ 5691930.646895409561694, 7426910.122338522225618 ], [ 5691958.732765512540936, 7426954.444068616256118 ], [ 5691963.335934046655893, 7426961.959158832207322 ], [ 5691968.30548501946032, 7426969.635707080364227 ], [ 5691992.648065576329827, 7427009.067836422473192 ], [ 5691996.167543385177851, 7427014.436183964833617 ], [ 5692001.929639229550958, 7427025.945765854790807 ], [ 5692028.325719935819507, 7427065.873807874508202 ], [ 5692031.920331544242799, 7427070.87065627425909 ], [ 5692035.70652898773551, 7427078.68009272031486 ], [ 5692063.599344867281616, 7427122.58697004802525 ], [ 5692066.870860986411572, 7427126.583951385691762 ], [ 5692107.00819047819823, 7427113.059188725426793 ], [ 5692285.471722804009914, 7427053.857331078499556 ], [ 5692265.463090889155865, 7426992.857149103656411 ], [ 5692245.16879905667156, 7426931.000359486788511 ], [ 5692225.411756271496415, 7426870.780344985425472 ], [ 5692205.152951262891293, 7426809.022309944964945 ], [ 5692385.015419996343553, 7426749.340585166588426 ], [ 5692541.7385876160115, 7426697.331439804285765 ], [ 5692522.029940688051283, 7426637.075812684372067 ], [ 5692501.830762401223183, 7426575.303950742818415 ], [ 5692479.841342613101006, 7426508.083657196722925 ], [ 5692456.788369975984097, 7426437.600514799356461 ], [ 5692436.864445516839623, 7426376.674653572030365 ], [ 5692416.928819864988327, 7426315.715893611311913 ], [ 5692396.443787867203355, 7426253.076349295675755 ], [ 5692376.975356413051486, 7426193.568036520853639 ], [ 5692219.610849183052778, 7426245.562084885314107 ], [ 5692199.47493174020201, 7426184.244609938934445 ], [ 5692179.445598724298179, 7426123.23446742631495 ], [ 5692159.321613484062254, 7426061.949925949797034 ], [ 5691979.616372427903116, 7426121.523636630736291 ] ] ] } },
{ "type": "Feature", "properties": { "lv_id": "LOC_052392", "id": 297596.0, "CD_SETOR": "352050905000072", "SITUACAO": "Urbana", "CD_SIT": "1", "CD_TIPO": "0", "AREA_KM2": 0.18458174657232099, "CD_REGIAO": "3", "NM_REGIAO": "Sudeste", "CD_UF": "35", "NM_UF": "São Paulo", "CD_MUN": "3520509", "NM_MUN": "Indaiatuba", "CD_DIST": "352050905", "NM_DIST": "Indaiatuba", "CD_SUBDIST": "35205090500", "NM_SUBDIST": null, "CD_BAIRRO": null, "NM_BAIRRO": null, "CD_NU": "3520509001", "NM_NU": "Vale do Sol", "CD_FCU": null, "NM_FCU": null, "CD_AGLOM": null, "NM_AGLOM": null, "CD_RGINT": "3510", "NM_RGINT": "Campinas", "CD_RGI": "350038", "NM_RGI": "Campinas", "CD_CONCURB": "3520509", "NM_CONCURB": "Indaiatuba", "mun_code_x": "3520509", "index_right": 83954, "dist_m": 17.408485334013324, "local_id": 568393, "ano": 2022, "cod_localidade_ibge": 3520509, "NR_ZONA": "211", "nr_cep": 13332053.0, "nm_localidade": "INDAIATUBA", "nm_locvot": "EMEB. PROF. ANTÔNIO LUIZ BALAMINUTTI", "ds_endereco": "RUA RICCIERI DELBONI, 310", "ds_bairro": "PARQUE RESIDENCIAL INDAIÁ", "pred_long": -47.2201241, "pred_lat": -23.062244, "pred_dist": 0.0, "tse_long": -47.2194715, "tse_lat": -23.0615701, "long": -47.2194715, "lat": -23.0615701, "ID_UNICO": "LOC_052392", "SG_UF": "SP", "CD_MUNICIPIO": "65110", "NR_LOCAL_VOTACAO": "2097", "QT_SECOES_AGREGADAS": 0, "QT_ELEITORES_TRANSFERIDOS": 26, "CIRO GOMES (PDT) (NÃO ELEITO) 1T": 126.0, "CONSTITUINTE EYMAEL (DC) (NÃO ELEITO) 1T": 0.0, "FELIPE D AVILA (NOVO) (NÃO ELEITO) 1T": 37.0, "JAIR BOLSONARO (PL) (2º TURNO) 1T": 2051.0, "LULA (PT) (2º TURNO) 1T": 978.0, "LÉO PÉRICLES (UP) (NÃO ELEITO) 1T": 1.0, "PADRE KELMON (PTB) (NÃO ELEITO) 1T": 2.0, "SIMONE TEBET (MDB) (NÃO ELEITO) 1T": 237.0, "SOFIA MANZANO (PCB) (NÃO ELEITO) 1T": 2.0, "SORAYA THRONICKE (UNIÃO) (NÃO ELEITO) 1T": 18.0, "VERA (PSTU) (NÃO ELEITO) 1T": 2.0, "Total_Votos_Validos 1T": 3454.0, "Votos_Brancos 1T": 74.0, "Votos_Nulos 1T": 148.0, "Abstenções 1T": 840.0, "Eleitores_Aptos 1T": 4516.0, "JAIR BOLSONARO (PL) (NÃO ELEITO) 2T": 2334.0, "LULA (PT) (ELEITO) 2T": 1097.0, "Total_Votos_Validos 2T": 3431.0, "Votos_Brancos 2T": 81.0, "Votos_Nulos 2T": 160.0, "Abstenções 2T": 844.0, "Eleitores_Aptos 2T": 4516.0, "mun_code_y": "3520509", "mun_code": "3520509" }, "geometry": { "type": "Polygon", "coordinates": [ [ [ 5694314.17751890886575, 7431509.652902133762836 ], [ 5694288.659572527743876, 7431509.509590035304427 ], [ 5694278.928903260268271, 7431528.429433800280094 ], [ 5694220.013363288715482, 7431523.456094034016132 ], [ 5694156.665340011939406, 7431502.059891165234149 ], [ 5694068.097817622125149, 7431500.702948901802301 ], [ 5694054.943017438985407, 7431519.892891312018037 ], [ 5694031.530443532392383, 7431536.647733956575394 ], [ 5693874.522685529664159, 7431592.05028211325407 ], [ 5693787.540707199834287, 7431614.550943708047271 ], [ 5693712.984416827559471, 7431649.768647234886885 ], [ 5693691.197173160500824, 7431679.718692103400826 ], [ 5693661.245691762305796, 7431654.252142004668713 ], [ 5693603.032136895693839, 7431600.140326587483287 ], [ 5693582.625495946034789, 7431613.810785682871938 ], [ 5693569.202712212689221, 7431626.778389671817422 ], [ 5693566.008625525049865, 7431623.145787265151739 ], [ 5693551.211653634905815, 7431618.378029148094356 ], [ 5693537.688181228004396, 7431614.08655508980155 ], [ 5693519.848978055641055, 7431608.969047818332911 ], [ 5693502.321203264407814, 7431610.807253861799836 ], [ 5693480.644941756501794, 7431615.436137186363339 ], [ 5693459.294345894828439, 7431616.681917512789369 ], [ 5693450.030808714218438, 7431617.111133429221809 ], [ 5693437.802290583960712, 7431615.090399270877242 ], [ 5693422.182461221702397, 7431606.501981776207685 ], [ 5693404.474527383223176, 7431604.222093233838677 ], [ 5693385.993723279796541, 7431605.858969457447529 ], [ 5693368.785240675322711, 7431609.500039808452129 ], [ 5693352.321053450927138, 7431603.281497574411333 ], [ 5693335.227027685381472, 7431604.073410054668784 ], [ 5693318.578074826858938, 7431604.064029708504677 ], [ 5693292.996715240180492, 7431606.542725514620543 ], [ 5693284.864167206920683, 7431610.800419768318534 ], [ 5693280.003688703291118, 7431611.282070852816105 ], [ 5693277.361416825093329, 7431643.991216506808996 ], [ 5693273.981230543926358, 7431668.727253384888172 ], [ 5693270.716579557396472, 7431690.859469721093774 ], [ 5693267.781426895409822, 7431714.794228300452232 ], [ 5693266.122774684801698, 7431730.394922135397792 ], [ 5693263.539094580337405, 7431751.726083003915846 ], [ 5693262.187355676665902, 7431768.862712852656841 ], [ 5693259.75997665245086, 7431793.353852855041623 ], [ 5693256.659140494652092, 7431813.928303093649447 ], [ 5693254.266237180680037, 7431839.388079410418868 ], [ 5693251.98780545219779, 7431861.998739777132869 ], [ 5693250.746242796070874, 7431886.624530198983848 ], [ 5693246.384336845949292, 7431920.974568972364068 ], [ 5693245.044840386137366, 7431922.843261688947678 ], [ 5693243.204130135476589, 7431939.612192113883793 ], [ 5693240.807874601334333, 7431959.897485353052616 ], [ 5693218.152158520184457, 7431958.883565312251449 ], [ 5693205.524049208499491, 7431958.43123247474432 ], [ 5693188.34629353415221, 7431957.420081431977451 ], [ 5693187.084120894782245, 7431986.708393253386021 ], [ 5693185.152704821899533, 7432017.053693459369242 ], [ 5693184.854221264831722, 7432023.468865513801575 ], [ 5693185.081034362316132, 7432028.376472499221563 ], [ 5693149.480055802501738, 7432026.0437096292153 ], [ 5692996.752745678648353, 7432015.74002034869045 ], [ 5693052.997200113721192, 7431779.085850942879915 ], [ 5693057.884893108159304, 7431767.205528053455055 ], [ 5693053.897845010273159, 7431764.613260189071298 ], [ 5693046.53734266012907, 7431754.504515658132732 ], [ 5693043.441616712138057, 7431750.778063694015145 ], [ 5693040.345377732999623, 7431747.040483133867383 ], [ 5693016.164571322500706, 7431717.012185254134238 ], [ 5692998.144606597721577, 7431739.05792673677206 ], [ 5692986.464758620597422, 7431748.910750897601247 ], [ 5692970.66807237546891, 7431757.136369727551937 ], [ 5692948.923143954947591, 7431765.392010171897709 ], [ 5692903.142037067562342, 7431768.280988518148661 ], [ 5692876.83200544025749, 7431770.53612043056637 ], [ 5692852.78456615563482, 7431764.9245994258672 ], [ 5692821.913510539568961, 7431750.82989898417145 ], [ 5692798.026983872056007, 7431738.486144363880157 ], [ 5692815.740302727557719, 7431709.797115380875766 ], [ 5692839.592841606587172, 7431669.894782244227827 ], [ 5692860.81876293104142, 7431640.195479664951563 ], [ 5692862.38456264231354, 7431576.176765348762274 ], [ 5692863.053750962018967, 7431539.154215436428785 ], [ 5692832.580070524476469, 7431538.758364677429199 ], [ 5692759.968240486457944, 7431537.714632987976074 ], [ 5692754.451888363808393, 7431536.877076847478747 ], [ 5692739.956268856301904, 7431537.291563674807549 ], [ 5692703.294107498601079, 7431588.124614791944623 ], [ 5692679.205996775999665, 7431622.929926298558712 ], [ 5692633.158041571266949, 7431646.015800392255187 ], [ 5692588.611370399594307, 7431665.407602888531983 ], [ 5692572.097000065259635, 7431673.420640299096704 ], [ 5692563.557607198134065, 7431684.421390252187848 ], [ 5692575.660540678538382, 7431693.942789947614074 ], [ 5692584.665531798265874, 7431708.79324481356889 ], [ 5692600.363560016267002, 7431713.754363828338683 ], [ 5692591.576732852496207, 7431744.940639054402709 ], [ 5692580.292817504145205, 7431768.480618683621287 ], [ 5692568.378724281676114, 7431788.815644707530737 ], [ 5692544.942613115534186, 7431781.112253057770431 ], [ 5692540.754406871274114, 7431777.938127230852842 ], [ 5692532.231446696445346, 7431778.856630722992122 ], [ 5692519.707922983914614, 7431775.555177763104439 ], [ 5692507.6001296043396, 7431817.244079786352813 ], [ 5692500.377147933468223, 7431851.647714423015714 ], [ 5692491.74490456841886, 7431859.753143138252199 ], [ 5692489.229632334783673, 7431861.26351634785533 ], [ 5692488.508807015605271, 7431879.864987759850919 ], [ 5692476.811286731623113, 7431893.565553396008909 ], [ 5692453.885098550468683, 7431921.569460566155612 ], [ 5692440.081064226105809, 7431933.415825685486197 ], [ 5692426.243610298261046, 7431944.538836903870106 ], [ 5692420.949203681200743, 7431952.06601370498538 ], [ 5692349.032683201134205, 7431981.454826321452856 ], [ 5692316.579711066558957, 7431997.531500617042184 ], [ 5692285.92692047636956, 7432011.718208614736795 ], [ 5692239.027484497055411, 7432038.399199401959777 ], [ 5692234.579151785001159, 7432040.701482041738927 ], [ 5692209.745414833538234, 7432060.507120848633349 ], [ 5692126.863825812004507, 7432167.51730733923614 ], [ 5692065.68372490350157, 7432267.780206182971597 ], [ 5692029.429448726586998, 7432301.763258615508676 ], [ 5691995.714847701601684, 7432322.313407838344574 ], [ 5691968.571273671463132, 7432333.872406098991632 ], [ 5691936.812649689614773, 7432342.566725470125675 ], [ 5691890.126858168281615, 7432357.23683849349618 ], [ 5691863.011675767600536, 7432363.85401355382055 ], [ 5691831.352104402147233, 7432371.584438838064671 ], [ 5691799.000707069411874, 7432376.770678116939962 ], [ 5691748.198104498907924, 7432383.366999933496118 ], [ 5691715.770740469917655, 7432387.129122024402022 ], [ 5691679.167175660841167, 7432384.861393719911575 ], [ 5691643.988730199635029, 7432379.684027081355453 ], [ 5691614.65142010897398, 7432371.259208478033543 ], [ 5691591.084398255683482, 7432357.605223909020424 ], [ 5691561.05493445508182, 7432328.380722308531404 ], [ 5691517.258363463915884, 7432283.343231962062418 ], [ 5691484.56737525947392, 7432241.773903716355562 ], [ 5691458.680856565013528, 7432211.621937975287437 ], [ 5691445.06731572188437, 7432220.056992924772203 ], [ 5691431.000095015391707, 7432226.661789948120713 ], [ 5691414.410962030291557, 7432231.743738301098347 ], [ 5691374.342642058618367, 7432237.976959024555981 ], [ 5691310.18167088739574, 7432242.512433876283467 ], [ 5691075.901148499920964, 7432268.239437905140221 ], [ 5690948.472332946956158, 7432282.228754842653871 ], [ 5690923.772059648297727, 7432286.045177499763668 ], [ 5690895.789578747935593, 7432291.65232974011451 ], [ 5690868.213590821251273, 7432299.181053104810417 ], [ 5690841.637910110875964, 7432310.388207383453846 ], [ 5690747.405047408305109, 7432353.577632828615606 ], [ 5690656.196322679519653, 7432392.72373846359551 ], [ 5690580.975235849618912, 7432424.418434796854854 ], [ 5690450.00484821293503, 7432479.615324173122644 ], [ 5690487.174633467569947, 7432547.453382479026914 ], [ 5690526.580996147356927, 7432619.526251170784235 ], [ 5690540.656646146439016, 7432655.20889613032341 ], [ 5690551.904043072834611, 7432694.077518435195088 ], [ 5690568.777743362821639, 7432752.436101108789444 ], [ 5690569.996790645644069, 7432762.873512273654342 ], [ 5690568.892187031917274, 7432776.0944694140926 ], [ 5690549.430039385333657, 7432872.337988179177046 ], [ 5690538.290746297687292, 7432921.628648625686765 ], [ 5690530.066059389151633, 7432944.19954270683229 ], [ 5690490.653078309260309, 7433052.101723847910762 ], [ 5690480.271898620761931, 7433080.871873781085014 ], [ 5690478.741776074282825, 7433095.32792379707098 ], [ 5690478.215415054932237, 7433136.724439280107617 ], [ 5690477.0694481106475, 7433221.729762267321348 ], [ 5690476.708016715943813, 7433247.316920591518283 ], [ 5690476.131320171989501, 7433287.622889129444957 ], [ 5690474.26338860951364, 7433377.902687391266227 ], [ 5690475.691375539638102, 7433407.823350833728909 ], [ 5690478.114726198837161, 7433423.256880529224873 ], [ 5690480.911252949386835, 7433441.003879329189658 ], [ 5690489.251621518284082, 7433488.715984204784036 ], [ 5690499.115983038209379, 7433551.04442242719233 ], [ 5690502.081432822160423, 7433569.787278954870999 ], [ 5690506.273462945595384, 7433602.033869126811624 ], [ 5690506.579359052702785, 7433683.604456817731261 ], [ 5690509.493457613512874, 7433746.275608103722334 ], [ 5690518.177215122617781, 7433793.871552776545286 ], [ 5690538.17083109356463, 7433840.667372480034828 ], [ 5690547.920070542022586, 7433850.767325233668089 ], [ 5690594.216666782274842, 7433908.896126119419932 ], [ 5690652.716477039270103, 7433988.085193516686559 ], [ 5690669.409359227865934, 7434027.795822667889297 ], [ 5690678.433780629187822, 7434066.956708652898669 ], [ 5690684.650394759140909, 7434093.924556143581867 ], [ 5690689.090272137895226, 7434121.520742973312736 ], [ 5690690.119857999496162, 7434138.546335909515619 ], [ 5690688.525996567681432, 7434152.514672933146358 ], [ 5690688.338352749124169, 7434174.079311389476061 ], [ 5690683.829387780278921, 7434261.603962223976851 ], [ 5690680.871598996222019, 7434324.423268053680658 ], [ 5690682.441354085691273, 7434379.952616014517844 ], [ 5690677.281743879429996, 7434456.690174300223589 ], [ 5690675.520912209525704, 7434501.154552314430475 ], [ 5690674.732614985667169, 7434521.263696137815714 ], [ 5690677.423658771440387, 7434620.578119723126292 ], [ 5690691.67659870814532, 7434803.966534672304988 ], [ 5690693.382691968232393, 7434824.328710546717048 ], [ 5690694.674835082143545, 7434900.155505146831274 ], [ 5690694.87842130754143, 7434923.0960249658674 ], [ 5690695.078923369757831, 7434946.192807800136507 ], [ 5690696.837805309332907, 7434952.535045769065619 ], [ 5690677.48183710500598, 7434959.326221878640354 ], [ 5690633.155125420540571, 7434978.207713034003973 ], [ 5690571.735326422378421, 7435008.024518089368939 ], [ 5690477.395559393800795, 7435059.809478576295078 ], [ 5690338.397611806169152, 7435123.742677399888635 ], [ 5690303.00818238966167, 7435139.311926141381264 ], [ 5690246.706909014843404, 7435164.887926653027534 ], [ 5690205.290586551651359, 7435177.690089352428913 ], [ 5690120.575633354485035, 7435096.695018910802901 ], [ 5690114.497471090406179, 7435100.398367473855615 ], [ 5689666.82005262747407, 7435372.912638047710061 ], [ 5689784.556343585252762, 7435543.842604381963611 ], [ 5689786.76163312792778, 7435545.168503891676664 ], [ 5689733.971594739705324, 7435584.251853653229773 ], [ 5689633.136045724153519, 7435659.177500383928418 ], [ 5689569.578229356557131, 7435707.341840540990233 ], [ 5689540.84563972428441, 7435729.393613236024976 ], [ 5689478.682885158807039, 7435775.998961942270398 ], [ 5689414.409286396577954, 7435824.462900132872164 ], [ 5689327.64804479572922, 7435891.568145859055221 ], [ 5689286.720744184218347, 7435921.796158515848219 ], [ 5689254.780229572206736, 7435945.511179747059941 ], [ 5689226.95833040215075, 7435964.174855200573802 ], [ 5689204.076937241479754, 7435976.467053785920143 ], [ 5689177.418996951542795, 7435984.048569421283901 ], [ 5689150.945174482651055, 7435985.131576679646969 ], [ 5689125.964647820219398, 7435982.75594490673393 ], [ 5688818.78866451792419, 7435921.299712305888534 ], [ 5688738.811533462256193, 7435915.105061654001474 ], [ 5688640.499015055596828, 7435910.700015157461166 ], [ 5687985.823296863585711, 7435882.290715877898037 ], [ 5687985.888436072506011, 7435884.161083402112126 ], [ 5687991.708093740977347, 7436048.203009570017457 ], [ 5688000.863530257716775, 7436136.098284443840384 ], [ 5688016.162985221482813, 7436196.837922088801861 ], [ 5688029.534370224922895, 7436224.436257118359208 ], [ 5688075.448429284617305, 7436310.644954721443355 ], [ 5688092.439815619029105, 7436336.627566567622125 ], [ 5688112.080031245015562, 7436353.233343122527003 ], [ 5688157.563412301242352, 7436396.419095430523157 ], [ 5688268.504490531049669, 7436497.708120228722692 ], [ 5688308.635840591043234, 7436529.319250198081136 ], [ 5688345.107552295550704, 7436557.195444552227855 ], [ 5688414.212224527262151, 7436609.778591076843441 ], [ 5688480.913432257249951, 7436650.20576966740191 ], [ 5688530.219397023320198, 7436684.963741483166814 ], [ 5688544.987984775565565, 7436693.764128680340946 ], [ 5688564.035919986665249, 7436706.382420510984957 ], [ 5688590.302075883373618, 7436722.014620335772634 ], [ 5688729.003517326898873, 7436842.322336807847023 ], [ 5688818.806266643106937, 7436914.36053564120084 ], [ 5688880.653556782752275, 7436969.729042442515492 ], [ 5688921.505587019957602, 7437021.489725060760975 ], [ 5688952.499414946883917, 7437059.652732724323869 ], [ 5688973.684402903541923, 7437094.251824822276831 ], [ 5689027.977316481992602, 7437201.931346204131842 ], [ 5689077.710369543172419, 7437270.568303775042295 ], [ 5689167.513413497246802, 7437362.677746269851923 ], [ 5689242.492261544801295, 7437408.967589490115643 ], [ 5689301.623852903954685, 7437431.898710209876299 ], [ 5689365.094855009578168, 7437437.568934385664761 ], [ 5689405.097342310473323, 7437434.950287019833922 ], [ 5689464.116152981296182, 7437426.328103695064783 ], [ 5689511.522306054830551, 7437421.807761194184422 ], [ 5689526.692415272817016, 7437423.675360737368464 ], [ 5689537.863531926646829, 7437427.845472499728203 ], [ 5689553.549502496607602, 7437438.721848115324974 ], [ 5689566.644253890030086, 7437453.50873204972595 ], [ 5689581.017936050891876, 7437476.042706198990345 ], [ 5689594.387138087302446, 7437505.759647404775023 ], [ 5689600.701589946635067, 7437531.563359433785081 ], [ 5689611.283437049947679, 7437576.574122827500105 ], [ 5689629.820169789716601, 7437669.727247457951307 ], [ 5689630.247739744372666, 7437723.79118659067899 ], [ 5689627.907842326909304, 7437760.028789568692446 ], [ 5689606.810437248088419, 7437814.635879159905016 ], [ 5689600.814531868323684, 7437851.710536351427436 ], [ 5689609.108014502562582, 7437893.815661489963531 ], [ 5689628.094854553230107, 7437918.479485880583525 ], [ 5689653.109503548592329, 7437933.610748205333948 ], [ 5689710.984729482792318, 7437951.469231747090816 ], [ 5689801.834824155084789, 7437961.121094782836735 ], [ 5689841.873845085501671, 7437963.741139940917492 ], [ 5689899.23317655082792, 7437974.820432817563415 ], [ 5689935.754241424612701, 7437981.28191078081727 ], [ 5689961.108274755999446, 7437988.145213421434164 ], [ 5690091.632771169766784, 7438014.817161113023758 ], [ 5690146.017954251728952, 7438023.690622380003333 ], [ 5690178.827194950543344, 7438029.764717184007168 ], [ 5690197.002462571486831, 7438041.195353096351027 ], [ 5690210.021813795901835, 7438052.082504327408969 ], [ 5690222.539131588302553, 7438065.446042532101274 ], [ 5690243.175557738170028, 7438092.486904663033783 ], [ 5690275.559834611602128, 7438147.423479864373803 ], [ 5690338.371300268918276, 7438272.775568982586265 ], [ 5690373.454631508328021, 7438326.138316206634045 ], [ 5690422.095672376453876, 7438388.690675222314894 ], [ 5690438.364998176693916, 7438416.712972555309534 ], [ 5690482.309946164488792, 7438490.967275153845549 ], [ 5690569.8258265145123, 7438600.016956483945251 ], [ 5690636.405339231714606, 7438657.61785470880568 ], [ 5690723.219808435067534, 7438729.00753696449101 ], [ 5690766.913896289654076, 7438766.473321873694658 ], [ 5690791.556410679593682, 7438789.092095904052258 ], [ 5690804.08977725636214, 7438805.019584853202105 ], [ 5690816.090479349717498, 7438822.755820725113153 ], [ 5690852.515917470678687, 7438896.352284691296518 ], [ 5690869.350804468616843, 7438967.95085396245122 ], [ 5690893.146315282210708, 7439019.044918550178409 ], [ 5690948.564934954978526, 7439144.17952779866755 ], [ 5690976.18404264934361, 7439215.951004702597857 ], [ 5690998.780376005917788, 7439283.381514202803373 ], [ 5691005.473167165182531, 7439339.723269255831838 ], [ 5691008.50700693577528, 7439370.027321320027113 ], [ 5691013.266526449471712, 7439399.917419060133398 ], [ 5691034.998816185630858, 7439511.101728556677699 ], [ 5691039.139953155070543, 7439527.526946114376187 ], [ 5691054.140680235810578, 7439559.176106703467667 ], [ 5691082.263618682511151, 7439615.089349656365812 ], [ 5691126.271610163152218, 7439666.034011580049992 ], [ 5691178.462833977304399, 7439716.379001721739769 ], [ 5691251.311250234022737, 7439769.564716892316937 ], [ 5691294.103296974673867, 7439796.254714424721897 ], [ 5691313.008955877274275, 7439798.953035647980869 ], [ 5691367.248387622646987, 7439795.564260426908731 ], [ 5691384.602983321994543, 7439791.308389105834067 ], [ 5691410.42275959905237, 7439779.191228619776666 ], [ 5691439.981664789840579, 7439752.404778645373881 ], [ 5691468.018668256700039, 7439739.404797436669469 ], [ 5691487.124311530962586, 7439737.521521048620343 ], [ 5691527.572819167748094, 7439742.238638998940587 ], [ 5691543.431854809634387, 7439741.173874964937568 ], [ 5691574.572029464878142, 7439726.469551041722298 ], [ 5691624.81411652918905, 7439683.006368882022798 ], [ 5691656.28296111151576, 7439646.429425503127277 ], [ 5691700.667155396193266, 7439587.177212078124285 ], [ 5691725.253648056648672, 7439543.779921686276793 ], [ 5691743.699280518107116, 7439523.080296771600842 ], [ 5691747.324885867536068, 7439519.344753812998533 ], [ 5691752.107736037112772, 7439516.225004602223635 ], [ 5691763.839748807251453, 7439503.529248751699924 ], [ 5691819.942328123375773, 7439491.577410316094756 ], [ 5691857.149724112823606, 7439474.920007947832346 ], [ 5691874.320354187861085, 7439444.353858204558492 ], [ 5691905.470451140776277, 7439407.567707076668739 ], [ 5691928.774953110143542, 7439392.108201067894697 ], [ 5691970.969023181125522, 7439392.394313214346766 ], [ 5692016.348542555235326, 7439374.913754404522479 ], [ 5692067.207629491575062, 7439324.840389678254724 ], [ 5692107.062161023728549, 7439274.270306644961238 ], [ 5692115.572696482762694, 7439267.410016104578972 ], [ 5692134.918368162587285, 7439264.064935931935906 ], [ 5692152.323224780149758, 7439269.842232286930084 ], [ 5692175.64201779756695, 7439312.705389659851789 ], [ 5692197.409636088646948, 7439326.310843852348626 ], [ 5692221.276811553165317, 7439332.013238594867289 ], [ 5692244.119924028404057, 7439331.071729902178049 ], [ 5692316.827700851485133, 7439316.456464933231473 ], [ 5692363.829855562187731, 7439303.026055859401822 ], [ 5692395.833692147396505, 7439298.204857112839818 ], [ 5692447.480016507208347, 7439271.958424311131239 ], [ 5692470.256522351875901, 7439276.260990442708135 ], [ 5692480.4516407167539, 7439274.787172665819526 ], [ 5692487.855922242626548, 7439263.962973052635789 ], [ 5692494.553390053100884, 7439240.012170342728496 ], [ 5692504.190208049491048, 7439228.638920307159424 ], [ 5692513.92954421043396, 7439226.182421734556556 ], [ 5692524.145272801630199, 7439236.305552275851369 ], [ 5692533.905133821070194, 7439236.524543091654778 ], [ 5692540.828128423541784, 7439233.082730202004313 ], [ 5692547.868791779503226, 7439223.278920230455697 ], [ 5692550.080762716941535, 7439215.593629298731685 ], [ 5692555.042515506967902, 7439209.677330570295453 ], [ 5692584.316804692149162, 7439203.531808996573091 ], [ 5692629.842769922688603, 7439151.359919285401702 ], [ 5692636.330226295627654, 7439138.459026978351176 ], [ 5692635.715276639908552, 7439118.41398813482374 ], [ 5692630.696973938494921, 7439111.954341948032379 ], [ 5692616.359275943599641, 7439105.924583254382014 ], [ 5692613.573635497130454, 7439103.376625975593925 ], [ 5692613.404572091065347, 7439099.704301584511995 ], [ 5692658.776235441677272, 7439041.963358643464744 ], [ 5692676.779865999706089, 7439036.22596563026309 ], [ 5692719.095753507688642, 7439030.259042667225003 ], [ 5692776.92049668263644, 7438991.12431389093399 ], [ 5692792.743163079023361, 7438998.200585033744574 ], [ 5692810.322619720362127, 7439016.682272871956229 ], [ 5692823.733512901701033, 7439022.643096514977515 ], [ 5692845.577678538858891, 7439022.304234801791608 ], [ 5692863.545346648432314, 7439015.787618136033416 ], [ 5692878.271936775185168, 7439014.661958616226912 ], [ 5692934.65534296631813, 7439042.281738074496388 ], [ 5692949.146486114710569, 7439042.728157971054316 ], [ 5692965.076291161589324, 7439038.758899824693799 ], [ 5692992.428700620308518, 7439008.724405412562191 ], [ 5693017.22014207392931, 7438967.656053684651852 ], [ 5693026.472690858878195, 7438963.548825114965439 ], [ 5693051.814469227567315, 7438970.073953820392489 ], [ 5693060.775285860523582, 7438968.545126304030418 ], [ 5693066.136369743384421, 7438966.847898751497269 ], [ 5693084.323568069376051, 7438951.733804620802402 ], [ 5693113.197102988138795, 7438934.676595781929791 ], [ 5693159.746423307806253, 7438915.911113957874477 ], [ 5693174.615182105451822, 7438897.827504942193627 ], [ 5693178.489315822720528, 7438866.088426740840077 ], [ 5693184.62785854563117, 7438852.311065105721354 ], [ 5693200.55064904037863, 7438831.937178170308471 ], [ 5693208.855833659879863, 7438821.304996631108224 ], [ 5693256.02277484536171, 7438782.548412286676466 ], [ 5693331.290933225303888, 7438750.077251264825463 ], [ 5693342.150125230662525, 7438734.074384554289281 ], [ 5693356.279775871895254, 7438699.96563808247447 ], [ 5693376.626560376957059, 7438678.283065492287278 ], [ 5693390.020742536522448, 7438668.296687862835824 ], [ 5693403.348788041621447, 7438663.554822597652674 ], [ 5693472.898360472172499, 7438651.75514854490757 ], [ 5693506.491613881662488, 7438632.471485734917223 ], [ 5693525.148870854638517, 7438616.442722715437412 ], [ 5693541.215109322220087, 7438599.864500996656716 ], [ 5693557.82282573543489, 7438570.547828838229179 ], [ 5693563.734378158114851, 7438545.182457158342004 ], [ 5693556.427836200222373, 7438495.781612519174814 ], [ 5693573.832935652695596, 7438454.82983062043786 ], [ 5693573.444420703686774, 7438410.796918487176299 ], [ 5693585.376988032832742, 7438382.476789143867791 ], [ 5693601.806496202945709, 7438367.108349261805415 ], [ 5693645.521130885928869, 7438342.561018947511911 ], [ 5693657.198558926582336, 7438324.289487922564149 ], [ 5693667.609419601969421, 7438289.682823278009892 ], [ 5693677.346442680805922, 7438273.842878534458578 ], [ 5693690.606532342731953, 7438260.962701411917806 ], [ 5693734.325018200092018, 7438229.835026090964675 ], [ 5693751.045712567865849, 7438211.887870404869318 ], [ 5693775.844176854006946, 7438177.731231248006225 ], [ 5693795.914573169313371, 7438127.845463017001748 ], [ 5693816.299935279414058, 7438100.360943825915456 ], [ 5693837.112500104121864, 7438091.034684672951698 ], [ 5693875.815211210399866, 7438082.442618494853377 ], [ 5693903.082230966538191, 7438057.316292443312705 ], [ 5693945.365892171859741, 7437988.448040338233113 ], [ 5693966.641840442083776, 7437962.483305868692696 ], [ 5694034.935741635970771, 7437932.448370166122913 ], [ 5694110.768739311024547, 7437919.015780761837959 ], [ 5694136.281444235704839, 7437911.479004797525704 ], [ 5694147.406710020266473, 7437905.722872946411371 ], [ 5694168.683189550414681, 7437886.449047727510333 ], [ 5694200.369394899345934, 7437870.37390393204987 ], [ 5694255.07743036467582, 7437832.824999022297561 ], [ 5694275.636104974895716, 7437809.123242117464542 ], [ 5694287.300420084968209, 7437781.706585392355919 ], [ 5694288.259477773681283, 7437760.249813940376043 ], [ 5694281.628688683733344, 7437727.768850393593311 ], [ 5694286.008447508327663, 7437709.276458368636668 ], [ 5694295.263826032169163, 7437698.588134400546551 ], [ 5694336.169180599041283, 7437673.275676964782178 ], [ 5694410.307273418642581, 7437638.730142113752663 ], [ 5694449.801194599829614, 7437625.081013002432883 ], [ 5694465.289017558097839, 7437622.691401592455804 ], [ 5694484.8839545333758, 7437624.795675342902541 ], [ 5694542.453562040813267, 7437649.231412246823311 ], [ 5694559.872010073624551, 7437648.64825189486146 ], [ 5694570.96647169534117, 7437644.454459431581199 ], [ 5694601.027863143011928, 7437624.327031552791595 ], [ 5694615.261153268627822, 7437621.437713854014874 ], [ 5694629.003848702646792, 7437623.478134781122208 ], [ 5694659.099398913793266, 7437648.516108071431518 ], [ 5694669.212674877606332, 7437654.181751938536763 ], [ 5694678.956626184284687, 7437656.295726215466857 ], [ 5694691.96626652777195, 7437653.574512692168355 ], [ 5694720.041216217912734, 7437634.877057387493551 ], [ 5694771.744507262483239, 7437612.297457047738135 ], [ 5694786.92283564247191, 7437598.769424829632044 ], [ 5694796.787668627686799, 7437565.7476297756657 ], [ 5694798.934454238042235, 7437547.804369882680476 ], [ 5694790.231952399946749, 7437530.474988129921257 ], [ 5694788.344436397776008, 7437514.056818904355168 ], [ 5694793.599200386554003, 7437496.750317208468914 ], [ 5694809.400209497660398, 7437474.494501825422049 ], [ 5694812.805202538147569, 7437450.470661014318466 ], [ 5694800.720758564770222, 7437419.915000954642892 ], [ 5694780.469661730341613, 7437388.06464185193181 ], [ 5694763.887623241171241, 7437371.211660845205188 ], [ 5694755.067365518771112, 7437353.553176410496235 ], [ 5694753.237434764392674, 7437318.39630607701838 ], [ 5694757.217022474855185, 7437300.145131674595177 ], [ 5694762.698876265436411, 7437292.196129506453872 ], [ 5694778.764231761917472, 7437286.768188149668276 ], [ 5694787.752864657901227, 7437276.983920326456428 ], [ 5694792.930770128965378, 7437260.238565634004772 ], [ 5694794.007118075154722, 7437241.341136462986469 ], [ 5694807.664869979023933, 7437230.448427814058959 ], [ 5694818.626138242892921, 7437227.821846870705485 ], [ 5694826.982106712646782, 7437228.773164040409029 ], [ 5694855.136070504784584, 7437249.551104059442878 ], [ 5694875.949592081829906, 7437253.605754020623863 ], [ 5694885.452054924331605, 7437252.719555993564427 ], [ 5694908.063727159053087, 7437237.954781547188759 ], [ 5694937.030884442850947, 7437207.505202582105994 ], [ 5694962.642517383210361, 7437168.846621852368116 ], [ 5694979.975095245987177, 7437153.099443757906556 ], [ 5694995.665637671016157, 7437144.008255174383521 ], [ 5695000.896688777022064, 7437137.297499981708825 ], [ 5695022.524272494018078, 7437096.815845729783177 ], [ 5695043.609360761940479, 7437057.920602756552398 ], [ 5695062.138542052358389, 7437036.987684709019959 ], [ 5695100.223318446427584, 7437006.226665979251266 ], [ 5695151.064889189787209, 7436989.48416723869741 ], [ 5695231.64618859719485, 7436945.712461802177131 ], [ 5695269.145745390094817, 7436911.186105977743864 ], [ 5695302.374252364039421, 7436873.065703514963388 ], [ 5695323.68917925003916, 7436856.910284766927361 ], [ 5695360.228941621258855, 7436854.88198936264962 ], [ 5695405.253686750307679, 7436818.891051802784204 ], [ 5695450.511084232479334, 7436792.368817379698157 ], [ 5695510.611623492091894, 7436769.507704561576247 ], [ 5695542.977517851628363, 7436763.76901844702661 ], [ 5695579.965112010017037, 7436771.422124698758125 ], [ 5695598.124460114166141, 7436769.130222987383604 ], [ 5695608.25972062535584, 7436761.968667030334473 ], [ 5695613.867766913957894, 7436750.109891848638654 ], [ 5695616.830045145004988, 7436705.473594488576055 ], [ 5695625.891847210004926, 7436686.205439092591405 ], [ 5695637.061892572790384, 7436681.449430046603084 ], [ 5695667.815624361857772, 7436678.573330538347363 ], [ 5695733.205648452043533, 7436679.109386855736375 ], [ 5695747.657426762394607, 7436674.312597721815109 ], [ 5695755.011802829802036, 7436664.714780747890472 ], [ 5695767.70162215270102, 7436639.590345001779497 ], [ 5695799.17124162055552, 7436581.252037020400167 ], [ 5695819.658142724074423, 7436538.367655677720904 ], [ 5695845.580179029144347, 7436506.495252220891416 ], [ 5695888.940468683838844, 7436476.713402801193297 ], [ 5695934.678251562640071, 7436453.958784200251102 ], [ 5695957.666540125384927, 7436423.002884957939386 ], [ 5695965.152922175824642, 7436394.104590285569429 ], [ 5695969.088860563002527, 7436357.229565033689141 ], [ 5695974.889468096196651, 7436340.677446080371737 ], [ 5696000.25582801643759, 7436318.97931837849319 ], [ 5696007.956122062169015, 7436303.565809572115541 ], [ 5696009.86269988771528, 7436293.774470414035022 ], [ 5696007.063716725446284, 7436282.082491919398308 ], [ 5695996.595961662940681, 7436255.467194239608943 ], [ 5695997.795402023009956, 7436243.701185166835785 ], [ 5696024.856480105780065, 7436223.151102054864168 ], [ 5696029.712445896118879, 7436215.007303742691875 ], [ 5696028.41463053971529, 7436206.926052722148597 ], [ 5696016.468384122475982, 7436183.836729768663645 ], [ 5696015.866689925082028, 7436175.277063872665167 ], [ 5696020.382420863956213, 7436159.788261977955699 ], [ 5696037.070898012258112, 7436139.050344632938504 ], [ 5696045.004579360596836, 7436117.603469366207719 ], [ 5696046.533591253682971, 7436104.093469321727753 ], [ 5696046.927721990272403, 7436100.64013691060245 ], [ 5696048.062596188858151, 7436090.583468241617084 ], [ 5696044.27622639387846, 7436033.211152024567127 ], [ 5696047.72812735568732, 7436021.340566915459931 ], [ 5696061.689354482106864, 7436005.970931421965361 ], [ 5696081.815269231796265, 7435992.991773217916489 ], [ 5696116.605713589116931, 7435970.967278501018882 ], [ 5696138.060391004197299, 7435951.234684649854898 ], [ 5696166.865647383034229, 7435912.98179730027914 ], [ 5696183.847465739585459, 7435898.587020620703697 ], [ 5696199.234515534713864, 7435891.850137413479388 ], [ 5696227.789959399029613, 7435888.070708444342017 ], [ 5696239.629468889907002, 7435882.279184365645051 ], [ 5696257.00010353885591, 7435867.42012997623533 ], [ 5696262.034757920540869, 7435858.710243670269847 ], [ 5696256.440583067014813, 7435817.704723625443876 ], [ 5696258.986188561655581, 7435806.210686717182398 ], [ 5696262.111533563584089, 7435798.370145121589303 ], [ 5696266.752827814780176, 7435792.243653358891606 ], [ 5696279.851077130995691, 7435784.832230094820261 ], [ 5696297.153149363584816, 7435779.567662777379155 ], [ 5696319.442817774601281, 7435777.86340369284153 ], [ 5696337.469829733483493, 7435781.598884357139468 ], [ 5696354.827330093830824, 7435788.599751643836498 ], [ 5696360.658299885690212, 7435788.21742614172399 ], [ 5696364.124024478718638, 7435787.721888422966003 ], [ 5696383.902468737214804, 7435778.327197706326842 ], [ 5696433.478267731145024, 7435745.46593458391726 ], [ 5696442.145128558389843, 7435744.282684020698071 ], [ 5696448.438009859062731, 7435747.224711391143501 ], [ 5696471.724894221872091, 7435771.459981217049062 ], [ 5696484.263466088101268, 7435774.111891316249967 ], [ 5696494.962626093998551, 7435772.499629657715559 ], [ 5696514.790172128006816, 7435757.526040321215987 ], [ 5696544.029790169559419, 7435735.311948378570378 ], [ 5696552.292247532866895, 7435734.25894623901695 ], [ 5696556.932269831188023, 7435739.173702219501138 ], [ 5696563.886745118536055, 7435745.319280074909329 ], [ 5696575.032356048002839, 7435746.69748343527317 ], [ 5696597.171512184664607, 7435739.53489063680172 ], [ 5696609.972715242765844, 7435732.359979914501309 ], [ 5696618.231906748376787, 7435722.384803339838982 ], [ 5696624.453090662136674, 7435697.224883207120001 ], [ 5696638.484768106602132, 7435681.181999802589417 ], [ 5696653.006661404855549, 7435675.711543720215559 ], [ 5696666.248078589327633, 7435682.457198334857821 ], [ 5696699.009847367182374, 7435716.289558157324791 ], [ 5696707.033043642528355, 7435718.928034605458379 ], [ 5696715.71452699881047, 7435715.847949218004942 ], [ 5696741.772769972681999, 7435702.480447112582624 ], [ 5696749.768490508198738, 7435700.101377116516232 ], [ 5696756.4494907874614, 7435700.348561776801944 ], [ 5696770.576335534453392, 7435706.272299097850919 ], [ 5696826.03920912463218, 7435742.841536963358521 ], [ 5696864.177235189825296, 7435777.539132805541158 ], [ 5696869.232085996307433, 7435782.546079209074378 ], [ 5696877.522066713310778, 7435786.51043751090765 ], [ 5696894.145941305905581, 7435788.749113677069545 ], [ 5696919.634586240164936, 7435785.22235207632184 ], [ 5696932.924401015974581, 7435784.158540500327945 ], [ 5696939.417015005834401, 7435786.97958829626441 ], [ 5696950.852660678327084, 7435796.820288527756929 ], [ 5696966.167899217456579, 7435817.29900698363781 ], [ 5696982.744495655409992, 7435816.305446315556765 ], [ 5696996.073905639350414, 7435811.670804738998413 ], [ 5697006.897784757427871, 7435801.687671683728695 ], [ 5697014.85129480343312, 7435782.915595350787044 ], [ 5697025.507372889667749, 7435775.951535670086741 ], [ 5697037.696722591295838, 7435775.49643224850297 ], [ 5697059.890106913633645, 7435789.409692249260843 ], [ 5697071.567526779137552, 7435788.978363344445825 ], [ 5697087.176880766637623, 7435775.984441727399826 ], [ 5697099.779921982437372, 7435760.118960041552782 ], [ 5697118.365403905510902, 7435751.559345015324652 ], [ 5697133.942974638193846, 7435748.939096785150468 ], [ 5697157.205692260526121, 7435748.303640002384782 ], [ 5697217.594159146770835, 7435758.321716642007232 ], [ 5697322.150201813317835, 7435747.213960401713848 ], [ 5697345.015543971210718, 7435751.28096678853035 ], [ 5697377.027200241573155, 7435762.283559292554855 ], [ 5697388.529892808757722, 7435760.298682530410588 ], [ 5697399.559182771481574, 7435752.536235779523849 ], [ 5697403.74210774153471, 7435740.965586991980672 ], [ 5697397.208699207752943, 7435701.899244230240583 ], [ 5697413.742949786596, 7435673.470661669038236 ], [ 5697429.955864273011684, 7435660.225128937512636 ], [ 5697446.977051803842187, 7435657.76043004821986 ], [ 5697470.694238929077983, 7435642.604342128150165 ], [ 5697477.878224247135222, 7435633.793836428783834 ], [ 5697478.631012999452651, 7435610.225868358276784 ], [ 5697482.764980303123593, 7435604.233970791101456 ], [ 5697512.005753919482231, 7435588.70929525885731 ], [ 5697570.687334581278265, 7435570.811047377064824 ], [ 5697603.695260312408209, 7435565.706310657784343 ], [ 5697637.417626556940377, 7435567.148578600026667 ], [ 5697657.0352150099352, 7435578.615697151049972 ], [ 5697665.355361382476985, 7435581.016824127174914 ], [ 5697675.716121088713408, 7435578.750221412628889 ], [ 5697720.197233189828694, 7435540.098136269487441 ], [ 5697729.952986028045416, 7435535.8520797342062 ], [ 5697742.198012058623135, 7435534.389981207437813 ], [ 5697749.390909203328192, 7435534.612895179539919 ], [ 5697756.583806716836989, 7435534.835805831477046 ], [ 5697774.219931454397738, 7435545.614285727962852 ], [ 5697783.347651937045157, 7435556.56567279715091 ], [ 5697801.280638641677797, 7435567.107256274670362 ], [ 5697832.002656818367541, 7435579.061160746961832 ], [ 5697861.870587553828955, 7435581.463067810982466 ], [ 5697912.859305492602289, 7435568.048110166564584 ], [ 5697925.168421308510005, 7435572.382527809590101 ], [ 5697930.60313718765974, 7435578.932973984628916 ], [ 5697930.735438644886017, 7435588.407000806182623 ], [ 5697920.274027966894209, 7435628.264606550335884 ], [ 5697922.282325019128621, 7435642.781759848818183 ], [ 5697931.061668730340898, 7435652.857070995494723 ], [ 5697950.293856871314347, 7435660.438248325139284 ], [ 5697954.598186038434505, 7435669.160416636615992 ], [ 5697955.320986802689731, 7435682.510566212236881 ], [ 5697947.997538787312806, 7435699.358138853684068 ], [ 5697947.142138799652457, 7435709.658863170072436 ], [ 5697960.344977980479598, 7435708.93276562076062 ], [ 5698010.654595269821584, 7435698.560560430400074 ], [ 5698018.652191543951631, 7435700.641953134909272 ], [ 5698023.764301253482699, 7435706.872813829220831 ], [ 5698028.098677298054099, 7435714.03213400952518 ], [ 5698030.757581357844174, 7435729.299740687012672 ], [ 5698034.191155017353594, 7435736.947123562917113 ], [ 5698042.098775264807045, 7435743.717035597190261 ], [ 5698057.657592081464827, 7435745.111820734106004 ], [ 5698072.891679003834724, 7435741.725838234648108 ], [ 5698084.494596634060144, 7435746.316124949604273 ], [ 5698090.665788656100631, 7435751.047754535451531 ], [ 5698090.172453471459448, 7435758.097232756204903 ], [ 5698079.856032512150705, 7435778.987855589017272 ], [ 5698080.588229290209711, 7435790.330020279623568 ], [ 5698084.712695565074682, 7435797.387579149566591 ], [ 5698090.575709660537541, 7435799.902923769317567 ], [ 5698113.221097283996642, 7435803.644520169124007 ], [ 5698122.317103529348969, 7435811.697468028403819 ], [ 5698125.083645215258002, 7435827.071610288694501 ], [ 5698117.080761672928929, 7435846.962289495393634 ], [ 5698117.791258754208684, 7435855.628703780472279 ], [ 5698125.592432138510048, 7435864.522664671763778 ], [ 5698151.113078731112182, 7435874.933829084038734 ], [ 5698185.814616340212524, 7435877.556386111304164 ], [ 5698203.285863423720002, 7435873.731548741459846 ], [ 5698235.196873817592859, 7435842.801197718828917 ], [ 5698256.559801304712892, 7435829.984021944925189 ], [ 5698337.603718406520784, 7435811.933796223253012 ], [ 5698371.954481446184218, 7435809.218674281612039 ], [ 5698384.258744711987674, 7435813.441516139544547 ], [ 5698390.918276078999043, 7435822.053957717493176 ], [ 5698400.806281629949808, 7435869.217840803787112 ], [ 5698408.761750924400985, 7435879.219850679859519 ], [ 5698424.258868664503098, 7435890.320530447177589 ], [ 5698458.982288124971092, 7435895.618262806907296 ], [ 5698572.108375038951635, 7435885.418944627046585 ], [ 5698625.034217276610434, 7435882.975597318261862 ], [ 5698634.584116481244564, 7435876.507888838648796 ], [ 5698648.05288954731077, 7435843.981900872662663 ], [ 5698657.735077327117324, 7435835.946539143100381 ], [ 5698670.217240645550191, 7435837.372564624994993 ], [ 5698682.023364881053567, 7435848.533470017835498 ], [ 5698695.719794251024723, 7435851.798967389389873 ], [ 5698706.705314570106566, 7435849.725637998431921 ], [ 5698718.415666444227099, 7435843.380260346457362 ], [ 5698723.736514735035598, 7435836.440331814810634 ], [ 5698733.319202277809381, 7435824.059744689613581 ], [ 5698738.824108646251261, 7435816.665096487849951 ], [ 5698744.039400763809681, 7435783.18513073399663 ], [ 5698755.515174538828433, 7435758.559156022965908 ], [ 5698773.819178979843855, 7435741.756897592917085 ], [ 5698816.71866668947041, 7435717.674016911536455 ], [ 5698833.554021885618567, 7435702.390033359639347 ], [ 5698881.914911520667374, 7435676.602429012767971 ], [ 5698922.594335427507758, 7435666.564344750717282 ], [ 5698931.6665522987023, 7435667.47986719943583 ], [ 5698973.35905225854367, 7435685.835557072423398 ], [ 5699013.637593635357916, 7435682.619483433663845 ], [ 5699046.721456777304411, 7435685.761561704799533 ], [ 5699075.114581836387515, 7435696.148917827755213 ], [ 5699111.050102222710848, 7435718.676408521831036 ], [ 5699128.348450303077698, 7435717.758344700559974 ], [ 5699137.407983941026032, 7435713.98991072177887 ], [ 5699148.486994662322104, 7435705.108264851383865 ], [ 5699159.987504161894321, 7435689.849496333859861 ], [ 5699225.613737820647657, 7435631.57976751960814 ], [ 5699238.447181184776127, 7435629.531346146017313 ], [ 5699244.853366554714739, 7435632.690167617052794 ], [ 5699264.340079559013247, 7435645.723221696913242 ], [ 5699268.088178096339107, 7435646.886841224506497 ], [ 5699274.948123241774738, 7435646.566920045763254 ], [ 5699294.229543009772897, 7435639.756356406956911 ], [ 5699316.054175093770027, 7435621.450610288418829 ], [ 5699326.908724980428815, 7435614.363806025125086 ], [ 5699345.737574896775186, 7435613.26253917068243 ], [ 5699359.489742437377572, 7435615.521013440564275 ], [ 5699378.906740805134177, 7435622.645851409994066 ], [ 5699384.19065064471215, 7435623.737807739526033 ], [ 5699390.164138142950833, 7435622.009225889109075 ], [ 5699406.175759613513947, 7435608.881989740766585 ], [ 5699418.676827379502356, 7435579.857453304342926 ], [ 5699427.26595145277679, 7435568.191761249676347 ], [ 5699434.005453375168145, 7435563.081371495500207 ], [ 5699448.054392268881202, 7435565.102843020111322 ], [ 5699455.389963324181736, 7435563.979896016418934 ], [ 5699461.797629408538342, 7435560.55799638479948 ], [ 5699490.189519612118602, 7435513.615614937618375 ], [ 5699511.414921279996634, 7435495.672020786441863 ], [ 5699540.465433104895055, 7435491.52826040610671 ], [ 5699570.336148692294955, 7435498.388165538199246 ], [ 5699587.504548742435873, 7435503.498471577651799 ], [ 5699608.903275876305997, 7435502.499995047226548 ], [ 5699621.613449785858393, 7435500.010814660228789 ], [ 5699635.713020435534418, 7435492.103087275288999 ], [ 5699650.561735961586237, 7435478.249003112316132 ], [ 5699676.019655419513583, 7435467.468943061307073 ], [ 5699714.225185596384108, 7435466.020586390048265 ], [ 5699752.120951686054468, 7435468.936482904478908 ], [ 5699813.719764784909785, 7435480.672651113942266 ], [ 5699827.28917414881289, 7435485.616084203124046 ], [ 5699834.287742035463452, 7435494.881504762917757 ], [ 5699842.731451750732958, 7435532.967271605506539 ], [ 5699879.494783708825707, 7435560.027544071897864 ], [ 5699890.066604098305106, 7435577.714438833296299 ], [ 5699890.250790774822235, 7435621.316417649388313 ], [ 5699872.908556851558387, 7435678.563088638707995 ], [ 5699872.066131384111941, 7435691.317506071180105 ], [ 5699875.063885032199323, 7435705.008043320849538 ], [ 5699881.056803865358233, 7435710.30512220505625 ], [ 5699900.735975046642125, 7435709.832728249952197 ], [ 5699913.643286049365997, 7435702.761167606338859 ], [ 5699941.679199767298996, 7435670.222393892705441 ], [ 5699951.145398519933224, 7435653.161628255620599 ], [ 5699967.681183374486864, 7435600.636933550238609 ], [ 5699981.123494214378297, 7435580.825173440389335 ], [ 5699994.692948657087982, 7435576.957137061282992 ], [ 5700032.769358643330634, 7435590.348424881696701 ], [ 5700047.922612842172384, 7435589.640950903296471 ], [ 5700070.372454791329801, 7435582.569820030592382 ], [ 5700089.837349948473275, 7435566.492032252252102 ], [ 5700099.891172612085938, 7435522.41183299664408 ], [ 5700104.663010341115296, 7435514.716074055060744 ], [ 5700112.579039625823498, 7435508.435007638297975 ], [ 5700129.217483549378812, 7435508.773442825302482 ], [ 5700149.71279495023191, 7435503.801073538139462 ], [ 5700158.296124985441566, 7435492.023520180955529 ], [ 5700162.266447791829705, 7435462.727051058784127 ], [ 5700170.243310420773923, 7435455.550804512575269 ], [ 5700201.539322694763541, 7435440.147180309519172 ], [ 5700205.69292651489377, 7435434.599435841664672 ], [ 5700206.542887255549431, 7435426.41755798459053 ], [ 5700206.884491577744484, 7435407.328818831592798 ], [ 5700212.18889672961086, 7435400.054271679371595 ], [ 5700241.1558086136356, 7435385.316978028044105 ], [ 5700261.285024825483561, 7435368.092437269166112 ], [ 5700266.713293254375458, 7435345.866127707064152 ], [ 5700265.731545889750123, 7435289.585841935127974 ], [ 5700269.084729032590985, 7435264.668019700795412 ], [ 5700297.21043065097183, 7435223.089395374059677 ], [ 5700301.981321753002703, 7435197.770705899223685 ], [ 5700303.10093208681792, 7435162.361167144030333 ], [ 5700314.850436176173389, 7435130.470382220111787 ], [ 5700350.222704296000302, 7435085.876108890399337 ], [ 5700383.556345030665398, 7435072.384287053719163 ], [ 5700404.354315313510597, 7435069.516435584053397 ], [ 5700417.60609232634306, 7435074.251064714044333 ], [ 5700426.753574311733246, 7435081.185125583782792 ], [ 5700457.850242340937257, 7435116.539482085034251 ], [ 5700473.117192947305739, 7435118.279948540963233 ], [ 5700501.530286973342299, 7435111.486953396350145 ], [ 5700520.665134195238352, 7435101.558266759850085 ], [ 5700572.199662680737674, 7435066.915611732751131 ], [ 5700596.763910901732743, 7435045.802363766357303 ], [ 5700617.196124635636806, 7435039.493624048307538 ], [ 5700649.434963057748973, 7435035.533006088808179 ], [ 5700672.048088615760207, 7435045.183704467490315 ], [ 5700720.428780710324645, 7435081.514429798349738 ], [ 5700760.301001146435738, 7435093.81596296094358 ], [ 5700786.170589686371386, 7435096.287413565441966 ], [ 5700796.248774458654225, 7435085.777849540114403 ], [ 5700801.381389148533344, 7435074.830244293436408 ], [ 5700801.754700667224824, 7435058.639756310731173 ], [ 5700795.299613503739238, 7435028.045449608936906 ], [ 5700773.920471476390958, 7434987.664243146777153 ], [ 5700768.567804468795657, 7434967.502994250506163 ], [ 5700772.433963822200894, 7434953.6030652243644 ], [ 5700784.801572335883975, 7434937.186465268954635 ], [ 5700831.575494441203773, 7434928.084326129406691 ], [ 5700922.139291824772954, 7434918.496028246358037 ], [ 5700937.428394500166178, 7434922.911878786049783 ], [ 5700950.898461571894586, 7434947.712793228216469 ], [ 5700958.915455154143274, 7434948.007139945402741 ], [ 5700968.515635864809155, 7434942.650520176626742 ], [ 5700964.758701325394213, 7434902.382312497124076 ], [ 5700900.533052232116461, 7434852.806323106400669 ], [ 5700816.414265370927751, 7434779.075348684564233 ], [ 5700760.52412055246532, 7434734.184316869825125 ], [ 5700676.005140191875398, 7434650.310567608103156 ], [ 5700591.070779336616397, 7434557.075712768360972 ], [ 5700545.252860131673515, 7434506.805833942256868 ], [ 5700528.652057876810431, 7434488.776544101536274 ], [ 5700492.83955583255738, 7434449.973463859409094 ], [ 5700443.367705093696713, 7434395.044686121866107 ], [ 5700433.5331856245175, 7434382.833675527945161 ], [ 5700423.166829885914922, 7434370.658673891797662 ], [ 5700412.679533110931516, 7434355.890499577857554 ], [ 5700402.990802554413676, 7434341.085001198574901 ], [ 5700396.983118490315974, 7434329.308585504069924 ], [ 5700396.531557588838041, 7434328.426236883737147 ], [ 5700396.090234542265534, 7434327.543409777805209 ], [ 5700378.877537763677537, 7434293.748968340456486 ], [ 5700372.439516839571297, 7434282.204587019048631 ], [ 5700364.362736788578331, 7434269.621421245858073 ], [ 5700273.045300853438675, 7434131.188286943361163 ], [ 5700209.827577739953995, 7434047.02089542709291 ], [ 5699549.179994559846818, 7434269.407525029033422 ], [ 5699469.124467507004738, 7434296.355000293813646 ], [ 5699469.908714458346367, 7434333.894653802737594 ], [ 5699458.751668859273195, 7434360.012769490480423 ], [ 5699441.049565699882805, 7434372.494433173909783 ], [ 5699446.418922116979957, 7434923.975101405754685 ], [ 5699326.84034083224833, 7435146.712809943594038 ], [ 5699210.36663123127073, 7435098.542326024733484 ], [ 5699199.165877770632505, 7435077.683585491031408 ], [ 5699100.320028947666287, 7435128.703152039088309 ], [ 5699022.93886190559715, 7435170.244413619861007 ], [ 5699020.267876983620226, 7435171.718522895127535 ], [ 5699018.937762464396656, 7435172.460903235711157 ], [ 5698945.704194054938853, 7435207.004668917506933 ], [ 5698688.719865393824875, 7435334.142190045677125 ], [ 5698676.551888335496187, 7435339.683648503385484 ], [ 5698620.51579291280359, 7435297.492112910374999 ], [ 5698601.365796153433621, 7435286.383527321740985 ], [ 5698575.87070638127625, 7435261.729335243813694 ], [ 5698549.447972019203007, 7435235.880333364009857 ], [ 5698540.282030867412686, 7435217.056830955669284 ], [ 5698513.415037571452558, 7435194.228745927102864 ], [ 5698503.709756867960095, 7435186.97403521835804 ], [ 5698497.682589488103986, 7435180.484818248078227 ], [ 5698495.063682090491056, 7435176.680884873494506 ], [ 5698473.171927130781114, 7435136.83524526283145 ], [ 5698471.888563717715442, 7435132.84639729373157 ], [ 5698471.435025943443179, 7435128.830037906765938 ], [ 5698471.948957589454949, 7435124.657067376188934 ], [ 5698473.497187134809792, 7435120.88203613832593 ], [ 5698476.587716020643711, 7435117.838179019279778 ], [ 5698480.466010543517768, 7435115.627572048455477 ], [ 5698490.592133369296789, 7435111.85436877515167 ], [ 5698493.683330610394478, 7435110.148871025070548 ], [ 5698496.419875426217914, 7435107.656860393472016 ], [ 5698498.542410753667355, 7435104.758480858057737 ], [ 5698500.354059311561286, 7435101.573447898961604 ], [ 5698529.336420526728034, 7435046.999372929334641 ], [ 5698453.166774624027312, 7435058.344785368070006 ], [ 5698261.878094655461609, 7435155.411734892055392 ], [ 5698195.345138260163367, 7435010.975731862708926 ], [ 5697894.151352205313742, 7435165.81040259078145 ], [ 5697806.002522203139961, 7434925.292022626847029 ], [ 5697608.666917091235518, 7434934.834412878379226 ], [ 5697605.726892786100507, 7434934.71472280472517 ], [ 5697551.478957637213171, 7434776.735236145555973 ], [ 5697544.215136300772429, 7434764.816048348322511 ], [ 5697534.399949738755822, 7434754.075143894180655 ], [ 5697520.477444894611835, 7434742.82274386473 ], [ 5697508.753945647738874, 7434733.408635672181845 ], [ 5697502.736639096401632, 7434727.119504867121577 ], [ 5697443.523026494309306, 7434655.941378673538566 ], [ 5697433.404080294072628, 7434642.192104710265994 ], [ 5697424.011220119893551, 7434623.089027766138315 ], [ 5697418.695623014122248, 7434607.164442274719477 ], [ 5697408.042349046096206, 7434529.109151464886963 ], [ 5697407.114174611866474, 7434519.728004187345505 ], [ 5697407.553787724114954, 7434507.985673632472754 ], [ 5697412.000857089646161, 7434491.071427335962653 ], [ 5697478.112441779114306, 7434344.75558502972126 ], [ 5697483.073860614560544, 7434332.512783423997462 ], [ 5697485.550138937309384, 7434323.976943643763661 ], [ 5697486.216516448184848, 7434312.480551986023784 ], [ 5697482.242209394462407, 7434282.362597230821848 ], [ 5697480.403603951446712, 7434260.231224730610847 ], [ 5697482.466691978275776, 7434241.476077543571591 ], [ 5697490.438448334112763, 7434212.318887393921614 ], [ 5697499.393343959935009, 7434193.945572592318058 ], [ 5697511.948471478186548, 7434175.772707257419825 ], [ 5697538.454968448728323, 7434148.061339134350419 ], [ 5697568.921266783960164, 7434121.225092392414808 ], [ 5697584.508036573417485, 7434108.242171455174685 ], [ 5697600.615643403492868, 7434092.558228744193912 ], [ 5697643.78207987267524, 7434032.797539673745632 ], [ 5697660.733644935302436, 7433996.641648921184242 ], [ 5697665.786818150430918, 7433982.186106245964766 ], [ 5697671.5315654668957, 7433958.106656659394503 ], [ 5697678.114702534861863, 7433867.515436049550772 ], [ 5697684.295245146378875, 7433779.08432412147522 ], [ 5697678.411590775474906, 7433754.475655755959451 ], [ 5697676.787145347334445, 7433736.962796300649643 ], [ 5697677.716432398185134, 7433728.922714663669467 ], [ 5697694.026400654576719, 7433657.786777593195438 ], [ 5697714.171582517214119, 7433574.036370781250298 ], [ 5697730.936042297631502, 7433498.78588916733861 ], [ 5697740.798633523285389, 7433450.524039184674621 ], [ 5697740.261806244961917, 7433438.314021621830761 ], [ 5697738.080958787351847, 7433427.373971347697079 ], [ 5697700.332869433797896, 7433357.328199561685324 ], [ 5697689.204578356817365, 7433335.986352756619453 ], [ 5697677.920072077773511, 7433311.283530031330884 ], [ 5697675.247750150971115, 7433295.949730319902301 ], [ 5697673.801575203426182, 7433233.280594361945987 ], [ 5697672.958976123481989, 7433183.376009517349303 ], [ 5697672.741980195045471, 7433122.434112733229995 ], [ 5697679.681418233551085, 7433078.390471535734832 ], [ 5697677.124727293848991, 7433019.866251453757286 ], [ 5697683.287944474257529, 7433001.276800907216966 ], [ 5697689.405440889298916, 7432988.544884068891406 ], [ 5697701.364916229620576, 7432971.057230155915022 ], [ 5697707.832149340771139, 7432954.594998080283403 ], [ 5697707.961890834383667, 7432937.747667066752911 ], [ 5697702.243865819647908, 7432920.235905514098704 ], [ 5697668.068482829257846, 7432860.162192492745817 ], [ 5697647.14543822221458, 7432818.130337253212929 ], [ 5697635.948345115408301, 7432784.712907770648599 ], [ 5697622.80306762829423, 7432748.006835289299488 ], [ 5697580.118024830706418, 7432650.743452928029001 ], [ 5697576.785670859739184, 7432649.236872417852283 ], [ 5697464.437065730802715, 7432659.299527442082763 ], [ 5697347.503119064494967, 7432688.133604195900261 ], [ 5697244.80290300399065, 7432736.725184395909309 ], [ 5697122.975655518472195, 7432800.471035270951688 ], [ 5696995.869501519016922, 7432905.415151393041015 ], [ 5696823.298259699717164, 7432985.940213244408369 ], [ 5696648.305199775844812, 7433059.638295328244567 ], [ 5696541.382706373929977, 7433093.397121403366327 ], [ 5696429.122278902679682, 7433173.520420257933438 ], [ 5696273.554987711831927, 7433307.784162655472755 ], [ 5696122.577218549326062, 7433421.17717394605279 ], [ 5696098.854388849809766, 7433385.93267123028636 ], [ 5696092.55492078512907, 7433374.202708031050861 ], [ 5696063.121273846365511, 7433320.230385250411928 ], [ 5696032.646430966444314, 7433264.377017193473876 ], [ 5696000.388698741793633, 7433205.249514490365982 ], [ 5695969.678037669509649, 7433148.949844252318144 ], [ 5695940.212125018239021, 7433097.365719884634018 ], [ 5695934.359270753338933, 7433091.28061181679368 ], [ 5695918.370477476157248, 7433061.966865943744779 ], [ 5695916.263834050856531, 7433058.350885232910514 ], [ 5695914.326489475555718, 7433054.403607482090592 ], [ 5695907.332809590734541, 7433045.839830671437085 ], [ 5695900.407585742883384, 7433042.291614877060056 ], [ 5695889.562197641469538, 7433043.141294598579407 ], [ 5695880.359692298807204, 7433046.234402989037335 ], [ 5695858.066810236312449, 7433059.72785322740674 ], [ 5695849.075051599182189, 7433062.498868754133582 ], [ 5695847.284254545345902, 7433073.879809154197574 ], [ 5695774.44259590189904, 7433079.7957031019032 ], [ 5695735.475552371703088, 7433077.28986006975174 ], [ 5695735.192041957750916, 7433085.779100701212883 ], [ 5695730.146368593908846, 7433089.136257952079177 ], [ 5695720.507898680865765, 7433102.521159719675779 ], [ 5695696.38624479342252, 7433102.905596243217587 ], [ 5695679.107618651352823, 7433099.090988921001554 ], [ 5695667.922583840787411, 7433090.844510052353144 ], [ 5695657.035212872549891, 7433086.141913525760174 ], [ 5695622.123956554569304, 7433088.800688972696662 ], [ 5695620.958943396806717, 7433084.471790239214897 ], [ 5695599.079183466732502, 7433086.079122586175799 ], [ 5695598.37940985802561, 7433094.442685818299651 ], [ 5695593.672565331682563, 7433100.683750871568918 ], [ 5695579.048780449666083, 7433106.337046843022108 ], [ 5695578.905106499791145, 7433106.778674485161901 ], [ 5695573.752357765100896, 7433122.877109033986926 ], [ 5695576.58261183463037, 7433040.516891036182642 ], [ 5695540.92139527015388, 7432755.437622958794236 ], [ 5695537.887076556682587, 7432729.815854647196829 ], [ 5695538.307460948824883, 7432706.353377780877054 ], [ 5695540.416203296743333, 7432690.76434257440269 ], [ 5695553.948399377986789, 7432590.542214660905302 ], [ 5695559.777718890458345, 7432562.71311273612082 ], [ 5695568.349722561426461, 7432534.299328890629113 ], [ 5695579.585393422283232, 7432507.579675514250994 ], [ 5695593.132803682237864, 7432483.15043433662504 ], [ 5695604.845783264376223, 7432456.107436778023839 ], [ 5695639.18641627766192, 7432353.345663841813803 ], [ 5695534.795535418204963, 7432322.585081692785025 ], [ 5695438.580868344753981, 7432292.704376674257219 ], [ 5695413.021133865229785, 7432183.926299657672644 ], [ 5695518.664044946432114, 7432117.154617805965245 ], [ 5695524.565093808807433, 7432112.34130497649312 ], [ 5695539.504555792547762, 7432051.132634913548827 ], [ 5695701.422956252470613, 7432091.855328759178519 ], [ 5695724.134894799441099, 7432099.153232801705599 ], [ 5695725.801491224206984, 7432094.16857173293829 ], [ 5695739.518097361549735, 7432041.336235275492072 ], [ 5695747.688139073550701, 7431996.758167777210474 ], [ 5695750.9899424277246, 7431976.161711808294058 ], [ 5695755.072122910059988, 7431959.120167290791869 ], [ 5695761.803465996868908, 7431940.80675245821476 ], [ 5695768.687488535419106, 7431924.237215421162546 ], [ 5695774.18667231220752, 7431906.784054573625326 ], [ 5695783.472774907015264, 7431858.629752525128424 ], [ 5695788.539990713819861, 7431813.29243357013911 ], [ 5695788.804968588985503, 7431805.29473643284291 ], [ 5695784.8502266574651, 7431805.400499617680907 ], [ 5695762.56346276588738, 7431808.365887134335935 ], [ 5695627.778874136507511, 7431847.6759272236377 ], [ 5695624.359200692735612, 7431839.191484522074461 ], [ 5695564.120074173435569, 7431716.143594142980874 ], [ 5695548.417159582488239, 7431685.668025650084019 ], [ 5695538.453974871896207, 7431674.331449726596475 ], [ 5695530.423697358928621, 7431669.061345729976892 ], [ 5695497.130580861121416, 7431658.541211813688278 ], [ 5695493.397371769882739, 7431654.353979138657451 ], [ 5695429.512140695005655, 7431605.284000288695097 ], [ 5695369.011594782583416, 7431693.580259177833796 ], [ 5695328.75394422095269, 7431676.435231562703848 ], [ 5695290.463571641594172, 7431660.124407812021673 ], [ 5695255.534325792454183, 7431715.870781540870667 ], [ 5695252.888286670669913, 7431720.08671348541975 ], [ 5695242.854628204368055, 7431703.020821066573262 ], [ 5695211.267788836732507, 7431648.535214953124523 ], [ 5695173.961656049825251, 7431584.188666843809187 ], [ 5695039.668165306560695, 7431679.222750288434327 ], [ 5695020.100770365446806, 7431689.510727542452514 ], [ 5695019.800709646195173, 7431735.495657961815596 ], [ 5694974.56977709569037, 7431767.083313379436731 ], [ 5694961.34039300866425, 7431777.121494709514081 ], [ 5694922.235690634697676, 7431804.554537389427423 ], [ 5694885.226292949169874, 7431832.269350677728653 ], [ 5694876.679957787506282, 7431839.547233058139682 ], [ 5694807.396247147582471, 7431885.154271047562361 ], [ 5694764.948650368489325, 7431915.284682751633227 ], [ 5694759.410523941740394, 7431919.077083207666874 ], [ 5694756.423997022211552, 7431921.925764555111527 ], [ 5694752.273192446678877, 7431914.255884258076549 ], [ 5694723.710889503359795, 7431864.792938550934196 ], [ 5694712.230097740888596, 7431843.712199262343347 ], [ 5694701.453044056892395, 7431817.892434289678931 ], [ 5694678.164629581384361, 7431746.526532117277384 ], [ 5694681.078367445617914, 7431743.435881809331477 ], [ 5694683.714331639930606, 7431739.220565816387534 ], [ 5694684.540872266516089, 7431734.475840700790286 ], [ 5694683.742754776962101, 7431729.204284293577075 ], [ 5694682.030096632428467, 7431725.670357268303633 ], [ 5694798.346259299665689, 7431540.135406051762402 ], [ 5694872.949163012206554, 7431396.182944376021624 ], [ 5694889.310049580410123, 7431337.296051969751716 ], [ 5694905.910316476598382, 7431271.405312865972519 ], [ 5694931.790256014093757, 7431197.254443985410035 ], [ 5694977.03636462520808, 7431114.475254124961793 ], [ 5695015.351708196103573, 7431049.705732123926282 ], [ 5695033.945606674998999, 7431026.626057039946318 ], [ 5695054.838192842900753, 7430998.922751954756677 ], [ 5695087.985478257760406, 7430957.880350534804165 ], [ 5695095.64797308947891, 7430951.245456553995609 ], [ 5695101.33975073043257, 7430943.698371984064579 ], [ 5695140.880082795396447, 7430893.64856037683785 ], [ 5695183.75255293212831, 7430838.926915224641562 ], [ 5695215.286371363326907, 7430801.817802036181092 ], [ 5695228.429751959629357, 7430776.459308524616063 ], [ 5695231.314839231781662, 7430711.271750492975116 ], [ 5695180.366379677318037, 7430718.791739033535123 ], [ 5695052.632874068804085, 7430750.243660945445299 ], [ 5694903.739352183416486, 7430757.829206860624254 ], [ 5694760.702715491876006, 7430733.09998425655067 ], [ 5694630.835930244065821, 7430683.111006781458855 ], [ 5694619.092593037523329, 7430741.136381076648831 ], [ 5694618.259870701469481, 7430754.156584882177413 ], [ 5694615.778853171505034, 7430761.710508910007775 ], [ 5694617.617962967604399, 7430772.844564821571112 ], [ 5694619.835371593013406, 7430785.723156796768308 ], [ 5694622.832394072785974, 7430796.167760373093188 ], [ 5694628.346011482179165, 7430807.131218868307769 ], [ 5694634.50317189656198, 7430815.823140811175108 ], [ 5694638.590588063932955, 7430821.243092531338334 ], [ 5694641.085506185889244, 7430824.171898820437491 ], [ 5694643.523322274908423, 7430829.188879454508424 ], [ 5694645.407113388180733, 7430834.867276889272034 ], [ 5694647.913055970333517, 7430844.453632721677423 ], [ 5694645.760481445118785, 7430850.241363804787397 ], [ 5694641.09975868370384, 7430854.807237919420004 ], [ 5694566.185641940683126, 7430821.069196393713355 ], [ 5694536.41249024681747, 7430878.280784476548433 ], [ 5694532.698435733094811, 7430887.11868772469461 ], [ 5694531.567150993272662, 7430901.44640751555562 ], [ 5694531.994034345261753, 7430910.660865441896021 ], [ 5694532.796705481596291, 7430914.259322432801127 ], [ 5694535.286120464093983, 7430920.612218210473657 ], [ 5694536.591725697740912, 7430923.774686822667718 ], [ 5694544.475495561957359, 7430941.174668404273689 ], [ 5694563.553203224204481, 7430984.76528905518353 ], [ 5694574.841698985546827, 7431010.561202200129628 ], [ 5694623.052770528942347, 7431115.07509421557188 ], [ 5694623.375375587493181, 7431129.123446049168706 ], [ 5694620.225247121416032, 7431130.429539538919926 ], [ 5694461.339136687107384, 7431176.369581071659923 ], [ 5694333.617832536809146, 7431213.289153897203505 ], [ 5694317.176869151182473, 7431480.718146361410618 ], [ 5694314.17751890886575, 7431509.652902133762836 ] ] ] } },
{ "type": "Feature", "properties": { "lv_id": "LOC_052393", "id": 297609.0, "CD_SETOR": "352050905000100", "SITUACAO": "Urbana", "CD_SIT": "2", "CD_TIPO": "0", "AREA_KM2": 0.167763196524473, "CD_REGIAO": "3", "NM_REGIAO": "Sudeste", "CD_UF": "35", "NM_UF": "São Paulo", "CD_MUN": "3520509", "NM_MUN": "Indaiatuba", "CD_DIST": "352050905", "NM_DIST": "Indaiatuba", "CD_SUBDIST": "35205090500", "NM_SUBDIST": null, "CD_BAIRRO": null, "NM_BAIRRO": null, "CD_NU": null, "NM_NU": null, "CD_FCU": null, "NM_FCU": null, "CD_AGLOM": null, "NM_AGLOM": null, "CD_RGINT": "3510", "NM_RGINT": "Campinas", "CD_RGI": "350038", "NM_RGI": "Campinas", "CD_CONCURB": "3520509", "NM_CONCURB": "Indaiatuba", "mun_code_x": "3520509", "index_right": 83952, "dist_m": 317.68059727257315, "local_id": 568391, "ano": 2022, "cod_localidade_ibge": 3520509, "NR_ZONA": "211", "nr_cep": 13348220.0, "nm_localidade": "INDAIATUBA", "nm_locvot": "EE. PROF. ANNUNZIATTA LEONILDA VIRGINELLI PRADO", "ds_endereco": "RUA ORLANDO BARNABÉ, 377", "ds_bairro": "JARDIM MORADA DO SOL", "pred_long": -47.2406827, "pred_lat": -23.1292489, "pred_dist": 0.0, "tse_long": -47.2408104, "tse_lat": -23.1291483, "long": -47.2408104, "lat": -23.1291483, "ID_UNICO": "LOC_052393", "SG_UF": "SP", "CD_MUNICIPIO": "65110", "NR_LOCAL_VOTACAO": "1210", "QT_SECOES_AGREGADAS": 0, "QT_ELEITORES_TRANSFERIDOS": 36, "CIRO GOMES (PDT) (NÃO ELEITO) 1T": 109.0, "CONSTITUINTE EYMAEL (DC) (NÃO ELEITO) 1T": 0.0, "FELIPE D AVILA (NOVO) (NÃO ELEITO) 1T": 13.0, "JAIR BOLSONARO (PL) (2º TURNO) 1T": 1777.0, "LULA (PT) (2º TURNO) 1T": 1562.0, "LÉO PÉRICLES (UP) (NÃO ELEITO) 1T": 6.0, "PADRE KELMON (PTB) (NÃO ELEITO) 1T": 0.0, "SIMONE TEBET (MDB) (NÃO ELEITO) 1T": 181.0, "SOFIA MANZANO (PCB) (NÃO ELEITO) 1T": 3.0, "SORAYA THRONICKE (UNIÃO) (NÃO ELEITO) 1T": 19.0, "VERA (PSTU) (NÃO ELEITO) 1T": 1.0, "Total_Votos_Validos 1T": 3671.0, "Votos_Brancos 1T": 95.0, "Votos_Nulos 1T": 142.0, "Abstenções 1T": 1238.0, "Eleitores_Aptos 1T": 5146.0, "JAIR BOLSONARO (PL) (NÃO ELEITO) 2T": 2074.0, "LULA (PT) (ELEITO) 2T": 1658.0, "Total_Votos_Validos 2T": 3732.0, "Votos_Brancos 2T": 85.0, "Votos_Nulos 2T": 148.0, "Abstenções 2T": 1181.0, "Eleitores_Aptos 2T": 5146.0, "mun_code_y": "3520509", "mun_code": "3520509" }, "geometry": { "type": "Polygon", "coordinates": [ [ [ 5692917.941983753815293, 7422655.176978353410959 ], [ 5693033.593173327855766, 7422559.946620245464146 ], [ 5693035.929839851334691, 7422557.942090423777699 ], [ 5692586.227124428376555, 7422167.322792648337781 ], [ 5692576.407901619561017, 7422155.422343753278255 ], [ 5692574.897876461036503, 7422145.187813331373036 ], [ 5692572.269435123540461, 7422132.942082511261106 ], [ 5692573.610778539441526, 7422117.433863190934062 ], [ 5692581.413223871029913, 7422104.636523941531777 ], [ 5692782.175357188098133, 7421775.346171131357551 ], [ 5693057.0137301068753, 7421434.196112024597824 ], [ 5693141.566285378299654, 7421342.170194331556559 ], [ 5693210.870381764136255, 7421265.507241109386086 ], [ 5693231.793921591714025, 7421251.63036247715354 ], [ 5693232.0199556928128, 7421241.928378787823021 ], [ 5693240.147791722789407, 7421225.568759107962251 ], [ 5693329.072369615547359, 7421112.081048004329205 ], [ 5693403.02200673520565, 7421017.635225245729089 ], [ 5693371.469899155199528, 7420910.601340686902404 ], [ 5693216.465630799531937, 7420119.400087241083384 ], [ 5693149.594664800912142, 7419779.864978108555079 ], [ 5693029.046898930333555, 7419437.029791800305247 ], [ 5692965.105664439499378, 7419263.095356045290828 ], [ 5692952.477803555317223, 7419249.408086193725467 ], [ 5692948.654973093420267, 7419250.957785362377763 ], [ 5692941.123991895467043, 7419254.319499867036939 ], [ 5692918.999920582398772, 7419261.260114891454577 ], [ 5692909.004003626294434, 7419264.513497683219612 ], [ 5692905.635238200426102, 7419267.012307863682508 ], [ 5692899.287240235134959, 7419273.776178920641541 ], [ 5692893.593122532591224, 7419279.171321811154485 ], [ 5692889.676791747100651, 7419280.914944887161255 ], [ 5692886.644744032993913, 7419281.836739651858807 ], [ 5692881.142600159160793, 7419282.538931060582399 ], [ 5692870.587651351466775, 7419282.584105541929603 ], [ 5692862.937742562964559, 7419283.386254908517003 ], [ 5692856.632909213192761, 7419284.460368614643812 ], [ 5692851.678320355713367, 7419285.917731689289212 ], [ 5692848.651438740082085, 7419286.950801402330399 ], [ 5692845.992301505990326, 7419287.074563259258866 ], [ 5692842.520137308165431, 7419287.34768833220005 ], [ 5692839.503593042492867, 7419288.603322704322636 ], [ 5692837.213308135978878, 7419290.048203077167273 ], [ 5692834.745425672270358, 7419294.289446584880352 ], [ 5692830.897387380711734, 7419299.710161941125989 ], [ 5692828.737429704517126, 7419306.16755042411387 ], [ 5692827.856455097906291, 7419313.680652759969234 ], [ 5692825.731570603325963, 7419318.6865967027843 ], [ 5692823.155130327679217, 7419320.590886324644089 ], [ 5692820.925761609338224, 7419321.140736127272248 ], [ 5692814.574389680288732, 7419321.213277786970139 ], [ 5692808.514335645362735, 7419320.937687629833817 ], [ 5692797.421044894494116, 7419318.219761397689581 ], [ 5692789.376423579640687, 7419317.144331589341164 ], [ 5692783.510584266856313, 7419316.636646245606244 ], [ 5692777.363764234818518, 7419316.699653670191765 ], [ 5692772.761402078904212, 7419316.913832477293909 ], [ 5692760.367676061578095, 7419321.505443578585982 ], [ 5692752.299400611780584, 7419324.334425810724497 ], [ 5692747.140239216387272, 7419325.801267640665174 ], [ 5692740.983079382218421, 7419325.641693005338311 ], [ 5692734.800078557804227, 7419324.925699958577752 ], [ 5692731.173947555013001, 7419324.090724319219589 ], [ 5692724.208927126601338, 7419324.191783195361495 ], [ 5692720.424760777503252, 7419324.367872039787471 ], [ 5692711.890529121272266, 7419325.991752441972494 ], [ 5692695.392450109124184, 7419334.900660205632448 ], [ 5692682.938836160115898, 7419342.617643335834146 ], [ 5692677.380898164585233, 7419344.326059821993113 ], [ 5692671.060524944216013, 7419345.066237552091479 ], [ 5692665.813498352654278, 7419344.641235602088273 ], [ 5692656.526074598543346, 7419343.288990149274468 ], [ 5692648.71076516341418, 7419340.529963437467813 ], [ 5692639.753857075236738, 7419335.259009219706059 ], [ 5692632.424091525375843, 7419331.919767918996513 ], [ 5692627.604691989719868, 7419327.460014207288623 ], [ 5692621.986692916601896, 7419321.253040799871087 ], [ 5692609.240278143435717, 7419305.006045803427696 ], [ 5692600.808133232407272, 7419295.58429810591042 ], [ 5692594.101304216310382, 7419290.208643168210983 ], [ 5692587.052555630914867, 7419286.29869822319597 ], [ 5692573.789834594354033, 7419281.005001416429877 ], [ 5692563.482747065834701, 7419275.350743094459176 ], [ 5692558.029066659510136, 7419270.474394330754876 ], [ 5692550.037066427990794, 7419261.701296159997582 ], [ 5692546.077238211408257, 7419258.093726662918925 ], [ 5692528.941505990922451, 7419248.853825133293867 ], [ 5692520.143796029500663, 7419244.802178239449859 ], [ 5692514.653970375657082, 7419239.146840270608664 ], [ 5692512.652864431962371, 7419235.782713966444135 ], [ 5692511.760212168097496, 7419229.801987508311868 ], [ 5692511.4760373942554, 7419223.681430900469422 ], [ 5692512.747702523134649, 7419220.165051875635982 ], [ 5692514.873726973310113, 7419217.389589085243642 ], [ 5692518.76940996479243, 7419215.200937608256936 ], [ 5692525.051432337611914, 7419209.221000062301755 ], [ 5692527.677422452718019, 7419203.968763107433915 ], [ 5692527.972844418138266, 7419201.501507705077529 ], [ 5692527.051313325762749, 7419199.313914657570422 ], [ 5692523.695876970887184, 7419197.685646018013358 ], [ 5692507.432201615534723, 7419193.981334324926138 ], [ 5692498.420705795288086, 7419191.947048978880048 ], [ 5692494.788391700014472, 7419188.770331406965852 ], [ 5692488.576444757170975, 7419180.806599486619234 ], [ 5692478.870636308565736, 7419170.440369050018489 ], [ 5692468.482041646726429, 7419165.235963203012943 ], [ 5692454.96841297019273, 7419158.950170878320932 ], [ 5692431.171660956926644, 7419154.146422842517495 ], [ 5692412.070227837190032, 7419151.13164974655956 ], [ 5692384.397441929206252, 7419146.731179733760655 ], [ 5692372.874602019786835, 7419143.58689459040761 ], [ 5692360.442681587301195, 7419142.938389728777111 ], [ 5692355.431279450654984, 7419143.171482684090734 ], [ 5692350.589306211099029, 7419144.846490800380707 ], [ 5692343.780388646759093, 7419150.51628269162029 ], [ 5692339.000400017946959, 7419153.526677154004574 ], [ 5692333.31440442148596, 7419154.683320363983512 ], [ 5692328.077788664028049, 7419154.480786586180329 ], [ 5692308.212941637262702, 7419148.267235863953829 ], [ 5692300.439116861671209, 7419146.398332368582487 ], [ 5692290.303705930709839, 7419146.646667595952749 ], [ 5692280.475115604698658, 7419146.880726603791118 ], [ 5692272.84592182841152, 7419148.127719447016716 ], [ 5692260.452219540253282, 7419152.718921445310116 ], [ 5692252.352973932400346, 7419154.879943985491991 ], [ 5692248.768233075737953, 7419154.93513027112931 ], [ 5692242.585332503542304, 7419154.218961344100535 ], [ 5692236.712367689236999, 7419149.138994742184877 ], [ 5692232.189621813595295, 7419144.442326722666621 ], [ 5692228.629683610983193, 7419142.823516589589417 ], [ 5692226.175119334831834, 7419142.937663303688169 ], [ 5692220.38168297894299, 7419143.987736919894814 ], [ 5692215.845494457520545, 7419143.418026288971305 ], [ 5692212.321711885742843, 7419142.578189553692937 ], [ 5692209.493185194209218, 7419141.25993063300848 ], [ 5692203.856792161241174, 7419139.068541090004146 ], [ 5692190.391825150698423, 7419138.244895221665502 ], [ 5692174.458836635574698, 7419141.662333984859288 ], [ 5692161.798594235442579, 7419144.927573345601559 ], [ 5692151.644554920494556, 7419149.191489758901298 ], [ 5692144.916168997995555, 7419152.180887317284942 ], [ 5692139.59794302098453, 7419152.428174282424152 ], [ 5692133.220831936225295, 7419151.944038107991219 ], [ 5692126.449110486544669, 7419149.582367306575179 ], [ 5692122.003862106241286, 7419146.554909011349082 ], [ 5692116.969786638393998, 7419141.88199311029166 ], [ 5692108.161923432722688, 7419137.607587827369571 ], [ 5692105.475986426696181, 7419134.944414896890521 ], [ 5692104.544190686196089, 7419132.534248434007168 ], [ 5692105.013238946907222, 7419129.389814468100667 ], [ 5692107.599043828435242, 7419125.47782532311976 ], [ 5692110.108394024893641, 7419122.127001883462071 ], [ 5692114.243788154795766, 7419118.477527160197496 ], [ 5692119.247998314909637, 7419113.672429544851184 ], [ 5692122.109630197286606, 7419109.078476445749402 ], [ 5692122.685099024325609, 7419103.810167092829943 ], [ 5692122.105587285012007, 7419100.156874791719019 ], [ 5692118.636605199426413, 7419096.080324342474341 ], [ 5692114.671751363202929, 7419092.361397456377745 ], [ 5692111.306055488064885, 7419090.510490869171917 ], [ 5692106.171741529367864, 7419090.303131889551878 ], [ 5692095.228514509275556, 7419090.811953666619956 ], [ 5692078.951591291464865, 7419091.234191913157701 ], [ 5692070.988772840239108, 7419089.708542962558568 ], [ 5692062.29355005454272, 7419085.651931228116155 ], [ 5692052.677874025888741, 7419081.638111045584083 ], [ 5692040.49504922144115, 7419077.520595990121365 ], [ 5692031.846313767135143, 7419074.46550967823714 ], [ 5692000.404199418611825, 7419068.343787973746657 ], [ 5691996.3587557207793, 7419067.305118201300502 ], [ 5691994.39908513519913, 7419064.8312150798738 ], [ 5691992.61814430449158, 7419061.791392308659852 ], [ 5691991.101722362451255, 7419055.61665359325707 ], [ 5691987.419099271297455, 7419042.516730230301619 ], [ 5691987.119625262916088, 7419036.062371889129281 ], [ 5691989.02884351182729, 7419028.613154172897339 ], [ 5691994.366865859366953, 7419015.539944795891643 ], [ 5692000.943470558151603, 7419004.862633422017097 ], [ 5692003.737979000434279, 7418998.822039108723402 ], [ 5692004.478072455152869, 7418997.984671375714242 ], [ 5692009.482895262539387, 7418992.309705794788897 ], [ 5692017.119344864971936, 7418984.594204042106867 ], [ 5692020.798145611770451, 7418977.731834435835481 ], [ 5692022.0130814332515, 7418972.99141638725996 ], [ 5692021.192897385917604, 7418968.568662676028907 ], [ 5692018.080410703085363, 7418961.129865732975304 ], [ 5692015.010238312184811, 7418956.811722259968519 ], [ 5692011.010292148217559, 7418954.544205795973539 ], [ 5692007.098129757679999, 7418954.168483825400472 ], [ 5692000.282037233933806, 7418955.266038004308939 ], [ 5691997.71840279456228, 7418956.121273744851351 ], [ 5691995.639478448778391, 7418956.820147183723748 ], [ 5691989.990685596130788, 7418960.986044828779995 ], [ 5691983.646637265570462, 7418965.630351101048291 ], [ 5691976.559865147806704, 7418967.521131353452802 ], [ 5691969.840873582288623, 7418968.502633069641888 ], [ 5691963.720025157555938, 7418969.121757853776217 ], [ 5691958.284102809615433, 7418969.039905978366733 ], [ 5691952.92979993391782, 7418968.508169675245881 ], [ 5691949.653907027095556, 7418973.009821403771639 ], [ 5691945.115592129528522, 7418979.019945949316025 ], [ 5691939.075154832564294, 7418987.999470261856914 ], [ 5691935.610195900313556, 7418992.844471463933587 ], [ 5691933.047835988923907, 7418996.599205301143229 ], [ 5691931.675175881013274, 7418998.603498719632626 ], [ 5691921.476463617756963, 7419017.367202979512513 ], [ 5691912.083608173765242, 7419031.409511198289692 ], [ 5691907.963687189854681, 7419035.392770736478269 ], [ 5691905.754988266155124, 7419036.387616763822734 ], [ 5691903.305604387074709, 7419036.612997209653258 ], [ 5691901.352096198126674, 7419036.480761112645268 ], [ 5691899.776702932082117, 7419035.661817049607635 ], [ 5691896.686888165771961, 7419033.128919312730432 ], [ 5691893.863571831025183, 7419031.921895878389478 ], [ 5691891.899739068932831, 7419031.567094963043928 ], [ 5691890.677628815174103, 7419031.73542514257133 ], [ 5691887.062924065627158, 7419033.353233908303082 ], [ 5691883.8005211064592, 7419033.727925067767501 ], [ 5691882.158994417637587, 7419033.69270661380142 ], [ 5691879.744770277291536, 7419032.466664988547564 ], [ 5691875.805802458897233, 7419029.304104395210743 ], [ 5691872.01557148899883, 7419027.13832606561482 ], [ 5691869.632324126549065, 7419026.579974446445704 ], [ 5691865.730473814532161, 7419026.426776045002043 ], [ 5691859.78316952381283, 7419026.368653192184865 ], [ 5691853.881351849064231, 7419025.081674071028829 ], [ 5691848.142781832255423, 7419022.894930828362703 ], [ 5691836.35785598307848, 7419016.305310329422355 ], [ 5691821.66800987161696, 7419008.958529797382653 ], [ 5691814.911886889487505, 7419006.930594448000193 ], [ 5691809.557578446343541, 7419006.398805653676391 ], [ 5691806.106121499091387, 7419007.116833492182195 ], [ 5691803.994531870819628, 7419007.995628898963332 ], [ 5691801.858099937438965, 7419010.548403713852167 ], [ 5691800.355950890108943, 7419013.517784425988793 ], [ 5691799.291603202931583, 7419023.715725142508745 ], [ 5691799.452591472305357, 7419029.395847802050412 ], [ 5691799.602288634516299, 7419032.623018554411829 ], [ 5691801.133151352405548, 7419036.901212641969323 ], [ 5691805.386985098943114, 7419046.851976292207837 ], [ 5691807.858953363262117, 7419051.532516792416573 ], [ 5691808.095437853597105, 7419054.421089202165604 ], [ 5691807.171752780675888, 7419058.813365465030074 ], [ 5691804.866898836567998, 7419062.154617969878018 ], [ 5691802.683998863212764, 7419063.705855063162744 ], [ 5691799.94843833707273, 7419064.390604458749294 ], [ 5691796.374046295881271, 7419064.668252918869257 ], [ 5691792.794492322020233, 7419064.834618765860796 ], [ 5691787.501143618486822, 7419063.407810067757964 ], [ 5691780.350435238331556, 7419059.502325052395463 ], [ 5691775.967222470790148, 7419057.810170650482178 ], [ 5691772.141830638982356, 7419057.095784751698375 ], [ 5691767.539549304172397, 7419057.309676728211343 ], [ 5691764.292624116875231, 7419058.018185297958553 ], [ 5691760.44238431379199, 7419058.977775018662214 ], [ 5691757.895884232595563, 7419059.31916537322104 ], [ 5691750.081848883070052, 7419058.790143301710486 ], [ 5691728.884590052999556, 7419056.987209115177393 ], [ 5691722.937276775948703, 7419056.929029926657677 ], [ 5691718.457913657650352, 7419057.583280570805073 ], [ 5691709.561121294274926, 7419060.227156941778958 ], [ 5691700.996950594708323, 7419063.413177268579602 ], [ 5691692.146601687185466, 7419067.058576017618179 ], [ 5691679.318869648501277, 7419073.342264112085104 ], [ 5691671.517044544219971, 7419077.496530678123236 ], [ 5691661.424863876774907, 7419083.095475386828184 ], [ 5691642.273531845770776, 7419094.468379728496075 ], [ 5691630.535573052242398, 7419102.151152458041906 ], [ 5691622.483663531951606, 7419107.543739126063883 ], [ 5691609.656798919662833, 7419116.057733194902539 ], [ 5691602.161750046536326, 7419120.197697666473687 ], [ 5691595.832054361701012, 7419122.945257945917547 ], [ 5691590.397015793249011, 7419125.09364153817296 ], [ 5691572.194208212196827, 7419130.400213374756277 ], [ 5691564.207487611100078, 7419132.778659278526902 ], [ 5691561.201204071752727, 7419134.256584335118532 ], [ 5691558.425266581587493, 7419136.281412363052368 ], [ 5691553.707056788727641, 7419140.626898098737001 ], [ 5691550.343275191262364, 7419143.236640112474561 ], [ 5691546.222298888489604, 7419144.989390624687076 ], [ 5691542.044563759118319, 7419145.518044938333333 ], [ 5691539.36997264996171, 7419145.307738488540053 ], [ 5691532.368013870902359, 7419142.398924492299557 ], [ 5691512.823101575486362, 7419129.812882563099265 ], [ 5691500.649812185205519, 7419123.68714957498014 ], [ 5691493.975328435190022, 7419121.209193792194128 ], [ 5691489.863756099715829, 7419120.954114980995655 ], [ 5691486.729398109950125, 7419121.880368933081627 ], [ 5691484.735525120049715, 7419123.08820381667465 ], [ 5691476.041697137057781, 7419134.532643891870975 ], [ 5691472.852408397942781, 7419138.695552097633481 ], [ 5691471.549562018364668, 7419141.544096998870373 ], [ 5691471.612385717220604, 7419145.10984767600894 ], [ 5691472.617220276966691, 7419151.308340368792415 ], [ 5691478.472013691440225, 7419162.634538857266307 ], [ 5691480.90260972827673, 7419166.424860738217831 ], [ 5691481.031592297367752, 7419169.206892102956772 ], [ 5691480.623409721069038, 7419171.456272170878947 ], [ 5691479.187330393120646, 7419173.641880766488612 ], [ 5691475.869960464537144, 7419177.253132292069495 ], [ 5691468.907756919972599, 7419184.044759660959244 ], [ 5691466.990350624546409, 7419184.691432632505894 ], [ 5691463.916977501474321, 7419184.722677405923605 ], [ 5691461.400496852584183, 7419183.501323064789176 ], [ 5691449.988634911365807, 7419176.113444156944752 ], [ 5691434.214221948757768, 7419167.478433417156339 ], [ 5691430.148164473474026, 7419165.994491945952177 ], [ 5691427.177069129422307, 7419166.020979605615139 ], [ 5691424.840251381509006, 7419166.464087626896799 ], [ 5691421.123190630227327, 7419168.086515288800001 ], [ 5691415.847132132388651, 7419171.454168129712343 ], [ 5691399.790399558842182, 7419185.470953207463026 ], [ 5691395.020539695397019, 7419188.703562811017036 ], [ 5691391.487383056432009, 7419189.871355775743723 ], [ 5691388.414009434171021, 7419189.902585016563535 ], [ 5691385.314843099564314, 7419189.377408104017377 ], [ 5691376.789109731093049, 7419186.762342017143965 ], [ 5691373.37280616723001, 7419186.028851553797722 ], [ 5691369.788064426742494, 7419186.08382841385901 ], [ 5691360.011045561172068, 7419187.430094335228205 ], [ 5691355.127693885937333, 7419188.214505834504962 ], [ 5691351.108064991421998, 7419187.73207333125174 ], [ 5691348.075066631659865, 7419186.423171868547797 ], [ 5691344.964694929309189, 7419183.445054274983704 ], [ 5691341.823374822735786, 7419179.799250119365752 ], [ 5691341.511306175030768, 7419179.479182098060846 ], [ 5691337.520937271416187, 7419175.42672864254564 ], [ 5691333.295874808914959, 7419172.72342196572572 ], [ 5691328.994330905377865, 7419170.581269558519125 ], [ 5691324.366223635151982, 7419170.238612193614244 ], [ 5691321.615149983204901, 7419170.589422170072794 ], [ 5691319.104730292223394, 7419171.709698856808245 ], [ 5691317.121153026819229, 7419173.140068641863763 ], [ 5691312.398590561933815, 7419179.604547550901771 ], [ 5691310.615287307649851, 7419183.144505031406879 ], [ 5691309.287500062957406, 7419187.666991773992777 ], [ 5691309.10535579174757, 7419192.58235446177423 ], [ 5691310.606900256127119, 7419200.653619008138776 ], [ 5691311.774843941442668, 7419204.402227868326008 ], [ 5691314.3396110618487, 7419212.636003794148564 ], [ 5691314.770224236883223, 7419215.292498333379626 ], [ 5691314.63877278752625, 7419219.09030157700181 ], [ 5691313.960729772225022, 7419224.363256365992129 ], [ 5691313.501823238097131, 7419227.730184799060225 ], [ 5691313.549128906801343, 7419230.962083391845226 ], [ 5691313.458054826594889, 7419233.419764773920178 ], [ 5691313.158158285543323, 7419238.006034253165126 ], [ 5691311.269177998416126, 7419245.900197693146765 ], [ 5691309.798724486492574, 7419251.767554106190801 ], [ 5691307.320117428898811, 7419255.785880340263247 ], [ 5691305.055491328239441, 7419257.786899229511619 ], [ 5691302.227915231138468, 7419258.698856009170413 ], [ 5691299.34876127447933, 7419258.498002458363771 ], [ 5691293.385025098919868, 7419255.875424104742706 ], [ 5691286.228972228243947, 7419252.516418924555182 ], [ 5691283.431715589947999, 7419251.207706959918141 ], [ 5691279.862431770190597, 7419251.596501452848315 ], [ 5691278.451222566887736, 7419252.108118008822203 ], [ 5691277.863365016877651, 7419252.693019567988813 ], [ 5691277.275507409125566, 7419253.277921100147069 ], [ 5691276.24332704488188, 7419255.333222074434161 ], [ 5691275.876367911696434, 7419258.472835563123226 ], [ 5691276.087719703093171, 7419260.158131500706077 ], [ 5691276.517556135542691, 7419263.461479887366295 ], [ 5691279.789564122445881, 7419274.35005771368742 ], [ 5691281.045276119373739, 7419281.540573921054602 ], [ 5691279.855838431045413, 7419286.837270329706371 ], [ 5691278.481604302302003, 7419290.35822079051286 ], [ 5691274.944131148979068, 7419293.645065370947123 ], [ 5691269.95418238453567, 7419296.553275909274817 ], [ 5691265.030404310673475, 7419298.67776858061552 ], [ 5691261.083827332593501, 7419301.983605872839689 ], [ 5691256.856211182661355, 7419305.860093934461474 ], [ 5691252.660407406277955, 7419312.634632823988795 ], [ 5691247.498581086285412, 7419320.680750902742147 ], [ 5691246.169879079796374, 7419322.972856709733605 ], [ 5691245.924941352568567, 7419324.322474770247936 ], [ 5691244.807683423161507, 7419331.177096608094871 ], [ 5691243.801275533623993, 7419333.788797162473202 ], [ 5691242.155432279221714, 7419335.872587683610618 ], [ 5691239.752407394349575, 7419337.09937437530607 ], [ 5691235.309041985310614, 7419338.532422348856926 ], [ 5691224.345868958160281, 7419340.825807917863131 ], [ 5691222.437025146558881, 7419341.215546518564224 ], [ 5691222.213567510247231, 7419341.259378452785313 ], [ 5691220.951034860685468, 7419342.767765689641237 ], [ 5691220.082130598835647, 7419343.923314528539777 ], [ 5691220.036582398228347, 7419345.152152770198882 ], [ 5691220.093309071846306, 7419346.376242094673216 ], [ 5691220.482731775380671, 7419348.365525481291115 ], [ 5691220.764549711719155, 7419349.802203779108822 ], [ 5691221.672146358527243, 7419356.116718677803874 ], [ 5691220.993011354468763, 7419358.713219699449837 ], [ 5691220.191318674013019, 7419361.761492466554046 ], [ 5691218.193093771114945, 7419365.088363561779261 ], [ 5691216.450124004855752, 7419367.288179179653525 ], [ 5691213.126615677028894, 7419368.55769950710237 ], [ 5691209.071710734628141, 7419369.526618133299053 ], [ 5691203.328836052678525, 7419369.458707651123405 ], [ 5691200.270467142574489, 7419368.708549422211945 ], [ 5691196.797841539606452, 7419367.866104749962687 ], [ 5691193.309316439554095, 7419365.574634557589889 ], [ 5691190.817759066820145, 7419362.679272936657071 ], [ 5691187.650672019459307, 7419358.477033652365208 ], [ 5691183.541626195423305, 7419351.642044456675649 ], [ 5691180.978737258352339, 7419349.419115635566413 ], [ 5691177.332078034989536, 7419348.138667777180672 ], [ 5691174.856853230856359, 7419347.807511502876878 ], [ 5691170.070558058097959, 7419348.47581850644201 ], [ 5691166.312168430536985, 7419349.207919189706445 ], [ 5691163.500035640783608, 7419350.453685914166272 ], [ 5691160.427486136555672, 7419352.715224316343665 ], [ 5691154.99400675855577, 7419359.324141988530755 ], [ 5691148.052177870646119, 7419366.56068616732955 ], [ 5691145.083614472299814, 7419369.296928438358009 ], [ 5691143.727391386404634, 7419370.553159693256021 ], [ 5691138.262958014383912, 7419376.494383461773396 ], [ 5691136.67381299007684, 7419379.802245480939746 ], [ 5691135.412117563188076, 7419383.540985172614455 ], [ 5691134.503652966581285, 7419388.2670062109828 ], [ 5691135.093222196213901, 7419392.142838159576058 ], [ 5691136.577487517148256, 7419395.419532193802297 ], [ 5691137.693052489310503, 7419397.375102412886918 ], [ 5691140.133040072396398, 7419399.157664254307747 ], [ 5691143.861356720328331, 7419399.988252073526382 ], [ 5691145.748718538321555, 7419400.904308967292309 ], [ 5691147.46762412507087, 7419402.608827490359545 ], [ 5691148.782585089094937, 7419404.443619990721345 ], [ 5691149.218318797647953, 7419407.211393398232758 ], [ 5691149.173613514751196, 7419410.67059288546443 ], [ 5691148.571124411188066, 7419413.152007336728275 ], [ 5691146.46544165443629, 7419416.372330671176314 ], [ 5691142.575518695637584, 7419420.902210369706154 ], [ 5691127.719723627902567, 7419434.305190372280777 ], [ 5691119.139025600627065, 7419440.681021633557975 ], [ 5691102.254696883261204, 7419453.219064582139254 ], [ 5691090.434485356323421, 7419461.351147644221783 ], [ 5691081.067203097976744, 7419464.908551389351487 ], [ 5691075.968883219175041, 7419465.479780902154744 ], [ 5691075.067825592122972, 7419465.499304817989469 ], [ 5691070.952216383069754, 7419465.601138454861939 ], [ 5691062.375685788691044, 7419464.103424973785877 ], [ 5691045.580178888514638, 7419459.976188931614161 ], [ 5691045.55523447226733, 7419461.650145092047751 ], [ 5691045.530289985239506, 7419463.324101252481341 ], [ 5691045.148628823459148, 7419468.360212273895741 ], [ 5691040.434122743085027, 7419497.128139596432447 ], [ 5691039.761092953383923, 7419502.512333644554019 ], [ 5691039.834925864823163, 7419508.530979011207819 ], [ 5691039.827931920066476, 7419517.229852717369795 ], [ 5691039.850210490636528, 7419522.135692369192839 ], [ 5691039.105003121308982, 7419525.961958029307425 ], [ 5691035.384302888065577, 7419531.933694301173091 ], [ 5691023.955766382627189, 7419548.523020943626761 ], [ 5691013.402114524506032, 7419566.29844101332128 ], [ 5691002.995460607111454, 7419580.609910307452083 ], [ 5690998.251959625631571, 7419586.629100359976292 ], [ 5690992.95149643253535, 7419593.900855051353574 ], [ 5690989.593466625548899, 7419598.852058692835271 ], [ 5690988.20364779792726, 7419602.039115900173783 ], [ 5690988.537068098783493, 7419604.811634188517928 ], [ 5690990.681358149275184, 7419609.061381961219013 ], [ 5690995.373075917363167, 7419615.20025248080492 ], [ 5691004.720437315292656, 7419626.6990284351632 ], [ 5691009.023675482720137, 7419633.302007408812642 ], [ 5691012.028244827874005, 7419640.634380232542753 ], [ 5691012.87984412163496, 7419647.955159578472376 ], [ 5691012.069236510433257, 7419654.795488074421883 ], [ 5691010.745311727747321, 7419659.183901937678456 ], [ 5691006.008045235648751, 7419665.559660741128027 ], [ 5690996.704085546545684, 7419674.913053848780692 ], [ 5690992.553584478795528, 7419680.458630464971066 ], [ 5690990.842270452529192, 7419685.556441296823323 ], [ 5690990.291273723356426, 7419689.150644212961197 ], [ 5690989.828714989125729, 7419696.866971673443913 ], [ 5690991.193307910114527, 7419708.624729102477431 ], [ 5690995.20489783026278, 7419728.846656476147473 ], [ 5690998.426761206239462, 7419743.08317194879055 ], [ 5691000.630192115902901, 7419755.248079088516533 ], [ 5691001.467930600978434, 7419766.695730406790972 ], [ 5691001.542522666975856, 7419774.944727508351207 ], [ 5690999.628252482041717, 7419784.512743467465043 ], [ 5690997.513767639175057, 7419791.971175732091069 ], [ 5690994.973896590061486, 7419796.884395678527653 ], [ 5690990.450313050299883, 7419803.227912084199488 ], [ 5690986.053968040272593, 7419807.892725955694914 ], [ 5690979.448733977042139, 7419813.55220422334969 ], [ 5690968.12919245660305, 7419821.437807398848236 ], [ 5690955.245340920053422, 7419830.957265693694353 ], [ 5690946.420883134007454, 7419837.388824248686433 ], [ 5690933.849786541424692, 7419849.235653131268919 ], [ 5690917.342135571874678, 7419864.610716867260635 ], [ 5690908.794343764893711, 7419872.590677298605442 ], [ 5690902.378142233937979, 7419877.906774394214153 ], [ 5690895.700691362842917, 7419882.008275512605906 ], [ 5690889.145340896211565, 7419884.319796102121472 ], [ 5690884.896017830818892, 7419885.520639408379793 ], [ 5690881.255212745629251, 7419886.581726972013712 ], [ 5690876.678439620882273, 7419887.351683488115668 ], [ 5690867.713990011252463, 7419888.548259997740388 ], [ 5690855.374343068338931, 7419889.90143278427422 ], [ 5690848.629103708080947, 7419890.325914574787021 ], [ 5690842.932415649294853, 7419891.259340438060462 ], [ 5690827.121220425702631, 7419895.115462863817811 ], [ 5690816.019215877167881, 7419896.634218290448189 ], [ 5690804.784014733508229, 7419897.490029047243297 ], [ 5690793.773980442434549, 7419898.781461774371564 ], [ 5690785.059678042307496, 7419898.739669308997691 ], [ 5690777.460137066431344, 7419898.423117084428668 ], [ 5690763.109432213008404, 7419896.18937599286437 ], [ 5690745.485813761129975, 7419894.107454758137465 ], [ 5690736.444070763885975, 7419893.634749129414558 ], [ 5690728.204529389739037, 7419894.106192680075765 ], [ 5690726.52818912640214, 7419894.206260541453958 ], [ 5690719.711580352857709, 7419895.303108853287995 ], [ 5690711.346094666048884, 7419898.367626966908574 ], [ 5690703.850354581139982, 7419902.506984397768974 ], [ 5690699.381758857518435, 7419905.613764742389321 ], [ 5690696.677659893408418, 7419909.196288883686066 ], [ 5690694.843308079987764, 7419913.853657491505146 ], [ 5690693.797031734138727, 7419920.035735405981541 ], [ 5690692.863336103968322, 7419926.435628702864051 ], [ 5690693.765508379787207, 7419932.638843853957951 ], [ 5690695.424091489985585, 7419937.468744199723005 ], [ 5690699.144467525184155, 7419944.7679427806288 ], [ 5690702.638924079947174, 7419949.401164852082729 ], [ 5690706.588108032941818, 7419952.786584313958883 ], [ 5690708.639599243178964, 7419955.033321846276522 ], [ 5690710.164997102692723, 7419959.200286427512765 ], [ 5690711.388709705322981, 7419963.492764296010137 ], [ 5690714.802258017472923, 7419970.806195624172688 ], [ 5690719.227539880201221, 7419975.619277044199407 ], [ 5690724.568185883574188, 7419980.278377735055983 ], [ 5690730.1641536494717, 7419983.810443153604865 ], [ 5690738.445146609097719, 7419987.775549868121743 ], [ 5690745.707741165533662, 7419989.669032530859113 ], [ 5690766.881096050143242, 7419993.147583477199078 ], [ 5690774.322494904510677, 7419994.475163893774152 ], [ 5690780.313379641622305, 7419996.795640550553799 ], [ 5690780.480633278377354, 7419996.865944971330464 ], [ 5690785.94342677667737, 7419999.735058590769768 ], [ 5690789.201678407378495, 7420001.479731081053615 ], [ 5690792.220072649419308, 7420004.685279916971922 ], [ 5690794.849959378130734, 7420008.354928718879819 ], [ 5690796.032476878724992, 7420011.757165333256125 ], [ 5690796.699211762286723, 7420017.302194677293301 ], [ 5690796.562399854883552, 7420020.988675181753933 ], [ 5690796.134205685928464, 7420025.023230787366629 ], [ 5690794.770037353038788, 7420028.766649443656206 ], [ 5690792.44928524363786, 7420031.773810058832169 ], [ 5690787.024841005913913, 7420036.374700853601098 ], [ 5690778.158947714604437, 7420041.91587058827281 ], [ 5690765.090033979155123, 7420049.65935018658638 ], [ 5690756.545659758150578, 7420053.289762917906046 ], [ 5690748.277209492400289, 7420056.238255733624101 ], [ 5690743.209585065022111, 7420057.476999972015619 ], [ 5690735.692395525053144, 7420058.940888086333871 ], [ 5690729.494539215229452, 7420060.120535479858518 ], [ 5690711.693445934914052, 7420063.065107038244605 ], [ 5690700.535387575626373, 7420065.59000806696713 ], [ 5690697.216817694716156, 7420066.970644730143249 ], [ 5690691.72020941786468, 7420070.013570643030107 ], [ 5690686.755604047328234, 7420073.477893842384219 ], [ 5690683.949178130365908, 7420077.06515072658658 ], [ 5690682.160399141721427, 7420080.493686828762293 ], [ 5690681.617449334822595, 7420084.042868334800005 ], [ 5690682.070661753416061, 7420087.412022761069238 ], [ 5690684.378980545327067, 7420092.992423122748733 ], [ 5690687.623275376856327, 7420098.863967590034008 ], [ 5690691.516565399244428, 7420103.255663705058396 ], [ 5690698.192027613520622, 7420107.964390216395259 ], [ 5690705.542243547737598, 7420111.749665898270905 ], [ 5690711.49585076328367, 7420114.149972178041935 ], [ 5690719.929943221621215, 7420116.99281657487154 ], [ 5690726.195547129958868, 7420119.490165727213025 ], [ 5690732.630404443480074, 7420123.429409563541412 ], [ 5690736.789339824579656, 7420126.916625529527664 ], [ 5690748.565648613497615, 7420137.745320226065814 ], [ 5690753.871036384254694, 7420143.855812642723322 ], [ 5690756.12196021899581, 7420145.98178293928504 ], [ 5690758.578200133517385, 7420150.328610983677208 ], [ 5690760.155130564235151, 7420155.608379507437348 ], [ 5690760.314834766089916, 7420159.05806318949908 ], [ 5690759.902069307863712, 7420163.426454104483128 ], [ 5690758.824102457612753, 7420166.710509960539639 ], [ 5690757.423837981186807, 7420169.674958321265876 ], [ 5690755.578388487920165, 7420171.879422968253493 ], [ 5690749.34592620190233, 7420176.740798788145185 ], [ 5690741.141652902588248, 7420182.184315805323422 ], [ 5690737.412248322740197, 7420184.654593208804727 ], [ 5690724.31225725915283, 7420191.730319524183869 ], [ 5690718.096177501603961, 7420195.174625907093287 ], [ 5690712.21960739698261, 7420198.424751378595829 ], [ 5690704.555186247453094, 7420203.352518117055297 ], [ 5690698.133583663031459, 7420208.557193245738745 ], [ 5690691.329349298030138, 7420216.567583914846182 ], [ 5690689.647976333275437, 7420220.10265282727778 ], [ 5690688.923188583925366, 7420224.373987282626331 ], [ 5690689.512599943205714, 7420228.249812384136021 ], [ 5690690.731150671839714, 7420232.431014829315245 ], [ 5690693.213872308842838, 7420239.564595948904753 ], [ 5690696.744421433657408, 7420244.976795112714171 ], [ 5690698.459438225254416, 7420247.261453684419394 ], [ 5690701.441274059005082, 7420251.227052186615765 ], [ 5690706.424368876032531, 7420257.017957088537514 ], [ 5690718.692268138751388, 7420269.608199362643063 ], [ 5690724.631964031606913, 7420276.135366709902883 ], [ 5690726.095553332008421, 7420278.966977023519576 ], [ 5690726.63861059397459, 7420281.84128288179636 ], [ 5690726.614340405911207, 7420285.745573004707694 ], [ 5690725.828481552191079, 7420290.911895237863064 ], [ 5690723.932978797703981, 7420296.464240427128971 ], [ 5690721.935192425735295, 7420302.021328875795007 ], [ 5690719.420104262419045, 7420305.260510981082916 ], [ 5690715.197134687565267, 7420309.248017754405737 ], [ 5690708.233163518831134, 7420313.808724883012474 ], [ 5690691.994671948254108, 7420326.15981413424015 ], [ 5690674.452973828651011, 7420341.35928768478334 ], [ 5690660.837693334557116, 7420352.808038730174303 ], [ 5690652.105442836880684, 7420361.242352706380188 ], [ 5690650.376430251635611, 7420363.08453219011426 ], [ 5690646.732308575883508, 7420366.955950317904353 ], [ 5690641.794049530290067, 7420373.20697177760303 ], [ 5690637.715244730934501, 7420380.31028457544744 ], [ 5690635.027181996032596, 7420386.456951962783933 ], [ 5690632.389895590953529, 7420391.486076006665826 ], [ 5690627.865898158401251, 7420397.829396709799767 ], [ 5690622.166011082008481, 7420405.342430416494608 ], [ 5690620.176204365678132, 7420407.308215921744704 ], [ 5690616.480847442522645, 7420410.958959370851517 ], [ 5690611.388772507198155, 7420416.101907989010215 ], [ 5690607.73822811525315, 7420419.170672801323235 ], [ 5690601.745487995445728, 7420422.571081947535276 ], [ 5690596.928634102456272, 7420424.801775682717562 ], [ 5690587.749685373157263, 7420428.015365434810519 ], [ 5690582.191030259244144, 7420429.499819612130523 ], [ 5690568.204872958362103, 7420433.159336275421083 ], [ 5690546.139033000916243, 7420439.200798589736223 ], [ 5690534.106454217806458, 7420442.76969866361469 ], [ 5690525.309997458010912, 7420444.281579796224833 ], [ 5690521.700080960057676, 7420444.90617791749537 ], [ 5690516.750029786489904, 7420446.473905303515494 ], [ 5690513.058263509534299, 7420448.652402738109231 ], [ 5690508.758652027696371, 7420453.200968428514898 ], [ 5690508.023598316125572, 7420454.372536296024919 ], [ 5690501.980611040256917, 7420463.997953787446022 ], [ 5690501.4191068187356, 7420467.369539873674512 ], [ 5690501.650117880664766, 7420470.146790576167405 ], [ 5690502.995940249413252, 7420472.64931882917881 ], [ 5690506.90468037687242, 7420477.374910514801741 ], [ 5690513.704115619882941, 7420482.546376341953874 ], [ 5690513.810517740435898, 7420482.630657974630594 ], [ 5690517.002581872977316, 7420485.15910667553544 ], [ 5690524.496376226656139, 7420489.829999325796962 ], [ 5690530.813570617698133, 7420493.440256677567959 ], [ 5690533.376494359225035, 7420495.663317421451211 ], [ 5690534.834904453717172, 7420498.383661987259984 ], [ 5690536.257973159663379, 7420502.555385755375028 ], [ 5690536.617721721529961, 7420508.114631745964289 ], [ 5690536.680919486097991, 7420513.910664055496454 ], [ 5690535.563063715584576, 7420520.765121119096875 ], [ 5690533.590896541252732, 7420526.878557177260518 ], [ 5690531.362668527290225, 7420531.888679346069694 ], [ 5690528.740052858367562, 7420535.021271483972669 ], [ 5690524.271190056577325, 7420538.127941573038697 ], [ 5690521.049620524048805, 7420539.392486753873527 ], [ 5690514.426960585638881, 7420540.257120752707124 ], [ 5690508.704252413474023, 7420540.633954657241702 ], [ 5690493.279394524171948, 7420539.56477446295321 ], [ 5690484.979012010619044, 7420539.615028327330947 ], [ 5690478.975198439322412, 7420540.562474896200001 ], [ 5690472.910291105508804, 7420542.404898002743721 ], [ 5690472.145365142263472, 7420542.931040164083242 ], [ 5690469.136802321299911, 7420545.033237400464714 ], [ 5690463.032083041034639, 7420550.446088042110205 ], [ 5690460.118045275099576, 7420553.926727876067162 ], [ 5690456.994979555718601, 7420559.535904892720282 ], [ 5690454.659286045469344, 7420564.439469965174794 ], [ 5690451.838603764772415, 7420572.153474597260356 ], [ 5690450.735454747453332, 7420577.111418822780252 ], [ 5690450.669897763989866, 7420580.125451977364719 ], [ 5690451.101685472764075, 7420587.242606822401285 ], [ 5690451.286379137076437, 7420590.79147875495255 ], [ 5690452.007132133468986, 7420604.597487868741155 ], [ 5690452.605722736567259, 7420621.966593584045768 ], [ 5690452.419339045882225, 7420631.231252033263445 ], [ 5690450.99903086014092, 7420635.980860088020563 ], [ 5690448.847289172932506, 7420640.429818971082568 ], [ 5690444.337868059054017, 7420644.876550002023578 ], [ 5690439.23465193901211, 7420647.566512024961412 ], [ 5690435.312506807036698, 7420649.198059493675828 ], [ 5690430.924594825133681, 7420649.624495352618396 ], [ 5690425.165806328877807, 7420649.22232964169234 ], [ 5690412.619565720669925, 7420646.123791594058275 ], [ 5690402.743007253855467, 7420643.124534696340561 ], [ 5690394.81499398779124, 7420640.146471662446856 ], [ 5690389.868658773601055, 7420637.364753874950111 ], [ 5690385.392561108805239, 7420633.669093629345298 ], [ 5690374.152747676707804, 7420621.142453083768487 ], [ 5690370.919057905673981, 7420617.935642690397799 ], [ 5690352.76359473541379, 7420599.718716024421155 ], [ 5690340.409672104753554, 7420589.697102093137801 ], [ 5690333.458203360438347, 7420585.6700942767784 ], [ 5690329.177071598358452, 7420583.972713966853917 ], [ 5690324.942268943414092, 7420583.276847632601857 ], [ 5690319.250427813269198, 7420584.321281613782048 ], [ 5690315.220859034918249, 7420585.846260419115424 ], [ 5690310.639357953332365, 7420588.735034493729472 ], [ 5690306.851050853729248, 7420593.259813956916332 ], [ 5690303.840494544245303, 7420599.086761044338346 ], [ 5690301.112375697121024, 7420608.803745382465422 ], [ 5690299.203845241107047, 7420622.943461339920759 ], [ 5690299.12994530890137, 7420632.425912231206894 ], [ 5690299.766221725381911, 7420639.533572290092707 ], [ 5690300.068455079570413, 7420641.19233429338783 ], [ 5690300.729277120903134, 7420644.841800361871719 ], [ 5690303.447923418134451, 7420654.863936355337501 ], [ 5690309.840485430322587, 7420671.183843994513154 ], [ 5690312.307581756263971, 7420677.983618262223899 ], [ 5690312.989523196592927, 7420683.86246551014483 ], [ 5690312.494865789078176, 7420688.680663431063294 ], [ 5690310.123061026446521, 7420692.805232793092728 ], [ 5690305.695275327190757, 7420696.802050174213946 ], [ 5690302.1211325712502, 7420699.30957043543458 ], [ 5690290.90074594784528, 7420700.49868009518832 ], [ 5690284.461327933706343, 7420698.678267036564648 ], [ 5690279.192705678753555, 7420695.576896410435438 ], [ 5690274.097772177308798, 7420691.798368042334914 ], [ 5690266.695318907499313, 7420684.669721646234393 ], [ 5690258.734475840814412, 7420674.332933098077774 ], [ 5690254.565256559289992, 7420670.623019685968757 ], [ 5690250.391544786281884, 7420669.032152762636542 ], [ 5690245.262286087498069, 7420668.500378806143999 ], [ 5690244.417895422317088, 7420668.416839618235826 ], [ 5690238.925437234342098, 7420669.340474615804851 ], [ 5690229.11261289101094, 7420674.367438573390245 ], [ 5690213.869722888804972, 7420683.883695251308382 ], [ 5690205.41230646520853, 7420689.405418634414673 ], [ 5690194.950369581580162, 7420695.912162162363529 ], [ 5690186.569491282105446, 7420700.872735848650336 ], [ 5690179.145189369097352, 7420706.569602526724339 ], [ 5690167.855936152860522, 7420717.352325360290706 ], [ 5690157.466640579514205, 7420727.647265141829848 ], [ 5690151.797220373526216, 7420735.82770405523479 ], [ 5690145.658802664838731, 7420749.382713151164353 ], [ 5690141.284307199530303, 7420761.183225113898516 ], [ 5690139.165212421678007, 7420772.990752873010933 ], [ 5690137.613508604466915, 7420783.76833260897547 ], [ 5690136.875562684610486, 7420796.62704183254391 ], [ 5690136.71919065900147, 7420804.328997813165188 ], [ 5690134.886974868364632, 7420817.907510183751583 ], [ 5690135.0265345685184, 7420823.142368673346937 ], [ 5690135.662709871307015, 7420830.250016575679183 ], [ 5690136.564575375989079, 7420836.45321449264884 ], [ 5690135.835648810490966, 7420845.073836915194988 ], [ 5690135.19808791205287, 7420851.236840110272169 ], [ 5690135.363997482694685, 7420859.258415911346674 ], [ 5690135.425186943262815, 7420865.902025951072574 ], [ 5690135.448202452622354, 7420867.729847168549895 ], [ 5690134.995875580236316, 7420877.898898843675852 ], [ 5690134.449678529053926, 7420881.604282594285905 ], [ 5690134.913987184874713, 7420884.995207505300641 ], [ 5690136.287545795552433, 7420888.098668365739286 ], [ 5690139.955639068037271, 7420892.054874049499631 ], [ 5690143.198529893532395, 7420893.465875674039125 ], [ 5690147.121401686221361, 7420894.064750028774142 ], [ 5690148.512937902472913, 7420893.78839591704309 ], [ 5690152.301948371343315, 7420893.044108394533396 ], [ 5690157.502449702471495, 7420890.238259052857757 ], [ 5690160.352891745977104, 7420896.462696089409292 ], [ 5690161.593936424702406, 7420899.360412640497088 ], [ 5690163.341640571132302, 7420903.461348369717598 ], [ 5690165.946348927915096, 7420908.805030124261975 ], [ 5690166.857884273864329, 7420913.000465760007501 ], [ 5690166.73112509958446, 7420916.909454389475286 ], [ 5690165.535823785699904, 7420922.094643376767635 ], [ 5690163.900504019111395, 7420926.631112989038229 ], [ 5690160.480638591572642, 7420932.476954810321331 ], [ 5690155.725907363928854, 7420938.273122185841203 ], [ 5690143.290679107420146, 7420948.662787336856127 ], [ 5690134.853637357242405, 7420954.629542246460915 ], [ 5690119.615491844713688, 7420964.256893839687109 ], [ 5690105.573888850398362, 7420973.159688281826675 ], [ 5690094.917389640584588, 7420979.898335401900113 ], [ 5690088.52603295724839, 7420985.770286266691983 ], [ 5690085.771284160204232, 7420992.700460368767381 ], [ 5690085.286799541674554, 7420997.741186486557126 ], [ 5690087.227539410814643, 7421006.461156850680709 ], [ 5690088.824795631691813, 7421012.186069467104971 ], [ 5690089.798654499463737, 7421019.947173794731498 ], [ 5690090.833640748634934, 7421026.813307399861515 ], [ 5690091.957918966189027, 7421042.262144246138632 ], [ 5690099.183725827373564, 7421076.609328204765916 ], [ 5690101.004645239561796, 7421096.040522189810872 ], [ 5690105.987388288602233, 7421119.562911987304688 ], [ 5690106.33966023568064, 7421136.051169883459806 ], [ 5690109.892197718843818, 7421166.330858115106821 ], [ 5690115.202381459064782, 7421190.284154558554292 ], [ 5690118.881108476780355, 7421214.424543365836143 ], [ 5690122.227246872149408, 7421238.022752738557756 ], [ 5690125.526478117331862, 7421258.389131027273834 ], [ 5690128.264630393125117, 7421284.35737157985568 ], [ 5690131.036380294710398, 7421302.183285042643547 ], [ 5690135.312794169411063, 7421323.731094006448984 ], [ 5690138.371432821266353, 7421343.327999331057072 ], [ 5690138.798425043001771, 7421352.564167251810431 ], [ 5690137.639638783410192, 7421360.758615152910352 ], [ 5690136.096217090263963, 7421365.067769236862659 ], [ 5690134.484366225078702, 7421381.200938324443996 ], [ 5690132.45186566375196, 7421392.669858990237117 ], [ 5690130.751947865821421, 7421404.680960180237889 ], [ 5690130.444111146964133, 7421420.196136962622404 ], [ 5690131.287767479196191, 7421438.445912279188633 ], [ 5690130.857031715102494, 7421451.524549642577767 ], [ 5690130.734780348837376, 7421455.310651537030935 ], [ 5690126.796718668192625, 7421494.30110102519393 ], [ 5690124.469947555102408, 7421514.928064838983119 ], [ 5690121.06367657519877, 7421534.378332830965519 ], [ 5690120.617483261972666, 7421549.119288159534335 ], [ 5690121.22843131236732, 7421557.900861756876111 ], [ 5690123.425170895643532, 7421567.72416216135025 ], [ 5690134.524698601104319, 7421590.517207514494658 ], [ 5690144.64425793197006, 7421620.938823961652815 ], [ 5690153.793984706513584, 7421639.249966744333506 ], [ 5690160.497856356203556, 7421653.436731390655041 ], [ 5690165.969689262099564, 7421669.799390933476388 ], [ 5690168.866466148756444, 7421677.025372562929988 ], [ 5690171.599225802347064, 7421682.920741961337626 ], [ 5690171.789066946133971, 7421683.25765322893858 ], [ 5690174.500561070628464, 7421688.027681602165103 ], [ 5690186.039043596945703, 7421707.008809844963253 ], [ 5690196.774648716673255, 7421726.361676844768226 ], [ 5690201.44699489697814, 7421736.516391932964325 ], [ 5690205.219297976233065, 7421747.158864837139845 ], [ 5690209.07799886725843, 7421763.440121510997415 ], [ 5690210.186044972389936, 7421768.117141494527459 ], [ 5690214.629279616288841, 7421782.185582527890801 ], [ 5690221.906415038742125, 7421797.684010742232203 ], [ 5690227.664022845216095, 7421811.357022432610393 ], [ 5690233.139300444163382, 7421821.13999801222235 ], [ 5690238.292274372652173, 7421830.60334936901927 ], [ 5690242.150282016023993, 7421836.446601880714297 ], [ 5690245.020788275636733, 7421840.885865243151784 ], [ 5690246.203179249539971, 7421844.288143316283822 ], [ 5690245.97920062020421, 7421848.313149509951472 ], [ 5690246.480964386835694, 7421850.297224784269929 ], [ 5690248.302829931490123, 7421854.227471590042114 ], [ 5690250.513879656791687, 7421859.923973148688674 ], [ 5690252.909529430791736, 7421867.396205525845289 ], [ 5690254.946270279586315, 7421871.539535077288747 ], [ 5690259.689503310248256, 7421878.79151436407119 ], [ 5690269.882330974563956, 7421895.270071341656148 ], [ 5690275.828549703583121, 7421906.369445390067995 ], [ 5690289.111949313431978, 7421927.611624394543469 ], [ 5690305.39788098167628, 7421949.495349109172821 ], [ 5690315.554770129732788, 7421965.194943584501743 ], [ 5690322.56452355440706, 7421974.90684094838798 ], [ 5690326.196822095662355, 7421978.084121577441692 ], [ 5690330.00284125469625, 7421980.584248634986579 ], [ 5690336.424478895962238, 7421982.896305894479156 ], [ 5690339.072111981920898, 7421983.844234084710479 ], [ 5690341.410018513910472, 7421985.631740174256265 ], [ 5690343.031873446889222, 7421987.452414762228727 ], [ 5690350.596069634892046, 7422004.721831757575274 ], [ 5690352.423806230537593, 7422009.443582804873586 ], [ 5690356.533272751607001, 7422020.05929534509778 ], [ 5690360.025129710324109, 7422033.502713043242693 ], [ 5690360.594982552342117, 7422041.394077720120549 ], [ 5690361.411773633211851, 7422054.626856496557593 ], [ 5690360.722635682672262, 7422059.677077624946833 ], [ 5690361.024969297461212, 7422061.781910571269691 ], [ 5690362.258235142566264, 7422064.066657017916441 ], [ 5690365.36305767763406, 7422064.703461434692144 ], [ 5690368.140421064570546, 7422064.909362686797976 ], [ 5690372.237911911681294, 7422067.061432665213943 ], [ 5690376.545734945684671, 7422071.545632485300303 ], [ 5690383.218404681421816, 7422082.834390306845307 ], [ 5690387.925719789229333, 7422089.307404384948313 ], [ 5690395.057823857292533, 7422097.229344642721117 ], [ 5690403.659358932636678, 7422108.774455563165247 ], [ 5690409.266661171801388, 7422116.309804363176227 ], [ 5690426.708987513557076, 7422138.809044927358627 ], [ 5690437.596957108005881, 7422152.578957762569189 ], [ 5690436.582175808027387, 7422163.889275621622801 ], [ 5690432.97822601441294, 7422190.151412885636091 ], [ 5690429.472944557666779, 7422203.026828028261662 ], [ 5690426.587165243923664, 7422218.215418579056859 ], [ 5690423.219573061913252, 7422229.634717667475343 ], [ 5690421.111572492867708, 7422246.12548903003335 ], [ 5690420.55282483715564, 7422260.648691492155194 ], [ 5690417.427592437714338, 7422279.528452786616981 ], [ 5690413.969736053608358, 7422297.866028409451246 ], [ 5690410.690141185186803, 7422313.407397713512182 ], [ 5690403.47421973478049, 7422336.937335657887161 ], [ 5690397.489194061607122, 7422353.830701323226094 ], [ 5690395.292477855458856, 7422363.969047592952847 ], [ 5690392.939218023791909, 7422381.809368468821049 ], [ 5690390.308752996847034, 7422395.87092237919569 ], [ 5690389.978481060825288, 7422404.250050478614867 ], [ 5690388.82352783344686, 7422408.095146961510181 ], [ 5690387.586853413842618, 7422412.390099104493856 ], [ 5690383.911084890365601, 7422419.362927299924195 ], [ 5690382.828142141923308, 7422424.765935344621539 ], [ 5690382.839593007229269, 7422429.449149447493255 ], [ 5690383.009340989403427, 7422433.121372413821518 ], [ 5690384.171769296750426, 7422438.308867233805358 ], [ 5690383.836340950801969, 7422446.576714258641005 ], [ 5690384.759330287575722, 7422455.455383772961795 ], [ 5690387.478520929813385, 7422467.707911947742105 ], [ 5690387.858004050329328, 7422471.481938909739256 ], [ 5690386.663047811947763, 7422478.897452821955085 ], [ 5690385.033183861523867, 7422485.775520090945065 ], [ 5690384.149677956476808, 7422491.057771680876613 ], [ 5690384.582908377051353, 7422504.865903308615088 ], [ 5690385.439598958939314, 7422514.52826745249331 ], [ 5690384.177185819484293, 7422518.266818979755044 ], [ 5690379.733282146975398, 7422521.929680578410625 ], [ 5690369.407593086361885, 7422526.980118727311492 ], [ 5690362.247957736253738, 7422531.772404227405787 ], [ 5690358.622991741634905, 7422537.627683123573661 ], [ 5690355.567227491177619, 7422549.143999252468348 ], [ 5690354.187644692137837, 7422554.783770941197872 ], [ 5690353.109808104112744, 7422560.298050401732326 ], [ 5690351.629064084030688, 7422570.403210919350386 ], [ 5690347.965775458142161, 7422586.519877815619111 ], [ 5690346.534749035723507, 7422591.046852774918079 ], [ 5690344.346493983641267, 7422594.716753400862217 ], [ 5690341.912497198209167, 7422597.505892736837268 ], [ 5690337.775445913895965, 7422601.154521319083869 ], [ 5690335.612336735241115, 7422603.150491365231574 ], [ 5690333.449226906523108, 7422605.146460961550474 ], [ 5690333.291722778230906, 7422605.287575842812657 ], [ 5690326.458692318759859, 7422611.380611766129732 ], [ 5690324.29557977616787, 7422613.376579431816936 ], [ 5690322.132466581650078, 7422615.372546648606658 ], [ 5690310.319629778154194, 7422625.956143330782652 ], [ 5690308.944035705178976, 7422627.246535077691078 ], [ 5690307.8038938222453, 7422629.195128752849996 ], [ 5690305.847049128264189, 7422637.872591070830822 ], [ 5690304.84576200414449, 7422642.825726859271526 ], [ 5690303.834188036620617, 7422647.556303670629859 ], [ 5690294.372205038554966, 7422691.263224493712187 ], [ 5690293.892125464044511, 7422694.184908339753747 ], [ 5690293.774954089894891, 7422696.08613077364862 ], [ 5690294.143559776246548, 7422697.407272382639349 ], [ 5690306.633918547071517, 7422736.97520774230361 ], [ 5690307.93919244967401, 7422740.81788008660078 ], [ 5690308.103202391415834, 7422742.148495573550463 ], [ 5690307.909445067867637, 7422744.610852026380599 ], [ 5690307.112736141309142, 7422749.554512150585651 ], [ 5690305.484975521452725, 7422765.353848062455654 ], [ 5690305.066601301543415, 7422769.610884264111519 ], [ 5690305.200307453051209, 7422772.504147511906922 ], [ 5690305.882056328468025, 7422778.383006336167455 ], [ 5690308.470201567746699, 7422798.893899593502283 ], [ 5690309.244514286518097, 7422806.775787243619561 ], [ 5690309.342772592790425, 7422811.120419070124626 ], [ 5690308.704368516802788, 7422815.053090488538146 ], [ 5690307.084114388562739, 7422819.923363686539233 ], [ 5690304.154542157426476, 7422825.300330612808466 ], [ 5690295.40585292223841, 7422837.860812625847757 ], [ 5690286.314252742566168, 7422849.656540002673864 ], [ 5690281.144911312498152, 7422857.590583192184567 ], [ 5690271.455456025898457, 7422871.978874510154128 ], [ 5690267.472550868988037, 7422878.965838316828012 ], [ 5690263.862304098904133, 7422882.924577822908759 ], [ 5690258.953015016391873, 7422887.61256305500865 ], [ 5690241.739625068381429, 7422903.352817123755813 ], [ 5690237.592157514765859, 7422906.778831390663981 ], [ 5690232.881773209199309, 7422909.11573182977736 ], [ 5690204.06219382211566, 7422924.389582138508558 ], [ 5690172.777601243928075, 7422941.78477730229497 ], [ 5690163.12648215983063, 7422945.911600854247808 ], [ 5690153.930826098658144, 7422951.020987269468606 ], [ 5690146.018792829476297, 7422955.067294807173312 ], [ 5690137.631759718060493, 7422962.146544513292611 ], [ 5690132.513174816966057, 7422968.962980601936579 ], [ 5690115.670689506456256, 7422997.175758227705956 ], [ 5690102.953572064638138, 7423014.826477270573378 ], [ 5690100.632018644362688, 7423017.833371409215033 ], [ 5690079.715911353006959, 7423037.759331351146102 ], [ 5690057.066773110069335, 7423062.337643101811409 ], [ 5690051.063377565704286, 7423069.975597064010799 ], [ 5690049.667647655121982, 7423073.051146695390344 ], [ 5690049.070759650319815, 7423080.104331350885332 ], [ 5690048.791052066721022, 7423087.36587024666369 ], [ 5690048.756068456918001, 7423091.047544642351568 ], [ 5690046.046838368289173, 7423098.979105019941926 ], [ 5690044.724054001271725, 7423108.073185092769563 ], [ 5690041.71769685856998, 7423114.011191125959158 ], [ 5690040.086517091840506, 7423116.428533365018666 ], [ 5690033.202997189946473, 7423122.768999977037311 ], [ 5690030.472202152013779, 7423125.794812588952482 ], [ 5690027.818501200526953, 7423130.489808216691017 ], [ 5690027.093099573627114, 7423134.761015474796295 ], [ 5690024.609494763426483, 7423145.358526472002268 ], [ 5690019.59919074177742, 7423156.742063888348639 ], [ 5690015.503470258787274, 7423163.511087442748249 ], [ 5690009.030093036592007, 7423174.293221991509199 ], [ 5689994.10553637240082, 7423204.089713013730943 ], [ 5689984.852306263521314, 7423227.936392997391522 ], [ 5689978.605942435562611, 7423248.075391320511699 ], [ 5689939.853143818676472, 7423245.853921424597502 ], [ 5689908.922016134485602, 7423246.504446469247341 ], [ 5689889.280060982331634, 7423247.413219439797103 ], [ 5689871.004923267289996, 7423253.500001294538379 ], [ 5689863.83957636076957, 7423258.180642675608397 ], [ 5689843.550579080358148, 7423271.720631958916783 ], [ 5689828.411246904172003, 7423279.11198915541172 ], [ 5689803.521919877268374, 7423284.054940554313362 ], [ 5689787.41001152433455, 7423288.145752372220159 ], [ 5689756.486162316054106, 7423300.058733673766255 ], [ 5689732.998629091307521, 7423306.497935857623816 ], [ 5689706.257078716531396, 7423309.073027143254876 ], [ 5689685.719571074470878, 7423308.350192768499255 ], [ 5689668.727550378069282, 7423311.143377253785729 ], [ 5689655.873845255933702, 7423314.748789753764868 ], [ 5689603.064361637458205, 7423338.936683115549386 ], [ 5689543.790320939384401, 7423369.668147226795554 ], [ 5689586.948557283729315, 7423499.550900850445032 ], [ 5689615.545421602204442, 7423553.384217818267643 ], [ 5689640.425898738205433, 7423625.098101431503892 ], [ 5689657.926409429870546, 7423692.625728579238057 ], [ 5689664.450072077102959, 7423752.007331164553761 ], [ 5689668.03220446407795, 7423813.1865423489362 ], [ 5689665.529924530535936, 7423882.04058849811554 ], [ 5689650.567931891418993, 7423967.941589465364814 ], [ 5689634.507170963101089, 7424038.258809600025415 ], [ 5689598.256263071671128, 7424121.854131608270109 ], [ 5689759.490551799535751, 7424135.219513351097703 ], [ 5689864.962463352829218, 7424166.384161188267171 ], [ 5690161.673667441122234, 7423933.015819730237126 ], [ 5690294.108850797638297, 7424057.172887162305415 ], [ 5690828.284022145904601, 7424186.338655225001276 ], [ 5690814.115894241258502, 7424332.113488361239433 ], [ 5690975.804651780053973, 7424369.188321040011942 ], [ 5690991.010484809987247, 7424356.785738826729357 ], [ 5691081.205025527626276, 7424397.594622544944286 ], [ 5691107.93748621083796, 7424388.349236963316798 ], [ 5691152.179219555109739, 7424407.209522278979421 ], [ 5691204.270092260092497, 7424445.924477742984891 ], [ 5691274.758692529052496, 7424474.51966942474246 ], [ 5691296.61585813947022, 7424458.953668002039194 ], [ 5691364.116250683553517, 7424532.004799320362508 ], [ 5691381.975069656968117, 7424531.076875606551766 ], [ 5691386.283973453566432, 7424555.076929319649935 ], [ 5691354.488499012775719, 7424583.214560611173511 ], [ 5691348.715680154040456, 7424585.645527913235128 ], [ 5691327.851336208172143, 7424605.169102741405368 ], [ 5691313.592308190651238, 7424621.19713760074228 ], [ 5691294.952437218278646, 7424638.052628974430263 ], [ 5691278.577696193009615, 7424652.896162558346987 ], [ 5691261.74415700789541, 7424666.244263269007206 ], [ 5691222.881215525791049, 7424695.656807024031878 ], [ 5691227.594324177131057, 7424697.802673554047942 ], [ 5691554.166460711508989, 7424846.325675445608795 ], [ 5691581.886307160370052, 7424910.726171363145113 ], [ 5691584.172497718594968, 7424916.040081536397338 ], [ 5691593.792757847346365, 7424945.358874978497624 ], [ 5691773.236125711351633, 7424885.976348152384162 ], [ 5691793.179403101094067, 7424946.711373831145465 ], [ 5691813.08794385381043, 7425007.358808496966958 ], [ 5691833.187552174553275, 7425068.588458299636841 ], [ 5691653.736878404393792, 7425128.082939259707928 ], [ 5691673.288989693857729, 7425187.687514736317098 ], [ 5691693.999379128217697, 7425250.829367471858859 ], [ 5691713.839408343657851, 7425311.335093019530177 ], [ 5691733.808532844297588, 7425372.19171454384923 ], [ 5691555.165276335552335, 7425431.278360792435706 ], [ 5691575.228459104895592, 7425492.409470064565539 ], [ 5691595.73358940705657, 7425554.891810132190585 ], [ 5691774.286709024570882, 7425495.597388941794634 ], [ 5691794.435793857090175, 7425557.014468131586909 ], [ 5691814.252139559946954, 7425617.443302109837532 ], [ 5691993.924730061553419, 7425558.183624446392059 ], [ 5692152.114728880114853, 7425506.017785714939237 ], [ 5692132.073172741569579, 7425444.740742407739162 ], [ 5692311.023532628081739, 7425385.231014121323824 ], [ 5692478.874805356375873, 7425329.412088837474585 ], [ 5692458.856470638886094, 7425268.223260592669249 ], [ 5692439.228928460739553, 7425208.164989643730223 ], [ 5692418.768285085447133, 7425145.61384435556829 ], [ 5692558.040111102163792, 7425099.538978885859251 ], [ 5692675.962280411273241, 7425060.520345670171082 ], [ 5692681.255846536718309, 7425064.122164353728294 ], [ 5692695.442255113273859, 7425077.972747725434601 ], [ 5692728.551902811974287, 7425112.970634603872895 ], [ 5692775.811297319829464, 7425163.014038363471627 ], [ 5692780.815494195558131, 7425161.25389020703733 ], [ 5692864.156723638065159, 7425133.385338803753257 ], [ 5692868.528691910207272, 7425131.922161661088467 ], [ 5692866.302936335094273, 7425125.267221510410309 ], [ 5692850.684841942042112, 7425078.751314152032137 ], [ 5692825.269400484859943, 7425013.530680454336107 ], [ 5692821.646662103943527, 7425004.386731710284948 ], [ 5692805.522848177701235, 7424963.771563123911619 ], [ 5692801.947751842439175, 7424954.770383522845805 ], [ 5692378.297441825270653, 7424619.291649498045444 ], [ 5692131.946762060746551, 7424424.206318903714418 ], [ 5691907.64290935639292, 7424246.564178297296166 ], [ 5691633.919615361839533, 7424029.793131999671459 ], [ 5691460.178582061082125, 7423892.191846872679889 ], [ 5691364.987543656490743, 7423817.592726631090045 ], [ 5691317.936420748010278, 7423778.756724659353495 ], [ 5691273.00979189760983, 7423737.747920984402299 ], [ 5691218.343320875428617, 7423682.547971149906516 ], [ 5691160.89061978366226, 7423617.418032292276621 ], [ 5691004.242323111742735, 7423424.043199826031923 ], [ 5690606.333566966466606, 7422936.11677654273808 ], [ 5690648.212109787389636, 7422903.955468429252505 ], [ 5690670.230183684267104, 7422895.909848406910896 ], [ 5690674.50969497486949, 7422893.124375239014626 ], [ 5690709.218902007676661, 7422869.101227842271328 ], [ 5690802.189000377431512, 7422826.453716805204749 ], [ 5690890.511896390467882, 7422738.532329313457012 ], [ 5691050.441220374777913, 7422399.774096505716443 ], [ 5691121.96396891400218, 7422284.749135592952371 ], [ 5691134.565858338959515, 7422297.658665791153908 ], [ 5691175.553098242729902, 7422310.545605955645442 ], [ 5691229.51001832075417, 7422361.561779234558344 ], [ 5691272.368957289494574, 7422363.05363954603672 ], [ 5691303.947809383273125, 7422336.787111476063728 ], [ 5691363.897750659845769, 7422353.154584554955363 ], [ 5691410.816733184270561, 7422355.762524742633104 ], [ 5691447.126593874767423, 7422397.147312702611089 ], [ 5691472.863943208009005, 7422408.789392554201186 ], [ 5691500.613581176847219, 7422399.238465564325452 ], [ 5691520.990855233743787, 7422385.892093324102461 ], [ 5691562.847869602963328, 7422387.217761582694948 ], [ 5691580.834319948218763, 7422382.68080111593008 ], [ 5691634.646745843812823, 7422361.4708900321275 ], [ 5691657.300357671454549, 7422366.954856673255563 ], [ 5691679.245692105032504, 7422387.471184896305203 ], [ 5691688.909711048938334, 7422453.589419774711132 ], [ 5691703.848224551416934, 7422473.995952159166336 ], [ 5691723.665578166022897, 7422470.031857131049037 ], [ 5691779.382819745689631, 7422420.886329796165228 ], [ 5691802.391756217926741, 7422429.833085611462593 ], [ 5691804.258719577454031, 7422457.303252979181707 ], [ 5691804.292143774218857, 7422457.803545791655779 ], [ 5691758.242862667888403, 7422543.045860894024372 ], [ 5691755.771188603714108, 7422563.167381027713418 ], [ 5691770.941815675236285, 7422575.52248384617269 ], [ 5691815.541527841240168, 7422588.463501113466918 ], [ 5691836.926948702894151, 7422631.41029348783195 ], [ 5691853.347647739574313, 7422653.487728554755449 ], [ 5691884.124836497008801, 7422657.50160286296159 ], [ 5691955.077027129940689, 7422591.767805188894272 ], [ 5691986.635711824521422, 7422552.240722747519612 ], [ 5692021.355433220043778, 7422563.465125875547528 ], [ 5692016.587434834800661, 7422603.053492739796638 ], [ 5692007.719439043663442, 7422640.445609169080853 ], [ 5692019.68146672192961, 7422699.933419427834451 ], [ 5692035.412235237658024, 7422715.741828540340066 ], [ 5692058.461429785937071, 7422725.545221516862512 ], [ 5692088.538059540092945, 7422710.008096307516098 ], [ 5692113.558914279565215, 7422723.422398738563061 ], [ 5692124.673119896091521, 7422756.195605589076877 ], [ 5692141.744689885526896, 7422770.625754557549953 ], [ 5692163.000304090790451, 7422784.861644940450788 ], [ 5692190.693502314388752, 7422769.658021844923496 ], [ 5692219.945537409745157, 7422762.21078022941947 ], [ 5692272.632377463392913, 7422716.694664416834712 ], [ 5692299.02427361626178, 7422716.773942342959344 ], [ 5692311.590026657097042, 7422737.502271953970194 ], [ 5692276.652700497768819, 7422794.818641098216176 ], [ 5692280.40211866889149, 7422823.517554031684995 ], [ 5692301.097339392639697, 7422839.151053331792355 ], [ 5692330.986903598532081, 7422866.914965415373445 ], [ 5692342.443160169757903, 7422894.006978826597333 ], [ 5692364.738932794891298, 7422913.424778081476688 ], [ 5692379.745749560184777, 7422939.482041798532009 ], [ 5692383.349965743720531, 7422961.284517975524068 ], [ 5692362.104116096161306, 7422985.980683714151382 ], [ 5692328.382877201773226, 7423030.839319399558008 ], [ 5692351.486748138442636, 7423063.267737375572324 ], [ 5692377.50620193220675, 7423057.509450357407331 ], [ 5692492.37432368285954, 7423004.510477247647941 ], [ 5692903.035712907090783, 7422664.45709215477109 ], [ 5692917.941983753815293, 7422655.176978353410959 ] ] ] } },
{ "type": "Feature", "properties": { "lv_id": "LOC_052394", "id": 297608.0, "CD_SETOR": "352050905000096", "SITUACAO": "Urbana", "CD_SIT": "1", "CD_TIPO": "0", "AREA_KM2": 0.069281351488616999, "CD_REGIAO": "3", "NM_REGIAO": "Sudeste", "CD_UF": "35", "NM_UF": "São Paulo", "CD_MUN": "3520509", "NM_MUN": "Indaiatuba", "CD_DIST": "352050905", "NM_DIST": "Indaiatuba", "CD_SUBDIST": "35205090500", "NM_SUBDIST": null, "CD_BAIRRO": null, "NM_BAIRRO": null, "CD_NU": null, "NM_NU": null, "CD_FCU": null, "NM_FCU": null, "CD_AGLOM": null, "NM_AGLOM": null, "CD_RGINT": "3510", "NM_RGINT": "Campinas", "CD_RGI": "350038", "NM_RGI": "Campinas", "CD_CONCURB": "3520509", "NM_CONCURB": "Indaiatuba", "mun_code_x": "3520509", "index_right": 83974, "dist_m": 248.90921498763379, "local_id": 568413, "ano": 2022, "cod_localidade_ibge": 3520509, "NR_ZONA": "211", "nr_cep": 13346520.0, "nm_localidade": "INDAIATUBA", "nm_locvot": "EE. PROF. SUZANA BENEDITA GIGGO AYRES", "ds_endereco": "RUA AURÉLIO GARLETTI, 306", "ds_bairro": "JARDIM MORADA DO SOL", "pred_long": -47.2328927, "pred_lat": -23.1249147, "pred_dist": 0.0, "tse_long": -47.2315626, "tse_lat": -23.1253631, "long": -47.2315626, "lat": -23.1253631, "ID_UNICO": "LOC_052394", "SG_UF": "SP", "CD_MUNICIPIO": "65110", "NR_LOCAL_VOTACAO": "1201", "QT_SECOES_AGREGADAS": 0, "QT_ELEITORES_TRANSFERIDOS": 48, "CIRO GOMES (PDT) (NÃO ELEITO) 1T": 73.0, "CONSTITUINTE EYMAEL (DC) (NÃO ELEITO) 1T": 0.0, "FELIPE D AVILA (NOVO) (NÃO ELEITO) 1T": 11.0, "JAIR BOLSONARO (PL) (2º TURNO) 1T": 1391.0, "LULA (PT) (2º TURNO) 1T": 967.0, "LÉO PÉRICLES (UP) (NÃO ELEITO) 1T": 1.0, "PADRE KELMON (PTB) (NÃO ELEITO) 1T": 0.0, "SIMONE TEBET (MDB) (NÃO ELEITO) 1T": 128.0, "SOFIA MANZANO (PCB) (NÃO ELEITO) 1T": 2.0, "SORAYA THRONICKE (UNIÃO) (NÃO ELEITO) 1T": 7.0, "VERA (PSTU) (NÃO ELEITO) 1T": 0.0, "Total_Votos_Validos 1T": 2580.0, "Votos_Brancos 1T": 77.0, "Votos_Nulos 1T": 94.0, "Abstenções 1T": 627.0, "Eleitores_Aptos 1T": 3378.0, "JAIR BOLSONARO (PL) (NÃO ELEITO) 2T": 1557.0, "LULA (PT) (ELEITO) 2T": 1038.0, "Total_Votos_Validos 2T": 2595.0, "Votos_Brancos 2T": 53.0, "Votos_Nulos 2T": 105.0, "Abstenções 2T": 625.0, "Eleitores_Aptos 2T": 3378.0, "mun_code_y": "3520509", "mun_code": "3520509" }, "geometry": { "type": "Polygon", "coordinates": [ [ [ 5692801.947751842439175, 7424954.770383522845805 ], [ 5692805.522848177701235, 7424963.771563123911619 ], [ 5692821.646662103943527, 7425004.386731710284948 ], [ 5692825.269400484859943, 7425013.530680454336107 ], [ 5692850.684841942042112, 7425078.751314152032137 ], [ 5692866.302936335094273, 7425125.267221510410309 ], [ 5692868.528691910207272, 7425131.922161661088467 ], [ 5692864.156723638065159, 7425133.385338803753257 ], [ 5692780.815494195558131, 7425161.25389020703733 ], [ 5692775.811297319829464, 7425163.014038363471627 ], [ 5692728.551902811974287, 7425112.970634603872895 ], [ 5692695.442255113273859, 7425077.972747725434601 ], [ 5692681.255846536718309, 7425064.122164353728294 ], [ 5692675.962280411273241, 7425060.520345670171082 ], [ 5692558.040111102163792, 7425099.538978885859251 ], [ 5692418.768285085447133, 7425145.61384435556829 ], [ 5692439.228928460739553, 7425208.164989643730223 ], [ 5692458.856470638886094, 7425268.223260592669249 ], [ 5692478.874805356375873, 7425329.412088837474585 ], [ 5692499.183092172257602, 7425391.546566814184189 ], [ 5692518.783698096871376, 7425451.461153868585825 ], [ 5692538.686032747849822, 7425512.35430065356195 ], [ 5692558.705704936757684, 7425573.565431847237051 ], [ 5692698.367211245000362, 7425527.182358315214515 ], [ 5692723.558996834792197, 7425603.96731031127274 ], [ 5692743.628004758618772, 7425665.120401206426322 ], [ 5692760.737457026727498, 7425717.277176393195987 ], [ 5692762.129777386784554, 7425726.970762398093939 ], [ 5692776.523910032585263, 7425790.238505955785513 ], [ 5692790.711580956354737, 7425852.590210128575563 ], [ 5692805.093476846814156, 7425915.813941838219762 ], [ 5692819.345249100588262, 7425978.441506024450064 ], [ 5692823.761000053957105, 7425977.03214898519218 ], [ 5692960.957822407595813, 7425933.148566453717649 ], [ 5692965.393495880998671, 7425931.727083476260304 ], [ 5692973.796666164882481, 7425995.808308829553425 ], [ 5692982.42348069511354, 7426061.618916316889226 ], [ 5693074.680644514970481, 7426030.649123275652528 ], [ 5693259.658849840983748, 7425968.563305530697107 ], [ 5693239.690229036845267, 7425907.851605931296945 ], [ 5693219.756506480276585, 7425847.227519460022449 ], [ 5693199.64565786998719, 7425786.098665783181787 ], [ 5693179.438591530546546, 7425724.662030125036836 ], [ 5693159.208045535720885, 7425663.159586172550917 ], [ 5693321.5478699747473, 7425609.416358860209584 ], [ 5693479.605035948567092, 7425557.096781624481082 ], [ 5693504.468014947138727, 7425548.859912812709808 ], [ 5693507.330786625854671, 7425551.113522941246629 ], [ 5693566.429759996943176, 7425597.683652102947235 ], [ 5693578.65880233142525, 7425607.331064593046904 ], [ 5693596.140858655795455, 7425584.760416337288916 ], [ 5693249.222915403544903, 7425309.576659014448524 ], [ 5692801.947751842439175, 7424954.770383522845805 ] ] ] } },
{ "type": "Feature", "properties": { "lv_id": "LOC_052395", "id": 297569.0, "CD_SETOR": "352050905000037", "SITUACAO": "Urbana", "CD_SIT": "1", "CD_TIPO": "0", "AREA_KM2": 0.050638779967420999, "CD_REGIAO": "3", "NM_REGIAO": "Sudeste", "CD_UF": "35", "NM_UF": "São Paulo", "CD_MUN": "3520509", "NM_MUN": "Indaiatuba", "CD_DIST": "352050905", "NM_DIST": "Indaiatuba", "CD_SUBDIST": "35205090500", "NM_SUBDIST": null, "CD_BAIRRO": null, "NM_BAIRRO": null, "CD_NU": null, "NM_NU": null, "CD_FCU": null, "NM_FCU": null, "CD_AGLOM": null, "NM_AGLOM": null, "CD_RGINT": "3510", "NM_RGINT": "Campinas", "CD_RGI": "350038", "NM_RGI": "Campinas", "CD_CONCURB": "3520509", "NM_CONCURB": "Indaiatuba", "mun_code_x": "3520509", "index_right": 83987, "dist_m": 186.90913341298324, "local_id": 568426, "ano": 2022, "cod_localidade_ibge": 3520509, "NR_ZONA": "211", "nr_cep": 13343370.0, "nm_localidade": "INDAIATUBA", "nm_locvot": "EMEB. PROF. SÉRGIO MÁRIO DE ALMEIDA", "ds_endereco": "RUA ZELINDO BERNARDINETTI, 141", "ds_bairro": "VILA BRIZZOLA", "pred_long": -47.210643, "pred_lat": -23.100627, "pred_dist": 0.0, "tse_long": -47.2106907, "tse_lat": -23.1004273, "long": -47.2106907, "lat": -23.1004273, "ID_UNICO": "LOC_052395", "SG_UF": "SP", "CD_MUNICIPIO": "65110", "NR_LOCAL_VOTACAO": "2046", "QT_SECOES_AGREGADAS": 0, "QT_ELEITORES_TRANSFERIDOS": 40, "CIRO GOMES (PDT) (NÃO ELEITO) 1T": 110.0, "CONSTITUINTE EYMAEL (DC) (NÃO ELEITO) 1T": 0.0, "FELIPE D AVILA (NOVO) (NÃO ELEITO) 1T": 22.0, "JAIR BOLSONARO (PL) (2º TURNO) 1T": 1669.0, "LULA (PT) (2º TURNO) 1T": 995.0, "LÉO PÉRICLES (UP) (NÃO ELEITO) 1T": 2.0, "PADRE KELMON (PTB) (NÃO ELEITO) 1T": 2.0, "SIMONE TEBET (MDB) (NÃO ELEITO) 1T": 212.0, "SOFIA MANZANO (PCB) (NÃO ELEITO) 1T": 1.0, "SORAYA THRONICKE (UNIÃO) (NÃO ELEITO) 1T": 14.0, "VERA (PSTU) (NÃO ELEITO) 1T": 1.0, "Total_Votos_Validos 1T": 3028.0, "Votos_Brancos 1T": 72.0, "Votos_Nulos 1T": 138.0, "Abstenções 1T": 821.0, "Eleitores_Aptos 1T": 4059.0, "JAIR BOLSONARO (PL) (NÃO ELEITO) 2T": 1942.0, "LULA (PT) (ELEITO) 2T": 1141.0, "Total_Votos_Validos 2T": 3083.0, "Votos_Brancos 2T": 54.0, "Votos_Nulos 2T": 138.0, "Abstenções 2T": 784.0, "Eleitores_Aptos 2T": 4059.0, "mun_code_y": "3520509", "mun_code": "3520509" }, "geometry": { "type": "Polygon", "coordinates": [ [ [ 5695533.108440558426082, 7427811.733776587992907 ], [ 5695537.569798937067389, 7427786.131179997697473 ], [ 5695538.371281940490007, 7427751.285976307466626 ], [ 5695368.633827129378915, 7427766.078626457601786 ], [ 5695303.944984116591513, 7427764.583268588408828 ], [ 5695177.718816122971475, 7427761.657022063620389 ], [ 5695157.861665103584528, 7427876.896208751015365 ], [ 5695141.719294790178537, 7427970.549244777299464 ], [ 5695140.474527768790722, 7427977.756035911850631 ], [ 5695137.767319003120065, 7427990.573752468451858 ], [ 5695122.398570944555104, 7428063.34628557600081 ], [ 5695042.276579156517982, 7428033.849159806966782 ], [ 5694994.056904269382358, 7428012.68236737139523 ], [ 5694934.636021064594388, 7427986.605031336657703 ], [ 5694891.420818300917745, 7427967.636548760347068 ], [ 5694876.566868690773845, 7428013.294765589758754 ], [ 5694862.431271955370903, 7428056.755921112373471 ], [ 5694847.819791799411178, 7428101.677852634340525 ], [ 5694831.107355232350528, 7428153.043272665701807 ], [ 5694933.68590993154794, 7428197.93634338490665 ], [ 5694907.29899425432086, 7428239.725515966303647 ], [ 5694890.733383553102612, 7428265.968417352996767 ], [ 5694859.221405592747033, 7428241.96094966866076 ], [ 5694754.215582823380828, 7428161.993696004152298 ], [ 5694743.903314997442067, 7428154.142100494354963 ], [ 5694758.225037237629294, 7428203.317341398447752 ], [ 5694758.981780014932156, 7428210.564820391125977 ], [ 5694754.478992445394397, 7428210.774148773401976 ], [ 5694639.126311544328928, 7428207.526472432538867 ], [ 5694652.547122124582529, 7428286.810980757698417 ], [ 5694656.074837272055447, 7428322.17916970141232 ], [ 5694615.602143955416977, 7428336.696149844676256 ], [ 5694611.679546205326915, 7428327.967546326108277 ], [ 5694597.126771938055754, 7428331.287064652889967 ], [ 5694593.402251087129116, 7428313.783328181132674 ], [ 5694561.309226652607322, 7428318.587154160253704 ], [ 5694544.253548871725798, 7428269.048245901241899 ], [ 5694542.574293020181358, 7428264.241461969912052 ], [ 5694428.54646616987884, 7428355.693662872537971 ], [ 5694455.494371097534895, 7428384.352658561430871 ], [ 5694486.477248977869749, 7428417.307470723055303 ], [ 5694536.284572077915072, 7428452.800197454169393 ], [ 5694586.134233290329576, 7428481.0193862747401 ], [ 5694603.388039711862803, 7428495.909233840182424 ], [ 5694616.102041823789477, 7428506.894750636070967 ], [ 5694654.999448795802891, 7428559.009763350710273 ], [ 5694709.098641534335911, 7428650.088006963953376 ], [ 5694730.986798192374408, 7428679.093504413962364 ], [ 5694749.387242930941284, 7428691.721785519272089 ], [ 5694768.550213597714901, 7428693.150851044803858 ], [ 5694791.635858653113246, 7428685.620456927455962 ], [ 5694814.24559283722192, 7428711.826508414000273 ], [ 5694836.845673416741192, 7428738.044150326400995 ], [ 5694913.565075144171715, 7428827.000075407326221 ], [ 5694927.330574169754982, 7428842.95528776012361 ], [ 5694928.229751327075064, 7428856.809677571058273 ], [ 5695028.213640199974179, 7428873.541054103523493 ], [ 5695039.504811652936041, 7428807.215360159054399 ], [ 5695064.16913397796452, 7428662.422129648737609 ], [ 5695128.075258815661073, 7428673.491605132818222 ], [ 5695159.227224310860038, 7428678.890642497688532 ], [ 5695161.325889707542956, 7428679.250302847474813 ], [ 5695210.271794479340315, 7428687.736311548389494 ], [ 5695561.0712980479002, 7428790.472842540591955 ], [ 5695566.42243236862123, 7428791.963687283918262 ], [ 5695568.565900889225304, 7428772.748076198622584 ], [ 5695566.413444194942713, 7428756.654387339018285 ], [ 5695569.046776642091572, 7428737.828632259741426 ], [ 5695669.16437644418329, 7428437.709343133494258 ], [ 5695711.418767723254859, 7428360.884808416478336 ], [ 5695756.074949755333364, 7428279.698971910402179 ], [ 5695880.981528155505657, 7428345.496191618032753 ], [ 5696000.390931406058371, 7428408.18052994646132 ], [ 5696010.663393002003431, 7428429.059960579499602 ], [ 5696031.19561006128788, 7428456.421026429161429 ], [ 5696221.119386333040893, 7428286.649668704718351 ], [ 5696230.624916764907539, 7428257.276119239628315 ], [ 5696239.634128456935287, 7428180.391801761463284 ], [ 5696219.105401993729174, 7428126.419905822724104 ], [ 5696244.859669988974929, 7428074.853333074599504 ], [ 5696268.502072473056614, 7428060.80323494784534 ], [ 5696214.990157482214272, 7428034.822869906201959 ], [ 5696196.841574049554765, 7428024.760796697810292 ], [ 5696091.244676986709237, 7427966.197502474300563 ], [ 5696036.852181932888925, 7427936.04192497394979 ], [ 5695904.482311216183007, 7427898.063866540789604 ], [ 5695736.794568822719157, 7427849.963072780519724 ], [ 5695600.694579214788973, 7427810.907408365979791 ], [ 5695531.437580079771578, 7427816.607255546376109 ], [ 5695532.267893853597343, 7427814.170754297636449 ], [ 5695533.108440558426082, 7427811.733776587992907 ] ] ] } },
{ "type": "Feature", "properties": { "lv_id": "LOC_052396", "id": 297602.0, "CD_SETOR": "352050905000087", "SITUACAO": "Urbana", "CD_SIT": "1", "CD_TIPO": "0", "AREA_KM2": 0.088681728982064001, "CD_REGIAO": "3", "NM_REGIAO": "Sudeste", "CD_UF": "35", "NM_UF": "São Paulo", "CD_MUN": "3520509", "NM_MUN": "Indaiatuba", "CD_DIST": "352050905", "NM_DIST": "Indaiatuba", "CD_SUBDIST": "35205090500", "NM_SUBDIST": null, "CD_BAIRRO": null, "NM_BAIRRO": null, "CD_NU": null, "NM_NU": null, "CD_FCU": null, "NM_FCU": null, "CD_AGLOM": null, "NM_AGLOM": null, "CD_RGINT": "3510", "NM_RGINT": "Campinas", "CD_RGI": "350038", "NM_RGI": "Campinas", "CD_CONCURB": "3520509", "NM_CONCURB": "Indaiatuba", "mun_code_x": "3520509", "index_right": 83980, "dist_m": 0.0, "local_id": 568419, "ano": 2022, "cod_localidade_ibge": 3520509, "NR_ZONA": "211", "nr_cep": 13330000.0, "nm_localidade": "INDAIATUBA", "nm_locvot": "EMEB. PE. JOAQUIM APARECIDO ROCHA", "ds_endereco": "RUA JOSÉ CARLOS WOLF, SEM NÚMERO", "ds_bairro": "JARDIM TANCREDO NEVES", "pred_long": -47.229124, "pred_lat": -23.11276, "pred_dist": 0.0, "tse_long": -47.2291086, "tse_lat": -23.112737, "long": -47.2291086, "lat": -23.112737, "ID_UNICO": "LOC_052396", "SG_UF": "SP", "CD_MUNICIPIO": "65110", "NR_LOCAL_VOTACAO": "2003", "QT_SECOES_AGREGADAS": 0, "QT_ELEITORES_TRANSFERIDOS": 34, "CIRO GOMES (PDT) (NÃO ELEITO) 1T": 85.0, "CONSTITUINTE EYMAEL (DC) (NÃO ELEITO) 1T": 0.0, "FELIPE D AVILA (NOVO) (NÃO ELEITO) 1T": 16.0, "JAIR BOLSONARO (PL) (2º TURNO) 1T": 1476.0, "LULA (PT) (2º TURNO) 1T": 1073.0, "LÉO PÉRICLES (UP) (NÃO ELEITO) 1T": 0.0, "PADRE KELMON (PTB) (NÃO ELEITO) 1T": 1.0, "SIMONE TEBET (MDB) (NÃO ELEITO) 1T": 158.0, "SOFIA MANZANO (PCB) (NÃO ELEITO) 1T": 1.0, "SORAYA THRONICKE (UNIÃO) (NÃO ELEITO) 1T": 12.0, "VERA (PSTU) (NÃO ELEITO) 1T": 1.0, "Total_Votos_Validos 1T": 2823.0, "Votos_Brancos 1T": 70.0, "Votos_Nulos 1T": 104.0, "Abstenções 1T": 734.0, "Eleitores_Aptos 1T": 3731.0, "JAIR BOLSONARO (PL) (NÃO ELEITO) 2T": 1701.0, "LULA (PT) (ELEITO) 2T": 1152.0, "Total_Votos_Validos 2T": 2853.0, "Votos_Brancos 2T": 67.0, "Votos_Nulos 2T": 128.0, "Abstenções 2T": 683.0, "Eleitores_Aptos 2T": 3731.0, "mun_code_y": "3520509", "mun_code": "3520509" }, "geometry": { "type": "Polygon", "coordinates": [ [ [ 5693425.44996072165668, 7426472.612462313845754 ], [ 5693249.814565368928015, 7426530.651486316695809 ], [ 5693046.605482823215425, 7426597.807798869907856 ], [ 5693058.92101114615798, 7426651.826632237061858 ], [ 5693078.841541364789009, 7426702.882912904024124 ], [ 5693100.943677545525134, 7426753.659521762281656 ], [ 5693124.969411890022457, 7426803.677729153074324 ], [ 5693149.859987687319517, 7426850.890037383884192 ], [ 5693175.824683744460344, 7426899.814559582620859 ], [ 5693194.867543988861144, 7426950.51013155747205 ], [ 5693213.687185191549361, 7427000.591544344089925 ], [ 5693233.067217722535133, 7427052.3644127715379 ], [ 5693249.181268824264407, 7427103.5862747579813 ], [ 5693265.691817334853113, 7427156.061108564957976 ], [ 5693275.516010234132409, 7427187.277709983289242 ], [ 5693279.545829427428544, 7427196.347097259946167 ], [ 5693283.662115031853318, 7427202.412500292062759 ], [ 5693369.387140507809818, 7427187.671626205556095 ], [ 5693435.115053685382009, 7427184.442118588835001 ], [ 5693496.784076285548508, 7427191.437881923280656 ], [ 5693507.17654019035399, 7427189.316002347506583 ], [ 5693519.397517118602991, 7427186.819260340183973 ], [ 5693529.768478057347238, 7427184.676057100296021 ], [ 5693646.796900225803256, 7427145.495043203234673 ], [ 5693626.612692741677165, 7427084.146225162781775 ], [ 5693606.201132559217513, 7427022.094227179884911 ], [ 5693586.316223362460732, 7426961.668341866694391 ], [ 5693566.023651666939259, 7426899.967725645750761 ], [ 5693546.183952182531357, 7426839.628990055993199 ], [ 5693746.066404783166945, 7426773.446205113083124 ], [ 5693721.144500387832522, 7426713.432809503749013 ], [ 5693696.510511500760913, 7426654.097502054646611 ], [ 5693505.994637914933264, 7426717.458519324660301 ], [ 5693485.750529130920768, 7426655.911847224459052 ], [ 5693465.853267853148282, 7426595.430863808840513 ], [ 5693445.633905665017664, 7426533.972292071208358 ], [ 5693425.44996072165668, 7426472.612462313845754 ] ] ] } },
{ "type": "Feature", "properties": { "lv_id": "LOC_052397", "id": 297757.0, "CD_SETOR": "352050905000355", "SITUACAO": "Urbana", "CD_SIT": "1", "CD_TIPO": "0", "AREA_KM2": 0.020570696261237, "CD_REGIAO": "3", "NM_REGIAO": "Sudeste", "CD_UF": "35", "NM_UF": "São Paulo", "CD_MUN": "3520509", "NM_MUN": "Indaiatuba", "CD_DIST": "352050905", "NM_DIST": "Indaiatuba", "CD_SUBDIST": "35205090500", "NM_SUBDIST": null, "CD_BAIRRO": null, "NM_BAIRRO": null, "CD_NU": null, "NM_NU": null, "CD_FCU": null, "NM_FCU": null, "CD_AGLOM": null, "NM_AGLOM": null, "CD_RGINT": "3510", "NM_RGINT": "Campinas", "CD_RGI": "350038", "NM_RGI": "Campinas", "CD_CONCURB": "3520509", "NM_CONCURB": "Indaiatuba", "mun_code_x": "3520509", "index_right": 83990, "dist_m": 163.797795587596, "local_id": 568429, "ano": 2022, "cod_localidade_ibge": 3520509, "NR_ZONA": "211", "nr_cep": 13330000.0, "nm_localidade": "INDAIATUBA", "nm_locvot": "EMEB. PROF. YOLANDA STEFFEN", "ds_endereco": "RUA ALZIRA BARNABÉ, 118", "ds_bairro": "JARDIM TROPICAL", "pred_long": -47.216115, "pred_lat": -23.1118485, "pred_dist": 0.0, "tse_long": -47.2161075, "tse_lat": -23.1114525, "long": -47.2161075, "lat": -23.1114525, "ID_UNICO": "LOC_052397", "SG_UF": "SP", "CD_MUNICIPIO": "65110", "NR_LOCAL_VOTACAO": "1937", "QT_SECOES_AGREGADAS": 0, "QT_ELEITORES_TRANSFERIDOS": 63, "CIRO GOMES (PDT) (NÃO ELEITO) 1T": 114.0, "CONSTITUINTE EYMAEL (DC) (NÃO ELEITO) 1T": 1.0, "FELIPE D AVILA (NOVO) (NÃO ELEITO) 1T": 20.0, "JAIR BOLSONARO (PL) (2º TURNO) 1T": 1927.0, "LULA (PT) (2º TURNO) 1T": 994.0, "LÉO PÉRICLES (UP) (NÃO ELEITO) 1T": 1.0, "PADRE KELMON (PTB) (NÃO ELEITO) 1T": 2.0, "SIMONE TEBET (MDB) (NÃO ELEITO) 1T": 195.0, "SOFIA MANZANO (PCB) (NÃO ELEITO) 1T": 2.0, "SORAYA THRONICKE (UNIÃO) (NÃO ELEITO) 1T": 19.0, "VERA (PSTU) (NÃO ELEITO) 1T": 2.0, "Total_Votos_Validos 1T": 3277.0, "Votos_Brancos 1T": 56.0, "Votos_Nulos 1T": 140.0, "Abstenções 1T": 781.0, "Eleitores_Aptos 1T": 4254.0, "JAIR BOLSONARO (PL) (NÃO ELEITO) 2T": 2167.0, "LULA (PT) (ELEITO) 2T": 1115.0, "Total_Votos_Validos 2T": 3282.0, "Votos_Brancos 2T": 63.0, "Votos_Nulos 2T": 150.0, "Abstenções 2T": 759.0, "Eleitores_Aptos 2T": 4254.0, "mun_code_y": "3520509", "mun_code": "3520509" }, "geometry": { "type": "Polygon", "coordinates": [ [ [ 5695079.878138709813356, 7427349.644134763628244 ], [ 5695115.951232668012381, 7427361.694699326530099 ], [ 5695108.563236884772778, 7427403.783068434335291 ], [ 5695171.568748071789742, 7427415.439172055572271 ], [ 5695209.109903668984771, 7427407.424417583271861 ], [ 5695233.179400183260441, 7427439.896387979388237 ], [ 5695284.821786357089877, 7427082.623508276417851 ], [ 5695288.405420256778598, 7427060.206942284479737 ], [ 5695286.561173686757684, 7427036.180514237843454 ], [ 5695280.194243555888534, 7427012.810717046260834 ], [ 5695268.444082331843674, 7426991.21942500397563 ], [ 5695252.697197071276605, 7426971.230567243881524 ], [ 5695232.893467737361789, 7426954.419471364468336 ], [ 5695207.144482540898025, 7426939.870269522070885 ], [ 5695191.82735460344702, 7426934.649923543445766 ], [ 5695231.050609847530723, 7426882.960338444449008 ], [ 5695218.262785539031029, 7426872.804313410073519 ], [ 5695202.951608658768237, 7426860.646711171604693 ], [ 5695055.740433655679226, 7426743.769753420725465 ], [ 5694492.297453828155994, 7426296.396777394227684 ], [ 5694231.992796029895544, 7426089.61020088288933 ], [ 5693731.162954679690301, 7425691.750274650752544 ], [ 5693669.945404992438853, 7425643.293838646262884 ], [ 5693663.284805434755981, 7425638.082891914993525 ], [ 5693666.200781843625009, 7425646.568221244961023 ], [ 5693690.010091538541019, 7425715.766784105449915 ], [ 5693694.093280673958361, 7425723.551036242395639 ], [ 5693703.906462854705751, 7425737.704723173752427 ], [ 5693724.393061107955873, 7425811.975939589552581 ], [ 5693742.352259694598615, 7425877.07463750988245 ], [ 5693792.150760884396732, 7426057.59379356354475 ], [ 5693798.026995008811355, 7426071.094011718407273 ], [ 5693845.468243349343538, 7426179.990232847630978 ], [ 5693884.517466379329562, 7426252.752140671946108 ], [ 5693946.465191897004843, 7426368.189925430342555 ], [ 5694009.443730821833014, 7426485.498041478917003 ], [ 5694038.793758805841208, 7426540.141829719766974 ], [ 5694162.643394303508103, 7426770.829990766942501 ], [ 5694175.877404026687145, 7426795.486498836427927 ], [ 5694229.755368027836084, 7426895.842006476595998 ], [ 5694266.524308525957167, 7426960.289776373654604 ], [ 5694281.593613698147237, 7427014.114086684770882 ], [ 5694393.714348003268242, 7427293.60469026863575 ], [ 5694410.308737816289067, 7427334.978845532983541 ], [ 5694435.274420984089375, 7427397.198357620276511 ], [ 5694444.209338270127773, 7427402.783106415532529 ], [ 5694497.395191109739244, 7427435.998952772468328 ], [ 5694553.189902475103736, 7427470.844353765249252 ], [ 5694607.284133266657591, 7427504.619970087893307 ], [ 5694663.184745363891125, 7427539.527111869305372 ], [ 5694711.072207134217024, 7427463.414333797991276 ], [ 5694761.882211779244244, 7427382.670820814557374 ], [ 5694840.532270996831357, 7427257.705498898401856 ], [ 5694957.992750057019293, 7427308.930638905614614 ], [ 5695018.721709319390357, 7427329.213781964033842 ], [ 5695079.878138709813356, 7427349.644134763628244 ] ] ] } },
{ "type": "Feature", "properties": { "lv_id": "LOC_052398", "id": 297573.0, "CD_SETOR": "352050905000045", "SITUACAO": "Urbana", "CD_SIT": "1", "CD_TIPO": "0", "AREA_KM2": 0.19525033315571599, "CD_REGIAO": "3", "NM_REGIAO": "Sudeste", "CD_UF": "35", "NM_UF": "São Paulo", "CD_MUN": "3520509", "NM_MUN": "Indaiatuba", "CD_DIST": "352050905", "NM_DIST": "Indaiatuba", "CD_SUBDIST": "35205090500", "NM_SUBDIST": null, "CD_BAIRRO": null, "NM_BAIRRO": null, "CD_NU": null, "NM_NU": null, "CD_FCU": null, "NM_FCU": null, "CD_AGLOM": null, "NM_AGLOM": null, "CD_RGINT": "3510", "NM_RGINT": "Campinas", "CD_RGI": "350038", "NM_RGI": "Campinas", "CD_CONCURB": "3520509", "NM_CONCURB": "Indaiatuba", "mun_code_x": "3520509", "index_right": 83999, "dist_m": 39.018502135754723, "local_id": 568438, "ano": 2022, "cod_localidade_ibge": 3520509, "NR_ZONA": "211", "nr_cep": 13330000.0, "nm_localidade": "INDAIATUBA", "nm_locvot": "EMEB. PROF. MARIA CECÍLIA IFANGER", "ds_endereco": "RUA PERDIZ, 320", "ds_bairro": "JARDIM DOM BOSCO", "pred_long": -47.2065517, "pred_lat": -23.0728396, "pred_dist": 0.0, "tse_long": -47.2069914, "tse_lat": -23.0730565, "long": -47.2069914, "lat": -23.0730565, "ID_UNICO": "LOC_052398", "SG_UF": "SP", "CD_MUNICIPIO": "65110", "NR_LOCAL_VOTACAO": "1139", "QT_SECOES_AGREGADAS": 0, "QT_ELEITORES_TRANSFERIDOS": 94, "CIRO GOMES (PDT) (NÃO ELEITO) 1T": 61.0, "CONSTITUINTE EYMAEL (DC) (NÃO ELEITO) 1T": 0.0, "FELIPE D AVILA (NOVO) (NÃO ELEITO) 1T": 29.0, "JAIR BOLSONARO (PL) (2º TURNO) 1T": 1010.0, "LULA (PT) (2º TURNO) 1T": 431.0, "LÉO PÉRICLES (UP) (NÃO ELEITO) 1T": 5.0, "PADRE KELMON (PTB) (NÃO ELEITO) 1T": 0.0, "SIMONE TEBET (MDB) (NÃO ELEITO) 1T": 152.0, "SOFIA MANZANO (PCB) (NÃO ELEITO) 1T": 1.0, "SORAYA THRONICKE (UNIÃO) (NÃO ELEITO) 1T": 9.0, "VERA (PSTU) (NÃO ELEITO) 1T": 0.0, "Total_Votos_Validos 1T": 1698.0, "Votos_Brancos 1T": 21.0, "Votos_Nulos 1T": 49.0, "Abstenções 1T": 356.0, "Eleitores_Aptos 1T": 2124.0, "JAIR BOLSONARO (PL) (NÃO ELEITO) 2T": 1158.0, "LULA (PT) (ELEITO) 2T": 507.0, "Total_Votos_Validos 2T": 1665.0, "Votos_Brancos 2T": 22.0, "Votos_Nulos 2T": 71.0, "Abstenções 2T": 366.0, "Eleitores_Aptos 2T": 2124.0, "mun_code_y": "3520509", "mun_code": "3520509" }, "geometry": { "type": "Polygon", "coordinates": [ [ [ 5695926.196316245011985, 7430988.444345653057098 ], [ 5695887.272187553346157, 7430969.956540294922888 ], [ 5695862.382373883388937, 7430950.403332920745015 ], [ 5695809.48306542634964, 7430908.832177389413118 ], [ 5695749.504755698144436, 7430861.70143692754209 ], [ 5695732.151902063749731, 7430852.258946670219302 ], [ 5695707.201538941822946, 7430809.510657637380064 ], [ 5695706.97875529807061, 7430809.130669893696904 ], [ 5695672.332545723766088, 7430749.747181850485504 ], [ 5695624.537808454595506, 7430667.844236629083753 ], [ 5695579.54229786619544, 7430588.342809811234474 ], [ 5695516.159742843359709, 7430625.42815775051713 ], [ 5695444.29825184866786, 7430667.468748765066266 ], [ 5695363.758130114525557, 7430714.585227996110916 ], [ 5695342.54687163233757, 7430726.991428360342979 ], [ 5695286.244412487372756, 7430719.481433772481978 ], [ 5695231.314839231781662, 7430711.271750492975116 ], [ 5695228.429751959629357, 7430776.459308524616063 ], [ 5695215.286371363326907, 7430801.817802036181092 ], [ 5695183.75255293212831, 7430838.926915224641562 ], [ 5695140.880082795396447, 7430893.64856037683785 ], [ 5695101.33975073043257, 7430943.698371984064579 ], [ 5695095.64797308947891, 7430951.245456553995609 ], [ 5695087.985478257760406, 7430957.880350534804165 ], [ 5695054.838192842900753, 7430998.922751954756677 ], [ 5695033.945606674998999, 7431026.626057039946318 ], [ 5695015.351708196103573, 7431049.705732123926282 ], [ 5694977.03636462520808, 7431114.475254124961793 ], [ 5694931.790256014093757, 7431197.254443985410035 ], [ 5694905.910316476598382, 7431271.405312865972519 ], [ 5694889.310049580410123, 7431337.296051969751716 ], [ 5694872.949163012206554, 7431396.182944376021624 ], [ 5694798.346259299665689, 7431540.135406051762402 ], [ 5694682.030096632428467, 7431725.670357268303633 ], [ 5694683.742754776962101, 7431729.204284293577075 ], [ 5694684.540872266516089, 7431734.475840700790286 ], [ 5694683.714331639930606, 7431739.220565816387534 ], [ 5694681.078367445617914, 7431743.435881809331477 ], [ 5694678.164629581384361, 7431746.526532117277384 ], [ 5694701.453044056892395, 7431817.892434289678931 ], [ 5694712.230097740888596, 7431843.712199262343347 ], [ 5694723.710889503359795, 7431864.792938550934196 ], [ 5694752.273192446678877, 7431914.255884258076549 ], [ 5694756.423997022211552, 7431921.925764555111527 ], [ 5694759.410523941740394, 7431919.077083207666874 ], [ 5694764.948650368489325, 7431915.284682751633227 ], [ 5694807.396247147582471, 7431885.154271047562361 ], [ 5694876.679957787506282, 7431839.547233058139682 ], [ 5694885.226292949169874, 7431832.269350677728653 ], [ 5694922.235690634697676, 7431804.554537389427423 ], [ 5694961.34039300866425, 7431777.121494709514081 ], [ 5694974.56977709569037, 7431767.083313379436731 ], [ 5695019.800709646195173, 7431735.495657961815596 ], [ 5695020.100770365446806, 7431689.510727542452514 ], [ 5695039.668165306560695, 7431679.222750288434327 ], [ 5695173.961656049825251, 7431584.188666843809187 ], [ 5695211.267788836732507, 7431648.535214953124523 ], [ 5695242.854628204368055, 7431703.020821066573262 ], [ 5695252.888286670669913, 7431720.08671348541975 ], [ 5695255.534325792454183, 7431715.870781540870667 ], [ 5695290.463571641594172, 7431660.124407812021673 ], [ 5695328.75394422095269, 7431676.435231562703848 ], [ 5695369.011594782583416, 7431693.580259177833796 ], [ 5695429.512140695005655, 7431605.284000288695097 ], [ 5695493.397371769882739, 7431654.353979138657451 ], [ 5695497.130580861121416, 7431658.541211813688278 ], [ 5695530.423697358928621, 7431669.061345729976892 ], [ 5695538.453974871896207, 7431674.331449726596475 ], [ 5695548.417159582488239, 7431685.668025650084019 ], [ 5695564.120074173435569, 7431716.143594142980874 ], [ 5695624.359200692735612, 7431839.191484522074461 ], [ 5695627.778874136507511, 7431847.6759272236377 ], [ 5695762.56346276588738, 7431808.365887134335935 ], [ 5695784.8502266574651, 7431805.400499617680907 ], [ 5695788.804968588985503, 7431805.29473643284291 ], [ 5695788.539990713819861, 7431813.29243357013911 ], [ 5695783.472774907015264, 7431858.629752525128424 ], [ 5695774.18667231220752, 7431906.784054573625326 ], [ 5695768.687488535419106, 7431924.237215421162546 ], [ 5695761.803465996868908, 7431940.80675245821476 ], [ 5695755.072122910059988, 7431959.120167290791869 ], [ 5695750.9899424277246, 7431976.161711808294058 ], [ 5695747.688139073550701, 7431996.758167777210474 ], [ 5695739.518097361549735, 7432041.336235275492072 ], [ 5695725.801491224206984, 7432094.16857173293829 ], [ 5695724.134894799441099, 7432099.153232801705599 ], [ 5695701.422956252470613, 7432091.855328759178519 ], [ 5695539.504555792547762, 7432051.132634913548827 ], [ 5695524.565093808807433, 7432112.34130497649312 ], [ 5695518.664044946432114, 7432117.154617805965245 ], [ 5695413.021133865229785, 7432183.926299657672644 ], [ 5695438.580868344753981, 7432292.704376674257219 ], [ 5695534.795535418204963, 7432322.585081692785025 ], [ 5695639.18641627766192, 7432353.345663841813803 ], [ 5695604.845783264376223, 7432456.107436778023839 ], [ 5695593.132803682237864, 7432483.15043433662504 ], [ 5695579.585393422283232, 7432507.579675514250994 ], [ 5695568.349722561426461, 7432534.299328890629113 ], [ 5695559.777718890458345, 7432562.71311273612082 ], [ 5695553.948399377986789, 7432590.542214660905302 ], [ 5695540.416203296743333, 7432690.76434257440269 ], [ 5695538.307460948824883, 7432706.353377780877054 ], [ 5695537.887076556682587, 7432729.815854647196829 ], [ 5695540.92139527015388, 7432755.437622958794236 ], [ 5695576.58261183463037, 7433040.516891036182642 ], [ 5695573.752357765100896, 7433122.877109033986926 ], [ 5695578.905106499791145, 7433106.778674485161901 ], [ 5695579.048780449666083, 7433106.337046843022108 ], [ 5695593.672565331682563, 7433100.683750871568918 ], [ 5695598.37940985802561, 7433094.442685818299651 ], [ 5695599.079183466732502, 7433086.079122586175799 ], [ 5695620.958943396806717, 7433084.471790239214897 ], [ 5695622.123956554569304, 7433088.800688972696662 ], [ 5695657.035212872549891, 7433086.141913525760174 ], [ 5695667.922583840787411, 7433090.844510052353144 ], [ 5695679.107618651352823, 7433099.090988921001554 ], [ 5695696.38624479342252, 7433102.905596243217587 ], [ 5695720.507898680865765, 7433102.521159719675779 ], [ 5695730.146368593908846, 7433089.136257952079177 ], [ 5695735.192041957750916, 7433085.779100701212883 ], [ 5695735.475552371703088, 7433077.28986006975174 ], [ 5695774.44259590189904, 7433079.7957031019032 ], [ 5695847.284254545345902, 7433073.879809154197574 ], [ 5695849.075051599182189, 7433062.498868754133582 ], [ 5695858.066810236312449, 7433059.72785322740674 ], [ 5695880.359692298807204, 7433046.234402989037335 ], [ 5695889.562197641469538, 7433043.141294598579407 ], [ 5695900.407585742883384, 7433042.291614877060056 ], [ 5695907.332809590734541, 7433045.839830671437085 ], [ 5695914.326489475555718, 7433054.403607482090592 ], [ 5695916.263834050856531, 7433058.350885232910514 ], [ 5695918.370477476157248, 7433061.966865943744779 ], [ 5695934.359270753338933, 7433091.28061181679368 ], [ 5695940.212125018239021, 7433097.365719884634018 ], [ 5695969.678037669509649, 7433148.949844252318144 ], [ 5696000.388698741793633, 7433205.249514490365982 ], [ 5696032.646430966444314, 7433264.377017193473876 ], [ 5696063.121273846365511, 7433320.230385250411928 ], [ 5696092.55492078512907, 7433374.202708031050861 ], [ 5696098.854388849809766, 7433385.93267123028636 ], [ 5696122.577218549326062, 7433421.17717394605279 ], [ 5696273.554987711831927, 7433307.784162655472755 ], [ 5696429.122278902679682, 7433173.520420257933438 ], [ 5696541.382706373929977, 7433093.397121403366327 ], [ 5696648.305199775844812, 7433059.638295328244567 ], [ 5696823.298259699717164, 7432985.940213244408369 ], [ 5696995.869501519016922, 7432905.415151393041015 ], [ 5697122.975655518472195, 7432800.471035270951688 ], [ 5697244.80290300399065, 7432736.725184395909309 ], [ 5697347.503119064494967, 7432688.133604195900261 ], [ 5697464.437065730802715, 7432659.299527442082763 ], [ 5697576.785670859739184, 7432649.236872417852283 ], [ 5697580.118024830706418, 7432650.743452928029001 ], [ 5697533.698900546878576, 7432561.639697728678584 ], [ 5697526.068274643272161, 7432547.116875148378313 ], [ 5697519.778651066124439, 7432532.531583970412612 ], [ 5697514.322074169293046, 7432516.446426255628467 ], [ 5697490.800791885703802, 7432417.632358054630458 ], [ 5697486.954539658501744, 7432397.568596096709371 ], [ 5697484.053848441690207, 7432376.880824065767229 ], [ 5697482.501263733953238, 7432356.063332941383123 ], [ 5697481.286210536025465, 7432333.679832590743899 ], [ 5697468.422846186906099, 7431968.768547179177403 ], [ 5697468.355573730543256, 7431958.276577926240861 ], [ 5697469.039452628232539, 7431947.392710201442242 ], [ 5697470.475049617700279, 7431937.232230968773365 ], [ 5697472.808547616004944, 7431927.409121790900826 ], [ 5697481.739899219945073, 7431912.549661620520055 ], [ 5697307.138662749901414, 7431854.20031966175884 ], [ 5697207.40780384093523, 7431820.880699365399778 ], [ 5696863.071986782364547, 7431716.730240711942315 ], [ 5696860.205477076582611, 7431715.971455668099225 ], [ 5696852.872842350043356, 7431714.026471184566617 ], [ 5696796.216857052408159, 7431699.008867725729942 ], [ 5696741.752839780412614, 7431684.580539056099951 ], [ 5696628.462951968424022, 7431654.565748359076679 ], [ 5696648.351601048372686, 7431609.697392866015434 ], [ 5696657.170230179093778, 7431602.338630921207368 ], [ 5696669.302822263911366, 7431602.721908990293741 ], [ 5696722.274090318009257, 7431612.84790523070842 ], [ 5696768.057465463876724, 7431630.32358683180064 ], [ 5696790.315866029821336, 7431634.261623788625002 ], [ 5696811.960401033982635, 7431624.766540879383683 ], [ 5696834.637785413302481, 7431604.605672266334295 ], [ 5696850.376916844397783, 7431593.857490886002779 ], [ 5696827.725848889909685, 7431555.196228433400393 ], [ 5696811.56982896476984, 7431527.608633916825056 ], [ 5696819.365752343088388, 7431519.215512150898576 ], [ 5696640.666009581647813, 7431451.538055725395679 ], [ 5696663.385837720707059, 7431386.80817642994225 ], [ 5696683.325970784761012, 7431330.036989077925682 ], [ 5696700.574898787774146, 7431280.919276231899858 ], [ 5696711.961295256391168, 7431248.469335170462728 ], [ 5696704.329348754137754, 7431245.155317676253617 ], [ 5696639.965482406318188, 7431217.202211359515786 ], [ 5696578.218668072484434, 7431190.376217009499669 ], [ 5696514.452130167745054, 7431162.684894965961576 ], [ 5696505.218545474112034, 7431158.67579984292388 ], [ 5696449.271962445229292, 7431134.367688490077853 ], [ 5696482.764845655299723, 7431069.694374028593302 ], [ 5696523.351575763896108, 7431091.047954888083041 ], [ 5696558.63189435750246, 7431039.908900154754519 ], [ 5696568.482734209857881, 7431025.63182020559907 ], [ 5696596.246614840812981, 7430985.370885926298797 ], [ 5696519.478200785815716, 7430946.507603537291288 ], [ 5696436.900549275800586, 7430904.69125023111701 ], [ 5696335.00621335208416, 7430853.111404358409345 ], [ 5696294.936853369697928, 7430906.045289361849427 ], [ 5696259.844362732023001, 7430952.401398990303278 ], [ 5696175.732320171780884, 7431063.527653493918478 ], [ 5696164.526176955550909, 7431050.832865099422634 ], [ 5696106.807243721559644, 7430977.946340189315379 ], [ 5696093.503116200678051, 7430961.155664537101984 ], [ 5696069.773780854418874, 7430976.546365097165108 ], [ 5696002.240649830549955, 7431020.362197957001626 ], [ 5695953.13151699770242, 7431001.232972294092178 ], [ 5695926.196316245011985, 7430988.444345653057098 ] ] ] } },
{ "type": "Feature", "properties": { "lv_id": "LOC_052399", "id": 297613.0, "CD_SETOR": "352050905000110", "SITUACAO": "Urbana", "CD_SIT": "1", "CD_TIPO": "0", "AREA_KM2": 2.1168091046194428, "CD_REGIAO": "3", "NM_REGIAO": "Sudeste", "CD_UF": "35", "NM_UF": "São Paulo", "CD_MUN": "3520509", "NM_MUN": "Indaiatuba", "CD_DIST": "352050905", "NM_DIST": "Indaiatuba", "CD_SUBDIST": "35205090500", "NM_SUBDIST": null, "CD_BAIRRO": null, "NM_BAIRRO": null, "CD_NU": null, "NM_NU": null, "CD_FCU": null, "NM_FCU": null, "CD_AGLOM": null, "NM_AGLOM": null, "CD_RGINT": "3510", "NM_RGINT": "Campinas", "CD_RGI": "350038", "NM_RGI": "Campinas", "CD_CONCURB": "3520509", "NM_CONCURB": "Indaiatuba", "mun_code_x": "3520509", "index_right": 83957, "dist_m": 88.645550154761438, "local_id": 568396, "ano": 2022, "cod_localidade_ibge": 3520509, "NR_ZONA": "211", "nr_cep": 13330000.0, "nm_localidade": "INDAIATUBA", "nm_locvot": "EMEB. PROF. LUIZ CARLOS BATISTA DE MOURA", "ds_endereco": "RUA ANTONIO CANTELLI, 1315", "ds_bairro": "JARDIM MORADA DO SOL", "pred_long": -47.246596, "pred_lat": -23.120899, "pred_dist": 0.0, "tse_long": -47.2465842, "tse_lat": -23.1209723, "long": -47.2465842, "lat": -23.1209723, "ID_UNICO": "LOC_052399", "SG_UF": "SP", "CD_MUNICIPIO": "65110", "NR_LOCAL_VOTACAO": "2054", "QT_SECOES_AGREGADAS": 0, "QT_ELEITORES_TRANSFERIDOS": 37, "CIRO GOMES (PDT) (NÃO ELEITO) 1T": 65.0, "CONSTITUINTE EYMAEL (DC) (NÃO ELEITO) 1T": 0.0, "FELIPE D AVILA (NOVO) (NÃO ELEITO) 1T": 12.0, "JAIR BOLSONARO (PL) (2º TURNO) 1T": 1160.0, "LULA (PT) (2º TURNO) 1T": 854.0, "LÉO PÉRICLES (UP) (NÃO ELEITO) 1T": 2.0, "PADRE KELMON (PTB) (NÃO ELEITO) 1T": 1.0, "SIMONE TEBET (MDB) (NÃO ELEITO) 1T": 116.0, "SOFIA MANZANO (PCB) (NÃO ELEITO) 1T": 0.0, "SORAYA THRONICKE (UNIÃO) (NÃO ELEITO) 1T": 10.0, "VERA (PSTU) (NÃO ELEITO) 1T": 0.0, "Total_Votos_Validos 1T": 2220.0, "Votos_Brancos 1T": 72.0, "Votos_Nulos 1T": 87.0, "Abstenções 1T": 539.0, "Eleitores_Aptos 1T": 2918.0, "JAIR BOLSONARO (PL) (NÃO ELEITO) 2T": 1349.0, "LULA (PT) (ELEITO) 2T": 903.0, "Total_Votos_Validos 2T": 2252.0, "Votos_Brancos 2T": 63.0, "Votos_Nulos 2T": 98.0, "Abstenções 2T": 505.0, "Eleitores_Aptos 2T": 2918.0, "mun_code_y": "3520509", "mun_code": "3520509" }, "geometry": { "type": "Polygon", "coordinates": [ [ [ 5691814.252139559946954, 7425617.443302109837532 ], [ 5691794.435793857090175, 7425557.014468131586909 ], [ 5691774.286709024570882, 7425495.597388941794634 ], [ 5691595.73358940705657, 7425554.891810132190585 ], [ 5691575.228459104895592, 7425492.409470064565539 ], [ 5691428.454183226451278, 7425540.683265648782253 ], [ 5691422.653650305233896, 7425475.099790142849088 ], [ 5691380.232011376880109, 7425497.450550545938313 ], [ 5691382.476476450450718, 7425501.863116612657905 ], [ 5691386.277481717988849, 7425509.337274758145213 ], [ 5691381.834431738592684, 7425529.895337937399745 ], [ 5691399.07922981120646, 7425559.797817044891417 ], [ 5691401.255444023758173, 7425579.369014870375395 ], [ 5691382.504653909243643, 7425592.303912803530693 ], [ 5691366.491566848009825, 7425630.304160324856639 ], [ 5691365.817481100559235, 7425663.635007719509304 ], [ 5691379.111112021841109, 7425689.02557715959847 ], [ 5691412.617637497372925, 7425753.069284753873944 ], [ 5691425.252079833298922, 7425791.25934555567801 ], [ 5691428.893244494684041, 7425799.71113814227283 ], [ 5691431.659574574790895, 7425816.299750860780478 ], [ 5691384.283175534568727, 7425837.519173065200448 ], [ 5691351.541645875200629, 7425846.373462055809796 ], [ 5691340.27138306107372, 7426097.054917136207223 ], [ 5691339.940039531327784, 7426102.088615745306015 ], [ 5691424.116561719216406, 7426090.573818642646074 ], [ 5691415.734033284708858, 7426095.790799031034112 ], [ 5691423.188246394507587, 7426345.15932415984571 ], [ 5691383.993293317034841, 7426435.843749498017132 ], [ 5691138.662821647711098, 7426698.083913546055555 ], [ 5691021.002952364273369, 7426747.812580052763224 ], [ 5690761.309415957890451, 7426858.006650350987911 ], [ 5690422.476152064278722, 7427001.952118778601289 ], [ 5690420.00711358897388, 7427002.891476990655065 ], [ 5690484.417371267452836, 7427508.597988069057465 ], [ 5690513.376570506952703, 7427725.999713249504566 ], [ 5690522.441918699070811, 7427768.68197980709374 ], [ 5690535.227307940833271, 7427802.19291403517127 ], [ 5690551.345577630214393, 7427831.033380664885044 ], [ 5690573.577601470984519, 7427851.238660413771868 ], [ 5690601.714333474636078, 7427871.171006603166461 ], [ 5690635.785058775916696, 7427891.464686811901629 ], [ 5690664.831230651587248, 7427918.436262100934982 ], [ 5690688.714199214242399, 7427948.858175432309508 ], [ 5690702.449872872792184, 7427977.173095976933837 ], [ 5690754.658596200868487, 7428134.307392747141421 ], [ 5690779.284568784758449, 7428219.059640610590577 ], [ 5690789.393123102374375, 7428253.887589717283845 ], [ 5690803.233964420855045, 7428255.578496860340238 ], [ 5690868.85762423183769, 7428226.438573472201824 ], [ 5690921.369059050455689, 7428206.29066751152277 ], [ 5690939.326210860162973, 7428200.732058239169419 ], [ 5690992.814009441994131, 7428188.188825782388449 ], [ 5691011.828845221549273, 7428183.105342989787459 ], [ 5691025.489639586769044, 7428179.339989369735122 ], [ 5691048.309445870108902, 7428174.928038173355162 ], [ 5691068.899473202414811, 7428168.422263161279261 ], [ 5691088.118021935224533, 7428163.976053759455681 ], [ 5691126.263331659138203, 7428154.539457083679736 ], [ 5691150.973796884529293, 7428150.430203435011208 ], [ 5691166.203266774304211, 7428146.212989426217973 ], [ 5691193.833488215692341, 7428137.151025490835309 ], [ 5691208.952277175150812, 7428129.42605566419661 ], [ 5691223.425185339525342, 7428121.039529092609882 ], [ 5691234.111417892388999, 7428111.489927250891924 ], [ 5691245.105668666772544, 7428101.948368882760406 ], [ 5691255.264487941749394, 7428090.527328918687999 ], [ 5691267.699719974771142, 7428076.213009377941489 ], [ 5691309.208891614340246, 7428023.69676888268441 ], [ 5691378.235920605249703, 7427946.599692963995039 ], [ 5691395.293876856565475, 7427934.903872216120362 ], [ 5691407.201817009598017, 7427930.94039105437696 ], [ 5691418.901349807158113, 7427926.239366702735424 ], [ 5691433.68383698631078, 7427922.120540972799063 ], [ 5691666.208064489997923, 7427861.431538300588727 ], [ 5691684.347997512668371, 7427857.17931355535984 ], [ 5691700.593653774820268, 7427854.988651152700186 ], [ 5691715.785204840824008, 7427854.842967831529677 ], [ 5691729.408781621605158, 7427856.052333788014948 ], [ 5691804.016189818270504, 7427872.9281863309443 ], [ 5691830.735224396921694, 7427879.229798652231693 ], [ 5691857.910714016295969, 7427881.205572847276926 ], [ 5691883.625647330656648, 7427877.76215735450387 ], [ 5691909.286042248830199, 7427870.919864389114082 ], [ 5691935.914808453992009, 7427861.066246619448066 ], [ 5691993.11589640378952, 7427833.715508745983243 ], [ 5692000.12844474427402, 7427827.680903089232743 ], [ 5692005.65333441272378, 7427820.744967816397548 ], [ 5692012.105717681348324, 7427815.238137583248317 ], [ 5692019.840566977858543, 7427810.630978084169328 ], [ 5692029.322278833016753, 7427806.099033136852086 ], [ 5692088.419802491553128, 7427776.964876692742109 ], [ 5692095.228453397750854, 7427774.285261595621705 ], [ 5692145.905774170532823, 7427677.491069622337818 ], [ 5692181.929820790886879, 7427608.686785715632141 ], [ 5692215.069614306092262, 7427545.380090210586786 ], [ 5692248.068409841507673, 7427482.358566123060882 ], [ 5692261.570878251455724, 7427456.562655938789248 ], [ 5692269.289005728438497, 7427446.056614309549332 ], [ 5692265.514215531758964, 7427443.153562495484948 ], [ 5692214.982877261936665, 7427367.43059771694243 ], [ 5692204.804833250120282, 7427351.575595444068313 ], [ 5692172.166614220477641, 7427291.550859525799751 ], [ 5692167.731223630718887, 7427292.102091856300831 ], [ 5692105.587019545957446, 7427190.765598923899233 ], [ 5692101.782825375907123, 7427182.789715282618999 ], [ 5692097.747587974183261, 7427177.579092185012996 ], [ 5692079.434654721058905, 7427148.796608700416982 ], [ 5692066.870860986411572, 7427126.583951385691762 ], [ 5692063.599344867281616, 7427122.58697004802525 ], [ 5692035.70652898773551, 7427078.68009272031486 ], [ 5692031.920331544242799, 7427070.87065627425909 ], [ 5692028.325719935819507, 7427065.873807874508202 ], [ 5692001.929639229550958, 7427025.945765854790807 ], [ 5691996.167543385177851, 7427014.436183964833617 ], [ 5691992.648065576329827, 7427009.067836422473192 ], [ 5691968.30548501946032, 7426969.635707080364227 ], [ 5691963.335934046655893, 7426961.959158832207322 ], [ 5691958.732765512540936, 7426954.444068616256118 ], [ 5691930.646895409561694, 7426910.122338522225618 ], [ 5691925.32368553057313, 7426901.893420333974063 ], [ 5691897.179651447571814, 7426857.641289995983243 ], [ 5691890.679361207410693, 7426846.132450263947248 ], [ 5691881.147288450039923, 7426831.373851916752756 ], [ 5691876.138762574642897, 7426825.070802472531796 ], [ 5691869.317169400863349, 7426815.483839287422597 ], [ 5691818.085234431549907, 7426733.1911800801754 ], [ 5691815.471236456185579, 7426728.996449368074536 ], [ 5691812.825455653481185, 7426724.557847077026963 ], [ 5691778.175624625757337, 7426664.893910710699856 ], [ 5691741.623942838050425, 7426606.009490871801972 ], [ 5691695.539516184478998, 7426535.890505742281675 ], [ 5691632.09731600061059, 7426434.54704706184566 ], [ 5691600.174534178338945, 7426381.503707 ], [ 5691607.382624391466379, 7426380.824140036478639 ], [ 5691611.703425345011055, 7426379.352689301595092 ], [ 5691841.249013722874224, 7426303.156297726556659 ], [ 5691821.183260666206479, 7426241.991651128977537 ], [ 5691999.71966162417084, 7426182.820321375504136 ], [ 5691979.616372427903116, 7426121.523636630736291 ], [ 5692159.321613484062254, 7426061.949925949797034 ], [ 5692139.424038883298635, 7426001.346332385204732 ], [ 5692119.167575262486935, 7425939.633031763136387 ], [ 5691939.447414960712194, 7425999.073545662686229 ], [ 5691919.535867375321686, 7425938.370229794643819 ], [ 5691899.254185720346868, 7425876.535424060188234 ], [ 5691874.412832223810256, 7425800.804643176496029 ], [ 5691854.179460464976728, 7425739.123761218972504 ], [ 5691834.042434947565198, 7425677.750685963779688 ], [ 5691814.252139559946954, 7425617.443302109837532 ] ] ] } },
{ "type": "Feature", "properties": { "lv_id": "LOC_052400", "id": 297597.0, "CD_SETOR": "352050905000079", "SITUACAO": "Urbana", "CD_SIT": "1", "CD_TIPO": "0", "AREA_KM2": 0.065347166515420996, "CD_REGIAO": "3", "NM_REGIAO": "Sudeste", "CD_UF": "35", "NM_UF": "São Paulo", "CD_MUN": "3520509", "NM_MUN": "Indaiatuba", "CD_DIST": "352050905", "NM_DIST": "Indaiatuba", "CD_SUBDIST": "35205090500", "NM_SUBDIST": null, "CD_BAIRRO": null, "NM_BAIRRO": null, "CD_NU": null, "NM_NU": null, "CD_FCU": null, "NM_FCU": null, "CD_AGLOM": null, "NM_AGLOM": null, "CD_RGINT": "3510", "NM_RGINT": "Campinas", "CD_RGI": "350038", "NM_RGI": "Campinas", "CD_CONCURB": "3520509", "NM_CONCURB": "Indaiatuba", "mun_code_x": "3520509", "index_right": 83986, "dist_m": 432.28977770623709, "local_id": 568425, "ano": 2022, "cod_localidade_ibge": 3520509, "NR_ZONA": "211", "nr_cep": 13330000.0, "nm_localidade": "INDAIATUBA", "nm_locvot": "EE. PROF. DEOLINDA MANEIRA SEVERO", "ds_endereco": "RUA YURIKO GONÇALVES, 190", "ds_bairro": "JARDIM OLIVEIRA CAMARGO", "pred_long": -47.2046241, "pred_lat": -23.1095613, "pred_dist": 0.0, "tse_long": -47.2047981, "tse_lat": -23.109601, "long": -47.2047981, "lat": -23.109601, "ID_UNICO": "LOC_052400", "SG_UF": "SP", "CD_MUNICIPIO": "65110", "NR_LOCAL_VOTACAO": "2020", "QT_SECOES_AGREGADAS": 0, "QT_ELEITORES_TRANSFERIDOS": 18, "CIRO GOMES (PDT) (NÃO ELEITO) 1T": 75.0, "CONSTITUINTE EYMAEL (DC) (NÃO ELEITO) 1T": 1.0, "FELIPE D AVILA (NOVO) (NÃO ELEITO) 1T": 13.0, "JAIR BOLSONARO (PL) (2º TURNO) 1T": 1154.0, "LULA (PT) (2º TURNO) 1T": 888.0, "LÉO PÉRICLES (UP) (NÃO ELEITO) 1T": 5.0, "PADRE KELMON (PTB) (NÃO ELEITO) 1T": 2.0, "SIMONE TEBET (MDB) (NÃO ELEITO) 1T": 110.0, "SOFIA MANZANO (PCB) (NÃO ELEITO) 1T": 1.0, "SORAYA THRONICKE (UNIÃO) (NÃO ELEITO) 1T": 9.0, "VERA (PSTU) (NÃO ELEITO) 1T": 0.0, "Total_Votos_Validos 1T": 2258.0, "Votos_Brancos 1T": 78.0, "Votos_Nulos 1T": 111.0, "Abstenções 1T": 665.0, "Eleitores_Aptos 1T": 3112.0, "JAIR BOLSONARO (PL) (NÃO ELEITO) 2T": 1318.0, "LULA (PT) (ELEITO) 2T": 970.0, "Total_Votos_Validos 2T": 2288.0, "Votos_Brancos 2T": 64.0, "Votos_Nulos 2T": 104.0, "Abstenções 2T": 656.0, "Eleitores_Aptos 2T": 3112.0, "mun_code_y": "3520509", "mun_code": "3520509" }, "geometry": { "type": "Polygon", "coordinates": [ [ [ 5697388.54666806012392, 7422206.897124066948891 ], [ 5697424.902197144925594, 7422205.196211121976376 ], [ 5697468.574423880316317, 7422244.264165125787258 ], [ 5697480.458202383480966, 7422267.576335219666362 ], [ 5697501.494847634807229, 7422277.232348395511508 ], [ 5697512.809385244734585, 7422281.108514884486794 ], [ 5697533.668515750207007, 7422277.522589389234781 ], [ 5697554.130040317773819, 7422265.422900523990393 ], [ 5697557.718144697137177, 7422256.421518387272954 ], [ 5697553.244148853234947, 7422244.038707327097654 ], [ 5697534.188497861847281, 7422221.920974222943187 ], [ 5697527.101023701950908, 7422208.455893494188786 ], [ 5697525.23397530708462, 7422177.916084269061685 ], [ 5697530.493913201615214, 7422096.272582428529859 ], [ 5697516.552826039493084, 7422086.641548071056604 ], [ 5697514.193194475024939, 7422065.092107739299536 ], [ 5697529.239382069557905, 7422033.191997054964304 ], [ 5697545.1743168765679, 7422020.322548285126686 ], [ 5697598.477484692819417, 7422005.715355007909238 ], [ 5697672.356759482063353, 7422019.879846327006817 ], [ 5697702.731855343095958, 7422041.590246407315135 ], [ 5697743.516614959575236, 7422040.785306937992573 ], [ 5697771.492447951808572, 7422032.861710023134947 ], [ 5697794.175771676003933, 7422020.05523869395256 ], [ 5697805.44623192306608, 7422008.508004453033209 ], [ 5697838.226859768852592, 7421980.550781987607479 ], [ 5697900.872389151714742, 7421949.343626936897635 ], [ 5697949.93163968808949, 7421908.868060442619026 ], [ 5697959.793704808689654, 7421895.92549405246973 ], [ 5698106.528923441655934, 7422017.720319512300193 ], [ 5698147.30129022244364, 7421973.226511474698782 ], [ 5698201.652789450250566, 7421901.673696858808398 ], [ 5698262.920218538492918, 7421840.793914508074522 ], [ 5698308.343821859918535, 7421801.95938831102103 ], [ 5698332.835967631079257, 7421748.490432299673557 ], [ 5698350.763464134186506, 7421727.830505785532296 ], [ 5698422.555705646984279, 7421653.975607017055154 ], [ 5698444.466921295970678, 7421624.685525884851813 ], [ 5698524.099231369793415, 7421566.802446687594056 ], [ 5698543.933183956891298, 7421536.505278297699988 ], [ 5698535.858896230347455, 7421522.562505500391126 ], [ 5698535.161583582870662, 7421514.888039576821029 ], [ 5698565.231978143565357, 7421501.36563862953335 ], [ 5698588.885462206788361, 7421502.097173506394029 ], [ 5698628.088775156997144, 7421496.221722977235913 ], [ 5698642.016582995653152, 7421497.453734220005572 ], [ 5698769.998649545945227, 7421117.04646725486964 ], [ 5698850.766396360471845, 7421051.321892822161317 ], [ 5698898.111315843649209, 7421112.309207741171122 ], [ 5699082.189112735912204, 7420945.000274842604995 ], [ 5699258.031072743237019, 7420777.695163376629353 ], [ 5699286.640621406957507, 7420747.040074316784739 ], [ 5699293.69795220438391, 7420739.481134112924337 ], [ 5699101.356257216073573, 7420487.934130989946425 ], [ 5699090.542567593976855, 7420474.1648178845644 ], [ 5699011.528572233393788, 7420369.737278860062361 ], [ 5698895.566317556425929, 7420215.713961765170097 ], [ 5698802.205678971484303, 7420095.128389866091311 ], [ 5698759.196986480616033, 7420026.877993236295879 ], [ 5698719.866576732136309, 7420046.591524999588728 ], [ 5698630.951216298155487, 7420098.199435508809984 ], [ 5698589.071184562519193, 7420121.701676177792251 ], [ 5698566.679624719545245, 7420129.488774082623422 ], [ 5698458.671403177082539, 7420163.241614289581776 ], [ 5698359.892994180321693, 7420194.686956470832229 ], [ 5698222.236334770917892, 7420238.014715832658112 ], [ 5698044.022530408576131, 7420294.161144696176052 ], [ 5698007.313053182326257, 7420305.73011427745223 ], [ 5697983.556490363553166, 7420315.465095261111856 ], [ 5697962.428290780633688, 7420327.921010918915272 ], [ 5697935.920816947706044, 7420348.536792648024857 ], [ 5697927.846715270541608, 7420357.157573794946074 ], [ 5697908.870688796043396, 7420370.482892375439405 ], [ 5697843.397980344481766, 7420409.899769248440862 ], [ 5697763.089242734014988, 7420458.242518323473632 ], [ 5697672.16201666649431, 7420512.9822071865201 ], [ 5697637.344691874459386, 7420530.618110736832023 ], [ 5697580.941029531881213, 7420552.677777402102947 ], [ 5697534.466655178926885, 7420567.42403014190495 ], [ 5697296.337934738956392, 7420633.369505174458027 ], [ 5697242.095537356100976, 7420648.389097119681537 ], [ 5697175.183266878128052, 7420666.92361075244844 ], [ 5697036.257169592194259, 7420705.390260866843164 ], [ 5696900.771172601729631, 7420742.902615031227469 ], [ 5696798.332482880912721, 7420770.737121838144958 ], [ 5696755.490566287189722, 7420776.365762542933226 ], [ 5696690.153469938784838, 7420784.964673806913197 ], [ 5696665.827407277189195, 7420793.731106949970126 ], [ 5696644.24909879732877, 7420805.804187621921301 ], [ 5696606.906912620179355, 7420839.225482516922057 ], [ 5696589.277268162928522, 7420860.571722403168678 ], [ 5696574.267452967353165, 7420879.408646732568741 ], [ 5696539.908768487162888, 7420920.976988716050982 ], [ 5696505.560086235404015, 7420962.544724725186825 ], [ 5696455.298088345676661, 7421023.370480058714747 ], [ 5696405.607949721626937, 7421083.50002044159919 ], [ 5696349.364250083453953, 7421139.396239470690489 ], [ 5696296.647232288494706, 7421191.792524334974587 ], [ 5696265.057512820698321, 7421216.277637433260679 ], [ 5696231.548289471305907, 7421234.115868343040347 ], [ 5696122.857832232490182, 7421275.486419284716249 ], [ 5696113.75084865372628, 7421277.819065041840076 ], [ 5696102.392409922555089, 7421280.892613241448998 ], [ 5696083.577451138757169, 7421289.377991620451212 ], [ 5696049.441196559928358, 7421315.542879866436124 ], [ 5695913.426607177592814, 7421386.96279126778245 ], [ 5695896.063633265905082, 7421398.893256957642734 ], [ 5695878.622249629348516, 7421417.719925712794065 ], [ 5695787.055696121416986, 7421533.146650740876794 ], [ 5695768.053070736117661, 7421572.154849909245968 ], [ 5695759.890250764787197, 7421598.935106064192951 ], [ 5695690.12237736210227, 7421830.248364226892591 ], [ 5695680.471434708684683, 7421847.539847059175372 ], [ 5695632.008027973584831, 7421923.14381911046803 ], [ 5695601.765674533322453, 7422001.488360788673162 ], [ 5695563.735038162209094, 7422083.207477569580078 ], [ 5695553.146159617230296, 7422103.040804840624332 ], [ 5695429.51585141941905, 7422257.031599092297256 ], [ 5695415.391251731663942, 7422272.713512115180492 ], [ 5695401.442503650672734, 7422283.145336953923106 ], [ 5695348.507561300881207, 7422314.522993713617325 ], [ 5695329.500605865381658, 7422331.915861236862838 ], [ 5695271.92535933572799, 7422407.429585969075561 ], [ 5695247.506500134244561, 7422445.774402181617916 ], [ 5695225.246585567481816, 7422475.441911056637764 ], [ 5695048.882457576692104, 7422678.996043891645968 ], [ 5694966.890434662811458, 7422773.167014587670565 ], [ 5694912.621699528768659, 7422839.847278079949319 ], [ 5694909.101407007314265, 7422836.899725179187953 ], [ 5694430.324743875302374, 7422417.560659941285849 ], [ 5694410.694041514769197, 7422399.950533112511039 ], [ 5694407.048465392552316, 7422396.729942197911441 ], [ 5694404.11776393186301, 7422394.111752368509769 ], [ 5694365.178913299925625, 7422359.211009962484241 ], [ 5693656.254023891873658, 7421672.39979543350637 ], [ 5693648.848647313192487, 7421665.473054056987166 ], [ 5693639.948882010765374, 7421651.534021493047476 ], [ 5693634.230691019445658, 7421644.294541470706463 ], [ 5693573.68131585046649, 7421587.01195433922112 ], [ 5693245.859632591716945, 7421276.827258732169867 ], [ 5693239.196121536195278, 7421269.754386847838759 ], [ 5693234.431953167542815, 7421261.199086895212531 ], [ 5693231.793921591714025, 7421251.63036247715354 ], [ 5693210.870381764136255, 7421265.507241109386086 ], [ 5693141.566285378299654, 7421342.170194331556559 ], [ 5693057.0137301068753, 7421434.196112024597824 ], [ 5692782.175357188098133, 7421775.346171131357551 ], [ 5692581.413223871029913, 7422104.636523941531777 ], [ 5692573.610778539441526, 7422117.433863190934062 ], [ 5692572.269435123540461, 7422132.942082511261106 ], [ 5692574.897876461036503, 7422145.187813331373036 ], [ 5692576.407901619561017, 7422155.422343753278255 ], [ 5692586.227124428376555, 7422167.322792648337781 ], [ 5693035.929839851334691, 7422557.942090423777699 ], [ 5693033.593173327855766, 7422559.946620245464146 ], [ 5692917.941983753815293, 7422655.176978353410959 ], [ 5692903.035712907090783, 7422664.45709215477109 ], [ 5692492.37432368285954, 7423004.510477247647941 ], [ 5692377.50620193220675, 7423057.509450357407331 ], [ 5692386.324948371388018, 7423055.560944953933358 ], [ 5692398.46378190536052, 7423059.993454780429602 ], [ 5692418.058431344106793, 7423067.135435178875923 ], [ 5692414.498239541426301, 7423093.843022864311934 ], [ 5692389.882740101777017, 7423123.702992524951696 ], [ 5692395.257510696537793, 7423144.776433328166604 ], [ 5692428.064302222803235, 7423196.761344991624355 ], [ 5692453.592697847634554, 7423203.850842956453562 ], [ 5692493.131271552294493, 7423176.777246724814177 ], [ 5692534.678158769384027, 7423158.308974904939532 ], [ 5692560.376179184764624, 7423117.52499014697969 ], [ 5692577.809826203621924, 7423087.998222796246409 ], [ 5692613.299186990596354, 7423111.587335324846208 ], [ 5692648.291468970477581, 7423236.573537159711123 ], [ 5692679.805650362744927, 7423295.153490232303739 ], [ 5692709.456087562255561, 7423382.525961561128497 ], [ 5692778.361020821146667, 7423428.060620742850006 ], [ 5692913.832470282912254, 7423460.052693905308843 ], [ 5692955.367283680476248, 7423458.557767974212766 ], [ 5693009.755346396937966, 7423423.833722562529147 ], [ 5693046.988069970160723, 7423416.01430912129581 ], [ 5693069.968929286114872, 7423437.128344467841089 ], [ 5693084.459307449869812, 7423499.543775895610452 ], [ 5693110.922283669933677, 7423544.005143903195858 ], [ 5693131.388301063328981, 7423631.804472322575748 ], [ 5693157.746726900339127, 7423665.386011343449354 ], [ 5693193.351614939048886, 7423674.181022822856903 ], [ 5693244.906940286979079, 7423638.71799888741225 ], [ 5693266.707804201170802, 7423651.62284260801971 ], [ 5693284.302912090905011, 7423694.756552647799253 ], [ 5693282.72220703586936, 7423729.636637679301202 ], [ 5693288.295300602912903, 7423746.340377963148057 ], [ 5693338.273840870708227, 7423754.45586590282619 ], [ 5693382.773936146870255, 7423756.747822154313326 ], [ 5693394.205948530696332, 7423735.762843508273363 ], [ 5693406.583830354735255, 7423666.443899888545275 ], [ 5693444.278577112592757, 7423642.498057041317225 ], [ 5693484.042796431109309, 7423628.905693707987666 ], [ 5693502.870161560364068, 7423594.963278898969293 ], [ 5693559.782063597813249, 7423606.235101858153939 ], [ 5693662.052519825287163, 7423663.698609908111393 ], [ 5693681.61915294919163, 7423697.595485180616379 ], [ 5693709.305120067670941, 7423708.062546429224312 ], [ 5693761.9877311559394, 7423696.9020766178146 ], [ 5693796.021277478896081, 7423714.90280570089817 ], [ 5693807.72534232120961, 7423743.076084546744823 ], [ 5693844.702730780467391, 7423763.97330089379102 ], [ 5693904.241367857903242, 7423736.846441868692636 ], [ 5693942.593779017217457, 7423692.849786870181561 ], [ 5693986.307339283637702, 7423678.202377378940582 ], [ 5694027.015898171812296, 7423658.899046204052866 ], [ 5694057.535306327044964, 7423670.103583725169301 ], [ 5694085.161642234772444, 7423722.328027443960309 ], [ 5694098.901526845991611, 7423751.276413818821311 ], [ 5694152.415781760588288, 7423766.630161818116903 ], [ 5694180.525565159507096, 7423786.210754131898284 ], [ 5694177.976844919845462, 7423817.64583991561085 ], [ 5694138.109300885349512, 7423863.453494736924767 ], [ 5694147.722424079664052, 7423898.248294151388109 ], [ 5694191.492396216839552, 7423936.238021138124168 ], [ 5694229.628974582068622, 7423939.247656104154885 ], [ 5694266.741612031124532, 7423928.821357257664204 ], [ 5694341.585207591764629, 7423977.119375850073993 ], [ 5694381.159111881628633, 7423984.801638659089804 ], [ 5694390.180577018298209, 7423986.545305757783353 ], [ 5694424.736805605702102, 7423993.256555211730301 ], [ 5694503.615233232267201, 7424020.912228249013424 ], [ 5694569.555406607687473, 7424028.281042221002281 ], [ 5694619.446255128830671, 7424017.25891494192183 ], [ 5694670.475969484075904, 7424047.950406894087791 ], [ 5694732.637522598728538, 7424077.253467938862741 ], [ 5694749.838386161252856, 7424103.20775730535388 ], [ 5694705.439239704981446, 7424180.556126600131392 ], [ 5694717.544097632169724, 7424208.710643629543483 ], [ 5694763.409571594558656, 7424205.704851925373077 ], [ 5694827.781088004820049, 7424187.907269554212689 ], [ 5694867.817126848734915, 7424197.351427846588194 ], [ 5694913.664662304334342, 7424254.392374884337187 ], [ 5694984.996108145453036, 7424313.079001368954778 ], [ 5695064.490625751204789, 7424340.915789682418108 ], [ 5695079.641632, 7424374.147843423299491 ], [ 5695072.2886360026896, 7424418.220431595109403 ], [ 5695097.348457991145551, 7424475.359704745933414 ], [ 5695099.079818623140454, 7424503.997453140094876 ], [ 5695092.300096964463592, 7424530.410791104659438 ], [ 5695114.117033512331545, 7424603.805784003809094 ], [ 5695114.862202654592693, 7424654.237397983670235 ], [ 5695140.173513348214328, 7424733.982870110310614 ], [ 5695139.414874829351902, 7424769.272155505605042 ], [ 5695204.270251229405403, 7424830.635917471721768 ], [ 5695231.993921150453389, 7424850.668498538434505 ], [ 5695234.64728070050478, 7424877.523509547114372 ], [ 5695199.397819459438324, 7424915.278396023437381 ], [ 5695201.356380658224225, 7424940.202870111912489 ], [ 5695231.975530455820262, 7424992.075695616193116 ], [ 5695233.827933861874044, 7425023.317609509453177 ], [ 5695207.547627839259803, 7425034.557049304246902 ], [ 5695178.352524529211223, 7425043.311300374567509 ], [ 5695160.096989632584155, 7425063.7347696647048 ], [ 5695176.779459507204592, 7425086.891582627780735 ], [ 5695240.128637315705419, 7425090.030102150514722 ], [ 5695331.925003462471068, 7425102.728199614211917 ], [ 5695376.902984300628304, 7425132.395883963443339 ], [ 5695400.741825348697603, 7425180.446851301006973 ], [ 5695411.933614033274353, 7425214.73338661622256 ], [ 5695463.058777646161616, 7425264.568864498287439 ], [ 5695489.059741668403149, 7425324.709148486144841 ], [ 5695505.469746688380837, 7425342.212879158556461 ], [ 5695552.065875785425305, 7425354.841455092653632 ], [ 5695543.361228911206126, 7425400.05926507897675 ], [ 5695517.241839470341802, 7425414.771289623342454 ], [ 5695459.633804473094642, 7425423.109937574714422 ], [ 5695437.776156739331782, 7425460.676135260611773 ], [ 5695449.068918283097446, 7425497.132810760289431 ], [ 5695439.777686241082847, 7425546.727362208999693 ], [ 5695356.901960825547576, 7425561.651704231277108 ], [ 5695340.811267636716366, 7425558.073939647525549 ], [ 5695323.054760743863881, 7425560.350906647741795 ], [ 5695294.164324641227722, 7425575.682192910462618 ], [ 5695275.566093451343477, 7425592.719989158213139 ], [ 5695248.539436033926904, 7425640.430110319517553 ], [ 5695234.072259335778654, 7425655.457515560090542 ], [ 5695216.95684692543, 7425663.147018604911864 ], [ 5695190.811185323633254, 7425675.10473264195025 ], [ 5695174.673719896934927, 7425674.272528978064656 ], [ 5695077.584170626476407, 7425665.566271191462874 ], [ 5695027.499732564203441, 7425663.715904548764229 ], [ 5695000.719887028448284, 7425669.089205672964454 ], [ 5694975.786631083115935, 7425674.922971023246646 ], [ 5694910.207251864485443, 7425679.447987334802747 ], [ 5694870.243958864361048, 7425680.917875776998699 ], [ 5694845.344096777029335, 7425685.04349082428962 ], [ 5694780.585686111822724, 7425696.868178381584585 ], [ 5694767.207284420728683, 7425700.245527114719152 ], [ 5694756.123521536588669, 7425704.899003484286368 ], [ 5694745.656684206798673, 7425711.575850646942854 ], [ 5694735.044228181242943, 7425719.753922173753381 ], [ 5694636.222615978680551, 7425801.372676957398653 ], [ 5694613.686691754497588, 7425824.391941036097705 ], [ 5694600.720594614744186, 7425842.393326309509575 ], [ 5694592.372404376044869, 7425856.276420317590237 ], [ 5694587.759393140673637, 7425868.892769111320376 ], [ 5694585.449817972257733, 7425879.662137657403946 ], [ 5694585.698760185390711, 7425889.219514068216085 ], [ 5694586.980510430410504, 7425899.598745296709239 ], [ 5694591.270577037706971, 7425910.061070415191352 ], [ 5694608.177003737539053, 7425933.854914508759975 ], [ 5694613.022519860416651, 7425941.70398641936481 ], [ 5694616.395547998137772, 7425951.629040471278131 ], [ 5694616.474577411077917, 7425962.164605846628547 ], [ 5694614.370971484109759, 7425972.51174839399755 ], [ 5694501.326163363642991, 7426273.526659812778234 ], [ 5694499.472589124925435, 7426278.218896294943988 ], [ 5694494.187831081449986, 7426291.613610781729221 ], [ 5694492.297453828155994, 7426296.396777394227684 ], [ 5695055.740433655679226, 7426743.769753420725465 ], [ 5695202.951608658768237, 7426860.646711171604693 ], [ 5695218.262785539031029, 7426872.804313410073519 ], [ 5695231.050609847530723, 7426882.960338444449008 ], [ 5695191.82735460344702, 7426934.649923543445766 ], [ 5695207.144482540898025, 7426939.870269522070885 ], [ 5695232.893467737361789, 7426954.419471364468336 ], [ 5695252.697197071276605, 7426971.230567243881524 ], [ 5695268.444082331843674, 7426991.21942500397563 ], [ 5695280.194243555888534, 7427012.810717046260834 ], [ 5695286.561173686757684, 7427036.180514237843454 ], [ 5695288.405420256778598, 7427060.206942284479737 ], [ 5695284.821786357089877, 7427082.623508276417851 ], [ 5695233.179400183260441, 7427439.896387979388237 ], [ 5695217.586954242549837, 7427530.334599585272372 ], [ 5695197.278895727358758, 7427648.204796518199146 ], [ 5695214.789029308594763, 7427626.434070668183267 ], [ 5695231.31217916123569, 7427591.582463389262557 ], [ 5695242.724329680204391, 7427554.883086025714874 ], [ 5695258.99077438749373, 7427501.039067856967449 ], [ 5695271.12778480630368, 7427479.730140502564609 ], [ 5695289.929739559069276, 7427465.02572051435709 ], [ 5695350.324073641560972, 7427429.068885157816112 ], [ 5695358.604452854022384, 7427434.683673765510321 ], [ 5695358.926804307848215, 7427440.077763443812728 ], [ 5695370.249160403385758, 7427631.947203733958304 ], [ 5695370.543170367367566, 7427636.952265679836273 ], [ 5695526.317634640261531, 7427623.177194679155946 ], [ 5695532.058312287554145, 7427684.272681472823024 ], [ 5695538.371281940490007, 7427751.285976307466626 ], [ 5695537.569798937067389, 7427786.131179997697473 ], [ 5695533.108440558426082, 7427811.733776587992907 ], [ 5695532.267893853597343, 7427814.170754297636449 ], [ 5695531.437580079771578, 7427816.607255546376109 ], [ 5695600.694579214788973, 7427810.907408365979791 ], [ 5695736.794568822719157, 7427849.963072780519724 ], [ 5695904.482311216183007, 7427898.063866540789604 ], [ 5696036.852181932888925, 7427936.04192497394979 ], [ 5696091.244676986709237, 7427966.197502474300563 ], [ 5696196.841574049554765, 7428024.760796697810292 ], [ 5696214.990157482214272, 7428034.822869906201959 ], [ 5696268.502072473056614, 7428060.80323494784534 ], [ 5696293.904699491336942, 7428022.413371367380023 ], [ 5696304.958004081621766, 7427976.271553132683039 ], [ 5696380.190334316343069, 7427880.50834590755403 ], [ 5696431.699239440262318, 7427822.197813021019101 ], [ 5696439.621120197698474, 7427822.297020182944834 ], [ 5696853.463097251951694, 7428149.105806199833751 ], [ 5696895.987603912129998, 7428182.690120857208967 ], [ 5697255.513223645277321, 7428466.588178344070911 ], [ 5697374.649219548329711, 7428561.788155526854098 ], [ 5697595.268016388639808, 7428734.875282319262624 ], [ 5697670.720508147962391, 7428639.919625071808696 ], [ 5697686.638364586979151, 7428619.669628880918026 ], [ 5697734.053141568787396, 7428559.359096951782703 ], [ 5697767.905871426686645, 7428509.328995604068041 ], [ 5697798.035871479660273, 7428457.108042554929852 ], [ 5697822.235644008032978, 7428410.127047745510936 ], [ 5697826.530504930764437, 7428400.390459049493074 ], [ 5697830.80385357234627, 7428390.632565027102828 ], [ 5697844.106360904872417, 7428360.488687278702855 ], [ 5697840.639838273636997, 7428356.746880754828453 ], [ 5697289.799382730387151, 7427775.900205606594682 ], [ 5697286.615087169222534, 7427772.26786710973829 ], [ 5697283.438434691168368, 7427768.579405758529902 ], [ 5696592.454731659032404, 7427029.909288367256522 ], [ 5696589.148037711158395, 7427026.505667408928275 ], [ 5696589.255936882458627, 7427026.400258172303438 ], [ 5696445.828635295853019, 7426869.250187618657947 ], [ 5696326.550002554431558, 7426750.366181148216128 ], [ 5696231.449509249068797, 7426653.876312174834311 ], [ 5696447.512314177118242, 7426682.425361508503556 ], [ 5696441.674115061759949, 7426655.473056368529797 ], [ 5696469.810737687163055, 7426606.727108418941498 ], [ 5696464.213833088986576, 7426555.215715643018484 ], [ 5696427.82794289290905, 7426521.233984089456499 ], [ 5696380.409726424142718, 7426525.185047434642911 ], [ 5696362.396143308840692, 7426550.829317868687212 ], [ 5696322.489243069663644, 7426535.715182231739163 ], [ 5696318.397805901244283, 7426499.357548067346215 ], [ 5696305.445865456946194, 7426444.698309917934239 ], [ 5696272.328949466347694, 7426403.604496104642749 ], [ 5696285.371906239539385, 7426374.277378138154745 ], [ 5696327.81305833812803, 7426357.699128343723714 ], [ 5696544.384650493040681, 7426363.993823079392314 ], [ 5696517.724091987125576, 7426292.207153466530144 ], [ 5696766.790789333172143, 7425812.982020052149892 ], [ 5696890.486938046291471, 7425705.781832737848163 ], [ 5697914.891215745359659, 7425278.399452388286591 ], [ 5697973.971513012424111, 7425253.731632255017757 ], [ 5697949.65762700047344, 7425242.265216646715999 ], [ 5697942.648119762539864, 7425244.990960188210011 ], [ 5697898.041901879943907, 7425262.31218495965004 ], [ 5697681.371913033537567, 7425312.537512701004744 ], [ 5697404.253085768781602, 7425369.565424717962742 ], [ 5697395.161142072640359, 7425371.39552141726017 ], [ 5697270.630705961957574, 7425396.987843064591289 ], [ 5697159.161042933352292, 7425372.370665149763227 ], [ 5696912.764319309964776, 7425206.117384783923626 ], [ 5697119.796558323316276, 7424903.398333203978837 ], [ 5696974.674554783850908, 7424370.372961403802037 ], [ 5696945.606537119485438, 7423762.765864326618612 ], [ 5696914.333613099530339, 7423145.168039496988058 ], [ 5696911.683060761541128, 7422614.922668388113379 ], [ 5696921.912329341284931, 7422475.553284799680114 ], [ 5697049.664411716163158, 7422578.425281879492104 ], [ 5697208.70617551356554, 7422359.031228197738528 ], [ 5697326.914027240127325, 7422245.571480011567473 ], [ 5697388.54666806012392, 7422206.897124066948891 ] ] ] } },
{ "type": "Feature", "properties": { "lv_id": "LOC_052401", "id": 297635.0, "CD_SETOR": "352050905000143", "SITUACAO": "Urbana", "CD_SIT": "1", "CD_TIPO": "0", "AREA_KM2": 0.075102225240568005, "CD_REGIAO": "3", "NM_REGIAO": "Sudeste", "CD_UF": "35", "NM_UF": "São Paulo", "CD_MUN": "3520509", "NM_MUN": "Indaiatuba", "CD_DIST": "352050905", "NM_DIST": "Indaiatuba", "CD_SUBDIST": "35205090500", "NM_SUBDIST": null, "CD_BAIRRO": null, "NM_BAIRRO": null, "CD_NU": null, "NM_NU": null, "CD_FCU": null, "NM_FCU": null, "CD_AGLOM": null, "NM_AGLOM": null, "CD_RGINT": "3510", "NM_RGINT": "Campinas", "CD_RGI": "350038", "NM_RGI": "Campinas", "CD_CONCURB": "3520509", "NM_CONCURB": "Indaiatuba", "mun_code_x": "3520509", "index_right": 83979, "dist_m": 36.663276500900849, "local_id": 568418, "ano": 2022, "cod_localidade_ibge": 3520509, "NR_ZONA": "211", "nr_cep": 13330000.0, "nm_localidade": "INDAIATUBA", "nm_locvot": "EMEB. PROF. APARECIDO BATISTA DOS SANTOS", "ds_endereco": "R LUIZ DELBONI, SEM NÚMERO", "ds_bairro": "JARDIM SÃO FRANCISCO", "pred_long": -47.226447, "pred_lat": -23.106893, "pred_dist": 0.0, "tse_long": -47.2259806, "tse_lat": -23.1068304, "long": -47.2259806, "lat": -23.1068304, "ID_UNICO": "LOC_052401", "SG_UF": "SP", "CD_MUNICIPIO": "65110", "NR_LOCAL_VOTACAO": "2011", "QT_SECOES_AGREGADAS": 0, "QT_ELEITORES_TRANSFERIDOS": 58, "CIRO GOMES (PDT) (NÃO ELEITO) 1T": 101.0, "CONSTITUINTE EYMAEL (DC) (NÃO ELEITO) 1T": 1.0, "FELIPE D AVILA (NOVO) (NÃO ELEITO) 1T": 19.0, "JAIR BOLSONARO (PL) (2º TURNO) 1T": 1915.0, "LULA (PT) (2º TURNO) 1T": 1115.0, "LÉO PÉRICLES (UP) (NÃO ELEITO) 1T": 1.0, "PADRE KELMON (PTB) (NÃO ELEITO) 1T": 3.0, "SIMONE TEBET (MDB) (NÃO ELEITO) 1T": 217.0, "SOFIA MANZANO (PCB) (NÃO ELEITO) 1T": 0.0, "SORAYA THRONICKE (UNIÃO) (NÃO ELEITO) 1T": 18.0, "VERA (PSTU) (NÃO ELEITO) 1T": 2.0, "Total_Votos_Validos 1T": 3392.0, "Votos_Brancos 1T": 56.0, "Votos_Nulos 1T": 161.0, "Abstenções 1T": 779.0, "Eleitores_Aptos 1T": 4388.0, "JAIR BOLSONARO (PL) (NÃO ELEITO) 2T": 2203.0, "LULA (PT) (ELEITO) 2T": 1201.0, "Total_Votos_Validos 2T": 3404.0, "Votos_Brancos 2T": 65.0, "Votos_Nulos 2T": 165.0, "Abstenções 2T": 754.0, "Eleitores_Aptos 2T": 4388.0, "mun_code_y": "3520509", "mun_code": "3520509" }, "geometry": { "type": "Polygon", "coordinates": [ [ [ 5693693.24855422321707, 7427312.486379514448345 ], [ 5693681.400418818928301, 7427302.229887130670249 ], [ 5693666.775168815627694, 7427289.581904988735914 ], [ 5693618.819839776493609, 7427245.258589584380388 ], [ 5693585.247439911589026, 7427225.17064992710948 ], [ 5693548.084803299978375, 7427206.386896051466465 ], [ 5693496.784076285548508, 7427191.437881923280656 ], [ 5693435.115053685382009, 7427184.442118588835001 ], [ 5693369.387140507809818, 7427187.671626205556095 ], [ 5693283.662115031853318, 7427202.412500292062759 ], [ 5693250.715533332899213, 7427212.428467493504286 ], [ 5693226.476036349311471, 7427223.345099015161395 ], [ 5693208.072304273955524, 7427235.384905209764838 ], [ 5693193.962196518667042, 7427250.013508711010218 ], [ 5693172.394424346275628, 7427280.757478911429644 ], [ 5693177.956320080906153, 7427285.930554181337357 ], [ 5693189.038861219771206, 7427306.014562522061169 ], [ 5693209.404282669536769, 7427354.708374214358628 ], [ 5693243.628192728385329, 7427429.613828850910068 ], [ 5693263.944603283889592, 7427470.380648714490235 ], [ 5693310.309211613610387, 7427571.376740105450153 ], [ 5693345.749880234710872, 7427682.504246411845088 ], [ 5693363.826747200451791, 7427732.921407939866185 ], [ 5693363.987387212924659, 7427732.847039363346994 ], [ 5693368.178308529779315, 7427730.778964973986149 ], [ 5693499.726738464087248, 7427666.001187006011605 ], [ 5693503.927854404784739, 7427663.932590785436332 ], [ 5693531.999165224842727, 7427717.119988396763802 ], [ 5693560.070095149800181, 7427770.296253992244601 ], [ 5693589.919396141543984, 7427826.880661729723215 ], [ 5693611.359664428979158, 7427884.134226953610778 ], [ 5693626.353010719642043, 7427924.200151388533413 ], [ 5693632.337278822436929, 7427943.795888389460742 ], [ 5693651.980588535778224, 7428008.080823160707951 ], [ 5693859.721358059905469, 7427877.198139481246471 ], [ 5694055.282336873933673, 7427753.992567198351026 ], [ 5694059.156208010390401, 7427751.281008832156658 ], [ 5694064.490517798811197, 7427747.553648421540856 ], [ 5694068.374618623405695, 7427744.841611496172845 ], [ 5694025.804207669571042, 7427689.082744444720447 ], [ 5693992.286406064406037, 7427645.204521598294377 ], [ 5693950.15897236764431, 7427598.770780210383236 ], [ 5693864.652196428738534, 7427504.544956900179386 ], [ 5693826.19177065230906, 7427458.888741713017225 ], [ 5693739.187048117630184, 7427363.070527784526348 ], [ 5693693.24855422321707, 7427312.486379514448345 ] ] ] } },
{ "type": "Feature", "properties": { "lv_id": "LOC_052402", "id": 297564.0, "CD_SETOR": "352050905000029", "SITUACAO": "Urbana", "CD_SIT": "1", "CD_TIPO": "0", "AREA_KM2": 0.082775619961788005, "CD_REGIAO": "3", "NM_REGIAO": "Sudeste", "CD_UF": "35", "NM_UF": "São Paulo", "CD_MUN": "3520509", "NM_MUN": "Indaiatuba", "CD_DIST": "352050905", "NM_DIST": "Indaiatuba", "CD_SUBDIST": "35205090500", "NM_SUBDIST": null, "CD_BAIRRO": null, "NM_BAIRRO": null, "CD_NU": null, "NM_NU": null, "CD_FCU": null, "NM_FCU": null, "CD_AGLOM": null, "NM_AGLOM": null, "CD_RGINT": "3510", "NM_RGINT": "Campinas", "CD_RGI": "350038", "NM_RGI": "Campinas", "CD_CONCURB": "3520509", "NM_CONCURB": "Indaiatuba", "mun_code_x": "3520509", "index_right": 83994, "dist_m": 266.91682362517452, "local_id": 568433, "ano": 2022, "cod_localidade_ibge": 3520509, "NR_ZONA": "211", "nr_cep": 13330000.0, "nm_localidade": "INDAIATUBA", "nm_locvot": "EMEB. PROF. OSÓRIO GERMANO E SILVA FILHO", "ds_endereco": "RUA SILVESTRE BERTI, 310", "ds_bairro": "JARDIM SÃO PAULO", "pred_long": -47.189307, "pred_lat": -23.090469, "pred_dist": 0.0, "tse_long": -47.1891711, "tse_lat": -23.090471, "long": -47.1891711, "lat": -23.090471, "ID_UNICO": "LOC_052402", "SG_UF": "SP", "CD_MUNICIPIO": "65110", "NR_LOCAL_VOTACAO": "1996", "QT_SECOES_AGREGADAS": 0, "QT_ELEITORES_TRANSFERIDOS": 60, "CIRO GOMES (PDT) (NÃO ELEITO) 1T": 79.0, "CONSTITUINTE EYMAEL (DC) (NÃO ELEITO) 1T": 0.0, "FELIPE D AVILA (NOVO) (NÃO ELEITO) 1T": 22.0, "JAIR BOLSONARO (PL) (2º TURNO) 1T": 1198.0, "LULA (PT) (2º TURNO) 1T": 491.0, "LÉO PÉRICLES (UP) (NÃO ELEITO) 1T": 0.0, "PADRE KELMON (PTB) (NÃO ELEITO) 1T": 0.0, "SIMONE TEBET (MDB) (NÃO ELEITO) 1T": 181.0, "SOFIA MANZANO (PCB) (NÃO ELEITO) 1T": 1.0, "SORAYA THRONICKE (UNIÃO) (NÃO ELEITO) 1T": 2.0, "VERA (PSTU) (NÃO ELEITO) 1T": 0.0, "Total_Votos_Validos 1T": 1974.0, "Votos_Brancos 1T": 34.0, "Votos_Nulos 1T": 66.0, "Abstenções 1T": 437.0, "Eleitores_Aptos 1T": 2511.0, "JAIR BOLSONARO (PL) (NÃO ELEITO) 2T": 1358.0, "LULA (PT) (ELEITO) 2T": 592.0, "Total_Votos_Validos 2T": 1950.0, "Votos_Brancos 2T": 40.0, "Votos_Nulos 2T": 91.0, "Abstenções 2T": 430.0, "Eleitores_Aptos 2T": 2511.0, "mun_code_y": "3520509", "mun_code": "3520509" }, "geometry": { "type": "MultiPolygon", "coordinates": [ [ [ [ 5697798.035871479660273, 7428457.108042554929852 ], [ 5697767.905871426686645, 7428509.328995604068041 ], [ 5697734.053141568787396, 7428559.359096951782703 ], [ 5697686.638364586979151, 7428619.669628880918026 ], [ 5697670.720508147962391, 7428639.919625071808696 ], [ 5697595.268016388639808, 7428734.875282319262624 ], [ 5697491.494549497961998, 7428861.499556206166744 ], [ 5697471.326470793224871, 7428880.352565980516374 ], [ 5697445.819522997364402, 7428892.918827621266246 ], [ 5697421.450872495770454, 7428897.992747563868761 ], [ 5697407.027302772738039, 7428896.602271486073732 ], [ 5697392.593502230010927, 7428895.21225992590189 ], [ 5697355.71629430167377, 7428887.597284700721502 ], [ 5697324.452305790968239, 7428881.148012191988528 ], [ 5697269.028385202400386, 7428869.713618392124772 ], [ 5697218.967814600095153, 7428868.178283608518541 ], [ 5697169.393827677704394, 7428880.182318693958223 ], [ 5697109.559303142130375, 7428912.372204149141908 ], [ 5697012.118530459702015, 7428971.097334768623114 ], [ 5696978.636984452605247, 7428991.272805006243289 ], [ 5696925.171998672187328, 7429023.488203067332506 ], [ 5696915.005875398404896, 7429029.616711538285017 ], [ 5696870.409975342452526, 7429056.488749599084258 ], [ 5696828.178846953436732, 7429081.945483243092895 ], [ 5696864.647666789591312, 7429144.721593553200364 ], [ 5696897.238342532888055, 7429200.85278058797121 ], [ 5696929.03732289839536, 7429255.61557930894196 ], [ 5696956.074487764388323, 7429302.157448163256049 ], [ 5696961.326642924919724, 7429311.214307992719114 ], [ 5696983.034435383975506, 7429348.580230938270688 ], [ 5696993.88350189011544, 7429367.268993747420609 ], [ 5697010.630153463222086, 7429396.099839383736253 ], [ 5697025.817183565348387, 7429422.270875846967101 ], [ 5697057.916973526589572, 7429477.532687382772565 ], [ 5697077.86463638395071, 7429511.891245294362307 ], [ 5697092.380467410199344, 7429548.544032819569111 ], [ 5697100.229767167940736, 7429591.597190469503403 ], [ 5697105.606893535703421, 7429676.533993573859334 ], [ 5697109.182570862583816, 7429732.891278177499771 ], [ 5697114.874245945364237, 7429822.609258987009525 ], [ 5697145.514850419014692, 7429825.764941640198231 ], [ 5697421.970340324565768, 7429854.209402769804001 ], [ 5697583.130433423444629, 7429870.795483682304621 ], [ 5697632.208253223448992, 7429869.65510493144393 ], [ 5697687.666711202822626, 7429854.431518777273595 ], [ 5697839.495292997919023, 7429798.809043789282441 ], [ 5698174.957771923393011, 7429675.935365755110979 ], [ 5698341.980658181011677, 7429614.745712036266923 ], [ 5698344.506348888389766, 7429613.478970023803413 ], [ 5698412.281392022036016, 7429579.541653433814645 ], [ 5698442.550122302025557, 7429564.37583792116493 ], [ 5698553.391343764960766, 7429508.840827617794275 ], [ 5698580.853271768428385, 7429495.077259328216314 ], [ 5698647.283292863518, 7429461.792540773749352 ], [ 5698658.152675356715918, 7429457.113318739458919 ], [ 5698668.952602185308933, 7429454.24419367313385 ], [ 5698681.297613706439734, 7429452.395909016951919 ], [ 5698692.399097614921629, 7429452.914484473876655 ], [ 5698704.295648608356714, 7429455.526216853410006 ], [ 5698709.719214499928057, 7429452.618276011198759 ], [ 5698725.42974394839257, 7429444.199449483305216 ], [ 5698730.163212413899601, 7429441.669502275064588 ], [ 5698905.111483900807798, 7429360.282071003690362 ], [ 5699125.142082043923438, 7429257.923572484403849 ], [ 5699332.356656051240861, 7429205.827506523579359 ], [ 5699441.336681982502341, 7429178.433873139321804 ], [ 5699467.050658539868891, 7429173.394128760322928 ], [ 5699456.698622292838991, 7429139.714763978496194 ], [ 5699453.389004249125719, 7429132.095494241453707 ], [ 5699448.071037089452147, 7429124.73748055845499 ], [ 5699440.529820593073964, 7429119.848043447360396 ], [ 5699418.728367937728763, 7429105.654324922710657 ], [ 5699409.075475449673831, 7429098.153324373066425 ], [ 5699400.224280262365937, 7429088.930619331076741 ], [ 5699335.754880131222308, 7429016.71500376611948 ], [ 5699325.391073954291642, 7429004.529248725622892 ], [ 5699315.280638878233731, 7428990.95974460337311 ], [ 5699305.573763493448496, 7428976.367537043988705 ], [ 5699285.767256601713598, 7428941.62468090467155 ], [ 5699278.626277570612729, 7428928.607806794345379 ], [ 5699269.631272970698774, 7428914.763054165989161 ], [ 5699212.79385148640722, 7428823.653043353930116 ], [ 5699201.691357306204736, 7428806.404623720794916 ], [ 5699188.724938769824803, 7428790.972186733037233 ], [ 5699123.034604924730957, 7428725.739811861887574 ], [ 5699025.337759358808398, 7428642.106070865876973 ], [ 5699013.955664391629398, 7428633.804694451391697 ], [ 5698984.865124864503741, 7428614.820894269272685 ], [ 5698970.732990611344576, 7428604.071619151160121 ], [ 5698955.50749603100121, 7428590.551612257957458 ], [ 5698942.093998529948294, 7428576.299967316910625 ], [ 5698880.904524389654398, 7428500.885418403893709 ], [ 5698837.78541708458215, 7428426.321284057572484 ], [ 5698819.133651191368699, 7428399.811414425261319 ], [ 5698808.933746478520334, 7428387.606735028326511 ], [ 5698798.05594529863447, 7428377.798293367028236 ], [ 5698673.083303879015148, 7428278.150796826928854 ], [ 5698659.31981451716274, 7428266.279962745495141 ], [ 5698651.901022545993328, 7428259.165070798248053 ], [ 5698633.283656287938356, 7428241.297473101876676 ], [ 5698596.381763915531337, 7428203.460989816114306 ], [ 5698581.258469602093101, 7428185.74234159104526 ], [ 5698569.743811946362257, 7428169.751106329262257 ], [ 5698558.90777440648526, 7428153.137015836313367 ], [ 5698524.710000415332615, 7428109.943104639649391 ], [ 5698515.376445963047445, 7428096.515594687312841 ], [ 5698503.243562162853777, 7428074.084236649796367 ], [ 5698498.401518979109824, 7428063.502845210954547 ], [ 5698489.518762812949717, 7428039.291176062077284 ], [ 5698488.058257644996047, 7428036.782989345490932 ], [ 5698486.607986317016184, 7428034.274324306286871 ], [ 5698483.68697770871222, 7428029.257950779050589 ], [ 5698429.922384449280798, 7427963.433572504669428 ], [ 5698413.102909273467958, 7427942.983488669618964 ], [ 5698406.055416749790311, 7427935.248917968943715 ], [ 5698398.082176885567605, 7427928.115283101797104 ], [ 5698390.092554808594286, 7427921.729692358523607 ], [ 5698382.205346034839749, 7427916.220434812828898 ], [ 5698372.33530985750258, 7427910.636538456194103 ], [ 5698362.715997209772468, 7427905.810507724061608 ], [ 5698288.924476792104542, 7427868.827701032161713 ], [ 5698221.451027351431549, 7427834.928915226832032 ], [ 5698156.815592824481428, 7427802.503414126113057 ], [ 5698120.260379898361862, 7427784.157510245218873 ], [ 5698069.822951260022819, 7427758.853483879938722 ], [ 5698043.50398572254926, 7427830.059208084829152 ], [ 5697944.379853286780417, 7428098.198096752166748 ], [ 5697864.569160742685199, 7428314.094679327681661 ], [ 5697844.106360904872417, 7428360.488687278702855 ], [ 5697830.80385357234627, 7428390.632565027102828 ], [ 5697826.530504930764437, 7428400.390459049493074 ], [ 5697822.235644008032978, 7428410.127047745510936 ], [ 5697798.035871479660273, 7428457.108042554929852 ] ] ], [ [ [ 5699977.933769383467734, 7429463.196841446682811 ], [ 5699980.98553900886327, 7429459.362097458913922 ], [ 5700043.63989778328687, 7429380.884665666148067 ], [ 5699810.57856373488903, 7429210.556534588336945 ], [ 5699755.061471253633499, 7429287.248904008418322 ], [ 5699752.219061680138111, 7429291.174183597788215 ], [ 5699851.994859714992344, 7429366.019639134407043 ], [ 5699938.580858170986176, 7429430.975270801223814 ], [ 5699977.933769383467734, 7429463.196841446682811 ] ] ] ] } },
{ "type": "Feature", "properties": { "lv_id": "LOC_052403", "id": 297606.0, "CD_SETOR": "352050905000093", "SITUACAO": "Urbana", "CD_SIT": "1", "CD_TIPO": "0", "AREA_KM2": 0.083845902753886994, "CD_REGIAO": "3", "NM_REGIAO": "Sudeste", "CD_UF": "35", "NM_UF": "São Paulo", "CD_MUN": "3520509", "NM_MUN": "Indaiatuba", "CD_DIST": "352050905", "NM_DIST": "Indaiatuba", "CD_SUBDIST": "35205090500", "NM_SUBDIST": null, "CD_BAIRRO": null, "NM_BAIRRO": null, "CD_NU": null, "NM_NU": null, "CD_FCU": null, "NM_FCU": null, "CD_AGLOM": null, "NM_AGLOM": null, "CD_RGINT": "3510", "NM_RGINT": "Campinas", "CD_RGI": "350038", "NM_RGI": "Campinas", "CD_CONCURB": "3520509", "NM_CONCURB": "Indaiatuba", "mun_code_x": "3520509", "index_right": 84001, "dist_m": 228.19574188100569, "local_id": 568440, "ano": 2022, "cod_localidade_ibge": 3520509, "NR_ZONA": "211", "nr_cep": 13330000.0, "nm_localidade": "INDAIATUBA", "nm_locvot": "EMEB. PROF. MARIA NAZARETH PIMENTEL", "ds_endereco": "RUA ZEPHIRO PUCCINELLI, SEM NÚMERO", "ds_bairro": "JARDIM MORADA DO SOL", "pred_long": -47.234347, "pred_lat": -23.118893, "pred_dist": 0.0, "tse_long": -47.2343817, "tse_lat": -23.1187525, "long": -47.2343817, "lat": -23.1187525, "ID_UNICO": "LOC_052403", "SG_UF": "SP", "CD_MUNICIPIO": "65110", "NR_LOCAL_VOTACAO": "1988", "QT_SECOES_AGREGADAS": 0, "QT_ELEITORES_TRANSFERIDOS": 42, "CIRO GOMES (PDT) (NÃO ELEITO) 1T": 44.0, "CONSTITUINTE EYMAEL (DC) (NÃO ELEITO) 1T": 0.0, "FELIPE D AVILA (NOVO) (NÃO ELEITO) 1T": 6.0, "JAIR BOLSONARO (PL) (2º TURNO) 1T": 698.0, "LULA (PT) (2º TURNO) 1T": 487.0, "LÉO PÉRICLES (UP) (NÃO ELEITO) 1T": 0.0, "PADRE KELMON (PTB) (NÃO ELEITO) 1T": 1.0, "SIMONE TEBET (MDB) (NÃO ELEITO) 1T": 78.0, "SOFIA MANZANO (PCB) (NÃO ELEITO) 1T": 1.0, "SORAYA THRONICKE (UNIÃO) (NÃO ELEITO) 1T": 8.0, "VERA (PSTU) (NÃO ELEITO) 1T": 0.0, "Total_Votos_Validos 1T": 1323.0, "Votos_Brancos 1T": 45.0, "Votos_Nulos 1T": 43.0, "Abstenções 1T": 403.0, "Eleitores_Aptos 1T": 1814.0, "JAIR BOLSONARO (PL) (NÃO ELEITO) 2T": 821.0, "LULA (PT) (ELEITO) 2T": 524.0, "Total_Votos_Validos 2T": 1345.0, "Votos_Brancos 2T": 27.0, "Votos_Nulos 2T": 51.0, "Abstenções 2T": 391.0, "Eleitores_Aptos 2T": 1814.0, "mun_code_y": "3520509", "mun_code": "3520509" }, "geometry": { "type": "Polygon", "coordinates": [ [ [ 5692805.093476846814156, 7425915.813941838219762 ], [ 5692790.711580956354737, 7425852.590210128575563 ], [ 5692663.717568823136389, 7425894.69416537694633 ], [ 5692495.822468086145818, 7425950.370411589741707 ], [ 5692515.87828703224659, 7426011.702663780190051 ], [ 5692535.7907908661291, 7426072.595492128282785 ], [ 5692556.002449395135045, 7426134.411241736263037 ], [ 5692575.316431962884963, 7426193.447145216166973 ], [ 5692396.443787867203355, 7426253.076349295675755 ], [ 5692416.928819864988327, 7426315.715893611311913 ], [ 5692436.864445516839623, 7426376.674653572030365 ], [ 5692456.788369975984097, 7426437.600514799356461 ], [ 5692479.841342613101006, 7426508.083657196722925 ], [ 5692501.830762401223183, 7426575.303950742818415 ], [ 5692522.029940688051283, 7426637.075812684372067 ], [ 5692541.7385876160115, 7426697.331439804285765 ], [ 5692561.830376097001135, 7426758.773747550323606 ], [ 5692581.539173515513539, 7426819.029397482052445 ], [ 5692602.000347434543073, 7426881.580974828451872 ], [ 5692621.840913151390851, 7426942.243174571543932 ], [ 5692775.687418296933174, 7426891.190682422369719 ], [ 5692782.176677292212844, 7426888.268913735635579 ], [ 5692788.432803804054856, 7426884.298495763912797 ], [ 5692793.53611633554101, 7426878.463368407450616 ], [ 5692795.144269489683211, 7426872.221601789817214 ], [ 5692794.687994698993862, 7426866.131356162950397 ], [ 5692793.000423245131969, 7426859.139135559089482 ], [ 5692780.983081392012537, 7426822.392437167465687 ], [ 5692948.258397869765759, 7426767.067954384721816 ], [ 5693103.381590096279979, 7427136.437468954361975 ], [ 5693157.641889983788133, 7427260.921831307932734 ], [ 5693166.94991940073669, 7427288.526755286380649 ], [ 5693172.394424346275628, 7427280.757478911429644 ], [ 5693193.962196518667042, 7427250.013508711010218 ], [ 5693208.072304273955524, 7427235.384905209764838 ], [ 5693226.476036349311471, 7427223.345099015161395 ], [ 5693250.715533332899213, 7427212.428467493504286 ], [ 5693283.662115031853318, 7427202.412500292062759 ], [ 5693279.545829427428544, 7427196.347097259946167 ], [ 5693275.516010234132409, 7427187.277709983289242 ], [ 5693265.691817334853113, 7427156.061108564957976 ], [ 5693249.181268824264407, 7427103.5862747579813 ], [ 5693233.067217722535133, 7427052.3644127715379 ], [ 5693213.687185191549361, 7427000.591544344089925 ], [ 5693194.867543988861144, 7426950.51013155747205 ], [ 5693175.824683744460344, 7426899.814559582620859 ], [ 5693149.859987687319517, 7426850.890037383884192 ], [ 5693124.969411890022457, 7426803.677729153074324 ], [ 5693100.943677545525134, 7426753.659521762281656 ], [ 5693078.841541364789009, 7426702.882912904024124 ], [ 5693058.92101114615798, 7426651.826632237061858 ], [ 5693046.605482823215425, 7426597.807798869907856 ], [ 5693249.814565368928015, 7426530.651486316695809 ], [ 5693425.44996072165668, 7426472.612462313845754 ], [ 5693405.599016325548291, 7426412.240896844305098 ], [ 5693405.3726257821545, 7426411.559963358566165 ], [ 5693385.737915167585015, 7426351.869817851111293 ], [ 5693199.442186713218689, 7426412.846012943424284 ], [ 5693031.569724124856293, 7426467.789822866208851 ], [ 5693024.50855578109622, 7426401.683455344289541 ], [ 5693023.789472507312894, 7426395.014313694089651 ], [ 5693016.756611586548388, 7426329.520014369860291 ], [ 5693157.007365044206381, 7426282.872976155020297 ], [ 5693342.720979042351246, 7426221.098603880032897 ], [ 5693319.517022302374244, 7426150.544575985521078 ], [ 5693300.204802840948105, 7426091.832077225670218 ], [ 5693279.758150750771165, 7426029.659283776767552 ], [ 5693259.658849840983748, 7425968.563305530697107 ], [ 5693074.680644514970481, 7426030.649123275652528 ], [ 5692982.42348069511354, 7426061.618916316889226 ], [ 5692973.796666164882481, 7425995.808308829553425 ], [ 5692965.393495880998671, 7425931.727083476260304 ], [ 5692960.957822407595813, 7425933.148566453717649 ], [ 5692823.761000053957105, 7425977.03214898519218 ], [ 5692819.345249100588262, 7425978.441506024450064 ], [ 5692805.093476846814156, 7425915.813941838219762 ] ] ] } },
{ "type": "Feature", "properties": { "lv_id": "LOC_052404", "id": 297580.0, "CD_SETOR": "352050905000053", "SITUACAO": "Urbana", "CD_SIT": "1", "CD_TIPO": "0", "AREA_KM2": 0.13006059200664599, "CD_REGIAO": "3", "NM_REGIAO": "Sudeste", "CD_UF": "35", "NM_UF": "São Paulo", "CD_MUN": "3520509", "NM_MUN": "Indaiatuba", "CD_DIST": "352050905", "NM_DIST": "Indaiatuba", "CD_SUBDIST": "35205090500", "NM_SUBDIST": null, "CD_BAIRRO": null, "NM_BAIRRO": null, "CD_NU": null, "NM_NU": null, "CD_FCU": null, "NM_FCU": null, "CD_AGLOM": null, "NM_AGLOM": null, "CD_RGINT": "3510", "NM_RGINT": "Campinas", "CD_RGI": "350038", "NM_RGI": "Campinas", "CD_CONCURB": "3520509", "NM_CONCURB": "Indaiatuba", "mun_code_x": "3520509", "index_right": 83975, "dist_m": 97.691997447922816, "local_id": 568414, "ano": 2022, "cod_localidade_ibge": 3520509, "NR_ZONA": "211", "nr_cep": 13330000.0, "nm_localidade": "INDAIATUBA", "nm_locvot": "EMEB. PROF. WELLINGTON LOMBARDI SOARES", "ds_endereco": "RUA DOS TAMOIOS, 716 - GLEBA I", "ds_bairro": "JARDIM DR. CARLOS AUGUSTO CAMARGO ANDRADE", "pred_long": -47.192412, "pred_lat": -23.076596, "pred_dist": 0.0, "tse_long": -47.1921475, "tse_lat": -23.0763903, "long": -47.1921475, "lat": -23.0763903, "ID_UNICO": "LOC_052404", "SG_UF": "SP", "CD_MUNICIPIO": "65110", "NR_LOCAL_VOTACAO": "1970", "QT_SECOES_AGREGADAS": 0, "QT_ELEITORES_TRANSFERIDOS": 32, "CIRO GOMES (PDT) (NÃO ELEITO) 1T": 39.0, "CONSTITUINTE EYMAEL (DC) (NÃO ELEITO) 1T": 0.0, "FELIPE D AVILA (NOVO) (NÃO ELEITO) 1T": 7.0, "JAIR BOLSONARO (PL) (2º TURNO) 1T": 668.0, "LULA (PT) (2º TURNO) 1T": 366.0, "LÉO PÉRICLES (UP) (NÃO ELEITO) 1T": 0.0, "PADRE KELMON (PTB) (NÃO ELEITO) 1T": 0.0, "SIMONE TEBET (MDB) (NÃO ELEITO) 1T": 82.0, "SOFIA MANZANO (PCB) (NÃO ELEITO) 1T": 1.0, "SORAYA THRONICKE (UNIÃO) (NÃO ELEITO) 1T": 8.0, "VERA (PSTU) (NÃO ELEITO) 1T": 0.0, "Total_Votos_Validos 1T": 1171.0, "Votos_Brancos 1T": 30.0, "Votos_Nulos 1T": 60.0, "Abstenções 1T": 279.0, "Eleitores_Aptos 1T": 1540.0, "JAIR BOLSONARO (PL) (NÃO ELEITO) 2T": 758.0, "LULA (PT) (ELEITO) 2T": 416.0, "Total_Votos_Validos 2T": 1174.0, "Votos_Brancos 2T": 21.0, "Votos_Nulos 2T": 65.0, "Abstenções 2T": 280.0, "Eleitores_Aptos 2T": 1540.0, "mun_code_y": "3520509", "mun_code": "3520509" }, "geometry": { "type": "Polygon", "coordinates": [ [ [ 5697674.636301908642054, 7430637.951139443553984 ], [ 5697689.879152225330472, 7430615.034261807799339 ], [ 5697686.807211206294596, 7430612.723809631541371 ], [ 5697459.572855887934566, 7430441.633713208138943 ], [ 5697455.640344439074397, 7430438.683013636618853 ], [ 5697451.962798506952822, 7430435.921183636412024 ], [ 5697327.47654325235635, 7430341.926102361641824 ], [ 5697291.662328099831939, 7430391.185984832234681 ], [ 5697223.816990588791668, 7430338.627250087447464 ], [ 5697219.192896193824708, 7430344.843150777742267 ], [ 5697157.80152518954128, 7430425.965706464834511 ], [ 5697154.873676385730505, 7430429.838441028259695 ], [ 5697090.224729934707284, 7430515.261254904791713 ], [ 5697033.151484322734177, 7430470.676118953153491 ], [ 5696966.852131634019315, 7430557.02267100289464 ], [ 5696902.631383282132447, 7430640.662055069580674 ], [ 5696843.932387625798583, 7430717.106578150764108 ], [ 5696783.147281859070063, 7430680.489364001899958 ], [ 5696777.564691384322941, 7430677.124629479832947 ], [ 5696704.701522244140506, 7430813.874221993610263 ], [ 5696671.246462264098227, 7430876.673053524456918 ], [ 5696633.746964114718139, 7430931.027616262435913 ], [ 5696596.246614840812981, 7430985.370885926298797 ], [ 5696568.482734209857881, 7431025.63182020559907 ], [ 5696558.63189435750246, 7431039.908900154754519 ], [ 5696523.351575763896108, 7431091.047954888083041 ], [ 5696482.764845655299723, 7431069.694374028593302 ], [ 5696449.271962445229292, 7431134.367688490077853 ], [ 5696505.218545474112034, 7431158.67579984292388 ], [ 5696514.452130167745054, 7431162.684894965961576 ], [ 5696578.218668072484434, 7431190.376217009499669 ], [ 5696639.965482406318188, 7431217.202211359515786 ], [ 5696704.329348754137754, 7431245.155317676253617 ], [ 5696711.961295256391168, 7431248.469335170462728 ], [ 5696700.574898787774146, 7431280.919276231899858 ], [ 5696683.325970784761012, 7431330.036989077925682 ], [ 5696663.385837720707059, 7431386.80817642994225 ], [ 5696640.666009581647813, 7431451.538055725395679 ], [ 5696819.365752343088388, 7431519.215512150898576 ], [ 5696811.56982896476984, 7431527.608633916825056 ], [ 5696827.725848889909685, 7431555.196228433400393 ], [ 5696850.376916844397783, 7431593.857490886002779 ], [ 5696834.637785413302481, 7431604.605672266334295 ], [ 5696811.960401033982635, 7431624.766540879383683 ], [ 5696790.315866029821336, 7431634.261623788625002 ], [ 5696768.057465463876724, 7431630.32358683180064 ], [ 5696722.274090318009257, 7431612.84790523070842 ], [ 5696669.302822263911366, 7431602.721908990293741 ], [ 5696657.170230179093778, 7431602.338630921207368 ], [ 5696648.351601048372686, 7431609.697392866015434 ], [ 5696628.462951968424022, 7431654.565748359076679 ], [ 5696741.752839780412614, 7431684.580539056099951 ], [ 5696796.216857052408159, 7431699.008867725729942 ], [ 5696852.872842350043356, 7431714.026471184566617 ], [ 5696860.205477076582611, 7431715.971455668099225 ], [ 5696863.071986782364547, 7431716.730240711942315 ], [ 5697207.40780384093523, 7431820.880699365399778 ], [ 5697307.138662749901414, 7431854.20031966175884 ], [ 5697481.739899219945073, 7431912.549661620520055 ], [ 5697519.968273337930441, 7431848.924178253859282 ], [ 5697552.86465132702142, 7431794.179518189281225 ], [ 5697586.559989638626575, 7431738.092553040012717 ], [ 5697620.255008253268898, 7431682.005446206778288 ], [ 5697690.399761166423559, 7431561.370914440602064 ], [ 5697719.693793161772192, 7431513.898003777489066 ], [ 5697721.776931260712445, 7431509.283844282850623 ], [ 5697726.914937694557011, 7431503.523483116179705 ], [ 5697735.887868577614427, 7431489.130206202156842 ], [ 5697810.49864196497947, 7431412.274645051918924 ], [ 5697859.602605842985213, 7431356.259903341531754 ], [ 5697805.475474214181304, 7431331.882165533490479 ], [ 5697763.512478727847338, 7431365.000806799158454 ], [ 5697741.150194559246302, 7431371.396940267644823 ], [ 5697680.240296248346567, 7431370.779057779349387 ], [ 5697625.942737065255642, 7431366.986337946727872 ], [ 5697594.706695205532014, 7431398.288264628499746 ], [ 5697470.08215912990272, 7431336.530901486054063 ], [ 5697466.114540984854102, 7431337.240008737891912 ], [ 5697464.887316048145294, 7431341.290031343698502 ], [ 5697455.389897901564837, 7431340.438882922753692 ], [ 5697453.944081226363778, 7431342.435758106410503 ], [ 5697439.03808010648936, 7431358.51061131618917 ], [ 5697432.809338302351534, 7431340.598950460553169 ], [ 5697427.21476957667619, 7431334.558141952380538 ], [ 5697421.623616513796151, 7431321.312243130989373 ], [ 5697417.042691330425441, 7431316.774483225308359 ], [ 5697411.80236101616174, 7431310.851002996787429 ], [ 5697410.120437970384955, 7431302.698364851996303 ], [ 5697407.898747563362122, 7431288.012834137305617 ], [ 5697397.204495623707771, 7431256.133637389168143 ], [ 5697384.177311714738607, 7431219.968826692551374 ], [ 5697355.05576828494668, 7431110.140332046896219 ], [ 5697367.167748755775392, 7431106.9995141569525 ], [ 5697429.66457364987582, 7431095.889307264238596 ], [ 5697474.889609263278544, 7431072.701966917142272 ], [ 5697517.957130385562778, 7431005.125018525868654 ], [ 5697504.919028088450432, 7430996.955234066583216 ], [ 5697500.375893577001989, 7430994.111038316041231 ], [ 5697495.938222242519259, 7430991.328844733536243 ], [ 5697443.686494004912674, 7430958.275040782988071 ], [ 5697603.317858872003853, 7430747.767454046756029 ], [ 5697646.874772923067212, 7430694.275631424039602 ], [ 5697641.418719771318138, 7430689.667244480922818 ], [ 5697651.960600801743567, 7430675.278783054091036 ], [ 5697674.636301908642054, 7430637.951139443553984 ] ] ] } },
{ "type": "Feature", "properties": { "lv_id": "LOC_052405", "id": 297595.0, "CD_SETOR": "352050905000069", "SITUACAO": "Urbana", "CD_SIT": "1", "CD_TIPO": "0", "AREA_KM2": 0.070833080345068994, "CD_REGIAO": "3", "NM_REGIAO": "Sudeste", "CD_UF": "35", "NM_UF": "São Paulo", "CD_MUN": "3520509", "NM_MUN": "Indaiatuba", "CD_DIST": "352050905", "NM_DIST": "Indaiatuba", "CD_SUBDIST": "35205090500", "NM_SUBDIST": null, "CD_BAIRRO": null, "NM_BAIRRO": null, "CD_NU": null, "NM_NU": null, "CD_FCU": null, "NM_FCU": null, "CD_AGLOM": null, "NM_AGLOM": null, "CD_RGINT": "3510", "NM_RGINT": "Campinas", "CD_RGI": "350038", "NM_RGI": "Campinas", "CD_CONCURB": "3520509", "NM_CONCURB": "Indaiatuba", "mun_code_x": "3520509", "index_right": 83969, "dist_m": 314.32010725696273, "local_id": 568408, "ano": 2022, "cod_localidade_ibge": 3520509, "NR_ZONA": "211", "nr_cep": 13330000.0, "nm_localidade": "INDAIATUBA", "nm_locvot": "CENTRO DE EDUCAÇÃO PROFISSIONAL DE INDAIATUBA CEPIN", "ds_endereco": "AVENIDA ENGENHEIRO FÁBIO ROBERTO BARNABÉ, 3405", "ds_bairro": "JARDIM REGINA", "pred_long": -47.2273949, "pred_lat": -23.097083, "pred_dist": 0.0, "tse_long": -47.2287463, "tse_lat": -23.097562, "long": -47.2287463, "lat": -23.097562, "ID_UNICO": "LOC_052405", "SG_UF": "SP", "CD_MUNICIPIO": "65110", "NR_LOCAL_VOTACAO": "1953", "QT_SECOES_AGREGADAS": 0, "QT_ELEITORES_TRANSFERIDOS": 127, "CIRO GOMES (PDT) (NÃO ELEITO) 1T": 177.0, "CONSTITUINTE EYMAEL (DC) (NÃO ELEITO) 1T": 0.0, "FELIPE D AVILA (NOVO) (NÃO ELEITO) 1T": 51.0, "JAIR BOLSONARO (PL) (2º TURNO) 1T": 2495.0, "LULA (PT) (2º TURNO) 1T": 1164.0, "LÉO PÉRICLES (UP) (NÃO ELEITO) 1T": 4.0, "PADRE KELMON (PTB) (NÃO ELEITO) 1T": 1.0, "SIMONE TEBET (MDB) (NÃO ELEITO) 1T": 358.0, "SOFIA MANZANO (PCB) (NÃO ELEITO) 1T": 7.0, "SORAYA THRONICKE (UNIÃO) (NÃO ELEITO) 1T": 17.0, "VERA (PSTU) (NÃO ELEITO) 1T": 1.0, "Total_Votos_Validos 1T": 4275.0, "Votos_Brancos 1T": 66.0, "Votos_Nulos 1T": 157.0, "Abstenções 1T": 699.0, "Eleitores_Aptos 1T": 5197.0, "JAIR BOLSONARO (PL) (NÃO ELEITO) 2T": 2867.0, "LULA (PT) (ELEITO) 2T": 1345.0, "Total_Votos_Validos 2T": 4212.0, "Votos_Brancos 2T": 82.0, "Votos_Nulos 2T": 192.0, "Abstenções 2T": 711.0, "Eleitores_Aptos 2T": 5197.0, "mun_code_y": "3520509", "mun_code": "3520509" }, "geometry": { "type": "Polygon", "coordinates": [ [ [ 5693632.337278822436929, 7427943.795888389460742 ], [ 5693627.96858842112124, 7427945.34811762906611 ], [ 5693348.883834538981318, 7428044.920397811569273 ], [ 5693344.515601243823767, 7428046.48365939874202 ], [ 5693347.993572548031807, 7428052.935603125020862 ], [ 5693356.855668581090868, 7428069.353242271579802 ], [ 5693371.737645799294114, 7428094.848350621759892 ], [ 5693377.454257002100348, 7428109.114562969654799 ], [ 5693381.685397563502192, 7428120.092855516821146 ], [ 5693386.584721175022423, 7428140.185040763579309 ], [ 5693388.996620742604136, 7428163.035740120336413 ], [ 5693389.26318795979023, 7428170.785380558110774 ], [ 5693389.411984713748097, 7428174.235581601969898 ], [ 5693160.567679635249078, 7428273.65751071088016 ], [ 5693135.240167178213596, 7428214.364708749577403 ], [ 5692940.726600776426494, 7428298.88569447118789 ], [ 5692965.821589290164411, 7428358.267466037534177 ], [ 5692813.700923952274024, 7428424.359733123332262 ], [ 5692839.288657329976559, 7428483.54033235553652 ], [ 5692864.976981106214225, 7428543.340801728889346 ], [ 5692941.893241027370095, 7428720.84214485809207 ], [ 5692967.412455701269209, 7428779.858691517263651 ], [ 5692992.840135997161269, 7428838.667600430548191 ], [ 5692757.472486678510904, 7428941.047197995707393 ], [ 5692550.443388464860618, 7429031.091134050861001 ], [ 5692556.51939754281193, 7429057.139775180257857 ], [ 5692565.317790558561683, 7429101.697471105493605 ], [ 5692569.829773867502809, 7429132.959694425575435 ], [ 5692565.71992776542902, 7429164.743998050689697 ], [ 5692558.021802561357617, 7429190.125926689244807 ], [ 5692550.607915173284709, 7429208.346179433166981 ], [ 5692540.189985638484359, 7429225.701886090449989 ], [ 5692526.254014120437205, 7429241.280070818960667 ], [ 5692507.0079394755885, 7429261.35313836298883 ], [ 5692484.302866293117404, 7429282.701584041118622 ], [ 5692470.320835187099874, 7429303.05490648932755 ], [ 5692461.7404301520437, 7429320.894159585237503 ], [ 5692454.988705136813223, 7429344.347419015131891 ], [ 5692451.892966546118259, 7429371.010427573695779 ], [ 5692453.890540982596576, 7429396.032386306673288 ], [ 5692461.961420748382807, 7429432.404691341333091 ], [ 5692463.91779791098088, 7429441.224595395848155 ], [ 5692531.544206576421857, 7429649.045414604246616 ], [ 5692553.345641287043691, 7429720.189741268754005 ], [ 5692567.738062052056193, 7429760.406753707677126 ], [ 5692573.969520865939558, 7429784.273589353077114 ], [ 5692579.80089058727026, 7429815.017493598163128 ], [ 5692580.854446713812649, 7429847.131336493417621 ], [ 5692580.358658169396222, 7429860.592568408697844 ], [ 5692587.377497409470379, 7429863.99231293424964 ], [ 5692597.959229614585638, 7429870.137745959684253 ], [ 5692608.037344543263316, 7429873.81958044692874 ], [ 5692635.114188671112061, 7429873.803427468985319 ], [ 5692712.307556115090847, 7429869.402770375832915 ], [ 5692921.548145411536098, 7429859.296637524850667 ], [ 5692962.194076634012163, 7429856.164246270433068 ], [ 5692973.597005393356085, 7429855.223235631361604 ], [ 5692980.780432335101068, 7429845.767886474728584 ], [ 5692990.333111813291907, 7429837.864417647942901 ], [ 5692999.064761677756906, 7429837.047167749144137 ], [ 5693012.931244136765599, 7429840.140576656907797 ], [ 5693024.744422129355371, 7429848.291852785274386 ], [ 5693033.307900389656425, 7429852.043625061400235 ], [ 5693120.833944901823997, 7429848.399901906959713 ], [ 5693254.308177072554827, 7429844.05323170311749 ], [ 5693254.110909342765808, 7429841.341229040175676 ], [ 5693248.98538554366678, 7429735.87786959297955 ], [ 5693189.672333214432001, 7429754.742371898144484 ], [ 5693181.658026175573468, 7429730.93583163805306 ], [ 5693181.487970037385821, 7429730.363798467442393 ], [ 5693180.497451189905405, 7429725.580797592177987 ], [ 5693352.272007883526385, 7429669.216545748524368 ], [ 5693357.261345574632287, 7429667.100473780184984 ], [ 5693361.866527168080211, 7429663.775462137535214 ], [ 5693365.233059382997453, 7429659.615699730813503 ], [ 5693383.478855579160154, 7429629.238450014032423 ], [ 5693384.735698418691754, 7429625.812183426693082 ], [ 5693385.161283114925027, 7429621.710715835914016 ], [ 5693385.046306919306517, 7429618.782998288981616 ], [ 5693384.481009248644114, 7429615.876161959022284 ], [ 5693376.526053413748741, 7429591.364300480112433 ], [ 5693357.293575486168265, 7429532.156493088230491 ], [ 5693583.947401568293571, 7429458.065550745464861 ], [ 5693596.378007365390658, 7429453.630234634503722 ], [ 5693608.927673706784844, 7429448.665223680436611 ], [ 5693647.105183622799814, 7429430.344132230617106 ], [ 5693658.828139191493392, 7429423.030819643288851 ], [ 5693670.107485927641392, 7429414.332879107445478 ], [ 5693703.258949101902544, 7429385.817319282330573 ], [ 5693708.059421292506158, 7429384.055574269965291 ], [ 5693919.962692220695317, 7429277.453275986015797 ], [ 5693924.547677689231932, 7429277.240477917715907 ], [ 5693918.839665953069925, 7429202.282422790303826 ], [ 5693907.284769171848893, 7429123.101329989731312 ], [ 5693883.252910324372351, 7429037.161083333194256 ], [ 5693893.75054438225925, 7428931.673940406180918 ], [ 5693912.242132413201034, 7428888.057258448563516 ], [ 5693930.070455986075103, 7428863.776141015812755 ], [ 5693941.206253114156425, 7428848.894888276234269 ], [ 5693966.437151914462447, 7428832.757047697901726 ], [ 5693988.262831287458539, 7428818.829285701736808 ], [ 5694044.914074618369341, 7428811.236275846138597 ], [ 5694070.391795359551907, 7428813.265243041329086 ], [ 5694195.176879045553505, 7428823.218111526221037 ], [ 5694190.582131682895124, 7428785.1561882738024 ], [ 5694202.161694370210171, 7428779.856324820779264 ], [ 5694191.69556869007647, 7428711.152400124818087 ], [ 5694224.836139148101211, 7428713.661629026755691 ], [ 5694243.956757431849837, 7428714.178805825300515 ], [ 5694241.614353558979928, 7428710.551513465121388 ], [ 5694237.157147152349353, 7428700.241728303954005 ], [ 5694233.526416122913361, 7428688.733699562959373 ], [ 5694231.982211844064295, 7428676.660359274595976 ], [ 5694232.671479222364724, 7428665.64314510859549 ], [ 5694235.599823512136936, 7428654.254276374354959 ], [ 5694181.241726173087955, 7428642.492526872083545 ], [ 5694298.289082194678485, 7428430.924390707165003 ], [ 5694251.852800970897079, 7428400.438098785467446 ], [ 5694240.59832461271435, 7428393.053760550916195 ], [ 5694188.524036832153797, 7428358.858952289447188 ], [ 5694165.177955331280828, 7428309.656775549054146 ], [ 5694248.77458174712956, 7428270.331037262454629 ], [ 5694339.085467072203755, 7428227.84886793140322 ], [ 5694343.242631629109383, 7428225.715183611959219 ], [ 5694348.782620614394546, 7428222.881555989384651 ], [ 5694352.939782312139869, 7428220.74786832369864 ], [ 5694265.135517643764615, 7428047.658398984000087 ], [ 5694260.740793466567993, 7428049.312400819733739 ], [ 5694254.932470418512821, 7428051.444717878475785 ], [ 5694250.469721459783614, 7428053.179943978786469 ], [ 5694189.572231533937156, 7428082.819608009420335 ], [ 5694082.299122245050967, 7428135.033156786113977 ], [ 5693914.327693927101791, 7428216.796644447371364 ], [ 5693942.767779109999537, 7428277.238242315128446 ], [ 5693925.687883431091905, 7428285.336152171716094 ], [ 5693765.770366379991174, 7428361.247451918199658 ], [ 5693741.710021994076669, 7428300.80314047075808 ], [ 5693739.609201023355126, 7428293.975027430802584 ], [ 5693723.929165505804121, 7428243.07849514298141 ], [ 5693706.13761951867491, 7428185.343207327648997 ], [ 5693688.35518042370677, 7428127.13911053724587 ], [ 5693651.980588535778224, 7428008.080823160707951 ], [ 5693632.337278822436929, 7427943.795888389460742 ] ] ] } },
{ "type": "Feature", "properties": { "lv_id": "LOC_052406", "id": 297624.0, "CD_SETOR": "352050905000126", "SITUACAO": "Urbana", "CD_SIT": "1", "CD_TIPO": "0", "AREA_KM2": 0.063174427188976007, "CD_REGIAO": "3", "NM_REGIAO": "Sudeste", "CD_UF": "35", "NM_UF": "São Paulo", "CD_MUN": "3520509", "NM_MUN": "Indaiatuba", "CD_DIST": "352050905", "NM_DIST": "Indaiatuba", "CD_SUBDIST": "35205090500", "NM_SUBDIST": null, "CD_BAIRRO": null, "NM_BAIRRO": null, "CD_NU": null, "NM_NU": null, "CD_FCU": null, "NM_FCU": null, "CD_AGLOM": null, "NM_AGLOM": null, "CD_RGINT": "3510", "NM_RGINT": "Campinas", "CD_RGI": "350038", "NM_RGI": "Campinas", "CD_CONCURB": "3520509", "NM_CONCURB": "Indaiatuba", "mun_code_x": "3520509", "index_right": 84000, "dist_m": 96.636980445900051, "local_id": 568439, "ano": 2022, "cod_localidade_ibge": 3520509, "NR_ZONA": "211", "nr_cep": 13330000.0, "nm_localidade": "INDAIATUBA", "nm_locvot": "EMEB. PROF. MARIA IGNEZ PINEZZI", "ds_endereco": "RUA ANTONIO MAGNUSSON, 82", "ds_bairro": "CONJUNTO HABITACIONAL JOÃO PIOLI", "pred_long": -47.237526, "pred_lat": -23.109545, "pred_dist": 0.0, "tse_long": -47.2375431, "tse_lat": -23.1096005, "long": -47.2375431, "lat": -23.1096005, "ID_UNICO": "LOC_052406", "SG_UF": "SP", "CD_MUNICIPIO": "65110", "NR_LOCAL_VOTACAO": "2070", "QT_SECOES_AGREGADAS": 0, "QT_ELEITORES_TRANSFERIDOS": 32, "CIRO GOMES (PDT) (NÃO ELEITO) 1T": 81.0, "CONSTITUINTE EYMAEL (DC) (NÃO ELEITO) 1T": 0.0, "FELIPE D AVILA (NOVO) (NÃO ELEITO) 1T": 11.0, "JAIR BOLSONARO (PL) (2º TURNO) 1T": 1291.0, "LULA (PT) (2º TURNO) 1T": 889.0, "LÉO PÉRICLES (UP) (NÃO ELEITO) 1T": 1.0, "PADRE KELMON (PTB) (NÃO ELEITO) 1T": 0.0, "SIMONE TEBET (MDB) (NÃO ELEITO) 1T": 130.0, "SOFIA MANZANO (PCB) (NÃO ELEITO) 1T": 0.0, "SORAYA THRONICKE (UNIÃO) (NÃO ELEITO) 1T": 10.0, "VERA (PSTU) (NÃO ELEITO) 1T": 1.0, "Total_Votos_Validos 1T": 2414.0, "Votos_Brancos 1T": 76.0, "Votos_Nulos 1T": 93.0, "Abstenções 1T": 715.0, "Eleitores_Aptos 1T": 3298.0, "JAIR BOLSONARO (PL) (NÃO ELEITO) 2T": 1513.0, "LULA (PT) (ELEITO) 2T": 983.0, "Total_Votos_Validos 2T": 2496.0, "Votos_Brancos 2T": 59.0, "Votos_Nulos 2T": 114.0, "Abstenções 2T": 629.0, "Eleitores_Aptos 2T": 3298.0, "mun_code_y": "3520509", "mun_code": "3520509" }, "geometry": { "type": "Polygon", "coordinates": [ [ [ 5692581.539173515513539, 7426819.029397482052445 ], [ 5692561.830376097001135, 7426758.773747550323606 ], [ 5692541.7385876160115, 7426697.331439804285765 ], [ 5692385.015419996343553, 7426749.340585166588426 ], [ 5692205.152951262891293, 7426809.022309944964945 ], [ 5692225.411756271496415, 7426870.780344985425472 ], [ 5692245.16879905667156, 7426931.000359486788511 ], [ 5692265.463090889155865, 7426992.857149103656411 ], [ 5692285.471722804009914, 7427053.857331078499556 ], [ 5692107.00819047819823, 7427113.059188725426793 ], [ 5692066.870860986411572, 7427126.583951385691762 ], [ 5692079.434654721058905, 7427148.796608700416982 ], [ 5692097.747587974183261, 7427177.579092185012996 ], [ 5692101.782825375907123, 7427182.789715282618999 ], [ 5692105.587019545957446, 7427190.765598923899233 ], [ 5692167.731223630718887, 7427292.102091856300831 ], [ 5692172.166614220477641, 7427291.550859525799751 ], [ 5692204.804833250120282, 7427351.575595444068313 ], [ 5692214.982877261936665, 7427367.43059771694243 ], [ 5692265.514215531758964, 7427443.153562495484948 ], [ 5692269.289005728438497, 7427446.056614309549332 ], [ 5692261.570878251455724, 7427456.562655938789248 ], [ 5692248.068409841507673, 7427482.358566123060882 ], [ 5692215.069614306092262, 7427545.380090210586786 ], [ 5692181.929820790886879, 7427608.686785715632141 ], [ 5692145.905774170532823, 7427677.491069622337818 ], [ 5692095.228453397750854, 7427774.285261595621705 ], [ 5692203.733194166794419, 7427731.575976124964654 ], [ 5692222.457096844911575, 7427725.099009692668915 ], [ 5692239.705742940306664, 7427720.207048086449504 ], [ 5692258.169459770433605, 7427716.753142667934299 ], [ 5692273.813198998570442, 7427714.634298665449023 ], [ 5692289.395534898154438, 7427712.518282515928149 ], [ 5692325.080805802717805, 7427710.240228534676135 ], [ 5692326.793363234959543, 7427710.23893671669066 ], [ 5692374.170882781967521, 7427710.206987954676151 ], [ 5692382.948478630743921, 7427711.74068645760417 ], [ 5692390.509226092137396, 7427712.906992149539292 ], [ 5692403.526635708287358, 7427712.98400965705514 ], [ 5692417.328160374425352, 7427712.054444061592221 ], [ 5692430.373844165354967, 7427710.747266883030534 ], [ 5692438.283825825899839, 7427711.038652332499623 ], [ 5692443.523379482328892, 7427711.241906798444688 ], [ 5692455.724478439427912, 7427708.747117549180984 ], [ 5692466.966900350525975, 7427708.805975678376853 ], [ 5692467.951001703739166, 7427716.778736763633788 ], [ 5692469.967490362934768, 7427720.465845502912998 ], [ 5692473.673355044797063, 7427725.424062263220549 ], [ 5692478.625991944223642, 7427726.075536848977208 ], [ 5692486.33185204397887, 7427724.614325813949108 ], [ 5692492.398507006466389, 7427718.310999991372228 ], [ 5692493.829256469383836, 7427709.557183371856809 ], [ 5692509.673809382133186, 7427710.227962452918291 ], [ 5692550.917891588993371, 7427700.866611644625664 ], [ 5692594.587078656069934, 7427690.94663024507463 ], [ 5692638.509983470663428, 7427680.970136156305671 ], [ 5692681.356864466331899, 7427671.232972225174308 ], [ 5692724.78286812081933, 7427661.379603064619005 ], [ 5692760.119887570850551, 7427653.350948320701718 ], [ 5692767.294523432850838, 7427651.713468808680773 ], [ 5692791.822734912857413, 7427646.126392743550241 ], [ 5692809.992878335528076, 7427640.321104612201452 ], [ 5692826.647082616575062, 7427634.998720091767609 ], [ 5692837.847693674266338, 7427630.609500942751765 ], [ 5692825.637739538215101, 7427622.053215154446661 ], [ 5692808.920489558018744, 7427571.059941660612822 ], [ 5692794.985582193359733, 7427531.435565551742911 ], [ 5692785.59516888204962, 7427499.81962126493454 ], [ 5692776.166913127526641, 7427471.595701886340976 ], [ 5692754.497931642457843, 7427403.568497013300657 ], [ 5692727.512021905742586, 7427324.133837612345815 ], [ 5692731.382711363956332, 7427322.459951726719737 ], [ 5692877.476569747552276, 7427271.544010936282575 ], [ 5693091.024303167127073, 7427197.110425671562552 ], [ 5693128.99187708646059, 7427242.812807574868202 ], [ 5693166.94991940073669, 7427288.526755286380649 ], [ 5693157.641889983788133, 7427260.921831307932734 ], [ 5693103.381590096279979, 7427136.437468954361975 ], [ 5692948.258397869765759, 7426767.067954384721816 ], [ 5692780.983081392012537, 7426822.392437167465687 ], [ 5692793.000423245131969, 7426859.139135559089482 ], [ 5692794.687994698993862, 7426866.131356162950397 ], [ 5692795.144269489683211, 7426872.221601789817214 ], [ 5692793.53611633554101, 7426878.463368407450616 ], [ 5692788.432803804054856, 7426884.298495763912797 ], [ 5692782.176677292212844, 7426888.268913735635579 ], [ 5692775.687418296933174, 7426891.190682422369719 ], [ 5692621.840913151390851, 7426942.243174571543932 ], [ 5692602.000347434543073, 7426881.580974828451872 ], [ 5692581.539173515513539, 7426819.029397482052445 ] ] ] } },
{ "type": "Feature", "properties": { "lv_id": "LOC_052407", "id": 297626.0, "CD_SETOR": "352050905000129", "SITUACAO": "Urbana", "CD_SIT": "3", "CD_TIPO": "0", "AREA_KM2": 0.14703251514450999, "CD_REGIAO": "3", "NM_REGIAO": "Sudeste", "CD_UF": "35", "NM_UF": "São Paulo", "CD_MUN": "3520509", "NM_MUN": "Indaiatuba", "CD_DIST": "352050905", "NM_DIST": "Indaiatuba", "CD_SUBDIST": "35205090500", "NM_SUBDIST": null, "CD_BAIRRO": null, "NM_BAIRRO": null, "CD_NU": "3520509008", "NM_NU": "Jardim Brasil", "CD_FCU": null, "NM_FCU": null, "CD_AGLOM": null, "NM_AGLOM": null, "CD_RGINT": "3510", "NM_RGINT": "Campinas", "CD_RGI": "350038", "NM_RGI": "Campinas", "CD_CONCURB": "3520509", "NM_CONCURB": "Indaiatuba", "mun_code_x": "3520509", "index_right": 83958, "dist_m": 192.38186582231103, "local_id": 568397, "ano": 2022, "cod_localidade_ibge": 3520509, "NR_ZONA": "211", "nr_cep": 13330000.0, "nm_localidade": "INDAIATUBA", "nm_locvot": "EMEB. DOM ILDEFONSO STEHLE", "ds_endereco": "RUA TEREZA BONITO, SEM NÚMERO", "ds_bairro": "JARDIM BRASIL", "pred_long": -47.1394191, "pred_lat": -23.0637191, "pred_dist": 0.0, "tse_long": -47.1394945, "tse_lat": -23.0635578, "long": -47.1394945, "lat": -23.0635578, "ID_UNICO": "LOC_052407", "SG_UF": "SP", "CD_MUNICIPIO": "65110", "NR_LOCAL_VOTACAO": "2100", "QT_SECOES_AGREGADAS": 0, "QT_ELEITORES_TRANSFERIDOS": 9, "CIRO GOMES (PDT) (NÃO ELEITO) 1T": 39.0, "CONSTITUINTE EYMAEL (DC) (NÃO ELEITO) 1T": 0.0, "FELIPE D AVILA (NOVO) (NÃO ELEITO) 1T": 3.0, "JAIR BOLSONARO (PL) (2º TURNO) 1T": 493.0, "LULA (PT) (2º TURNO) 1T": 376.0, "LÉO PÉRICLES (UP) (NÃO ELEITO) 1T": 0.0, "PADRE KELMON (PTB) (NÃO ELEITO) 1T": 0.0, "SIMONE TEBET (MDB) (NÃO ELEITO) 1T": 60.0, "SOFIA MANZANO (PCB) (NÃO ELEITO) 1T": 1.0, "SORAYA THRONICKE (UNIÃO) (NÃO ELEITO) 1T": 12.0, "VERA (PSTU) (NÃO ELEITO) 1T": 1.0, "Total_Votos_Validos 1T": 985.0, "Votos_Brancos 1T": 53.0, "Votos_Nulos 1T": 64.0, "Abstenções 1T": 246.0, "Eleitores_Aptos 1T": 1348.0, "JAIR BOLSONARO (PL) (NÃO ELEITO) 2T": 571.0, "LULA (PT) (ELEITO) 2T": 419.0, "Total_Votos_Validos 2T": 990.0, "Votos_Brancos 2T": 40.0, "Votos_Nulos 2T": 80.0, "Abstenções 2T": 238.0, "Eleitores_Aptos 2T": 1348.0, "mun_code_y": "3520509", "mun_code": "3520509" }, "geometry": { "type": "Polygon", "coordinates": [ [ [ 5700151.353062067180872, 7429331.416155967861414 ], [ 5700200.982689729891717, 7429302.601979590952396 ], [ 5700230.61251444555819, 7429288.075290834531188 ], [ 5700244.358258388005197, 7429288.770049896091223 ], [ 5700262.329610636457801, 7429287.705373398959637 ], [ 5700278.184126894921064, 7429289.628653325140476 ], [ 5700312.225613825023174, 7429290.711315833032131 ], [ 5700328.789535774849355, 7429296.839783268049359 ], [ 5700344.660750644281507, 7429307.897219805046916 ], [ 5700355.334274233318865, 7429321.640781011432409 ], [ 5700359.983229614794254, 7429324.769196568056941 ], [ 5700380.125834363512695, 7429326.268470600247383 ], [ 5700402.68255324754864, 7429340.135814795270562 ], [ 5700418.396578169427812, 7429360.993659602478147 ], [ 5700429.711374402977526, 7429384.065256294794381 ], [ 5700438.553565350361168, 7429397.905730096623302 ], [ 5700450.850402075797319, 7429404.903217904269695 ], [ 5700462.704774360172451, 7429408.79834059253335 ], [ 5700471.079273100011051, 7429412.633382886648178 ], [ 5700508.291051691398025, 7429424.698771419934928 ], [ 5700531.052180977538228, 7429438.545275902375579 ], [ 5700561.351767517626286, 7429460.281333572231233 ], [ 5700570.776261830702424, 7429472.532955241389573 ], [ 5700584.412828827276826, 7429492.606901906430721 ], [ 5700601.451931735500693, 7429519.860710495151579 ], [ 5700686.959281200543046, 7429675.946783978492022 ], [ 5700723.711394907906651, 7429748.14192930329591 ], [ 5700767.999441687017679, 7429823.776339054107666 ], [ 5700779.138388584367931, 7429917.438253275118768 ], [ 5700771.490235609002411, 7429973.019689724780619 ], [ 5700774.865655431523919, 7430014.499168701469898 ], [ 5700763.300019676797092, 7430029.95381089206785 ], [ 5700801.163881621323526, 7430056.588961777277291 ], [ 5700799.022347151301801, 7430060.805095346644521 ], [ 5700783.843044779263437, 7430081.459470639005303 ], [ 5700754.90727192722261, 7430145.087402259930968 ], [ 5700692.079227847978473, 7430215.924327691085637 ], [ 5700686.294864615425467, 7430363.404474869370461 ], [ 5700585.900608223862946, 7430514.980529352091253 ], [ 5700511.409730315208435, 7430636.810952395200729 ], [ 5700387.567559372633696, 7430808.711455168202519 ], [ 5700840.06407384481281, 7431139.329978654161096 ], [ 5701245.542747472412884, 7431429.100632824003696 ], [ 5701246.007068257778883, 7431418.627577766776085 ], [ 5701245.248088795691729, 7431413.3649862986058 ], [ 5701242.680841397494078, 7431408.042114444077015 ], [ 5701231.207450591027737, 7431395.875258499756455 ], [ 5701216.511017557233572, 7431383.446704677306116 ], [ 5701229.80320356413722, 7431374.179595705121756 ], [ 5701256.550068122334778, 7431358.682758145034313 ], [ 5701270.402227417565882, 7431347.571258523501456 ], [ 5701466.169352135621011, 7431242.951985879801214 ], [ 5701628.376104219816625, 7431122.033959973603487 ], [ 5701715.214136559516191, 7431068.839701642282307 ], [ 5701757.617241190746427, 7431058.898451346904039 ], [ 5701776.717320353724062, 7431052.972258603200316 ], [ 5701791.798971691168845, 7431051.70729379914701 ], [ 5701803.674336791038513, 7431051.853095205500722 ], [ 5701811.833957355469465, 7431050.633874353952706 ], [ 5701862.301419015973806, 7431037.659412439912558 ], [ 5701886.77653709705919, 7431032.607536770403385 ], [ 5701895.383103734813631, 7431032.828498192131519 ], [ 5701920.464352225884795, 7431042.259701505303383 ], [ 5701931.786722151562572, 7431043.959460826590657 ], [ 5702041.904668005183339, 7431026.167407246306539 ], [ 5702062.058237378485501, 7431024.340751461684704 ], [ 5702061.98238689545542, 7431035.866594966500998 ], [ 5702062.45463259704411, 7431107.521301583386958 ], [ 5702063.060355614870787, 7431163.185777988284826 ], [ 5702064.790626878850162, 7431210.443005837500095 ], [ 5702066.372373471036553, 7431274.906963566318154 ], [ 5702067.892383949831128, 7431341.560033923014998 ], [ 5702067.750293824821711, 7431365.916296619921923 ], [ 5702069.264645326882601, 7431379.419911485165358 ], [ 5702077.001728447154164, 7431407.957493097521365 ], [ 5702099.420619980432093, 7431456.263181533664465 ], [ 5702104.318650843575597, 7431475.43057154584676 ], [ 5702107.491807510145009, 7431490.183731807395816 ], [ 5702105.375164742581546, 7431506.545835497789085 ], [ 5702099.513851788826287, 7431543.718844435177743 ], [ 5702098.807459225878119, 7431556.021590612828732 ], [ 5702106.419166013598442, 7431607.520402712747455 ], [ 5702130.353564949706197, 7431698.497944654896855 ], [ 5702154.944661371409893, 7431795.612990813329816 ], [ 5702167.675057461485267, 7431848.857204874977469 ], [ 5702175.067556816153228, 7431882.084613004699349 ], [ 5702185.684248635545373, 7431910.554111230187118 ], [ 5702196.504753246903419, 7431929.789524626918137 ], [ 5702206.828587943688035, 7431941.920695375651121 ], [ 5702216.744341796264052, 7431949.497779008001089 ], [ 5702239.982259674929082, 7431960.498943589627743 ], [ 5702260.532647242769599, 7431965.368632744066417 ], [ 5702276.295712605118752, 7431965.053069562651217 ], [ 5702273.188575477339327, 7431982.610563592985272 ], [ 5702116.714703539386392, 7432011.142665011808276 ], [ 5702109.687904751859605, 7432014.43921693880111 ], [ 5702124.575296243652701, 7432076.951811976730824 ], [ 5702140.270067076198757, 7432112.656505731865764 ], [ 5702155.322087380103767, 7432134.627074133604765 ], [ 5702197.134629208594561, 7432158.688855030573905 ], [ 5702300.896653723903, 7432211.60093854740262 ], [ 5702232.134087380953133, 7432390.06986198015511 ], [ 5702177.830446907319129, 7432528.552579674869776 ], [ 5702088.890509597957134, 7432757.813863896764815 ], [ 5702086.125500906258821, 7432764.937148408964276 ], [ 5702083.55722385738045, 7432771.002717608585954 ], [ 5702080.325992498546839, 7432777.59014780446887 ], [ 5702076.896780247800052, 7432783.673766248859465 ], [ 5702062.744349825195968, 7432804.838553808629513 ], [ 5702053.624099232256413, 7432818.439144546166062 ], [ 5702049.044240429997444, 7432829.094120373018086 ], [ 5702044.475130038335919, 7432839.759742936119437 ], [ 5702041.930234444327652, 7432845.668041091412306 ], [ 5702068.865894764661789, 7432870.996895328164101 ], [ 5702086.480081402696669, 7432887.861681407317519 ], [ 5702093.096297739073634, 7432894.199405839666724 ], [ 5702101.582256399095058, 7432903.003781477920711 ], [ 5702106.114125019870698, 7432907.33107796870172 ], [ 5702120.84952403139323, 7432921.430718607269228 ], [ 5702162.124374710023403, 7432827.618770785629749 ], [ 5702185.905828685499728, 7432789.918060382828116 ], [ 5702196.022646243683994, 7432780.297283574938774 ], [ 5702214.568245092406869, 7432768.831239383667707 ], [ 5702222.479993803426623, 7432766.898678887635469 ], [ 5702257.958030833862722, 7432762.111922351643443 ], [ 5702267.792116150259972, 7432757.412185217253864 ], [ 5702277.390209117904305, 7432752.054253978654742 ], [ 5702289.581712497398257, 7432731.962686253711581 ], [ 5702291.172497197054327, 7432724.303225191310048 ], [ 5702288.168983533978462, 7432719.313137691468 ], [ 5702282.229883957654238, 7432717.360806439071894 ], [ 5702275.352272840216756, 7432714.426296817138791 ], [ 5702261.712787324562669, 7432708.618768708780408 ], [ 5702257.985703820362687, 7432701.320227083750069 ], [ 5702257.692222191952169, 7432692.85679566860199 ], [ 5702263.438385439105332, 7432684.110144536942244 ], [ 5702304.453297654166818, 7432646.381724815815687 ], [ 5702331.629251145757735, 7432604.505863733589649 ], [ 5702340.295491798780859, 7432598.968474075198174 ], [ 5702354.999772159382701, 7432597.498033816926181 ], [ 5702398.030911916866899, 7432616.003543857485056 ], [ 5702478.97455370426178, 7432640.092386979609728 ], [ 5702507.362314111553133, 7432659.173021145164967 ], [ 5702539.028378072194755, 7432693.492720153182745 ], [ 5702563.213701203465462, 7432706.077881566248834 ], [ 5702595.593296637758613, 7432711.809104844927788 ], [ 5702612.368072222918272, 7432719.499361554160714 ], [ 5702637.814252314157784, 7432752.437627942301333 ], [ 5702668.827831821516156, 7432777.195123837329447 ], [ 5702747.819603317417204, 7432809.963338408619165 ], [ 5702752.102341325953603, 7432820.358974581584334 ], [ 5702745.385989097878337, 7432850.009958617389202 ], [ 5702752.779988539405167, 7432865.502136185765266 ], [ 5702769.050235628150403, 7432875.558375865221024 ], [ 5702811.419198606163263, 7432884.2783840354532 ], [ 5702825.921303148381412, 7432891.628970669582486 ], [ 5702834.124335127882659, 7432913.441141325049102 ], [ 5702843.635023298673332, 7432925.933856464922428 ], [ 5702874.328935722820461, 7432935.090072209015489 ], [ 5702891.015899516642094, 7432947.469084652140737 ], [ 5702903.460738668218255, 7432961.274149155244231 ], [ 5702925.207318466156721, 7433000.632297204807401 ], [ 5702959.923148203641176, 7433032.131445007398725 ], [ 5702969.483764085918665, 7433036.925285693258047 ], [ 5703008.303060212172568, 7433042.130578519776464 ], [ 5703025.73664552718401, 7433035.400499925948679 ], [ 5703042.219019779935479, 7433023.695577185600996 ], [ 5703131.941686637699604, 7433002.9753975328058 ], [ 5703149.594721098430455, 7433007.500786335207522 ], [ 5703178.106586185283959, 7433020.439891983754933 ], [ 5703201.281816346570849, 7433018.013335162773728 ], [ 5703222.203771444968879, 7433002.530325068160892 ], [ 5703259.536901555024087, 7432958.502212817780674 ], [ 5703271.869428988546133, 7432954.576821758411825 ], [ 5703288.564633931033313, 7432958.366211421787739 ], [ 5703300.930392595008016, 7432957.339386744424701 ], [ 5703321.469377507455647, 7432949.013005497865379 ], [ 5703334.716717646457255, 7432931.770814590156078 ], [ 5703349.241360804066062, 7432900.190930631011724 ], [ 5703358.459079963155091, 7432893.288476766087115 ], [ 5703391.666186357848346, 7432890.390446782112122 ], [ 5703399.407699851319194, 7432887.015170363709331 ], [ 5703448.456006805412471, 7432819.346380526199937 ], [ 5703459.257359337992966, 7432809.023112489841878 ], [ 5703472.44840963371098, 7432803.718644151464105 ], [ 5703483.614945478737354, 7432801.186331374570727 ], [ 5703496.607188053429127, 7432802.583864122629166 ], [ 5703504.411966860294342, 7432807.125223785638809 ], [ 5703516.794708993285894, 7432819.594311449676752 ], [ 5703525.19430432934314, 7432836.823838600888848 ], [ 5703528.175605289638042, 7432856.65032622218132 ], [ 5703525.236650857143104, 7432890.251834534108639 ], [ 5703527.948611736297607, 7432906.521539559587836 ], [ 5703538.669423871673644, 7432920.741875594481826 ], [ 5703554.872451000846922, 7432929.350535567849874 ], [ 5703559.731464534066617, 7432936.707342704758048 ], [ 5703558.891123633831739, 7432947.232038578949869 ], [ 5703551.41714615188539, 7432969.445915861986578 ], [ 5703550.072141734883189, 7432982.336756065487862 ], [ 5703551.090074681676924, 7432993.108795003034174 ], [ 5703558.321215967647731, 7433002.91971592977643 ], [ 5703581.84867571759969, 7433016.761576116085052 ], [ 5703662.608736985363066, 7433008.394400322809815 ], [ 5703692.711252463981509, 7433013.672886876389384 ], [ 5703708.04853561334312, 7433021.318207856267691 ], [ 5703714.985903062857687, 7433040.178056845441461 ], [ 5703715.177769303321838, 7433048.646481018513441 ], [ 5703711.874196149408817, 7433063.525659637525678 ], [ 5703695.239235429093242, 7433087.285493690520525 ], [ 5703691.881445040926337, 7433098.820849981158972 ], [ 5703690.909461198374629, 7433110.913391906768084 ], [ 5703693.839196722023189, 7433118.695462998002768 ], [ 5703700.091735271736979, 7433127.325338241644204 ], [ 5703707.589602995663881, 7433131.881080519407988 ], [ 5703721.961919655092061, 7433136.448492005467415 ], [ 5703745.729413752444088, 7433137.897403696551919 ], [ 5703762.776234218850732, 7433133.86168337892741 ], [ 5703782.945533317513764, 7433124.21350927464664 ], [ 5703794.858573674224317, 7433109.152868997305632 ], [ 5703798.65909437276423, 7433100.496845617890358 ], [ 5703805.665580089204013, 7433088.009181927889585 ], [ 5703811.255637472495437, 7433068.069902368821204 ], [ 5703812.696504072286189, 7433062.915726093575358 ], [ 5703817.802777661941946, 7433020.846237665042281 ], [ 5703833.73262495175004, 7432953.616564190946519 ], [ 5703836.154751447029412, 7432926.508723118342459 ], [ 5703829.244816297665238, 7432892.923594136722386 ], [ 5703803.070079600438476, 7432816.071751160547137 ], [ 5703809.576113342307508, 7432799.480370255187154 ], [ 5703823.580187468789518, 7432776.513156911358237 ], [ 5703840.721055075526237, 7432752.617680249735713 ], [ 5703853.887233392335474, 7432731.474517629481852 ], [ 5703864.573391874320805, 7432718.702268136665225 ], [ 5703877.346359150484204, 7432715.424855386838317 ], [ 5703894.37062107399106, 7432715.293989111669362 ], [ 5703909.576121753081679, 7432724.506886679679155 ], [ 5703923.178974811919034, 7432749.857695656828582 ], [ 5703929.474747919477522, 7432794.40319031663239 ], [ 5703935.861964183859527, 7432810.277122606523335 ], [ 5703954.432090022601187, 7432821.228148616850376 ], [ 5703964.35859733633697, 7432822.880947268567979 ], [ 5703983.48366863373667, 7432819.416443676687777 ], [ 5704017.693656322546303, 7432794.160638464614749 ], [ 5704075.986373917199671, 7432724.604222755879164 ], [ 5704117.410917873494327, 7432658.517613032832742 ], [ 5704131.069647440686822, 7432628.204111483879387 ], [ 5704135.670960640534759, 7432606.013146046549082 ], [ 5704134.656739085912704, 7432577.839619608595967 ], [ 5704125.72169401589781, 7432525.163702474907041 ], [ 5704128.844848204404116, 7432449.611546207219362 ], [ 5704121.420199062675238, 7432424.751197230070829 ], [ 5704107.833811205811799, 7432395.384093656204641 ], [ 5704105.087705045938492, 7432387.147247655317187 ], [ 5704104.494391104206443, 7432376.689795634709299 ], [ 5704108.147104505449533, 7432358.33599410019815 ], [ 5704115.494339169003069, 7432344.381860747933388 ], [ 5704133.538666262291372, 7432335.390472136437893 ], [ 5704136.835222728550434, 7432335.681639575399458 ], [ 5704155.266753733158112, 7432329.694917775690556 ], [ 5704161.744218122214079, 7432327.59441189467907 ], [ 5704162.046610361896455, 7432327.479799775406718 ], [ 5704169.659686465747654, 7432324.656607763841748 ], [ 5704178.332437602803111, 7432321.460092687048018 ], [ 5704201.575381501577795, 7432316.128252831287682 ], [ 5704226.127031666226685, 7432303.707389274612069 ], [ 5704246.981104336678982, 7432299.937923944555223 ], [ 5704257.53196488879621, 7432301.784168286249042 ], [ 5704273.13736879825592, 7432306.404432135634124 ], [ 5704280.29552236199379, 7432303.725273774936795 ], [ 5704290.468108321540058, 7432295.326991159468889 ], [ 5704304.08101851772517, 7432266.242274848744273 ], [ 5704309.902026652358472, 7432256.933183517307043 ], [ 5704317.575061834417284, 7432252.110390529036522 ], [ 5704335.567119713872671, 7432252.937272517941892 ], [ 5704348.37828467041254, 7432252.669281570240855 ], [ 5704369.982536556199193, 7432262.696146618574858 ], [ 5704401.614724632352591, 7432289.652576736174524 ], [ 5704414.542343148961663, 7432309.345975156873465 ], [ 5704414.68015790451318, 7432351.615803439170122 ], [ 5704419.979629027657211, 7432374.90292014554143 ], [ 5704426.029849421232939, 7432385.773004244081676 ], [ 5704439.390729948878288, 7432392.841216299682856 ], [ 5704471.014106380753219, 7432389.011031297966838 ], [ 5704480.927820685319602, 7432388.209993124008179 ], [ 5704486.520378948189318, 7432391.516393502242863 ], [ 5704490.663225329481065, 7432398.906693967990577 ], [ 5704491.428030231967568, 7432406.455919092521071 ], [ 5704482.430923229083419, 7432428.965528378263116 ], [ 5704482.744455236010253, 7432435.643605813384056 ], [ 5704500.022906832396984, 7432460.598123854026198 ], [ 5704511.998365161009133, 7432490.598653092980385 ], [ 5704527.764461558312178, 7432518.30145363509655 ], [ 5704539.840837231837213, 7432530.784325492568314 ], [ 5704553.501600908115506, 7432535.495891037397087 ], [ 5704585.278981667011976, 7432537.124129100702703 ], [ 5704599.928999564610422, 7432543.23923110216856 ], [ 5704618.945775398053229, 7432565.880970746278763 ], [ 5704634.309329151175916, 7432574.081880921497941 ], [ 5704682.813790407031775, 7432591.097282828763127 ], [ 5704691.004366861656308, 7432597.293178198859096 ], [ 5704707.503976392559707, 7432620.94569475017488 ], [ 5704742.621722198091447, 7432641.26803920045495 ], [ 5704822.787862945348024, 7432650.881104852072895 ], [ 5704861.779236245900393, 7432675.036666637286544 ], [ 5704881.933354843407869, 7432682.565741497091949 ], [ 5704908.506079609505832, 7432684.773024966940284 ], [ 5704945.889533084817231, 7432676.878263827413321 ], [ 5704972.295766470953822, 7432671.173352867364883 ], [ 5705021.53721004165709, 7432666.735932582989335 ], [ 5705082.289199033752084, 7432671.461147228255868 ], [ 5705103.872904954478145, 7432670.110329126939178 ], [ 5705134.74291829392314, 7432654.601779779419303 ], [ 5705151.316683964803815, 7432633.965767418965697 ], [ 5705204.822901700623333, 7432539.083973864093423 ], [ 5705228.909416598267853, 7432512.405030349269509 ], [ 5705245.466506167314947, 7432511.067558076232672 ], [ 5705262.985194927081466, 7432503.995787560939789 ], [ 5705293.488463615067303, 7432480.695604608394206 ], [ 5705302.230524573475122, 7432470.244463358074427 ], [ 5705309.076279062777758, 7432467.467959457077086 ], [ 5705324.585770727135241, 7432467.85296081751585 ], [ 5705363.64929995406419, 7432486.984252735972404 ], [ 5705386.817578291520476, 7432488.793237223289907 ], [ 5705399.885094905272126, 7432478.696021884679794 ], [ 5705418.306711062788963, 7432453.733628621324897 ], [ 5705426.459973361343145, 7432448.218288922682405 ], [ 5705443.712609936483204, 7432446.401613594964147 ], [ 5705485.230390166863799, 7432447.903756527230144 ], [ 5705498.891059244051576, 7432437.332283215597272 ], [ 5705511.154205285012722, 7432416.67563197016716 ], [ 5705519.593573478981853, 7432410.700548501685262 ], [ 5705533.172116166912019, 7432404.929524866864085 ], [ 5705572.564618690870702, 7432400.507853308692575 ], [ 5705582.502790359780192, 7432393.681256964802742 ], [ 5705586.690508777275681, 7432384.559965698979795 ], [ 5705595.901640257798135, 7432377.544513412751257 ], [ 5705608.29069822281599, 7432374.841295076534152 ], [ 5705619.639800792559981, 7432376.202859632670879 ], [ 5705631.60892696864903, 7432373.296309120953083 ], [ 5705636.271194487810135, 7432367.722223659977317 ], [ 5705637.235598241910338, 7432340.235535342246294 ], [ 5705664.133632467128336, 7432321.008465889841318 ], [ 5705681.994457856751978, 7432303.768924647942185 ], [ 5705701.230123109184206, 7432269.955165455117822 ], [ 5705709.310357674024999, 7432238.898113075643778 ], [ 5705707.628126732073724, 7432196.588411595672369 ], [ 5705723.120984802953899, 7432181.356712475419044 ], [ 5705753.779640859924257, 7432141.761546270921826 ], [ 5705788.574505283497274, 7432102.863695213571191 ], [ 5705820.092016109265387, 7432077.171584270894527 ], [ 5705862.847342340275645, 7432059.204308779910207 ], [ 5705890.745689169503748, 7432052.534627270884812 ], [ 5705921.433503907173872, 7432050.64159132912755 ], [ 5705942.559226175770164, 7432052.657407518476248 ], [ 5705962.458517210558057, 7432061.312507413327694 ], [ 5705979.45739917922765, 7432071.554504804313183 ], [ 5705993.314017575234175, 7432086.964433485642076 ], [ 5706000.071421552449465, 7432097.577771795913577 ], [ 5706051.875249250791967, 7432117.110523402690887 ], [ 5706098.688727185130119, 7432146.137197927571833 ], [ 5706117.102664621546865, 7432170.312007386237383 ], [ 5706133.461257730610669, 7432191.794966344721615 ], [ 5706158.706658788025379, 7432207.225495177321136 ], [ 5706195.739651007577777, 7432222.434723887592554 ], [ 5706212.706996103748679, 7432236.359238548204303 ], [ 5706221.764904272742569, 7432263.150508957915008 ], [ 5706223.28381362836808, 7432271.445206198841333 ], [ 5706229.829458313062787, 7432275.375433861277997 ], [ 5706238.658963319845498, 7432275.516755521297455 ], [ 5706264.696923537179828, 7432266.368536700494587 ], [ 5706281.172291002236307, 7432265.479897292330861 ], [ 5706301.290057356469333, 7432272.22802431602031 ], [ 5706326.015482625924051, 7432294.041323527693748 ], [ 5706344.567283597774804, 7432319.827013151720166 ], [ 5706361.267746379598975, 7432356.408963874913752 ], [ 5706373.116455560550094, 7432407.609914595261216 ], [ 5706388.314517009072006, 7432427.530029337853193 ], [ 5706416.961186867207289, 7432454.178143076598644 ], [ 5706423.335326051339507, 7432469.717776449397206 ], [ 5706428.060000805184245, 7432498.163646651431918 ], [ 5706436.441979671828449, 7432514.947187412530184 ], [ 5706448.653425310738385, 7432532.442495128139853 ], [ 5706493.604803988710046, 7432565.460722215473652 ], [ 5706503.685541016049683, 7432576.921190047636628 ], [ 5706508.545244151726365, 7432592.978478135541081 ], [ 5706513.092452701181173, 7432641.623605364002287 ], [ 5706534.268544998019934, 7432679.556169149465859 ], [ 5706548.756377812474966, 7432690.920283209532499 ], [ 5706578.449392135255039, 7432704.913604417815804 ], [ 5706601.367354189045727, 7432725.361880047246814 ], [ 5706606.930801377631724, 7432738.931835677474737 ], [ 5706616.766002718359232, 7432801.82929714396596 ], [ 5706652.063642741180956, 7432810.649856360629201 ], [ 5706661.851468878798187, 7432811.526682548224926 ], [ 5706670.655441083014011, 7432806.760770050808787 ], [ 5706712.103087049908936, 7432780.598329323343933 ], [ 5706727.329646156169474, 7432779.322094459086657 ], [ 5706756.811182045377791, 7432782.281482953578234 ], [ 5706769.633648548275232, 7432777.88363463524729 ], [ 5706784.104778950102627, 7432769.280538562685251 ], [ 5706808.380322754383087, 7432748.836399744264781 ], [ 5706831.214063134975731, 7432739.169276208616793 ], [ 5706842.041259849444032, 7432740.331582246348262 ], [ 5706882.020776928402483, 7432761.42453355435282 ], [ 5706910.5360476532951, 7432770.006859191693366 ], [ 5706936.954853428527713, 7432766.751963649876416 ], [ 5706976.330874709412456, 7432742.359705947339535 ], [ 5706985.743422337807715, 7432741.80384705401957 ], [ 5707005.573233569972217, 7432751.130645969882607 ], [ 5707022.870575693435967, 7432752.433618096634746 ], [ 5707097.094663773663342, 7432751.272213406860828 ], [ 5707104.979465361684561, 7432753.131021771579981 ], [ 5707111.522792533971369, 7432759.18062249571085 ], [ 5707118.679694106802344, 7432778.252959920093417 ], [ 5707126.926362989470363, 7432787.791838770732284 ], [ 5707147.764674517326057, 7432788.035084101371467 ], [ 5707152.255636408925056, 7432789.719451682642102 ], [ 5707178.016701706685126, 7432820.407355718314648 ], [ 5707189.284931634552777, 7432822.217939222231507 ], [ 5707214.0185183044523, 7432822.388744363561273 ], [ 5707231.704091002233326, 7432831.928124414756894 ], [ 5707243.168931960128248, 7432840.087928229011595 ], [ 5707251.412988996133208, 7432851.746410373598337 ], [ 5707251.682465042918921, 7432872.705711174756289 ], [ 5707244.990884603001177, 7432893.993699308484793 ], [ 5707244.318415553309023, 7432905.85010168235749 ], [ 5707248.152873145416379, 7432915.374184956774116 ], [ 5707274.364954668097198, 7432964.3355005774647 ], [ 5707296.199893092736602, 7432990.077290255576372 ], [ 5707344.762387526221573, 7432982.094895646907389 ], [ 5707360.782182236202061, 7432971.521677523851395 ], [ 5707367.071671199984848, 7432961.296394548378885 ], [ 5707376.672506867907941, 7432910.309218358248472 ], [ 5707382.670577587559819, 7432900.432340001687407 ], [ 5707397.123240445740521, 7432889.263736380264163 ], [ 5707416.129575787112117, 7432889.816290742717683 ], [ 5707442.159254202619195, 7432913.128730792552233 ], [ 5707459.548456009477377, 7432922.905029724352062 ], [ 5707481.150654926896095, 7432928.466387253254652 ], [ 5707491.894108513370156, 7432927.847386611625552 ], [ 5707502.27017779275775, 7432923.787560953758657 ], [ 5707531.997414918616414, 7432881.889301967807114 ], [ 5707543.780458655208349, 7432872.85459781717509 ], [ 5707560.742094840854406, 7432871.384029779583216 ], [ 5707620.469575733877718, 7432891.319482561200857 ], [ 5707631.312707580626011, 7432892.815195064991713 ], [ 5707640.539013504981995, 7432890.48288875631988 ], [ 5707654.322069996036589, 7432884.700220101512969 ], [ 5707665.1601507589221, 7432873.032743785530329 ], [ 5707671.845820210874081, 7432855.983728476800025 ], [ 5707696.793636981397867, 7432714.915836839936674 ], [ 5707699.770251465961337, 7432704.065966667607427 ], [ 5707703.038178005255759, 7432697.218287404626608 ], [ 5707711.500570576637983, 7432689.567381978034973 ], [ 5707719.810677955858409, 7432687.389832442626357 ], [ 5707734.042290556244552, 7432688.948422259651124 ], [ 5707808.539073067717254, 7432737.077733431011438 ], [ 5707830.624145295470953, 7432744.177505910396576 ], [ 5707847.215522827580571, 7432741.385410242713988 ], [ 5707859.796189595013857, 7432731.866453995928168 ], [ 5707879.175019005313516, 7432705.516071590594947 ], [ 5707899.881828544661403, 7432663.819860622286797 ], [ 5707924.415474524721503, 7432629.305319735780358 ], [ 5707933.770150083117187, 7432623.173837003298104 ], [ 5707957.057153627276421, 7432616.606873826123774 ], [ 5707994.565216835588217, 7432611.375592702999711 ], [ 5708022.303785527125001, 7432603.48252463620156 ], [ 5708039.986763056367636, 7432593.387468934059143 ], [ 5708049.393807511776686, 7432584.018317181617022 ], [ 5707947.056827406398952, 7432465.297876602970064 ], [ 5707895.848647435195744, 7432465.654787543229759 ], [ 5707860.157234146259725, 7432465.891651688143611 ], [ 5707821.349446603097022, 7432417.8944441229105 ], [ 5707740.549794852733612, 7432410.992884366773069 ], [ 5707671.353319144807756, 7432352.093719536438584 ], [ 5707633.055785529315472, 7432301.194085985422134 ], [ 5707627.652019768953323, 7432196.398734420537949 ], [ 5707558.848223724402487, 7432089.891897033900023 ], [ 5707536.855835208669305, 7431983.794509824365377 ], [ 5707559.146885885857046, 7431909.795792941004038 ], [ 5707560.154260327108204, 7431802.600314799696207 ], [ 5707602.355902631767094, 7431741.191896485164762 ], [ 5707595.447180638089776, 7431628.000694626942277 ], [ 5707602.751552727073431, 7431611.69200000539422 ], [ 5707612.751115893013775, 7431596.192955562844872 ], [ 5707653.254722996614873, 7431575.793756362050772 ], [ 5707718.551140598021448, 7431501.200365502387285 ], [ 5707916.555156436748803, 7431318.191074140369892 ], [ 5707942.352521418593824, 7431287.698875095695257 ], [ 5707976.448913176544011, 7431176.795396621339023 ], [ 5708014.757087489590049, 7431112.099499107338488 ], [ 5708179.149757576175034, 7430980.896542186848819 ], [ 5708204.152464090846479, 7430951.199723793193698 ], [ 5708248.650487121194601, 7430860.998143928125501 ], [ 5708268.753288215026259, 7430765.792977483943105 ], [ 5708313.047441262751818, 7430719.297121919691563 ], [ 5708328.252490404993296, 7430654.198277578689158 ], [ 5708358.554691784083843, 7430636.599362537264824 ], [ 5708348.147763759829104, 7430602.397974015213549 ], [ 5708296.954853320494294, 7430519.993872848339379 ], [ 5708274.552169470116496, 7430413.391403835266829 ], [ 5708235.348093420267105, 7430374.997689768671989 ], [ 5708211.747020044364035, 7430321.195757862180471 ], [ 5708200.247382507659495, 7430242.791836416348815 ], [ 5708221.955576663836837, 7430112.994970846921206 ], [ 5708246.754396010190248, 7430034.300549663603306 ], [ 5708239.949796837754548, 7429833.397505197674036 ], [ 5708209.947130563668907, 7429756.996368911117315 ], [ 5708110.45119986589998, 7429619.3947510458529 ], [ 5708100.245397207327187, 7429590.092455349862576 ], [ 5708103.248278764076531, 7429504.498362438753247 ], [ 5708054.84832111094147, 7429378.890834419056773 ], [ 5708068.245056443847716, 7429261.89249783474952 ], [ 5708137.652140523307025, 7429166.092572199180722 ], [ 5708257.753108331933618, 7429076.893705349415541 ], [ 5708323.652778647840023, 7429005.890111118555069 ], [ 5708356.451218734495342, 7428936.599183300510049 ], [ 5708343.548099001869559, 7428848.299705324694514 ], [ 5708279.154112808406353, 7428762.796493533998728 ], [ 5708224.150246494449675, 7428727.294279958121479 ], [ 5708163.550824837759137, 7428688.197129715234041 ], [ 5708016.754222027026117, 7428644.993819680064917 ], [ 5707828.653236112557352, 7428636.497691757045686 ], [ 5707567.951502120122313, 7428665.493212684988976 ], [ 5707408.548927862197161, 7428630.701261298730969 ], [ 5707291.553188128396869, 7428628.595125451683998 ], [ 5707225.848526168614626, 7428606.00127269513905 ], [ 5707143.544985501095653, 7428543.999393167905509 ], [ 5707100.245374976657331, 7428546.694437734782696 ], [ 5706987.745556474663317, 7428584.198236379772425 ], [ 5706905.05223679728806, 7428581.29260404035449 ], [ 5706828.750734176486731, 7428514.298121396452188 ], [ 5706784.347304595634341, 7428424.901458160020411 ], [ 5706740.548004537820816, 7428378.301528746262193 ], [ 5706722.35176157951355, 7428303.495267454534769 ], [ 5706690.646354276686907, 7428254.092502451501787 ], [ 5706661.546545999124646, 7428234.697032885625958 ], [ 5706586.050696965306997, 7428284.091835098341107 ], [ 5706485.347491084598005, 7428378.796529526822269 ], [ 5706458.450206089764833, 7428388.701850993558764 ], [ 5706424.747301571071148, 7428382.39664373639971 ], [ 5706379.849360942840576, 7428393.598653072491288 ], [ 5706336.048826331272721, 7428449.391878800466657 ], [ 5706258.545756074599922, 7428469.094819668680429 ], [ 5706179.052098055370152, 7428544.700752003118396 ], [ 5706117.050703928805888, 7428516.194085804745555 ], [ 5706071.547894310206175, 7428523.496949415653944 ], [ 5706041.549296919256449, 7428516.792801268398762 ], [ 5706025.04845510609448, 7428503.996274991892278 ], [ 5706009.445714215748012, 7428446.492095328867435 ], [ 5705983.346117542125285, 7428413.701494682580233 ], [ 5705881.950821151956916, 7428382.59250757843256 ], [ 5705826.550244494341314, 7428319.794861897826195 ], [ 5705780.943378985859454, 7428315.299820194020867 ], [ 5705762.346630741842091, 7428325.492365572601557 ], [ 5705702.94944174028933, 7428385.098304599523544 ], [ 5705632.151320855133235, 7428409.099602790549397 ], [ 5705591.141718009486794, 7428462.794808546081185 ], [ 5705536.043091729283333, 7428469.098815828561783 ], [ 5705509.549442495219409, 7428459.495330078527331 ], [ 5705463.748488064855337, 7428420.394352372735739 ], [ 5705437.947809383273125, 7428376.50100117828697 ], [ 5705338.250490513630211, 7428267.502566203474998 ], [ 5705261.446644285693765, 7428131.4995162114501 ], [ 5705240.344710096716881, 7428075.203181132674217 ], [ 5705192.942625556141138, 7428023.19309435877949 ], [ 5705136.649958686903119, 7427980.794104630127549 ], [ 5705091.441622817888856, 7427919.600258833728731 ], [ 5704970.046189757063985, 7427602.101608393713832 ], [ 5704911.544248257763684, 7427518.399579932913184 ], [ 5704892.546089176088572, 7427452.299331735819578 ], [ 5704851.448120865039527, 7427426.094191770069301 ], [ 5704812.242264366708696, 7427421.997993773780763 ], [ 5704686.049116674810648, 7427502.497950208373368 ], [ 5704651.445342997089028, 7427498.998567447066307 ], [ 5704556.440514429472387, 7427444.402372714132071 ], [ 5704415.744336900301278, 7427460.595503422431648 ], [ 5704364.943783500231802, 7427475.996778698638082 ], [ 5704311.543382422998548, 7427510.695479216985404 ], [ 5704243.347771775908768, 7427574.703201279044151 ], [ 5704223.144995043054223, 7427605.695105187594891 ], [ 5704199.145450434647501, 7427696.398827080614865 ], [ 5704182.243187645450234, 7427725.394527519121766 ], [ 5704061.243845211341977, 7427758.993690425530076 ], [ 5704019.348446392454207, 7427749.400005284696817 ], [ 5703978.448797008022666, 7427757.49529904872179 ], [ 5703901.441829539835453, 7427736.002342885360122 ], [ 5703673.844964387826622, 7427567.80063159391284 ], [ 5703558.038883431814611, 7427551.702913309447467 ], [ 5703505.143589860759676, 7427519.703297861851752 ], [ 5703393.344782395288348, 7427507.899977067485452 ], [ 5703248.439522190950811, 7427513.103119911625981 ], [ 5703173.440831889398396, 7427557.904445495456457 ], [ 5703067.642784886993468, 7427549.396954352967441 ], [ 5702993.242215392179787, 7427588.602944856509566 ], [ 5702916.74602559953928, 7427585.798907550983131 ], [ 5702894.443850218318403, 7427598.995215579867363 ], [ 5702882.246748059988022, 7427625.804245013743639 ], [ 5702865.645830513909459, 7427700.594926174730062 ], [ 5702826.141189681366086, 7427734.700483100488782 ], [ 5702803.344986793585122, 7427740.000144699588418 ], [ 5702764.74032776337117, 7427732.100167481228709 ], [ 5702741.044135029427707, 7427703.800302816554904 ], [ 5702724.04501180164516, 7427699.100576186552644 ], [ 5702600.138921660371125, 7427740.297426021657884 ], [ 5702511.644219452515244, 7427733.805466068908572 ], [ 5702491.340870928950608, 7427764.698262199759483 ], [ 5702456.943513424135745, 7427779.800832238979638 ], [ 5702415.744011130183935, 7427768.3968122061342 ], [ 5702396.241511546075344, 7427773.295596343465149 ], [ 5702340.543416085653007, 7427826.899909640662372 ], [ 5702297.040054263547063, 7427824.103431425057352 ], [ 5702248.13835072144866, 7427796.295993318781257 ], [ 5702134.84066254645586, 7427798.89803646877408 ], [ 5702110.308056302368641, 7427780.731457242742181 ], [ 5702085.774981371127069, 7427762.553723948076367 ], [ 5702075.841036378405988, 7427755.201292585581541 ], [ 5702038.542712847702205, 7427693.998897794634104 ], [ 5701954.642143368721008, 7427666.697301294654608 ], [ 5701924.437933967448771, 7427637.79889508523047 ], [ 5701911.638971582055092, 7427609.800634192302823 ], [ 5701839.031821019016206, 7427593.245031943544745 ], [ 5701814.246050178073347, 7427587.605109768919647 ], [ 5701811.3917635390535, 7427614.23044066131115 ], [ 5701795.998303983360529, 7427654.718197003938258 ], [ 5701782.899336442351341, 7427663.420191753655672 ], [ 5701763.42951072473079, 7427670.547458409331739 ], [ 5701720.499561218544841, 7427676.032463844865561 ], [ 5701648.542775572277606, 7427684.955000033602118 ], [ 5701639.114937614649534, 7427683.144536546431482 ], [ 5701627.059528228826821, 7427676.03651256300509 ], [ 5701620.23768250644207, 7427668.995066677220166 ], [ 5701598.31184012722224, 7427640.343296783044934 ], [ 5701564.83843672927469, 7427596.595554625615478 ], [ 5701544.351165000349283, 7427559.900999842211604 ], [ 5701495.734239437617362, 7427500.25567520596087 ], [ 5701479.15835009329021, 7427475.680504772812128 ], [ 5701470.338372518308461, 7427466.702792136929929 ], [ 5701438.892704929225147, 7427443.238403874449432 ], [ 5701424.425801656208932, 7427439.377826965413988 ], [ 5701389.049834025092423, 7427420.894159309566021 ], [ 5701372.792462988756597, 7427409.242782231420279 ], [ 5701340.432824443094432, 7427376.552104637958109 ], [ 5701318.791404091753066, 7427350.452305590733886 ], [ 5701306.981808472424746, 7427323.188288640230894 ], [ 5701279.638018938712776, 7427281.316537002101541 ], [ 5701265.591763447038829, 7427268.4793790448457 ], [ 5701251.385011440142989, 7427262.28643846232444 ], [ 5701229.785268773324788, 7427255.023917155340314 ], [ 5701173.087197544984519, 7427248.984805937856436 ], [ 5701146.597371617332101, 7427239.787796751596034 ], [ 5700985.335229739546776, 7427171.552221893332899 ], [ 5700930.563613672740757, 7427169.850096821784973 ], [ 5700916.404797843657434, 7427166.208938416093588 ], [ 5700902.152379259467125, 7427160.787516647949815 ], [ 5700859.032307870686054, 7427141.37247118819505 ], [ 5700848.401082956232131, 7427137.286919578909874 ], [ 5700837.933245500549674, 7427135.81488979794085 ], [ 5700826.900693346746266, 7427136.957075083628297 ], [ 5700815.614676769822836, 7427139.695010906085372 ], [ 5700798.969593184068799, 7427145.59552526473999 ], [ 5700788.843006812036037, 7427148.345973258838058 ], [ 5700779.448224665597081, 7427149.422448217868805 ], [ 5700769.905451002530754, 7427149.747387330047786 ], [ 5700760.186219232156873, 7427148.931736320257187 ], [ 5700741.097896304912865, 7427143.826256841421127 ], [ 5700649.209254981949925, 7427119.269630881026387 ], [ 5700636.959825024008751, 7427116.542555171065032 ], [ 5700624.046005804091692, 7427114.738947097212076 ], [ 5700611.077263684943318, 7427113.952915176749229 ], [ 5700597.815485099330544, 7427114.574859816581011 ], [ 5700577.717150509357452, 7427116.153174798935652 ], [ 5700564.22626468911767, 7427116.919680916704237 ], [ 5700550.875416914001107, 7427115.638435753062367 ], [ 5700537.789674123749137, 7427112.571271147578955 ], [ 5700524.673023513518274, 7427108.624385073781013 ], [ 5700458.58808483555913, 7427084.083690924569964 ], [ 5700413.812646625563502, 7427064.120631381869316 ], [ 5700382.994711932726204, 7427048.321583827026188 ], [ 5700355.80833298061043, 7427034.081091743893921 ], [ 5700328.736646420322359, 7427019.879805404692888 ], [ 5700275.805154426023364, 7426999.841508231125772 ], [ 5700273.777293133549392, 7427004.063508162274957 ], [ 5700255.080213813111186, 7427041.948553698137403 ], [ 5700226.173430170863867, 7427086.948664331808686 ], [ 5700217.019145764410496, 7427130.654768407344818 ], [ 5700222.890365058556199, 7427176.36698320414871 ], [ 5700248.851504255086184, 7427279.293865444138646 ], [ 5700295.626257482916117, 7427348.787438048049808 ], [ 5700324.748252444900572, 7427386.639466850087047 ], [ 5700350.282274203374982, 7427427.370062633417547 ], [ 5700360.296225975267589, 7427455.30963272228837 ], [ 5700359.524374858476222, 7427491.863662435673177 ], [ 5700343.221068921498954, 7427595.410935097374022 ], [ 5700320.716864456422627, 7427659.362440419383347 ], [ 5700303.717032665386796, 7427743.869014961645007 ], [ 5700337.532571660354733, 7427819.569466263987124 ], [ 5700357.822399185970426, 7427917.23005342297256 ], [ 5700385.811104896478355, 7427992.233248334378004 ], [ 5700413.887621380388737, 7428102.222110386937857 ], [ 5700282.467969469726086, 7428350.9546211771667 ], [ 5700290.100263927131891, 7428546.659517146646976 ], [ 5700366.528031893074512, 7428775.190862955525517 ], [ 5700308.299621391110122, 7428838.316740692593157 ], [ 5700301.774923395365477, 7428921.216623248532414 ], [ 5700345.047540534287691, 7428995.381632512435317 ], [ 5700349.716647625900805, 7429076.831452758982778 ], [ 5700350.499829654581845, 7429092.488241599872708 ], [ 5700336.731266683898866, 7429099.200856582261622 ], [ 5700270.705019342713058, 7429137.729079686105251 ], [ 5700237.988622786477208, 7429170.915856262668967 ], [ 5700142.75404794793576, 7429168.471320260316133 ], [ 5700134.225046499632299, 7429280.509101487696171 ], [ 5700103.129651959054172, 7429335.012472254224122 ], [ 5700119.892573399469256, 7429332.889180500991642 ], [ 5700151.353062067180872, 7429331.416155967861414 ] ] ] } },
{ "type": "Feature", "properties": { "lv_id": "LOC_052408", "id": 297674.0, "CD_SETOR": "352050905000209", "SITUACAO": "Urbana", "CD_SIT": "3", "CD_TIPO": "0", "AREA_KM2": 1.4584590435108791, "CD_REGIAO": "3", "NM_REGIAO": "Sudeste", "CD_UF": "35", "NM_UF": "São Paulo", "CD_MUN": "3520509", "NM_MUN": "Indaiatuba", "CD_DIST": "352050905", "NM_DIST": "Indaiatuba", "CD_SUBDIST": "35205090500", "NM_SUBDIST": null, "CD_BAIRRO": null, "NM_BAIRRO": null, "CD_NU": "3520509010", "NM_NU": "Vila Real", "CD_FCU": null, "NM_FCU": null, "CD_AGLOM": null, "NM_AGLOM": null, "CD_RGINT": "3510", "NM_RGINT": "Campinas", "CD_RGI": "350038", "NM_RGI": "Campinas", "CD_CONCURB": "3520509", "NM_CONCURB": "Indaiatuba", "mun_code_x": "3520509", "index_right": 83966, "dist_m": 1679.2914875641713, "local_id": 568405, "ano": 2022, "cod_localidade_ibge": 3520509, "NR_ZONA": "211", "nr_cep": 13333000.0, "nm_localidade": "INDAIATUBA", "nm_locvot": "EMEB. PROF. MARIA ALBERTINA BANNWART BERDU", "ds_endereco": "AVENIDA ANGELO BERTELLI NETTO, 992", "ds_bairro": "NUCLEO RESIDENCIAL PROFESSOR CARLOS ALDROVANDI", "pred_long": -47.17791, "pred_lat": -23.068499, "pred_dist": 0.0, "tse_long": -47.1779131, "tse_lat": -23.0684791, "long": -47.1779131, "lat": -23.0684791, "ID_UNICO": "LOC_052408", "SG_UF": "SP", "CD_MUNICIPIO": "65110", "NR_LOCAL_VOTACAO": "2119", "QT_SECOES_AGREGADAS": 0, "QT_ELEITORES_TRANSFERIDOS": 43, "CIRO GOMES (PDT) (NÃO ELEITO) 1T": 66.0, "CONSTITUINTE EYMAEL (DC) (NÃO ELEITO) 1T": 2.0, "FELIPE D AVILA (NOVO) (NÃO ELEITO) 1T": 14.0, "JAIR BOLSONARO (PL) (2º TURNO) 1T": 1187.0, "LULA (PT) (2º TURNO) 1T": 770.0, "LÉO PÉRICLES (UP) (NÃO ELEITO) 1T": 1.0, "PADRE KELMON (PTB) (NÃO ELEITO) 1T": 1.0, "SIMONE TEBET (MDB) (NÃO ELEITO) 1T": 119.0, "SOFIA MANZANO (PCB) (NÃO ELEITO) 1T": 0.0, "SORAYA THRONICKE (UNIÃO) (NÃO ELEITO) 1T": 22.0, "VERA (PSTU) (NÃO ELEITO) 1T": 1.0, "Total_Votos_Validos 1T": 2183.0, "Votos_Brancos 1T": 69.0, "Votos_Nulos 1T": 95.0, "Abstenções 1T": 640.0, "Eleitores_Aptos 1T": 2987.0, "JAIR BOLSONARO (PL) (NÃO ELEITO) 2T": 1370.0, "LULA (PT) (ELEITO) 2T": 848.0, "Total_Votos_Validos 2T": 2218.0, "Votos_Brancos 2T": 54.0, "Votos_Nulos 2T": 105.0, "Abstenções 2T": 610.0, "Eleitores_Aptos 2T": 2987.0, "mun_code_y": "3520509", "mun_code": "3520509" }, "geometry": { "type": "Polygon", "coordinates": [ [ [ 5697841.296905161812901, 7430286.669259051792324 ], [ 5697814.41845787409693, 7430332.402307227253914 ], [ 5697810.699285194277763, 7430340.204623172059655 ], [ 5697871.559870081022382, 7430373.557863249443471 ], [ 5697944.223843459039927, 7430656.015255942940712 ], [ 5697837.029599747620523, 7430825.849339203909039 ], [ 5697721.486045949161053, 7430757.046520752832294 ], [ 5697669.1040582312271, 7430715.902406087145209 ], [ 5697646.874772923067212, 7430694.275631424039602 ], [ 5697603.317858872003853, 7430747.767454046756029 ], [ 5697443.686494004912674, 7430958.275040782988071 ], [ 5697495.938222242519259, 7430991.328844733536243 ], [ 5697500.375893577001989, 7430994.111038316041231 ], [ 5697504.919028088450432, 7430996.955234066583216 ], [ 5697517.957130385562778, 7431005.125018525868654 ], [ 5697474.889609263278544, 7431072.701966917142272 ], [ 5697429.66457364987582, 7431095.889307264238596 ], [ 5697367.167748755775392, 7431106.9995141569525 ], [ 5697355.05576828494668, 7431110.140332046896219 ], [ 5697384.177311714738607, 7431219.968826692551374 ], [ 5697397.204495623707771, 7431256.133637389168143 ], [ 5697407.898747563362122, 7431288.012834137305617 ], [ 5697410.120437970384955, 7431302.698364851996303 ], [ 5697411.80236101616174, 7431310.851002996787429 ], [ 5697417.042691330425441, 7431316.774483225308359 ], [ 5697421.623616513796151, 7431321.312243130989373 ], [ 5697427.21476957667619, 7431334.558141952380538 ], [ 5697432.809338302351534, 7431340.598950460553169 ], [ 5697439.03808010648936, 7431358.51061131618917 ], [ 5697453.944081226363778, 7431342.435758106410503 ], [ 5697455.389897901564837, 7431340.438882922753692 ], [ 5697464.887316048145294, 7431341.290031343698502 ], [ 5697466.114540984854102, 7431337.240008737891912 ], [ 5697470.08215912990272, 7431336.530901486054063 ], [ 5697594.706695205532014, 7431398.288264628499746 ], [ 5697625.942737065255642, 7431366.986337946727872 ], [ 5697680.240296248346567, 7431370.779057779349387 ], [ 5697741.150194559246302, 7431371.396940267644823 ], [ 5697763.512478727847338, 7431365.000806799158454 ], [ 5697805.475474214181304, 7431331.882165533490479 ], [ 5697859.602605842985213, 7431356.259903341531754 ], [ 5697810.49864196497947, 7431412.274645051918924 ], [ 5697735.887868577614427, 7431489.130206202156842 ], [ 5697726.914937694557011, 7431503.523483116179705 ], [ 5697721.776931260712445, 7431509.283844282850623 ], [ 5697719.693793161772192, 7431513.898003777489066 ], [ 5697690.399761166423559, 7431561.370914440602064 ], [ 5697620.255008253268898, 7431682.005446206778288 ], [ 5697586.559989638626575, 7431738.092553040012717 ], [ 5697552.86465132702142, 7431794.179518189281225 ], [ 5697519.968273337930441, 7431848.924178253859282 ], [ 5697481.739899219945073, 7431912.549661620520055 ], [ 5697472.808547616004944, 7431927.409121790900826 ], [ 5697470.475049617700279, 7431937.232230968773365 ], [ 5697469.039452628232539, 7431947.392710201442242 ], [ 5697468.355573730543256, 7431958.276577926240861 ], [ 5697468.422846186906099, 7431968.768547179177403 ], [ 5697481.286210536025465, 7432333.679832590743899 ], [ 5697482.501263733953238, 7432356.063332941383123 ], [ 5697484.053848441690207, 7432376.880824065767229 ], [ 5697486.954539658501744, 7432397.568596096709371 ], [ 5697490.800791885703802, 7432417.632358054630458 ], [ 5697514.322074169293046, 7432516.446426255628467 ], [ 5697519.778651066124439, 7432532.531583970412612 ], [ 5697526.068274643272161, 7432547.116875148378313 ], [ 5697533.698900546878576, 7432561.639697728678584 ], [ 5697580.118024830706418, 7432650.743452928029001 ], [ 5697622.80306762829423, 7432748.006835289299488 ], [ 5697635.948345115408301, 7432784.712907770648599 ], [ 5697647.14543822221458, 7432818.130337253212929 ], [ 5697668.068482829257846, 7432860.162192492745817 ], [ 5697702.243865819647908, 7432920.235905514098704 ], [ 5697707.961890834383667, 7432937.747667066752911 ], [ 5697707.832149340771139, 7432954.594998080283403 ], [ 5697701.364916229620576, 7432971.057230155915022 ], [ 5697689.405440889298916, 7432988.544884068891406 ], [ 5697683.287944474257529, 7433001.276800907216966 ], [ 5697677.124727293848991, 7433019.866251453757286 ], [ 5697679.681418233551085, 7433078.390471535734832 ], [ 5697672.741980195045471, 7433122.434112733229995 ], [ 5697672.958976123481989, 7433183.376009517349303 ], [ 5697673.801575203426182, 7433233.280594361945987 ], [ 5697675.247750150971115, 7433295.949730319902301 ], [ 5697677.920072077773511, 7433311.283530031330884 ], [ 5697689.204578356817365, 7433335.986352756619453 ], [ 5697700.332869433797896, 7433357.328199561685324 ], [ 5697738.080958787351847, 7433427.373971347697079 ], [ 5697740.261806244961917, 7433438.314021621830761 ], [ 5697740.798633523285389, 7433450.524039184674621 ], [ 5697730.936042297631502, 7433498.78588916733861 ], [ 5697714.171582517214119, 7433574.036370781250298 ], [ 5697694.026400654576719, 7433657.786777593195438 ], [ 5697677.716432398185134, 7433728.922714663669467 ], [ 5697676.787145347334445, 7433736.962796300649643 ], [ 5697678.411590775474906, 7433754.475655755959451 ], [ 5697684.295245146378875, 7433779.08432412147522 ], [ 5697678.114702534861863, 7433867.515436049550772 ], [ 5697671.5315654668957, 7433958.106656659394503 ], [ 5697665.786818150430918, 7433982.186106245964766 ], [ 5697660.733644935302436, 7433996.641648921184242 ], [ 5697643.78207987267524, 7434032.797539673745632 ], [ 5697600.615643403492868, 7434092.558228744193912 ], [ 5697584.508036573417485, 7434108.242171455174685 ], [ 5697568.921266783960164, 7434121.225092392414808 ], [ 5697538.454968448728323, 7434148.061339134350419 ], [ 5697511.948471478186548, 7434175.772707257419825 ], [ 5697499.393343959935009, 7434193.945572592318058 ], [ 5697490.438448334112763, 7434212.318887393921614 ], [ 5697482.466691978275776, 7434241.476077543571591 ], [ 5697480.403603951446712, 7434260.231224730610847 ], [ 5697482.242209394462407, 7434282.362597230821848 ], [ 5697486.216516448184848, 7434312.480551986023784 ], [ 5697485.550138937309384, 7434323.976943643763661 ], [ 5697483.073860614560544, 7434332.512783423997462 ], [ 5697478.112441779114306, 7434344.75558502972126 ], [ 5697412.000857089646161, 7434491.071427335962653 ], [ 5697407.553787724114954, 7434507.985673632472754 ], [ 5697407.114174611866474, 7434519.728004187345505 ], [ 5697408.042349046096206, 7434529.109151464886963 ], [ 5697418.695623014122248, 7434607.164442274719477 ], [ 5697424.011220119893551, 7434623.089027766138315 ], [ 5697433.404080294072628, 7434642.192104710265994 ], [ 5697443.523026494309306, 7434655.941378673538566 ], [ 5697502.736639096401632, 7434727.119504867121577 ], [ 5697508.753945647738874, 7434733.408635672181845 ], [ 5697520.477444894611835, 7434742.82274386473 ], [ 5697534.399949738755822, 7434754.075143894180655 ], [ 5697544.215136300772429, 7434764.816048348322511 ], [ 5697551.478957637213171, 7434776.735236145555973 ], [ 5697605.726892786100507, 7434934.71472280472517 ], [ 5697608.666917091235518, 7434934.834412878379226 ], [ 5697806.002522203139961, 7434925.292022626847029 ], [ 5697894.151352205313742, 7435165.81040259078145 ], [ 5698195.345138260163367, 7435010.975731862708926 ], [ 5698261.878094655461609, 7435155.411734892055392 ], [ 5698453.166774624027312, 7435058.344785368070006 ], [ 5698529.336420526728034, 7435046.999372929334641 ], [ 5698500.354059311561286, 7435101.573447898961604 ], [ 5698498.542410753667355, 7435104.758480858057737 ], [ 5698496.419875426217914, 7435107.656860393472016 ], [ 5698493.683330610394478, 7435110.148871025070548 ], [ 5698490.592133369296789, 7435111.85436877515167 ], [ 5698480.466010543517768, 7435115.627572048455477 ], [ 5698476.587716020643711, 7435117.838179019279778 ], [ 5698473.497187134809792, 7435120.88203613832593 ], [ 5698471.948957589454949, 7435124.657067376188934 ], [ 5698471.435025943443179, 7435128.830037906765938 ], [ 5698471.888563717715442, 7435132.84639729373157 ], [ 5698473.171927130781114, 7435136.83524526283145 ], [ 5698495.063682090491056, 7435176.680884873494506 ], [ 5698497.682589488103986, 7435180.484818248078227 ], [ 5698503.709756867960095, 7435186.97403521835804 ], [ 5698513.415037571452558, 7435194.228745927102864 ], [ 5698540.282030867412686, 7435217.056830955669284 ], [ 5698549.447972019203007, 7435235.880333364009857 ], [ 5698575.87070638127625, 7435261.729335243813694 ], [ 5698601.365796153433621, 7435286.383527321740985 ], [ 5698620.51579291280359, 7435297.492112910374999 ], [ 5698676.551888335496187, 7435339.683648503385484 ], [ 5698688.719865393824875, 7435334.142190045677125 ], [ 5698945.704194054938853, 7435207.004668917506933 ], [ 5699018.937762464396656, 7435172.460903235711157 ], [ 5699020.267876983620226, 7435171.718522895127535 ], [ 5699022.93886190559715, 7435170.244413619861007 ], [ 5699100.320028947666287, 7435128.703152039088309 ], [ 5699199.165877770632505, 7435077.683585491031408 ], [ 5699210.36663123127073, 7435098.542326024733484 ], [ 5699326.84034083224833, 7435146.712809943594038 ], [ 5699446.418922116979957, 7434923.975101405754685 ], [ 5699441.049565699882805, 7434372.494433173909783 ], [ 5699458.751668859273195, 7434360.012769490480423 ], [ 5699469.908714458346367, 7434333.894653802737594 ], [ 5699469.124467507004738, 7434296.355000293813646 ], [ 5699549.179994559846818, 7434269.407525029033422 ], [ 5700209.827577739953995, 7434047.02089542709291 ], [ 5700122.063702492043376, 7433930.182427180930972 ], [ 5700024.459335790015757, 7433819.012389669194818 ], [ 5700011.561026487499475, 7433807.312533401884139 ], [ 5699805.742620795965195, 7433620.735160157084465 ], [ 5699682.733065284788609, 7433509.211780635640025 ], [ 5699565.670736354775727, 7433403.087376148439944 ], [ 5699544.621018707752228, 7433383.993973680771887 ], [ 5699447.280782525427639, 7433295.741895032115281 ], [ 5699313.585783258080482, 7433174.532915618270636 ], [ 5699260.883581262081861, 7433126.746855286881328 ], [ 5699177.374959982000291, 7433051.031688110902905 ], [ 5699159.304690305143595, 7433034.65424881502986 ], [ 5699131.722030591219664, 7433009.641903383657336 ], [ 5699088.435046231374145, 7432976.752104203216732 ], [ 5699012.956064891070127, 7432919.656064312905073 ], [ 5698964.436068071052432, 7432888.058742376975715 ], [ 5699284.876103340648115, 7432470.189611619338393 ], [ 5699308.57624279614538, 7432437.663234351202846 ], [ 5699346.673794713802636, 7432385.425223158672452 ], [ 5699405.790421761572361, 7432304.343588112853467 ], [ 5699464.298223058693111, 7432224.081866027787328 ], [ 5699492.472050543874502, 7432185.434543650597334 ], [ 5699518.514252722263336, 7432149.697425795719028 ], [ 5699553.181769043207169, 7432107.757321480661631 ], [ 5699572.88613370899111, 7432087.027781153097749 ], [ 5699596.899500507861376, 7432067.847955593839288 ], [ 5699631.236092796549201, 7432045.876842284575105 ], [ 5699661.633690832182765, 7432031.172267545945942 ], [ 5699697.120351819321513, 7432014.947094389237463 ], [ 5699866.120830833911896, 7431954.725501490756869 ], [ 5699897.321418462321162, 7431943.607739809900522 ], [ 5699999.096816173754632, 7431907.351053787395358 ], [ 5700052.722450013272464, 7431890.522041177377105 ], [ 5700063.651631784625351, 7431887.088669815100729 ], [ 5700325.943692079745233, 7431810.251090846955776 ], [ 5700370.363079227507114, 7431794.219527425244451 ], [ 5700460.759156299754977, 7431757.286914333701134 ], [ 5700493.358887986280024, 7431744.95336458645761 ], [ 5700528.690347644500434, 7431732.904580295085907 ], [ 5700774.456165115348995, 7431654.845814350061119 ], [ 5700791.064316606149077, 7431649.573252519592643 ], [ 5700796.076195013709366, 7431647.72129288315773 ], [ 5700802.239711596630514, 7431628.582641620188951 ], [ 5700850.334172594361007, 7431592.869115851819515 ], [ 5700894.589094805531204, 7431566.537143317982554 ], [ 5700959.740933396853507, 7431531.005936790257692 ], [ 5701035.551860882900655, 7431484.523868844844401 ], [ 5701151.869311828166246, 7431420.427817916497588 ], [ 5701213.411063467152417, 7431454.709816394373775 ], [ 5701242.743842652067542, 7431431.328719325363636 ], [ 5701245.542747472412884, 7431429.100632824003696 ], [ 5700840.06407384481281, 7431139.329978654161096 ], [ 5700387.567559372633696, 7430808.711455168202519 ], [ 5700511.409730315208435, 7430636.810952395200729 ], [ 5700585.900608223862946, 7430514.980529352091253 ], [ 5700686.294864615425467, 7430363.404474869370461 ], [ 5700692.079227847978473, 7430215.924327691085637 ], [ 5700754.90727192722261, 7430145.087402259930968 ], [ 5700783.843044779263437, 7430081.459470639005303 ], [ 5700799.022347151301801, 7430060.805095346644521 ], [ 5700801.163881621323526, 7430056.588961777277291 ], [ 5700763.300019676797092, 7430029.95381089206785 ], [ 5700774.865655431523919, 7430014.499168701469898 ], [ 5700771.490235609002411, 7429973.019689724780619 ], [ 5700779.138388584367931, 7429917.438253275118768 ], [ 5700767.999441687017679, 7429823.776339054107666 ], [ 5700723.711394907906651, 7429748.14192930329591 ], [ 5700686.959281200543046, 7429675.946783978492022 ], [ 5700601.451931735500693, 7429519.860710495151579 ], [ 5700584.412828827276826, 7429492.606901906430721 ], [ 5700570.776261830702424, 7429472.532955241389573 ], [ 5700561.351767517626286, 7429460.281333572231233 ], [ 5700531.052180977538228, 7429438.545275902375579 ], [ 5700508.291051691398025, 7429424.698771419934928 ], [ 5700471.079273100011051, 7429412.633382886648178 ], [ 5700462.704774360172451, 7429408.79834059253335 ], [ 5700450.850402075797319, 7429404.903217904269695 ], [ 5700438.553565350361168, 7429397.905730096623302 ], [ 5700429.711374402977526, 7429384.065256294794381 ], [ 5700418.396578169427812, 7429360.993659602478147 ], [ 5700402.68255324754864, 7429340.135814795270562 ], [ 5700380.125834363512695, 7429326.268470600247383 ], [ 5700359.983229614794254, 7429324.769196568056941 ], [ 5700355.334274233318865, 7429321.640781011432409 ], [ 5700344.660750644281507, 7429307.897219805046916 ], [ 5700328.789535774849355, 7429296.839783268049359 ], [ 5700312.225613825023174, 7429290.711315833032131 ], [ 5700278.184126894921064, 7429289.628653325140476 ], [ 5700262.329610636457801, 7429287.705373398959637 ], [ 5700244.358258388005197, 7429288.770049896091223 ], [ 5700230.61251444555819, 7429288.075290834531188 ], [ 5700200.982689729891717, 7429302.601979590952396 ], [ 5700151.353062067180872, 7429331.416155967861414 ], [ 5700119.892573399469256, 7429332.889180500991642 ], [ 5700103.129651959054172, 7429335.012472254224122 ], [ 5700029.013496524654329, 7429464.966154782101512 ], [ 5700027.465054780244827, 7429467.169010486453772 ], [ 5700026.140895345248282, 7429469.562134837731719 ], [ 5700025.642281755805016, 7429488.089583880268037 ], [ 5700023.182363665662706, 7429492.298168983310461 ], [ 5699977.933769383467734, 7429463.196841446682811 ], [ 5699938.580858170986176, 7429430.975270801223814 ], [ 5699851.994859714992344, 7429366.019639134407043 ], [ 5699752.219061680138111, 7429291.174183597788215 ], [ 5699639.019826842471957, 7429206.260081604123116 ], [ 5699621.10630314797163, 7429196.479954971000552 ], [ 5699600.187194379046559, 7429189.985781530849636 ], [ 5699511.893554815091193, 7429176.928889835253358 ], [ 5699467.050658539868891, 7429173.394128760322928 ], [ 5699441.336681982502341, 7429178.433873139321804 ], [ 5699332.356656051240861, 7429205.827506523579359 ], [ 5699125.142082043923438, 7429257.923572484403849 ], [ 5698905.111483900807798, 7429360.282071003690362 ], [ 5698730.163212413899601, 7429441.669502275064588 ], [ 5698725.42974394839257, 7429444.199449483305216 ], [ 5698709.719214499928057, 7429452.618276011198759 ], [ 5698704.295648608356714, 7429455.526216853410006 ], [ 5698692.399097614921629, 7429452.914484473876655 ], [ 5698681.297613706439734, 7429452.395909016951919 ], [ 5698668.952602185308933, 7429454.24419367313385 ], [ 5698658.152675356715918, 7429457.113318739458919 ], [ 5698647.283292863518, 7429461.792540773749352 ], [ 5698580.853271768428385, 7429495.077259328216314 ], [ 5698553.391343764960766, 7429508.840827617794275 ], [ 5698442.550122302025557, 7429564.37583792116493 ], [ 5698412.281392022036016, 7429579.541653433814645 ], [ 5698344.506348888389766, 7429613.478970023803413 ], [ 5698341.980658181011677, 7429614.745712036266923 ], [ 5698174.957771923393011, 7429675.935365755110979 ], [ 5697839.495292997919023, 7429798.809043789282441 ], [ 5697687.666711202822626, 7429854.431518777273595 ], [ 5697632.208253223448992, 7429869.65510493144393 ], [ 5697637.256788106635213, 7429873.445928857661784 ], [ 5697638.83007516246289, 7429874.63285668566823 ], [ 5697914.909761592745781, 7430081.951752497814596 ], [ 5697833.551942857913673, 7430222.542411671020091 ], [ 5697831.102510663680732, 7430226.772233700379729 ], [ 5697861.98177981749177, 7430244.504118960350752 ], [ 5697841.296905161812901, 7430286.669259051792324 ] ] ] } },
{ "type": "Feature", "properties": { "lv_id": "LOC_052409", "id": 297558.0, "CD_SETOR": "352050905000022", "SITUACAO": "Urbana", "CD_SIT": "1", "CD_TIPO": "0", "AREA_KM2": 0.085482866036704006, "CD_REGIAO": "3", "NM_REGIAO": "Sudeste", "CD_UF": "35", "NM_UF": "São Paulo", "CD_MUN": "3520509", "NM_MUN": "Indaiatuba", "CD_DIST": "352050905", "NM_DIST": "Indaiatuba", "CD_SUBDIST": "35205090500", "NM_SUBDIST": null, "CD_BAIRRO": null, "NM_BAIRRO": null, "CD_NU": null, "NM_NU": null, "CD_FCU": null, "NM_FCU": null, "CD_AGLOM": null, "NM_AGLOM": null, "CD_RGINT": "3510", "NM_RGINT": "Campinas", "CD_RGI": "350038", "NM_RGI": "Campinas", "CD_CONCURB": "3520509", "NM_CONCURB": "Indaiatuba", "mun_code_x": "3520509", "index_right": 83960, "dist_m": 352.94679560360436, "local_id": 568399, "ano": 2022, "cod_localidade_ibge": 3520509, "NR_ZONA": "211", "nr_cep": 13333300.0, "nm_localidade": "INDAIATUBA", "nm_locvot": "COLÉGIO CONQUISTA", "ds_endereco": "RUA ARAPONGA, 36", "ds_bairro": "VILA GEORGINA 1", "pred_long": -47.206953, "pred_lat": -23.076338, "pred_dist": 0.0, "tse_long": -47.2067199, "tse_lat": -23.0758946, "long": -47.2067199, "lat": -23.0758946, "ID_UNICO": "LOC_052409", "SG_UF": "SP", "CD_MUNICIPIO": "65110", "NR_LOCAL_VOTACAO": "2380", "QT_SECOES_AGREGADAS": 0, "QT_ELEITORES_TRANSFERIDOS": 77, "CIRO GOMES (PDT) (NÃO ELEITO) 1T": 197.0, "CONSTITUINTE EYMAEL (DC) (NÃO ELEITO) 1T": 1.0, "FELIPE D AVILA (NOVO) (NÃO ELEITO) 1T": 74.0, "JAIR BOLSONARO (PL) (2º TURNO) 1T": 3100.0, "LULA (PT) (2º TURNO) 1T": 1363.0, "LÉO PÉRICLES (UP) (NÃO ELEITO) 1T": 3.0, "PADRE KELMON (PTB) (NÃO ELEITO) 1T": 3.0, "SIMONE TEBET (MDB) (NÃO ELEITO) 1T": 460.0, "SOFIA MANZANO (PCB) (NÃO ELEITO) 1T": 1.0, "SORAYA THRONICKE (UNIÃO) (NÃO ELEITO) 1T": 19.0, "VERA (PSTU) (NÃO ELEITO) 1T": 1.0, "Total_Votos_Validos 1T": 5222.0, "Votos_Brancos 1T": 83.0, "Votos_Nulos 1T": 153.0, "Abstenções 1T": 848.0, "Eleitores_Aptos 1T": 6306.0, "JAIR BOLSONARO (PL) (NÃO ELEITO) 2T": 3546.0, "LULA (PT) (ELEITO) 2T": 1583.0, "Total_Votos_Validos 2T": 5129.0, "Votos_Brancos 2T": 93.0, "Votos_Nulos 2T": 219.0, "Abstenções 2T": 865.0, "Eleitores_Aptos 2T": 6306.0, "mun_code_y": "3520509", "mun_code": "3520509" }, "geometry": { "type": "MultiPolygon", "coordinates": [ [ [ [ 5695468.511206820607185, 7430543.116787433624268 ], [ 5695429.393580883741379, 7430475.543068427592516 ], [ 5695403.456305465660989, 7430430.732719305902719 ], [ 5695324.802257413044572, 7430458.333697063848376 ], [ 5695273.244593471288681, 7430370.884044628590345 ], [ 5695204.765787365846336, 7430254.744321247562766 ], [ 5695119.054399495013058, 7430306.204512142576277 ], [ 5695145.881379581056535, 7430367.122730232775211 ], [ 5695172.698772967793047, 7430428.052557628601789 ], [ 5695219.119242090731859, 7430538.771417114883661 ], [ 5695224.124973093159497, 7430598.930481845512986 ], [ 5695225.869149910286069, 7430619.950272867456079 ], [ 5695224.624941423535347, 7430668.098386287689209 ], [ 5695225.273546725511551, 7430684.29537315107882 ], [ 5695231.314839231781662, 7430711.271750492975116 ], [ 5695286.244412487372756, 7430719.481433772481978 ], [ 5695342.54687163233757, 7430726.991428360342979 ], [ 5695363.758130114525557, 7430714.585227996110916 ], [ 5695444.29825184866786, 7430667.468748765066266 ], [ 5695516.159742843359709, 7430625.42815775051713 ], [ 5695468.511206820607185, 7430543.116787433624268 ] ] ], [ [ [ 5696027.437520555220544, 7430877.716407912783325 ], [ 5695986.728330055251718, 7430826.29955630749464 ], [ 5695966.03637136798352, 7430800.171852155588567 ], [ 5695930.586464766412973, 7430757.967914808541536 ], [ 5695885.365438212640584, 7430704.139939891174436 ], [ 5695840.242472687736154, 7430650.430043699219823 ], [ 5695779.712641309946775, 7430578.365384059026837 ], [ 5695779.028563218191266, 7430577.549587276764214 ], [ 5695719.378874681890011, 7430506.536893581971526 ], [ 5695679.9036057703197, 7430529.629853688180447 ], [ 5695579.54229786619544, 7430588.342809811234474 ], [ 5695624.537808454595506, 7430667.844236629083753 ], [ 5695672.332545723766088, 7430749.747181850485504 ], [ 5695706.97875529807061, 7430809.130669893696904 ], [ 5695707.201538941822946, 7430809.510657637380064 ], [ 5695732.151902063749731, 7430852.258946670219302 ], [ 5695749.504755698144436, 7430861.70143692754209 ], [ 5695809.48306542634964, 7430908.832177389413118 ], [ 5695862.382373883388937, 7430950.403332920745015 ], [ 5695887.272187553346157, 7430969.956540294922888 ], [ 5695926.196316245011985, 7430988.444345653057098 ], [ 5695953.13151699770242, 7431001.232972294092178 ], [ 5696002.240649830549955, 7431020.362197957001626 ], [ 5696069.773780854418874, 7430976.546365097165108 ], [ 5696093.503116200678051, 7430961.155664537101984 ], [ 5696065.98906818125397, 7430926.400781232863665 ], [ 5696027.437520555220544, 7430877.716407912783325 ] ] ], [ [ [ 5696293.640005640685558, 7430796.405709255486727 ], [ 5696213.48387514334172, 7430874.291313395835459 ], [ 5696106.807243721559644, 7430977.946340189315379 ], [ 5696164.526176955550909, 7431050.832865099422634 ], [ 5696175.732320171780884, 7431063.527653493918478 ], [ 5696259.844362732023001, 7430952.401398990303278 ], [ 5696294.936853369697928, 7430906.045289361849427 ], [ 5696335.00621335208416, 7430853.111404358409345 ], [ 5696340.930584241636097, 7430845.285164887085557 ], [ 5696293.640005640685558, 7430796.405709255486727 ] ] ] ] } },
{ "type": "Feature", "properties": { "lv_id": "LOC_052410", "id": 297557.0, "CD_SETOR": "352050905000021", "SITUACAO": "Urbana", "CD_SIT": "1", "CD_TIPO": "0", "AREA_KM2": 0.122178326711733, "CD_REGIAO": "3", "NM_REGIAO": "Sudeste", "CD_UF": "35", "NM_UF": "São Paulo", "CD_MUN": "3520509", "NM_MUN": "Indaiatuba", "CD_DIST": "352050905", "NM_DIST": "Indaiatuba", "CD_SUBDIST": "35205090500", "NM_SUBDIST": null, "CD_BAIRRO": null, "NM_BAIRRO": null, "CD_NU": "3520509009", "NM_NU": "Jardim Vila Paradiso", "CD_FCU": null, "NM_FCU": null, "CD_AGLOM": null, "NM_AGLOM": null, "CD_RGINT": "3510", "NM_RGINT": "Campinas", "CD_RGI": "350038", "NM_RGI": "Campinas", "CD_CONCURB": "3520509", "NM_CONCURB": "Indaiatuba", "mun_code_x": "3520509", "index_right": 83959, "dist_m": 366.42484737162721, "local_id": 568398, "ano": 2022, "cod_localidade_ibge": 3520509, "NR_ZONA": "211", "nr_cep": 13333000.0, "nm_localidade": "INDAIATUBA", "nm_locvot": "COLÉGIO OBJETIVO DE INDAIATUBA", "ds_endereco": "AVENIDA ENGENHEIRO FÁBIO ROBERTO BARNABÉ, 1400", "ds_bairro": "JARDIM ESPLANADA", "pred_long": -47.2243789, "pred_lat": -23.0802201, "pred_dist": 0.0, "tse_long": -47.224148, "tse_lat": -23.0803085, "long": -47.224148, "lat": -23.0803085, "ID_UNICO": "LOC_052410", "SG_UF": "SP", "CD_MUNICIPIO": "65110", "NR_LOCAL_VOTACAO": "2135", "QT_SECOES_AGREGADAS": 0, "QT_ELEITORES_TRANSFERIDOS": 311, "CIRO GOMES (PDT) (NÃO ELEITO) 1T": 207.0, "CONSTITUINTE EYMAEL (DC) (NÃO ELEITO) 1T": 3.0, "FELIPE D AVILA (NOVO) (NÃO ELEITO) 1T": 71.0, "JAIR BOLSONARO (PL) (2º TURNO) 1T": 2923.0, "LULA (PT) (2º TURNO) 1T": 1064.0, "LÉO PÉRICLES (UP) (NÃO ELEITO) 1T": 1.0, "PADRE KELMON (PTB) (NÃO ELEITO) 1T": 0.0, "SIMONE TEBET (MDB) (NÃO ELEITO) 1T": 388.0, "SOFIA MANZANO (PCB) (NÃO ELEITO) 1T": 3.0, "SORAYA THRONICKE (UNIÃO) (NÃO ELEITO) 1T": 9.0, "VERA (PSTU) (NÃO ELEITO) 1T": 1.0, "Total_Votos_Validos 1T": 4670.0, "Votos_Brancos 1T": 50.0, "Votos_Nulos 1T": 115.0, "Abstenções 1T": 829.0, "Eleitores_Aptos 1T": 5664.0, "JAIR BOLSONARO (PL) (NÃO ELEITO) 2T": 3288.0, "LULA (PT) (ELEITO) 2T": 1284.0, "Total_Votos_Validos 2T": 4572.0, "Votos_Brancos 2T": 78.0, "Votos_Nulos 2T": 157.0, "Abstenções 2T": 857.0, "Eleitores_Aptos 2T": 5664.0, "mun_code_y": "3520509", "mun_code": "3520509" }, "geometry": { "type": "Polygon", "coordinates": [ [ [ 5693670.107485927641392, 7429414.332879107445478 ], [ 5693658.828139191493392, 7429423.030819643288851 ], [ 5693647.105183622799814, 7429430.344132230617106 ], [ 5693608.927673706784844, 7429448.665223680436611 ], [ 5693596.378007365390658, 7429453.630234634503722 ], [ 5693583.947401568293571, 7429458.065550745464861 ], [ 5693357.293575486168265, 7429532.156493088230491 ], [ 5693376.526053413748741, 7429591.364300480112433 ], [ 5693384.481009248644114, 7429615.876161959022284 ], [ 5693385.046306919306517, 7429618.782998288981616 ], [ 5693385.161283114925027, 7429621.710715835914016 ], [ 5693384.735698418691754, 7429625.812183426693082 ], [ 5693383.478855579160154, 7429629.238450014032423 ], [ 5693365.233059382997453, 7429659.615699730813503 ], [ 5693361.866527168080211, 7429663.775462137535214 ], [ 5693357.261345574632287, 7429667.100473780184984 ], [ 5693352.272007883526385, 7429669.216545748524368 ], [ 5693180.497451189905405, 7429725.580797592177987 ], [ 5693181.487970037385821, 7429730.363798467442393 ], [ 5693181.658026175573468, 7429730.93583163805306 ], [ 5693189.672333214432001, 7429754.742371898144484 ], [ 5693248.98538554366678, 7429735.87786959297955 ], [ 5693254.110909342765808, 7429841.341229040175676 ], [ 5693254.308177072554827, 7429844.05323170311749 ], [ 5693120.833944901823997, 7429848.399901906959713 ], [ 5693033.307900389656425, 7429852.043625061400235 ], [ 5693024.744422129355371, 7429848.291852785274386 ], [ 5693012.931244136765599, 7429840.140576656907797 ], [ 5692999.064761677756906, 7429837.047167749144137 ], [ 5692990.333111813291907, 7429837.864417647942901 ], [ 5692980.780432335101068, 7429845.767886474728584 ], [ 5692973.597005393356085, 7429855.223235631361604 ], [ 5692962.194076634012163, 7429856.164246270433068 ], [ 5692921.548145411536098, 7429859.296637524850667 ], [ 5692712.307556115090847, 7429869.402770375832915 ], [ 5692635.114188671112061, 7429873.803427468985319 ], [ 5692608.037344543263316, 7429873.81958044692874 ], [ 5692597.959229614585638, 7429870.137745959684253 ], [ 5692597.573322611860931, 7429876.434248073026538 ], [ 5692598.779218421317637, 7429886.103027583099902 ], [ 5692598.864390061236918, 7429897.931456335820258 ], [ 5692589.38759214989841, 7429907.481602678075433 ], [ 5692573.564378746785223, 7429911.537708395160735 ], [ 5692560.378683192655444, 7429906.750722827389836 ], [ 5692548.23390637151897, 7429899.85238946788013 ], [ 5692514.450476897880435, 7429894.792481184005737 ], [ 5692498.095318187959492, 7429895.549821892753243 ], [ 5692373.925937823951244, 7429898.388331205584109 ], [ 5692175.9786795116961, 7429897.191196093335748 ], [ 5692072.778001941740513, 7429899.893117325380445 ], [ 5691644.393495081923902, 7429903.541167678311467 ], [ 5691579.992877781391144, 7429904.445232637226582 ], [ 5691563.863858068361878, 7429901.878999134525657 ], [ 5691549.15406387578696, 7429897.172875570133328 ], [ 5691534.00807236880064, 7429891.237903074361384 ], [ 5691516.392874521203339, 7429884.915263779461384 ], [ 5691495.409955750219524, 7429872.514446668326855 ], [ 5691477.538204059004784, 7429849.074401494115591 ], [ 5691465.152810261584818, 7429828.503187337890267 ], [ 5691453.410291209816933, 7429805.415386486798525 ], [ 5691442.764182827435434, 7429761.634834438562393 ], [ 5691413.287327506579459, 7429629.844851298257709 ], [ 5691410.960732155479491, 7429612.544413708150387 ], [ 5691413.503798449411988, 7429601.642997240647674 ], [ 5691419.788341927342117, 7429588.918100436218083 ], [ 5691425.63861963711679, 7429583.673859890550375 ], [ 5691452.784029402770102, 7429565.824662221595645 ], [ 5691482.627425974234939, 7429546.21130508556962 ], [ 5691500.328954126685858, 7429535.746324818581343 ], [ 5691513.438149349763989, 7429528.002871091477573 ], [ 5691526.924234970472753, 7429518.870291916653514 ], [ 5691534.854498516768217, 7429512.916439723223448 ], [ 5691539.444363373331726, 7429505.031675422564149 ], [ 5691541.519938014447689, 7429496.226070947945118 ], [ 5691541.546050453558564, 7429484.571160448715091 ], [ 5691537.965288210660219, 7429468.767296489328146 ], [ 5691516.330479028634727, 7429392.463177282363176 ], [ 5691509.702386296354234, 7429385.297980276867747 ], [ 5691470.210014479234815, 7429355.620470616035163 ], [ 5691438.812226947396994, 7429331.992023043334484 ], [ 5691429.756226528435946, 7429325.775481141172349 ], [ 5691422.215433474630117, 7429319.500015938654542 ], [ 5691411.927899228408933, 7429311.266178140416741 ], [ 5691398.609539135359228, 7429303.585114503279328 ], [ 5691332.309942099265754, 7429254.839578531682491 ], [ 5691325.838426371105015, 7429246.841869202442467 ], [ 5691325.700207589194179, 7429246.513705784454942 ], [ 5691312.536048526875675, 7429254.839484622702003 ], [ 5691313.401567719876766, 7429321.598879711702466 ], [ 5691316.271188359707594, 7429383.782571476884186 ], [ 5691311.340776110067964, 7429393.62340946495533 ], [ 5691274.499509421177208, 7429412.054511561989784 ], [ 5691261.187463518232107, 7429415.179134568199515 ], [ 5691246.214481889270246, 7429415.871377173811197 ], [ 5691208.391384746879339, 7429413.025437269359827 ], [ 5691149.233941610902548, 7429427.045763231813908 ], [ 5691135.308291812427342, 7429433.544163148850203 ], [ 5691120.033622629009187, 7429435.922987133264542 ], [ 5691092.323600681498647, 7429435.531051191501319 ], [ 5691029.931519693695009, 7429425.456449205055833 ], [ 5690998.345114235766232, 7429424.407126160338521 ], [ 5690988.116053181700408, 7429419.437813643366098 ], [ 5690952.09932158049196, 7429397.271022173576057 ], [ 5690877.408484608866274, 7429362.249093864113092 ], [ 5690807.513871980831027, 7429319.578256691806018 ], [ 5690792.519615739583969, 7429333.151281895115972 ], [ 5690774.048148959875107, 7429342.49116981588304 ], [ 5690733.592876402661204, 7429350.393316825851798 ], [ 5690610.497393037192523, 7429380.189682502299547 ], [ 5690601.202880313619971, 7429375.020868035033345 ], [ 5690596.398789339698851, 7429370.257978090085089 ], [ 5690595.839823690243065, 7429364.362264957278967 ], [ 5690600.729577461257577, 7429339.83693282213062 ], [ 5690608.940080595202744, 7429312.816351190209389 ], [ 5690612.268116324208677, 7429298.020484145730734 ], [ 5690621.345189490355551, 7429264.882191254757345 ], [ 5690629.864146959036589, 7429250.783260518684983 ], [ 5690643.821151522919536, 7429224.277779126539826 ], [ 5690648.911563395522535, 7429210.337210153229535 ], [ 5690649.727648574858904, 7429196.895194299519062 ], [ 5690648.911079798825085, 7429185.413235525600612 ], [ 5690648.817708374932408, 7429170.931520717218518 ], [ 5690658.543350386433303, 7429133.402880189940333 ], [ 5690623.070001842454076, 7429131.450836507603526 ], [ 5690558.352814101614058, 7429148.101203623227775 ], [ 5690559.087072764523327, 7429152.014973379671574 ], [ 5690474.775849677622318, 7429170.785538125783205 ], [ 5690483.488251176662743, 7429202.265681352466345 ], [ 5690434.228323081508279, 7429211.83389150723815 ], [ 5690424.221619108691812, 7429182.532333721406758 ], [ 5690417.222282605245709, 7429157.954000014811754 ], [ 5690411.528505315072834, 7429125.431175427511334 ], [ 5690315.659041548147798, 7429147.7678760625422 ], [ 5690284.279727280139923, 7429066.628088809549809 ], [ 5690278.241566595621407, 7429056.892769714817405 ], [ 5690266.716951553709805, 7429043.162030376493931 ], [ 5690239.785144737921655, 7429085.677611419931054 ], [ 5690205.638857254758477, 7429132.105841729789972 ], [ 5690193.303351223468781, 7429169.330587724223733 ], [ 5690193.937012765556574, 7429226.709642212837934 ], [ 5690195.446453273296356, 7429236.542554918676615 ], [ 5690197.972025418654084, 7429244.834245715290308 ], [ 5690206.360386991873384, 7429259.055548237636685 ], [ 5690222.770718263462186, 7429281.548972744494677 ], [ 5690226.529902641661465, 7429288.122126968577504 ], [ 5690232.364470299333334, 7429304.122916186228395 ], [ 5690245.074640691280365, 7429349.146091000176966 ], [ 5690252.313916790299118, 7429415.665616318583488 ], [ 5690252.834735738113523, 7429436.985701901838183 ], [ 5690249.1469666659832, 7429473.811200428754091 ], [ 5690243.013909111730754, 7429514.106199780479074 ], [ 5690243.790507398545742, 7429540.979108417406678 ], [ 5690259.251862555742264, 7429570.028921127319336 ], [ 5690280.515427551232278, 7429601.018891720101237 ], [ 5690294.656023065559566, 7429629.226398099213839 ], [ 5690307.811592233367264, 7429675.009679125621915 ], [ 5690330.628600939176977, 7429719.231785679236054 ], [ 5690349.527172612957656, 7429755.873282293789089 ], [ 5690361.366403634659946, 7429786.88573154155165 ], [ 5690365.054528733715415, 7429815.954957632347941 ], [ 5690372.451955733820796, 7429836.043178314343095 ], [ 5690386.687654146924615, 7429872.097042238339782 ], [ 5690402.282884106971323, 7429911.61205312423408 ], [ 5690407.376037208363414, 7429932.219270792789757 ], [ 5690409.040418222546577, 7429969.009641036391258 ], [ 5690409.988485225476325, 7429990.031255292706192 ], [ 5690414.665093437768519, 7430093.313402853906155 ], [ 5690407.821893176063895, 7430115.977119439281523 ], [ 5690397.139812640845776, 7430129.896756110712886 ], [ 5690383.512262567877769, 7430146.004237719811499 ], [ 5690364.144931505434215, 7430168.878019139170647 ], [ 5690359.474604576826096, 7430180.379004215821624 ], [ 5690386.610804528929293, 7430257.789766911417246 ], [ 5690407.803010744042695, 7430314.822162071242929 ], [ 5690433.994976171292365, 7430382.195502740330994 ], [ 5690450.052402762696147, 7430452.222376869060099 ], [ 5690453.585570006631315, 7430542.49879184179008 ], [ 5690522.491055742837489, 7430576.542240370996296 ], [ 5690601.971274428069592, 7430638.400129770860076 ], [ 5690622.387985184788704, 7430665.67121721431613 ], [ 5690628.808785890229046, 7430679.470464069396257 ], [ 5690648.322181744500995, 7430734.773868260905147 ], [ 5690652.867079908959568, 7430751.046173312701285 ], [ 5690653.540442763827741, 7430761.430720120668411 ], [ 5690649.622953286394477, 7430810.645337199792266 ], [ 5690649.997081890702248, 7430822.995233988389373 ], [ 5690663.094243261963129, 7430851.685966327786446 ], [ 5690704.431398781016469, 7430912.918226201087236 ], [ 5690704.998457264155149, 7430918.991999479010701 ], [ 5690721.281014465726912, 7430947.357250057160854 ], [ 5690735.560008558444679, 7430981.658466475084424 ], [ 5690769.859268608503044, 7431056.207324093207717 ], [ 5690798.219544804655015, 7431142.996126394718885 ], [ 5690848.56025194004178, 7431230.643628569319844 ], [ 5690881.127306701615453, 7431282.277746242471039 ], [ 5690946.583280143328011, 7431385.174243880435824 ], [ 5690987.216196902096272, 7431448.000216413289309 ], [ 5691014.848280645906925, 7431511.616072462871671 ], [ 5691123.280482321046293, 7431646.451495415531099 ], [ 5691140.612133979797363, 7431709.795866993255913 ], [ 5691158.996151464991271, 7431736.547432964667678 ], [ 5691195.078071675263345, 7431775.161212356761098 ], [ 5691272.462712714448571, 7431846.359791718423367 ], [ 5691366.05234912969172, 7431912.148249823600054 ], [ 5691409.188811052590609, 7431954.907817341387272 ], [ 5691426.455539398826659, 7431994.56890164129436 ], [ 5691428.044281518086791, 7432066.190340778790414 ], [ 5691399.377379866316915, 7432099.218971913680434 ], [ 5691362.230951354838908, 7432156.593139649368823 ], [ 5691434.019174880348146, 7432195.799183761700988 ], [ 5691444.302406268194318, 7432212.810208075679839 ], [ 5691445.06731572188437, 7432220.056992924772203 ], [ 5691458.680856565013528, 7432211.621937975287437 ], [ 5691484.56737525947392, 7432241.773903716355562 ], [ 5691517.258363463915884, 7432283.343231962062418 ], [ 5691561.05493445508182, 7432328.380722308531404 ], [ 5691591.084398255683482, 7432357.605223909020424 ], [ 5691614.65142010897398, 7432371.259208478033543 ], [ 5691643.988730199635029, 7432379.684027081355453 ], [ 5691679.167175660841167, 7432384.861393719911575 ], [ 5691715.770740469917655, 7432387.129122024402022 ], [ 5691748.198104498907924, 7432383.366999933496118 ], [ 5691799.000707069411874, 7432376.770678116939962 ], [ 5691831.352104402147233, 7432371.584438838064671 ], [ 5691863.011675767600536, 7432363.85401355382055 ], [ 5691890.126858168281615, 7432357.23683849349618 ], [ 5691936.812649689614773, 7432342.566725470125675 ], [ 5691968.571273671463132, 7432333.872406098991632 ], [ 5691995.714847701601684, 7432322.313407838344574 ], [ 5692029.429448726586998, 7432301.763258615508676 ], [ 5692065.68372490350157, 7432267.780206182971597 ], [ 5692126.863825812004507, 7432167.51730733923614 ], [ 5692209.745414833538234, 7432060.507120848633349 ], [ 5692234.579151785001159, 7432040.701482041738927 ], [ 5692239.027484497055411, 7432038.399199401959777 ], [ 5692285.92692047636956, 7432011.718208614736795 ], [ 5692316.579711066558957, 7431997.531500617042184 ], [ 5692349.032683201134205, 7431981.454826321452856 ], [ 5692420.949203681200743, 7431952.06601370498538 ], [ 5692426.243610298261046, 7431944.538836903870106 ], [ 5692440.081064226105809, 7431933.415825685486197 ], [ 5692453.885098550468683, 7431921.569460566155612 ], [ 5692476.811286731623113, 7431893.565553396008909 ], [ 5692488.508807015605271, 7431879.864987759850919 ], [ 5692489.229632334783673, 7431861.26351634785533 ], [ 5692491.74490456841886, 7431859.753143138252199 ], [ 5692500.377147933468223, 7431851.647714423015714 ], [ 5692507.6001296043396, 7431817.244079786352813 ], [ 5692519.707922983914614, 7431775.555177763104439 ], [ 5692532.231446696445346, 7431778.856630722992122 ], [ 5692540.754406871274114, 7431777.938127230852842 ], [ 5692544.942613115534186, 7431781.112253057770431 ], [ 5692568.378724281676114, 7431788.815644707530737 ], [ 5692580.292817504145205, 7431768.480618683621287 ], [ 5692591.576732852496207, 7431744.940639054402709 ], [ 5692600.363560016267002, 7431713.754363828338683 ], [ 5692584.665531798265874, 7431708.79324481356889 ], [ 5692575.660540678538382, 7431693.942789947614074 ], [ 5692563.557607198134065, 7431684.421390252187848 ], [ 5692572.097000065259635, 7431673.420640299096704 ], [ 5692588.611370399594307, 7431665.407602888531983 ], [ 5692633.158041571266949, 7431646.015800392255187 ], [ 5692679.205996775999665, 7431622.929926298558712 ], [ 5692703.294107498601079, 7431588.124614791944623 ], [ 5692739.956268856301904, 7431537.291563674807549 ], [ 5692754.451888363808393, 7431536.877076847478747 ], [ 5692759.968240486457944, 7431537.714632987976074 ], [ 5692832.580070524476469, 7431538.758364677429199 ], [ 5692863.053750962018967, 7431539.154215436428785 ], [ 5692862.38456264231354, 7431576.176765348762274 ], [ 5692860.81876293104142, 7431640.195479664951563 ], [ 5692839.592841606587172, 7431669.894782244227827 ], [ 5692815.740302727557719, 7431709.797115380875766 ], [ 5692798.026983872056007, 7431738.486144363880157 ], [ 5692821.913510539568961, 7431750.82989898417145 ], [ 5692852.78456615563482, 7431764.9245994258672 ], [ 5692876.83200544025749, 7431770.53612043056637 ], [ 5692903.142037067562342, 7431768.280988518148661 ], [ 5692948.923143954947591, 7431765.392010171897709 ], [ 5692970.66807237546891, 7431757.136369727551937 ], [ 5692986.464758620597422, 7431748.910750897601247 ], [ 5692998.144606597721577, 7431739.05792673677206 ], [ 5693016.164571322500706, 7431717.012185254134238 ], [ 5693040.345377732999623, 7431747.040483133867383 ], [ 5693043.441616712138057, 7431750.778063694015145 ], [ 5693046.53734266012907, 7431754.504515658132732 ], [ 5693053.897845010273159, 7431764.613260189071298 ], [ 5693057.884893108159304, 7431767.205528053455055 ], [ 5693052.997200113721192, 7431779.085850942879915 ], [ 5692996.752745678648353, 7432015.74002034869045 ], [ 5693149.480055802501738, 7432026.0437096292153 ], [ 5693185.081034362316132, 7432028.376472499221563 ], [ 5693184.854221264831722, 7432023.468865513801575 ], [ 5693185.152704821899533, 7432017.053693459369242 ], [ 5693187.084120894782245, 7431986.708393253386021 ], [ 5693188.34629353415221, 7431957.420081431977451 ], [ 5693205.524049208499491, 7431958.43123247474432 ], [ 5693218.152158520184457, 7431958.883565312251449 ], [ 5693240.807874601334333, 7431959.897485353052616 ], [ 5693243.204130135476589, 7431939.612192113883793 ], [ 5693245.044840386137366, 7431922.843261688947678 ], [ 5693246.384336845949292, 7431920.974568972364068 ], [ 5693250.746242796070874, 7431886.624530198983848 ], [ 5693251.98780545219779, 7431861.998739777132869 ], [ 5693254.266237180680037, 7431839.388079410418868 ], [ 5693256.659140494652092, 7431813.928303093649447 ], [ 5693259.75997665245086, 7431793.353852855041623 ], [ 5693262.187355676665902, 7431768.862712852656841 ], [ 5693263.539094580337405, 7431751.726083003915846 ], [ 5693266.122774684801698, 7431730.394922135397792 ], [ 5693267.781426895409822, 7431714.794228300452232 ], [ 5693270.716579557396472, 7431690.859469721093774 ], [ 5693273.981230543926358, 7431668.727253384888172 ], [ 5693277.361416825093329, 7431643.991216506808996 ], [ 5693280.003688703291118, 7431611.282070852816105 ], [ 5693284.864167206920683, 7431610.800419768318534 ], [ 5693292.996715240180492, 7431606.542725514620543 ], [ 5693318.578074826858938, 7431604.064029708504677 ], [ 5693335.227027685381472, 7431604.073410054668784 ], [ 5693352.321053450927138, 7431603.281497574411333 ], [ 5693368.785240675322711, 7431609.500039808452129 ], [ 5693385.993723279796541, 7431605.858969457447529 ], [ 5693404.474527383223176, 7431604.222093233838677 ], [ 5693422.182461221702397, 7431606.501981776207685 ], [ 5693437.802290583960712, 7431615.090399270877242 ], [ 5693450.030808714218438, 7431617.111133429221809 ], [ 5693459.294345894828439, 7431616.681917512789369 ], [ 5693480.644941756501794, 7431615.436137186363339 ], [ 5693502.321203264407814, 7431610.807253861799836 ], [ 5693519.848978055641055, 7431608.969047818332911 ], [ 5693537.688181228004396, 7431614.08655508980155 ], [ 5693551.211653634905815, 7431618.378029148094356 ], [ 5693566.008625525049865, 7431623.145787265151739 ], [ 5693569.202712212689221, 7431626.778389671817422 ], [ 5693582.625495946034789, 7431613.810785682871938 ], [ 5693603.032136895693839, 7431600.140326587483287 ], [ 5693661.245691762305796, 7431654.252142004668713 ], [ 5693691.197173160500824, 7431679.718692103400826 ], [ 5693712.984416827559471, 7431649.768647234886885 ], [ 5693787.540707199834287, 7431614.550943708047271 ], [ 5693874.522685529664159, 7431592.05028211325407 ], [ 5694031.530443532392383, 7431536.647733956575394 ], [ 5694054.943017438985407, 7431519.892891312018037 ], [ 5694068.097817622125149, 7431500.702948901802301 ], [ 5694156.665340011939406, 7431502.059891165234149 ], [ 5694220.013363288715482, 7431523.456094034016132 ], [ 5694278.928903260268271, 7431528.429433800280094 ], [ 5694288.659572527743876, 7431509.509590035304427 ], [ 5694314.17751890886575, 7431509.652902133762836 ], [ 5694317.176869151182473, 7431480.718146361410618 ], [ 5694333.617832536809146, 7431213.289153897203505 ], [ 5694461.339136687107384, 7431176.369581071659923 ], [ 5694620.225247121416032, 7431130.429539538919926 ], [ 5694623.375375587493181, 7431129.123446049168706 ], [ 5694623.052770528942347, 7431115.07509421557188 ], [ 5694574.841698985546827, 7431010.561202200129628 ], [ 5694563.553203224204481, 7430984.76528905518353 ], [ 5694544.475495561957359, 7430941.174668404273689 ], [ 5694536.591725697740912, 7430923.774686822667718 ], [ 5694535.286120464093983, 7430920.612218210473657 ], [ 5694532.796705481596291, 7430914.259322432801127 ], [ 5694531.994034345261753, 7430910.660865441896021 ], [ 5694531.567150993272662, 7430901.44640751555562 ], [ 5694532.698435733094811, 7430887.11868772469461 ], [ 5694536.41249024681747, 7430878.280784476548433 ], [ 5694566.185641940683126, 7430821.069196393713355 ], [ 5694641.09975868370384, 7430854.807237919420004 ], [ 5694645.760481445118785, 7430850.241363804787397 ], [ 5694647.913055970333517, 7430844.453632721677423 ], [ 5694645.407113388180733, 7430834.867276889272034 ], [ 5694643.523322274908423, 7430829.188879454508424 ], [ 5694641.085506185889244, 7430824.171898820437491 ], [ 5694638.590588063932955, 7430821.243092531338334 ], [ 5694634.50317189656198, 7430815.823140811175108 ], [ 5694628.346011482179165, 7430807.131218868307769 ], [ 5694622.832394072785974, 7430796.167760373093188 ], [ 5694619.835371593013406, 7430785.723156796768308 ], [ 5694617.617962967604399, 7430772.844564821571112 ], [ 5694615.778853171505034, 7430761.710508910007775 ], [ 5694618.259870701469481, 7430754.156584882177413 ], [ 5694619.092593037523329, 7430741.136381076648831 ], [ 5694630.835930244065821, 7430683.111006781458855 ], [ 5694760.702715491876006, 7430733.09998425655067 ], [ 5694903.739352183416486, 7430757.829206860624254 ], [ 5695052.632874068804085, 7430750.243660945445299 ], [ 5695180.366379677318037, 7430718.791739033535123 ], [ 5695231.314839231781662, 7430711.271750492975116 ], [ 5695225.273546725511551, 7430684.29537315107882 ], [ 5695224.624941423535347, 7430668.098386287689209 ], [ 5695225.869149910286069, 7430619.950272867456079 ], [ 5695224.124973093159497, 7430598.930481845512986 ], [ 5695219.119242090731859, 7430538.771417114883661 ], [ 5695172.698772967793047, 7430428.052557628601789 ], [ 5695065.483798123896122, 7430489.176956775598228 ], [ 5695009.97208496183157, 7430520.819825254380703 ], [ 5694924.121189144439995, 7430569.764233832247555 ], [ 5694892.854969899170101, 7430514.405270012095571 ], [ 5694860.795148110948503, 7430457.633332211524248 ], [ 5694811.549929508939385, 7430370.443563074804842 ], [ 5694779.278530993498862, 7430313.302263828925788 ], [ 5694717.831843629479408, 7430204.507906412705779 ], [ 5694640.028037634678185, 7430254.649778292514384 ], [ 5694599.697807369753718, 7430184.945674366317689 ], [ 5694578.06620760448277, 7430147.552028944715858 ], [ 5694513.641440995037556, 7430036.208005158230662 ], [ 5694461.493061671033502, 7429946.074784127064049 ], [ 5694547.844404584728181, 7429896.484495785087347 ], [ 5694510.56001943629235, 7429827.196695517748594 ], [ 5694498.876693544909358, 7429805.489979999139905 ], [ 5694410.86216695792973, 7429856.584857388399541 ], [ 5694360.868186740204692, 7429768.214063165709376 ], [ 5694308.775265609845519, 7429798.558510487899184 ], [ 5694260.178169723600149, 7429826.877966633066535 ], [ 5694203.520447858609259, 7429859.876226961612701 ], [ 5694096.597265746444464, 7429922.173731417395175 ], [ 5694084.902013030834496, 7429928.984172787517309 ], [ 5694078.358397135511041, 7429881.600084722042084 ], [ 5694077.451005126349628, 7429850.716518012806773 ], [ 5694076.877053176984191, 7429833.010796589776874 ], [ 5694076.391464179381728, 7429817.877184608951211 ], [ 5694081.256376754492521, 7429713.654990219511092 ], [ 5694079.17532048560679, 7429679.357482811436057 ], [ 5694077.39928917773068, 7429670.908306133002043 ], [ 5694072.646786731667817, 7429648.244102445431054 ], [ 5694062.56377918459475, 7429618.778977541252971 ], [ 5694048.345689685083926, 7429593.041101489216089 ], [ 5694018.027833397500217, 7429538.139671582728624 ], [ 5693986.34451019950211, 7429480.770018309354782 ], [ 5693957.425345873460174, 7429428.379881467670202 ], [ 5693938.41868441272527, 7429376.533415708690882 ], [ 5693928.070073470473289, 7429323.392938422039151 ], [ 5693924.547677689231932, 7429277.240477917715907 ], [ 5693919.962692220695317, 7429277.453275986015797 ], [ 5693708.059421292506158, 7429384.055574269965291 ], [ 5693703.258949101902544, 7429385.817319282330573 ], [ 5693670.107485927641392, 7429414.332879107445478 ] ], [ [ 5690679.241936326026917, 7430742.669163260608912 ], [ 5690716.985868913121521, 7430570.785696484148502 ], [ 5690724.492186951451004, 7430552.273039346560836 ], [ 5690727.038613645359874, 7430535.193778357468545 ], [ 5690726.203202578239143, 7430517.066294360905886 ], [ 5690721.754895118065178, 7430468.840025259181857 ], [ 5690711.107824139297009, 7430406.960420552641153 ], [ 5690704.658821653574705, 7430387.876627339050174 ], [ 5690688.675499747507274, 7430355.315828183665872 ], [ 5690674.338310144841671, 7430309.954978684894741 ], [ 5690670.028982647694647, 7430264.744423674419522 ], [ 5690675.498729483224452, 7430250.563424242660403 ], [ 5690689.170999276451766, 7430232.981536919251084 ], [ 5690706.91718958877027, 7430219.44912476837635 ], [ 5690723.762593040242791, 7430210.184765143319964 ], [ 5690749.597865019924939, 7430215.046983070671558 ], [ 5690922.247483585961163, 7430275.499348618090153 ], [ 5690938.760753626935184, 7430319.544126248918474 ], [ 5690951.719242704100907, 7430371.024039999581873 ], [ 5690950.945185150019825, 7430426.762619229033589 ], [ 5690953.202803767286241, 7430451.482053527608514 ], [ 5690997.24995572026819, 7430778.846910811960697 ], [ 5690985.832470087334514, 7430784.827451365068555 ], [ 5690910.689903426915407, 7430797.988742293789983 ], [ 5690880.210632071830332, 7430801.214041689410806 ], [ 5690869.591804397292435, 7430800.488884323276579 ], [ 5690844.028053280897439, 7430813.780114049091935 ], [ 5690823.962459238246083, 7430813.502301153726876 ], [ 5690813.492841780185699, 7430815.792317464947701 ], [ 5690780.563844194635749, 7430826.401406861841679 ], [ 5690765.558735311031342, 7430827.094233192503452 ], [ 5690724.492390729486942, 7430842.305376966483891 ], [ 5690703.094161464832723, 7430825.127260610461235 ], [ 5690689.96807674318552, 7430794.252156967297196 ], [ 5690682.775686397217214, 7430783.07571217417717 ], [ 5690679.241936326026917, 7430742.669163260608912 ] ] ] } },
{ "type": "Feature", "properties": { "lv_id": "LOC_052411", "id": 297627.0, "CD_SETOR": "352050905000132", "SITUACAO": "Urbana", "CD_SIT": "1", "CD_TIPO": "0", "AREA_KM2": 1.174500644710269, "CD_REGIAO": "3", "NM_REGIAO": "Sudeste", "CD_UF": "35", "NM_UF": "São Paulo", "CD_MUN": "3520509", "NM_MUN": "Indaiatuba", "CD_DIST": "352050905", "NM_DIST": "Indaiatuba", "CD_SUBDIST": "35205090500", "NM_SUBDIST": null, "CD_BAIRRO": null, "NM_BAIRRO": null, "CD_NU": "3520509002", "NM_NU": "Parque da Grama", "CD_FCU": null, "NM_FCU": null, "CD_AGLOM": null, "NM_AGLOM": null, "CD_RGINT": "3510", "NM_RGINT": "Campinas", "CD_RGI": "350038", "NM_RGI": "Campinas", "CD_CONCURB": "3520509", "NM_CONCURB": "Indaiatuba", "mun_code_x": "3520509", "index_right": 83988, "dist_m": 1009.959440205448, "local_id": 568427, "ano": 2022, "cod_localidade_ibge": 3520509, "NR_ZONA": "211", "nr_cep": 13330000.0, "nm_localidade": "INDAIATUBA", "nm_locvot": "EMEB. DOARDO BORSARI", "ds_endereco": "RODOVIA JOSÉ BOLDRINI, SEM NÚMERO", "ds_bairro": "BAIRRO VIDEIRA", "pred_long": -47.167844, "pred_lat": -23.136083, "pred_dist": 0.0, "tse_long": -47.1675047, "tse_lat": -23.1360706, "long": -47.1675047, "lat": -23.1360706, "ID_UNICO": "LOC_052411", "SG_UF": "SP", "CD_MUNICIPIO": "65110", "NR_LOCAL_VOTACAO": "1961", "QT_SECOES_AGREGADAS": 0, "QT_ELEITORES_TRANSFERIDOS": 36, "CIRO GOMES (PDT) (NÃO ELEITO) 1T": 52.0, "CONSTITUINTE EYMAEL (DC) (NÃO ELEITO) 1T": 0.0, "FELIPE D AVILA (NOVO) (NÃO ELEITO) 1T": 10.0, "JAIR BOLSONARO (PL) (2º TURNO) 1T": 832.0, "LULA (PT) (2º TURNO) 1T": 411.0, "LÉO PÉRICLES (UP) (NÃO ELEITO) 1T": 0.0, "PADRE KELMON (PTB) (NÃO ELEITO) 1T": 1.0, "SIMONE TEBET (MDB) (NÃO ELEITO) 1T": 103.0, "SOFIA MANZANO (PCB) (NÃO ELEITO) 1T": 0.0, "SORAYA THRONICKE (UNIÃO) (NÃO ELEITO) 1T": 6.0, "VERA (PSTU) (NÃO ELEITO) 1T": 0.0, "Total_Votos_Validos 1T": 1415.0, "Votos_Brancos 1T": 29.0, "Votos_Nulos 1T": 31.0, "Abstenções 1T": 362.0, "Eleitores_Aptos 1T": 1837.0, "JAIR BOLSONARO (PL) (NÃO ELEITO) 2T": 938.0, "LULA (PT) (ELEITO) 2T": 481.0, "Total_Votos_Validos 2T": 1419.0, "Votos_Brancos 2T": 26.0, "Votos_Nulos 2T": 49.0, "Abstenções 2T": 343.0, "Eleitores_Aptos 2T": 1837.0, "mun_code_y": "3520509", "mun_code": "3520509" }, "geometry": { "type": "Polygon", "coordinates": [ [ [ 5699412.369282249361277, 7417058.885305589996278 ], [ 5699400.1289147073403, 7417064.703223681077361 ], [ 5699195.632514555938542, 7417146.003631358966231 ], [ 5698720.569748971611261, 7417205.391262080520391 ], [ 5698633.139585372060537, 7417216.324061080813408 ], [ 5698483.730738490819931, 7417235.007555274292827 ], [ 5698039.631848794408143, 7417338.302330787293613 ], [ 5697907.030924666672945, 7417383.505957992747426 ], [ 5697799.020807150751352, 7417436.042540840804577 ], [ 5697535.130165890790522, 7417564.403996409848332 ], [ 5697409.824852846562862, 7417614.90379680134356 ], [ 5697182.026148933917284, 7417683.701390964910388 ], [ 5696964.227514558471739, 7417734.504560593515635 ], [ 5696742.226575415581465, 7417855.499099689535797 ], [ 5696594.329286734573543, 7418008.9001943487674 ], [ 5696505.226907081902027, 7418136.403975114226341 ], [ 5696463.630410614423454, 7418214.605620697140694 ], [ 5696415.925021165981889, 7418327.701336530037224 ], [ 5696400.729963691905141, 7418396.703558668494225 ], [ 5696385.524429506622255, 7418465.706203764304519 ], [ 5696357.694446222856641, 7418474.414168407209218 ], [ 5696361.13740529678762, 7418481.85955012217164 ], [ 5696361.806332778185606, 7418487.404850762337446 ], [ 5696362.648615952581167, 7418492.272847777232528 ], [ 5696364.865498567000031, 7418495.849672982469201 ], [ 5696369.368680922314525, 7418500.100242367014289 ], [ 5696374.944854740984738, 7418503.185283232480288 ], [ 5696380.013208891265094, 7418504.174975825473666 ], [ 5696387.893127040937543, 7418503.91778508014977 ], [ 5696392.607900181785226, 7418503.920230186544359 ], [ 5696395.979259066283703, 7418505.881582511588931 ], [ 5696400.231138996779919, 7418509.140116695314646 ], [ 5696403.931773007847369, 7418513.762830446474254 ], [ 5696407.027511480264366, 7418516.4062714073807 ], [ 5696410.13012526370585, 7418521.391564812511206 ], [ 5696411.483768543228507, 7418526.235635511577129 ], [ 5696412.859878183342516, 7418533.755425926297903 ], [ 5696413.899504003114998, 7418549.432806741446257 ], [ 5696413.120910481549799, 7418561.291644416749477 ], [ 5695348.620056744664907, 7418863.055374143645167 ], [ 5695273.398915774188936, 7418884.369373748078942 ], [ 5695272.893263986334205, 7418884.515675810165703 ], [ 5695269.869580232538283, 7418885.393010083585978 ], [ 5695268.70538770314306, 7418885.703908456489444 ], [ 5695267.11684182472527, 7418886.14615810289979 ], [ 5694692.749918509274721, 7419048.995103323832154 ], [ 5694665.917132759466767, 7419056.046809622086585 ], [ 5694654.3706592079252, 7419056.808706230483949 ], [ 5694639.380412994883955, 7419054.050875648856163 ], [ 5694620.455773469991982, 7419048.242317982017994 ], [ 5694611.338974039070308, 7419041.753013970330358 ], [ 5694605.294165004976094, 7419033.001325128600001 ], [ 5694602.378352708183229, 7419023.211401396431029 ], [ 5694601.114452304318547, 7419013.678977061063051 ], [ 5694602.242898925207555, 7419002.6965805105865 ], [ 5694604.375747480429709, 7418986.871611010283232 ], [ 5694604.548836894333363, 7418977.383657541126013 ], [ 5694601.192836632952094, 7418966.945109603926539 ], [ 5694600.875376847572625, 7418966.290756154805422 ], [ 5694596.656217717565596, 7418957.565407117828727 ], [ 5694590.585519915446639, 7418948.257292185910046 ], [ 5694582.659765559248626, 7418940.93171660322696 ], [ 5694576.612578141503036, 7418936.529731156304479 ], [ 5694570.191202102228999, 7418930.69534276612103 ], [ 5694563.354177453555167, 7418922.538263252004981 ], [ 5694558.012539939954877, 7418917.880295061506331 ], [ 5694552.727914491668344, 7418914.446472022682428 ], [ 5694541.999389908276498, 7418906.359448495320976 ], [ 5694531.630895148962736, 7418901.601455512456596 ], [ 5694520.537516312673688, 7418898.884781481698155 ], [ 5694509.980036903172731, 7418894.470178870484233 ], [ 5694501.376091836951673, 7418890.187474645674229 ], [ 5694492.949409806169569, 7418883.108302813023329 ], [ 5694487.778507949784398, 7418873.312078988179564 ], [ 5694477.295734588056803, 7418857.295095512643456 ], [ 5694470.827782465144992, 7418850.459110304713249 ], [ 5694463.447317155078053, 7418848.238334948197007 ], [ 5694454.769787504337728, 7418848.977793734520674 ], [ 5694446.052169779315591, 7418851.057449305430055 ], [ 5694433.623050400987267, 7418854.871650507673621 ], [ 5694426.465408924967051, 7418857.436148414388299 ], [ 5694418.576318755745888, 7418859.700185298919678 ], [ 5694410.71177208982408, 7418860.290159069001675 ], [ 5694403.041404807940125, 7418860.648014298640192 ], [ 5694397.555011580698192, 7418861.684668065048754 ], [ 5694388.170830552466214, 7418869.260230857878923 ], [ 5694381.061165599152446, 7418875.056761689484119 ], [ 5694380.484434867277741, 7418875.217500438913703 ], [ 5694375.902306349016726, 7418876.524235292337835 ], [ 5694369.162738494575024, 7418877.061702104285359 ], [ 5694358.540673410519958, 7418875.66126633156091 ], [ 5694340.995224745944142, 7418875.252962734550238 ], [ 5694332.946849681437016, 7418876.297578077763319 ], [ 5694320.543587934225798, 7418880.668102600611746 ], [ 5694314.857820185832679, 7418881.825550468638539 ], [ 5694310.449774717912078, 7418881.808120399713516 ], [ 5694306.06628757622093, 7418880.116633826866746 ], [ 5694301.048447825945914, 7418878.008627662435174 ], [ 5694291.050382349640131, 7418876.80209359433502 ], [ 5694281.606465681456029, 7418878.692468028515577 ], [ 5694278.810207431204617, 7418880.272755056619644 ], [ 5694273.735569565556943, 7418885.751242592930794 ], [ 5694269.933473797515035, 7418889.943570679053664 ], [ 5694266.943029520101845, 7418891.75596665032208 ], [ 5694261.635258014313877, 7418892.226597549393773 ], [ 5694247.750860413536429, 7418891.201306765899062 ], [ 5694234.511177961714566, 7418890.815095903351903 ], [ 5694222.659345809370279, 7418893.821483277715743 ], [ 5694214.761180449277163, 7418898.093310819007456 ], [ 5694209.409446427598596, 7418902.023312605917454 ], [ 5694205.029957134276628, 7418907.023237030953169 ], [ 5694195.931876061484218, 7418922.949828639626503 ], [ 5694188.220162470825016, 7418931.227912636473775 ], [ 5694181.94795841537416, 7418935.200827937573195 ], [ 5694176.11977388523519, 7418937.703180666081607 ], [ 5694166.869989987462759, 7418939.361360211856663 ], [ 5694155.30156132671982, 7418937.447276203893125 ], [ 5694150.688957767561078, 7418937.439334938302636 ], [ 5694148.291403049603105, 7418938.777942737564445 ], [ 5694146.564455936662853, 7418941.312072342261672 ], [ 5694145.119745777919888, 7418945.505943411029875 ], [ 5694144.780628918670118, 7418951.432685639709234 ], [ 5694144.17226910404861, 7418960.383210902102292 ], [ 5694140.97347663808614, 7418973.134927587583661 ], [ 5694137.669770700857043, 7418981.430457778275013 ], [ 5694135.013319374062121, 7418986.015414446592331 ], [ 5694127.700260550715029, 7418994.051802469417453 ], [ 5694115.063841133378446, 7419002.224897610023618 ], [ 5694098.111241467297077, 7419010.153137972578406 ], [ 5694079.342304613441229, 7419016.493147109635174 ], [ 5694053.322348768822849, 7419023.394280347973108 ], [ 5694042.166867372579873, 7419028.152442274615169 ], [ 5694026.385805925354362, 7419037.029697265475988 ], [ 5694021.303237316198647, 7419037.935833131894469 ], [ 5694014.450960336253047, 7419038.255319433286786 ], [ 5694011.393133278936148, 7419038.620942329987884 ], [ 5694009.782660292461514, 7419039.253662621602416 ], [ 5694006.828399327583611, 7419041.84498787112534 ], [ 5694002.387941792607307, 7419047.739875407889485 ], [ 5694000.569035578519106, 7419050.501317362301052 ], [ 5693998.161090611480176, 7419051.617323072627187 ], [ 5693995.318162676878273, 7419052.19597565382719 ], [ 5693990.1630928684026, 7419051.544107364490628 ], [ 5693983.616338635794818, 7419049.618802484124899 ], [ 5693977.032050652429461, 7419044.684028755873442 ], [ 5693973.372253213077784, 7419038.720696337521076 ], [ 5693970.392120690084994, 7419031.944991003721952 ], [ 5693966.671479005366564, 7419026.876707364805043 ], [ 5693962.18961616884917, 7419023.070704370737076 ], [ 5693956.414456685073674, 7419020.105681186541915 ], [ 5693946.36973783839494, 7419017.897338505834341 ], [ 5693933.733245401643217, 7419017.259661821648479 ], [ 5693924.601195702329278, 7419019.24676210526377 ], [ 5693922.213962434791028, 7419020.807895840145648 ], [ 5693920.589236879721284, 7419023.337219668552279 ], [ 5693916.884093690663576, 7419027.413372250273824 ], [ 5693913.878044060431421, 7419028.891825782135129 ], [ 5693910.442192363552749, 7419029.944209442473948 ], [ 5693904.990671876817942, 7419029.529188454151154 ], [ 5693893.785991398617625, 7419028.824728734791279 ], [ 5693881.149494243785739, 7419028.187006689608097 ], [ 5693866.918053645640612, 7419028.515833275392652 ], [ 5693858.762121838517487, 7419029.453651240095496 ], [ 5693853.046474535018206, 7419032.173659620806575 ], [ 5693846.897118411026895, 7419036.586775625124574 ], [ 5693842.165315493941307, 7419042.829757485538721 ], [ 5693837.124047891236842, 7419053.436684159561992 ], [ 5693832.069883549585938, 7419059.360107271000743 ], [ 5693829.432761220261455, 7419062.159657591953874 ], [ 5693825.419496770948172, 7419064.01961555890739 ], [ 5693817.514681090600789, 7419065.949435494840145 ], [ 5693802.039008268155158, 7419072.581648893654346 ], [ 5693792.741119089536369, 7419079.818111868575215 ], [ 5693789.189962627366185, 7419085.002302219159901 ], [ 5693786.033624248579144, 7419092.064032759517431 ], [ 5693780.277633340097964, 7419104.934756169095635 ], [ 5693777.208027339540422, 7419111.657861467450857 ], [ 5693773.880851571448147, 7419115.047187881544232 ], [ 5693771.074138965457678, 7419116.404786940664053 ], [ 5693766.917166926898062, 7419117.379212165251374 ], [ 5693760.382025850005448, 7419117.9068433502689 ], [ 5693754.486405882053077, 7419118.962296362966299 ], [ 5693746.735586950555444, 7419122.000150877051055 ], [ 5693742.14488763641566, 7419124.667672166600823 ], [ 5693737.21630961727351, 7419126.681782338768244 ], [ 5693730.30830283742398, 7419128.007458034902811 ], [ 5693722.780231491662562, 7419127.019982503727078 ], [ 5693714.234603261575103, 7419126.191450621932745 ], [ 5693700.823948278091848, 7419122.132332300767303 ], [ 5693696.942736000753939, 7419122.42473030090332 ], [ 5693693.359234903939068, 7419124.710719326511025 ], [ 5693689.490857469849288, 7419129.686603682115674 ], [ 5693686.548113799653947, 7419134.730876764282584 ], [ 5693683.751741196960211, 7419136.31102610565722 ], [ 5693680.095774695277214, 7419137.039025399833918 ], [ 5693673.248627497814596, 7419137.469629570841789 ], [ 5693662.386936573311687, 7419137.529676660895348 ], [ 5693648.952882633544505, 7419137.375006720423698 ], [ 5693634.373119943775237, 7419136.827609143219888 ], [ 5693623.705627071671188, 7419136.655528265051544 ], [ 5693618.919474789872766, 7419137.32464915048331 ], [ 5693612.319505302235484, 7419140.866427361965179 ], [ 5693607.719655895605683, 7419145.541787902824581 ], [ 5693598.221982059068978, 7419161.709451407194138 ], [ 5693590.240413925610483, 7419173.010859057307243 ], [ 5693586.646533264778554, 7419175.074246637523174 ], [ 5693583.28702456317842, 7419175.565354213118553 ], [ 5693578.771455444395542, 7419175.441171563230455 ], [ 5693569.192725523374975, 7419174.437636749818921 ], [ 5693562.657556044869125, 7419174.965175041928887 ], [ 5693554.717646650969982, 7419178.346298115327954 ], [ 5693549.344927385449409, 7419181.830859731882811 ], [ 5693543.62124762032181, 7419188.789061546325684 ], [ 5693540.073927230201662, 7419191.853995478712022 ], [ 5693534.097904571332037, 7419195.589708028361201 ], [ 5693528.281071184203029, 7419200.54478126950562 ], [ 5693526.543628671206534, 7419202.856236774474382 ], [ 5693524.694776322692633, 7419207.180341074243188 ], [ 5693522.141241667792201, 7419222.801347952336073 ], [ 5693522.472397489473224, 7419229.923550391569734 ], [ 5693520.6792435599491, 7419233.241328502073884 ], [ 5693516.906659787520766, 7419235.870644886046648 ], [ 5693512.898480948992074, 7419237.8417829554528 ], [ 5693507.749762482009828, 7419239.531477577984333 ], [ 5693498.397452710196376, 7419241.193949429318309 ], [ 5693493.6681765075773, 7419243.087149042636156 ], [ 5693488.945279248058796, 7419247.32208295352757 ], [ 5693482.628587205894291, 7419254.753972206264734 ], [ 5693474.133083410561085, 7419261.618203099817038 ], [ 5693464.313177811913192, 7419268.655647410079837 ], [ 5693451.440550221130252, 7419276.16986199747771 ], [ 5693444.922052373178303, 7419279.261640278622508 ], [ 5693440.841421263292432, 7419279.674773976206779 ], [ 5693437.95186856854707, 7419279.251747483387589 ], [ 5693434.192385030910373, 7419277.75399030931294 ], [ 5693427.666318962350488, 7419276.273577209562063 ], [ 5693420.271518860012293, 7419275.948880039155483 ], [ 5693416.466671143658459, 7419275.680009849369526 ], [ 5693409.17016563564539, 7419277.469707884825766 ], [ 5693401.429539003409445, 7419280.729916138574481 ], [ 5693397.263342797756195, 7419283.712102430872619 ], [ 5693392.044550092890859, 7419288.304667601361871 ], [ 5693381.169191767461598, 7419301.302034692838788 ], [ 5693374.475211519747972, 7419291.799609234556556 ], [ 5693368.820688056759536, 7419284.813846359960735 ], [ 5693361.43267622217536, 7419278.020347762852907 ], [ 5693357.217546941712499, 7419275.540070556104183 ], [ 5693352.686434316448867, 7419275.081961324438453 ], [ 5693343.845460636541247, 7419276.720510677434504 ], [ 5693328.515820645727217, 7419279.888035640120506 ], [ 5693315.205801093950868, 7419282.403858112171292 ], [ 5693306.864669819362462, 7419281.565554689615965 ], [ 5693301.867561719380319, 7419279.902358332648873 ], [ 5693298.547049934975803, 7419276.822778364643455 ], [ 5693298.223532676696777, 7419274.272771179676056 ], [ 5693299.034202229231596, 7419269.662492886185646 ], [ 5693298.055657934397459, 7419266.250792199745774 ], [ 5693296.745604736730456, 7419264.52740515768528 ], [ 5693294.208259668201208, 7419262.861175904981792 ], [ 5693285.982581723481417, 7419257.891065055504441 ], [ 5693281.84388234000653, 7419254.84958827495575 ], [ 5693271.852514119818807, 7419247.173580660484731 ], [ 5693267.760371397249401, 7419245.133657660335302 ], [ 5693263.433820029720664, 7419244.665998925454915 ], [ 5693258.314936831593513, 7419244.792862556874752 ], [ 5693252.521512224338949, 7419245.843336686491966 ], [ 5693245.511140519753098, 7419247.173530565574765 ], [ 5693236.021493614651263, 7419250.292050069198012 ], [ 5693232.441894645802677, 7419250.458746740594506 ], [ 5693228.739333056844771, 7419250.18506944924593 ], [ 5693224.78567467071116, 7419248.919361123815179 ], [ 5693219.982790936715901, 7419247.024049662053585 ], [ 5693212.812085413374007, 7419244.904425773769617 ], [ 5693208.275816187262535, 7419244.334993163123727 ], [ 5693204.900767092593014, 7419244.492158460430801 ], [ 5693201.879087632521987, 7419245.636590581387281 ], [ 5693195.255437557585537, 7419253.082612352445722 ], [ 5693190.393979776650667, 7419256.543206689879298 ], [ 5693185.746251180768013, 7419257.986401619389653 ], [ 5693178.873185645788908, 7419257.860346639528871 ], [ 5693170.644696219824255, 7419257.239779435098171 ], [ 5693165.074181818403304, 7419254.264949418604374 ], [ 5693161.472738387994468, 7419251.756054246798158 ], [ 5693160.274162244983017, 7419248.020025909878314 ], [ 5693160.072470599785447, 7419243.679955709725618 ], [ 5693159.922494552098215, 7419240.452724019065499 ], [ 5693158.565914693288505, 7419237.727775037288666 ], [ 5693154.824843058362603, 7419232.214215802960098 ], [ 5693149.63009313121438, 7419224.091753309592605 ], [ 5693139.504352532327175, 7419213.522301925346255 ], [ 5693130.739213706925511, 7419203.558642397634685 ], [ 5693122.564179361797869, 7419197.470865093171597 ], [ 5693119.255215145647526, 7419196.844265276566148 ], [ 5693115.599212014116347, 7419197.572118423879147 ], [ 5693109.018636005930603, 7419199.328339148312807 ], [ 5693102.079524262808263, 7419199.986004862934351 ], [ 5693092.316962245851755, 7419199.436833459883928 ], [ 5693078.611111091449857, 7419197.844483722001314 ], [ 5693064.107756226323545, 7419196.735350841656327 ], [ 5693059.403157467022538, 7419196.954388315789402 ], [ 5693054.438275112770498, 7419198.189262410625815 ], [ 5693049.800897158682346, 7419199.854984601959586 ], [ 5693046.34943849593401, 7419200.573296900838614 ], [ 5693042.769851559773088, 7419200.739951531402767 ], [ 5693040.50431308336556, 7419200.510854428634048 ], [ 5693035.574482266791165, 7419200.294272594153881 ], [ 5693030.415390725247562, 7419201.761228371411562 ], [ 5693023.201617505401373, 7419205.331277437508106 ], [ 5693017.736839411780238, 7419209.042946372181177 ], [ 5693010.183453768491745, 7419218.539587433449924 ], [ 5693006.284936314448714, 7419225.077965946868062 ], [ 5693001.756123750470579, 7419229.080625711008906 ], [ 5692994.460736393928528, 7419233.10055158380419 ], [ 5692986.765456732362509, 7419235.131651783362031 ], [ 5692980.517524180002511, 7419237.429943476803601 ], [ 5692974.811981941573322, 7419240.372128416784108 ], [ 5692952.477803555317223, 7419249.408086193725467 ], [ 5692965.105664439499378, 7419263.095356045290828 ], [ 5693029.046898930333555, 7419437.029791800305247 ], [ 5693149.594664800912142, 7419779.864978108555079 ], [ 5693216.465630799531937, 7420119.400087241083384 ], [ 5693371.469899155199528, 7420910.601340686902404 ], [ 5693403.02200673520565, 7421017.635225245729089 ], [ 5693329.072369615547359, 7421112.081048004329205 ], [ 5693240.147791722789407, 7421225.568759107962251 ], [ 5693232.0199556928128, 7421241.928378787823021 ], [ 5693231.793921591714025, 7421251.63036247715354 ], [ 5693234.431953167542815, 7421261.199086895212531 ], [ 5693239.196121536195278, 7421269.754386847838759 ], [ 5693245.859632591716945, 7421276.827258732169867 ], [ 5693573.68131585046649, 7421587.01195433922112 ], [ 5693634.230691019445658, 7421644.294541470706463 ], [ 5693639.948882010765374, 7421651.534021493047476 ], [ 5693648.848647313192487, 7421665.473054056987166 ], [ 5693656.254023891873658, 7421672.39979543350637 ], [ 5694365.178913299925625, 7422359.211009962484241 ], [ 5694404.11776393186301, 7422394.111752368509769 ], [ 5694407.048465392552316, 7422396.729942197911441 ], [ 5694410.694041514769197, 7422399.950533112511039 ], [ 5694430.324743875302374, 7422417.560659941285849 ], [ 5694909.101407007314265, 7422836.899725179187953 ], [ 5694912.621699528768659, 7422839.847278079949319 ], [ 5694966.890434662811458, 7422773.167014587670565 ], [ 5695048.882457576692104, 7422678.996043891645968 ], [ 5695225.246585567481816, 7422475.441911056637764 ], [ 5695247.506500134244561, 7422445.774402181617916 ], [ 5695271.92535933572799, 7422407.429585969075561 ], [ 5695329.500605865381658, 7422331.915861236862838 ], [ 5695348.507561300881207, 7422314.522993713617325 ], [ 5695401.442503650672734, 7422283.145336953923106 ], [ 5695415.391251731663942, 7422272.713512115180492 ], [ 5695429.51585141941905, 7422257.031599092297256 ], [ 5695553.146159617230296, 7422103.040804840624332 ], [ 5695563.735038162209094, 7422083.207477569580078 ], [ 5695601.765674533322453, 7422001.488360788673162 ], [ 5695632.008027973584831, 7421923.14381911046803 ], [ 5695680.471434708684683, 7421847.539847059175372 ], [ 5695690.12237736210227, 7421830.248364226892591 ], [ 5695759.890250764787197, 7421598.935106064192951 ], [ 5695768.053070736117661, 7421572.154849909245968 ], [ 5695787.055696121416986, 7421533.146650740876794 ], [ 5695878.622249629348516, 7421417.719925712794065 ], [ 5695896.063633265905082, 7421398.893256957642734 ], [ 5695913.426607177592814, 7421386.96279126778245 ], [ 5696049.441196559928358, 7421315.542879866436124 ], [ 5696083.577451138757169, 7421289.377991620451212 ], [ 5696102.392409922555089, 7421280.892613241448998 ], [ 5696113.75084865372628, 7421277.819065041840076 ], [ 5696122.857832232490182, 7421275.486419284716249 ], [ 5696231.548289471305907, 7421234.115868343040347 ], [ 5696265.057512820698321, 7421216.277637433260679 ], [ 5696296.647232288494706, 7421191.792524334974587 ], [ 5696349.364250083453953, 7421139.396239470690489 ], [ 5696405.607949721626937, 7421083.50002044159919 ], [ 5696455.298088345676661, 7421023.370480058714747 ], [ 5696505.560086235404015, 7420962.544724725186825 ], [ 5696539.908768487162888, 7420920.976988716050982 ], [ 5696574.267452967353165, 7420879.408646732568741 ], [ 5696589.277268162928522, 7420860.571722403168678 ], [ 5696606.906912620179355, 7420839.225482516922057 ], [ 5696644.24909879732877, 7420805.804187621921301 ], [ 5696665.827407277189195, 7420793.731106949970126 ], [ 5696690.153469938784838, 7420784.964673806913197 ], [ 5696755.490566287189722, 7420776.365762542933226 ], [ 5696798.332482880912721, 7420770.737121838144958 ], [ 5696900.771172601729631, 7420742.902615031227469 ], [ 5697036.257169592194259, 7420705.390260866843164 ], [ 5697175.183266878128052, 7420666.92361075244844 ], [ 5697242.095537356100976, 7420648.389097119681537 ], [ 5697296.337934738956392, 7420633.369505174458027 ], [ 5697534.466655178926885, 7420567.42403014190495 ], [ 5697580.941029531881213, 7420552.677777402102947 ], [ 5697637.344691874459386, 7420530.618110736832023 ], [ 5697672.16201666649431, 7420512.9822071865201 ], [ 5697763.089242734014988, 7420458.242518323473632 ], [ 5697843.397980344481766, 7420409.899769248440862 ], [ 5697908.870688796043396, 7420370.482892375439405 ], [ 5697927.846715270541608, 7420357.157573794946074 ], [ 5697935.920816947706044, 7420348.536792648024857 ], [ 5697962.428290780633688, 7420327.921010918915272 ], [ 5697983.556490363553166, 7420315.465095261111856 ], [ 5698007.313053182326257, 7420305.73011427745223 ], [ 5698044.022530408576131, 7420294.161144696176052 ], [ 5698222.236334770917892, 7420238.014715832658112 ], [ 5698359.892994180321693, 7420194.686956470832229 ], [ 5698458.671403177082539, 7420163.241614289581776 ], [ 5698566.679624719545245, 7420129.488774082623422 ], [ 5698589.071184562519193, 7420121.701676177792251 ], [ 5698630.951216298155487, 7420098.199435508809984 ], [ 5698719.866576732136309, 7420046.591524999588728 ], [ 5698759.196986480616033, 7420026.877993236295879 ], [ 5698802.205678971484303, 7420095.128389866091311 ], [ 5698895.566317556425929, 7420215.713961765170097 ], [ 5699011.528572233393788, 7420369.737278860062361 ], [ 5699090.542567593976855, 7420474.1648178845644 ], [ 5699101.356257216073573, 7420487.934130989946425 ], [ 5699293.69795220438391, 7420739.481134112924337 ], [ 5699286.640621406957507, 7420747.040074316784739 ], [ 5699258.031072743237019, 7420777.695163376629353 ], [ 5699082.189112735912204, 7420945.000274842604995 ], [ 5698898.111315843649209, 7421112.309207741171122 ], [ 5698850.766396360471845, 7421051.321892822161317 ], [ 5698769.998649545945227, 7421117.04646725486964 ], [ 5698642.016582995653152, 7421497.453734220005572 ], [ 5698628.088775156997144, 7421496.221722977235913 ], [ 5698588.885462206788361, 7421502.097173506394029 ], [ 5698565.231978143565357, 7421501.36563862953335 ], [ 5698535.161583582870662, 7421514.888039576821029 ], [ 5698535.858896230347455, 7421522.562505500391126 ], [ 5698543.933183956891298, 7421536.505278297699988 ], [ 5698524.099231369793415, 7421566.802446687594056 ], [ 5698444.466921295970678, 7421624.685525884851813 ], [ 5698422.555705646984279, 7421653.975607017055154 ], [ 5698350.763464134186506, 7421727.830505785532296 ], [ 5698332.835967631079257, 7421748.490432299673557 ], [ 5698308.343821859918535, 7421801.95938831102103 ], [ 5698262.920218538492918, 7421840.793914508074522 ], [ 5698201.652789450250566, 7421901.673696858808398 ], [ 5698147.30129022244364, 7421973.226511474698782 ], [ 5698106.528923441655934, 7422017.720319512300193 ], [ 5697959.793704808689654, 7421895.92549405246973 ], [ 5697949.93163968808949, 7421908.868060442619026 ], [ 5697900.872389151714742, 7421949.343626936897635 ], [ 5697838.226859768852592, 7421980.550781987607479 ], [ 5697805.44623192306608, 7422008.508004453033209 ], [ 5697794.175771676003933, 7422020.05523869395256 ], [ 5697771.492447951808572, 7422032.861710023134947 ], [ 5697743.516614959575236, 7422040.785306937992573 ], [ 5697702.731855343095958, 7422041.590246407315135 ], [ 5697672.356759482063353, 7422019.879846327006817 ], [ 5697598.477484692819417, 7422005.715355007909238 ], [ 5697545.1743168765679, 7422020.322548285126686 ], [ 5697529.239382069557905, 7422033.191997054964304 ], [ 5697514.193194475024939, 7422065.092107739299536 ], [ 5697516.552826039493084, 7422086.641548071056604 ], [ 5697530.493913201615214, 7422096.272582428529859 ], [ 5697525.23397530708462, 7422177.916084269061685 ], [ 5697527.101023701950908, 7422208.455893494188786 ], [ 5697534.188497861847281, 7422221.920974222943187 ], [ 5697553.244148853234947, 7422244.038707327097654 ], [ 5697557.718144697137177, 7422256.421518387272954 ], [ 5697554.130040317773819, 7422265.422900523990393 ], [ 5697533.668515750207007, 7422277.522589389234781 ], [ 5697512.809385244734585, 7422281.108514884486794 ], [ 5697501.494847634807229, 7422277.232348395511508 ], [ 5697480.458202383480966, 7422267.576335219666362 ], [ 5697468.574423880316317, 7422244.264165125787258 ], [ 5697424.902197144925594, 7422205.196211121976376 ], [ 5697388.54666806012392, 7422206.897124066948891 ], [ 5697326.914027240127325, 7422245.571480011567473 ], [ 5697208.70617551356554, 7422359.031228197738528 ], [ 5697049.664411716163158, 7422578.425281879492104 ], [ 5696921.912329341284931, 7422475.553284799680114 ], [ 5696911.683060761541128, 7422614.922668388113379 ], [ 5696914.333613099530339, 7423145.168039496988058 ], [ 5696945.606537119485438, 7423762.765864326618612 ], [ 5697069.021235724911094, 7423716.189292676746845 ], [ 5697073.887309310957789, 7423714.344667954370379 ], [ 5697065.699633934535086, 7423886.353309356607497 ], [ 5697057.331010079011321, 7424062.195840526372194 ], [ 5697050.710170441307127, 7424201.217866519466043 ], [ 5697046.675552819855511, 7424286.427383611910045 ], [ 5697045.438929189927876, 7424317.95954698882997 ], [ 5697046.892154252156615, 7424344.949366698041558 ], [ 5697448.912954137660563, 7424497.075500473380089 ], [ 5697786.290322300978005, 7424624.734513407573104 ], [ 5698132.942125625908375, 7424755.891097947955132 ], [ 5698139.857927029021084, 7424795.307326011359692 ], [ 5698143.014424053952098, 7424793.955086464062333 ], [ 5698455.616958566941321, 7424660.286080532707274 ], [ 5698464.129557076841593, 7424656.820422729477286 ], [ 5698484.528138461522758, 7424782.469412250444293 ], [ 5698502.66264175157994, 7424927.040424702689052 ], [ 5698503.508888096548617, 7424941.64540849160403 ], [ 5698503.842221155762672, 7424945.488930447027087 ], [ 5698426.546452150680125, 7424980.548137564212084 ], [ 5698346.679405839182436, 7425016.764430340379477 ], [ 5698315.935304332524538, 7425034.040894804522395 ], [ 5698289.601024089381099, 7425054.847373880445957 ], [ 5698267.125172033905983, 7425077.915882868692279 ], [ 5698246.918483003973961, 7425105.004964852705598 ], [ 5698255.752891561947763, 7425108.205393295735121 ], [ 5698263.244567290879786, 7425108.122592503204942 ], [ 5698289.75849895272404, 7425106.313329414464533 ], [ 5698332.343875107355416, 7425135.98566584661603 ], [ 5698454.587379864417017, 7425235.387610457837582 ], [ 5698510.878121882677078, 7425327.971132757142186 ], [ 5698621.519739167764783, 7425364.217500995844603 ], [ 5698992.088627254590392, 7425663.498841152526438 ], [ 5699079.236854808405042, 7425666.077001847326756 ], [ 5699083.194113681092858, 7425668.691264057531953 ], [ 5699087.140621856786311, 7425671.294875430874527 ], [ 5699154.813451571390033, 7425715.941596162505448 ], [ 5699153.56575086992234, 7425740.147705361247063 ], [ 5699144.127369008027017, 7425758.703240672126412 ], [ 5699189.356932575814426, 7425776.427518138661981 ], [ 5699263.645040060393512, 7425906.647556399926543 ], [ 5699311.862649365328252, 7425937.169989973306656 ], [ 5699323.295739065855742, 7425953.610430753789842 ], [ 5699326.856985876336694, 7425958.719332750886679 ], [ 5699325.648312740027905, 7425972.3499905616045 ], [ 5699324.645772913470864, 7426021.763199117965996 ], [ 5699328.059135863557458, 7426109.929436683654785 ], [ 5699331.325603361241519, 7426184.863116655498743 ], [ 5699333.263363877311349, 7426227.859078930690885 ], [ 5699381.579033984802663, 7426238.958441869355738 ], [ 5699407.353838028386235, 7426246.741159459576011 ], [ 5699439.496081499382854, 7426254.727522330358624 ], [ 5699446.624553799629211, 7426241.377250323072076 ], [ 5699493.763682859949768, 7426215.02141984552145 ], [ 5699507.174140989780426, 7426199.391467956826091 ], [ 5699515.006786098703742, 7426178.512841272167861 ], [ 5699518.998781881295145, 7426132.294373158365488 ], [ 5699520.242475355044007, 7426099.455280601978302 ], [ 5699535.095087738707662, 7426105.462878655642271 ], [ 5699542.849018019624054, 7426111.635718351230025 ], [ 5699551.273259554058313, 7426119.862903136759996 ], [ 5699557.797760538756847, 7426122.769519729539752 ], [ 5699563.923725380562246, 7426125.047887979075313 ], [ 5699569.934518455527723, 7426124.643596956506371 ], [ 5699577.776495419442654, 7426120.417007131502032 ], [ 5699593.462085070088506, 7426102.349199617281556 ], [ 5699603.30685870628804, 7426089.418057922273874 ], [ 5699610.433447701856494, 7426087.656479239463806 ], [ 5699624.063186407089233, 7426087.029037233442068 ], [ 5699640.844562941230834, 7426097.441139347851276 ], [ 5699654.541178316809237, 7426104.383946822956204 ], [ 5699661.030474226921797, 7426106.098719945177436 ], [ 5699698.921810971572995, 7426110.279365935362875 ], [ 5699711.024365290999413, 7426109.009570742025971 ], [ 5699716.278635066002607, 7426117.206772480159998 ], [ 5699730.703834567219019, 7426122.185782461427152 ], [ 5699738.327108365483582, 7426119.642412602901459 ], [ 5699747.596307840198278, 7426122.911108072847128 ], [ 5699758.121707128360868, 7426129.578606389462948 ], [ 5699770.908057882450521, 7426135.035921586677432 ], [ 5699772.944826988503337, 7426145.915805748663843 ], [ 5699741.009805579669774, 7426218.450771343894303 ], [ 5699873.573434533551335, 7426299.606245243921876 ], [ 5700358.628713875077665, 7426596.425618471577764 ], [ 5700348.987234480679035, 7426644.159153189510107 ], [ 5700339.575532515533268, 7426693.956511378288269 ], [ 5700349.704185640439391, 7426708.3497518543154 ], [ 5700308.890290378592908, 7426782.451454911381006 ], [ 5700310.396741518750787, 7426838.975706271827221 ], [ 5700327.010952286422253, 7426881.953515643253922 ], [ 5700321.892391444183886, 7426910.200933575630188 ], [ 5700300.361365920864046, 7426949.100133078172803 ], [ 5700277.677280938252807, 7426996.017194265499711 ], [ 5700275.805154426023364, 7426999.841508231125772 ], [ 5700328.736646420322359, 7427019.879805404692888 ], [ 5700355.80833298061043, 7427034.081091743893921 ], [ 5700382.994711932726204, 7427048.321583827026188 ], [ 5700413.812646625563502, 7427064.120631381869316 ], [ 5700458.58808483555913, 7427084.083690924569964 ], [ 5700524.673023513518274, 7427108.624385073781013 ], [ 5700537.789674123749137, 7427112.571271147578955 ], [ 5700550.875416914001107, 7427115.638435753062367 ], [ 5700564.22626468911767, 7427116.919680916704237 ], [ 5700577.717150509357452, 7427116.153174798935652 ], [ 5700597.815485099330544, 7427114.574859816581011 ], [ 5700611.077263684943318, 7427113.952915176749229 ], [ 5700624.046005804091692, 7427114.738947097212076 ], [ 5700636.959825024008751, 7427116.542555171065032 ], [ 5700649.209254981949925, 7427119.269630881026387 ], [ 5700741.097896304912865, 7427143.826256841421127 ], [ 5700760.186219232156873, 7427148.931736320257187 ], [ 5700769.905451002530754, 7427149.747387330047786 ], [ 5700779.448224665597081, 7427149.422448217868805 ], [ 5700788.843006812036037, 7427148.345973258838058 ], [ 5700798.969593184068799, 7427145.59552526473999 ], [ 5700815.614676769822836, 7427139.695010906085372 ], [ 5700826.900693346746266, 7427136.957075083628297 ], [ 5700837.933245500549674, 7427135.81488979794085 ], [ 5700848.401082956232131, 7427137.286919578909874 ], [ 5700859.032307870686054, 7427141.37247118819505 ], [ 5700902.152379259467125, 7427160.787516647949815 ], [ 5700916.404797843657434, 7427166.208938416093588 ], [ 5700930.563613672740757, 7427169.850096821784973 ], [ 5700985.335229739546776, 7427171.552221893332899 ], [ 5701146.597371617332101, 7427239.787796751596034 ], [ 5701173.087197544984519, 7427248.984805937856436 ], [ 5701229.785268773324788, 7427255.023917155340314 ], [ 5701251.385011440142989, 7427262.28643846232444 ], [ 5701265.591763447038829, 7427268.4793790448457 ], [ 5701279.638018938712776, 7427281.316537002101541 ], [ 5701306.981808472424746, 7427323.188288640230894 ], [ 5701318.791404091753066, 7427350.452305590733886 ], [ 5701340.432824443094432, 7427376.552104637958109 ], [ 5701372.792462988756597, 7427409.242782231420279 ], [ 5701389.049834025092423, 7427420.894159309566021 ], [ 5701424.425801656208932, 7427439.377826965413988 ], [ 5701438.892704929225147, 7427443.238403874449432 ], [ 5701470.338372518308461, 7427466.702792136929929 ], [ 5701479.15835009329021, 7427475.680504772812128 ], [ 5701495.734239437617362, 7427500.25567520596087 ], [ 5701544.351165000349283, 7427559.900999842211604 ], [ 5701564.83843672927469, 7427596.595554625615478 ], [ 5701598.31184012722224, 7427640.343296783044934 ], [ 5701620.23768250644207, 7427668.995066677220166 ], [ 5701627.059528228826821, 7427676.03651256300509 ], [ 5701639.114937614649534, 7427683.144536546431482 ], [ 5701648.542775572277606, 7427684.955000033602118 ], [ 5701720.499561218544841, 7427676.032463844865561 ], [ 5701763.42951072473079, 7427670.547458409331739 ], [ 5701782.899336442351341, 7427663.420191753655672 ], [ 5701795.998303983360529, 7427654.718197003938258 ], [ 5701811.3917635390535, 7427614.23044066131115 ], [ 5701814.246050178073347, 7427587.605109768919647 ], [ 5701785.644088454544544, 7427540.80686589051038 ], [ 5701778.540601256303489, 7427458.39853052329272 ], [ 5701805.841778235509992, 7427385.996897349134088 ], [ 5701817.292203626595438, 7427370.356227969750762 ], [ 5701828.742078217677772, 7427354.704413907602429 ], [ 5701921.643861914984882, 7427304.105824614875019 ], [ 5701936.738829970359802, 7427248.305776140652597 ], [ 5701989.340747920796275, 7427204.596961965784431 ], [ 5702005.445913685485721, 7427175.597596239298582 ], [ 5702004.937503384426236, 7427110.302057383581996 ], [ 5701986.439951656386256, 7427052.198617974296212 ], [ 5701998.538325950503349, 7427021.301634440198541 ], [ 5702069.737577499821782, 7426998.703388978727162 ], [ 5702119.036829674616456, 7426940.804504895582795 ], [ 5702099.842255027964711, 7426882.499632129445672 ], [ 5702124.441231099888682, 7426849.19671753142029 ], [ 5702114.144327972084284, 7426801.304478365927935 ], [ 5702144.536975788883865, 7426707.005055124871433 ], [ 5702155.825969804078341, 7426586.520827229134738 ], [ 5702158.939052898436785, 7426553.201523875817657 ], [ 5702119.037786909379065, 7426445.898866606876254 ], [ 5702109.737867554649711, 7426431.500827443785965 ], [ 5702078.345844825729728, 7426417.695163747295737 ], [ 5702022.143049562349916, 7426313.30048259254545 ], [ 5702029.340722030028701, 7426280.703902118839324 ], [ 5702015.436807540245354, 7426234.397911174222827 ], [ 5702036.244657767936587, 7426184.798138972371817 ], [ 5702024.693485666066408, 7426138.805423646233976 ], [ 5702013.141812570393085, 7426092.801586034707725 ], [ 5702015.295178870670497, 7426085.148891173303127 ], [ 5702017.438309484161437, 7426077.496676412411034 ], [ 5702034.972104584798217, 7426066.968119312077761 ], [ 5702041.744264150038362, 7426062.901887619867921 ], [ 5702049.098808851093054, 7426050.922174507752061 ], [ 5702052.061671040020883, 7426046.098065722733736 ], [ 5702057.845395244657993, 7426036.701915638521314 ], [ 5702038.1393515272066, 7426005.303211057558656 ], [ 5702036.442902222275734, 7425983.353211442939937 ], [ 5702034.736214490607381, 7425961.403693520464003 ], [ 5702066.641922225244343, 7425894.606225082650781 ], [ 5702106.541832775808871, 7425881.698485027998686 ], [ 5702182.438499357551336, 7425880.003407940268517 ], [ 5702220.844688612036407, 7425852.096043057739735 ], [ 5702271.84159093350172, 7425794.003817293792963 ], [ 5702360.338045878335834, 7425637.606063350103796 ], [ 5702365.040919978171587, 7425593.403057495132089 ], [ 5702352.838025203906, 7425474.803632362745702 ], [ 5702366.816456839442253, 7425453.220342935994267 ], [ 5702380.795360741205513, 7425431.648159716278315 ], [ 5702408.742785986512899, 7425388.504203892312944 ], [ 5702416.43784493021667, 7425348.198196593672037 ], [ 5702407.436085595749319, 7425187.295542662963271 ], [ 5702428.439252125099301, 7425148.705664983019233 ], [ 5702448.650604795664549, 7425057.671428025700152 ], [ 5702454.236088678240776, 7425032.500735798850656 ], [ 5702450.143575122579932, 7424876.598304094746709 ], [ 5702456.74155281111598, 7424848.100523942150176 ], [ 5702488.644911782816052, 7424796.002388457767665 ], [ 5702503.14322563726455, 7424728.103284487500787 ], [ 5702531.545007440261543, 7424681.802746282890439 ], [ 5702526.034964811988175, 7424604.895641719922423 ], [ 5702545.142858386039734, 7424540.404554608277977 ], [ 5702530.241500079631805, 7424448.903357276692986 ], [ 5702555.036088210530579, 7424383.899038321338594 ], [ 5702560.337917418219149, 7424287.899486168287694 ], [ 5702542.836667771451175, 7424218.104608623310924 ], [ 5702545.844188364222646, 7424165.80472019687295 ], [ 5702587.437582765705884, 7424057.700192138552666 ], [ 5702614.736815915443003, 7424008.494951338507235 ], [ 5702654.535132224671543, 7423964.099707244895399 ], [ 5702748.436130320653319, 7423654.199227339588106 ], [ 5702819.835086490958929, 7423628.604454796761274 ], [ 5702838.336837280541658, 7423583.794975572265685 ], [ 5702872.23952183034271, 7423546.201786551624537 ], [ 5702864.542016792111099, 7423481.499984391033649 ], [ 5702788.541928142309189, 7423449.999985272996128 ], [ 5702776.634820848703384, 7423437.499044758267701 ], [ 5702771.940025516785681, 7423391.295072076842189 ], [ 5702789.240398139692843, 7423356.703976524993777 ], [ 5702838.441709883511066, 7423373.002536425366998 ], [ 5702851.539412267506123, 7423362.201237389817834 ], [ 5702855.341877687722445, 7423348.000778674148023 ], [ 5702828.837165661156178, 7423308.30139332357794 ], [ 5702831.539554330520332, 7423276.595516270026565 ], [ 5702857.135383482091129, 7423212.600330623798072 ], [ 5702911.535062450915575, 7423180.298494237475097 ], [ 5702916.039253504015505, 7423161.402299216017127 ], [ 5702902.337098074145615, 7423121.200053635984659 ], [ 5702919.834246959537268, 7423085.796200464479625 ], [ 5702901.641942072659731, 7423063.697536930441856 ], [ 5702913.935099651105702, 7423022.504319108091295 ], [ 5702892.637226595543325, 7422994.104703919962049 ], [ 5702850.935181774199009, 7422975.70195696875453 ], [ 5702845.234981554560363, 7422955.000033788383007 ], [ 5702923.035821474157274, 7422825.397803633473814 ], [ 5702926.436615456826985, 7422670.601480044424534 ], [ 5702938.739504259079695, 7422647.500376556068659 ], [ 5703008.63681220356375, 7422587.495011884719133 ], [ 5703082.339672619476914, 7422552.597235187888145 ], [ 5703105.938208405859768, 7422531.19416369125247 ], [ 5703126.741840247064829, 7422491.7965536005795 ], [ 5703155.03482140507549, 7422396.093974277377129 ], [ 5703240.039680313318968, 7422303.594717156141996 ], [ 5703259.728312046267092, 7422186.958569906651974 ], [ 5703271.136663266457617, 7422119.4030885938555 ], [ 5703264.237796080298722, 7421960.89708205871284 ], [ 5703250.934931911528111, 7421925.495079787448049 ], [ 5703248.736881515942514, 7421845.497034315019846 ], [ 5703303.838543544523418, 7421718.299305802211165 ], [ 5703361.340311623178422, 7421675.395482569932938 ], [ 5703386.538451213389635, 7421589.397031932137907 ], [ 5703446.541689714416862, 7421531.49418418854475 ], [ 5703503.73347392398864, 7421374.100619710050523 ], [ 5703577.733124441467226, 7421256.895472218282521 ], [ 5703587.434533389285207, 7421174.293693558312953 ], [ 5703642.937265774235129, 7421131.894995059818029 ], [ 5703644.73878235463053, 7421071.797173403203487 ], [ 5703674.038473379798234, 7421031.79565139580518 ], [ 5703642.540842428803444, 7420972.299861999228597 ], [ 5703641.535824989899993, 7420938.793716441839933 ], [ 5703689.635038666427135, 7420911.602344090119004 ], [ 5703714.233763955533504, 7420875.403315231204033 ], [ 5703716.234093540348113, 7420772.996925819665194 ], [ 5703794.03936333861202, 7420658.799693050794303 ], [ 5703825.334357826039195, 7420554.39556647092104 ], [ 5703871.335857267491519, 7420499.493183972314 ], [ 5703896.63809516094625, 7420417.592255126684904 ], [ 5703939.034144680015743, 7420368.202997907996178 ], [ 5703953.636577119119465, 7420306.796953947283328 ], [ 5703996.339047741144896, 7420236.098213691264391 ], [ 5704022.657738156616688, 7420124.275835974141955 ], [ 5704031.436951702460647, 7420086.993932358920574 ], [ 5704043.339785819873214, 7420070.948302200995386 ], [ 5704055.242588933557272, 7420054.902655925601721 ], [ 5704152.833740743808448, 7419969.59443696308881 ], [ 5704197.053942883387208, 7419888.314793998375535 ], [ 5704199.836400701664388, 7419883.196972033008933 ], [ 5704209.195209413766861, 7419871.030608087778091 ], [ 5704241.839840956032276, 7419828.592945387586951 ], [ 5704254.932298892177641, 7419801.491969745606184 ], [ 5704259.941027932800353, 7419687.597243389114738 ], [ 5704276.238921845331788, 7419652.402268148958683 ], [ 5704300.63983441144228, 7419629.696851789020002 ], [ 5704338.639629423618317, 7419614.301677094772458 ], [ 5704462.434310622513294, 7419595.394561193883419 ], [ 5704510.433801824226975, 7419578.599956167861819 ], [ 5704525.93851014226675, 7419561.792030405253172 ], [ 5704529.55150643363595, 7419553.210205632261932 ], [ 5704537.163423055782914, 7419535.102422950789332 ], [ 5704554.240064282901585, 7419494.493320452980697 ], [ 5704603.839310020208359, 7419445.596467189490795 ], [ 5704619.136264121159911, 7419418.100508499890566 ], [ 5704634.432619595900178, 7419390.593389052897692 ], [ 5704638.271164597012103, 7419373.333354318514466 ], [ 5704674.942560626193881, 7419208.298943945206702 ], [ 5704745.941137669607997, 7419154.595623625442386 ], [ 5704760.138761564157903, 7419044.391779665835202 ], [ 5704817.53526153229177, 7418994.399331024847925 ], [ 5704813.519892567768693, 7418969.289656601846218 ], [ 5704807.935118987224996, 7418934.393174163997173 ], [ 5704710.533931982703507, 7418821.898086040280759 ], [ 5704704.022484332323074, 7418812.077515945769846 ], [ 5704690.48107551690191, 7418791.657754508778453 ], [ 5704686.278240992687643, 7418776.462701313197613 ], [ 5704683.085235620848835, 7418763.116208661347628 ], [ 5704682.202921074815094, 7418753.118406253866851 ], [ 5704683.085499279201031, 7418743.594810203649104 ], [ 5704687.180531902238727, 7418734.811545331031084 ], [ 5704691.76351451035589, 7418727.678440405055881 ], [ 5704703.455212672241032, 7418716.973829911090434 ], [ 5704714.91895753890276, 7418707.953259700909257 ], [ 5704720.705079579725862, 7418701.120143255218863 ], [ 5704722.588162737898529, 7418698.889217209070921 ], [ 5704725.457393581047654, 7418693.666660691611469 ], [ 5704728.628645684570074, 7418687.894360130652785 ], [ 5704729.255486508831382, 7418686.626468716189265 ], [ 5704733.866730599664152, 7418677.272138725966215 ], [ 5704735.869243586435914, 7418669.75919686909765 ], [ 5704737.87175325397402, 7418662.246254168450832 ], [ 5704740.478733883239329, 7418650.82271980587393 ], [ 5704741.691929118707776, 7418645.477767432108521 ], [ 5704742.905648712068796, 7418640.143944900482893 ], [ 5704743.475163511931896, 7418637.662860626354814 ], [ 5704745.719412197358906, 7418613.573152644559741 ], [ 5704743.932028766721487, 7418560.559522837400436 ], [ 5704745.306041475385427, 7418539.745988387614489 ], [ 5704747.335160237737, 7418515.443353740498424 ], [ 5704750.177151534706354, 7418490.990676453337073 ], [ 5704749.236319134943187, 7418475.418084545992315 ], [ 5704746.350032818503678, 7418462.057076334021986 ], [ 5704740.313879947178066, 7418444.940926412120461 ], [ 5704731.767779060639441, 7418424.597091005183756 ], [ 5704715.138427878729999, 7418393.703991703689098 ], [ 5704703.64705378189683, 7418369.595329497009516 ], [ 5704698.870292996056378, 7418357.439347127452493 ], [ 5704698.151215800084174, 7418353.067133005708456 ], [ 5704680.540489073842764, 7418320.491464807651937 ], [ 5704684.905903943814337, 7418307.456422323361039 ], [ 5704703.636909374967217, 7418251.597238711081445 ], [ 5704701.933302570134401, 7418203.398656476289034 ], [ 5704690.137113264761865, 7418176.091792315244675 ], [ 5704674.140828349627554, 7418163.797766027972102 ], [ 5704648.338021526113153, 7418144.39375619776547 ], [ 5704602.134078105911613, 7418131.399324413388968 ], [ 5704525.634433069266379, 7418134.496782091446221 ], [ 5704494.431565028615296, 7418125.09774274379015 ], [ 5704473.234478036873043, 7417974.292146504856646 ], [ 5704502.932036209851503, 7417943.593043169938028 ], [ 5704479.836729953065515, 7417881.693855633959174 ], [ 5704501.539115878753364, 7417831.896475504152477 ], [ 5704492.340293274261057, 7417742.199133918620646 ], [ 5704501.133761477656662, 7417675.599815241061151 ], [ 5704470.132999720983207, 7417641.393757188692689 ], [ 5704478.839974755421281, 7417568.194749768823385 ], [ 5704437.73881917539984, 7417487.894613107666373 ], [ 5704437.934450821951032, 7417460.800884313881397 ], [ 5704471.03944762609899, 7417413.096038876101375 ], [ 5704474.037096409127116, 7417371.992706490680575 ], [ 5704444.132890596985817, 7417321.292305257171392 ], [ 5704424.036999740637839, 7417310.497601766139269 ], [ 5704374.531043879687786, 7417333.199619248509407 ], [ 5704333.834648511372507, 7417319.799407068639994 ], [ 5704326.232897953130305, 7417289.494128938764334 ], [ 5704285.738098605535924, 7417260.40033127181232 ], [ 5704265.53339884057641, 7417231.896460304036736 ], [ 5704219.030065698549151, 7417140.697057412937284 ], [ 5704212.834537943825126, 7417070.301062853075564 ], [ 5704176.738336860202253, 7417036.893929678946733 ], [ 5704180.955420816317201, 7416978.20860412158072 ], [ 5704181.134181192144752, 7416975.701420176774263 ], [ 5704180.999611249193549, 7416975.239280719310045 ], [ 5704168.339825650677085, 7416931.798658927902579 ], [ 5704120.739935625344515, 7416880.496918462216854 ], [ 5704068.434548707678914, 7416847.600491005927324 ], [ 5704040.233959076926112, 7416785.195850569754839 ], [ 5704043.134655308909714, 7416755.698638843372464 ], [ 5704072.237729720771313, 7416733.293811416253448 ], [ 5704052.830614065751433, 7416655.491806704550982 ], [ 5704059.631532559171319, 7416633.49571568146348 ], [ 5704106.935607992112637, 7416620.201638162136078 ], [ 5704130.389574381522834, 7416586.697089204564691 ], [ 5704153.833185898140073, 7416553.192960122600198 ], [ 5704240.338401542045176, 7416562.694800254888833 ], [ 5704260.130458450876176, 7416553.201643815264106 ], [ 5704312.029995260760188, 7416465.195777300745249 ], [ 5704311.730551481246948, 7416412.892786668613553 ], [ 5704347.635542457923293, 7416387.197691325098276 ], [ 5704307.429648055694997, 7416320.598825281485915 ], [ 5704308.832436703145504, 7416283.497618366032839 ], [ 5704345.434354794211686, 7416265.399478679522872 ], [ 5704418.836787742562592, 7416278.498881595209241 ], [ 5704451.234246054664254, 7416266.199469109997153 ], [ 5704475.531181138008833, 7416135.894768726080656 ], [ 5704513.03000480402261, 7416098.198663741350174 ], [ 5704556.336445727385581, 7416080.596445610746741 ], [ 5704609.931180290877819, 7415959.399703209288418 ], [ 5704657.137402269989252, 7415933.692072620615363 ], [ 5704754.734012689441442, 7415846.696491476148367 ], [ 5704793.934913216158748, 7415720.893083149567246 ], [ 5704837.232073507271707, 7415688.397889049723744 ], [ 5704883.736553626134992, 7415620.600412892177701 ], [ 5704889.177464230917394, 7415611.273249284364283 ], [ 5704918.231417973525822, 7415561.493144355714321 ], [ 5704950.438453801907599, 7415461.197596092708409 ], [ 5705070.88458283431828, 7415398.504113159142435 ], [ 5705074.274908755905926, 7415396.736943949013948 ], [ 5705119.130792805925012, 7415373.391916384920478 ], [ 5705174.834719692356884, 7415314.894962623715401 ], [ 5705185.024315728805959, 7415300.032401074655354 ], [ 5705218.929266122169793, 7415250.589975515380502 ], [ 5705250.129464937373996, 7415231.897009423002601 ], [ 5705297.338758919388056, 7415224.291230596601963 ], [ 5705324.836210604757071, 7415203.799277389422059 ], [ 5705308.83054565358907, 7415155.999762048944831 ], [ 5705321.330785606056452, 7415104.895337872207165 ], [ 5705304.637677711434662, 7415045.393085725605488 ], [ 5705316.538235826417804, 7414981.198443878442049 ], [ 5705271.865888598375022, 7414885.698392022401094 ], [ 5705268.730517872609198, 7414878.997831420972943 ], [ 5705217.836002837866545, 7414821.096379363909364 ], [ 5705145.737072201445699, 7414792.99282556027174 ], [ 5705073.79528870433569, 7414711.068578161299229 ], [ 5705070.838045747950673, 7414707.694984032772481 ], [ 5704972.234161380678415, 7414644.393108893185854 ], [ 5704940.635893994010985, 7414613.095773819833994 ], [ 5704927.584580277092755, 7414590.445117691531777 ], [ 5704914.533294349908829, 7414567.794460073113441 ], [ 5704900.635393027216196, 7414506.698434172198176 ], [ 5704890.732505935244262, 7414360.298515099100769 ], [ 5704840.434423092752695, 7414297.192409548908472 ], [ 5704839.043463421054184, 7414291.836961222812533 ], [ 5704812.737765823490918, 7414190.289601159282029 ], [ 5704754.932703115046024, 7414071.194678591564298 ], [ 5704697.128232879564166, 7413952.099760171025991 ], [ 5704658.631147501058877, 7413838.893651586025953 ], [ 5704652.732047053053975, 7413782.248572054319084 ], [ 5704646.832388482987881, 7413725.592368423938751 ], [ 5704424.529063457623124, 7413781.794558031484485 ], [ 5704322.432424261234701, 7413849.796199647709727 ], [ 5704259.683652845211327, 7413996.448921009898186 ], [ 5704196.933160193264484, 7414143.101045306771994 ], [ 5704131.131370797753334, 7414226.792942153289914 ], [ 5704064.128202217631042, 7414291.599987441673875 ], [ 5703967.533339437097311, 7414353.201645068824291 ], [ 5703767.627326210960746, 7414410.895014382898808 ], [ 5703703.929835970513523, 7414441.197038412094116 ], [ 5703662.632365284487605, 7414479.094140403904021 ], [ 5703625.033384764567018, 7414533.894129493273795 ], [ 5703560.230799283832312, 7414675.495638037100434 ], [ 5703463.231521374545991, 7414788.502409216016531 ], [ 5703295.635712859220803, 7414947.695037737488747 ], [ 5703184.432017008773983, 7415093.095315806567669 ], [ 5703142.027522996999323, 7415182.499530548229814 ], [ 5703130.13427563291043, 7415253.995607334189117 ], [ 5703151.034444914199412, 7415391.2930444823578 ], [ 5703228.135042753070593, 7415645.19925566855818 ], [ 5703222.335016973316669, 7415840.794457965530455 ], [ 5703181.535494251176715, 7415974.696740016341209 ], [ 5703127.852330385707319, 7416115.967718251049519 ], [ 5703073.52859820984304, 7416258.897041413933039 ], [ 5703043.132175698876381, 7416303.848965073004365 ], [ 5703012.735526647418737, 7416348.800779085606337 ], [ 5702979.630205706693232, 7416364.800098856911063 ], [ 5702887.034777686931193, 7416370.39305923320353 ], [ 5702819.930916898883879, 7416347.395824897103012 ], [ 5702686.933819155208766, 7416267.299358395859599 ], [ 5702635.336994914337993, 7416254.098723800852895 ], [ 5702016.433654812164605, 7416302.193592991679907 ], [ 5701740.935966463759542, 7416353.602546740323305 ], [ 5701584.536544946022332, 7416394.903182070702314 ], [ 5701114.536569260060787, 7416611.20059553347528 ], [ 5700899.329320362769067, 7416675.398643536493182 ], [ 5700793.632743286900222, 7416690.095067670568824 ], [ 5700675.032114022411406, 7416690.597022222355008 ], [ 5700461.034784927032888, 7416607.696715844795108 ], [ 5700380.23064190056175, 7416605.802763174287975 ], [ 5700293.231808798387647, 7416618.198539854958653 ], [ 5700211.629222253337502, 7416643.802709830924869 ], [ 5700141.334420178085566, 7416674.294887432828546 ], [ 5699883.025843689218163, 7416835.304265774786472 ], [ 5699425.522439408116043, 7417052.645218127407134 ], [ 5699415.747516624629498, 7417057.27643988840282 ], [ 5699412.369282249361277, 7417058.885305589996278 ] ] ] } },
{ "type": "Feature", "properties": { "lv_id": "LOC_052412", "id": 297607.0, "CD_SETOR": "352050905000095", "SITUACAO": "Urbana", "CD_SIT": "1", "CD_TIPO": "0", "AREA_KM2": 0.082346386143269001, "CD_REGIAO": "3", "NM_REGIAO": "Sudeste", "CD_UF": "35", "NM_UF": "São Paulo", "CD_MUN": "3520509", "NM_MUN": "Indaiatuba", "CD_DIST": "352050905", "NM_DIST": "Indaiatuba", "CD_SUBDIST": "35205090500", "NM_SUBDIST": null, "CD_BAIRRO": null, "NM_BAIRRO": null, "CD_NU": null, "NM_NU": null, "CD_FCU": null, "NM_FCU": null, "CD_AGLOM": null, "NM_AGLOM": null, "CD_RGINT": "3510", "NM_RGINT": "Campinas", "CD_RGI": "350038", "NM_RGI": "Campinas", "CD_CONCURB": "3520509", "NM_CONCURB": "Indaiatuba", "mun_code_x": "3520509", "index_right": 83984, "dist_m": 61.573683196424504, "local_id": 568423, "ano": 2022, "cod_localidade_ibge": 3520509, "NR_ZONA": "211", "nr_cep": 13333000.0, "nm_localidade": "INDAIATUBA", "nm_locvot": "EE. JOSÉ DE CAMPOS", "ds_endereco": "RUA JOÃO BATISTA NUNES BECCARI, 166", "ds_bairro": "JARDIM MORADA DO SOL", "pred_long": -47.22687, "pred_lat": -23.121174, "pred_dist": 0.0, "tse_long": -47.2268358, "tse_lat": -23.1211808, "long": -47.2268358, "lat": -23.1211808, "ID_UNICO": "LOC_052412", "SG_UF": "SP", "CD_MUNICIPIO": "65110", "NR_LOCAL_VOTACAO": "2143", "QT_SECOES_AGREGADAS": 0, "QT_ELEITORES_TRANSFERIDOS": 43, "CIRO GOMES (PDT) (NÃO ELEITO) 1T": 67.0, "CONSTITUINTE EYMAEL (DC) (NÃO ELEITO) 1T": 0.0, "FELIPE D AVILA (NOVO) (NÃO ELEITO) 1T": 15.0, "JAIR BOLSONARO (PL) (2º TURNO) 1T": 1067.0, "LULA (PT) (2º TURNO) 1T": 820.0, "LÉO PÉRICLES (UP) (NÃO ELEITO) 1T": 2.0, "PADRE KELMON (PTB) (NÃO ELEITO) 1T": 0.0, "SIMONE TEBET (MDB) (NÃO ELEITO) 1T": 98.0, "SOFIA MANZANO (PCB) (NÃO ELEITO) 1T": 2.0, "SORAYA THRONICKE (UNIÃO) (NÃO ELEITO) 1T": 7.0, "VERA (PSTU) (NÃO ELEITO) 1T": 0.0, "Total_Votos_Validos 1T": 2078.0, "Votos_Brancos 1T": 51.0, "Votos_Nulos 1T": 107.0, "Abstenções 1T": 660.0, "Eleitores_Aptos 1T": 2896.0, "JAIR BOLSONARO (PL) (NÃO ELEITO) 2T": 1209.0, "LULA (PT) (ELEITO) 2T": 908.0, "Total_Votos_Validos 2T": 2117.0, "Votos_Brancos 2T": 38.0, "Votos_Nulos 2T": 103.0, "Abstenções 2T": 638.0, "Eleitores_Aptos 2T": 2896.0, "mun_code_y": "3520509", "mun_code": "3520509" }, "geometry": { "type": "Polygon", "coordinates": [ [ [ 5693009.755346396937966, 7423423.833722562529147 ], [ 5692955.367283680476248, 7423458.557767974212766 ], [ 5692913.832470282912254, 7423460.052693905308843 ], [ 5692778.361020821146667, 7423428.060620742850006 ], [ 5692709.456087562255561, 7423382.525961561128497 ], [ 5692679.805650362744927, 7423295.153490232303739 ], [ 5692648.291468970477581, 7423236.573537159711123 ], [ 5692613.299186990596354, 7423111.587335324846208 ], [ 5692577.809826203621924, 7423087.998222796246409 ], [ 5692560.376179184764624, 7423117.52499014697969 ], [ 5692534.678158769384027, 7423158.308974904939532 ], [ 5692493.131271552294493, 7423176.777246724814177 ], [ 5692453.592697847634554, 7423203.850842956453562 ], [ 5692428.064302222803235, 7423196.761344991624355 ], [ 5692395.257510696537793, 7423144.776433328166604 ], [ 5692389.882740101777017, 7423123.702992524951696 ], [ 5692414.498239541426301, 7423093.843022864311934 ], [ 5692418.058431344106793, 7423067.135435178875923 ], [ 5692398.46378190536052, 7423059.993454780429602 ], [ 5692386.324948371388018, 7423055.560944953933358 ], [ 5692377.50620193220675, 7423057.509450357407331 ], [ 5692351.486748138442636, 7423063.267737375572324 ], [ 5692328.382877201773226, 7423030.839319399558008 ], [ 5692362.104116096161306, 7422985.980683714151382 ], [ 5692383.349965743720531, 7422961.284517975524068 ], [ 5692379.745749560184777, 7422939.482041798532009 ], [ 5692364.738932794891298, 7422913.424778081476688 ], [ 5692342.443160169757903, 7422894.006978826597333 ], [ 5692330.986903598532081, 7422866.914965415373445 ], [ 5692301.097339392639697, 7422839.151053331792355 ], [ 5692280.40211866889149, 7422823.517554031684995 ], [ 5692276.652700497768819, 7422794.818641098216176 ], [ 5692311.590026657097042, 7422737.502271953970194 ], [ 5692299.02427361626178, 7422716.773942342959344 ], [ 5692272.632377463392913, 7422716.694664416834712 ], [ 5692219.945537409745157, 7422762.21078022941947 ], [ 5692190.693502314388752, 7422769.658021844923496 ], [ 5692163.000304090790451, 7422784.861644940450788 ], [ 5692141.744689885526896, 7422770.625754557549953 ], [ 5692124.673119896091521, 7422756.195605589076877 ], [ 5692113.558914279565215, 7422723.422398738563061 ], [ 5692088.538059540092945, 7422710.008096307516098 ], [ 5692058.461429785937071, 7422725.545221516862512 ], [ 5692035.412235237658024, 7422715.741828540340066 ], [ 5692019.68146672192961, 7422699.933419427834451 ], [ 5692007.719439043663442, 7422640.445609169080853 ], [ 5692016.587434834800661, 7422603.053492739796638 ], [ 5692021.355433220043778, 7422563.465125875547528 ], [ 5691986.635711824521422, 7422552.240722747519612 ], [ 5691955.077027129940689, 7422591.767805188894272 ], [ 5691884.124836497008801, 7422657.50160286296159 ], [ 5691853.347647739574313, 7422653.487728554755449 ], [ 5691836.926948702894151, 7422631.41029348783195 ], [ 5691815.541527841240168, 7422588.463501113466918 ], [ 5691770.941815675236285, 7422575.52248384617269 ], [ 5691755.771188603714108, 7422563.167381027713418 ], [ 5691758.242862667888403, 7422543.045860894024372 ], [ 5691804.292143774218857, 7422457.803545791655779 ], [ 5691804.258719577454031, 7422457.303252979181707 ], [ 5691802.391756217926741, 7422429.833085611462593 ], [ 5691779.382819745689631, 7422420.886329796165228 ], [ 5691723.665578166022897, 7422470.031857131049037 ], [ 5691703.848224551416934, 7422473.995952159166336 ], [ 5691688.909711048938334, 7422453.589419774711132 ], [ 5691679.245692105032504, 7422387.471184896305203 ], [ 5691657.300357671454549, 7422366.954856673255563 ], [ 5691634.646745843812823, 7422361.4708900321275 ], [ 5691580.834319948218763, 7422382.68080111593008 ], [ 5691562.847869602963328, 7422387.217761582694948 ], [ 5691520.990855233743787, 7422385.892093324102461 ], [ 5691500.613581176847219, 7422399.238465564325452 ], [ 5691472.863943208009005, 7422408.789392554201186 ], [ 5691447.126593874767423, 7422397.147312702611089 ], [ 5691410.816733184270561, 7422355.762524742633104 ], [ 5691363.897750659845769, 7422353.154584554955363 ], [ 5691303.947809383273125, 7422336.787111476063728 ], [ 5691272.368957289494574, 7422363.05363954603672 ], [ 5691229.51001832075417, 7422361.561779234558344 ], [ 5691175.553098242729902, 7422310.545605955645442 ], [ 5691134.565858338959515, 7422297.658665791153908 ], [ 5691121.96396891400218, 7422284.749135592952371 ], [ 5691050.441220374777913, 7422399.774096505716443 ], [ 5690890.511896390467882, 7422738.532329313457012 ], [ 5690802.189000377431512, 7422826.453716805204749 ], [ 5690709.218902007676661, 7422869.101227842271328 ], [ 5690674.50969497486949, 7422893.124375239014626 ], [ 5690670.230183684267104, 7422895.909848406910896 ], [ 5690648.212109787389636, 7422903.955468429252505 ], [ 5690606.333566966466606, 7422936.11677654273808 ], [ 5691004.242323111742735, 7423424.043199826031923 ], [ 5691160.89061978366226, 7423617.418032292276621 ], [ 5691218.343320875428617, 7423682.547971149906516 ], [ 5691273.00979189760983, 7423737.747920984402299 ], [ 5691317.936420748010278, 7423778.756724659353495 ], [ 5691364.987543656490743, 7423817.592726631090045 ], [ 5691460.178582061082125, 7423892.191846872679889 ], [ 5691633.919615361839533, 7424029.793131999671459 ], [ 5691907.64290935639292, 7424246.564178297296166 ], [ 5692131.946762060746551, 7424424.206318903714418 ], [ 5692378.297441825270653, 7424619.291649498045444 ], [ 5692801.947751842439175, 7424954.770383522845805 ], [ 5693249.222915403544903, 7425309.576659014448524 ], [ 5693596.140858655795455, 7425584.760416337288916 ], [ 5693578.65880233142525, 7425607.331064593046904 ], [ 5693566.429759996943176, 7425597.683652102947235 ], [ 5693507.330786625854671, 7425551.113522941246629 ], [ 5693504.468014947138727, 7425548.859912812709808 ], [ 5693479.605035948567092, 7425557.096781624481082 ], [ 5693321.5478699747473, 7425609.416358860209584 ], [ 5693159.208045535720885, 7425663.159586172550917 ], [ 5693179.438591530546546, 7425724.662030125036836 ], [ 5693199.64565786998719, 7425786.098665783181787 ], [ 5693219.756506480276585, 7425847.227519460022449 ], [ 5693239.690229036845267, 7425907.851605931296945 ], [ 5693259.658849840983748, 7425968.563305530697107 ], [ 5693279.758150750771165, 7426029.659283776767552 ], [ 5693300.204802840948105, 7426091.832077225670218 ], [ 5693319.517022302374244, 7426150.544575985521078 ], [ 5693342.720979042351246, 7426221.098603880032897 ], [ 5693157.007365044206381, 7426282.872976155020297 ], [ 5693016.756611586548388, 7426329.520014369860291 ], [ 5693023.789472507312894, 7426395.014313694089651 ], [ 5693024.50855578109622, 7426401.683455344289541 ], [ 5693031.569724124856293, 7426467.789822866208851 ], [ 5693199.442186713218689, 7426412.846012943424284 ], [ 5693385.737915167585015, 7426351.869817851111293 ], [ 5693405.3726257821545, 7426411.559963358566165 ], [ 5693405.599016325548291, 7426412.240896844305098 ], [ 5693425.44996072165668, 7426472.612462313845754 ], [ 5693597.548605412244797, 7426415.727849346585572 ], [ 5693572.742100252769887, 7426355.97682305984199 ], [ 5693729.819358850829303, 7426303.802736604586244 ], [ 5693705.499982074834406, 7426245.501296683214605 ], [ 5693684.78164720069617, 7426182.370856385678053 ], [ 5693662.581501699052751, 7426114.703325552865863 ], [ 5693769.987954485230148, 7426078.965703792870045 ], [ 5693774.52292491029948, 7426077.695497211068869 ], [ 5693793.502260548993945, 7426072.363750821910799 ], [ 5693798.026995008811355, 7426071.094011718407273 ], [ 5693792.150760884396732, 7426057.59379356354475 ], [ 5693742.352259694598615, 7425877.07463750988245 ], [ 5693724.393061107955873, 7425811.975939589552581 ], [ 5693703.906462854705751, 7425737.704723173752427 ], [ 5693694.093280673958361, 7425723.551036242395639 ], [ 5693690.010091538541019, 7425715.766784105449915 ], [ 5693666.200781843625009, 7425646.568221244961023 ], [ 5693663.284805434755981, 7425638.082891914993525 ], [ 5693669.945404992438853, 7425643.293838646262884 ], [ 5693731.162954679690301, 7425691.750274650752544 ], [ 5694231.992796029895544, 7426089.61020088288933 ], [ 5694245.426861688494682, 7426069.524352869018912 ], [ 5694268.609117531217635, 7425930.712310448288918 ], [ 5694289.296895018778741, 7425806.882446203380823 ], [ 5694309.484426029957831, 7425685.986507957801223 ], [ 5694330.120289140380919, 7425562.392941545695066 ], [ 5694350.276404548436403, 7425441.732355944812298 ], [ 5694370.357343489304185, 7425321.454301645047963 ], [ 5694187.852542858570814, 7425176.127484582364559 ], [ 5694099.502513549290597, 7425105.771067625842988 ], [ 5693873.134576736018062, 7424927.663964807987213 ], [ 5693924.115232268348336, 7424843.500975081697106 ], [ 5693980.001640556380153, 7424751.280407635495067 ], [ 5694002.933799422346056, 7424713.410540706478059 ], [ 5694037.17178069986403, 7424656.914177504368126 ], [ 5694093.92183983605355, 7424563.236193564720452 ], [ 5694150.680507595650852, 7424470.204216094687581 ], [ 5694204.430503957904875, 7424380.847158677875996 ], [ 5694207.296593816019595, 7424376.107784688472748 ], [ 5694303.145590980537236, 7424217.897837651893497 ], [ 5694317.036583280190825, 7424191.812250837683678 ], [ 5694325.702768687158823, 7424171.557267250493169 ], [ 5694330.327104519121349, 7424160.74705870822072 ], [ 5694341.299788178876042, 7424128.785981314256787 ], [ 5694350.567722597159445, 7424098.532509732991457 ], [ 5694381.159111881628633, 7423984.801638659089804 ], [ 5694341.585207591764629, 7423977.119375850073993 ], [ 5694266.741612031124532, 7423928.821357257664204 ], [ 5694229.628974582068622, 7423939.247656104154885 ], [ 5694191.492396216839552, 7423936.238021138124168 ], [ 5694147.722424079664052, 7423898.248294151388109 ], [ 5694138.109300885349512, 7423863.453494736924767 ], [ 5694177.976844919845462, 7423817.64583991561085 ], [ 5694180.525565159507096, 7423786.210754131898284 ], [ 5694152.415781760588288, 7423766.630161818116903 ], [ 5694098.901526845991611, 7423751.276413818821311 ], [ 5694085.161642234772444, 7423722.328027443960309 ], [ 5694057.535306327044964, 7423670.103583725169301 ], [ 5694027.015898171812296, 7423658.899046204052866 ], [ 5693986.307339283637702, 7423678.202377378940582 ], [ 5693942.593779017217457, 7423692.849786870181561 ], [ 5693904.241367857903242, 7423736.846441868692636 ], [ 5693844.702730780467391, 7423763.97330089379102 ], [ 5693807.72534232120961, 7423743.076084546744823 ], [ 5693796.021277478896081, 7423714.90280570089817 ], [ 5693761.9877311559394, 7423696.9020766178146 ], [ 5693709.305120067670941, 7423708.062546429224312 ], [ 5693681.61915294919163, 7423697.595485180616379 ], [ 5693662.052519825287163, 7423663.698609908111393 ], [ 5693559.782063597813249, 7423606.235101858153939 ], [ 5693502.870161560364068, 7423594.963278898969293 ], [ 5693484.042796431109309, 7423628.905693707987666 ], [ 5693444.278577112592757, 7423642.498057041317225 ], [ 5693406.583830354735255, 7423666.443899888545275 ], [ 5693394.205948530696332, 7423735.762843508273363 ], [ 5693382.773936146870255, 7423756.747822154313326 ], [ 5693338.273840870708227, 7423754.45586590282619 ], [ 5693288.295300602912903, 7423746.340377963148057 ], [ 5693282.72220703586936, 7423729.636637679301202 ], [ 5693284.302912090905011, 7423694.756552647799253 ], [ 5693266.707804201170802, 7423651.62284260801971 ], [ 5693244.906940286979079, 7423638.71799888741225 ], [ 5693193.351614939048886, 7423674.181022822856903 ], [ 5693157.746726900339127, 7423665.386011343449354 ], [ 5693131.388301063328981, 7423631.804472322575748 ], [ 5693110.922283669933677, 7423544.005143903195858 ], [ 5693084.459307449869812, 7423499.543775895610452 ], [ 5693069.968929286114872, 7423437.128344467841089 ], [ 5693046.988069970160723, 7423416.01430912129581 ], [ 5693009.755346396937966, 7423423.833722562529147 ] ] ] } },
{ "type": "Feature", "properties": { "lv_id": "LOC_052413", "id": 297640.0, "CD_SETOR": "352050905000153", "SITUACAO": "Urbana", "CD_SIT": "1", "CD_TIPO": "0", "AREA_KM2": 0.0639452886267, "CD_REGIAO": "3", "NM_REGIAO": "Sudeste", "CD_UF": "35", "NM_UF": "São Paulo", "CD_MUN": "3520509", "NM_MUN": "Indaiatuba", "CD_DIST": "352050905", "NM_DIST": "Indaiatuba", "CD_SUBDIST": "35205090500", "NM_SUBDIST": null, "CD_BAIRRO": null, "NM_BAIRRO": null, "CD_NU": null, "NM_NU": null, "CD_FCU": null, "NM_FCU": null, "CD_AGLOM": null, "NM_AGLOM": null, "CD_RGINT": "3510", "NM_RGINT": "Campinas", "CD_RGI": "350038", "NM_RGI": "Campinas", "CD_CONCURB": "3520509", "NM_CONCURB": "Indaiatuba", "mun_code_x": "3520509", "index_right": 83991, "dist_m": 114.2320387799877, "local_id": 568430, "ano": 2022, "cod_localidade_ibge": 3520509, "NR_ZONA": "211", "nr_cep": 13348862.0, "nm_localidade": "INDAIATUBA", "nm_locvot": "EMEB. PROF. JOÃO BAPTISTA DE MACEDO", "ds_endereco": "AVENIDA DOMINGOS FERRAREZZI, 415", "ds_bairro": "JARDIM MONTE VERDE", "pred_long": -47.23797, "pred_lat": -23.10146, "pred_dist": 0.0, "tse_long": -47.2377628, "tse_lat": -23.1014919, "long": -47.2377628, "lat": -23.1014919, "ID_UNICO": "LOC_052413", "SG_UF": "SP", "CD_MUNICIPIO": "65110", "NR_LOCAL_VOTACAO": "2305", "QT_SECOES_AGREGADAS": 0, "QT_ELEITORES_TRANSFERIDOS": 74, "CIRO GOMES (PDT) (NÃO ELEITO) 1T": 152.0, "CONSTITUINTE EYMAEL (DC) (NÃO ELEITO) 1T": 0.0, "FELIPE D AVILA (NOVO) (NÃO ELEITO) 1T": 25.0, "JAIR BOLSONARO (PL) (2º TURNO) 1T": 2227.0, "LULA (PT) (2º TURNO) 1T": 1153.0, "LÉO PÉRICLES (UP) (NÃO ELEITO) 1T": 7.0, "PADRE KELMON (PTB) (NÃO ELEITO) 1T": 2.0, "SIMONE TEBET (MDB) (NÃO ELEITO) 1T": 244.0, "SOFIA MANZANO (PCB) (NÃO ELEITO) 1T": 4.0, "SORAYA THRONICKE (UNIÃO) (NÃO ELEITO) 1T": 22.0, "VERA (PSTU) (NÃO ELEITO) 1T": 0.0, "Total_Votos_Validos 1T": 3836.0, "Votos_Brancos 1T": 87.0, "Votos_Nulos 1T": 175.0, "Abstenções 1T": 698.0, "Eleitores_Aptos 1T": 4796.0, "JAIR BOLSONARO (PL) (NÃO ELEITO) 2T": 2558.0, "LULA (PT) (ELEITO) 2T": 1323.0, "Total_Votos_Validos 2T": 3881.0, "Votos_Brancos 2T": 80.0, "Votos_Nulos 2T": 178.0, "Abstenções 2T": 657.0, "Eleitores_Aptos 2T": 4796.0, "mun_code_y": "3520509", "mun_code": "3520509" }, "geometry": { "type": "Polygon", "coordinates": [ [ [ 5691267.699719974771142, 7428076.213009377941489 ], [ 5691255.264487941749394, 7428090.527328918687999 ], [ 5691245.105668666772544, 7428101.948368882760406 ], [ 5691234.111417892388999, 7428111.489927250891924 ], [ 5691223.425185339525342, 7428121.039529092609882 ], [ 5691208.952277175150812, 7428129.42605566419661 ], [ 5691193.833488215692341, 7428137.151025490835309 ], [ 5691166.203266774304211, 7428146.212989426217973 ], [ 5691150.973796884529293, 7428150.430203435011208 ], [ 5691126.263331659138203, 7428154.539457083679736 ], [ 5691088.118021935224533, 7428163.976053759455681 ], [ 5691068.899473202414811, 7428168.422263161279261 ], [ 5691048.309445870108902, 7428174.928038173355162 ], [ 5691025.489639586769044, 7428179.339989369735122 ], [ 5691011.828845221549273, 7428183.105342989787459 ], [ 5690992.814009441994131, 7428188.188825782388449 ], [ 5690939.326210860162973, 7428200.732058239169419 ], [ 5690921.369059050455689, 7428206.29066751152277 ], [ 5690868.85762423183769, 7428226.438573472201824 ], [ 5690803.233964420855045, 7428255.578496860340238 ], [ 5690789.393123102374375, 7428253.887589717283845 ], [ 5690768.535531350411475, 7428255.487374104559422 ], [ 5690758.697419922798872, 7428266.090195072814822 ], [ 5690742.414916680194438, 7428289.057037537917495 ], [ 5690691.279011964797974, 7428341.926609919406474 ], [ 5690678.061563290655613, 7428352.417885283008218 ], [ 5690666.185323886573315, 7428359.970020988956094 ], [ 5690646.291607660241425, 7428390.697878461331129 ], [ 5690633.055033615790308, 7428418.787343937903643 ], [ 5690624.096099237911403, 7428442.898687506094575 ], [ 5690686.586915980093181, 7428674.006925325840712 ], [ 5690663.430396571755409, 7428696.265187991783023 ], [ 5690624.61601946875453, 7428728.36895215138793 ], [ 5690603.367296691983938, 7428733.733343086205423 ], [ 5690580.492096978239715, 7428732.961365103721619 ], [ 5690549.586660236120224, 7428747.537038286216557 ], [ 5690497.242624519392848, 7428755.798688352108002 ], [ 5690483.336577237583697, 7428709.325363443233073 ], [ 5690427.25476695690304, 7428731.275258626788855 ], [ 5690397.946583364158869, 7428665.708086112514138 ], [ 5690389.539370427839458, 7428674.437843346968293 ], [ 5690385.549659268930554, 7428678.882052255794406 ], [ 5690381.635173833929002, 7428683.400846117176116 ], [ 5690378.525549789890647, 7428687.581368131563067 ], [ 5690375.460476099513471, 7428692.060925143770874 ], [ 5690325.968429078347981, 7428765.973668316379189 ], [ 5690322.452483056113124, 7428770.239843895658851 ], [ 5690317.695143640041351, 7428774.496440635062754 ], [ 5690312.581027930602431, 7428777.687805889174342 ], [ 5690283.606377642601728, 7428791.883724799379706 ], [ 5690278.497305533848703, 7428794.517261547036469 ], [ 5690273.609813340939581, 7428797.285534223541617 ], [ 5690269.400841421447694, 7428800.089380294084549 ], [ 5690249.527040814980865, 7428817.043136174790561 ], [ 5690241.514420015737414, 7428828.3305550115183 ], [ 5690237.207295726984739, 7428842.134390909224749 ], [ 5690232.80988606903702, 7428878.9035186432302 ], [ 5690233.367205170914531, 7428889.661372488364577 ], [ 5690234.857676411047578, 7428918.664746426045895 ], [ 5690238.436082895845175, 7428934.223255408927798 ], [ 5690243.747956819832325, 7428947.783648062497377 ], [ 5690280.818166491575539, 7428957.914869407191873 ], [ 5690319.617736502550542, 7428965.512800292111933 ], [ 5690363.51477372739464, 7428975.785802463069558 ], [ 5690377.714255748316646, 7428976.345551109872758 ], [ 5690392.454413157887757, 7428975.062601242214441 ], [ 5690426.421260990202427, 7428966.813986555673182 ], [ 5690438.21665102429688, 7428962.165385358035564 ], [ 5690448.116978276520967, 7428955.786586625501513 ], [ 5690454.803784053772688, 7428949.556209625676274 ], [ 5690474.575627261772752, 7428927.053366381675005 ], [ 5690491.627570696175098, 7428912.292694149538875 ], [ 5690516.530827013775706, 7428895.206616310402751 ], [ 5690540.912035152316093, 7428881.925009876489639 ], [ 5690579.928958432748914, 7428868.212536470964551 ], [ 5690609.306898486800492, 7428863.20867155212909 ], [ 5690636.41933557856828, 7428860.896608123555779 ], [ 5690659.526612129062414, 7428862.248878167942166 ], [ 5690678.197020286694169, 7428864.575591081753373 ], [ 5690706.462594866752625, 7428871.923247639089823 ], [ 5690722.336918385699391, 7428876.99976191483438 ], [ 5690743.130822169594467, 7428886.008517032489181 ], [ 5690718.775906349532306, 7428941.888769425451756 ], [ 5690694.95906597841531, 7429009.665218910202384 ], [ 5690674.060543831437826, 7429072.009677484631538 ], [ 5690662.759112324565649, 7429106.72287192940712 ], [ 5690658.543350386433303, 7429133.402880189940333 ], [ 5690648.817708374932408, 7429170.931520717218518 ], [ 5690648.911079798825085, 7429185.413235525600612 ], [ 5690649.727648574858904, 7429196.895194299519062 ], [ 5690648.911563395522535, 7429210.337210153229535 ], [ 5690643.821151522919536, 7429224.277779126539826 ], [ 5690629.864146959036589, 7429250.783260518684983 ], [ 5690621.345189490355551, 7429264.882191254757345 ], [ 5690612.268116324208677, 7429298.020484145730734 ], [ 5690608.940080595202744, 7429312.816351190209389 ], [ 5690600.729577461257577, 7429339.83693282213062 ], [ 5690595.839823690243065, 7429364.362264957278967 ], [ 5690596.398789339698851, 7429370.257978090085089 ], [ 5690601.202880313619971, 7429375.020868035033345 ], [ 5690610.497393037192523, 7429380.189682502299547 ], [ 5690733.592876402661204, 7429350.393316825851798 ], [ 5690774.048148959875107, 7429342.49116981588304 ], [ 5690792.519615739583969, 7429333.151281895115972 ], [ 5690807.513871980831027, 7429319.578256691806018 ], [ 5690877.408484608866274, 7429362.249093864113092 ], [ 5690952.09932158049196, 7429397.271022173576057 ], [ 5690988.116053181700408, 7429419.437813643366098 ], [ 5690998.345114235766232, 7429424.407126160338521 ], [ 5691029.931519693695009, 7429425.456449205055833 ], [ 5691092.323600681498647, 7429435.531051191501319 ], [ 5691120.033622629009187, 7429435.922987133264542 ], [ 5691135.308291812427342, 7429433.544163148850203 ], [ 5691149.233941610902548, 7429427.045763231813908 ], [ 5691208.391384746879339, 7429413.025437269359827 ], [ 5691246.214481889270246, 7429415.871377173811197 ], [ 5691261.187463518232107, 7429415.179134568199515 ], [ 5691274.499509421177208, 7429412.054511561989784 ], [ 5691311.340776110067964, 7429393.62340946495533 ], [ 5691316.271188359707594, 7429383.782571476884186 ], [ 5691313.401567719876766, 7429321.598879711702466 ], [ 5691312.536048526875675, 7429254.839484622702003 ], [ 5691325.700207589194179, 7429246.513705784454942 ], [ 5691325.838426371105015, 7429246.841869202442467 ], [ 5691332.309942099265754, 7429254.839578531682491 ], [ 5691398.609539135359228, 7429303.585114503279328 ], [ 5691411.927899228408933, 7429311.266178140416741 ], [ 5691422.215433474630117, 7429319.500015938654542 ], [ 5691429.756226528435946, 7429325.775481141172349 ], [ 5691438.812226947396994, 7429331.992023043334484 ], [ 5691470.210014479234815, 7429355.620470616035163 ], [ 5691509.702386296354234, 7429385.297980276867747 ], [ 5691516.330479028634727, 7429392.463177282363176 ], [ 5691537.965288210660219, 7429468.767296489328146 ], [ 5691541.546050453558564, 7429484.571160448715091 ], [ 5691541.519938014447689, 7429496.226070947945118 ], [ 5691539.444363373331726, 7429505.031675422564149 ], [ 5691534.854498516768217, 7429512.916439723223448 ], [ 5691526.924234970472753, 7429518.870291916653514 ], [ 5691513.438149349763989, 7429528.002871091477573 ], [ 5691500.328954126685858, 7429535.746324818581343 ], [ 5691482.627425974234939, 7429546.21130508556962 ], [ 5691452.784029402770102, 7429565.824662221595645 ], [ 5691425.63861963711679, 7429583.673859890550375 ], [ 5691419.788341927342117, 7429588.918100436218083 ], [ 5691413.503798449411988, 7429601.642997240647674 ], [ 5691410.960732155479491, 7429612.544413708150387 ], [ 5691413.287327506579459, 7429629.844851298257709 ], [ 5691442.764182827435434, 7429761.634834438562393 ], [ 5691453.410291209816933, 7429805.415386486798525 ], [ 5691465.152810261584818, 7429828.503187337890267 ], [ 5691477.538204059004784, 7429849.074401494115591 ], [ 5691495.409955750219524, 7429872.514446668326855 ], [ 5691516.392874521203339, 7429884.915263779461384 ], [ 5691534.00807236880064, 7429891.237903074361384 ], [ 5691549.15406387578696, 7429897.172875570133328 ], [ 5691563.863858068361878, 7429901.878999134525657 ], [ 5691579.992877781391144, 7429904.445232637226582 ], [ 5691644.393495081923902, 7429903.541167678311467 ], [ 5692072.778001941740513, 7429899.893117325380445 ], [ 5692175.9786795116961, 7429897.191196093335748 ], [ 5692373.925937823951244, 7429898.388331205584109 ], [ 5692498.095318187959492, 7429895.549821892753243 ], [ 5692514.450476897880435, 7429894.792481184005737 ], [ 5692548.23390637151897, 7429899.85238946788013 ], [ 5692560.378683192655444, 7429906.750722827389836 ], [ 5692573.564378746785223, 7429911.537708395160735 ], [ 5692589.38759214989841, 7429907.481602678075433 ], [ 5692598.864390061236918, 7429897.931456335820258 ], [ 5692598.779218421317637, 7429886.103027583099902 ], [ 5692597.573322611860931, 7429876.434248073026538 ], [ 5692597.959229614585638, 7429870.137745959684253 ], [ 5692587.377497409470379, 7429863.99231293424964 ], [ 5692580.358658169396222, 7429860.592568408697844 ], [ 5692580.854446713812649, 7429847.131336493417621 ], [ 5692579.80089058727026, 7429815.017493598163128 ], [ 5692573.969520865939558, 7429784.273589353077114 ], [ 5692567.738062052056193, 7429760.406753707677126 ], [ 5692553.345641287043691, 7429720.189741268754005 ], [ 5692531.544206576421857, 7429649.045414604246616 ], [ 5692463.91779791098088, 7429441.224595395848155 ], [ 5692461.961420748382807, 7429432.404691341333091 ], [ 5692453.890540982596576, 7429396.032386306673288 ], [ 5692451.892966546118259, 7429371.010427573695779 ], [ 5692454.988705136813223, 7429344.347419015131891 ], [ 5692461.7404301520437, 7429320.894159585237503 ], [ 5692470.320835187099874, 7429303.05490648932755 ], [ 5692484.302866293117404, 7429282.701584041118622 ], [ 5692507.0079394755885, 7429261.35313836298883 ], [ 5692526.254014120437205, 7429241.280070818960667 ], [ 5692540.189985638484359, 7429225.701886090449989 ], [ 5692550.607915173284709, 7429208.346179433166981 ], [ 5692558.021802561357617, 7429190.125926689244807 ], [ 5692565.71992776542902, 7429164.743998050689697 ], [ 5692569.829773867502809, 7429132.959694425575435 ], [ 5692565.317790558561683, 7429101.697471105493605 ], [ 5692556.51939754281193, 7429057.139775180257857 ], [ 5692550.443388464860618, 7429031.091134050861001 ], [ 5692757.472486678510904, 7428941.047197995707393 ], [ 5692992.840135997161269, 7428838.667600430548191 ], [ 5692967.412455701269209, 7428779.858691517263651 ], [ 5692941.893241027370095, 7428720.84214485809207 ], [ 5692864.976981106214225, 7428543.340801728889346 ], [ 5692839.288657329976559, 7428483.54033235553652 ], [ 5692813.700923952274024, 7428424.359733123332262 ], [ 5692965.821589290164411, 7428358.267466037534177 ], [ 5692940.726600776426494, 7428298.88569447118789 ], [ 5693135.240167178213596, 7428214.364708749577403 ], [ 5693160.567679635249078, 7428273.65751071088016 ], [ 5693389.411984713748097, 7428174.235581601969898 ], [ 5693389.26318795979023, 7428170.785380558110774 ], [ 5693388.996620742604136, 7428163.035740120336413 ], [ 5693386.584721175022423, 7428140.185040763579309 ], [ 5693381.685397563502192, 7428120.092855516821146 ], [ 5693377.454257002100348, 7428109.114562969654799 ], [ 5693371.737645799294114, 7428094.848350621759892 ], [ 5693356.855668581090868, 7428069.353242271579802 ], [ 5693347.993572548031807, 7428052.935603125020862 ], [ 5693344.515601243823767, 7428046.48365939874202 ], [ 5693348.883834538981318, 7428044.920397811569273 ], [ 5693627.96858842112124, 7427945.34811762906611 ], [ 5693632.337278822436929, 7427943.795888389460742 ], [ 5693626.353010719642043, 7427924.200151388533413 ], [ 5693611.359664428979158, 7427884.134226953610778 ], [ 5693589.919396141543984, 7427826.880661729723215 ], [ 5693560.070095149800181, 7427770.296253992244601 ], [ 5693531.999165224842727, 7427717.119988396763802 ], [ 5693503.927854404784739, 7427663.932590785436332 ], [ 5693499.726738464087248, 7427666.001187006011605 ], [ 5693368.178308529779315, 7427730.778964973986149 ], [ 5693363.987387212924659, 7427732.847039363346994 ], [ 5693363.826747200451791, 7427732.921407939866185 ], [ 5693381.112478378228843, 7427784.412458783946931 ], [ 5693390.583822282031178, 7427823.284855391830206 ], [ 5693390.44307816773653, 7427841.503124741837382 ], [ 5693387.551239211112261, 7427858.778435975313187 ], [ 5693376.839044178836048, 7427882.572720949538052 ], [ 5693358.191581695340574, 7427912.177531169727445 ], [ 5693187.776222147978842, 7427987.455070298165083 ], [ 5693179.66132480558008, 7427986.950483842752874 ], [ 5693169.109249971807003, 7427986.302447494119406 ], [ 5693070.644260089844465, 7427980.263947637751698 ], [ 5692990.084398574195802, 7427975.312654483132064 ], [ 5692965.571893099695444, 7427977.040507349185646 ], [ 5692940.910454058088362, 7427983.749114073812962 ], [ 5692919.565571415238082, 7427993.426499834284186 ], [ 5692878.050260686315596, 7427970.571377880871296 ], [ 5692856.761441956274211, 7427958.85615611076355 ], [ 5692817.255994647741318, 7427937.101015264168382 ], [ 5692856.719583531841636, 7427919.613512683659792 ], [ 5692896.695196384564042, 7427901.890244835987687 ], [ 5692855.715822290629148, 7427778.261315578594804 ], [ 5692814.309906237758696, 7427792.549098510295153 ], [ 5692773.499439534731209, 7427806.630702240392566 ], [ 5692731.426722242496908, 7427821.138716837391257 ], [ 5692689.66755429841578, 7427835.553989985957742 ], [ 5692648.462904274463654, 7427849.76498494297266 ], [ 5692606.925109431147575, 7427864.091657015495002 ], [ 5692566.477512425743043, 7427878.044249263592064 ], [ 5692523.294169836677611, 7427892.937611716799438 ], [ 5692493.112235645763576, 7427903.34734426997602 ], [ 5692445.41960103996098, 7427919.19661551527679 ], [ 5692425.772005795501173, 7427859.584642992354929 ], [ 5692411.74568859115243, 7427816.852965626865625 ], [ 5692390.051986897364259, 7427755.12772174924612 ], [ 5692381.962380605749786, 7427732.105504282750189 ], [ 5692378.378471816889942, 7427722.022810426540673 ], [ 5692374.170882781967521, 7427710.206987954676151 ], [ 5692326.793363234959543, 7427710.23893671669066 ], [ 5692325.080805802717805, 7427710.240228534676135 ], [ 5692289.395534898154438, 7427712.518282515928149 ], [ 5692273.813198998570442, 7427714.634298665449023 ], [ 5692258.169459770433605, 7427716.753142667934299 ], [ 5692239.705742940306664, 7427720.207048086449504 ], [ 5692222.457096844911575, 7427725.099009692668915 ], [ 5692203.733194166794419, 7427731.575976124964654 ], [ 5692095.228453397750854, 7427774.285261595621705 ], [ 5692088.419802491553128, 7427776.964876692742109 ], [ 5692029.322278833016753, 7427806.099033136852086 ], [ 5692019.840566977858543, 7427810.630978084169328 ], [ 5692012.105717681348324, 7427815.238137583248317 ], [ 5692005.65333441272378, 7427820.744967816397548 ], [ 5692000.12844474427402, 7427827.680903089232743 ], [ 5691993.11589640378952, 7427833.715508745983243 ], [ 5691935.914808453992009, 7427861.066246619448066 ], [ 5691909.286042248830199, 7427870.919864389114082 ], [ 5691883.625647330656648, 7427877.76215735450387 ], [ 5691857.910714016295969, 7427881.205572847276926 ], [ 5691830.735224396921694, 7427879.229798652231693 ], [ 5691804.016189818270504, 7427872.9281863309443 ], [ 5691729.408781621605158, 7427856.052333788014948 ], [ 5691715.785204840824008, 7427854.842967831529677 ], [ 5691700.593653774820268, 7427854.988651152700186 ], [ 5691684.347997512668371, 7427857.17931355535984 ], [ 5691666.208064489997923, 7427861.431538300588727 ], [ 5691433.68383698631078, 7427922.120540972799063 ], [ 5691418.901349807158113, 7427926.239366702735424 ], [ 5691407.201817009598017, 7427930.94039105437696 ], [ 5691395.293876856565475, 7427934.903872216120362 ], [ 5691378.235920605249703, 7427946.599692963995039 ], [ 5691309.208891614340246, 7428023.69676888268441 ], [ 5691267.699719974771142, 7428076.213009377941489 ] ] ] } },
{ "type": "Feature", "properties": { "lv_id": "LOC_052414", "id": 297562.0, "CD_SETOR": "352050905000026", "SITUACAO": "Urbana", "CD_SIT": "1", "CD_TIPO": "0", "AREA_KM2": 0.148388279007105, "CD_REGIAO": "3", "NM_REGIAO": "Sudeste", "CD_UF": "35", "NM_UF": "São Paulo", "CD_MUN": "3520509", "NM_MUN": "Indaiatuba", "CD_DIST": "352050905", "NM_DIST": "Indaiatuba", "CD_SUBDIST": "35205090500", "NM_SUBDIST": null, "CD_BAIRRO": null, "NM_BAIRRO": null, "CD_NU": null, "NM_NU": null, "CD_FCU": null, "NM_FCU": null, "CD_AGLOM": null, "NM_AGLOM": null, "CD_RGINT": "3510", "NM_RGINT": "Campinas", "CD_RGI": "350038", "NM_RGI": "Campinas", "CD_CONCURB": "3520509", "NM_CONCURB": "Indaiatuba", "mun_code_x": "3520509", "index_right": 83996, "dist_m": 23.000352231835201, "local_id": 568435, "ano": 2022, "cod_localidade_ibge": 3520509, "NR_ZONA": "211", "nr_cep": 13334200.0, "nm_localidade": "INDAIATUBA", "nm_locvot": "EMEB. VICENTE BERNARDINETTI", "ds_endereco": "AVENIDA ALMIRANTE TAMANDARÉ, SEM NÚMERO", "ds_bairro": "BAIRRO CIDADE NOVA 2", "pred_long": -47.202118, "pred_lat": -23.0797358, "pred_dist": 0.0, "tse_long": -47.1986222, "tse_lat": -23.0807308, "long": -47.1986222, "lat": -23.0807308, "ID_UNICO": "LOC_052414", "SG_UF": "SP", "CD_MUNICIPIO": "65110", "NR_LOCAL_VOTACAO": "2291", "QT_SECOES_AGREGADAS": 0, "QT_ELEITORES_TRANSFERIDOS": 18, "CIRO GOMES (PDT) (NÃO ELEITO) 1T": 54.0, "CONSTITUINTE EYMAEL (DC) (NÃO ELEITO) 1T": 1.0, "FELIPE D AVILA (NOVO) (NÃO ELEITO) 1T": 15.0, "JAIR BOLSONARO (PL) (2º TURNO) 1T": 808.0, "LULA (PT) (2º TURNO) 1T": 364.0, "LÉO PÉRICLES (UP) (NÃO ELEITO) 1T": 2.0, "PADRE KELMON (PTB) (NÃO ELEITO) 1T": 0.0, "SIMONE TEBET (MDB) (NÃO ELEITO) 1T": 103.0, "SOFIA MANZANO (PCB) (NÃO ELEITO) 1T": 2.0, "SORAYA THRONICKE (UNIÃO) (NÃO ELEITO) 1T": 8.0, "VERA (PSTU) (NÃO ELEITO) 1T": 1.0, "Total_Votos_Validos 1T": 1358.0, "Votos_Brancos 1T": 25.0, "Votos_Nulos 1T": 40.0, "Abstenções 1T": 300.0, "Eleitores_Aptos 1T": 1723.0, "JAIR BOLSONARO (PL) (NÃO ELEITO) 2T": 921.0, "LULA (PT) (ELEITO) 2T": 428.0, "Total_Votos_Validos 2T": 1349.0, "Votos_Brancos 2T": 27.0, "Votos_Nulos 2T": 47.0, "Abstenções 2T": 300.0, "Eleitores_Aptos 2T": 1723.0, "mun_code_y": "3520509", "mun_code": "3520509" }, "geometry": { "type": "Polygon", "coordinates": [ [ [ 5696504.380920134484768, 7430224.878153519704938 ], [ 5696428.093512994237244, 7430091.884634623304009 ], [ 5696329.206542017869651, 7429919.502775643020868 ], [ 5696258.580333290621638, 7429796.383680114522576 ], [ 5696176.746063970960677, 7429844.180349221453071 ], [ 5696097.328092603944242, 7429890.570223884657025 ], [ 5696014.474633454345167, 7429938.970786872319877 ], [ 5696085.116220218129456, 7430061.576818978413939 ], [ 5696184.643636488355696, 7430234.331331511959434 ], [ 5696106.225528025999665, 7430280.21679612249136 ], [ 5696021.355782623402774, 7430329.870440503582358 ], [ 5695939.471332722343504, 7430377.778548836708069 ], [ 5695854.160926378332078, 7430427.685635468922555 ], [ 5695776.279953326098621, 7430473.253829091787338 ], [ 5695719.378874681890011, 7430506.536893581971526 ], [ 5695779.028563218191266, 7430577.549587276764214 ], [ 5695779.712641309946775, 7430578.365384059026837 ], [ 5695840.242472687736154, 7430650.430043699219823 ], [ 5695885.365438212640584, 7430704.139939891174436 ], [ 5695930.586464766412973, 7430757.967914808541536 ], [ 5695966.03637136798352, 7430800.171852155588567 ], [ 5695986.728330055251718, 7430826.29955630749464 ], [ 5696027.437520555220544, 7430877.716407912783325 ], [ 5696065.98906818125397, 7430926.400781232863665 ], [ 5696093.503116200678051, 7430961.155664537101984 ], [ 5696106.807243721559644, 7430977.946340189315379 ], [ 5696213.48387514334172, 7430874.291313395835459 ], [ 5696293.640005640685558, 7430796.405709255486727 ], [ 5696340.930584241636097, 7430845.285164887085557 ], [ 5696335.00621335208416, 7430853.111404358409345 ], [ 5696436.900549275800586, 7430904.69125023111701 ], [ 5696519.478200785815716, 7430946.507603537291288 ], [ 5696596.246614840812981, 7430985.370885926298797 ], [ 5696633.746964114718139, 7430931.027616262435913 ], [ 5696671.246462264098227, 7430876.673053524456918 ], [ 5696704.701522244140506, 7430813.874221993610263 ], [ 5696777.564691384322941, 7430677.124629479832947 ], [ 5696712.942963489331305, 7430627.692670181393623 ], [ 5696648.61906208563596, 7430578.480906812474132 ], [ 5696581.636923458427191, 7430527.240246839821339 ], [ 5696620.746937372721732, 7430475.565309459343553 ], [ 5696646.472323297522962, 7430441.577570960856974 ], [ 5696691.302688672207296, 7430382.341852446086705 ], [ 5696711.37382042594254, 7430355.810927022248507 ], [ 5696759.47004481498152, 7430292.262658469378948 ], [ 5696776.27494015917182, 7430270.054939983412623 ], [ 5696829.404897697269917, 7430199.847645191475749 ], [ 5696840.015786605887115, 7430185.835846398957074 ], [ 5696901.08825113158673, 7430105.131111573427916 ], [ 5696905.726738591678441, 7430099.003874928690493 ], [ 5696970.276909259147942, 7430013.69767296873033 ], [ 5697050.567433917894959, 7429907.592971062287688 ], [ 5697114.874245945364237, 7429822.609258987009525 ], [ 5696949.951409656554461, 7429791.248807423748076 ], [ 5696658.427535841241479, 7429735.805483851581812 ], [ 5696750.852369105443358, 7429903.033282993361354 ], [ 5696780.317052929662168, 7429956.343917541205883 ], [ 5696766.775111868977547, 7429969.521946560591459 ], [ 5696710.831137928180397, 7430023.96725170686841 ], [ 5696683.756668215617537, 7430050.311498809605837 ], [ 5696641.344509558752179, 7430091.590105934068561 ], [ 5696603.043617995455861, 7430128.862731913104653 ], [ 5696693.837512616999447, 7430223.706166371703148 ], [ 5696612.696719626896083, 7430302.790115252137184 ], [ 5696520.356674552895129, 7430209.32312030158937 ], [ 5696504.380920134484768, 7430224.878153519704938 ] ] ] } },
{ "type": "Feature", "properties": { "lv_id": "LOC_052415", "id": 297688.0, "CD_SETOR": "352050905000246", "SITUACAO": "Urbana", "CD_SIT": "2", "CD_TIPO": "0", "AREA_KM2": 0.111801335590693, "CD_REGIAO": "3", "NM_REGIAO": "Sudeste", "CD_UF": "35", "NM_UF": "São Paulo", "CD_MUN": "3520509", "NM_MUN": "Indaiatuba", "CD_DIST": "352050905", "NM_DIST": "Indaiatuba", "CD_SUBDIST": "35205090500", "NM_SUBDIST": null, "CD_BAIRRO": null, "NM_BAIRRO": null, "CD_NU": "3520509012", "NM_NU": "Altos da Boa Vista", "CD_FCU": null, "NM_FCU": null, "CD_AGLOM": null, "NM_AGLOM": null, "CD_RGINT": "3510", "NM_RGINT": "Campinas", "CD_RGI": "350038", "NM_RGI": "Campinas", "CD_CONCURB": "3520509", "NM_CONCURB": "Indaiatuba", "mun_code_x": "3520509", "index_right": 83972, "dist_m": 653.79617737925298, "local_id": 568411, "ano": 2022, "cod_localidade_ibge": 3520509, "NR_ZONA": "211", "nr_cep": 13349057.0, "nm_localidade": "INDAIATUBA", "nm_locvot": "EMEB PROFª MARIA HELENA DA COSTA E SILVA", "ds_endereco": "RUA SAPUCAIA, 240", "ds_bairro": "PARQUE CAMPO BONITO", "pred_long": -47.275138, "pred_lat": -23.096835, "pred_dist": 0.0, "tse_long": -47.2768078, "tse_lat": -23.0964237, "long": -47.2768078, "lat": -23.0964237, "ID_UNICO": "LOC_052415", "SG_UF": "SP", "CD_MUNICIPIO": "65110", "NR_LOCAL_VOTACAO": "2313", "QT_SECOES_AGREGADAS": 0, "QT_ELEITORES_TRANSFERIDOS": 28, "CIRO GOMES (PDT) (NÃO ELEITO) 1T": 99.0, "CONSTITUINTE EYMAEL (DC) (NÃO ELEITO) 1T": 0.0, "FELIPE D AVILA (NOVO) (NÃO ELEITO) 1T": 16.0, "JAIR BOLSONARO (PL) (2º TURNO) 1T": 1978.0, "LULA (PT) (2º TURNO) 1T": 1546.0, "LÉO PÉRICLES (UP) (NÃO ELEITO) 1T": 3.0, "PADRE KELMON (PTB) (NÃO ELEITO) 1T": 0.0, "SIMONE TEBET (MDB) (NÃO ELEITO) 1T": 190.0, "SOFIA MANZANO (PCB) (NÃO ELEITO) 1T": 0.0, "SORAYA THRONICKE (UNIÃO) (NÃO ELEITO) 1T": 31.0, "VERA (PSTU) (NÃO ELEITO) 1T": 1.0, "Total_Votos_Validos 1T": 3864.0, "Votos_Brancos 1T": 114.0, "Votos_Nulos 1T": 188.0, "Abstenções 1T": 809.0, "Eleitores_Aptos 1T": 4975.0, "JAIR BOLSONARO (PL) (NÃO ELEITO) 2T": 2326.0, "LULA (PT) (ELEITO) 2T": 1644.0, "Total_Votos_Validos 2T": 3970.0, "Votos_Brancos 2T": 81.0, "Votos_Nulos 2T": 203.0, "Abstenções 2T": 721.0, "Eleitores_Aptos 2T": 4975.0, "mun_code_y": "3520509", "mun_code": "3520509" }, "geometry": { "type": "MultiPolygon", "coordinates": [ [ [ [ 5688438.488165454939008, 7427988.250776552595198 ], [ 5688260.138830859214067, 7428066.942606037482619 ], [ 5688259.959231780841947, 7428067.051239244639874 ], [ 5687926.191676619462669, 7428216.970572301186621 ], [ 5687925.330399786122143, 7428220.322097457945347 ], [ 5687921.715969422832131, 7428218.213670407421887 ], [ 5687917.444527660496533, 7428216.536928433924913 ], [ 5687800.247001898474991, 7428270.996484566479921 ], [ 5687797.971801210194826, 7428276.832852797582746 ], [ 5687759.487944927066565, 7428314.432443149387836 ], [ 5687737.443197794258595, 7428333.054517094045877 ], [ 5687716.181769543327391, 7428380.789322185330093 ], [ 5687718.269559974782169, 7428426.245254851877689 ], [ 5687761.59038595482707, 7428506.222997451201081 ], [ 5687797.843920530751348, 7428529.454875031486154 ], [ 5687823.400340372696519, 7428538.604579356499016 ], [ 5687840.289567842148244, 7428541.473666522651911 ], [ 5687857.11234107427299, 7428543.119177788496017 ], [ 5687898.569506116211414, 7428643.232247525826097 ], [ 5688148.758102375082672, 7428529.960754772648215 ], [ 5688163.639169426634908, 7428527.067619390785694 ], [ 5688170.66912324167788, 7428552.168515076860785 ], [ 5688200.122596770524979, 7428630.487202073447406 ], [ 5688110.14830369129777, 7428677.751342305913568 ], [ 5688114.811025836504996, 7428703.340373812243342 ], [ 5688067.774278835393488, 7428718.86488389223814 ], [ 5688016.685435368679464, 7428731.241568990051746 ], [ 5687945.246291129849851, 7428765.652599785476923 ], [ 5687958.216243634000421, 7428810.897747142240405 ], [ 5687866.136011896654963, 7428836.690653869882226 ], [ 5687852.292506891302764, 7428863.744599369354546 ], [ 5687840.715027780272067, 7428876.944982498884201 ], [ 5687806.772361466661096, 7428893.32666346617043 ], [ 5687794.564441168680787, 7428905.753126481547952 ], [ 5687781.397171124815941, 7428916.272283209487796 ], [ 5687774.884849498979747, 7428922.526592309586704 ], [ 5687745.51338498480618, 7428965.426787062548101 ], [ 5687523.281151458621025, 7429278.432666801847517 ], [ 5687260.676620362326503, 7429647.927618199959397 ], [ 5687235.292784762568772, 7429693.541860779747367 ], [ 5687220.234762009233236, 7429736.428961049765348 ], [ 5687198.029128877446055, 7429805.94946900755167 ], [ 5687178.409398437477648, 7429867.902246046811342 ], [ 5687160.360778529196978, 7429947.568407420068979 ], [ 5687065.42891675978899, 7429951.61814988963306 ], [ 5687062.091546665877104, 7429961.818412816151977 ], [ 5687038.79873085860163, 7429977.462748428806663 ], [ 5686925.724354909732938, 7430011.515641320496798 ], [ 5687020.731385543942451, 7430154.721566254273057 ], [ 5687148.730713801458478, 7430278.815565614961088 ], [ 5687320.232177385129035, 7430392.212393168359995 ], [ 5687359.533381013199687, 7430432.411831034347415 ], [ 5687533.625151116400957, 7430696.114544285461307 ], [ 5687607.930323863402009, 7430792.121205992996693 ], [ 5687878.628344694152474, 7431098.918891786597669 ], [ 5688131.326208401471376, 7431345.211821760982275 ], [ 5688276.736022548750043, 7431463.215621549636126 ], [ 5688401.234864376485348, 7431531.220005044713616 ], [ 5688502.934703448787332, 7431559.515208758413792 ], [ 5688574.032530664466321, 7431625.91641609556973 ], [ 5688584.728749146685004, 7431666.516294313594699 ], [ 5688587.128979537636042, 7431794.510384656488895 ], [ 5688564.735548608005047, 7431895.020098163746297 ], [ 5688521.135662753134966, 7432034.117984123528004 ], [ 5688426.830842607654631, 7432235.819278296083212 ], [ 5688356.636012871749699, 7432559.719344262965024 ], [ 5688333.033744009211659, 7432623.91965682245791 ], [ 5688302.131817860528827, 7432653.117689524777234 ], [ 5688122.035542041063309, 7432751.017027474939823 ], [ 5688115.178943464532495, 7432755.625296413898468 ], [ 5688011.534975011833012, 7432825.320585665293038 ], [ 5687955.839508226141334, 7432876.709911918267608 ], [ 5687942.828429099172354, 7432888.715172167867422 ], [ 5687882.22996476944536, 7432968.31829384714365 ], [ 5687789.635490636341274, 7433125.819248668849468 ], [ 5687752.128476645797491, 7433249.32132142689079 ], [ 5687723.331918064504862, 7433405.318348313681781 ], [ 5687724.118241691961884, 7433549.173827812075615 ], [ 5687724.532222915440798, 7433624.022139988839626 ], [ 5687714.631494089029729, 7433771.312071586959064 ], [ 5687688.730919376946986, 7433845.718090502545238 ], [ 5687477.133773200213909, 7434119.315894117578864 ], [ 5687438.230072164908051, 7434198.822528892196715 ], [ 5687386.236681661568582, 7434373.811943530105054 ], [ 5687379.928237920626998, 7434450.016222136095166 ], [ 5687373.630902830511332, 7434526.019242709502578 ], [ 5687401.232554356567562, 7434754.214810937643051 ], [ 5687400.729865322820842, 7434864.920978582464159 ], [ 5687474.52818969450891, 7434973.612820707261562 ], [ 5687580.53635891340673, 7435098.512216406874359 ], [ 5687683.738076181150973, 7435204.215662213973701 ], [ 5687794.637150695547462, 7435292.917325828224421 ], [ 5687843.934525886550546, 7435357.616384495049715 ], [ 5687916.331805872730911, 7435527.913923847489059 ], [ 5687959.038382508791983, 7435688.612708079628646 ], [ 5687983.567671959288418, 7435828.111482350155711 ], [ 5687985.356572108343244, 7435869.187485482543707 ], [ 5687985.823296863585711, 7435882.290715877898037 ], [ 5688640.499015055596828, 7435910.700015157461166 ], [ 5688738.811533462256193, 7435915.105061654001474 ], [ 5688818.78866451792419, 7435921.299712305888534 ], [ 5689125.964647820219398, 7435982.75594490673393 ], [ 5689150.945174482651055, 7435985.131576679646969 ], [ 5689177.418996951542795, 7435984.048569421283901 ], [ 5689204.076937241479754, 7435976.467053785920143 ], [ 5689226.95833040215075, 7435964.174855200573802 ], [ 5689254.780229572206736, 7435945.511179747059941 ], [ 5689286.720744184218347, 7435921.796158515848219 ], [ 5689327.64804479572922, 7435891.568145859055221 ], [ 5689414.409286396577954, 7435824.462900132872164 ], [ 5689478.682885158807039, 7435775.998961942270398 ], [ 5689540.84563972428441, 7435729.393613236024976 ], [ 5689569.578229356557131, 7435707.341840540990233 ], [ 5689633.136045724153519, 7435659.177500383928418 ], [ 5689733.971594739705324, 7435584.251853653229773 ], [ 5689786.76163312792778, 7435545.168503891676664 ], [ 5689784.556343585252762, 7435543.842604381963611 ], [ 5689666.82005262747407, 7435372.912638047710061 ], [ 5690114.497471090406179, 7435100.398367473855615 ], [ 5690120.575633354485035, 7435096.695018910802901 ], [ 5690205.290586551651359, 7435177.690089352428913 ], [ 5690246.706909014843404, 7435164.887926653027534 ], [ 5690303.00818238966167, 7435139.311926141381264 ], [ 5690338.397611806169152, 7435123.742677399888635 ], [ 5690477.395559393800795, 7435059.809478576295078 ], [ 5690571.735326422378421, 7435008.024518089368939 ], [ 5690633.155125420540571, 7434978.207713034003973 ], [ 5690677.48183710500598, 7434959.326221878640354 ], [ 5690696.837805309332907, 7434952.535045769065619 ], [ 5690695.078923369757831, 7434946.192807800136507 ], [ 5690694.87842130754143, 7434923.0960249658674 ], [ 5690694.674835082143545, 7434900.155505146831274 ], [ 5690693.382691968232393, 7434824.328710546717048 ], [ 5690691.67659870814532, 7434803.966534672304988 ], [ 5690677.423658771440387, 7434620.578119723126292 ], [ 5690674.732614985667169, 7434521.263696137815714 ], [ 5690675.520912209525704, 7434501.154552314430475 ], [ 5690677.281743879429996, 7434456.690174300223589 ], [ 5690682.441354085691273, 7434379.952616014517844 ], [ 5690680.871598996222019, 7434324.423268053680658 ], [ 5690683.829387780278921, 7434261.603962223976851 ], [ 5690688.338352749124169, 7434174.079311389476061 ], [ 5690688.525996567681432, 7434152.514672933146358 ], [ 5690690.119857999496162, 7434138.546335909515619 ], [ 5690689.090272137895226, 7434121.520742973312736 ], [ 5690684.650394759140909, 7434093.924556143581867 ], [ 5690678.433780629187822, 7434066.956708652898669 ], [ 5690669.409359227865934, 7434027.795822667889297 ], [ 5690652.716477039270103, 7433988.085193516686559 ], [ 5690594.216666782274842, 7433908.896126119419932 ], [ 5690547.920070542022586, 7433850.767325233668089 ], [ 5690538.17083109356463, 7433840.667372480034828 ], [ 5690518.177215122617781, 7433793.871552776545286 ], [ 5690509.493457613512874, 7433746.275608103722334 ], [ 5690506.579359052702785, 7433683.604456817731261 ], [ 5690506.273462945595384, 7433602.033869126811624 ], [ 5690502.081432822160423, 7433569.787278954870999 ], [ 5690499.115983038209379, 7433551.04442242719233 ], [ 5690489.251621518284082, 7433488.715984204784036 ], [ 5690480.911252949386835, 7433441.003879329189658 ], [ 5690478.114726198837161, 7433423.256880529224873 ], [ 5690475.691375539638102, 7433407.823350833728909 ], [ 5690474.26338860951364, 7433377.902687391266227 ], [ 5690476.131320171989501, 7433287.622889129444957 ], [ 5690476.708016715943813, 7433247.316920591518283 ], [ 5690477.0694481106475, 7433221.729762267321348 ], [ 5690478.215415054932237, 7433136.724439280107617 ], [ 5690478.741776074282825, 7433095.32792379707098 ], [ 5690480.271898620761931, 7433080.871873781085014 ], [ 5690490.653078309260309, 7433052.101723847910762 ], [ 5690530.066059389151633, 7432944.19954270683229 ], [ 5690538.290746297687292, 7432921.628648625686765 ], [ 5690549.430039385333657, 7432872.337988179177046 ], [ 5690568.892187031917274, 7432776.0944694140926 ], [ 5690569.996790645644069, 7432762.873512273654342 ], [ 5690568.777743362821639, 7432752.436101108789444 ], [ 5690551.904043072834611, 7432694.077518435195088 ], [ 5690540.656646146439016, 7432655.20889613032341 ], [ 5690526.580996147356927, 7432619.526251170784235 ], [ 5690487.174633467569947, 7432547.453382479026914 ], [ 5690450.00484821293503, 7432479.615324173122644 ], [ 5690580.975235849618912, 7432424.418434796854854 ], [ 5690656.196322679519653, 7432392.72373846359551 ], [ 5690747.405047408305109, 7432353.577632828615606 ], [ 5690841.637910110875964, 7432310.388207383453846 ], [ 5690868.213590821251273, 7432299.181053104810417 ], [ 5690895.789578747935593, 7432291.65232974011451 ], [ 5690923.772059648297727, 7432286.045177499763668 ], [ 5690948.472332946956158, 7432282.228754842653871 ], [ 5691075.901148499920964, 7432268.239437905140221 ], [ 5691310.18167088739574, 7432242.512433876283467 ], [ 5691374.342642058618367, 7432237.976959024555981 ], [ 5691414.410962030291557, 7432231.743738301098347 ], [ 5691431.000095015391707, 7432226.661789948120713 ], [ 5691445.06731572188437, 7432220.056992924772203 ], [ 5691444.302406268194318, 7432212.810208075679839 ], [ 5691434.019174880348146, 7432195.799183761700988 ], [ 5691362.230951354838908, 7432156.593139649368823 ], [ 5691399.377379866316915, 7432099.218971913680434 ], [ 5691428.044281518086791, 7432066.190340778790414 ], [ 5691426.455539398826659, 7431994.56890164129436 ], [ 5691409.188811052590609, 7431954.907817341387272 ], [ 5691366.05234912969172, 7431912.148249823600054 ], [ 5691272.462712714448571, 7431846.359791718423367 ], [ 5691195.078071675263345, 7431775.161212356761098 ], [ 5691158.996151464991271, 7431736.547432964667678 ], [ 5691140.612133979797363, 7431709.795866993255913 ], [ 5691123.280482321046293, 7431646.451495415531099 ], [ 5691014.848280645906925, 7431511.616072462871671 ], [ 5690987.216196902096272, 7431448.000216413289309 ], [ 5690946.583280143328011, 7431385.174243880435824 ], [ 5690881.127306701615453, 7431282.277746242471039 ], [ 5690848.56025194004178, 7431230.643628569319844 ], [ 5690798.219544804655015, 7431142.996126394718885 ], [ 5690769.859268608503044, 7431056.207324093207717 ], [ 5690735.560008558444679, 7430981.658466475084424 ], [ 5690721.281014465726912, 7430947.357250057160854 ], [ 5690704.998457264155149, 7430918.991999479010701 ], [ 5690704.431398781016469, 7430912.918226201087236 ], [ 5690663.094243261963129, 7430851.685966327786446 ], [ 5690649.997081890702248, 7430822.995233988389373 ], [ 5690649.622953286394477, 7430810.645337199792266 ], [ 5690653.540442763827741, 7430761.430720120668411 ], [ 5690652.867079908959568, 7430751.046173312701285 ], [ 5690648.322181744500995, 7430734.773868260905147 ], [ 5690628.808785890229046, 7430679.470464069396257 ], [ 5690622.387985184788704, 7430665.67121721431613 ], [ 5690601.971274428069592, 7430638.400129770860076 ], [ 5690522.491055742837489, 7430576.542240370996296 ], [ 5690453.585570006631315, 7430542.49879184179008 ], [ 5690450.052402762696147, 7430452.222376869060099 ], [ 5690433.994976171292365, 7430382.195502740330994 ], [ 5690407.803010744042695, 7430314.822162071242929 ], [ 5690386.610804528929293, 7430257.789766911417246 ], [ 5690359.474604576826096, 7430180.379004215821624 ], [ 5690364.144931505434215, 7430168.878019139170647 ], [ 5690383.512262567877769, 7430146.004237719811499 ], [ 5690397.139812640845776, 7430129.896756110712886 ], [ 5690407.821893176063895, 7430115.977119439281523 ], [ 5690414.665093437768519, 7430093.313402853906155 ], [ 5690409.988485225476325, 7429990.031255292706192 ], [ 5690409.040418222546577, 7429969.009641036391258 ], [ 5690407.376037208363414, 7429932.219270792789757 ], [ 5690402.282884106971323, 7429911.61205312423408 ], [ 5690386.687654146924615, 7429872.097042238339782 ], [ 5690372.451955733820796, 7429836.043178314343095 ], [ 5690365.054528733715415, 7429815.954957632347941 ], [ 5690361.366403634659946, 7429786.88573154155165 ], [ 5690349.527172612957656, 7429755.873282293789089 ], [ 5690330.628600939176977, 7429719.231785679236054 ], [ 5690307.811592233367264, 7429675.009679125621915 ], [ 5690294.656023065559566, 7429629.226398099213839 ], [ 5690280.515427551232278, 7429601.018891720101237 ], [ 5690259.251862555742264, 7429570.028921127319336 ], [ 5690243.790507398545742, 7429540.979108417406678 ], [ 5690243.013909111730754, 7429514.106199780479074 ], [ 5690249.1469666659832, 7429473.811200428754091 ], [ 5690252.834735738113523, 7429436.985701901838183 ], [ 5690252.313916790299118, 7429415.665616318583488 ], [ 5690245.074640691280365, 7429349.146091000176966 ], [ 5690232.364470299333334, 7429304.122916186228395 ], [ 5690226.529902641661465, 7429288.122126968577504 ], [ 5690222.770718263462186, 7429281.548972744494677 ], [ 5690206.360386991873384, 7429259.055548237636685 ], [ 5690197.972025418654084, 7429244.834245715290308 ], [ 5690195.446453273296356, 7429236.542554918676615 ], [ 5690193.937012765556574, 7429226.709642212837934 ], [ 5690193.303351223468781, 7429169.330587724223733 ], [ 5690205.638857254758477, 7429132.105841729789972 ], [ 5690239.785144737921655, 7429085.677611419931054 ], [ 5690266.716951553709805, 7429043.162030376493931 ], [ 5690278.241566595621407, 7429056.892769714817405 ], [ 5690284.279727280139923, 7429066.628088809549809 ], [ 5690315.659041548147798, 7429147.7678760625422 ], [ 5690411.528505315072834, 7429125.431175427511334 ], [ 5690417.222282605245709, 7429157.954000014811754 ], [ 5690424.221619108691812, 7429182.532333721406758 ], [ 5690434.228323081508279, 7429211.83389150723815 ], [ 5690483.488251176662743, 7429202.265681352466345 ], [ 5690474.775849677622318, 7429170.785538125783205 ], [ 5690559.087072764523327, 7429152.014973379671574 ], [ 5690558.352814101614058, 7429148.101203623227775 ], [ 5690623.070001842454076, 7429131.450836507603526 ], [ 5690658.543350386433303, 7429133.402880189940333 ], [ 5690662.759112324565649, 7429106.72287192940712 ], [ 5690674.060543831437826, 7429072.009677484631538 ], [ 5690694.95906597841531, 7429009.665218910202384 ], [ 5690718.775906349532306, 7428941.888769425451756 ], [ 5690743.130822169594467, 7428886.008517032489181 ], [ 5690722.336918385699391, 7428876.99976191483438 ], [ 5690706.462594866752625, 7428871.923247639089823 ], [ 5690678.197020286694169, 7428864.575591081753373 ], [ 5690659.526612129062414, 7428862.248878167942166 ], [ 5690636.41933557856828, 7428860.896608123555779 ], [ 5690609.306898486800492, 7428863.20867155212909 ], [ 5690579.928958432748914, 7428868.212536470964551 ], [ 5690540.912035152316093, 7428881.925009876489639 ], [ 5690516.530827013775706, 7428895.206616310402751 ], [ 5690491.627570696175098, 7428912.292694149538875 ], [ 5690474.575627261772752, 7428927.053366381675005 ], [ 5690454.803784053772688, 7428949.556209625676274 ], [ 5690448.116978276520967, 7428955.786586625501513 ], [ 5690438.21665102429688, 7428962.165385358035564 ], [ 5690426.421260990202427, 7428966.813986555673182 ], [ 5690392.454413157887757, 7428975.062601242214441 ], [ 5690377.714255748316646, 7428976.345551109872758 ], [ 5690363.51477372739464, 7428975.785802463069558 ], [ 5690319.617736502550542, 7428965.512800292111933 ], [ 5690280.818166491575539, 7428957.914869407191873 ], [ 5690243.747956819832325, 7428947.783648062497377 ], [ 5690238.436082895845175, 7428934.223255408927798 ], [ 5690234.857676411047578, 7428918.664746426045895 ], [ 5690233.367205170914531, 7428889.661372488364577 ], [ 5690232.80988606903702, 7428878.9035186432302 ], [ 5690237.207295726984739, 7428842.134390909224749 ], [ 5690241.514420015737414, 7428828.3305550115183 ], [ 5690249.527040814980865, 7428817.043136174790561 ], [ 5690269.400841421447694, 7428800.089380294084549 ], [ 5690273.609813340939581, 7428797.285534223541617 ], [ 5690278.497305533848703, 7428794.517261547036469 ], [ 5690283.606377642601728, 7428791.883724799379706 ], [ 5690312.581027930602431, 7428777.687805889174342 ], [ 5690317.695143640041351, 7428774.496440635062754 ], [ 5690322.452483056113124, 7428770.239843895658851 ], [ 5690325.968429078347981, 7428765.973668316379189 ], [ 5690375.460476099513471, 7428692.060925143770874 ], [ 5690378.525549789890647, 7428687.581368131563067 ], [ 5690381.635173833929002, 7428683.400846117176116 ], [ 5690385.549659268930554, 7428678.882052255794406 ], [ 5690389.539370427839458, 7428674.437843346968293 ], [ 5690397.946583364158869, 7428665.708086112514138 ], [ 5690427.25476695690304, 7428731.275258626788855 ], [ 5690483.336577237583697, 7428709.325363443233073 ], [ 5690497.242624519392848, 7428755.798688352108002 ], [ 5690549.586660236120224, 7428747.537038286216557 ], [ 5690580.492096978239715, 7428732.961365103721619 ], [ 5690603.367296691983938, 7428733.733343086205423 ], [ 5690624.61601946875453, 7428728.36895215138793 ], [ 5690663.430396571755409, 7428696.265187991783023 ], [ 5690686.586915980093181, 7428674.006925325840712 ], [ 5690624.096099237911403, 7428442.898687506094575 ], [ 5690633.055033615790308, 7428418.787343937903643 ], [ 5690646.291607660241425, 7428390.697878461331129 ], [ 5690666.185323886573315, 7428359.970020988956094 ], [ 5690678.061563290655613, 7428352.417885283008218 ], [ 5690691.279011964797974, 7428341.926609919406474 ], [ 5690742.414916680194438, 7428289.057037537917495 ], [ 5690758.697419922798872, 7428266.090195072814822 ], [ 5690768.535531350411475, 7428255.487374104559422 ], [ 5690789.393123102374375, 7428253.887589717283845 ], [ 5690779.284568784758449, 7428219.059640610590577 ], [ 5690754.658596200868487, 7428134.307392747141421 ], [ 5690702.449872872792184, 7427977.173095976933837 ], [ 5690688.714199214242399, 7427948.858175432309508 ], [ 5690664.831230651587248, 7427918.436262100934982 ], [ 5690635.785058775916696, 7427891.464686811901629 ], [ 5690601.714333474636078, 7427871.171006603166461 ], [ 5690573.577601470984519, 7427851.238660413771868 ], [ 5690551.345577630214393, 7427831.033380664885044 ], [ 5690535.227307940833271, 7427802.19291403517127 ], [ 5690509.061690656468272, 7427806.758859572000802 ], [ 5690499.368709304369986, 7427814.500021114945412 ], [ 5690484.014371979050338, 7427820.673933541402221 ], [ 5690465.988440223038197, 7427829.402351688593626 ], [ 5690453.060485763475299, 7427839.712879075668752 ], [ 5690438.983063570223749, 7427837.330159097909927 ], [ 5690425.608074682764709, 7427837.948219228535891 ], [ 5690413.271145685575902, 7427848.844732405617833 ], [ 5690407.057199718430638, 7427847.302998036146164 ], [ 5690396.465675066225231, 7427847.792410394176841 ], [ 5690388.272833000868559, 7427851.817568778991699 ], [ 5690373.764916836284101, 7427851.885739328339696 ], [ 5690367.295526824891567, 7427857.035627841949463 ], [ 5690345.86723817512393, 7427864.70554837398231 ], [ 5690333.859613253735006, 7427870.73579609207809 ], [ 5690315.693450363352895, 7427876.426075838506222 ], [ 5690303.216838406398892, 7427884.295676516368985 ], [ 5690270.77772822137922, 7427883.363296104595065 ], [ 5690259.471939312294126, 7427892.383137043565512 ], [ 5690248.740827169269323, 7427889.845645030029118 ], [ 5690237.257528223097324, 7427895.238238060846925 ], [ 5690228.399655368179083, 7427896.851808652281761 ], [ 5690225.476622534915805, 7427893.953600751236081 ], [ 5690211.538746292702854, 7427894.597459060139954 ], [ 5690194.06931970641017, 7427891.155676914379001 ], [ 5690171.725083158351481, 7427890.972290015779436 ], [ 5690137.316699489951134, 7427895.594869900494814 ], [ 5690117.416762688197196, 7427900.160593365319073 ], [ 5690112.09693321492523, 7427918.01466010697186 ], [ 5690112.939335969276726, 7427924.053366326726973 ], [ 5690107.389827381819487, 7427924.911867626011372 ], [ 5690106.637559680268168, 7427932.841934584081173 ], [ 5690097.273239466361701, 7427935.705483628436923 ], [ 5690091.957603015936911, 7427941.41526560112834 ], [ 5690084.907769836485386, 7427945.989616196602583 ], [ 5690075.883150481618941, 7427943.98652308806777 ], [ 5690063.060670544393361, 7427944.578716553747654 ], [ 5690049.272492164745927, 7427948.248725026845932 ], [ 5690044.471507137641311, 7427953.332530908286572 ], [ 5690031.553379320539534, 7427963.642127713188529 ], [ 5690016.471784464083612, 7427963.725268829613924 ], [ 5690006.856119110248983, 7427961.136093376204371 ], [ 5689998.310231900773942, 7427957.281991561874747 ], [ 5689970.137395649217069, 7427951.903178624808788 ], [ 5689952.216935767792165, 7427950.912983329966664 ], [ 5689944.307265689596534, 7427948.847181556746364 ], [ 5689918.0537951560691, 7427948.843910963274539 ], [ 5689899.273059376515448, 7427941.202455171383917 ], [ 5689872.722682132385671, 7427934.533051956444979 ], [ 5689845.465582241304219, 7427937.007036062888801 ], [ 5689823.099392773583531, 7427948.36596017703414 ], [ 5689790.582396531477571, 7427957.762429112568498 ], [ 5689765.667903842404485, 7427962.559136202558875 ], [ 5689701.941774935461581, 7427936.952998561784625 ], [ 5689660.078846488147974, 7427932.25019214861095 ], [ 5689602.528336909599602, 7427832.324042811989784 ], [ 5689570.535725781694055, 7427764.717291476204991 ], [ 5689566.061670158058405, 7427709.445230989716947 ], [ 5689555.584543200209737, 7427586.41513648442924 ], [ 5689533.330842914059758, 7427450.613791954703629 ], [ 5689526.481640274636447, 7427437.057514062151313 ], [ 5689496.51831912342459, 7427434.19183205999434 ], [ 5689448.801192198880017, 7427463.547982409596443 ], [ 5689401.889649684540927, 7427491.91887753456831 ], [ 5689357.264251763001084, 7427476.191696055233479 ], [ 5689336.644552364945412, 7427477.143204053863883 ], [ 5689316.626657238230109, 7427472.457750160247087 ], [ 5689294.931304322555661, 7427450.052017293870449 ], [ 5689266.621502391993999, 7427451.692822581157088 ], [ 5689214.870192492380738, 7427468.722362337633967 ], [ 5689174.114290174096823, 7427478.007183249108493 ], [ 5689126.256118573248386, 7427488.723501617088914 ], [ 5689017.968195077963173, 7427530.228037428110838 ], [ 5688960.632536308839917, 7427556.27906509116292 ], [ 5688873.865593103691936, 7427560.280367577448487 ], [ 5688823.309799674898386, 7427565.42167086713016 ], [ 5688783.316178579814732, 7427556.96188922226429 ], [ 5688726.743073952384293, 7427524.934283063746989 ], [ 5688684.343347875401378, 7427501.620205823332071 ], [ 5688651.914216584526002, 7427507.787576386705041 ], [ 5688602.653044214472175, 7427492.472847076132894 ], [ 5688452.356625817716122, 7427492.653663931414485 ], [ 5688535.725947435945272, 7427714.423216274008155 ], [ 5688451.57921155076474, 7427756.683565927669406 ], [ 5688443.499035814777017, 7427760.713504049926996 ], [ 5688441.110081693157554, 7427761.838348040357232 ], [ 5688532.347624368965626, 7427914.319878799840808 ], [ 5688538.450629347935319, 7427941.325708283111453 ], [ 5688438.488165454939008, 7427988.250776552595198 ] ] ], [ [ [ 5690844.028053280897439, 7430813.780114049091935 ], [ 5690869.591804397292435, 7430800.488884323276579 ], [ 5690880.210632071830332, 7430801.214041689410806 ], [ 5690910.689903426915407, 7430797.988742293789983 ], [ 5690985.832470087334514, 7430784.827451365068555 ], [ 5690997.24995572026819, 7430778.846910811960697 ], [ 5690953.202803767286241, 7430451.482053527608514 ], [ 5690950.945185150019825, 7430426.762619229033589 ], [ 5690951.719242704100907, 7430371.024039999581873 ], [ 5690938.760753626935184, 7430319.544126248918474 ], [ 5690922.247483585961163, 7430275.499348618090153 ], [ 5690749.597865019924939, 7430215.046983070671558 ], [ 5690723.762593040242791, 7430210.184765143319964 ], [ 5690706.91718958877027, 7430219.44912476837635 ], [ 5690689.170999276451766, 7430232.981536919251084 ], [ 5690675.498729483224452, 7430250.563424242660403 ], [ 5690670.028982647694647, 7430264.744423674419522 ], [ 5690674.338310144841671, 7430309.954978684894741 ], [ 5690688.675499747507274, 7430355.315828183665872 ], [ 5690704.658821653574705, 7430387.876627339050174 ], [ 5690711.107824139297009, 7430406.960420552641153 ], [ 5690721.754895118065178, 7430468.840025259181857 ], [ 5690726.203202578239143, 7430517.066294360905886 ], [ 5690727.038613645359874, 7430535.193778357468545 ], [ 5690724.492186951451004, 7430552.273039346560836 ], [ 5690716.985868913121521, 7430570.785696484148502 ], [ 5690679.241936326026917, 7430742.669163260608912 ], [ 5690682.775686397217214, 7430783.07571217417717 ], [ 5690689.96807674318552, 7430794.252156967297196 ], [ 5690703.094161464832723, 7430825.127260610461235 ], [ 5690724.492390729486942, 7430842.305376966483891 ], [ 5690765.558735311031342, 7430827.094233192503452 ], [ 5690780.563844194635749, 7430826.401406861841679 ], [ 5690813.492841780185699, 7430815.792317464947701 ], [ 5690823.962459238246083, 7430813.502301153726876 ], [ 5690844.028053280897439, 7430813.780114049091935 ] ] ] ] } },
{ "type": "Feature", "properties": { "lv_id": "LOC_052416", "id": 297700.0, "CD_SETOR": "352050905000276", "SITUACAO": "Urbana", "CD_SIT": "1", "CD_TIPO": "0", "AREA_KM2": 0.086201884438813006, "CD_REGIAO": "3", "NM_REGIAO": "Sudeste", "CD_UF": "35", "NM_UF": "São Paulo", "CD_MUN": "3520509", "NM_MUN": "Indaiatuba", "CD_DIST": "352050905", "NM_DIST": "Indaiatuba", "CD_SUBDIST": "35205090500", "NM_SUBDIST": null, "CD_BAIRRO": null, "NM_BAIRRO": null, "CD_NU": null, "NM_NU": null, "CD_FCU": null, "NM_FCU": null, "CD_AGLOM": null, "NM_AGLOM": null, "CD_RGINT": "3510", "NM_RGINT": "Campinas", "CD_RGI": "350038", "NM_RGI": "Campinas", "CD_CONCURB": "3520509", "NM_CONCURB": "Indaiatuba", "mun_code_x": "3520509", "index_right": 83955, "dist_m": 129.23447852404013, "local_id": 568394, "ano": 2022, "cod_localidade_ibge": 3520509, "NR_ZONA": "211", "nr_cep": 13339070.0, "nm_localidade": "INDAIATUBA", "nm_locvot": "COLÉGIO RENOVAÇÃO", "ds_endereco": "RUA PADRE BENTO PACHECO, 3244", "ds_bairro": "VILA FURLAN", "pred_long": -47.196024, "pred_lat": -23.096302, "pred_dist": 0.0, "tse_long": -47.1962667, "tse_lat": -23.0963112, "long": -47.1962667, "lat": -23.0963112, "ID_UNICO": "LOC_052416", "SG_UF": "SP", "CD_MUNICIPIO": "65110", "NR_LOCAL_VOTACAO": "2372", "QT_SECOES_AGREGADAS": 0, "QT_ELEITORES_TRANSFERIDOS": 75, "CIRO GOMES (PDT) (NÃO ELEITO) 1T": 181.0, "CONSTITUINTE EYMAEL (DC) (NÃO ELEITO) 1T": 0.0, "FELIPE D AVILA (NOVO) (NÃO ELEITO) 1T": 49.0, "JAIR BOLSONARO (PL) (2º TURNO) 1T": 2483.0, "LULA (PT) (2º TURNO) 1T": 1020.0, "LÉO PÉRICLES (UP) (NÃO ELEITO) 1T": 1.0, "PADRE KELMON (PTB) (NÃO ELEITO) 1T": 3.0, "SIMONE TEBET (MDB) (NÃO ELEITO) 1T": 342.0, "SOFIA MANZANO (PCB) (NÃO ELEITO) 1T": 4.0, "SORAYA THRONICKE (UNIÃO) (NÃO ELEITO) 1T": 12.0, "VERA (PSTU) (NÃO ELEITO) 1T": 0.0, "Total_Votos_Validos 1T": 4095.0, "Votos_Brancos 1T": 69.0, "Votos_Nulos 1T": 115.0, "Abstenções 1T": 705.0, "Eleitores_Aptos 1T": 4984.0, "JAIR BOLSONARO (PL) (NÃO ELEITO) 2T": 2873.0, "LULA (PT) (ELEITO) 2T": 1170.0, "Total_Votos_Validos 2T": 4043.0, "Votos_Brancos 2T": 89.0, "Votos_Nulos 2T": 135.0, "Abstenções 2T": 717.0, "Eleitores_Aptos 2T": 4984.0, "mun_code_y": "3520509", "mun_code": "3520509" }, "geometry": { "type": "Polygon", "coordinates": [ [ [ 5696439.621120197698474, 7427822.297020182944834 ], [ 5696431.699239440262318, 7427822.197813021019101 ], [ 5696380.190334316343069, 7427880.50834590755403 ], [ 5696304.958004081621766, 7427976.271553132683039 ], [ 5696293.904699491336942, 7428022.413371367380023 ], [ 5696268.502072473056614, 7428060.80323494784534 ], [ 5696244.859669988974929, 7428074.853333074599504 ], [ 5696219.105401993729174, 7428126.419905822724104 ], [ 5696239.634128456935287, 7428180.391801761463284 ], [ 5696230.624916764907539, 7428257.276119239628315 ], [ 5696221.119386333040893, 7428286.649668704718351 ], [ 5696031.19561006128788, 7428456.421026429161429 ], [ 5696080.079998465254903, 7428569.722073120065033 ], [ 5696126.214575259946287, 7428515.065637575462461 ], [ 5696173.211947155185044, 7428461.327920936048031 ], [ 5696212.980436760932207, 7428558.53594464994967 ], [ 5696273.799346142448485, 7428532.962141886353493 ], [ 5696285.57073343731463, 7428530.261277920566499 ], [ 5696297.653605227358639, 7428530.289520347490907 ], [ 5696307.871958720497787, 7428532.568285150453448 ], [ 5696317.081071117892861, 7428536.522391876205802 ], [ 5696324.962083302438259, 7428543.014322276227176 ], [ 5696332.311628737486899, 7428550.869364963844419 ], [ 5696354.222648442722857, 7428585.370803444646299 ], [ 5696425.15781417209655, 7428697.075543420389295 ], [ 5696413.73057933151722, 7428704.533922319300473 ], [ 5696365.364059894345701, 7428725.078016323037446 ], [ 5696304.032927351072431, 7428751.121961148455739 ], [ 5696244.814507731236517, 7428776.286488906480372 ], [ 5696185.032092606648803, 7428801.677745380438864 ], [ 5696209.644173417240381, 7428844.206381347030401 ], [ 5696254.452797698788345, 7428921.639934811741114 ], [ 5696298.492482047528028, 7428997.748638618737459 ], [ 5696328.089916089549661, 7429048.889363321475685 ], [ 5696343.005935296416283, 7429049.622211962938309 ], [ 5696404.567157627083361, 7429025.631056804209948 ], [ 5696454.59375614952296, 7429006.136245038360357 ], [ 5696569.929506876505911, 7428938.495675737038255 ], [ 5696585.612262073904276, 7428951.527763204649091 ], [ 5696639.904147142544389, 7428918.561360061168671 ], [ 5696696.859792923554778, 7428897.225851179100573 ], [ 5696701.425954080186784, 7428895.507393648847938 ], [ 5696760.126035738736391, 7428873.532646051608026 ], [ 5696824.328832267783582, 7428849.472024704329669 ], [ 5696865.389333844184875, 7428920.34300334379077 ], [ 5696919.945173461921513, 7428887.552685964852571 ], [ 5696978.636984452605247, 7428991.272805006243289 ], [ 5697012.118530459702015, 7428971.097334768623114 ], [ 5697109.559303142130375, 7428912.372204149141908 ], [ 5697169.393827677704394, 7428880.182318693958223 ], [ 5697218.967814600095153, 7428868.178283608518541 ], [ 5697269.028385202400386, 7428869.713618392124772 ], [ 5697324.452305790968239, 7428881.148012191988528 ], [ 5697355.71629430167377, 7428887.597284700721502 ], [ 5697392.593502230010927, 7428895.21225992590189 ], [ 5697407.027302772738039, 7428896.602271486073732 ], [ 5697421.450872495770454, 7428897.992747563868761 ], [ 5697445.819522997364402, 7428892.918827621266246 ], [ 5697471.326470793224871, 7428880.352565980516374 ], [ 5697491.494549497961998, 7428861.499556206166744 ], [ 5697595.268016388639808, 7428734.875282319262624 ], [ 5697374.649219548329711, 7428561.788155526854098 ], [ 5697255.513223645277321, 7428466.588178344070911 ], [ 5696895.987603912129998, 7428182.690120857208967 ], [ 5696853.463097251951694, 7428149.105806199833751 ], [ 5696439.621120197698474, 7427822.297020182944834 ] ] ] } },
{ "type": "Feature", "properties": { "lv_id": "LOC_052417", "id": 297732.0, "CD_SETOR": "352050905000323", "SITUACAO": "Urbana", "CD_SIT": "1", "CD_TIPO": "0", "AREA_KM2": 0.128227398624217, "CD_REGIAO": "3", "NM_REGIAO": "Sudeste", "CD_UF": "35", "NM_UF": "São Paulo", "CD_MUN": "3520509", "NM_MUN": "Indaiatuba", "CD_DIST": "352050905", "NM_DIST": "Indaiatuba", "CD_SUBDIST": "35205090500", "NM_SUBDIST": null, "CD_BAIRRO": null, "NM_BAIRRO": null, "CD_NU": null, "NM_NU": null, "CD_FCU": null, "NM_FCU": null, "CD_AGLOM": null, "NM_AGLOM": null, "CD_RGINT": "3510", "NM_RGINT": "Campinas", "CD_RGI": "350038", "NM_RGI": "Campinas", "CD_CONCURB": "3520509", "NM_CONCURB": "Indaiatuba", "mun_code_x": "3520509", "index_right": 83976, "dist_m": 460.93313442460686, "local_id": 568415, "ano": 2022, "cod_localidade_ibge": 3520509, "NR_ZONA": "211", "nr_cep": 13349135.0, "nm_localidade": "INDAIATUBA", "nm_locvot": "EMEB PROFª CLEONICE LEMOS NARESSI", "ds_endereco": "RUA TENENTE CORONEL NEZIO RITA DE TOLEDO FILHO, S/N", "ds_bairro": "JARDIM DOS COLIBRIS", "pred_long": -47.251569, "pred_lat": -23.119189, "pred_dist": 0.0, "tse_long": -47.2515758, "tse_lat": -23.1192921, "long": -47.2515758, "lat": -23.1192921, "ID_UNICO": "LOC_052417", "SG_UF": "SP", "CD_MUNICIPIO": "65110", "NR_LOCAL_VOTACAO": "2356", "QT_SECOES_AGREGADAS": 0, "QT_ELEITORES_TRANSFERIDOS": 40, "CIRO GOMES (PDT) (NÃO ELEITO) 1T": 88.0, "CONSTITUINTE EYMAEL (DC) (NÃO ELEITO) 1T": 0.0, "FELIPE D AVILA (NOVO) (NÃO ELEITO) 1T": 19.0, "JAIR BOLSONARO (PL) (2º TURNO) 1T": 1695.0, "LULA (PT) (2º TURNO) 1T": 812.0, "LÉO PÉRICLES (UP) (NÃO ELEITO) 1T": 1.0, "PADRE KELMON (PTB) (NÃO ELEITO) 1T": 4.0, "SIMONE TEBET (MDB) (NÃO ELEITO) 1T": 142.0, "SOFIA MANZANO (PCB) (NÃO ELEITO) 1T": 1.0, "SORAYA THRONICKE (UNIÃO) (NÃO ELEITO) 1T": 21.0, "VERA (PSTU) (NÃO ELEITO) 1T": 0.0, "Total_Votos_Validos 1T": 2783.0, "Votos_Brancos 1T": 64.0, "Votos_Nulos 1T": 124.0, "Abstenções 1T": 352.0, "Eleitores_Aptos 1T": 3323.0, "JAIR BOLSONARO (PL) (NÃO ELEITO) 2T": 1924.0, "LULA (PT) (ELEITO) 2T": 901.0, "Total_Votos_Validos 2T": 2825.0, "Votos_Brancos 2T": 60.0, "Votos_Nulos 2T": 109.0, "Abstenções 2T": 329.0, "Eleitores_Aptos 2T": 3323.0, "mun_code_y": "3520509", "mun_code": "3520509" }, "geometry": { "type": "Polygon", "coordinates": [ [ [ 5690600.999681051820517, 7425684.909081160090864 ], [ 5690578.942482519894838, 7425715.080181395635009 ], [ 5690561.224052040837705, 7425742.61942926608026 ], [ 5690535.929125097580254, 7425751.082800870761275 ], [ 5690522.79338971991092, 7425780.829902157187462 ], [ 5690491.977961424738169, 7425790.76407412160188 ], [ 5690466.9659064700827, 7425829.569174945354462 ], [ 5690418.694873096421361, 7425825.211107608862221 ], [ 5690387.165872571989894, 7425675.519174721091986 ], [ 5690354.401922004297376, 7425519.951735751703382 ], [ 5690334.200903629884124, 7425449.950139638036489 ], [ 5690326.523721896111965, 7425415.801887355744839 ], [ 5690331.782843006774783, 7425404.897624753415585 ], [ 5690344.150731605477631, 7425395.393068086355925 ], [ 5690344.032095368951559, 7425379.496237004175782 ], [ 5690264.210377309471369, 7425408.41316217277199 ], [ 5690130.799267591908574, 7425454.126270637847483 ], [ 5690020.300021059811115, 7425490.861124955117702 ], [ 5689953.729816483333707, 7425509.885310656391084 ], [ 5689940.100318195298314, 7425511.83121935557574 ], [ 5689903.727003114297986, 7425513.746686571277678 ], [ 5689871.436560235917568, 7425514.81541276909411 ], [ 5689809.838654497638345, 7425516.268370071426034 ], [ 5689766.063945570029318, 7425516.886278972961009 ], [ 5689576.63920059427619, 7425520.431122731417418 ], [ 5689538.977111529558897, 7425521.970335692167282 ], [ 5689366.942640723660588, 7425523.515950415283442 ], [ 5689326.518971828743815, 7425524.981451755389571 ], [ 5689165.256299619562924, 7425528.424862255342305 ], [ 5689118.770430580712855, 7425526.500893975608051 ], [ 5688566.871461534872651, 7425970.959089024923742 ], [ 5688415.204280563630164, 7426158.927488066256046 ], [ 5688469.74163325689733, 7426238.842772472649813 ], [ 5688476.504091025330126, 7426374.866237573325634 ], [ 5688396.892206843011081, 7426529.9819017034024 ], [ 5688396.023424536921084, 7426653.06468272395432 ], [ 5688476.714085659943521, 7426763.8234310047701 ], [ 5688329.441366668790579, 7426888.647919617593288 ], [ 5687780.659363121725619, 7427363.253053452819586 ], [ 5688158.271299165673554, 7427868.995753509923816 ], [ 5688170.487076113931835, 7427850.524344214238226 ], [ 5688244.06594917178154, 7427740.31800483353436 ], [ 5688438.488165454939008, 7427988.250776552595198 ], [ 5688538.450629347935319, 7427941.325708283111453 ], [ 5688532.347624368965626, 7427914.319878799840808 ], [ 5688441.110081693157554, 7427761.838348040357232 ], [ 5688443.499035814777017, 7427760.713504049926996 ], [ 5688451.57921155076474, 7427756.683565927669406 ], [ 5688535.725947435945272, 7427714.423216274008155 ], [ 5688452.356625817716122, 7427492.653663931414485 ], [ 5688602.653044214472175, 7427492.472847076132894 ], [ 5688651.914216584526002, 7427507.787576386705041 ], [ 5688684.343347875401378, 7427501.620205823332071 ], [ 5688726.743073952384293, 7427524.934283063746989 ], [ 5688783.316178579814732, 7427556.96188922226429 ], [ 5688823.309799674898386, 7427565.42167086713016 ], [ 5688873.865593103691936, 7427560.280367577448487 ], [ 5688960.632536308839917, 7427556.27906509116292 ], [ 5689017.968195077963173, 7427530.228037428110838 ], [ 5689126.256118573248386, 7427488.723501617088914 ], [ 5689174.114290174096823, 7427478.007183249108493 ], [ 5689214.870192492380738, 7427468.722362337633967 ], [ 5689266.621502391993999, 7427451.692822581157088 ], [ 5689294.931304322555661, 7427450.052017293870449 ], [ 5689316.626657238230109, 7427472.457750160247087 ], [ 5689336.644552364945412, 7427477.143204053863883 ], [ 5689357.264251763001084, 7427476.191696055233479 ], [ 5689401.889649684540927, 7427491.91887753456831 ], [ 5689448.801192198880017, 7427463.547982409596443 ], [ 5689496.51831912342459, 7427434.19183205999434 ], [ 5689526.481640274636447, 7427437.057514062151313 ], [ 5689533.330842914059758, 7427450.613791954703629 ], [ 5689555.584543200209737, 7427586.41513648442924 ], [ 5689566.061670158058405, 7427709.445230989716947 ], [ 5689570.535725781694055, 7427764.717291476204991 ], [ 5689602.528336909599602, 7427832.324042811989784 ], [ 5689660.078846488147974, 7427932.25019214861095 ], [ 5689701.941774935461581, 7427936.952998561784625 ], [ 5689765.667903842404485, 7427962.559136202558875 ], [ 5689790.582396531477571, 7427957.762429112568498 ], [ 5689823.099392773583531, 7427948.36596017703414 ], [ 5689845.465582241304219, 7427937.007036062888801 ], [ 5689872.722682132385671, 7427934.533051956444979 ], [ 5689899.273059376515448, 7427941.202455171383917 ], [ 5689918.0537951560691, 7427948.843910963274539 ], [ 5689944.307265689596534, 7427948.847181556746364 ], [ 5689952.216935767792165, 7427950.912983329966664 ], [ 5689970.137395649217069, 7427951.903178624808788 ], [ 5689998.310231900773942, 7427957.281991561874747 ], [ 5690006.856119110248983, 7427961.136093376204371 ], [ 5690016.471784464083612, 7427963.725268829613924 ], [ 5690031.553379320539534, 7427963.642127713188529 ], [ 5690044.471507137641311, 7427953.332530908286572 ], [ 5690049.272492164745927, 7427948.248725026845932 ], [ 5690063.060670544393361, 7427944.578716553747654 ], [ 5690075.883150481618941, 7427943.98652308806777 ], [ 5690084.907769836485386, 7427945.989616196602583 ], [ 5690091.957603015936911, 7427941.41526560112834 ], [ 5690097.273239466361701, 7427935.705483628436923 ], [ 5690106.637559680268168, 7427932.841934584081173 ], [ 5690107.389827381819487, 7427924.911867626011372 ], [ 5690112.939335969276726, 7427924.053366326726973 ], [ 5690112.09693321492523, 7427918.01466010697186 ], [ 5690117.416762688197196, 7427900.160593365319073 ], [ 5690137.316699489951134, 7427895.594869900494814 ], [ 5690171.725083158351481, 7427890.972290015779436 ], [ 5690194.06931970641017, 7427891.155676914379001 ], [ 5690211.538746292702854, 7427894.597459060139954 ], [ 5690225.476622534915805, 7427893.953600751236081 ], [ 5690228.399655368179083, 7427896.851808652281761 ], [ 5690237.257528223097324, 7427895.238238060846925 ], [ 5690248.740827169269323, 7427889.845645030029118 ], [ 5690259.471939312294126, 7427892.383137043565512 ], [ 5690270.77772822137922, 7427883.363296104595065 ], [ 5690303.216838406398892, 7427884.295676516368985 ], [ 5690315.693450363352895, 7427876.426075838506222 ], [ 5690333.859613253735006, 7427870.73579609207809 ], [ 5690345.86723817512393, 7427864.70554837398231 ], [ 5690367.295526824891567, 7427857.035627841949463 ], [ 5690373.764916836284101, 7427851.885739328339696 ], [ 5690388.272833000868559, 7427851.817568778991699 ], [ 5690396.465675066225231, 7427847.792410394176841 ], [ 5690407.057199718430638, 7427847.302998036146164 ], [ 5690413.271145685575902, 7427848.844732405617833 ], [ 5690425.608074682764709, 7427837.948219228535891 ], [ 5690438.983063570223749, 7427837.330159097909927 ], [ 5690453.060485763475299, 7427839.712879075668752 ], [ 5690465.988440223038197, 7427829.402351688593626 ], [ 5690484.014371979050338, 7427820.673933541402221 ], [ 5690499.368709304369986, 7427814.500021114945412 ], [ 5690509.061690656468272, 7427806.758859572000802 ], [ 5690535.227307940833271, 7427802.19291403517127 ], [ 5690522.441918699070811, 7427768.68197980709374 ], [ 5690513.376570506952703, 7427725.999713249504566 ], [ 5690484.417371267452836, 7427508.597988069057465 ], [ 5690420.00711358897388, 7427002.891476990655065 ], [ 5690422.476152064278722, 7427001.952118778601289 ], [ 5690761.309415957890451, 7426858.006650350987911 ], [ 5691021.002952364273369, 7426747.812580052763224 ], [ 5691138.662821647711098, 7426698.083913546055555 ], [ 5691383.993293317034841, 7426435.843749498017132 ], [ 5691423.188246394507587, 7426345.15932415984571 ], [ 5691415.734033284708858, 7426095.790799031034112 ], [ 5691424.116561719216406, 7426090.573818642646074 ], [ 5691339.940039531327784, 7426102.088615745306015 ], [ 5691340.27138306107372, 7426097.054917136207223 ], [ 5691351.541645875200629, 7425846.373462055809796 ], [ 5691384.283175534568727, 7425837.519173065200448 ], [ 5691431.659574574790895, 7425816.299750860780478 ], [ 5691428.893244494684041, 7425799.71113814227283 ], [ 5691425.252079833298922, 7425791.25934555567801 ], [ 5691412.617637497372925, 7425753.069284753873944 ], [ 5691379.111112021841109, 7425689.02557715959847 ], [ 5691316.788990129716694, 7425694.800297904759645 ], [ 5691312.262330619618297, 7425700.90929202735424 ], [ 5691305.660267521627247, 7425705.597738387063146 ], [ 5691120.845856890082359, 7425773.494536040350795 ], [ 5691102.276180496439338, 7425722.453506773337722 ], [ 5691083.753154087811708, 7425671.532998183742166 ], [ 5691065.18463895842433, 7425620.514238882809877 ], [ 5690776.037431223317981, 7425726.346246502362192 ], [ 5690768.26902888994664, 7425712.888670423999429 ], [ 5690749.11722451262176, 7425678.301098907366395 ], [ 5690727.950557167641819, 7425640.048614454455674 ], [ 5690725.102603797800839, 7425633.22169217467308 ], [ 5690723.636696046218276, 7425625.01490814704448 ], [ 5690692.59906330704689, 7425612.143387203104794 ], [ 5690678.305609846487641, 7425604.820103501901031 ], [ 5690664.086223790422082, 7425596.880036470480263 ], [ 5690636.453053896315396, 7425580.014702306129038 ], [ 5690630.855844306759536, 7425605.800045751035213 ], [ 5690619.609171946533024, 7425652.466352151706815 ], [ 5690600.999681051820517, 7425684.909081160090864 ] ] ] } },
{ "type": "Feature", "properties": { "lv_id": "LOC_052418", "id": 297610.0, "CD_SETOR": "352050905000103", "SITUACAO": "Urbana", "CD_SIT": "1", "CD_TIPO": "0", "AREA_KM2": 0.080646798122478006, "CD_REGIAO": "3", "NM_REGIAO": "Sudeste", "CD_UF": "35", "NM_UF": "São Paulo", "CD_MUN": "3520509", "NM_MUN": "Indaiatuba", "CD_DIST": "352050905", "NM_DIST": "Indaiatuba", "CD_SUBDIST": "35205090500", "NM_SUBDIST": null, "CD_BAIRRO": null, "NM_BAIRRO": null, "CD_NU": null, "NM_NU": null, "CD_FCU": null, "NM_FCU": null, "CD_AGLOM": null, "NM_AGLOM": null, "CD_RGINT": "3510", "NM_RGINT": "Campinas", "CD_RGI": "350038", "NM_RGI": "Campinas", "CD_CONCURB": "3520509", "NM_CONCURB": "Indaiatuba", "mun_code_x": "3520509", "index_right": 83998, "dist_m": 210.29500246546974, "local_id": 568437, "ano": 2022, "cod_localidade_ibge": 3520509, "NR_ZONA": "211", "nr_cep": 13349808.0, "nm_localidade": "INDAIATUBA", "nm_locvot": "EMEB PROFª MARIA JOSÉ AMBIEL MARACHINI", "ds_endereco": "RUA JABAQUARA, 20", "ds_bairro": "JARDIM PAULISTA II", "pred_long": -47.2486349, "pred_lat": -23.1286603, "pred_dist": 0.0, "tse_long": -47.2485092, "tse_lat": -23.1281145, "long": -47.2485092, "lat": -23.1281145, "ID_UNICO": "LOC_052418", "SG_UF": "SP", "CD_MUNICIPIO": "65110", "NR_LOCAL_VOTACAO": "2348", "QT_SECOES_AGREGADAS": 0, "QT_ELEITORES_TRANSFERIDOS": 16, "CIRO GOMES (PDT) (NÃO ELEITO) 1T": 68.0, "CONSTITUINTE EYMAEL (DC) (NÃO ELEITO) 1T": 1.0, "FELIPE D AVILA (NOVO) (NÃO ELEITO) 1T": 10.0, "JAIR BOLSONARO (PL) (2º TURNO) 1T": 1319.0, "LULA (PT) (2º TURNO) 1T": 697.0, "LÉO PÉRICLES (UP) (NÃO ELEITO) 1T": 1.0, "PADRE KELMON (PTB) (NÃO ELEITO) 1T": 2.0, "SIMONE TEBET (MDB) (NÃO ELEITO) 1T": 72.0, "SOFIA MANZANO (PCB) (NÃO ELEITO) 1T": 1.0, "SORAYA THRONICKE (UNIÃO) (NÃO ELEITO) 1T": 13.0, "VERA (PSTU) (NÃO ELEITO) 1T": 0.0, "Total_Votos_Validos 1T": 2184.0, "Votos_Brancos 1T": 51.0, "Votos_Nulos 1T": 81.0, "Abstenções 1T": 412.0, "Eleitores_Aptos 1T": 2728.0, "JAIR BOLSONARO (PL) (NÃO ELEITO) 2T": 1509.0, "LULA (PT) (ELEITO) 2T": 715.0, "Total_Votos_Validos 2T": 2224.0, "Votos_Brancos 2T": 47.0, "Votos_Nulos 2T": 96.0, "Abstenções 2T": 361.0, "Eleitores_Aptos 2T": 2728.0, "mun_code_y": "3520509", "mun_code": "3520509" }, "geometry": { "type": "Polygon", "coordinates": [ [ [ 5691813.08794385381043, 7425007.358808496966958 ], [ 5691793.179403101094067, 7424946.711373831145465 ], [ 5691773.236125711351633, 7424885.976348152384162 ], [ 5691593.792757847346365, 7424945.358874978497624 ], [ 5691584.172497718594968, 7424916.040081536397338 ], [ 5691581.886307160370052, 7424910.726171363145113 ], [ 5691554.166460711508989, 7424846.325675445608795 ], [ 5691227.594324177131057, 7424697.802673554047942 ], [ 5691222.881215525791049, 7424695.656807024031878 ], [ 5691261.74415700789541, 7424666.244263269007206 ], [ 5691278.577696193009615, 7424652.896162558346987 ], [ 5691294.952437218278646, 7424638.052628974430263 ], [ 5691313.592308190651238, 7424621.19713760074228 ], [ 5691327.851336208172143, 7424605.169102741405368 ], [ 5691348.715680154040456, 7424585.645527913235128 ], [ 5691354.488499012775719, 7424583.214560611173511 ], [ 5691386.283973453566432, 7424555.076929319649935 ], [ 5691381.975069656968117, 7424531.076875606551766 ], [ 5691364.116250683553517, 7424532.004799320362508 ], [ 5691296.61585813947022, 7424458.953668002039194 ], [ 5691274.758692529052496, 7424474.51966942474246 ], [ 5691204.270092260092497, 7424445.924477742984891 ], [ 5691152.179219555109739, 7424407.209522278979421 ], [ 5691107.93748621083796, 7424388.349236963316798 ], [ 5691081.205025527626276, 7424397.594622544944286 ], [ 5690991.010484809987247, 7424356.785738826729357 ], [ 5690975.804651780053973, 7424369.188321040011942 ], [ 5690814.115894241258502, 7424332.113488361239433 ], [ 5690828.284022145904601, 7424186.338655225001276 ], [ 5690294.108850797638297, 7424057.172887162305415 ], [ 5690161.673667441122234, 7423933.015819730237126 ], [ 5689864.962463352829218, 7424166.384161188267171 ], [ 5689759.490551799535751, 7424135.219513351097703 ], [ 5689598.256263071671128, 7424121.854131608270109 ], [ 5689634.507170963101089, 7424038.258809600025415 ], [ 5689650.567931891418993, 7423967.941589465364814 ], [ 5689665.529924530535936, 7423882.04058849811554 ], [ 5689668.03220446407795, 7423813.1865423489362 ], [ 5689664.450072077102959, 7423752.007331164553761 ], [ 5689657.926409429870546, 7423692.625728579238057 ], [ 5689640.425898738205433, 7423625.098101431503892 ], [ 5689615.545421602204442, 7423553.384217818267643 ], [ 5689586.948557283729315, 7423499.550900850445032 ], [ 5689543.790320939384401, 7423369.668147226795554 ], [ 5689438.400688921101391, 7423418.589670572429895 ], [ 5689388.167440228164196, 7423436.412641335278749 ], [ 5689368.665660594590008, 7423441.919760759919882 ], [ 5689365.497969013638794, 7423442.81334806792438 ], [ 5689323.01207974459976, 7423448.568824189715087 ], [ 5689235.000482798554003, 7423451.967784554697573 ], [ 5689182.350226900540292, 7423455.181727070361376 ], [ 5689124.840036348439753, 7423455.274626020342112 ], [ 5689044.944307977333665, 7423445.696281129494309 ], [ 5688961.933104804717004, 7423433.02757222019136 ], [ 5688907.893405428156257, 7423412.775267343968153 ], [ 5688866.359528793022037, 7423385.811828847974539 ], [ 5688827.396924238651991, 7423345.682400513440371 ], [ 5688775.436420710757375, 7423263.77802562341094 ], [ 5688728.346358604729176, 7423185.217105962336063 ], [ 5688644.212079806253314, 7423019.156197883188725 ], [ 5688625.998254598118365, 7422986.54334756731987 ], [ 5688624.432683689519763, 7422983.716301904059947 ], [ 5688622.867113197222352, 7422980.889256227761507 ], [ 5688570.241787630133331, 7422886.749047942459583 ], [ 5688529.345411848276854, 7422831.319894498214126 ], [ 5688467.719397325068712, 7422784.319451980292797 ], [ 5688385.573868346400559, 7422748.07957399636507 ], [ 5688283.328798333182931, 7422727.264079052954912 ], [ 5688106.896003141067922, 7422696.04502996057272 ], [ 5688104.103197448886931, 7422695.504867704585195 ], [ 5688101.417816410772502, 7422695.071258991956711 ], [ 5688075.576743162237108, 7422690.465378312394023 ], [ 5687906.218413108959794, 7422654.791777893900871 ], [ 5687736.896271939389408, 7422613.204745194874704 ], [ 5687631.609021140262485, 7422581.932187557220459 ], [ 5687557.425012607127428, 7422540.415006998926401 ], [ 5687504.457782295532525, 7422498.811105931177735 ], [ 5687421.626362682320178, 7422394.130986622534692 ], [ 5687419.667229003272951, 7422391.65658493898809 ], [ 5687418.255429562181234, 7422389.937518345192075 ], [ 5687416.843630387447774, 7422388.218451691791415 ], [ 5687400.168541779741645, 7422367.588509142398834 ], [ 5687367.057353703305125, 7422326.618666175752878 ], [ 5687244.832960572093725, 7422210.150537366978824 ], [ 5687185.934415331110358, 7422168.819618119858205 ], [ 5687115.232390093617141, 7422147.212577456608415 ], [ 5687062.054316892288625, 7422141.077923012897372 ], [ 5687024.343489442951977, 7422141.36674689874053 ], [ 5687006.989309295080602, 7422142.947309905663133 ], [ 5686997.465802012942731, 7422145.393499469384551 ], [ 5686987.43082048650831, 7422147.863259026780725 ], [ 5686982.398016646504402, 7422149.879413444548845 ], [ 5686948.712918809615076, 7422161.914061786606908 ], [ 5686942.386111163534224, 7422164.770415442064404 ], [ 5686935.87006906606257, 7422167.970018329098821 ], [ 5686928.77097081579268, 7422171.865552186965942 ], [ 5686921.886695224791765, 7422175.97420041076839 ], [ 5686914.342660463415086, 7422181.339863754808903 ], [ 5686887.884748292155564, 7422198.951267020776868 ], [ 5686878.161863521672785, 7422205.978464019484818 ], [ 5686866.142492008395493, 7422214.338098868727684 ], [ 5686849.034026547335088, 7422225.720000924542546 ], [ 5686830.82076152972877, 7422237.598828641697764 ], [ 5686752.893570018000901, 7422286.239715796895325 ], [ 5686740.874054071493447, 7422294.599217459559441 ], [ 5686730.051364888437092, 7422302.234503109008074 ], [ 5686720.532918516546488, 7422309.252136753872037 ], [ 5686706.201545762829483, 7422320.840386254712939 ], [ 5686696.232998328283429, 7422329.216850104741752 ], [ 5686685.609769932925701, 7422338.961580882780254 ], [ 5686679.027148298919201, 7422345.174858591519296 ], [ 5686671.728486513718963, 7422353.651310302317142 ], [ 5686664.997575147077441, 7422363.328203795477748 ], [ 5686659.821523116901517, 7422371.149308339692652 ], [ 5686654.067503903992474, 7422379.777602029964328 ], [ 5686645.684540020301938, 7422393.65643671900034 ], [ 5686612.976039920933545, 7422455.935821342281997 ], [ 5686605.881920078769326, 7422471.093349729664624 ], [ 5686603.278523656539619, 7422476.900247815996408 ], [ 5686586.72719987295568, 7422513.791661121882498 ], [ 5686568.313976593315601, 7422554.783120693638921 ], [ 5686561.526623254641891, 7422569.926468482241035 ], [ 5686556.181629887782037, 7422580.766026645898819 ], [ 5686550.678062334656715, 7422590.386283119209111 ], [ 5686545.154025383293629, 7422599.561441447585821 ], [ 5686534.187763426452875, 7422617.461941082961857 ], [ 5686526.484762985259295, 7422630.528750711120665 ], [ 5686521.809759875759482, 7422638.103660970926285 ], [ 5686517.32400187663734, 7422645.335325378924608 ], [ 5686509.912513840012252, 7422658.054164603352547 ], [ 5686503.60582780931145, 7422670.276080148294568 ], [ 5686484.118965430185199, 7422705.094541887752712 ], [ 5686474.143782634288073, 7422722.927007857710123 ], [ 5686464.670859901234508, 7422739.866561049595475 ], [ 5686456.41016570199281, 7422754.185574816539884 ], [ 5686444.819605691358447, 7422771.891669437289238 ], [ 5686432.313437267206609, 7422789.751415716484189 ], [ 5686415.669153813272715, 7422815.718807935714722 ], [ 5686409.607816757634282, 7422826.591235505416989 ], [ 5686405.075868700630963, 7422835.051554786041379 ], [ 5686398.9121522186324, 7422850.389038073830307 ], [ 5686395.940209770575166, 7422861.565242615528405 ], [ 5686394.579481427557766, 7422872.109717585146427 ], [ 5686386.803281290456653, 7422963.904910961166024 ], [ 5686386.245495847426355, 7422978.538233800791204 ], [ 5686386.383392250165343, 7422990.463318054564297 ], [ 5686387.150345753878355, 7423007.154315708205104 ], [ 5686388.551588950678706, 7423022.0319719677791 ], [ 5686390.269997989758849, 7423034.887869739905 ], [ 5686395.312777695246041, 7423068.777375806123018 ], [ 5686396.678308062255383, 7423078.415767891332507 ], [ 5686397.307238494046032, 7423089.872211293317378 ], [ 5686398.115204138681293, 7423100.762868709862232 ], [ 5686398.50429379940033, 7423109.230769338086247 ], [ 5686398.616265501827002, 7423111.667655335739255 ], [ 5686398.375565035268664, 7423126.509395661763847 ], [ 5686397.807504525408149, 7423140.920171229168773 ], [ 5686396.839896104298532, 7423182.334445260465145 ], [ 5686397.182301683351398, 7423196.480286641977727 ], [ 5686397.142662381753325, 7423208.112468155100942 ], [ 5686397.09991274215281, 7423221.462026357650757 ], [ 5686396.803033627569675, 7423230.619405599310994 ], [ 5686396.030481779016554, 7423238.349069227464497 ], [ 5686394.35234297066927, 7423255.375640941783786 ], [ 5686392.94547020457685, 7423264.91864247713238 ], [ 5686391.124272993765771, 7423274.369207466952503 ], [ 5686389.052455573342741, 7423282.827730400487781 ], [ 5686386.632828744128346, 7423290.410193800926208 ], [ 5686378.535115290433168, 7423310.519982974044979 ], [ 5686375.690927932970226, 7423317.787458868697286 ], [ 5686375.051495015621185, 7423319.489522475749254 ], [ 5686365.864074013195932, 7423344.890359072946012 ], [ 5686362.257680498063564, 7423353.419507391750813 ], [ 5686357.58729625493288, 7423363.335731726139784 ], [ 5686352.558876119554043, 7423372.153347192332149 ], [ 5686340.077482610940933, 7423388.339046021923423 ], [ 5686333.008093223907053, 7423397.36209918372333 ], [ 5686327.713694728910923, 7423404.853838535025716 ], [ 5686322.864283120259643, 7423413.105652509257197 ], [ 5686317.380528509616852, 7423423.170794982463121 ], [ 5686314.321442816406488, 7423430.225116562098265 ], [ 5686313.595025355927646, 7423432.265702589415014 ], [ 5686311.144642143510282, 7423439.180498062632978 ], [ 5686307.594403029419482, 7423448.93362413905561 ], [ 5686304.550562299787998, 7423458.551932696253061 ], [ 5686300.749548167921603, 7423471.773356846533716 ], [ 5686294.390464581549168, 7423498.493516488000751 ], [ 5686292.001226075924933, 7423511.203924342989922 ], [ 5686290.128690589219332, 7423521.771891221404076 ], [ 5686288.169097756966949, 7423534.908556047827005 ], [ 5686287.176314988173544, 7423546.774133147671819 ], [ 5686285.91750372108072, 7423559.544019303284585 ], [ 5686285.374815187416971, 7423572.280947783961892 ], [ 5686285.19508536439389, 7423590.688098260201514 ], [ 5686285.230691692791879, 7423595.927352363243699 ], [ 5686285.123020047321916, 7423602.511300360783935 ], [ 5686284.616006541997194, 7423618.257310690358281 ], [ 5686283.710251877084374, 7423627.554186131805182 ], [ 5686282.610106725245714, 7423637.083023430779576 ], [ 5686280.896218972280622, 7423644.409937267191708 ], [ 5686276.486363674513996, 7423657.770856624469161 ], [ 5686270.64413836505264, 7423673.427852924913168 ], [ 5686266.080845775082707, 7423685.680741130374372 ], [ 5686264.888868497684598, 7423688.74631654471159 ], [ 5686259.542990683577955, 7423699.585604236461222 ], [ 5686252.524256564676762, 7423714.181638176552951 ], [ 5686247.173244316130877, 7423724.909643644466996 ], [ 5686241.157188491895795, 7423736.783328788354993 ], [ 5686238.123604474589229, 7423742.163804160431027 ], [ 5686235.376492578536272, 7423747.085063630715013 ], [ 5686229.309412847273052, 7423755.61584011092782 ], [ 5686217.932351150549948, 7423771.304445358924568 ], [ 5686212.38699496537447, 7423780.034219432622194 ], [ 5686208.212589414790273, 7423787.362812340259552 ], [ 5686201.357468713074923, 7423801.059200040996075 ], [ 5686150.669836004264653, 7423905.086585195735097 ], [ 5686144.571715106256306, 7423917.40999099612236 ], [ 5686139.292157243005931, 7423927.465574722737074 ], [ 5686133.593145523220301, 7423937.317434802651405 ], [ 5686109.86117578856647, 7423971.973044349811971 ], [ 5686103.200354211032391, 7423983.207220058888197 ], [ 5686097.404220911674201, 7423990.944870671257377 ], [ 5686087.914539599791169, 7424003.089715673588216 ], [ 5686079.524675971828401, 7424014.626421047374606 ], [ 5686076.941041871905327, 7424020.878192828968167 ], [ 5686075.72315775975585, 7424027.847696386277676 ], [ 5686074.965584696270525, 7424035.911104042083025 ], [ 5686074.207030047662556, 7424059.585646191611886 ], [ 5686073.756230379454792, 7424069.865097462199628 ], [ 5686072.338684659451246, 7424079.185445470735431 ], [ 5686071.397738805040717, 7424082.808125270530581 ], [ 5686069.98504155408591, 7424088.214326415210962 ], [ 5686065.559411338530481, 7424101.241280359216034 ], [ 5686061.691426990553737, 7424113.015996152535081 ], [ 5686059.363305832259357, 7424122.601236142218113 ], [ 5686058.615917908027768, 7424130.887184381484985 ], [ 5686059.444158672355115, 7424137.76256906054914 ], [ 5686061.008987644687295, 7424145.050105686299503 ], [ 5686063.120967068709433, 7424155.323185412213206 ], [ 5686064.505095261149108, 7424172.297905212268233 ], [ 5686064.531671794131398, 7424172.653507594019175 ], [ 5686064.530339479446411, 7424192.724960753694177 ], [ 5686060.124323487281799, 7424217.347800111398101 ], [ 5686052.081135818734765, 7424243.141483400017023 ], [ 5685990.907755505293608, 7424355.56676190905273 ], [ 5685880.067451677285135, 7424520.676351170986891 ], [ 5685788.099073031917214, 7424648.008084623143077 ], [ 5685776.490854969248176, 7424658.688805066049099 ], [ 5685764.125598951242864, 7424668.512252771295607 ], [ 5685749.069592929445207, 7424677.790319930762053 ], [ 5685732.913882655091584, 7424685.446308014914393 ], [ 5685721.72572017647326, 7424689.640261499211192 ], [ 5685709.187080726958811, 7424693.450246037915349 ], [ 5685694.239117113873363, 7424696.144374651834369 ], [ 5685691.067427100613713, 7424696.513156592845917 ], [ 5685678.022574286907911, 7424698.004734627902508 ], [ 5685667.581661208532751, 7424698.37306984513998 ], [ 5685657.140747951343656, 7424698.741397794336081 ], [ 5685643.512855579145253, 7424698.921659232117236 ], [ 5685635.082215438596904, 7424700.647174464538693 ], [ 5685623.735564887523651, 7424703.621754998341203 ], [ 5685613.718964896164834, 7424706.535204978659749 ], [ 5685606.879134469665587, 7424709.414171230047941 ], [ 5685603.282419802621007, 7424713.705195453949273 ], [ 5685602.366471872664988, 7424716.088924285024405 ], [ 5685603.179376801475883, 7424720.40032597631216 ], [ 5685605.920656500384212, 7424726.518725536763668 ], [ 5685606.334520481526852, 7424731.071477660909295 ], [ 5685605.935234908945858, 7424733.542970976792276 ], [ 5685603.586915503256023, 7424735.992520777508616 ], [ 5685600.338444572873414, 7424736.699328728951514 ], [ 5685594.793176840059459, 7424736.508119160309434 ], [ 5685586.654630671255291, 7424733.42539575882256 ], [ 5685575.068096291273832, 7424731.170146143063903 ], [ 5685567.681213875301182, 7424731.063550854101777 ], [ 5685562.499019300565124, 7424732.082218492403626 ], [ 5685558.293766437098384, 7424734.282565483823419 ], [ 5685554.947329403832555, 7424741.795759953558445 ], [ 5685553.140926519408822, 7424747.119566797278821 ], [ 5685550.081260262057185, 7424751.943426471203566 ], [ 5685546.75573208834976, 7424755.441423343494534 ], [ 5685542.806377422064543, 7424756.514940779656172 ], [ 5685535.583029772154987, 7424757.738889427855611 ], [ 5685525.315826596692204, 7424759.660222302190959 ], [ 5685517.013223956339061, 7424759.707179326564074 ], [ 5685510.577755648642778, 7424760.22587669081986 ], [ 5685502.157272137701511, 7424762.173849746584892 ], [ 5685491.173876379616559, 7424764.128063129261136 ], [ 5685482.241826899349689, 7424766.099527426064014 ], [ 5685478.942056030966341, 7424767.923725875094533 ], [ 5685474.511480679735541, 7424771.918495863676071 ], [ 5685471.006550170481205, 7424778.212368978187442 ], [ 5685467.921070191077888, 7424784.709982261061668 ], [ 5685465.004495989531279, 7424790.419290257617831 ], [ 5685463.581789128482342, 7424795.167915625497699 ], [ 5685462.537449166178703, 7424801.460245290771127 ], [ 5685461.723512711003423, 7424806.069395576603711 ], [ 5685460.82283859886229, 7424808.786924171261489 ], [ 5685460.810539530590177, 7424808.965899219736457 ], [ 5685460.484748663380742, 7424812.593669164925814 ], [ 5685459.993054230697453, 7424817.522533378563821 ], [ 5685460.754622077569366, 7424822.951352195814252 ], [ 5685459.904696308076382, 7424829.011736281216145 ], [ 5685457.136064797639847, 7424837.947923105210066 ], [ 5685455.862120777368546, 7424839.233017630875111 ], [ 5685454.133006813004613, 7424839.535466650500894 ], [ 5685449.825936556793749, 7424837.280198306776583 ], [ 5685447.432198657654226, 7424834.267993059009314 ], [ 5685446.716554556041956, 7424829.840621178969741 ], [ 5685446.507372064515948, 7424825.278476135805249 ], [ 5685445.342790119349957, 7424819.109930466860533 ], [ 5685444.61071047000587, 7424815.218543654307723 ], [ 5685440.83616373129189, 7424808.924587246961892 ], [ 5685435.997131876647472, 7424806.247731753624976 ], [ 5685431.863812291994691, 7424805.545566409826279 ], [ 5685427.065324171446264, 7424805.98901935480535 ], [ 5685422.225745754316449, 7424807.77243238594383 ], [ 5685418.940987139940262, 7424812.160564906895161 ], [ 5685419.431315292604268, 7424818.382384846918285 ], [ 5685420.366053845733404, 7424829.824578767642379 ], [ 5685420.365223815664649, 7424836.514986443333328 ], [ 5685420.433133088983595, 7424837.548874072730541 ], [ 5685420.681811985559762, 7424841.183701549656689 ], [ 5685422.057518151588738, 7424844.354182537645102 ], [ 5685425.387373067438602, 7424847.65790537558496 ], [ 5685427.116211989894509, 7424849.585596105083823 ], [ 5685427.340968501754105, 7424852.251419202424586 ], [ 5685426.834228972904384, 7424854.616327602416277 ], [ 5685426.884970096871257, 7424857.959181679412723 ], [ 5685428.521146658807993, 7424864.574388535693288 ], [ 5685428.745902726426721, 7424867.240211691707373 ], [ 5685428.019230682402849, 7424869.280704790726304 ], [ 5685426.167114820331335, 7424871.372898537665606 ], [ 5685422.084517885930836, 7424874.013579959981143 ], [ 5685417.116813441738486, 7424877.475462371483445 ], [ 5685414.845238985493779, 7424879.363910477608442 ], [ 5685412.778009809553623, 7424883.473093681968749 ], [ 5685410.429628610610962, 7424885.922599565237761 ], [ 5685407.99942412879318, 7424888.152851287275553 ], [ 5685407.871518606320024, 7424888.27023293916136 ], [ 5685405.523135627619922, 7424890.719737666659057 ], [ 5685404.535432663746178, 7424893.775774048641324 ], [ 5685404.821401705034077, 7424897.776857696473598 ], [ 5685405.879115311428905, 7424907.429302071221173 ], [ 5685408.594813316129148, 7424912.991365405730903 ], [ 5685410.139490574598312, 7424914.927519047632813 ], [ 5685415.34126490727067, 7424921.490442576818168 ], [ 5685419.11581264808774, 7424927.784409019164741 ], [ 5685419.637019510380924, 7424932.443724291399121 ], [ 5685421.272907618433237, 7424941.289068359881639 ], [ 5685424.238872550427914, 7424950.073313835076988 ], [ 5685429.654983435757458, 7424960.863625409081578 ], [ 5685432.857035276480019, 7424963.61569406837225 ], [ 5685438.427608239464462, 7424966.593478359282017 ], [ 5685442.668104867450893, 7424969.632361304014921 ], [ 5685448.985208554193377, 7424975.475010402500629 ], [ 5685456.059047963470221, 7424984.405069192871451 ], [ 5685459.056201818399131, 7424989.396671904250979 ], [ 5685460.068579131737351, 7424993.5874014031142 ], [ 5685459.249509507790208, 7424998.085276018828154 ], [ 5685457.606545710004866, 7425004.739615931175649 ], [ 5685456.295749308541417, 7425014.166351230815053 ], [ 5685456.512935102917254, 7425015.996226580813527 ], [ 5685456.801656485535204, 7425018.491852975450456 ], [ 5685458.811384169384837, 7425024.309360314160585 ], [ 5685467.035926776006818, 7425035.974217243492603 ], [ 5685471.141597512178123, 7425041.438978044316173 ], [ 5685471.403987320140004, 7425041.794895011000335 ], [ 5685473.654620706103742, 7425043.921630583703518 ], [ 5685478.565425195731223, 7425045.926163150928915 ], [ 5685485.082648362964392, 7425047.187860711477697 ], [ 5685496.510681129060686, 7425050.454083527438343 ], [ 5685504.981808007694781, 7425054.079151375219226 ], [ 5685514.823566974140704, 7425060.763425504788756 ], [ 5685519.043417908251286, 7425065.587348887696862 ], [ 5685521.544607841409743, 7425068.706126700155437 ], [ 5685522.275841095484793, 7425071.237179098650813 ], [ 5685521.799709202721715, 7425074.269723678007722 ], [ 5685518.683533984236419, 7425080.099703912623227 ], [ 5685516.503492221236229, 7425086.221195939928293 ], [ 5685515.203739314340055, 7425089.18007030710578 ], [ 5685515.31088001281023, 7425091.516780823469162 ], [ 5685517.551045326516032, 7425095.651108354330063 ], [ 5685524.318014662712812, 7425104.595259858295321 ], [ 5685532.363787067122757, 7425114.595725531689823 ], [ 5685533.458088082261384, 7425118.336668747477233 ], [ 5685533.585088727995753, 7425125.578746641986072 ], [ 5685534.014481026679277, 7425128.235172545537353 ], [ 5685535.293278865516186, 7425129.291487861424685 ], [ 5685537.416105602867901, 7425130.86655998043716 ], [ 5685540.178606208413839, 7425130.739649722352624 ], [ 5685542.286401375196874, 7425129.750765634700656 ], [ 5685542.598721634596586, 7425127.617796570062637 ], [ 5685541.647549700923264, 7425124.762328643351793 ], [ 5685540.28711883444339, 7425121.925662368535995 ], [ 5685540.21058801189065, 7425120.256582863628864 ], [ 5685540.768353919498622, 7425119.004388755187392 ], [ 5685542.170148047618568, 7425118.270951078273356 ], [ 5685545.618236947804689, 7425117.443504394963384 ], [ 5685548.416449912823737, 7425118.095495864748955 ], [ 5685549.82817574031651, 7425119.814741443842649 ], [ 5685551.275616764090955, 7425122.312890851870179 ], [ 5685551.198540445417166, 7425125.104091395623982 ], [ 5685549.955184031277895, 7425127.056821184232831 ], [ 5685548.640124971978366, 7425129.681883109733462 ], [ 5685548.660260412842035, 7425132.357111065648496 ], [ 5685549.202174208126962, 7425135.231380766257644 ], [ 5685549.611160609871149, 7425137.442719051614404 ], [ 5685549.12992540653795, 7425140.363993167877197 ], [ 5685547.441318969242275, 7425143.78676017280668 ], [ 5685544.284313572570682, 7425148.726568333804607 ], [ 5685542.396176500245929, 7425152.270006969571114 ], [ 5685541.285467135719955, 7425157.115806288085878 ], [ 5685541.243273217231035, 7425167.376329002901912 ], [ 5685540.222548270598054, 7425172.619416637346148 ], [ 5685540.081264959648252, 7425173.339547757059336 ], [ 5685538.617411375977099, 7425179.428139004856348 ], [ 5685537.465880626812577, 7425183.38376141898334 ], [ 5685536.697822798974812, 7425188.994362166151404 ], [ 5685536.829637632705271, 7425198.577851479873061 ], [ 5685536.250065985135734, 7425210.535653721541166 ], [ 5685533.307590307667851, 7425217.918737564235926 ], [ 5685533.4963563606143, 7425222.035799856297672 ], [ 5685535.475503390654922, 7425227.185678549110889 ], [ 5685537.43934581335634, 7425232.001741421408951 ], [ 5685539.807069734670222, 7425238.917871030978858 ], [ 5685540.221844624727964, 7425247.964281668886542 ], [ 5685540.511114856228232, 7425254.273402014747262 ], [ 5685540.586237205192447, 7425267.093178704380989 ], [ 5685537.643742991611362, 7425274.476260712370276 ], [ 5685534.369071450084448, 7425279.086942702531815 ], [ 5685527.344420623034239, 7425284.650428963825107 ], [ 5685515.633922868408263, 7425288.645058248192072 ], [ 5685507.451135102659464, 7425293.548091519623995 ], [ 5685504.557432515546679, 7425295.286703428253531 ], [ 5685478.862997333519161, 7425318.54517393745482 ], [ 5685471.321327524259686, 7425326.250987432897091 ], [ 5685468.721729649230838, 7425332.168711861595511 ], [ 5685469.094106349162757, 7425340.291557067073882 ], [ 5685469.63991676364094, 7425352.197645299136639 ], [ 5685470.814926477149129, 7425364.4093520604074 ], [ 5685477.131266351789236, 7425376.94244231376797 ], [ 5685477.685608798637986, 7425378.522669326514006 ], [ 5685479.84161885548383, 7425384.623383481055498 ], [ 5685480.814926601015031, 7425390.198588859289885 ], [ 5685481.09403473418206, 7425391.813759069889784 ], [ 5685483.451233767904341, 7425400.737489383667707 ], [ 5685486.36473995167762, 7425419.559717439115047 ], [ 5685488.824257692322135, 7425428.478749055415392 ], [ 5685492.783417228609324, 7425432.08811014983803 ], [ 5685497.024024026468396, 7425435.127012515440583 ], [ 5685505.414012647233903, 7425434.741645192727447 ], [ 5685513.599367190152407, 7425434.365672527812421 ], [ 5685515.894385789521039, 7425433.881134900264442 ], [ 5685533.198596029542387, 7425430.231733482331038 ], [ 5685545.052052221260965, 7425429.352733012288809 ], [ 5685553.600470650941133, 7425430.186630002222955 ], [ 5685560.16858503036201, 7425434.791198389604688 ], [ 5685567.646494437009096, 7425445.821340749971569 ], [ 5685586.805983934551477, 7425472.126474924385548 ], [ 5685589.420739132910967, 7425475.70837342645973 ], [ 5685604.587499583140016, 7425488.949955072253942 ], [ 5685613.457084963098168, 7425499.024110127240419 ], [ 5685628.034926694817841, 7425517.310525642707944 ], [ 5685634.254765844903886, 7425525.49928599409759 ], [ 5685637.732722490094602, 7425532.029901271685958 ], [ 5685640.888422640040517, 7425538.240801252424717 ], [ 5685647.257067653350532, 7425542.966023214161396 ], [ 5685664.082530854269862, 7425547.656883560121059 ], [ 5685686.786035899072886, 7425553.081241331994534 ], [ 5685697.973841084167361, 7425557.808060487732291 ], [ 5685704.260874570347369, 7425560.752909854985774 ], [ 5685708.9978361222893, 7425563.434452500194311 ], [ 5685710.665264066308737, 7425566.257018255069852 ], [ 5685711.508504504337907, 7425573.466208467260003 ], [ 5685713.861002033576369, 7425580.048525872640312 ], [ 5685717.978417994454503, 7425587.107290889136493 ], [ 5685723.543596263974905, 7425594.434060826897621 ], [ 5685724.371803706511855, 7425599.07928979024291 ], [ 5685724.825912768021226, 7425608.982518958859146 ], [ 5685725.019801525399089, 7425613.210864013060927 ], [ 5685726.55913348775357, 7425617.711915263906121 ], [ 5685729.070353353396058, 7425623.283381646499038 ], [ 5685729.406928775832057, 7425623.691643629223108 ], [ 5685739.280145488679409, 7425635.749083448201418 ], [ 5685748.983731393702328, 7425646.119412994012237 ], [ 5685751.76619899366051, 7425650.897870102897286 ], [ 5685752.466581617482007, 7425654.991439794190228 ], [ 5685752.072075526230037, 7425659.804353307932615 ], [ 5685750.767177115194499, 7425662.651972947642207 ], [ 5685746.47973367664963, 7425665.302100947126746 ], [ 5685743.010836953297257, 7425667.914620669558644 ], [ 5685739.88461078889668, 7425671.291942672803998 ], [ 5685737.827489467337728, 7425675.623706101439893 ], [ 5685736.506732663139701, 7425682.597798401489854 ], [ 5685733.062792129814625, 7425690.226967037655413 ], [ 5685731.435348117724061, 7425694.985014448873699 ], [ 5685731.332754552364349, 7425697.219860792160034 ], [ 5685731.869309332221746, 7425702.213009752333164 ], [ 5685735.705302036367357, 7425709.842243058606982 ], [ 5685741.66420832183212, 7425719.046545511111617 ], [ 5685748.677197014912963, 7425726.641327120363712 ], [ 5685751.229794878512621, 7425728.642681536264718 ], [ 5685752.339723163284361, 7425730.487302320078015 ], [ 5685752.513473963364959, 7425732.040413407608867 ], [ 5685751.970991786569357, 7425733.626430024392903 ], [ 5685748.896045485511422, 7425735.886327223852277 ], [ 5685743.227131935767829, 7425739.714981899596751 ], [ 5685739.226209226064384, 7425741.905910620465875 ], [ 5685738.182333929464221, 7425743.73797420412302 ], [ 5685737.78808768838644, 7425746.320739426650107 ], [ 5685737.905436655506492, 7425748.880001284182072 ], [ 5685738.810725674033165, 7425750.734024299308658 ], [ 5685741.721303950063884, 7425753.834001570940018 ], [ 5685743.086891609244049, 7425756.781944422051311 ], [ 5685743.94598587974906, 7425759.864662981592119 ], [ 5685743.991628856398165, 7425763.096259318292141 ], [ 5685742.108512787148356, 7425766.750985143706203 ], [ 5685739.069271254353225, 7425769.789783988147974 ], [ 5685733.651175001636147, 7425772.380334533751011 ], [ 5685727.568141218274832, 7425773.886363608762622 ], [ 5685725.235289780423045, 7425773.770521476864815 ], [ 5685719.551524367183447, 7425773.474098901264369 ], [ 5685715.64298449177295, 7425773.207628433592618 ], [ 5685713.739733558148146, 7425774.187115009874105 ], [ 5685712.501416832208633, 7425776.25112076010555 ], [ 5685712.219404522329569, 7425781.281872626394033 ], [ 5685713.28256647195667, 7425788.81548023968935 ], [ 5685715.947125988081098, 7425795.494975595735013 ], [ 5685719.159279327839613, 7425800.699729450047016 ], [ 5685721.261507418937981, 7425804.059859871864319 ], [ 5685724.57088107522577, 7425809.148640789091587 ], [ 5685725.921160876750946, 7425811.762768726795912 ], [ 5685726.73943564388901, 7425813.955310104414821 ], [ 5685726.81596411857754, 7425815.624393640086055 ], [ 5685726.462806698866189, 7425816.867190127260983 ], [ 5685724.999439476057887, 7425818.495508356019855 ], [ 5685723.106386074796319, 7425819.697539223358035 ], [ 5685721.827249923720956, 7425820.871367192827165 ], [ 5685720.998206673189998, 7425822.916571134701371 ], [ 5685721.412021120078862, 7425827.469331612810493 ], [ 5685720.828147694468498, 7425832.625457341782749 ], [ 5685720.19297151453793, 7425838.899005562067032 ], [ 5685720.15640714019537, 7425844.810534657910466 ], [ 5685720.96957940235734, 7425846.891804286278784 ], [ 5685723.793151170015335, 7425850.330305518582463 ], [ 5685724.739538381807506, 7425850.844363102689385 ], [ 5685725.460878804326057, 7425850.922732518985868 ], [ 5685726.468771385028958, 7425850.541911736130714 ], [ 5685727.164885971695185, 7425847.833774758502841 ], [ 5685728.587725000455976, 7425843.085133919492364 ], [ 5685728.409160155802965, 7425839.190605593845248 ], [ 5685726.793300040066242, 7425833.020466107875109 ], [ 5685726.317979648709297, 7425829.362583684735 ], [ 5685726.947485439479351, 7425827.438052522018552 ], [ 5685729.853532277978957, 7425825.966472143307328 ], [ 5685732.2068837787956, 7425825.858360981568694 ], [ 5685734.278786013834178, 7425826.320712216198444 ], [ 5685735.665062554180622, 7425827.483600310981274 ], [ 5685736.774991974234581, 7425829.328223405405879 ], [ 5685736.902540410868824, 7425832.110029680654407 ], [ 5685734.772826917469501, 7425843.804556543007493 ], [ 5685734.593132747337222, 7425848.830609573982656 ], [ 5685734.280789231881499, 7425850.963584128767252 ], [ 5685732.36704140715301, 7425853.950671610422432 ], [ 5685730.509695970453322, 7425855.931608045473695 ], [ 5685729.271370897069573, 7425857.995613874867558 ], [ 5685729.0358367851004, 7425859.567526466213167 ], [ 5685729.219785686582327, 7425861.343181870877743 ], [ 5685730.109770133160055, 7425862.863389909267426 ], [ 5685731.32201986014843, 7425864.70331340841949 ], [ 5685731.50086706597358, 7425866.367696618661284 ], [ 5685731.055591099895537, 7425867.837737835943699 ], [ 5685729.453900969587266, 7425870.92199520394206 ], [ 5685727.760377995669842, 7425872.003351980820298 ], [ 5685725.34551330562681, 7425873.006338844075799 ], [ 5685723.032968251034617, 7425874.004624897614121 ], [ 5685721.758927751332521, 7425875.289723861962557 ], [ 5685721.32385372556746, 7425876.982308935374022 ], [ 5685721.451110908761621, 7425881.994259439408779 ], [ 5685722.125679777003825, 7425887.761613940820098 ], [ 5685721.961567125283182, 7425890.891337239183486 ], [ 5685720.503291158936918, 7425892.630925208330154 ], [ 5685718.72785116173327, 7425894.162069354206324 ], [ 5685716.108341664075851, 7425895.174454255960882 ], [ 5685713.877705777063966, 7425895.722948767244816 ], [ 5685712.148467091843486, 7425896.025397319346666 ], [ 5685711.048453846946359, 7425896.633460925891995 ], [ 5685710.787407871335745, 7425897.649011495523155 ], [ 5685710.961150337941945, 7425899.202122202143073 ], [ 5685711.907251368276775, 7425901.946325670927763 ], [ 5685712.796658392064273, 7425907.926823768764734 ], [ 5685712.673354771919549, 7425911.946724053472281 ], [ 5685712.217293183319271, 7425917.654508292675018 ], [ 5685710.625504095107317, 7425923.191449988633394 ], [ 5685708.941885842941701, 7425926.725491484627128 ], [ 5685708.030915776267648, 7425929.220481565222144 ], [ 5685707.795085394755006, 7425933.022537101991475 ], [ 5685706.955535148270428, 7425937.075337787158787 ], [ 5685705.717196432873607, 7425939.139339039102197 ], [ 5685703.864934729412198, 7425941.231540727429092 ], [ 5685702.621493623591959, 7425943.184269332326949 ], [ 5685702.462765642441809, 7425944.195119269192219 ], [ 5685701.643910088576376, 7425946.462863916531205 ], [ 5685700.3182607665658, 7425951.09552488848567 ], [ 5685699.995409843511879, 7425955.236096264794469 ], [ 5685700.583240531384945, 7425959.111822780221701 ], [ 5685701.268290371634066, 7425962.871577089652419 ], [ 5685703.211795760318637, 7425967.242564020678401 ], [ 5685706.874054431915283, 7425973.318705163896084 ], [ 5685707.743341024965048, 7425976.623970756307244 ], [ 5685708.438594741746783, 7425980.606269745156169 ], [ 5685709.006020782515407, 7425984.036907814443111 ], [ 5685710.294793417677283, 7425987.545917674899101 ], [ 5685712.842024023644626, 7425991.666159955784678 ], [ 5685718.64253125153482, 7425999.651199107989669 ], [ 5685722.044334008358419, 7426002.282601092010736 ], [ 5685725.47703811340034, 7426003.351491253823042 ], [ 5685734.695827784016728, 7426005.381165198050439 ], [ 5685738.762865050695837, 7426006.866940576583147 ], [ 5685740.763079051859677, 7426008.001630935817957 ], [ 5685742.087859717197716, 7426010.059400875121355 ], [ 5685742.220500702038407, 7426012.952479498460889 ], [ 5685742.168616249226034, 7426018.530192938633263 ], [ 5685742.587813463062048, 7426020.964081862941384 ], [ 5685743.978915229439735, 7426024.468391316011548 ], [ 5685745.963247529231012, 7426029.729555773548782 ], [ 5685747.400554003193974, 7426032.005170164629817 ], [ 5685749.538803522475064, 7426033.914065983146429 ], [ 5685751.042720692232251, 7426035.406074126251042 ], [ 5685751.630849936045706, 7426037.051656850613654 ], [ 5685751.66117009613663, 7426039.949436094611883 ], [ 5685751.840014944784343, 7426041.613819874823093 ], [ 5685752.295213664881885, 7426042.59646927472204 ], [ 5685753.354164967313409, 7426043.105358006432652 ], [ 5685755.651115310378373, 7426044.226417118683457 ], [ 5685760.060838917270303, 7426046.476995101198554 ], [ 5685761.708180618472397, 7426046.624334746971726 ], [ 5685765.166693090461195, 7426046.019434547051787 ], [ 5685768.543290958739817, 7426045.864323033951223 ], [ 5685772.666747163049877, 7426046.343941856175661 ], [ 5685774.871610448695719, 7426047.469228910282254 ], [ 5685776.697799873538315, 7426049.280951210297644 ], [ 5685778.9074796019122, 7426052.747656801715493 ], [ 5685779.285581653006375, 7426056.521514520980418 ], [ 5685778.942619481123984, 7426057.986856208182871 ], [ 5685778.46162377577275, 7426058.677992103621364 ], [ 5685777.545834392309189, 7426058.831568033434451 ], [ 5685775.734662445262074, 7426059.583808934316039 ], [ 5685774.046218376606703, 7426060.776438415050507 ], [ 5685773.57032401766628, 7426061.57884637825191 ], [ 5685771.297986301593482, 7426067.927604037337005 ], [ 5685770.525042659603059, 7426071.1968036852777 ], [ 5685770.084570688195527, 7426075.008263716474175 ], [ 5685770.585397073999047, 7426079.22251002676785 ], [ 5685771.413882782682776, 7426081.637598346918821 ], [ 5685772.503418087027967, 7426083.037135026417673 ], [ 5685773.444717307575047, 7426083.439921291545033 ], [ 5685774.160967152565718, 7426083.407018971629441 ], [ 5685775.644771567545831, 7426082.223790837451816 ], [ 5685778.648091490380466, 7426080.636240127496421 ], [ 5685780.172708872705698, 7426080.343189891427755 ], [ 5685781.809851023368537, 7426080.267983723431826 ], [ 5685783.804974624887109, 7426081.291399333626032 ], [ 5685788.608405843377113, 7426085.419501139782369 ], [ 5685790.020212524570525, 7426087.138752736151218 ], [ 5685789.892096057534218, 7426088.817238492891192 ], [ 5685789.288084467872977, 7426091.29813264682889 ], [ 5685789.210985149256885, 7426094.08934161439538 ], [ 5685789.778425045311451, 7426097.519982039928436 ], [ 5685791.701553496532142, 7426101.445878701284528 ], [ 5685796.387078421190381, 7426107.475010719150305 ], [ 5685798.560768140479922, 7426112.392957421019673 ], [ 5685799.634143143892288, 7426120.149118071421981 ], [ 5685799.73021643795073, 7426128.953734261915088 ], [ 5685800.471690353937447, 7426131.707340217195451 ], [ 5685801.49462092295289, 7426133.89048317912966 ], [ 5685805.356765923090279, 7426137.615799374878407 ], [ 5685806.47181558329612, 7426139.571697129867971 ], [ 5685807.704206150025129, 7426144.086858970113099 ], [ 5685807.80624145641923, 7426146.312306009232998 ], [ 5685807.048887813463807, 7426147.685177829116583 ], [ 5685805.672501093707979, 7426148.974979838356376 ], [ 5685805.017468909732997, 7426150.34315103944391 ], [ 5685804.776825800538063, 7426151.803792838007212 ], [ 5685804.796657834202051, 7426156.70917696505785 ], [ 5685804.48911667894572, 7426161.183572894893587 ], [ 5685803.578134569339454, 7426163.678568510338664 ], [ 5685802.370389441028237, 7426166.410209825262427 ], [ 5685799.44357636384666, 7426169.666846458800137 ], [ 5685796.286609655246139, 7426172.376521188765764 ], [ 5685794.480524552986026, 7426173.240033337846398 ], [ 5685792.843372146598995, 7426173.315238317474723 ], [ 5685791.70762669108808, 7426173.144396983087063 ], [ 5685788.888814806006849, 7426172.047309223562479 ], [ 5685787.134035853669047, 7426171.793396939523518 ], [ 5685784.882951521314681, 7426171.896802697330713 ], [ 5685784.518163336440921, 7426171.991614226251841 ], [ 5685783.26110383681953, 7426172.305823612958193 ], [ 5685781.98193272203207, 7426173.47964982688427 ], [ 5685780.282978108152747, 7426176.679878538474441 ], [ 5685779.637852135114372, 7426180.500738713890314 ], [ 5685779.279285929165781, 7426183.86240894626826 ], [ 5685779.35580794326961, 7426185.531493562273681 ], [ 5685778.828600100241601, 7426187.451323917135596 ], [ 5685777.692560661584139, 7426189.510627591982484 ], [ 5685776.182942213490605, 7426192.36763786431402 ], [ 5685773.066776569001377, 7426195.967483852058649 ], [ 5685770.52883281186223, 7426198.760222109034657 ], [ 5685769.914604680612683, 7426201.018568720668554 ], [ 5685769.909208288416266, 7426203.13744237832725 ], [ 5685770.098253574222326, 7426205.024371259845793 ], [ 5685772.282435356639326, 7426207.934721178375185 ], [ 5685774.359194145537913, 7426210.738498814404011 ], [ 5685774.425511980429292, 7426212.185038702562451 ], [ 5685773.775573655962944, 7426213.664479361847043 ], [ 5685772.102412013337016, 7426215.190920919179916 ], [ 5685768.986534801311791, 7426216.560618663206697 ], [ 5685767.502713022753596, 7426217.743842510506511 ], [ 5685767.251860368065536, 7426218.981937851756811 ], [ 5685767.553429785184562, 7426221.086711227893829 ], [ 5685769.916158025152981, 7426227.891592146828771 ], [ 5685771.84438738040626, 7426231.928766004741192 ], [ 5685775.476093924604356, 7426237.337278580293059 ], [ 5685782.105172303505242, 7426247.737414431758225 ], [ 5685789.997543452307582, 7426261.090200828388333 ], [ 5685792.713752398267388, 7426264.422139341011643 ], [ 5685794.739505258388817, 7426266.113193678669631 ], [ 5685797.573637094348669, 7426267.544101815670729 ], [ 5685799.062270259484649, 7426268.702294985763729 ], [ 5685800.381968278437853, 7426270.648794816806912 ], [ 5685801.148947495035827, 7426273.958763834089041 ], [ 5685801.28668606467545, 7426276.963116986677051 ], [ 5685800.897506424225867, 7426279.65715401712805 ], [ 5685799.403181533329189, 7426282.847982169128954 ], [ 5685794.618630443699658, 7426290.315690696239471 ], [ 5685792.750720269046724, 7426294.304224262945354 ], [ 5685790.708770780824125, 7426298.969791426323354 ], [ 5685788.08829322271049, 7426306.672610909678042 ], [ 5685787.284715538844466, 7426309.274174558930099 ], [ 5685786.813612569123507, 7426312.417999591678381 ], [ 5685786.659680653363466, 7426315.770269135013223 ], [ 5685786.234786458313465, 7426317.685398565605283 ], [ 5685785.40570115018636, 7426319.730600291863084 ], [ 5685783.563587419688702, 7426322.045346435159445 ], [ 5685779.879357925616205, 7426326.674837607890368 ], [ 5685773.636445412412286, 7426335.882116697728634 ], [ 5685769.522209007292986, 7426342.315459710545838 ], [ 5685767.782109482213855, 7426346.855648288503289 ], [ 5685766.952715696766973, 7426351.1309934258461 ], [ 5685766.98271525092423, 7426356.258918153122067 ], [ 5685767.974735505878925, 7426360.004577330313623 ], [ 5685769.3148373067379, 7426362.396169828251004 ], [ 5685772.614386013709009, 7426365.032282380387187 ], [ 5685777.003785442560911, 7426366.837789949961007 ], [ 5685778.594747465103865, 7426367.991287219338119 ], [ 5685779.459243955090642, 7426368.955138942226768 ], [ 5685780.241821414791048, 7426370.368779733777046 ], [ 5685780.538287313655019, 7426372.362281460314989 ], [ 5685780.189904042519629, 7426375.946494578383863 ], [ 5685778.986922707408667, 7426381.019546296447515 ], [ 5685778.75646773353219, 7426382.702730383723974 ], [ 5685779.349701508879662, 7426384.459587974473834 ], [ 5685782.076122879050672, 7426388.014077617786825 ], [ 5685784.920171949081123, 7426391.897684153169394 ], [ 5685785.723154584877193, 7426393.756414317525923 ], [ 5685785.9683075286448, 7426396.867339190095663 ], [ 5685785.844974293373525, 7426400.887242044322193 ], [ 5685786.468815116211772, 7426403.311733596026897 ], [ 5685787.358818573877215, 7426404.831947050988674 ], [ 5685791.727523315697908, 7426408.422510733827949 ], [ 5685794.075564019382, 7426410.433287084102631 ], [ 5685794.97066951636225, 7426412.064772711135447 ], [ 5685795.302843825891614, 7426414.837181054055691 ], [ 5685795.675524295307696, 7426420.729914471507072 ], [ 5685796.23785118944943, 7426424.049284698441625 ], [ 5685798.426853970624506, 7426429.301058417186141 ], [ 5685800.263278883881867, 7426431.335334317758679 ], [ 5685802.718748204410076, 7426433.452682922594249 ], [ 5685804.560275131836534, 7426435.598230913281441 ], [ 5685805.025682569481432, 7426436.803426921367645 ], [ 5685805.199421791359782, 7426438.356539765372872 ], [ 5685804.866642769426107, 7426440.044424592517316 ], [ 5685802.523093567229807, 7426442.605214059352875 ], [ 5685801.765715235844254, 7426443.978081324137747 ], [ 5685801.509754122234881, 7426445.104904370382428 ], [ 5685801.555663608945906, 7426446.106355393305421 ], [ 5685802.33314363937825, 7426447.408724147826433 ], [ 5685804.73760439734906, 7426448.413349722512066 ], [ 5685805.694227233529091, 7426449.149956874549389 ], [ 5685806.476808771491051, 7426450.563597895205021 ], [ 5685806.829387907870114, 7426453.781096002086997 ], [ 5685806.266152193769813, 7426457.152165669947863 ], [ 5685804.418916418217123, 7426459.355638232082129 ], [ 5685801.272073935717344, 7426462.287842748686671 ], [ 5685799.48635261785239, 7426463.596435852348804 ], [ 5685799.12296546716243, 7426464.616686226800084 ], [ 5685799.179076389409602, 7426465.840681871399283 ], [ 5685799.946354641579092, 7426466.92050626501441 ], [ 5685804.120932976715267, 7426468.512869214639068 ], [ 5685805.246497635729611, 7426468.461170565336943 ], [ 5685806.448881153948605, 7426467.848410232923925 ], [ 5685807.902125120162964, 7426465.997554284520447 ], [ 5685809.25814569182694, 7426464.262670367024839 ], [ 5685810.55265053268522, 7426463.422664968296885 ], [ 5685811.780538830906153, 7426463.366265811026096 ], [ 5685813.545552765019238, 7426463.842728594318032 ], [ 5685816.876034037210047, 7426464.916325934231281 ], [ 5685822.580373422242701, 7426466.326912252232432 ], [ 5685826.396970227360725, 7426466.820645930245519 ], [ 5685830.090838394127786, 7426466.873989261686802 ], [ 5685832.669344557449222, 7426467.20157727226615 ], [ 5685836.971757216379046, 7426469.345594027079642 ], [ 5685839.964363111183047, 7426471.995800947770476 ], [ 5685842.040855906903744, 7426477.029729097150266 ], [ 5685843.932807859033346, 7426484.748295232653618 ], [ 5685846.485214293934405, 7426488.979816125705838 ], [ 5685849.037919946946204, 7426490.98118865955621 ], [ 5685852.128051699139178, 7426491.285273825749755 ], [ 5685853.969887607730925, 7426491.200670844875276 ], [ 5685854.833011696115136, 7426491.016065216623247 ], [ 5685859.24993578530848, 7426490.066081572324038 ], [ 5685861.608493983745575, 7426490.069248992949724 ], [ 5685864.519484610296786, 7426490.939094283618033 ], [ 5685871.840030182152987, 7426496.289670325815678 ], [ 5685878.577243714593351, 7426502.336080802604556 ], [ 5685882.587709509767592, 7426507.058156663551927 ], [ 5685884.444558191113174, 7426509.537517409771681 ], [ 5685886.26569661218673, 7426511.237970829941332 ], [ 5685887.841374295763671, 7426512.057645143941045 ], [ 5685889.391544371843338, 7426512.320956989191473 ], [ 5685891.320402542129159, 7426511.897832315415144 ], [ 5685898.44229462556541, 7426510.678623488172889 ], [ 5685899.782714461907744, 7426510.840062683448195 ], [ 5685901.660264336504042, 7426511.534361914731562 ], [ 5685903.276756219565868, 7426513.24421476945281 ], [ 5685904.499255873262882, 7426515.306686921976507 ], [ 5685905.02560034673661, 7426520.077302668243647 ], [ 5685906.114000208675861, 7426530.397441744804382 ], [ 5685906.717160419560969, 7426534.606994702480733 ], [ 5685906.752579940482974, 7426537.616052508354187 ], [ 5685906.194750566035509, 7426538.868252623826265 ], [ 5685903.017295391298831, 7426541.132843738421798 ], [ 5685898.60174114536494, 7426543.231293648481369 ], [ 5685896.314595874398947, 7426544.78594452701509 ], [ 5685891.469040416181087, 7426548.688253169879317 ], [ 5685886.966461873613298, 7426551.125216443091631 ], [ 5685884.101076146587729, 7426553.486973808147013 ], [ 5685882.688640324398875, 7426556.22801673039794 ], [ 5685880.887013671919703, 7426561.663099475204945 ], [ 5685878.634679825045168, 7426570.687101324088871 ], [ 5685876.249707289040089, 7426576.818018456920981 ], [ 5685874.70883721113205, 7426583.467695700936019 ], [ 5685874.436973151750863, 7426588.72100130841136 ], [ 5685873.42302768304944, 7426595.680994495749474 ], [ 5685873.315301552414894, 7426597.804571135900915 ], [ 5685872.767667984589934, 7426599.279313566163182 ], [ 5685871.989878158085048, 7426600.207093962468207 ], [ 5685870.173534816130996, 7426600.848057948052883 ], [ 5685863.849791130982339, 7426601.584552053362131 ], [ 5685861.598641615360975, 7426601.687952952459455 ], [ 5685858.60571157746017, 7426601.267891524359584 ], [ 5685856.625829216092825, 7426600.578284740447998 ], [ 5685855.106560765765607, 7426598.752453661523759 ], [ 5685854.707765903323889, 7426596.763650199398398 ], [ 5685855.056457210332155, 7426590.949284682050347 ], [ 5685855.251509145833552, 7426586.257043248042464 ], [ 5685854.99074687063694, 7426585.042446722276509 ], [ 5685853.481681805104017, 7426583.439160715788603 ], [ 5685850.642394071444869, 7426581.896974612958729 ], [ 5685848.872265134938061, 7426581.309239961206913 ], [ 5685847.132742885500193, 7426581.389139554463327 ], [ 5685845.730801622383296, 7426582.122573472559452 ], [ 5685845.374614095315337, 7426582.852576661854982 ], [ 5685844.231332830153406, 7426585.202127458527684 ], [ 5685844.379263496957719, 7426588.429026983678341 ], [ 5685843.355406491085887, 7426592.936322039924562 ], [ 5685840.653236337006092, 7426598.858783915638924 ], [ 5685836.471992889419198, 7426608.305886467918754 ], [ 5685834.721652897074819, 7426612.623534042388201 ], [ 5685834.368156223557889, 7426616.096477016806602 ], [ 5685833.804600994102657, 7426621.697694605216384 ], [ 5685832.811647887341678, 7426624.642474326305091 ], [ 5685831.348183100111783, 7426626.270784500986338 ], [ 5685831.046308523975313, 7426626.39615623280406 ], [ 5685830.43235763348639, 7426626.424354921095073 ], [ 5685829.184052415192127, 7426626.035662731155753 ], [ 5685828.165901800617576, 7426626.193932784721255 ], [ 5685827.388107375241816, 7426627.121709840372205 ], [ 5685827.080823521129787, 7426629.365956265479326 ], [ 5685826.901060110889375, 7426634.39201189391315 ], [ 5685827.391665311530232, 7426638.383717995136976 ], [ 5685828.148748509585857, 7426639.240998779423535 ], [ 5685830.333284343592823, 7426639.921210672706366 ], [ 5685835.505656003952026, 7426640.910218228586018 ], [ 5685836.963713897392154, 7426641.400783038698137 ], [ 5685838.140300562605262, 7426642.461809089407325 ], [ 5685838.708036662079394, 7426643.662306319922209 ], [ 5685838.682224712334573, 7426645.336091939359903 ], [ 5685838.027158314362168, 7426646.704259173944592 ], [ 5685835.842313140630722, 7426648.254195495508611 ], [ 5685834.819060149602592, 7426648.301193244755268 ], [ 5685833.355900903232396, 7426647.699355702847242 ], [ 5685831.268588369712234, 7426646.903171801008284 ], [ 5685830.649535808712244, 7426646.820097912102938 ], [ 5685829.846235945820808, 7426647.191512977704406 ], [ 5685828.797169832512736, 7426648.912295656278729 ], [ 5685827.911638255231082, 7426651.963646923191845 ], [ 5685827.757995499297976, 7426653.085770068690181 ], [ 5685828.11087860353291, 7426654.073122253641486 ], [ 5685829.389790640212595, 7426655.129449343308806 ], [ 5685831.154825571924448, 7426655.605915828607976 ], [ 5685831.901707894168794, 7426656.240651932545006 ], [ 5685832.060142175294459, 7426657.459948344156146 ], [ 5685832.504530834034085, 7426662.680350607261062 ], [ 5685832.800996064208448, 7426664.673853941261768 ], [ 5685833.225290703587234, 7426667.219019453972578 ], [ 5685832.943508773110807, 7426670.019627815112472 ], [ 5685832.963602186180651, 7426672.694864604622126 ], [ 5685833.280470338650048, 7426675.133457494899631 ], [ 5685835.576918761245906, 7426680.491809760220349 ], [ 5685838.083429744467139, 7426683.721887552179396 ], [ 5685839.566995421424508, 7426684.768815110437572 ], [ 5685841.966390484012663, 7426685.662172408774495 ], [ 5685843.664809380657971, 7426686.922244956716895 ], [ 5685845.22998911049217, 7426689.749530490487814 ], [ 5685846.120005569420755, 7426691.269745867699385 ], [ 5685847.276192202232778, 7426691.885682713240385 ], [ 5685848.821277915500104, 7426692.037730725482106 ], [ 5685850.571014871820807, 7426692.180378986522555 ], [ 5685851.727201757952571, 7426692.796315552666783 ], [ 5685853.696584886871278, 7426695.493529101833701 ], [ 5685857.088018176145852, 7426700.132548220455647 ], [ 5685863.354774244129658, 7426704.862515924498439 ], [ 5685867.478101175278425, 7426707.572303745895624 ], [ 5685869.606230932287872, 7426709.258664730936289 ], [ 5685871.181618474423885, 7426712.308494228869677 ], [ 5685872.931052064523101, 7426714.681289262138307 ], [ 5685876.297294428572059, 7426716.533795598894358 ], [ 5685879.750560277141631, 7426718.047784101217985 ], [ 5685884.518758893944323, 7426719.166854870505631 ], [ 5685886.463367684744298, 7426719.757727010175586 ], [ 5685888.678104574792087, 7426720.42539688386023 ], [ 5685893.185237327590585, 7426722.560017574578524 ], [ 5685895.195742449723184, 7426723.917258844710886 ], [ 5685895.860708714462817, 7426725.001783268526196 ], [ 5685896.106169436126947, 7426725.882562946528196 ], [ 5685895.763180763460696, 7426727.347905304282904 ], [ 5685894.207585047930479, 7426729.203465510159731 ], [ 5685893.987569273449481, 7426729.325078051537275 ], [ 5685887.709435998462141, 7426732.84714007563889 ], [ 5685885.033354715444148, 7426734.865671141073108 ], [ 5685884.588038565590978, 7426736.335712870582938 ], [ 5685884.285856330767274, 7426738.691234250552952 ], [ 5685885.395832941867411, 7426740.535866474732757 ], [ 5685887.795238784514368, 7426741.429219463840127 ], [ 5685894.07282873056829, 7426741.921427290886641 ], [ 5685897.884394221007824, 7426742.303888771682978 ], [ 5685900.800532035529613, 7426743.285012272186577 ], [ 5685904.038951570168138, 7426744.585852552205324 ], [ 5685908.407756075263023, 7426748.176413632929325 ], [ 5685910.924491817131639, 7426751.629031057469547 ], [ 5685911.947449714876711, 7426753.812179993838072 ], [ 5685913.333196735009551, 7426759.435376178473234 ], [ 5685914.258325336501002, 7426766.194798012264073 ], [ 5685914.359743284061551, 7426772.880548246204853 ], [ 5685914.271811323240399, 7426779.90951612778008 ], [ 5685914.383733075112104, 7426784.58766121417284 ], [ 5685915.524321750737727, 7426787.09992796741426 ], [ 5685916.664910659193993, 7426789.612194726243615 ], [ 5685918.091770729981363, 7426793.895421402528882 ], [ 5685918.766638876870275, 7426797.432641183957458 ], [ 5685919.006392294541001, 7426802.662449003197253 ], [ 5685920.105869283899665, 7426806.514686090871692 ], [ 5685922.090272597037256, 7426811.775865230709314 ], [ 5685923.261469890363514, 7426814.955767264589667 ], [ 5685924.002653205767274, 7426819.939529969356954 ], [ 5685924.549689659848809, 7426822.925087544135749 ], [ 5685925.822605977766216, 7426830.560590451583266 ], [ 5685925.945032803341746, 7426833.231130852364004 ], [ 5685925.734974188730121, 7426835.359408870339394 ], [ 5685925.315161103382707, 7426837.385814469307661 ], [ 5685923.964206086471677, 7426839.231975441798568 ], [ 5685922.393294187262654, 7426840.753718730993569 ], [ 5685921.359520411118865, 7426842.808324223384261 ], [ 5685918.058644498698413, 7426849.092812305316329 ], [ 5685915.812251809984446, 7426851.537634389474988 ], [ 5685914.527913599275053, 7426852.600186429917812 ], [ 5685912.511985268443823, 7426853.361820446327329 ], [ 5685910.79793593659997, 7426853.998081861995161 ], [ 5685909.800173503346741, 7426854.601443599909544 ], [ 5685908.551541108638048, 7426856.442902383394539 ], [ 5685908.054902052506804, 7426859.03036908339709 ], [ 5685907.742204092442989, 7426863.393495631404221 ], [ 5685907.890130506828427, 7426866.620397787541151 ], [ 5685907.173534063622355, 7426868.88344662822783 ], [ 5685905.709734914824367, 7426872.741909122094512 ], [ 5685903.49904144834727, 7426875.965635299682617 ], [ 5685902.500966976396739, 7426878.799145536497235 ], [ 5685901.733049910515547, 7426882.179618350230157 ], [ 5685901.276903203688562, 7426887.887413440272212 ], [ 5685901.404112538322806, 7426892.899374738335609 ], [ 5685901.664564296603203, 7426896.344121748581529 ], [ 5685903.234553056769073, 7426901.512830899097025 ], [ 5685905.249867274425924, 7426905.211498844437301 ], [ 5685908.626039331778884, 7426909.516704052686691 ], [ 5685911.772054508328438, 7426913.274946200661361 ], [ 5685912.948350893333554, 7426916.566122645512223 ], [ 5685913.316231837496161, 7426920.117442818358541 ], [ 5685912.65001711808145, 7426927.953515702858567 ], [ 5685912.843536308035254, 7426934.412020171061158 ], [ 5685912.274856497533619, 7426939.901970764622092 ], [ 5685911.532437571324408, 7426943.838806095533073 ], [ 5685909.592693971469998, 7426948.499673398211598 ], [ 5685909.111348784528673, 7426951.420956635847688 ], [ 5685909.678467973135412, 7426957.081754297018051 ], [ 5685910.066435472108424, 7426963.308313945308328 ], [ 5685909.968895356170833, 7426965.654435688629746 ], [ 5685908.853180739097297, 7426968.158827159553766 ], [ 5685907.650440122932196, 7426971.001735613681376 ], [ 5685907.046047828160226, 7426975.7127775978297 ], [ 5685906.820361115038395, 7426979.737385788932443 ], [ 5685907.556427575647831, 7426984.609876669943333 ], [ 5685908.179965035989881, 7426989.264522322453558 ], [ 5685908.609048282727599, 7426994.151112350635231 ], [ 5685908.776738284155726, 7427002.283403184264898 ], [ 5685909.917014432139695, 7427007.025823172181845 ], [ 5685911.507722435519099, 7427010.40947503875941 ], [ 5685915.221496769227087, 7427015.36822076421231 ], [ 5685918.495357695035636, 7427019.678129969164729 ], [ 5685921.600268932059407, 7427024.776345893740654 ], [ 5685923.830136300995946, 7427030.918311752378941 ], [ 5685925.211091567762196, 7427034.200090440921485 ], [ 5685928.121551788412035, 7427039.530250752344728 ], [ 5685929.809177724644542, 7427045.028080350719392 ], [ 5685929.962197869084775, 7427048.366255877539515 ], [ 5685929.623980059288442, 7427052.173020081594586 ], [ 5685928.779537040740252, 7427053.884405243210495 ], [ 5685926.65583464410156, 7427056.769611477851868 ], [ 5685925.974926368333399, 7427059.8115667803213 ], [ 5685925.493573316372931, 7427062.73285011574626 ], [ 5685926.178318389691412, 7427068.722767030820251 ], [ 5685927.257390728220344, 7427072.129917908459902 ], [ 5685929.242115681059659, 7427075.16095423605293 ], [ 5685933.063333520665765, 7427080.226273681037128 ], [ 5685933.963253857567906, 7427084.199186637066305 ], [ 5685933.988124805502594, 7427089.215849542990327 ], [ 5685933.916083817370236, 7427092.118334502913058 ], [ 5685934.29447731282562, 7427093.662050787359476 ], [ 5685935.900811388157308, 7427095.149370905011892 ], [ 5685939.03155445214361, 7427098.573800683021545 ], [ 5685940.550547004677355, 7427102.629788214340806 ], [ 5685942.74306180793792, 7427108.85152636282146 ], [ 5685943.143515109084547, 7427109.981654472649097 ], [ 5685943.450184651650488, 7427112.197705789469182 ], [ 5685944.580582890659571, 7427114.487431984394789 ], [ 5685946.340254441834986, 7427117.08277749735862 ], [ 5685948.294382251799107, 7427119.446178413927555 ], [ 5685950.089759316295385, 7427122.820431619882584 ], [ 5685951.21984329726547, 7427127.340308463200927 ], [ 5685951.633942763321102, 7427129.662932786159217 ], [ 5685951.83828432392329, 7427131.883684038184583 ], [ 5685952.431537839584053, 7427133.640546172857285 ], [ 5685954.406070509925485, 7427136.44903727248311 ], [ 5685959.613686051219702, 7427142.677257459610701 ], [ 5685963.082031221129, 7427146.755222143605351 ], [ 5685965.644721168093383, 7427151.209302356466651 ], [ 5685967.726372466422617, 7427156.354516936466098 ], [ 5685970.08950752299279, 7427160.92926927562803 ], [ 5685971.531683773733675, 7427165.546319870278239 ], [ 5685972.354786330834031, 7427170.080296792089939 ], [ 5685973.408365012146533, 7427172.931085642427206 ], [ 5685974.093748541548848, 7427174.460702948272228 ], [ 5685975.480132536962628, 7427175.623603818006814 ], [ 5685977.572617844678462, 7427176.531060656532645 ], [ 5685982.919226565398276, 7427176.843031633645296 ], [ 5685986.347089641727507, 7427177.800661765038967 ], [ 5685988.444676741026342, 7427178.819389961659908 ], [ 5685990.056123396381736, 7427180.417980520054698 ], [ 5685991.380986718460917, 7427182.475761166773736 ], [ 5685992.00995063688606, 7427185.01153162214905 ], [ 5685993.017625726759434, 7427186.860866777598858 ], [ 5685994.403699700720608, 7427190.253918759524822 ], [ 5685994.659053576178849, 7427193.587397241964936 ], [ 5685995.369943642988801, 7427195.673377420753241 ], [ 5685997.426414438523352, 7427198.032076486386359 ], [ 5686000.787347815930843, 7427202.003465501591563 ], [ 5686005.289205824956298, 7427206.256972519680858 ], [ 5686006.414514896459877, 7427208.435425464995205 ], [ 5686007.063884451985359, 7427211.416286678984761 ], [ 5686007.477990414947271, 7427213.738912057131529 ], [ 5686008.071250431239605, 7427215.495774354785681 ], [ 5686009.467841637320817, 7427216.881218986585736 ], [ 5686011.590939443558455, 7427218.456308937631547 ], [ 5686012.926009128801525, 7427220.73663451243192 ], [ 5686014.199557073414326, 7427223.911841202527285 ], [ 5686014.562343520112336, 7427227.351893154904246 ], [ 5686027.189838062040508, 7427233.707638774998486 ], [ 5686042.421781443059444, 7427242.519562048837543 ], [ 5686115.527499919757247, 7427345.215957190841436 ], [ 5686150.720080740749836, 7427425.713262801989913 ], [ 5686142.724875660613179, 7427561.11568084731698 ], [ 5686117.924423929303885, 7427673.315831083804369 ], [ 5686055.12957061547786, 7427787.316370048560202 ], [ 5686052.929359843023121, 7427859.015972698107362 ], [ 5686029.427720897831023, 7427904.720175579190254 ], [ 5686025.220745169557631, 7427944.721273875795305 ], [ 5686060.527194663882256, 7428048.518664743751287 ], [ 5686038.726223944686353, 7428140.520364224910736 ], [ 5686090.730077369138598, 7428297.620873833075166 ], [ 5686088.128079629503191, 7428343.112474925816059 ], [ 5686057.521307777613401, 7428424.914055975154042 ], [ 5686081.430272484198213, 7428568.016975937411189 ], [ 5686069.836319898255169, 7428648.031224856153131 ], [ 5686066.920890484936535, 7428668.113610301166773 ], [ 5686070.928184981457889, 7428709.01988185942173 ], [ 5686079.922473827376962, 7428743.72047258913517 ], [ 5686101.024011195637286, 7428775.412142317742109 ], [ 5686201.824926730245352, 7428857.313960523344576 ], [ 5686237.631130313500762, 7428910.219302354380488 ], [ 5686263.026532190851867, 7429009.420871017500758 ], [ 5686310.725643603131175, 7429075.216803783550858 ], [ 5686323.530874400399625, 7429123.915049895644188 ], [ 5686313.32748212851584, 7429204.512547787278891 ], [ 5686335.027995011769235, 7429270.520916546694934 ], [ 5686353.232095895335078, 7429403.9175088936463 ], [ 5686389.124767474830151, 7429460.922482477501035 ], [ 5686532.03068027831614, 7429512.813206618651748 ], [ 5686552.830778872594237, 7429560.720705524086952 ], [ 5686573.127754813060164, 7429580.417583706788719 ], [ 5686675.023678316734731, 7429631.915820188820362 ], [ 5686688.631549181416631, 7429658.721797447651625 ], [ 5686697.424675540998578, 7429732.414944486692548 ], [ 5686712.63024149928242, 7429755.813474105671048 ], [ 5686856.328091976232827, 7429842.121979433111846 ], [ 5686898.627735348418355, 7429926.519806088879704 ], [ 5686925.724354909732938, 7430011.515641320496798 ], [ 5687038.79873085860163, 7429977.462748428806663 ], [ 5687062.091546665877104, 7429961.818412816151977 ], [ 5687065.42891675978899, 7429951.61814988963306 ], [ 5687160.360778529196978, 7429947.568407420068979 ], [ 5687178.409398437477648, 7429867.902246046811342 ], [ 5687198.029128877446055, 7429805.94946900755167 ], [ 5687220.234762009233236, 7429736.428961049765348 ], [ 5687235.292784762568772, 7429693.541860779747367 ], [ 5687260.676620362326503, 7429647.927618199959397 ], [ 5687523.281151458621025, 7429278.432666801847517 ], [ 5687745.51338498480618, 7428965.426787062548101 ], [ 5687774.884849498979747, 7428922.526592309586704 ], [ 5687781.397171124815941, 7428916.272283209487796 ], [ 5687794.564441168680787, 7428905.753126481547952 ], [ 5687806.772361466661096, 7428893.32666346617043 ], [ 5687840.715027780272067, 7428876.944982498884201 ], [ 5687852.292506891302764, 7428863.744599369354546 ], [ 5687866.136011896654963, 7428836.690653869882226 ], [ 5687958.216243634000421, 7428810.897747142240405 ], [ 5687945.246291129849851, 7428765.652599785476923 ], [ 5688016.685435368679464, 7428731.241568990051746 ], [ 5688067.774278835393488, 7428718.86488389223814 ], [ 5688114.811025836504996, 7428703.340373812243342 ], [ 5688110.14830369129777, 7428677.751342305913568 ], [ 5688200.122596770524979, 7428630.487202073447406 ], [ 5688170.66912324167788, 7428552.168515076860785 ], [ 5688163.639169426634908, 7428527.067619390785694 ], [ 5688148.758102375082672, 7428529.960754772648215 ], [ 5687898.569506116211414, 7428643.232247525826097 ], [ 5687857.11234107427299, 7428543.119177788496017 ], [ 5687840.289567842148244, 7428541.473666522651911 ], [ 5687823.400340372696519, 7428538.604579356499016 ], [ 5687797.843920530751348, 7428529.454875031486154 ], [ 5687761.59038595482707, 7428506.222997451201081 ], [ 5687718.269559974782169, 7428426.245254851877689 ], [ 5687716.181769543327391, 7428380.789322185330093 ], [ 5687737.443197794258595, 7428333.054517094045877 ], [ 5687759.487944927066565, 7428314.432443149387836 ], [ 5687797.971801210194826, 7428276.832852797582746 ], [ 5687800.247001898474991, 7428270.996484566479921 ], [ 5687917.444527660496533, 7428216.536928433924913 ], [ 5687921.715969422832131, 7428218.213670407421887 ], [ 5687925.330399786122143, 7428220.322097457945347 ], [ 5687926.191676619462669, 7428216.970572301186621 ], [ 5688259.959231780841947, 7428067.051239244639874 ], [ 5688260.138830859214067, 7428066.942606037482619 ], [ 5688438.488165454939008, 7427988.250776552595198 ], [ 5688244.06594917178154, 7427740.31800483353436 ], [ 5688170.487076113931835, 7427850.524344214238226 ], [ 5688158.271299165673554, 7427868.995753509923816 ], [ 5687780.659363121725619, 7427363.253053452819586 ], [ 5688329.441366668790579, 7426888.647919617593288 ], [ 5688476.714085659943521, 7426763.8234310047701 ], [ 5688396.023424536921084, 7426653.06468272395432 ], [ 5688396.892206843011081, 7426529.9819017034024 ], [ 5688476.504091025330126, 7426374.866237573325634 ], [ 5688469.74163325689733, 7426238.842772472649813 ], [ 5688415.204280563630164, 7426158.927488066256046 ], [ 5688566.871461534872651, 7425970.959089024923742 ], [ 5689118.770430580712855, 7425526.500893975608051 ], [ 5689165.256299619562924, 7425528.424862255342305 ], [ 5689326.518971828743815, 7425524.981451755389571 ], [ 5689366.942640723660588, 7425523.515950415283442 ], [ 5689538.977111529558897, 7425521.970335692167282 ], [ 5689576.63920059427619, 7425520.431122731417418 ], [ 5689766.063945570029318, 7425516.886278972961009 ], [ 5689809.838654497638345, 7425516.268370071426034 ], [ 5689871.436560235917568, 7425514.81541276909411 ], [ 5689903.727003114297986, 7425513.746686571277678 ], [ 5689940.100318195298314, 7425511.83121935557574 ], [ 5689953.729816483333707, 7425509.885310656391084 ], [ 5690020.300021059811115, 7425490.861124955117702 ], [ 5690130.799267591908574, 7425454.126270637847483 ], [ 5690264.210377309471369, 7425408.41316217277199 ], [ 5690344.032095368951559, 7425379.496237004175782 ], [ 5690344.150731605477631, 7425395.393068086355925 ], [ 5690331.782843006774783, 7425404.897624753415585 ], [ 5690326.523721896111965, 7425415.801887355744839 ], [ 5690334.200903629884124, 7425449.950139638036489 ], [ 5690354.401922004297376, 7425519.951735751703382 ], [ 5690387.165872571989894, 7425675.519174721091986 ], [ 5690418.694873096421361, 7425825.211107608862221 ], [ 5690466.9659064700827, 7425829.569174945354462 ], [ 5690491.977961424738169, 7425790.76407412160188 ], [ 5690522.79338971991092, 7425780.829902157187462 ], [ 5690535.929125097580254, 7425751.082800870761275 ], [ 5690561.224052040837705, 7425742.61942926608026 ], [ 5690578.942482519894838, 7425715.080181395635009 ], [ 5690600.999681051820517, 7425684.909081160090864 ], [ 5690619.609171946533024, 7425652.466352151706815 ], [ 5690630.855844306759536, 7425605.800045751035213 ], [ 5690636.453053896315396, 7425580.014702306129038 ], [ 5690664.086223790422082, 7425596.880036470480263 ], [ 5690678.305609846487641, 7425604.820103501901031 ], [ 5690692.59906330704689, 7425612.143387203104794 ], [ 5690723.636696046218276, 7425625.01490814704448 ], [ 5690725.102603797800839, 7425633.22169217467308 ], [ 5690727.950557167641819, 7425640.048614454455674 ], [ 5690749.11722451262176, 7425678.301098907366395 ], [ 5690768.26902888994664, 7425712.888670423999429 ], [ 5690776.037431223317981, 7425726.346246502362192 ], [ 5691065.18463895842433, 7425620.514238882809877 ], [ 5691083.753154087811708, 7425671.532998183742166 ], [ 5691102.276180496439338, 7425722.453506773337722 ], [ 5691120.845856890082359, 7425773.494536040350795 ], [ 5691305.660267521627247, 7425705.597738387063146 ], [ 5691312.262330619618297, 7425700.90929202735424 ], [ 5691316.788990129716694, 7425694.800297904759645 ], [ 5691379.111112021841109, 7425689.02557715959847 ], [ 5691365.817481100559235, 7425663.635007719509304 ], [ 5691366.491566848009825, 7425630.304160324856639 ], [ 5691382.504653909243643, 7425592.303912803530693 ], [ 5691401.255444023758173, 7425579.369014870375395 ], [ 5691399.07922981120646, 7425559.797817044891417 ], [ 5691381.834431738592684, 7425529.895337937399745 ], [ 5691386.277481717988849, 7425509.337274758145213 ], [ 5691382.476476450450718, 7425501.863116612657905 ], [ 5691380.232011376880109, 7425497.450550545938313 ], [ 5691422.653650305233896, 7425475.099790142849088 ], [ 5691428.454183226451278, 7425540.683265648782253 ], [ 5691575.228459104895592, 7425492.409470064565539 ], [ 5691555.165276335552335, 7425431.278360792435706 ], [ 5691733.808532844297588, 7425372.19171454384923 ], [ 5691713.839408343657851, 7425311.335093019530177 ], [ 5691693.999379128217697, 7425250.829367471858859 ], [ 5691673.288989693857729, 7425187.687514736317098 ], [ 5691653.736878404393792, 7425128.082939259707928 ], [ 5691833.187552174553275, 7425068.588458299636841 ], [ 5691813.08794385381043, 7425007.358808496966958 ] ] ] } },
{ "type": "Feature", "properties": { "lv_id": "LOC_052419", "id": 297713.0, "CD_SETOR": "352050905000294", "SITUACAO": "Urbana", "CD_SIT": "1", "CD_TIPO": "0", "AREA_KM2": 0.11610441211481, "CD_REGIAO": "3", "NM_REGIAO": "Sudeste", "CD_UF": "35", "NM_UF": "São Paulo", "CD_MUN": "3520509", "NM_MUN": "Indaiatuba", "CD_DIST": "352050905", "NM_DIST": "Indaiatuba", "CD_SUBDIST": "35205090500", "NM_SUBDIST": null, "CD_BAIRRO": null, "NM_BAIRRO": null, "CD_NU": null, "NM_NU": null, "CD_FCU": null, "NM_FCU": null, "CD_AGLOM": null, "NM_AGLOM": null, "CD_RGINT": "3510", "NM_RGINT": "Campinas", "CD_RGI": "350038", "NM_RGI": "Campinas", "CD_CONCURB": "3520509", "NM_CONCURB": "Indaiatuba", "mun_code_x": "3520509", "index_right": 83961, "dist_m": 0.0, "local_id": 568400, "ano": 2022, "cod_localidade_ibge": 3520509, "NR_ZONA": "211", "nr_cep": 13345806.0, "nm_localidade": "INDAIATUBA", "nm_locvot": "EE PROFª SUELY MARIA CACAO AMBIEL BATISTA", "ds_endereco": "RUA ONORIO NOVACHI, 410", "ds_bairro": "JARDIM COLONIAL", "pred_long": -47.2336567, "pred_lat": -23.10633, "pred_dist": 0.0, "tse_long": -47.2328803, "tse_lat": -23.1064695, "long": -47.2328803, "lat": -23.1064695, "ID_UNICO": "LOC_052419", "SG_UF": "SP", "CD_MUNICIPIO": "65110", "NR_LOCAL_VOTACAO": "2402", "QT_SECOES_AGREGADAS": 0, "QT_ELEITORES_TRANSFERIDOS": 54, "CIRO GOMES (PDT) (NÃO ELEITO) 1T": 127.0, "CONSTITUINTE EYMAEL (DC) (NÃO ELEITO) 1T": 0.0, "FELIPE D AVILA (NOVO) (NÃO ELEITO) 1T": 15.0, "JAIR BOLSONARO (PL) (2º TURNO) 1T": 1799.0, "LULA (PT) (2º TURNO) 1T": 1094.0, "LÉO PÉRICLES (UP) (NÃO ELEITO) 1T": 4.0, "PADRE KELMON (PTB) (NÃO ELEITO) 1T": 0.0, "SIMONE TEBET (MDB) (NÃO ELEITO) 1T": 183.0, "SOFIA MANZANO (PCB) (NÃO ELEITO) 1T": 0.0, "SORAYA THRONICKE (UNIÃO) (NÃO ELEITO) 1T": 16.0, "VERA (PSTU) (NÃO ELEITO) 1T": 0.0, "Total_Votos_Validos 1T": 3238.0, "Votos_Brancos 1T": 54.0, "Votos_Nulos 1T": 114.0, "Abstenções 1T": 556.0, "Eleitores_Aptos 1T": 3962.0, "JAIR BOLSONARO (PL) (NÃO ELEITO) 2T": 2119.0, "LULA (PT) (ELEITO) 2T": 1177.0, "Total_Votos_Validos 2T": 3296.0, "Votos_Brancos 2T": 65.0, "Votos_Nulos 2T": 139.0, "Abstenções 2T": 462.0, "Eleitores_Aptos 2T": 3962.0, "mun_code_y": "3520509", "mun_code": "3520509" }, "geometry": { "type": "Polygon", "coordinates": [ [ [ 5693091.024303167127073, 7427197.110425671562552 ], [ 5692877.476569747552276, 7427271.544010936282575 ], [ 5692731.382711363956332, 7427322.459951726719737 ], [ 5692727.512021905742586, 7427324.133837612345815 ], [ 5692754.497931642457843, 7427403.568497013300657 ], [ 5692776.166913127526641, 7427471.595701886340976 ], [ 5692785.59516888204962, 7427499.81962126493454 ], [ 5692794.985582193359733, 7427531.435565551742911 ], [ 5692808.920489558018744, 7427571.059941660612822 ], [ 5692825.637739538215101, 7427622.053215154446661 ], [ 5692837.847693674266338, 7427630.609500942751765 ], [ 5692826.647082616575062, 7427634.998720091767609 ], [ 5692809.992878335528076, 7427640.321104612201452 ], [ 5692791.822734912857413, 7427646.126392743550241 ], [ 5692767.294523432850838, 7427651.713468808680773 ], [ 5692760.119887570850551, 7427653.350948320701718 ], [ 5692724.78286812081933, 7427661.379603064619005 ], [ 5692681.356864466331899, 7427671.232972225174308 ], [ 5692638.509983470663428, 7427680.970136156305671 ], [ 5692594.587078656069934, 7427690.94663024507463 ], [ 5692550.917891588993371, 7427700.866611644625664 ], [ 5692509.673809382133186, 7427710.227962452918291 ], [ 5692493.829256469383836, 7427709.557183371856809 ], [ 5692492.398507006466389, 7427718.310999991372228 ], [ 5692486.33185204397887, 7427724.614325813949108 ], [ 5692478.625991944223642, 7427726.075536848977208 ], [ 5692473.673355044797063, 7427725.424062263220549 ], [ 5692469.967490362934768, 7427720.465845502912998 ], [ 5692467.951001703739166, 7427716.778736763633788 ], [ 5692466.966900350525975, 7427708.805975678376853 ], [ 5692455.724478439427912, 7427708.747117549180984 ], [ 5692443.523379482328892, 7427711.241906798444688 ], [ 5692438.283825825899839, 7427711.038652332499623 ], [ 5692430.373844165354967, 7427710.747266883030534 ], [ 5692417.328160374425352, 7427712.054444061592221 ], [ 5692403.526635708287358, 7427712.98400965705514 ], [ 5692390.509226092137396, 7427712.906992149539292 ], [ 5692382.948478630743921, 7427711.74068645760417 ], [ 5692374.170882781967521, 7427710.206987954676151 ], [ 5692378.378471816889942, 7427722.022810426540673 ], [ 5692381.962380605749786, 7427732.105504282750189 ], [ 5692390.051986897364259, 7427755.12772174924612 ], [ 5692411.74568859115243, 7427816.852965626865625 ], [ 5692425.772005795501173, 7427859.584642992354929 ], [ 5692445.41960103996098, 7427919.19661551527679 ], [ 5692493.112235645763576, 7427903.34734426997602 ], [ 5692523.294169836677611, 7427892.937611716799438 ], [ 5692566.477512425743043, 7427878.044249263592064 ], [ 5692606.925109431147575, 7427864.091657015495002 ], [ 5692648.462904274463654, 7427849.76498494297266 ], [ 5692689.66755429841578, 7427835.553989985957742 ], [ 5692731.426722242496908, 7427821.138716837391257 ], [ 5692773.499439534731209, 7427806.630702240392566 ], [ 5692814.309906237758696, 7427792.549098510295153 ], [ 5692855.715822290629148, 7427778.261315578594804 ], [ 5692896.695196384564042, 7427901.890244835987687 ], [ 5692856.719583531841636, 7427919.613512683659792 ], [ 5692817.255994647741318, 7427937.101015264168382 ], [ 5692856.761441956274211, 7427958.85615611076355 ], [ 5692878.050260686315596, 7427970.571377880871296 ], [ 5692919.565571415238082, 7427993.426499834284186 ], [ 5692940.910454058088362, 7427983.749114073812962 ], [ 5692965.571893099695444, 7427977.040507349185646 ], [ 5692990.084398574195802, 7427975.312654483132064 ], [ 5693070.644260089844465, 7427980.263947637751698 ], [ 5693169.109249971807003, 7427986.302447494119406 ], [ 5693179.66132480558008, 7427986.950483842752874 ], [ 5693187.776222147978842, 7427987.455070298165083 ], [ 5693358.191581695340574, 7427912.177531169727445 ], [ 5693376.839044178836048, 7427882.572720949538052 ], [ 5693387.551239211112261, 7427858.778435975313187 ], [ 5693390.44307816773653, 7427841.503124741837382 ], [ 5693390.583822282031178, 7427823.284855391830206 ], [ 5693381.112478378228843, 7427784.412458783946931 ], [ 5693363.826747200451791, 7427732.921407939866185 ], [ 5693345.749880234710872, 7427682.504246411845088 ], [ 5693310.309211613610387, 7427571.376740105450153 ], [ 5693263.944603283889592, 7427470.380648714490235 ], [ 5693243.628192728385329, 7427429.613828850910068 ], [ 5693209.404282669536769, 7427354.708374214358628 ], [ 5693189.038861219771206, 7427306.014562522061169 ], [ 5693177.956320080906153, 7427285.930554181337357 ], [ 5693172.394424346275628, 7427280.757478911429644 ], [ 5693166.94991940073669, 7427288.526755286380649 ], [ 5693128.99187708646059, 7427242.812807574868202 ], [ 5693091.024303167127073, 7427197.110425671562552 ] ] ] } },
{ "type": "Feature", "properties": { "lv_id": "LOC_052420", "id": 297649.0, "CD_SETOR": "352050905000165", "SITUACAO": "Urbana", "CD_SIT": "1", "CD_TIPO": "0", "AREA_KM2": 0.123143700718799, "CD_REGIAO": "3", "NM_REGIAO": "Sudeste", "CD_UF": "35", "NM_UF": "São Paulo", "CD_MUN": "3520509", "NM_MUN": "Indaiatuba", "CD_DIST": "352050905", "NM_DIST": "Indaiatuba", "CD_SUBDIST": "35205090500", "NM_SUBDIST": null, "CD_BAIRRO": null, "NM_BAIRRO": null, "CD_NU": null, "NM_NU": null, "CD_FCU": null, "NM_FCU": null, "CD_AGLOM": null, "NM_AGLOM": null, "CD_RGINT": "3510", "NM_RGINT": "Campinas", "CD_RGI": "350038", "NM_RGI": "Campinas", "CD_CONCURB": "3520509", "NM_CONCURB": "Indaiatuba", "mun_code_x": "3520509", "index_right": 83950, "dist_m": 2.7179795469184191, "local_id": 568389, "ano": 2022, "cod_localidade_ibge": 3520509, "NR_ZONA": "211", "nr_cep": 13346020.0, "nm_localidade": "INDAIATUBA", "nm_locvot": "COMPLEXO EDUCACIONAL PROFª LAURA FAHL CORRÊA", "ds_endereco": "RUA JOSÉ FRANCISCO CECCON, 236", "ds_bairro": "PARQUE DAS NAÇÕES", "pred_long": -47.22365, "pred_lat": -23.112798, "pred_dist": 0.0, "tse_long": -47.2240107, "tse_lat": -23.1127923, "long": -47.2240107, "lat": -23.1127923, "ID_UNICO": "LOC_052420", "SG_UF": "SP", "CD_MUNICIPIO": "65110", "NR_LOCAL_VOTACAO": "2321", "QT_SECOES_AGREGADAS": 0, "QT_ELEITORES_TRANSFERIDOS": 84, "CIRO GOMES (PDT) (NÃO ELEITO) 1T": 87.0, "CONSTITUINTE EYMAEL (DC) (NÃO ELEITO) 1T": 0.0, "FELIPE D AVILA (NOVO) (NÃO ELEITO) 1T": 18.0, "JAIR BOLSONARO (PL) (2º TURNO) 1T": 1394.0, "LULA (PT) (2º TURNO) 1T": 806.0, "LÉO PÉRICLES (UP) (NÃO ELEITO) 1T": 5.0, "PADRE KELMON (PTB) (NÃO ELEITO) 1T": 0.0, "SIMONE TEBET (MDB) (NÃO ELEITO) 1T": 134.0, "SOFIA MANZANO (PCB) (NÃO ELEITO) 1T": 1.0, "SORAYA THRONICKE (UNIÃO) (NÃO ELEITO) 1T": 12.0, "VERA (PSTU) (NÃO ELEITO) 1T": 0.0, "Total_Votos_Validos 1T": 2457.0, "Votos_Brancos 1T": 66.0, "Votos_Nulos 1T": 96.0, "Abstenções 1T": 625.0, "Eleitores_Aptos 1T": 3244.0, "JAIR BOLSONARO (PL) (NÃO ELEITO) 2T": 1633.0, "LULA (PT) (ELEITO) 2T": 859.0, "Total_Votos_Validos 2T": 2492.0, "Votos_Brancos 2T": 36.0, "Votos_Nulos 2T": 100.0, "Abstenções 2T": 616.0, "Eleitores_Aptos 2T": 3244.0, "mun_code_y": "3520509", "mun_code": "3520509" }, "geometry": { "type": "Polygon", "coordinates": [ [ [ 5694038.793758805841208, 7426540.141829719766974 ], [ 5694034.290474929846823, 7426541.655960165895522 ], [ 5694018.478586264885962, 7426546.974474876187742 ], [ 5694013.96506588999182, 7426548.489073812030256 ], [ 5694012.510688910260797, 7426548.969305116683245 ], [ 5693854.051757621578872, 7426601.689535273239017 ], [ 5693696.510511500760913, 7426654.097502054646611 ], [ 5693721.144500387832522, 7426713.432809503749013 ], [ 5693746.066404783166945, 7426773.446205113083124 ], [ 5693546.183952182531357, 7426839.628990055993199 ], [ 5693566.023651666939259, 7426899.967725645750761 ], [ 5693586.316223362460732, 7426961.668341866694391 ], [ 5693606.201132559217513, 7427022.094227179884911 ], [ 5693626.612692741677165, 7427084.146225162781775 ], [ 5693646.796900225803256, 7427145.495043203234673 ], [ 5693529.768478057347238, 7427184.676057100296021 ], [ 5693519.397517118602991, 7427186.819260340183973 ], [ 5693507.17654019035399, 7427189.316002347506583 ], [ 5693496.784076285548508, 7427191.437881923280656 ], [ 5693548.084803299978375, 7427206.386896051466465 ], [ 5693585.247439911589026, 7427225.17064992710948 ], [ 5693618.819839776493609, 7427245.258589584380388 ], [ 5693666.775168815627694, 7427289.581904988735914 ], [ 5693681.400418818928301, 7427302.229887130670249 ], [ 5693693.24855422321707, 7427312.486379514448345 ], [ 5693739.187048117630184, 7427363.070527784526348 ], [ 5693826.19177065230906, 7427458.888741713017225 ], [ 5693864.652196428738534, 7427504.544956900179386 ], [ 5693954.786790700629354, 7427468.752430606633425 ], [ 5694113.693464832380414, 7427405.351320039480925 ], [ 5694344.227162851020694, 7427313.358660192228854 ], [ 5694371.200982002541423, 7427302.591781376861036 ], [ 5694375.520204874686897, 7427300.863117340952158 ], [ 5694389.395129334181547, 7427295.333360519260168 ], [ 5694393.714348003268242, 7427293.60469026863575 ], [ 5694281.593613698147237, 7427014.114086684770882 ], [ 5694266.524308525957167, 7426960.289776373654604 ], [ 5694229.755368027836084, 7426895.842006476595998 ], [ 5694175.877404026687145, 7426795.486498836427927 ], [ 5694162.643394303508103, 7426770.829990766942501 ], [ 5694038.793758805841208, 7426540.141829719766974 ] ] ] } }
]
}
