{
"type": "FeatureCollection",
"name": "4310751",
"crs": { "type": "name", "properties": { "name": "urn:ogc:def:crs:EPSG::5880" } },
"features": [
{ "type": "Feature", "properties": { "lv_id": "LOC_069500", "id": 423419.0, "CD_SETOR": "431075105000001", "SITUACAO": "Urbana", "CD_SIT": "1", "CD_TIPO": "0", "AREA_KM2": 1.1250968338169971, "CD_REGIAO": "4", "NM_REGIAO": "Sul", "CD_UF": "43", "NM_UF": "Rio Grande do Sul", "CD_MUN": "4310751", "NM_MUN": "Ivorá", "CD_DIST": "431075105", "NM_DIST": "Ivorá", "CD_SUBDIST": "43107510500", "NM_SUBDIST": null, "CD_BAIRRO": null, "NM_BAIRRO": null, "CD_NU": null, "NM_NU": null, "CD_FCU": null, "NM_FCU": null, "CD_AGLOM": null, "NM_AGLOM": null, "CD_RGINT": "4303", "NM_RGINT": "Santa Maria", "CD_RGI": "430011", "NM_RGI": "Santa Maria", "CD_CONCURB": null, "NM_CONCURB": null, "mun_code_x": "4310751", "index_right": 69086, "dist_m": 0.0, "local_id": 727328, "ano": 2022, "cod_localidade_ibge": 4310751, "NR_ZONA": "119", "nr_cep": 98160000.0, "nm_localidade": "IVORÁ", "nm_locvot": "SALÃO PAROQUIAL SÃO JOSÉ", "ds_endereco": "RUA SÃO JOSÉ, 223", "ds_bairro": "CENTRO", "pred_long": -53.5811675, "pred_lat": -29.519943, "pred_dist": 0.0, "tse_long": -53.580665, "tse_lat": -29.520476, "long": -53.580665, "lat": -29.520476, "ID_UNICO": "LOC_069500", "SG_UF": "RS", "CD_MUNICIPIO": "85626", "NR_LOCAL_VOTACAO": "1198", "QT_SECOES_AGREGADAS": 0, "QT_ELEITORES_TRANSFERIDOS": 0, "CIRO GOMES (PDT) (NÃO ELEITO) 1T": 37.0, "CONSTITUINTE EYMAEL (DC) (NÃO ELEITO) 1T": 1.0, "FELIPE D AVILA (NOVO) (NÃO ELEITO) 1T": 9.0, "JAIR BOLSONARO (PL) (2º TURNO) 1T": 396.0, "LULA (PT) (2º TURNO) 1T": 441.0, "LÉO PÉRICLES (UP) (NÃO ELEITO) 1T": 1.0, "PADRE KELMON (PTB) (NÃO ELEITO) 1T": 2.0, "SIMONE TEBET (MDB) (NÃO ELEITO) 1T": 139.0, "SOFIA MANZANO (PCB) (NÃO ELEITO) 1T": 0.0, "SORAYA THRONICKE (UNIÃO) (NÃO ELEITO) 1T": 4.0, "VERA (PSTU) (NÃO ELEITO) 1T": 0.0, "Total_Votos_Validos 1T": 1030.0, "Votos_Brancos 1T": 21.0, "Votos_Nulos 1T": 24.0, "Abstenções 1T": 252.0, "Eleitores_Aptos 1T": 1327.0, "JAIR BOLSONARO (PL) (NÃO ELEITO) 2T": 522.0, "LULA (PT) (ELEITO) 2T": 488.0, "Total_Votos_Validos 2T": 1010.0, "Votos_Brancos 2T": 44.0, "Votos_Nulos 2T": 26.0, "Abstenções 2T": 247.0, "Eleitores_Aptos 2T": 1327.0, "mun_code_y": "4310751", "mun_code": "4310751" }, "geometry": { "type": "Polygon", "coordinates": [ [ [ 5040032.76223212480545, 6732539.985510753467679 ], [ 5040039.765359761193395, 6732655.67418172582984 ], [ 5040049.862053070217371, 6732714.309806507080793 ], [ 5040041.393027080222964, 6732775.47219451982528 ], [ 5040035.11311976518482, 6732817.028990206308663 ], [ 5040034.52806388027966, 6732826.996241552755237 ], [ 5040038.398957104422152, 6732852.333273326046765 ], [ 5039997.714715965092182, 6732856.23542801104486 ], [ 5039983.453804225660861, 6732856.208427031524479 ], [ 5039928.159602014347911, 6732851.870764322578907 ], [ 5039912.528157907538116, 6732856.304589251056314 ], [ 5039904.010754361748695, 6732860.225483316928148 ], [ 5039893.307219921611249, 6732879.218253814615309 ], [ 5039886.821896419860423, 6732906.731328984722495 ], [ 5039884.294236982241273, 6732937.622323701158166 ], [ 5039898.950328066013753, 6732967.100173700600863 ], [ 5039910.671803418546915, 6733000.113337637856603 ], [ 5039919.841841366142035, 6733029.887699225917459 ], [ 5039930.678199417889118, 6733062.050451691262424 ], [ 5039940.857512855902314, 6733103.027878114953637 ], [ 5039942.806524193845689, 6733111.334517123177648 ], [ 5039944.420269963331521, 6733139.938475852832198 ], [ 5039941.6630037734285, 6733166.196873717941344 ], [ 5039937.226048151031137, 6733191.762882474809885 ], [ 5039931.405095929279923, 6733207.058251228183508 ], [ 5039920.371250368654728, 6733228.679283717647195 ], [ 5039902.939565883949399, 6733258.769508853554726 ], [ 5039886.403194238431752, 6733281.61821343190968 ], [ 5039864.367225256748497, 6733298.289979643188417 ], [ 5039834.494750213809311, 6733305.922090029343963 ], [ 5039828.603743033483624, 6733375.54386280477047 ], [ 5040485.037237973883748, 6733477.723765486851335 ], [ 5040490.99821381084621, 6733488.088750228285789 ], [ 5040496.279468553140759, 6733503.555147918872535 ], [ 5040507.683742034249008, 6733533.997183466330171 ], [ 5040515.312509027309716, 6733547.105175911448896 ], [ 5040531.698712411336601, 6733558.241859132423997 ], [ 5040585.816485621966422, 6733582.178645897656679 ], [ 5040640.380201611667871, 6733584.520517285913229 ], [ 5040664.014462024904788, 6733591.806652567349374 ], [ 5040698.274948845617473, 6733569.591178501024842 ], [ 5040698.239540932700038, 6733559.781320475041866 ], [ 5040717.53449419606477, 6733554.801124321296811 ], [ 5040723.955165522173047, 6733547.41767542809248 ], [ 5040779.830396433360875, 6733569.296513953246176 ], [ 5040831.09262550342828, 6733497.947018139064312 ], [ 5040779.040497510693967, 6733350.896886081434786 ], [ 5040783.211100314743817, 6733316.530208528973162 ], [ 5040836.703582623973489, 6733269.714183654636145 ], [ 5040950.275258404202759, 6733220.219020722433925 ], [ 5040956.507619811221957, 6733163.763974381610751 ], [ 5041315.695221580564976, 6733126.948926957324147 ], [ 5041308.649847510270774, 6732543.052296563982964 ], [ 5040032.76223212480545, 6732539.985510753467679 ] ] ] } },
{ "type": "Feature", "properties": { "lv_id": "LOC_069501", "id": 423420.0, "CD_SETOR": "431075105000002", "SITUACAO": "Rural", "CD_SIT": "8", "CD_TIPO": "0", "AREA_KM2": 36.290584260971883, "CD_REGIAO": "4", "NM_REGIAO": "Sul", "CD_UF": "43", "NM_UF": "Rio Grande do Sul", "CD_MUN": "4310751", "NM_MUN": "Ivorá", "CD_DIST": "431075105", "NM_DIST": "Ivorá", "CD_SUBDIST": "43107510500", "NM_SUBDIST": null, "CD_BAIRRO": null, "NM_BAIRRO": null, "CD_NU": null, "NM_NU": null, "CD_FCU": null, "NM_FCU": null, "CD_AGLOM": null, "NM_AGLOM": null, "CD_RGINT": "4303", "NM_RGINT": "Santa Maria", "CD_RGI": "430011", "NM_RGI": "Santa Maria", "CD_CONCURB": null, "NM_CONCURB": null, "mun_code_x": "4310751", "index_right": 69088, "dist_m": 46.024779310703231, "local_id": 727330, "ano": 2022, "cod_localidade_ibge": 4310751, "NR_ZONA": "119", "nr_cep": 98160000.0, "nm_localidade": "IVORÁ", "nm_locvot": "CENTRO COMUNITÁRIO BOCA DA PICADA", "ds_endereco": "BOCA DA PICADA", "ds_bairro": "BOCA DA PICADA", "pred_long": -53.60245, "pred_lat": -29.54799, "pred_dist": 0.0, "tse_long": -53.602195, "tse_lat": -29.550627, "long": -53.602195, "lat": -29.550627, "ID_UNICO": "LOC_069501", "SG_UF": "RS", "CD_MUNICIPIO": "85626", "NR_LOCAL_VOTACAO": "1147", "QT_SECOES_AGREGADAS": 0, "QT_ELEITORES_TRANSFERIDOS": 0, "CIRO GOMES (PDT) (NÃO ELEITO) 1T": 5.0, "CONSTITUINTE EYMAEL (DC) (NÃO ELEITO) 1T": 1.0, "FELIPE D AVILA (NOVO) (NÃO ELEITO) 1T": 0.0, "JAIR BOLSONARO (PL) (2º TURNO) 1T": 48.0, "LULA (PT) (2º TURNO) 1T": 52.0, "LÉO PÉRICLES (UP) (NÃO ELEITO) 1T": 0.0, "PADRE KELMON (PTB) (NÃO ELEITO) 1T": 0.0, "SIMONE TEBET (MDB) (NÃO ELEITO) 1T": 22.0, "SOFIA MANZANO (PCB) (NÃO ELEITO) 1T": 0.0, "SORAYA THRONICKE (UNIÃO) (NÃO ELEITO) 1T": 1.0, "VERA (PSTU) (NÃO ELEITO) 1T": 0.0, "Total_Votos_Validos 1T": 129.0, "Votos_Brancos 1T": 2.0, "Votos_Nulos 1T": 2.0, "Abstenções 1T": 29.0, "Eleitores_Aptos 1T": 162.0, "JAIR BOLSONARO (PL) (NÃO ELEITO) 2T": 67.0, "LULA (PT) (ELEITO) 2T": 65.0, "Total_Votos_Validos 2T": 132.0, "Votos_Brancos 2T": 5.0, "Votos_Nulos 2T": 5.0, "Abstenções 2T": 20.0, "Eleitores_Aptos 2T": 162.0, "mun_code_y": "4310751", "mun_code": "4310751" }, "geometry": { "type": "Polygon", "coordinates": [ [ [ 5043695.961888111196458, 6733241.215058771893382 ], [ 5043022.96146871894598, 6732539.310488110408187 ], [ 5042728.468319579958916, 6732358.518458856269717 ], [ 5042843.535356717184186, 6732105.149075033143163 ], [ 5042608.260120568796992, 6731879.113413712009788 ], [ 5042426.864978091791272, 6731677.112590563483536 ], [ 5042176.666096127592027, 6731574.508959781378508 ], [ 5042007.769611839205027, 6731133.610861557535827 ], [ 5041834.766035272739828, 6730971.81821374502033 ], [ 5041866.563587795011699, 6730910.412294410169125 ], [ 5042636.064537651836872, 6730509.515130115672946 ], [ 5042905.462619733996689, 6730278.216231413185596 ], [ 5043440.668401097878814, 6729463.912711309269071 ], [ 5043300.864101796410978, 6728851.415521215647459 ], [ 5043640.26342021394521, 6728527.313994731754065 ], [ 5043755.065169761888683, 6728012.120797585695982 ], [ 5043629.261547833681107, 6726984.720747230574489 ], [ 5043291.662047516554594, 6727195.218741847202182 ], [ 5042610.06028750166297, 6726731.514451211318374 ], [ 5042408.067624557763338, 6726436.522709408774972 ], [ 5042080.861107895150781, 6726355.01443357206881 ], [ 5041554.666409256868064, 6726577.515280071645975 ], [ 5040858.5638009281829, 6726551.322745934128761 ], [ 5040418.670482988469303, 6726698.821895807050169 ], [ 5040353.163642409257591, 6726732.01231031678617 ], [ 5039928.769375230185688, 6727097.818446658551693 ], [ 5039759.56468481849879, 6727417.616016075015068 ], [ 5039254.165578471496701, 6727834.217244651168585 ], [ 5038537.965934650972486, 6728106.319329519756138 ], [ 5038264.567432429641485, 6727972.616596437990665 ], [ 5038034.268944814801216, 6727787.516746874898672 ], [ 5037585.070524176582694, 6727600.019732538610697 ], [ 5037198.967673619277775, 6727497.216936541721225 ], [ 5037047.16449298709631, 6727423.815675430931151 ], [ 5037050.671798796392977, 6727203.017612027004361 ], [ 5036805.066625099629164, 6727307.011995886452496 ], [ 5036603.471650213003159, 6727266.01318595930934 ], [ 5036234.668919024057686, 6727257.319543903693557 ], [ 5035867.370274944230914, 6727674.618345959112048 ], [ 5035977.166636715643108, 6728173.81312992144376 ], [ 5036086.370823789387941, 6728216.416862198151648 ], [ 5036482.965575522743165, 6728735.411843890324235 ], [ 5036146.565741531550884, 6729027.116856686770916 ], [ 5035942.770934883505106, 6729040.516863588243723 ], [ 5035722.569185422733426, 6728968.712592789903283 ], [ 5035593.171490557491779, 6728867.619623260572553 ], [ 5035493.069089189171791, 6728707.118444174528122 ], [ 5034502.974216759204865, 6730244.11004089191556 ], [ 5034320.171473691239953, 6730929.613704744726419 ], [ 5033945.273380968719721, 6731307.916875071823597 ], [ 5033709.26740660239011, 6732022.71070390753448 ], [ 5033704.875121436081827, 6732142.316223884001374 ], [ 5033609.470127353444695, 6732553.010452279821038 ], [ 5033589.866288606077433, 6732689.011028444394469 ], [ 5033450.473585701547563, 6733079.117281941697001 ], [ 5033465.174919354729354, 6733648.812877587974072 ], [ 5033476.522731347940862, 6733663.33331485837698 ], [ 5033952.40981037914753, 6733841.437194373458624 ], [ 5033986.768987949937582, 6733853.803905406966805 ], [ 5034002.544228623621166, 6733860.473638212308288 ], [ 5034029.560947901569307, 6733862.176768463104963 ], [ 5034046.178203229792416, 6733852.283453511074185 ], [ 5034068.181064544245601, 6733834.304228717461228 ], [ 5034085.687046294100583, 6733820.151668587699533 ], [ 5034095.019763728603721, 6733812.419631602242589 ], [ 5034104.101596468128264, 6733805.087392376735806 ], [ 5034116.23358553647995, 6733799.674644867889583 ], [ 5034134.674302048049867, 6733796.481885636225343 ], [ 5034177.419841890223324, 6733792.772071495652199 ], [ 5034246.266671851277351, 6733786.289288137108088 ], [ 5034271.921864743344486, 6733786.665814278647304 ], [ 5034281.71097853500396, 6733788.786478341557086 ], [ 5034423.35047382581979, 6733826.652420409023762 ], [ 5034458.720951687544584, 6733839.83487593755126 ], [ 5034489.174771313555539, 6733858.984712332487106 ], [ 5034497.224287667311728, 6733872.405760390684009 ], [ 5034515.314974538050592, 6733900.56081579439342 ], [ 5034531.580438077449799, 6733921.549668775871396 ], [ 5034567.202229888178408, 6733943.831508575007319 ], [ 5034595.605399836786091, 6733958.076850260607898 ], [ 5034627.119718608446419, 6733962.458322163671255 ], [ 5034667.127926009707153, 6733970.172244768589735 ], [ 5034682.51251926459372, 6733972.585730783641338 ], [ 5034703.698377375490963, 6733982.374801253899932 ], [ 5034727.152912646532059, 6733998.419669209979475 ], [ 5034746.474227469414473, 6734019.797852808609605 ], [ 5034751.943393492139876, 6734023.217239547520876 ], [ 5034770.055041863583028, 6734045.308527848683298 ], [ 5034787.689622513949871, 6734073.02117239870131 ], [ 5034805.367133076302707, 6734111.474674702621996 ], [ 5034832.971690880134702, 6734162.001920549198985 ], [ 5034877.291809755377471, 6734228.140015881508589 ], [ 5034894.487823206931353, 6734258.081862518563867 ], [ 5034912.111951854079962, 6734282.214006153866649 ], [ 5034933.313831588253379, 6734296.924181863665581 ], [ 5034972.961282508447766, 6734309.79250915069133 ], [ 5035020.242101360112429, 6734317.260947826318443 ], [ 5035050.868334400467575, 6734322.530777253210545 ], [ 5035063.941149056889117, 6734329.661905828863382 ], [ 5035079.313470282591879, 6734349.765982804819942 ], [ 5035092.432306827045977, 6734371.672762527130544 ], [ 5035101.509440366178751, 6734397.1613605087623 ], [ 5035103.813245894387364, 6734414.623584512621164 ], [ 5035102.567253510467708, 6734447.316067163832486 ], [ 5035105.323982587084174, 6734463.879024398513138 ], [ 5035124.307760190218687, 6734491.58694645576179 ], [ 5035147.828154679387808, 6734528.237089850008488 ], [ 5035164.129120760597289, 6734556.840075865387917 ], [ 5035171.394772678613663, 6734579.662864290177822 ], [ 5035180.488958711735904, 6734607.401524452492595 ], [ 5035194.487639224156737, 6734622.13367875944823 ], [ 5035213.429860340431333, 6734633.270045902580023 ], [ 5035275.622564393095672, 6734658.603645868599415 ], [ 5035388.750054473057389, 6734705.713726593181491 ], [ 5035422.580340930260718, 6734721.225799644365907 ], [ 5035459.523692951537669, 6734739.9757862649858 ], [ 5035496.493431333452463, 6734760.909244160167873 ], [ 5035513.171178627759218, 6734767.130657810717821 ], [ 5035560.908561541698873, 6734774.140947323292494 ], [ 5035634.759448076598346, 6734784.659997716546059 ], [ 5035710.787667541764677, 6734772.326224721036851 ], [ 5035784.100324087776244, 6734753.737727722153068 ], [ 5035806.588023098185658, 6734748.290316060185432 ], [ 5035839.872939602471888, 6734741.467317346483469 ], [ 5035866.862448708154261, 6734736.90333694871515 ], [ 5035886.661673540249467, 6734733.7034110436216 ], [ 5035908.738899984396994, 6734739.452592951245606 ], [ 5035926.316021284088492, 6734747.909634066745639 ], [ 5035937.1374785117805, 6734754.137989163398743 ], [ 5035946.219413176178932, 6734777.397893792018294 ], [ 5035953.935368287377059, 6734797.979660389944911 ], [ 5035975.771253853105009, 6734870.902433637529612 ], [ 5035981.502364819869399, 6734886.280726908706129 ], [ 5035990.337480059824884, 6734895.940522636286914 ], [ 5036025.048789559863508, 6734937.918124265037477 ], [ 5036065.26000267919153, 6734983.480548210442066 ], [ 5036108.608803431503475, 6735027.669377017766237 ], [ 5036168.685372496955097, 6735093.319719379767776 ], [ 5036221.546232321299613, 6735152.264535109512508 ], [ 5036272.617407938465476, 6735218.375539569184184 ], [ 5036320.973394515924156, 6735278.243317144922912 ], [ 5036335.887702349573374, 6735296.551464252173901 ], [ 5036368.849150098860264, 6735327.349248927086592 ], [ 5036407.224804935976863, 6735362.153194785118103 ], [ 5036436.575133379548788, 6735391.62119372934103 ], [ 5036462.785308538004756, 6735421.542651141062379 ], [ 5036475.41856930218637, 6735430.014824066311121 ], [ 5036505.1573118083179, 6735441.557523041963577 ], [ 5036540.288092419505119, 6735447.274330455809832 ], [ 5036583.972844783216715, 6735453.395598543807864 ], [ 5036647.915645264089108, 6735459.905388910323381 ], [ 5036667.729037036187947, 6735460.738874211907387 ], [ 5036684.392928928136826, 6735465.162905326113105 ], [ 5036702.44059341493994, 6735477.640948120504618 ], [ 5036718.69494033139199, 6735493.27283763512969 ], [ 5036732.725872189737856, 6735516.959394828416407 ], [ 5036753.947017467580736, 6735536.144319720566273 ], [ 5036781.462435712106526, 6735552.626205319538713 ], [ 5036807.598463550209999, 6735562.395229095593095 ], [ 5036848.604192610830069, 6735573.456885759718716 ], [ 5036889.626686688512564, 6735592.587961894460022 ], [ 5036941.024610268883407, 6735617.493282934650779 ], [ 5036964.929766356945038, 6735629.962817564606667 ], [ 5037003.677969304844737, 6735641.474696090444922 ], [ 5037038.365624843165278, 6735650.771757273934782 ], [ 5037060.008019769564271, 6735659.213707658462226 ], [ 5037091.588395250961185, 6735681.944319164380431 ], [ 5037137.611057638190687, 6735714.492658108472824 ], [ 5037162.877768180333078, 6735730.981023562140763 ], [ 5037188.57289772387594, 6735742.091867053881288 ], [ 5037227.323213678784668, 6735754.057447854429483 ], [ 5037278.230708887800574, 6735765.084885616786778 ], [ 5037302.65775622241199, 6735765.081757608801126 ], [ 5037325.685059908777475, 6735764.063418987207115 ], [ 5037357.498059689067304, 6735757.218679858371615 ], [ 5037376.31706923712045, 6735750.42798107676208 ], [ 5037401.948638892732561, 6735742.284514535218477 ], [ 5037422.602695483714342, 6735727.42911402694881 ], [ 5037441.919263260439038, 6735715.726153645664454 ], [ 5037461.25360101275146, 6735709.388072032481432 ], [ 5037479.733017126098275, 6735714.259379878640175 ], [ 5037491.908591061830521, 6735721.823004879057407 ], [ 5037519.871602999046445, 6735738.301619550213218 ], [ 5037553.711093610152602, 6735760.591138087213039 ], [ 5037566.806486656889319, 6735773.527678510174155 ], [ 5037575.402521071024239, 6735786.490271346643567 ], [ 5037580.858957432210445, 6735803.043656407855451 ], [ 5037589.757304094731808, 6735825.238746652379632 ], [ 5037601.369803156703711, 6735841.283889353275299 ], [ 5037616.571825999766588, 6735849.058990031480789 ], [ 5037649.946317871101201, 6735865.519246831536293 ], [ 5037675.202937776222825, 6735881.563124319538474 ], [ 5037691.454692482016981, 6735895.84131145849824 ], [ 5037702.766907, 6735911.920608153566718 ], [ 5037715.001260581426322, 6735936.964295328594744 ], [ 5037726.529454921372235, 6735956.711866289377213 ], [ 5037736.028079394251108, 6735966.900157717987895 ], [ 5037752.293329456821084, 6735970.65887863188982 ], [ 5037774.976307936012745, 6735968.055675346404314 ], [ 5037800.171189747750759, 6735962.650680562481284 ], [ 5037824.468556132167578, 6735958.545541760511696 ], [ 5037841.556364447809756, 6735953.112199760973454 ], [ 5037859.08572702575475, 6735946.336107245646417 ], [ 5037871.208414905704558, 6735935.099931962788105 ], [ 5037879.741744290105999, 6735929.240764377638698 ], [ 5037888.731702893041074, 6735926.528098965063691 ], [ 5037898.635516127571464, 6735927.392700837925076 ], [ 5037906.752877379767597, 6735930.502395054325461 ], [ 5037917.584080218337476, 6735938.9679383803159 ], [ 5037922.576953433454037, 6735950.146662821061909 ], [ 5037925.343544204719365, 6735971.198209182359278 ], [ 5037929.496290980838239, 6736000.735940665006638 ], [ 5037927.785960766486824, 6736028.519830794073641 ], [ 5037927.006683489307761, 6736062.108948782086372 ], [ 5037930.210329250432551, 6736080.465451875701547 ], [ 5037941.325736783444881, 6736092.654461054131389 ], [ 5037963.704937813803554, 6736097.700313467532396 ], [ 5038003.103384428657591, 6736102.82184168510139 ], [ 5038023.590612171217799, 6736098.928631144575775 ], [ 5038039.588805599138141, 6736083.788506027311087 ], [ 5038051.835913841612637, 6736049.063335852697492 ], [ 5038071.080633231438696, 6735990.21650430560112 ], [ 5038079.296226665377617, 6735970.679791449569166 ], [ 5038091.858732191845775, 6735957.646178415045142 ], [ 5038111.170441104099154, 6735944.589760302565992 ], [ 5038139.936838177032769, 6735931.501358944922686 ], [ 5038168.709241854026914, 6735920.208577438257635 ], [ 5038186.700200359337032, 6735915.226125828921795 ], [ 5038206.499315022490919, 6735911.56768290232867 ], [ 5038231.702194535173476, 6735911.482329175807536 ], [ 5038267.262225603684783, 6735908.679315822198987 ], [ 5038297.842068869620562, 6735901.403804823756218 ], [ 5038325.574319743551314, 6735897.995343459770083 ], [ 5038341.014208387583494, 6735901.401311473920941 ], [ 5038388.915097330696881, 6735926.023770527914166 ], [ 5038413.212435166351497, 6735939.087500827386975 ], [ 5038446.137162351049483, 6735956.888195978477597 ], [ 5038473.6545693539083, 6735972.92260118573904 ], [ 5038518.748446797952056, 6735996.057654843665659 ], [ 5038539.941426862031221, 6736005.83956568595022 ], [ 5038567.89288580045104, 6736018.280830746516585 ], [ 5038592.237554794177413, 6736028.051873182877898 ], [ 5038609.357298177666962, 6736032.028135071508586 ], [ 5038628.270005634054542, 6736032.861274767667055 ], [ 5038640.859065940603614, 6736030.579076336696744 ], [ 5038661.98929609451443, 6736021.993687412701547 ], [ 5038687.582151717506349, 6736002.640836894512177 ], [ 5038701.479627827182412, 6735986.021613355726004 ], [ 5038717.79934548959136, 6735957.500215981155634 ], [ 5038726.989373239688575, 6735942.493299873545766 ], [ 5038747.166804941371083, 6735919.135156703181565 ], [ 5038788.854360710829496, 6735865.242395706474781 ], [ 5038811.730401345528662, 6735842.772712932899594 ], [ 5038820.260123700834811, 6735836.026064580306411 ], [ 5038830.15004856325686, 6735832.855077350512147 ], [ 5038852.641547057777643, 6735828.299457389861345 ], [ 5038880.08360901940614, 6735822.385491969063878 ], [ 5038906.174655156210065, 6735815.578259024769068 ], [ 5038927.151176649145782, 6735804.775958394631743 ], [ 5038961.961809406057, 6735787.28614423237741 ], [ 5038977.973199584521353, 6735784.880900819785893 ], [ 5038991.955385055392981, 6735792.979830457828939 ], [ 5039006.056407238356769, 6735801.787751197814941 ], [ 5039016.874404632486403, 6735806.228560648858547 ], [ 5039028.134256511926651, 6735806.644095772877336 ], [ 5039042.080571719445288, 6735804.35675023496151 ], [ 5039056.47448019310832, 6735802.51122515834868 ], [ 5039069.545733542181551, 6735805.15955338999629 ], [ 5039095.221187116578221, 6735809.992226487025619 ], [ 5039123.597134372219443, 6735816.167809471487999 ], [ 5039145.667257541790605, 6735818.773763234727085 ], [ 5039179.883159879595041, 6735819.996265859343112 ], [ 5039228.948773261159658, 6735819.382420529611409 ], [ 5039270.795421803370118, 6735814.75866412743926 ], [ 5039319.67827392090112, 6735811.795108637772501 ], [ 5039338.089435911737382, 6735813.493406878784299 ], [ 5039352.568007973954082, 6735819.251296548172832 ], [ 5039360.896701619029045, 6735832.812062734737992 ], [ 5039374.052074083127081, 6735862.317916765809059 ], [ 5039384.524246150627732, 6735895.424554770812392 ], [ 5039395.876118134707212, 6735924.947761384770274 ], [ 5039403.120194374583662, 6735936.117992708459496 ], [ 5039420.733086099848151, 6735953.525931177660823 ], [ 5039447.818321534432471, 6735973.139840690419078 ], [ 5039473.517854616977274, 6735984.699973825365305 ], [ 5039501.005140448920429, 6735994.458074282854795 ], [ 5039524.910750935785472, 6736006.013285690918565 ], [ 5039547.018758257851005, 6736022.064040096476674 ], [ 5039578.188948511146009, 6736053.30223529972136 ], [ 5039608.006679216399789, 6736083.203846343792975 ], [ 5039632.850397462956607, 6736107.757864747196436 ], [ 5039645.070596827194095, 6736124.72992236353457 ], [ 5039661.369292198680341, 6736151.552996575832367 ], [ 5039677.212515599094331, 6736175.684072466567159 ], [ 5039701.183034669607878, 6736208.288486611098051 ], [ 5039722.877125398255885, 6736233.296775246039033 ], [ 5039739.601964653469622, 6736251.605207078158855 ], [ 5039755.818993129767478, 6736255.128446187824011 ], [ 5039781.929471842944622, 6736253.6951989736408 ], [ 5039809.365523279644549, 6736248.665780730545521 ], [ 5039822.845616783946753, 6736240.559666599147022 ], [ 5039838.100738084875047, 6736227.071202426217496 ], [ 5039857.861945039592683, 6736212.668945710174739 ], [ 5039877.610231655649841, 6736197.368840109556913 ], [ 5039896.002829351462424, 6736177.151893841102719 ], [ 5039926.957325791940093, 6736147.025118362158537 ], [ 5039951.173463635146618, 6736120.070158528164029 ], [ 5039963.705250222235918, 6736101.658474806696177 ], [ 5039972.221804824657738, 6736091.330645782873034 ], [ 5039993.215207120403647, 6736071.747232897207141 ], [ 5040029.838507495820522, 6736040.602451538667083 ], [ 5040073.230176824145019, 6736012.13817859813571 ], [ 5040099.744773257523775, 6735999.063833525404334 ], [ 5040131.224081257358193, 6735988.643180686980486 ], [ 5040166.756651252508163, 6735980.90159217081964 ], [ 5040185.208852550014853, 6735980.392515432089567 ], [ 5040209.972312589175999, 6735979.406451215967536 ], [ 5040240.113065972924232, 6735974.377419034950435 ], [ 5040271.606449326500297, 6735970.673641685396433 ], [ 5040290.958885998465121, 6735969.717791743576527 ], [ 5040329.676576351746917, 6735968.681636720895767 ], [ 5040379.24781883135438, 6735965.566937250085175 ], [ 5040449.316785760223866, 6735961.791081446222961 ], [ 5040490.464851027354598, 6735959.748040821403265 ], [ 5040514.361588571220636, 6735944.254556756466627 ], [ 5040529.415143448859453, 6735931.685887786559761 ], [ 5040602.965694477781653, 6735855.280744631774724 ], [ 5040670.66953007131815, 6735779.339560739696026 ], [ 5040699.81241512298584, 6735747.886968227103353 ], [ 5040712.793478375300765, 6735728.131550518795848 ], [ 5040738.78621288575232, 6735694.451107453554869 ], [ 5040770.608217113651335, 6735655.816849390044808 ], [ 5040797.48138187173754, 6735618.996111475862563 ], [ 5040808.849157718941569, 6735601.019959955476224 ], [ 5040817.539246064610779, 6735585.370184946805239 ], [ 5040848.011356914415956, 6735599.913890896365047 ], [ 5040889.498493007384241, 6735600.838846322149038 ], [ 5041048.442957936786115, 6735601.070943488739431 ], [ 5041157.550657792016864, 6735602.901531673967838 ], [ 5041185.91250628605485, 6735605.037158247083426 ], [ 5041207.536790546029806, 6735610.334292345680296 ], [ 5041225.132232458330691, 6735619.680938218720257 ], [ 5041240.938785383477807, 6735633.057843631133437 ], [ 5041258.570431180298328, 6735654.941108787432313 ], [ 5041276.675903397612274, 6735681.744223184883595 ], [ 5041296.361141487024724, 6735697.68960021622479 ], [ 5041340.802356375381351, 6735710.77309933770448 ], [ 5041382.988021298311651, 6735719.597084406763315 ], [ 5041411.412513426505029, 6735720.213314305990934 ], [ 5041446.522022530436516, 6735719.197638557292521 ], [ 5041485.683151296339929, 6735717.701401174068451 ], [ 5041517.196871552616358, 6735719.824612250551581 ], [ 5041533.876070387661457, 6735725.139318539761007 ], [ 5041552.362411541864276, 6735734.027707362547517 ], [ 5041579.089160696603358, 6735752.850860602222383 ], [ 5041618.245564242824912, 6735776.339118863455951 ], [ 5041664.255245008505881, 6735801.697427642531693 ], [ 5041699.885475857183337, 6735820.819963993504643 ], [ 5041730.114592809230089, 6735839.973447810858488 ], [ 5041755.859245765954256, 6735863.167195668444037 ], [ 5041773.056105809286237, 6735887.733779505826533 ], [ 5041780.761881425976753, 6735902.492257039062679 ], [ 5041793.557235143147409, 6735953.501053495332599 ], [ 5041800.878348157741129, 6735984.821497821249068 ], [ 5041803.207753552123904, 6736006.317205855622888 ], [ 5041806.944787350483239, 6736043.924865226261318 ], [ 5041811.147595101036131, 6736084.224380364641547 ], [ 5041814.809732226654887, 6736098.986728529445827 ], [ 5041819.805138715542853, 6736112.402885433286428 ], [ 5041833.807731960900128, 6736125.342268697917461 ], [ 5041855.040391369722784, 6736144.972157284617424 ], [ 5041881.697794996201992, 6736170.844737398438156 ], [ 5041891.177660566754639, 6736177.526888143271208 ], [ 5041913.721859082579613, 6736187.297494420781732 ], [ 5041932.215923264622688, 6736197.980965657159686 ], [ 5041952.072643760591745, 6736210.000591742806137 ], [ 5041974.661934327334166, 6736231.864327058196068 ], [ 5041996.75298913475126, 6736252.721163295209408 ], [ 5042012.562812729738653, 6736276.915667153894901 ], [ 5042060.934805988334119, 6736388.923840164206922 ], [ 5042094.37742309179157, 6736465.671613990329206 ], [ 5042099.842499911785126, 6736482.677341237664223 ], [ 5042106.216131254099309, 6736501.464314279146492 ], [ 5042110.802723390050232, 6736524.736171822994947 ], [ 5042114.012943276204169, 6736540.397969380021095 ], [ 5042113.623671267181635, 6736555.629807408899069 ], [ 5042110.062586347572505, 6736565.497395984828472 ], [ 5042106.937583761289716, 6736572.680857847444713 ], [ 5042102.00710629299283, 6736579.416580021381378 ], [ 5042093.926515799947083, 6736586.607435563579202 ], [ 5042066.091601505875587, 6736606.874277044087648 ], [ 5042040.276521140709519, 6736622.677474770694971 ], [ 5042025.225025983527303, 6736632.997955892235041 ], [ 5042010.840837906114757, 6736640.223300847224891 ], [ 5041997.814320197328925, 6736647.443576016463339 ], [ 5041978.036438533104956, 6736654.23447151016444 ], [ 5041961.403954197652638, 6736661.911501007154584 ], [ 5041949.723684537224472, 6736668.672242440283298 ], [ 5041941.195186247117817, 6736675.421261766925454 ], [ 5041934.468822731636465, 6736681.720191912725568 ], [ 5041933.152717044577003, 6736692.920628864318132 ], [ 5041936.33444407582283, 6736700.967386767268181 ], [ 5041947.171099752187729, 6736709.883562043309212 ], [ 5041971.546864241361618, 6736726.819058248773217 ], [ 5042005.249439149163663, 6736745.626369832083583 ], [ 5042050.879839863628149, 6736777.225241135805845 ], [ 5042065.665176855400205, 6736757.89385967887938 ], [ 5042202.07345571089536, 6736751.66502396017313 ], [ 5042235.895037311129272, 6736760.683414631523192 ], [ 5042309.682655044831336, 6736803.460097923874855 ], [ 5042374.003102944232523, 6736840.430204808712006 ], [ 5042429.020204081200063, 6736866.206112316809595 ], [ 5042459.687207635492086, 6736879.525476148352027 ], [ 5042493.026751204393804, 6736886.571839313022792 ], [ 5042523.633136346936226, 6736883.763010915368795 ], [ 5042546.973167632706463, 6736864.864322542212903 ], [ 5042563.080505970865488, 6736838.821049688383937 ], [ 5042574.674431857652962, 6736809.214413424953818 ], [ 5042590.734326314181089, 6736770.634469341486692 ], [ 5042604.077816940844059, 6736726.68866634182632 ], [ 5042617.479127918370068, 6736700.655518387444317 ], [ 5042623.879199102520943, 6736685.09058908559382 ], [ 5042653.564704057760537, 6736674.84703404083848 ], [ 5042684.40464841760695, 6736651.895953915081918 ], [ 5042702.799959305673838, 6736641.20722546428442 ], [ 5042747.667747752740979, 6736601.620159898884594 ], [ 5042793.440509725362062, 6736562.927340159192681 ], [ 5042842.773390703834593, 6736514.366502300836146 ], [ 5042878.640777978114784, 6736474.813051903620362 ], [ 5042910.856159794144332, 6736423.634410064667463 ], [ 5042952.039303083904088, 6736361.658281429670751 ], [ 5042986.057752608321607, 6736310.472545099444687 ], [ 5043001.213637201115489, 6736271.895400680601597 ], [ 5042996.928308991715312, 6736231.430315509438515 ], [ 5042993.803163712844253, 6736215.491302570328116 ], [ 5043005.36796263884753, 6736178.712465091608465 ], [ 5043021.428870763629675, 6736141.029696990735829 ], [ 5043037.534093854017556, 6736114.996780977584422 ], [ 5043046.994576894678175, 6736113.885482569225132 ], [ 5043056.980778472498059, 6736090.436445834115148 ], [ 5043083.912250861525536, 6736029.910815625451505 ], [ 5043103.634635692462325, 6735978.579719606786966 ], [ 5043115.21597005520016, 6735946.290000822395086 ], [ 5043120.514589866623282, 6735919.389285128563643 ], [ 5043119.235856958664954, 6735884.200150461867452 ], [ 5043118.491323328576982, 6735859.384281767532229 ], [ 5043117.466292173601687, 6735827.142713563516736 ], [ 5043115.474389513023198, 6735777.878688869997859 ], [ 5043124.39050171803683, 6735753.657731994986534 ], [ 5043136.060555799864233, 6735744.656663799658418 ], [ 5043173.185029061511159, 6735727.909759522415698 ], [ 5043225.967439305968583, 6735712.964998183771968 ], [ 5043247.548253353685141, 6735706.608349773101509 ], [ 5043277.259765543043613, 6735706.494440855458379 ], [ 5043313.267457094043493, 6735704.571645957417786 ], [ 5043366.380541083402932, 6735702.571927318349481 ], [ 5043415.855332406237721, 6735692.527352130040526 ], [ 5043445.528868335299194, 6735682.55881255492568 ], [ 5043463.477439251728356, 6735667.259262312203646 ], [ 5043473.257242666557431, 6735635.873943943530321 ], [ 5043487.595038269646466, 6735619.701483754441142 ], [ 5043511.829155300743878, 6735599.899391420185566 ], [ 5043542.386890726163983, 6735585.448945239186287 ], [ 5043622.387426182627678, 6735552.894434954971075 ], [ 5043701.45096651557833, 6735511.375418395735323 ], [ 5043771.626566134393215, 6735498.566560153849423 ], [ 5043819.28532341029495, 6735483.151135408319533 ], [ 5043841.732408692128956, 6735467.844580046832561 ], [ 5043855.143234281800687, 6735445.390186257660389 ], [ 5043873.895169492810965, 6735405.013136427849531 ], [ 5043894.465216659940779, 6735370.891862513497472 ], [ 5043918.691133425571024, 6735349.304256649687886 ], [ 5043935.368347963318229, 6735319.088802257552743 ], [ 5043932.06612176541239, 6735247.992970608174801 ], [ 5043920.221964159980416, 6735094.903200859203935 ], [ 5043909.002799555659294, 6735045.021131321787834 ], [ 5043898.541145790368319, 6735027.813963441178203 ], [ 5043891.221760754473507, 6734998.290481531992555 ], [ 5043885.730293528176844, 6734975.02277128957212 ], [ 5043879.389344331808388, 6734965.193087670952082 ], [ 5043866.693556752055883, 6734941.953387355431914 ], [ 5043828.875384809449315, 6734899.013929145410657 ], [ 5043805.123213781043887, 6734872.591446968726814 ], [ 5043785.154978622682393, 6734844.247651116922498 ], [ 5043750.459884976036847, 6734808.866701303981245 ], [ 5043709.445778761990368, 6734786.712078710086644 ], [ 5043675.16483317874372, 6734768.034024955704808 ], [ 5043657.075879385694861, 6734746.610703215003014 ], [ 5043646.191214677877724, 6734725.159480167552829 ], [ 5043633.426880270242691, 6734684.006819406524301 ], [ 5043624.300733543001115, 6734650.898692466318607 ], [ 5043629.771768543869257, 6734613.909864466637373 ], [ 5043610.104824715293944, 6734575.488552275113761 ], [ 5043584.199079997837543, 6734538.454739721491933 ], [ 5043575.200288102962077, 6734525.697695970535278 ], [ 5043560.722216799855232, 6734505.14705225173384 ], [ 5043552.540358285419643, 6734485.481030829250813 ], [ 5043562.342348192818463, 6734457.675856146030128 ], [ 5043584.467254124581814, 6734432.20628335699439 ], [ 5043585.003455417230725, 6734430.452819233760238 ], [ 5043606.2620037375018, 6734409.143334286287427 ], [ 5043633.136741657741368, 6734375.895963242277503 ], [ 5043654.60659899096936, 6734339.089066753163934 ], [ 5043677.922791790217161, 6734318.403306359425187 ], [ 5043730.886899505741894, 6734279.67851478420198 ], [ 5043753.265627076849341, 6734247.346138935536146 ], [ 5043751.319055668078363, 6734207.947347015142441 ], [ 5043742.190188793465495, 6734176.635037346743047 ], [ 5043716.831519206054509, 6734135.542370405979455 ], [ 5043690.865921718068421, 6734100.415603091940284 ], [ 5043651.042785075493157, 6734062.127839991822839 ], [ 5043618.372361145913601, 6734048.143339118920267 ], [ 5043567.650853659026325, 6734012.136555792763829 ], [ 5043540.738311146385968, 6733992.720221220515668 ], [ 5043515.382202777080238, 6733954.509138747118413 ], [ 5043508.858310671523213, 6733894.521383192390203 ], [ 5043506.923675349913538, 6733860.498611059039831 ], [ 5043512.220326739363372, 6733833.60869699716568 ], [ 5043521.124273918569088, 6733809.387371513061225 ], [ 5043536.322586743161082, 6733780.674575841985643 ], [ 5043548.763908854685724, 6733738.526578893885016 ], [ 5043549.565974686294794, 6733715.245463351719081 ], [ 5043555.719149217009544, 6733676.713203012011945 ], [ 5043557.387540911324322, 6733641.778643108904362 ], [ 5043565.343900721520185, 6733603.228322058916092 ], [ 5043579.620059671811759, 6733571.82541674003005 ], [ 5043616.366626324132085, 6733529.594445126131177 ], [ 5043662.991446654312313, 6733484.631497396156192 ], [ 5043721.306672897189856, 6733434.257989810779691 ], [ 5043782.409733187407255, 6733405.366730164736509 ], [ 5043825.610610896721482, 6733405.198890272527933 ], [ 5043844.610661186277866, 6733422.02930991537869 ], [ 5043862.168810474686325, 6733414.611809050664306 ], [ 5043695.961888111196458, 6733241.215058771893382 ] ], [ [ 5041308.649847510270774, 6732543.052296563982964 ], [ 5041315.695221580564976, 6733126.948926957324147 ], [ 5040956.507619811221957, 6733163.763974381610751 ], [ 5040950.275258404202759, 6733220.219020722433925 ], [ 5040836.703582623973489, 6733269.714183654636145 ], [ 5040783.211100314743817, 6733316.530208528973162 ], [ 5040779.040497510693967, 6733350.896886081434786 ], [ 5040831.09262550342828, 6733497.947018139064312 ], [ 5040779.830396433360875, 6733569.296513953246176 ], [ 5040723.955165522173047, 6733547.41767542809248 ], [ 5040717.53449419606477, 6733554.801124321296811 ], [ 5040698.239540932700038, 6733559.781320475041866 ], [ 5040698.274948845617473, 6733569.591178501024842 ], [ 5040664.014462024904788, 6733591.806652567349374 ], [ 5040640.380201611667871, 6733584.520517285913229 ], [ 5040585.816485621966422, 6733582.178645897656679 ], [ 5040531.698712411336601, 6733558.241859132423997 ], [ 5040515.312509027309716, 6733547.105175911448896 ], [ 5040507.683742034249008, 6733533.997183466330171 ], [ 5040496.279468553140759, 6733503.555147918872535 ], [ 5040490.99821381084621, 6733488.088750228285789 ], [ 5040485.037237973883748, 6733477.723765486851335 ], [ 5039828.603743033483624, 6733375.54386280477047 ], [ 5039834.494750213809311, 6733305.922090029343963 ], [ 5039864.367225256748497, 6733298.289979643188417 ], [ 5039886.403194238431752, 6733281.61821343190968 ], [ 5039902.939565883949399, 6733258.769508853554726 ], [ 5039920.371250368654728, 6733228.679283717647195 ], [ 5039931.405095929279923, 6733207.058251228183508 ], [ 5039937.226048151031137, 6733191.762882474809885 ], [ 5039941.6630037734285, 6733166.196873717941344 ], [ 5039944.420269963331521, 6733139.938475852832198 ], [ 5039942.806524193845689, 6733111.334517123177648 ], [ 5039940.857512855902314, 6733103.027878114953637 ], [ 5039930.678199417889118, 6733062.050451691262424 ], [ 5039919.841841366142035, 6733029.887699225917459 ], [ 5039910.671803418546915, 6733000.113337637856603 ], [ 5039898.950328066013753, 6732967.100173700600863 ], [ 5039884.294236982241273, 6732937.622323701158166 ], [ 5039886.821896419860423, 6732906.731328984722495 ], [ 5039893.307219921611249, 6732879.218253814615309 ], [ 5039904.010754361748695, 6732860.225483316928148 ], [ 5039912.528157907538116, 6732856.304589251056314 ], [ 5039928.159602014347911, 6732851.870764322578907 ], [ 5039983.453804225660861, 6732856.208427031524479 ], [ 5039997.714715965092182, 6732856.23542801104486 ], [ 5040038.398957104422152, 6732852.333273326046765 ], [ 5040034.52806388027966, 6732826.996241552755237 ], [ 5040035.11311976518482, 6732817.028990206308663 ], [ 5040041.393027080222964, 6732775.47219451982528 ], [ 5040049.862053070217371, 6732714.309806507080793 ], [ 5040039.765359761193395, 6732655.67418172582984 ], [ 5040032.76223212480545, 6732539.985510753467679 ], [ 5041308.649847510270774, 6732543.052296563982964 ] ] ] } },
{ "type": "Feature", "properties": { "lv_id": "LOC_069502", "id": 423423.0, "CD_SETOR": "431075105000005", "SITUACAO": "Rural", "CD_SIT": "8", "CD_TIPO": "0", "AREA_KM2": 30.636725642224526, "CD_REGIAO": "4", "NM_REGIAO": "Sul", "CD_UF": "43", "NM_UF": "Rio Grande do Sul", "CD_MUN": "4310751", "NM_MUN": "Ivorá", "CD_DIST": "431075105", "NM_DIST": "Ivorá", "CD_SUBDIST": "43107510500", "NM_SUBDIST": null, "CD_BAIRRO": null, "NM_BAIRRO": null, "CD_NU": null, "NM_NU": null, "CD_FCU": null, "NM_FCU": null, "CD_AGLOM": null, "NM_AGLOM": null, "CD_RGINT": "4303", "NM_RGINT": "Santa Maria", "CD_RGI": "430011", "NM_RGI": "Santa Maria", "CD_CONCURB": null, "NM_CONCURB": null, "mun_code_x": "4310751", "index_right": 69089, "dist_m": 0.0, "local_id": 727331, "ano": 2022, "cod_localidade_ibge": 4310751, "NR_ZONA": "119", "nr_cep": 98160000.0, "nm_localidade": "IVORÁ", "nm_locvot": "CENTRO COMUNITÁRIO DO BARREIRO", "ds_endereco": "BARREIRO", "ds_bairro": "BARREIRO", "pred_long": -53.549593, "pred_lat": -29.469035, "pred_dist": 0.0, "tse_long": -53.540307, "tse_lat": -29.469219, "long": -53.540307, "lat": -29.469219, "ID_UNICO": "LOC_069502", "SG_UF": "RS", "CD_MUNICIPIO": "85626", "NR_LOCAL_VOTACAO": "1155", "QT_SECOES_AGREGADAS": 0, "QT_ELEITORES_TRANSFERIDOS": 0, "CIRO GOMES (PDT) (NÃO ELEITO) 1T": 0.0, "CONSTITUINTE EYMAEL (DC) (NÃO ELEITO) 1T": 0.0, "FELIPE D AVILA (NOVO) (NÃO ELEITO) 1T": 0.0, "JAIR BOLSONARO (PL) (2º TURNO) 1T": 19.0, "LULA (PT) (2º TURNO) 1T": 71.0, "LÉO PÉRICLES (UP) (NÃO ELEITO) 1T": 0.0, "PADRE KELMON (PTB) (NÃO ELEITO) 1T": 0.0, "SIMONE TEBET (MDB) (NÃO ELEITO) 1T": 4.0, "SOFIA MANZANO (PCB) (NÃO ELEITO) 1T": 0.0, "SORAYA THRONICKE (UNIÃO) (NÃO ELEITO) 1T": 0.0, "VERA (PSTU) (NÃO ELEITO) 1T": 0.0, "Total_Votos_Validos 1T": 94.0, "Votos_Brancos 1T": 0.0, "Votos_Nulos 1T": 1.0, "Abstenções 1T": 17.0, "Eleitores_Aptos 1T": 112.0, "JAIR BOLSONARO (PL) (NÃO ELEITO) 2T": 25.0, "LULA (PT) (ELEITO) 2T": 63.0, "Total_Votos_Validos 2T": 88.0, "Votos_Brancos 2T": 0.0, "Votos_Nulos 2T": 2.0, "Abstenções 2T": 22.0, "Eleitores_Aptos 2T": 112.0, "mun_code_y": "4310751", "mun_code": "4310751" }, "geometry": { "type": "Polygon", "coordinates": [ [ [ 5046711.760550011880696, 6738426.304568337276578 ], [ 5046377.966427298262715, 6738160.205047341063619 ], [ 5046187.465547621250153, 6737914.006411526352167 ], [ 5046196.460220771841705, 6737824.803889151662588 ], [ 5046370.366040418855846, 6737643.808700252324343 ], [ 5046466.559182750061154, 6737295.107929170131683 ], [ 5047001.759710282087326, 6737322.710738329216838 ], [ 5047006.565940505824983, 6737046.812864759005606 ], [ 5047274.964355729520321, 6736787.006598837673664 ], [ 5047325.261508923023939, 6736417.605886003933847 ], [ 5047082.859008281491697, 6736062.50965613592416 ], [ 5047273.462212455458939, 6735615.715983730740845 ], [ 5047186.659031417220831, 6735422.106342207640409 ], [ 5047355.258728019893169, 6735142.506200609728694 ], [ 5047221.15795796085149, 6734256.316281761974096 ], [ 5047662.458114065229893, 6733751.906883856281638 ], [ 5047776.559856264851987, 6733309.316156546585262 ], [ 5047116.864342045970261, 6732888.60721075348556 ], [ 5047043.666477411985397, 6732641.709860606119037 ], [ 5046634.960584520362318, 6732342.90931948646903 ], [ 5046641.159757330082357, 6732173.008451788686216 ], [ 5046884.957690116018057, 6732045.108565947972238 ], [ 5047143.559291048906744, 6731608.317203426733613 ], [ 5046301.464780193753541, 6732188.509106535464525 ], [ 5046019.258456139825284, 6732152.608399499207735 ], [ 5045898.864526532590389, 6732394.615658193826675 ], [ 5046002.460306381806731, 6732982.010515803471208 ], [ 5045612.863901685923338, 6733492.009551310911775 ], [ 5044832.767469665966928, 6733567.710511244833469 ], [ 5044437.159586611203849, 6733820.71272711828351 ], [ 5044243.167900362052023, 6733575.016474059782922 ], [ 5043994.9606898939237, 6733553.108673788607121 ], [ 5043862.168810474686325, 6733414.611809050664306 ], [ 5043844.610661186277866, 6733422.02930991537869 ], [ 5043825.610610896721482, 6733405.198890272527933 ], [ 5043782.409733187407255, 6733405.366730164736509 ], [ 5043721.306672897189856, 6733434.257989810779691 ], [ 5043662.991446654312313, 6733484.631497396156192 ], [ 5043616.366626324132085, 6733529.594445126131177 ], [ 5043579.620059671811759, 6733571.82541674003005 ], [ 5043565.343900721520185, 6733603.228322058916092 ], [ 5043557.387540911324322, 6733641.778643108904362 ], [ 5043555.719149217009544, 6733676.713203012011945 ], [ 5043549.565974686294794, 6733715.245463351719081 ], [ 5043548.763908854685724, 6733738.526578893885016 ], [ 5043536.322586743161082, 6733780.674575841985643 ], [ 5043521.124273918569088, 6733809.387371513061225 ], [ 5043512.220326739363372, 6733833.60869699716568 ], [ 5043506.923675349913538, 6733860.498611059039831 ], [ 5043508.858310671523213, 6733894.521383192390203 ], [ 5043515.382202777080238, 6733954.509138747118413 ], [ 5043540.738311146385968, 6733992.720221220515668 ], [ 5043567.650853659026325, 6734012.136555792763829 ], [ 5043618.372361145913601, 6734048.143339118920267 ], [ 5043651.042785075493157, 6734062.127839991822839 ], [ 5043690.865921718068421, 6734100.415603091940284 ], [ 5043716.831519206054509, 6734135.542370405979455 ], [ 5043742.190188793465495, 6734176.635037346743047 ], [ 5043751.319055668078363, 6734207.947347015142441 ], [ 5043753.265627076849341, 6734247.346138935536146 ], [ 5043730.886899505741894, 6734279.67851478420198 ], [ 5043677.922791790217161, 6734318.403306359425187 ], [ 5043654.60659899096936, 6734339.089066753163934 ], [ 5043633.136741657741368, 6734375.895963242277503 ], [ 5043606.2620037375018, 6734409.143334286287427 ], [ 5043585.003455417230725, 6734430.452819233760238 ], [ 5043584.467254124581814, 6734432.20628335699439 ], [ 5043562.342348192818463, 6734457.675856146030128 ], [ 5043552.540358285419643, 6734485.481030829250813 ], [ 5043560.722216799855232, 6734505.14705225173384 ], [ 5043575.200288102962077, 6734525.697695970535278 ], [ 5043584.199079997837543, 6734538.454739721491933 ], [ 5043610.104824715293944, 6734575.488552275113761 ], [ 5043629.771768543869257, 6734613.909864466637373 ], [ 5043624.300733543001115, 6734650.898692466318607 ], [ 5043633.426880270242691, 6734684.006819406524301 ], [ 5043646.191214677877724, 6734725.159480167552829 ], [ 5043657.075879385694861, 6734746.610703215003014 ], [ 5043675.16483317874372, 6734768.034024955704808 ], [ 5043709.445778761990368, 6734786.712078710086644 ], [ 5043750.459884976036847, 6734808.866701303981245 ], [ 5043785.154978622682393, 6734844.247651116922498 ], [ 5043805.123213781043887, 6734872.591446968726814 ], [ 5043828.875384809449315, 6734899.013929145410657 ], [ 5043866.693556752055883, 6734941.953387355431914 ], [ 5043879.389344331808388, 6734965.193087670952082 ], [ 5043885.730293528176844, 6734975.02277128957212 ], [ 5043891.221760754473507, 6734998.290481531992555 ], [ 5043898.541145790368319, 6735027.813963441178203 ], [ 5043909.002799555659294, 6735045.021131321787834 ], [ 5043920.221964159980416, 6735094.903200859203935 ], [ 5043932.06612176541239, 6735247.992970608174801 ], [ 5043935.368347963318229, 6735319.088802257552743 ], [ 5043918.691133425571024, 6735349.304256649687886 ], [ 5043894.465216659940779, 6735370.891862513497472 ], [ 5043873.895169492810965, 6735405.013136427849531 ], [ 5043855.143234281800687, 6735445.390186257660389 ], [ 5043841.732408692128956, 6735467.844580046832561 ], [ 5043819.28532341029495, 6735483.151135408319533 ], [ 5043771.626566134393215, 6735498.566560153849423 ], [ 5043701.45096651557833, 6735511.375418395735323 ], [ 5043622.387426182627678, 6735552.894434954971075 ], [ 5043542.386890726163983, 6735585.448945239186287 ], [ 5043511.829155300743878, 6735599.899391420185566 ], [ 5043487.595038269646466, 6735619.701483754441142 ], [ 5043473.257242666557431, 6735635.873943943530321 ], [ 5043463.477439251728356, 6735667.259262312203646 ], [ 5043445.528868335299194, 6735682.55881255492568 ], [ 5043415.855332406237721, 6735692.527352130040526 ], [ 5043366.380541083402932, 6735702.571927318349481 ], [ 5043313.267457094043493, 6735704.571645957417786 ], [ 5043277.259765543043613, 6735706.494440855458379 ], [ 5043247.548253353685141, 6735706.608349773101509 ], [ 5043225.967439305968583, 6735712.964998183771968 ], [ 5043173.185029061511159, 6735727.909759522415698 ], [ 5043136.060555799864233, 6735744.656663799658418 ], [ 5043124.39050171803683, 6735753.657731994986534 ], [ 5043115.474389513023198, 6735777.878688869997859 ], [ 5043117.466292173601687, 6735827.142713563516736 ], [ 5043118.491323328576982, 6735859.384281767532229 ], [ 5043119.235856958664954, 6735884.200150461867452 ], [ 5043120.514589866623282, 6735919.389285128563643 ], [ 5043115.21597005520016, 6735946.290000822395086 ], [ 5043103.634635692462325, 6735978.579719606786966 ], [ 5043083.912250861525536, 6736029.910815625451505 ], [ 5043056.980778472498059, 6736090.436445834115148 ], [ 5043046.994576894678175, 6736113.885482569225132 ], [ 5043037.534093854017556, 6736114.996780977584422 ], [ 5043021.428870763629675, 6736141.029696990735829 ], [ 5043005.36796263884753, 6736178.712465091608465 ], [ 5042993.803163712844253, 6736215.491302570328116 ], [ 5042996.928308991715312, 6736231.430315509438515 ], [ 5043001.213637201115489, 6736271.895400680601597 ], [ 5042986.057752608321607, 6736310.472545099444687 ], [ 5042952.039303083904088, 6736361.658281429670751 ], [ 5042910.856159794144332, 6736423.634410064667463 ], [ 5042878.640777978114784, 6736474.813051903620362 ], [ 5042842.773390703834593, 6736514.366502300836146 ], [ 5042793.440509725362062, 6736562.927340159192681 ], [ 5042747.667747752740979, 6736601.620159898884594 ], [ 5042702.799959305673838, 6736641.20722546428442 ], [ 5042684.40464841760695, 6736651.895953915081918 ], [ 5042653.564704057760537, 6736674.84703404083848 ], [ 5042623.879199102520943, 6736685.09058908559382 ], [ 5042617.479127918370068, 6736700.655518387444317 ], [ 5042604.077816940844059, 6736726.68866634182632 ], [ 5042590.734326314181089, 6736770.634469341486692 ], [ 5042574.674431857652962, 6736809.214413424953818 ], [ 5042563.080505970865488, 6736838.821049688383937 ], [ 5042546.973167632706463, 6736864.864322542212903 ], [ 5042523.633136346936226, 6736883.763010915368795 ], [ 5042493.026751204393804, 6736886.571839313022792 ], [ 5042459.687207635492086, 6736879.525476148352027 ], [ 5042429.020204081200063, 6736866.206112316809595 ], [ 5042374.003102944232523, 6736840.430204808712006 ], [ 5042309.682655044831336, 6736803.460097923874855 ], [ 5042235.895037311129272, 6736760.683414631523192 ], [ 5042202.07345571089536, 6736751.66502396017313 ], [ 5042065.665176855400205, 6736757.89385967887938 ], [ 5042050.879839863628149, 6736777.225241135805845 ], [ 5042042.361648344434798, 6736794.560186641290784 ], [ 5042048.468733010813594, 6736845.915028300136328 ], [ 5042070.850939812138677, 6736915.920197626575828 ], [ 5042076.3729078033939, 6736948.145008683204651 ], [ 5042080.184603374451399, 6737005.471948424354196 ], [ 5042083.999637492932379, 6737063.68564635887742 ], [ 5042087.857831828296185, 6737130.866697672754526 ], [ 5042093.443417679518461, 6737180.117349242791533 ], [ 5042089.04359841067344, 6737207.003054107539356 ], [ 5042081.069418135099113, 6737242.869596490636468 ], [ 5042070.38571188878268, 6737275.165870672091842 ], [ 5042052.482697289437056, 6737303.897581816650927 ], [ 5042032.729025123640895, 6737320.099364014342427 ], [ 5041989.526469320990145, 6737323.840465327724814 ], [ 5041939.963420516811311, 6737312.385746934451163 ], [ 5041878.701448291540146, 6737305.441340639255941 ], [ 5041815.678570449352264, 6737307.470638757571578 ], [ 5041746.371582010760903, 6737314.887810178101063 ], [ 5041679.796818938106298, 6737329.466262145899236 ], [ 5041661.413630397990346, 6737330.864269154146314 ], [ 5041627.567472359165549, 6737349.711138088256121 ], [ 5041607.870396752841771, 6737402.513588432222605 ], [ 5041687.768866686150432, 6737820.710018768906593 ], [ 5041768.968385050073266, 6737873.206319816410542 ], [ 5041870.267852256074548, 6737900.310130793601274 ], [ 5041923.660806817933917, 6737960.412721312604845 ], [ 5041882.26550389546901, 6738219.404648844152689 ], [ 5042021.166078616864979, 6738286.505275744013488 ], [ 5041921.863054692745209, 6738573.612636054866016 ], [ 5042381.068742065690458, 6738870.70876679290086 ], [ 5042426.066128522157669, 6738974.004228325560689 ], [ 5042363.365017328411341, 6739085.008638331666589 ], [ 5042362.767287828959525, 6739202.408623047173023 ], [ 5042244.269088722765446, 6739274.603336641564965 ], [ 5041954.463530464097857, 6739563.706924203783274 ], [ 5041927.16865923255682, 6739642.708815230987966 ], [ 5041870.868687902577221, 6739737.403152343817055 ], [ 5042303.060806994326413, 6739847.005991487763822 ], [ 5042326.965191407129169, 6739904.512375932186842 ], [ 5042168.267139559611678, 6740036.004301397129893 ], [ 5042197.169141069985926, 6740153.80389176029712 ], [ 5042162.961705071851611, 6740272.903108779340982 ], [ 5042316.867058015428483, 6740337.306202203035355 ], [ 5042266.170114201493561, 6740597.009681273251772 ], [ 5042385.16607060469687, 6740666.807564908638597 ], [ 5042539.862202331423759, 6740656.006462814286351 ], [ 5042690.765513328835368, 6740552.904569514095783 ], [ 5043172.969072703272104, 6740710.902984282001853 ], [ 5043254.064411061815917, 6741238.710369244217873 ], [ 5043357.668718195520341, 6741445.707423180341721 ], [ 5043328.762713358737528, 6741551.111304270103574 ], [ 5043442.46930612064898, 6741777.810609120875597 ], [ 5043684.759775498881936, 6741706.002062005922198 ], [ 5044056.66167660523206, 6741246.408161449246109 ], [ 5044108.960667604580522, 6741001.709756970405579 ], [ 5044320.260038263164461, 6740869.807182598859072 ], [ 5046711.760550011880696, 6738426.304568337276578 ] ] ] } },
{ "type": "Feature", "properties": { "lv_id": "LOC_069503", "id": 423421.0, "CD_SETOR": "431075105000003", "SITUACAO": "Rural", "CD_SIT": "8", "CD_TIPO": "0", "AREA_KM2": 35.894506901632035, "CD_REGIAO": "4", "NM_REGIAO": "Sul", "CD_UF": "43", "NM_UF": "Rio Grande do Sul", "CD_MUN": "4310751", "NM_MUN": "Ivorá", "CD_DIST": "431075105", "NM_DIST": "Ivorá", "CD_SUBDIST": "43107510500", "NM_SUBDIST": null, "CD_BAIRRO": null, "NM_BAIRRO": null, "CD_NU": null, "NM_NU": null, "CD_FCU": null, "NM_FCU": null, "CD_AGLOM": null, "NM_AGLOM": null, "CD_RGINT": "4303", "NM_RGINT": "Santa Maria", "CD_RGI": "430011", "NM_RGI": "Santa Maria", "CD_CONCURB": null, "NM_CONCURB": null, "mun_code_x": "4310751", "index_right": 69087, "dist_m": 0.0, "local_id": 727329, "ano": 2022, "cod_localidade_ibge": 4310751, "NR_ZONA": "119", "nr_cep": 98160000.0, "nm_localidade": "IVORÁ", "nm_locvot": "ESCOLA MUNICIPAL DUQUE DE CAXIAS", "ds_endereco": "LINHA 5", "ds_bairro": "LINHA cinco", "pred_long": -53.62183, "pred_lat": -29.49839, "pred_dist": 0.0, "tse_long": -53.6219134, "tse_lat": -29.4978631, "long": -53.6219134, "lat": -29.4978631, "ID_UNICO": "LOC_069503", "SG_UF": "RS", "CD_MUNICIPIO": "85626", "NR_LOCAL_VOTACAO": "1287", "QT_SECOES_AGREGADAS": 0, "QT_ELEITORES_TRANSFERIDOS": 0, "CIRO GOMES (PDT) (NÃO ELEITO) 1T": 2.0, "CONSTITUINTE EYMAEL (DC) (NÃO ELEITO) 1T": 0.0, "FELIPE D AVILA (NOVO) (NÃO ELEITO) 1T": 0.0, "JAIR BOLSONARO (PL) (2º TURNO) 1T": 47.0, "LULA (PT) (2º TURNO) 1T": 47.0, "LÉO PÉRICLES (UP) (NÃO ELEITO) 1T": 0.0, "PADRE KELMON (PTB) (NÃO ELEITO) 1T": 0.0, "SIMONE TEBET (MDB) (NÃO ELEITO) 1T": 12.0, "SOFIA MANZANO (PCB) (NÃO ELEITO) 1T": 0.0, "SORAYA THRONICKE (UNIÃO) (NÃO ELEITO) 1T": 3.0, "VERA (PSTU) (NÃO ELEITO) 1T": 0.0, "Total_Votos_Validos 1T": 111.0, "Votos_Brancos 1T": 1.0, "Votos_Nulos 1T": 6.0, "Abstenções 1T": 30.0, "Eleitores_Aptos 1T": 148.0, "JAIR BOLSONARO (PL) (NÃO ELEITO) 2T": 60.0, "LULA (PT) (ELEITO) 2T": 49.0, "Total_Votos_Validos 2T": 109.0, "Votos_Brancos 2T": 2.0, "Votos_Nulos 2T": 11.0, "Abstenções 2T": 26.0, "Eleitores_Aptos 2T": 148.0, "mun_code_y": "4310751", "mun_code": "4310751" }, "geometry": { "type": "Polygon", "coordinates": [ [ [ 5040900.593694887124002, 6735443.506697475910187 ], [ 5040918.704955293796957, 6735408.058653644286096 ], [ 5040930.778501631692052, 6735384.271422771736979 ], [ 5040938.805379482917488, 6735364.988167034462094 ], [ 5040943.666136251762509, 6735338.999062318354845 ], [ 5040946.705395086668432, 6735308.08387025911361 ], [ 5040946.163448982872069, 6735281.659894967451692 ], [ 5040942.024110259488225, 6735257.931472847238183 ], [ 5040938.054777740500867, 6735235.621274467557669 ], [ 5040931.059002422727644, 6735196.972109414637089 ], [ 5040927.315366862341762, 6735183.406922414898872 ], [ 5040920.095284507609904, 6735168.446585595607758 ], [ 5040910.56321432068944, 6735146.976819168776274 ], [ 5040906.894428011029959, 6735129.975093835964799 ], [ 5040907.296587120741606, 6735115.197718182578683 ], [ 5040912.16870482172817, 6735095.028049125336111 ], [ 5040911.667438835836947, 6735079.79947551805526 ], [ 5040908.019741833209991, 6735065.934645803645253 ], [ 5040900.77957786154002, 6735056.106589388102293 ], [ 5040884.975832146592438, 6735043.172593389637768 ], [ 5040868.262247237376869, 6735028.002760116010904 ], [ 5040862.820809801109135, 6735016.826913591474295 ], [ 5040853.251663586124778, 6734982.377036141231656 ], [ 5040846.29402924887836, 6734938.074471085332334 ], [ 5040847.066729474812746, 6734918.49607309140265 ], [ 5040859.257728870026767, 6734873.702942452393472 ], [ 5040875.330232826992869, 6734819.052505183964968 ], [ 5040880.022049756720662, 6734794.638048744760454 ], [ 5040877.271321060135961, 6734779.41761994920671 ], [ 5040869.994054482318461, 6734759.291978102177382 ], [ 5040853.657175987027586, 6734722.184109305031598 ], [ 5040839.579607612453401, 6734687.750537996180356 ], [ 5040835.806299773044884, 6734657.87980686686933 ], [ 5040833.966495292261243, 6734629.099461162462831 ], [ 5040832.964247971773148, 6734601.335876107215881 ], [ 5040835.075923173688352, 6734563.263315552845597 ], [ 5040834.938120544888079, 6734525.198896405287087 ], [ 5040842.150410011410713, 6734404.260676704347134 ], [ 5040845.578875806182623, 6734354.987767503596842 ], [ 5040848.168889671564102, 6734325.869912255555391 ], [ 5040848.548374388366938, 6734307.501155835576355 ], [ 5040844.883163822814822, 6734288.714743346907198 ], [ 5040840.291897737421095, 6734263.203256966546178 ], [ 5040835.361736387945712, 6734211.034239274449646 ], [ 5040836.634069761261344, 6734080.42942603956908 ], [ 5040838.237238282337785, 6733944.813094749115407 ], [ 5040839.414621885865927, 6733897.787421450018883 ], [ 5040837.543136629275978, 6733876.300913425162435 ], [ 5040831.615756615065038, 6733856.613732328638434 ], [ 5040822.994731353595853, 6733837.390773437917233 ], [ 5040802.645543128252029, 6733811.049516828730702 ], [ 5040775.071745851077139, 6733778.903783520683646 ], [ 5040757.018994551151991, 6733762.851853579282761 ], [ 5040728.154410994611681, 6733746.38447729498148 ], [ 5040681.298841044306755, 6733720.1608806848526 ], [ 5040673.584570722654462, 6733715.688309904187918 ], [ 5040661.851697264239192, 6733707.217554625123739 ], [ 5040646.043654878623784, 6733692.498606788925827 ], [ 5040632.935788092203438, 6733676.428655369207263 ], [ 5040626.121746943332255, 6733660.779403588734567 ], [ 5040626.274696880020201, 6733644.02982946485281 ], [ 5040626.474144156090915, 6733632.113028702326119 ], [ 5040623.715954289771616, 6733617.347024001181126 ], [ 5040618.721391570754349, 6733606.16944198589772 ], [ 5040602.934535948559642, 6733594.587336311116815 ], [ 5040585.816485621966422, 6733582.178645897656679 ], [ 5040531.698712411336601, 6733558.241859132423997 ], [ 5040515.312509027309716, 6733547.105175911448896 ], [ 5040507.683742034249008, 6733533.997183466330171 ], [ 5040496.279468553140759, 6733503.555147918872535 ], [ 5040490.99821381084621, 6733488.088750228285789 ], [ 5040485.037237973883748, 6733477.723765486851335 ], [ 5039828.603743033483624, 6733375.54386280477047 ], [ 5039834.494750213809311, 6733305.922090029343963 ], [ 5039864.367225256748497, 6733298.289979643188417 ], [ 5039886.403194238431752, 6733281.61821343190968 ], [ 5039902.939565883949399, 6733258.769508853554726 ], [ 5039920.371250368654728, 6733228.679283717647195 ], [ 5039931.405095929279923, 6733207.058251228183508 ], [ 5039937.226048151031137, 6733191.762882474809885 ], [ 5039941.6630037734285, 6733166.196873717941344 ], [ 5039944.420269963331521, 6733139.938475852832198 ], [ 5039942.806524193845689, 6733111.334517123177648 ], [ 5039940.857512855902314, 6733103.027878114953637 ], [ 5039930.678199417889118, 6733062.050451691262424 ], [ 5039919.841841366142035, 6733029.887699225917459 ], [ 5039910.671803418546915, 6733000.113337637856603 ], [ 5039898.950328066013753, 6732967.100173700600863 ], [ 5039884.294236982241273, 6732937.622323701158166 ], [ 5039886.821896419860423, 6732906.731328984722495 ], [ 5039893.307219921611249, 6732879.218253814615309 ], [ 5039904.010754361748695, 6732860.225483316928148 ], [ 5039912.528157907538116, 6732856.304589251056314 ], [ 5039928.159602014347911, 6732851.870764322578907 ], [ 5039983.453804225660861, 6732856.208427031524479 ], [ 5039997.714715965092182, 6732856.23542801104486 ], [ 5040038.398957104422152, 6732852.333273326046765 ], [ 5040034.52806388027966, 6732826.996241552755237 ], [ 5040035.11311976518482, 6732817.028990206308663 ], [ 5040041.393027080222964, 6732775.47219451982528 ], [ 5040049.862053070217371, 6732714.309806507080793 ], [ 5040039.765359761193395, 6732655.67418172582984 ], [ 5040032.76223212480545, 6732539.985510753467679 ], [ 5040027.053490351885557, 6732513.036623456515372 ], [ 5040020.610751896165311, 6732473.209875345230103 ], [ 5040013.706056052818894, 6732431.589034730568528 ], [ 5040009.577774965204298, 6732407.427878713235259 ], [ 5039989.578846632502973, 6732352.873268974944949 ], [ 5039964.647271186113358, 6732301.473095845431089 ], [ 5039949.273888646624982, 6732280.034292569383979 ], [ 5039933.462384245358407, 6732263.518644793890417 ], [ 5039920.490174897946417, 6732252.158406279981136 ], [ 5039902.314203860238194, 6732235.872785292565823 ], [ 5039881.084302719682455, 6732214.011234726756811 ], [ 5039862.563838643021882, 6732193.481314806267619 ], [ 5039849.906284225173295, 6732177.852258920669556 ], [ 5039830.946148575283587, 6732161.802076732739806 ], [ 5039822.372374262660742, 6732155.11502474732697 ], [ 5039811.119522735476494, 6732152.915665030479431 ], [ 5039790.416493697091937, 6732153.886645298451185 ], [ 5039769.256471294909716, 6732151.722219416871667 ], [ 5039758.441654278896749, 6732147.282144518569112 ], [ 5039750.775761811062694, 6732142.376478476449847 ], [ 5039746.696891266852617, 6732134.786735023371875 ], [ 5039741.891218198463321, 6732121.768031714484096 ], [ 5039733.399360835552216, 6732077.802650170400739 ], [ 5039721.653337383642793, 6731982.415541699156165 ], [ 5039716.395167110487819, 6731964.75391524285078 ], [ 5039695.528686022385955, 6731916.47580354847014 ], [ 5039689.631336901336908, 6731901.720617620274425 ], [ 5039679.6739102890715, 6731887.423115545883775 ], [ 5039661.598688310012221, 6731866.447911911644042 ], [ 5039648.04051805101335, 6731848.139294410124421 ], [ 5039641.687664333730936, 6731833.385686147026718 ], [ 5039638.929563397541642, 6731818.164954987354577 ], [ 5039639.775972583331168, 6731802.499238506890833 ], [ 5039643.720775284804404, 6731772.035576045513153 ], [ 5039645.894065503962338, 6731750.534615335986018 ], [ 5039653.038108561187983, 6731733.948872219771147 ], [ 5039671.38089644536376, 6731704.332382638007402 ], [ 5039676.732924021780491, 6731690.889914042316377 ], [ 5039682.073852001689374, 6731674.299414375796914 ], [ 5039684.727899430319667, 6731659.968578176572919 ], [ 5039687.354872258380055, 6731640.705125172622502 ], [ 5039692.237247926183045, 6731620.53586164303124 ], [ 5039699.804929777048528, 6731597.674625711515546 ], [ 5039708.701057559810579, 6731569.443684980273247 ], [ 5039714.470664791762829, 6731545.247519159689546 ], [ 5039718.454628867097199, 6731525.979271518997848 ], [ 5039720.648236250504851, 6731510.297706820070744 ], [ 5039720.581960711628199, 6731491.498209901154041 ], [ 5039718.260502415709198, 6731470.910933738574386 ], [ 5039713.207776890136302, 6731442.718062654137611 ], [ 5039709.983302298001945, 6731421.690576812252402 ], [ 5039702.699163324199617, 6731398.438277301378548 ], [ 5039692.107210465706885, 6731382.757425134070218 ], [ 5039678.464388162828982, 6731365.036629777401686 ], [ 5039666.408403494395316, 6731354.748097373172641 ], [ 5039648.969214038923383, 6731346.240973345935345 ], [ 5039617.871471383608878, 6731332.028877114877105 ], [ 5039599.398531943559647, 6731324.478600609116256 ], [ 5039581.809563471935689, 6731314.697154177352786 ], [ 5039556.561925165355206, 6731299.111996425315738 ], [ 5039538.051106518134475, 6731283.503141994588077 ], [ 5039521.351402912288904, 6731267.444514367729425 ], [ 5039502.382285129278898, 6731248.267921157181263 ], [ 5039493.804690076969564, 6731240.239382700994611 ], [ 5039484.341303001157939, 6731236.68109558429569 ], [ 5039476.239736440591514, 6731234.481452675536275 ], [ 5039457.309883279725909, 6731226.478072300553322 ], [ 5039443.754087028093636, 6731211.30618410743773 ], [ 5039438.30644575227052, 6731197.447152562439442 ], [ 5039430.575571540743113, 6731173.752854226157069 ], [ 5039418.388521022163332, 6731148.045634650625288 ], [ 5039404.778937772847712, 6731131.310938810929656 ], [ 5039395.290629118680954, 6731120.59191813506186 ], [ 5039387.61465694475919, 6731112.560146897099912 ], [ 5039381.260992096737027, 6731097.363000831566751 ], [ 5039371.760259529575706, 6731083.074715115129948 ], [ 5039361.37403211183846, 6731070.574159940704703 ], [ 5039346.017205619253218, 6731055.851838254369795 ], [ 5039337.435182890854776, 6731046.481943288818002 ], [ 5039331.529372371733189, 6731029.04408622533083 ], [ 5039332.800098807550967, 6731007.10293198749423 ], [ 5039334.091139438562095, 6730990.981199199333787 ], [ 5039333.159974000416696, 6730982.471363288350403 ], [ 5039321.424690746702254, 6730972.214601267129183 ], [ 5039314.195074609480798, 6730961.49871320836246 ], [ 5039303.331604322418571, 6730942.73688724450767 ], [ 5039300.145494605414569, 6730932.450271282345057 ], [ 5039301.435024541802704, 6730915.885156428441405 ], [ 5039298.2411122713238, 6730903.359447449445724 ], [ 5039286.925253063440323, 6730885.485963609069586 ], [ 5039276.082190146669745, 6730872.543533714488149 ], [ 5039266.603607361204922, 6730864.517966100946069 ], [ 5039241.815785171464086, 6730852.52197028324008 ], [ 5039209.829363750293851, 6730841.43776049464941 ], [ 5039181.447175626643002, 6730829.897534203715622 ], [ 5039166.448712819255888, 6730823.29884562920779 ], [ 5039146.317734247073531, 6730812.472516667097807 ], [ 5039125.546341215260327, 6730801.437766381539404 ], [ 5039100.317597633227706, 6730790.784248441457748 ], [ 5039079.127656173892319, 6730779.218798417598009 ], [ 5039063.327262833714485, 6730764.941025349311531 ], [ 5039052.932365278713405, 6730749.757710381411016 ], [ 5039036.180992995388806, 6730721.161701429635286 ], [ 5039023.938364597968757, 6730693.004522250033915 ], [ 5039011.723305290564895, 6730675.588356163352728 ], [ 5038999.077927812933922, 6730662.651905624195933 ], [ 5038975.58851199131459, 6730636.318254617974162 ], [ 5038928.17499112803489, 6730586.789293995127082 ], [ 5038888.882965357974172, 6730545.290710225701332 ], [ 5038861.333722819574177, 6730513.59473754838109 ], [ 5038834.202296958304942, 6730476.532238824293017 ], [ 5038796.252549085766077, 6730430.561553485691547 ], [ 5038737.527757130563259, 6730363.612277968786657 ], [ 5038711.780157736502588, 6730334.148866391740739 ], [ 5038673.381970262154937, 6730289.96395827177912 ], [ 5038642.668627843260765, 6730253.811167908832431 ], [ 5038609.135573759675026, 6730209.3433144884184 ], [ 5038576.748521712608635, 6730162.643401687964797 ], [ 5038567.605848443694413, 6730144.839352613314986 ], [ 5038559.411217893473804, 6730118.009062421508133 ], [ 5038557.521108200773597, 6730092.498436160385609 ], [ 5038561.966614200733602, 6730074.570254992693663 ], [ 5038569.608375685289502, 6730056.010378351435065 ], [ 5038572.223784924484789, 6730049.915890952572227 ], [ 5038574.878823649138212, 6730035.585295807570219 ], [ 5038580.157693091779947, 6730000.650239030830562 ], [ 5038584.495288473553956, 6729954.079411176964641 ], [ 5038580.388804135844111, 6729937.976248721592128 ], [ 5038572.162589590996504, 6729899.063687464222312 ], [ 5038567.102662685327232, 6729867.744416682049632 ], [ 5038557.344919469207525, 6729777.802870839834213 ], [ 5038552.717599344439805, 6729739.764745656400919 ], [ 5038544.870005832985044, 6729681.153246665373445 ], [ 5038537.964664689265192, 6729637.303411789238453 ], [ 5038529.784734422340989, 6729611.814293144270778 ], [ 5038506.597445560619235, 6729542.514113023877144 ], [ 5038484.781013901345432, 6729477.23296463303268 ], [ 5038474.341658645309508, 6729451.308136219158769 ], [ 5038462.147619796916842, 6729436.573815811425447 ], [ 5038441.607471006922424, 6729424.206867638044059 ], [ 5038429.694202196784317, 6729417.884886849671602 ], [ 5038410.33305768109858, 6729413.029325023293495 ], [ 5038384.675482639111578, 6729409.09306482039392 ], [ 5038360.374153213575482, 6729407.823552319779992 ], [ 5038265.895815655589104, 6729409.497412530705333 ], [ 5038220.464827040210366, 6729410.538517186418176 ], [ 5038193.000147145241499, 6729405.266700330190361 ], [ 5038165.074463701806962, 6729395.507053097710013 ], [ 5038142.074873814359307, 6729380.820101697929204 ], [ 5038091.117095788940787, 6729343.836525361984968 ], [ 5038057.274480681866407, 6729315.307969393208623 ], [ 5038047.77386046666652, 6729300.120711432769895 ], [ 5038031.479601284489036, 6729270.623807582072914 ], [ 5038013.355650819838047, 6729233.085524890571833 ], [ 5037992.557258542627096, 6729201.375736720860004 ], [ 5037973.131123438477516, 6729179.959021328017116 ], [ 5037953.673508992418647, 6729160.68173713888973 ], [ 5037931.491879501380026, 6729146.922723186202347 ], [ 5037897.850031372159719, 6729134.554593719542027 ], [ 5037837.064890103414655, 6729119.983085967600346 ], [ 5037779.92565346416086, 6729117.492485049180686 ], [ 5037712.886428697966039, 6729116.37602061778307 ], [ 5037654.391941295936704, 6729114.332713564857841 ], [ 5037604.452679582871497, 6729114.499647400341928 ], [ 5037576.122796193696558, 6729116.833368388004601 ], [ 5037540.582572073675692, 6729119.191065555438399 ], [ 5037492.480167777277529, 6729129.64911100268364 ], [ 5037443.033530551940203, 6729140.998200819827616 ], [ 5037393.559281919151545, 6729146.982144604437053 ], [ 5037358.025637933053076, 6729148.441376965492964 ], [ 5037317.979600998573005, 6729148.13081206381321 ], [ 5037275.678536809049547, 6729142.894858878105879 ], [ 5037232.462129113264382, 6729136.331604963168502 ], [ 5037201.403073029592633, 6729131.058185705915093 ], [ 5037166.862714281305671, 6729128.079633601009846 ], [ 5037130.558882638812065, 6729128.14401320554316 ], [ 5037079.929197141900659, 6729130.561100118793547 ], [ 5036996.257354717701674, 6729131.734260722063482 ], [ 5036951.711674900725484, 6729130.539316657930613 ], [ 5036916.600348071195185, 6729124.835024811327457 ], [ 5036874.726300287991762, 6729113.776677846908569 ], [ 5036848.599227570928633, 6729102.223251342773438 ], [ 5036800.368041248060763, 6729076.42055931314826 ], [ 5036765.642288791947067, 6729049.232306997291744 ], [ 5036720.528514199890196, 6729010.438860213384032 ], [ 5036687.578503905795515, 6728977.868476619943976 ], [ 5036652.373044732026756, 6728943.066223845817149 ], [ 5036623.480158179067075, 6728912.278171868994832 ], [ 5036603.612302333116531, 6728888.178056344389915 ], [ 5036562.479834785684943, 6728830.571310829371214 ], [ 5036493.618423251435161, 6728742.116833809763193 ], [ 5036482.965575522743165, 6728735.411843890324235 ], [ 5036146.565741531550884, 6729027.116856686770916 ], [ 5035942.770934883505106, 6729040.516863588243723 ], [ 5035722.569185422733426, 6728968.712592789903283 ], [ 5035593.171490557491779, 6728867.619623260572553 ], [ 5035493.069089189171791, 6728707.118444174528122 ], [ 5034502.974216759204865, 6730244.11004089191556 ], [ 5034320.171473691239953, 6730929.613704744726419 ], [ 5033945.273380968719721, 6731307.916875071823597 ], [ 5033709.26740660239011, 6732022.71070390753448 ], [ 5033704.875121436081827, 6732142.316223884001374 ], [ 5033609.470127353444695, 6732553.010452279821038 ], [ 5033589.866288606077433, 6732689.011028444394469 ], [ 5033450.473585701547563, 6733079.117281941697001 ], [ 5033465.174919354729354, 6733648.812877587974072 ], [ 5033483.768973650410771, 6734366.70896315574646 ], [ 5033738.674818488769233, 6734989.315099076367915 ], [ 5033816.772891462780535, 6735084.109671222046018 ], [ 5034059.568290282972157, 6735329.612938048318028 ], [ 5034172.170241515152156, 6735599.714856086298823 ], [ 5034340.572894709184766, 6735668.316166987642646 ], [ 5034560.867863501422107, 6735895.609758529812098 ], [ 5034853.969391786493361, 6736072.40576577372849 ], [ 5034953.872011285275221, 6736175.815518634393811 ], [ 5035017.365177765488625, 6736183.311420829966664 ], [ 5035326.17063335608691, 6736059.11029895581305 ], [ 5035847.172174051403999, 6736028.813699329271913 ], [ 5035866.669387335889041, 6736146.514810828492045 ], [ 5035791.470931281335652, 6736224.611927276477218 ], [ 5035670.472783451899886, 6736269.909868411719799 ], [ 5035638.268604479730129, 6736337.915977337397635 ], [ 5035764.966825571842492, 6736343.711520917713642 ], [ 5036271.564510234631598, 6736574.306699994951487 ], [ 5036498.773730124346912, 6736691.004838115535676 ], [ 5036901.865932518616319, 6736821.013917319476604 ], [ 5036962.470850548706949, 6737031.911280636675656 ], [ 5037180.172658775933087, 6737201.611486788839102 ], [ 5037221.665940389968455, 6737508.707291452214122 ], [ 5037129.372758918441832, 6737635.209536668844521 ], [ 5036926.466468209400773, 6737588.0115024484694 ], [ 5036807.666053500026464, 6737400.204753115773201 ], [ 5036690.572109216824174, 6737297.609759675338864 ], [ 5036468.067994005046785, 6737398.912397736683488 ], [ 5036441.965958900749683, 6737587.213373657315969 ], [ 5036601.172376380302012, 6737692.711681900545955 ], [ 5036593.669310321100056, 6738834.505413113161922 ], [ 5036812.664954702369869, 6738820.913627589121461 ], [ 5037192.563729383051395, 6738729.10811754129827 ], [ 5037250.464905383065343, 6738789.106736013665795 ], [ 5037359.673235610127449, 6739067.512765855528414 ], [ 5037677.56974642816931, 6739396.113166656345129 ], [ 5037957.767154287546873, 6739357.410155100747943 ], [ 5038033.170387217774987, 6739315.212459469214082 ], [ 5038181.170318940654397, 6739138.512386055663228 ], [ 5038370.566575390286744, 6739070.908624337986112 ], [ 5038685.271151113323867, 6739274.512900924310088 ], [ 5038795.76595614105463, 6739283.112594084814191 ], [ 5038926.97012370172888, 6739235.208089683204889 ], [ 5038888.870791296474636, 6739391.011647538281977 ], [ 5038906.56600692961365, 6739445.110166335478425 ], [ 5039000.668436236679554, 6739456.313770609907806 ], [ 5039126.965346284210682, 6739259.912167313508689 ], [ 5039241.369516337290406, 6739187.509709781967103 ], [ 5039545.367599059827626, 6739336.513496373780072 ], [ 5039726.566773883998394, 6739129.40448007080704 ], [ 5039751.265928141772747, 6739047.513019536621869 ], [ 5039809.66915216948837, 6738268.511661184951663 ], [ 5039469.068840727210045, 6738107.5054194573313 ], [ 5039590.965934903360903, 6737838.608623336069286 ], [ 5039721.46922807302326, 6737660.607479611411691 ], [ 5039788.771550172939897, 6737633.811707848683 ], [ 5039829.365557575598359, 6737753.405042620375752 ], [ 5039979.967936874367297, 6737772.204509288072586 ], [ 5040032.665585349313915, 6737860.80591600947082 ], [ 5039929.964102363213897, 6737926.812824502587318 ], [ 5039871.666985535994172, 6737985.512497925199568 ], [ 5040286.266173577867448, 6738321.003595273941755 ], [ 5040404.66710134409368, 6738321.312263861298561 ], [ 5040474.064090768806636, 6738199.010663827881217 ], [ 5040584.2616719705984, 6738097.711587332189083 ], [ 5040770.763265703804791, 6737970.508449249900877 ], [ 5040996.66773630771786, 6737410.61307345610112 ], [ 5041497.964447709731758, 6737328.107514928095043 ], [ 5041627.567472359165549, 6737349.711138088256121 ], [ 5041661.413630397990346, 6737330.864269154146314 ], [ 5041679.796818938106298, 6737329.466262145899236 ], [ 5041746.371582010760903, 6737314.887810178101063 ], [ 5041815.678570449352264, 6737307.470638757571578 ], [ 5041878.701448291540146, 6737305.441340639255941 ], [ 5041939.963420516811311, 6737312.385746934451163 ], [ 5041989.526469320990145, 6737323.840465327724814 ], [ 5042032.729025123640895, 6737320.099364014342427 ], [ 5042052.482697289437056, 6737303.897581816650927 ], [ 5042070.38571188878268, 6737275.165870672091842 ], [ 5042081.069418135099113, 6737242.869596490636468 ], [ 5042089.04359841067344, 6737207.003054107539356 ], [ 5042093.443417679518461, 6737180.117349242791533 ], [ 5042087.857831828296185, 6737130.866697672754526 ], [ 5042083.999637492932379, 6737063.68564635887742 ], [ 5042080.184603374451399, 6737005.471948424354196 ], [ 5042076.3729078033939, 6736948.145008683204651 ], [ 5042070.850939812138677, 6736915.920197626575828 ], [ 5042048.468733010813594, 6736845.915028300136328 ], [ 5042042.361648344434798, 6736794.560186641290784 ], [ 5042050.879839863628149, 6736777.225241135805845 ], [ 5042005.249439149163663, 6736745.626369832083583 ], [ 5041971.546864241361618, 6736726.819058248773217 ], [ 5041947.171099752187729, 6736709.883562043309212 ], [ 5041936.33444407582283, 6736700.967386767268181 ], [ 5041933.152717044577003, 6736692.920628864318132 ], [ 5041934.468822731636465, 6736681.720191912725568 ], [ 5041941.195186247117817, 6736675.421261766925454 ], [ 5041949.723684537224472, 6736668.672242440283298 ], [ 5041961.403954197652638, 6736661.911501007154584 ], [ 5041978.036438533104956, 6736654.23447151016444 ], [ 5041997.814320197328925, 6736647.443576016463339 ], [ 5042010.840837906114757, 6736640.223300847224891 ], [ 5042025.225025983527303, 6736632.997955892235041 ], [ 5042040.276521140709519, 6736622.677474770694971 ], [ 5042066.091601505875587, 6736606.874277044087648 ], [ 5042093.926515799947083, 6736586.607435563579202 ], [ 5042102.00710629299283, 6736579.416580021381378 ], [ 5042106.937583761289716, 6736572.680857847444713 ], [ 5042110.062586347572505, 6736565.497395984828472 ], [ 5042113.623671267181635, 6736555.629807408899069 ], [ 5042114.012943276204169, 6736540.397969380021095 ], [ 5042110.802723390050232, 6736524.736171822994947 ], [ 5042106.216131254099309, 6736501.464314279146492 ], [ 5042099.842499911785126, 6736482.677341237664223 ], [ 5042094.37742309179157, 6736465.671613990329206 ], [ 5042060.934805988334119, 6736388.923840164206922 ], [ 5042012.562812729738653, 6736276.915667153894901 ], [ 5041996.75298913475126, 6736252.721163295209408 ], [ 5041974.661934327334166, 6736231.864327058196068 ], [ 5041952.072643760591745, 6736210.000591742806137 ], [ 5041932.215923264622688, 6736197.980965657159686 ], [ 5041913.721859082579613, 6736187.297494420781732 ], [ 5041891.177660566754639, 6736177.526888143271208 ], [ 5041881.697794996201992, 6736170.844737398438156 ], [ 5041855.040391369722784, 6736144.972157284617424 ], [ 5041833.807731960900128, 6736125.342268697917461 ], [ 5041819.805138715542853, 6736112.402885433286428 ], [ 5041814.809732226654887, 6736098.986728529445827 ], [ 5041811.147595101036131, 6736084.224380364641547 ], [ 5041806.944787350483239, 6736043.924865226261318 ], [ 5041803.207753552123904, 6736006.317205855622888 ], [ 5041800.878348157741129, 6735984.821497821249068 ], [ 5041793.557235143147409, 6735953.501053495332599 ], [ 5041780.761881425976753, 6735902.492257039062679 ], [ 5041773.056105809286237, 6735887.733779505826533 ], [ 5041755.859245765954256, 6735863.167195668444037 ], [ 5041730.114592809230089, 6735839.973447810858488 ], [ 5041699.885475857183337, 6735820.819963993504643 ], [ 5041664.255245008505881, 6735801.697427642531693 ], [ 5041618.245564242824912, 6735776.339118863455951 ], [ 5041579.089160696603358, 6735752.850860602222383 ], [ 5041552.362411541864276, 6735734.027707362547517 ], [ 5041533.876070387661457, 6735725.139318539761007 ], [ 5041517.196871552616358, 6735719.824612250551581 ], [ 5041485.683151296339929, 6735717.701401174068451 ], [ 5041446.522022530436516, 6735719.197638557292521 ], [ 5041411.412513426505029, 6735720.213314305990934 ], [ 5041382.988021298311651, 6735719.597084406763315 ], [ 5041340.802356375381351, 6735710.77309933770448 ], [ 5041296.361141487024724, 6735697.68960021622479 ], [ 5041276.675903397612274, 6735681.744223184883595 ], [ 5041258.570431180298328, 6735654.941108787432313 ], [ 5041240.938785383477807, 6735633.057843631133437 ], [ 5041225.132232458330691, 6735619.680938218720257 ], [ 5041207.536790546029806, 6735610.334292345680296 ], [ 5041185.91250628605485, 6735605.037158247083426 ], [ 5041157.550657792016864, 6735602.901531673967838 ], [ 5041048.442957936786115, 6735601.070943488739431 ], [ 5040889.498493007384241, 6735600.838846322149038 ], [ 5040848.011356914415956, 6735599.913890896365047 ], [ 5040817.539246064610779, 6735585.370184946805239 ], [ 5040900.593694887124002, 6735443.506697475910187 ] ] ] } },
{ "type": "Feature", "properties": { "lv_id": "LOC_069504", "id": 423421.0, "CD_SETOR": "431075105000003", "SITUACAO": "Rural", "CD_SIT": "8", "CD_TIPO": "0", "AREA_KM2": 35.894506901632035, "CD_REGIAO": "4", "NM_REGIAO": "Sul", "CD_UF": "43", "NM_UF": "Rio Grande do Sul", "CD_MUN": "4310751", "NM_MUN": "Ivorá", "CD_DIST": "431075105", "NM_DIST": "Ivorá", "CD_SUBDIST": "43107510500", "NM_SUBDIST": null, "CD_BAIRRO": null, "NM_BAIRRO": null, "CD_NU": null, "NM_NU": null, "CD_FCU": null, "NM_FCU": null, "CD_AGLOM": null, "NM_AGLOM": null, "CD_RGINT": "4303", "NM_RGINT": "Santa Maria", "CD_RGI": "430011", "NM_RGI": "Santa Maria", "CD_CONCURB": null, "NM_CONCURB": null, "mun_code_x": "4310751", "index_right": 69085, "dist_m": 0.0, "local_id": 727327, "ano": 2022, "cod_localidade_ibge": 4310751, "NR_ZONA": "119", "nr_cep": 98160000.0, "nm_localidade": "IVORÁ", "nm_locvot": "ESCOLA MUNICIPAL VITOR WAIRICH", "ds_endereco": "COLÔNIA PEREIRA DE SOUZA", "ds_bairro": "COLÔNIA PEREIRA DE SOUZA", "pred_long": -53.64743, "pred_lat": -29.53665, "pred_dist": 0.0, "tse_long": -53.645733, "tse_lat": -29.538337, "long": -53.645733, "lat": -29.538337, "ID_UNICO": "LOC_069504", "SG_UF": "RS", "CD_MUNICIPIO": "85626", "NR_LOCAL_VOTACAO": "1201", "QT_SECOES_AGREGADAS": 0, "QT_ELEITORES_TRANSFERIDOS": 0, "CIRO GOMES (PDT) (NÃO ELEITO) 1T": 0.0, "CONSTITUINTE EYMAEL (DC) (NÃO ELEITO) 1T": 0.0, "FELIPE D AVILA (NOVO) (NÃO ELEITO) 1T": 0.0, "JAIR BOLSONARO (PL) (2º TURNO) 1T": 41.0, "LULA (PT) (2º TURNO) 1T": 43.0, "LÉO PÉRICLES (UP) (NÃO ELEITO) 1T": 0.0, "PADRE KELMON (PTB) (NÃO ELEITO) 1T": 0.0, "SIMONE TEBET (MDB) (NÃO ELEITO) 1T": 10.0, "SOFIA MANZANO (PCB) (NÃO ELEITO) 1T": 0.0, "SORAYA THRONICKE (UNIÃO) (NÃO ELEITO) 1T": 0.0, "VERA (PSTU) (NÃO ELEITO) 1T": 0.0, "Total_Votos_Validos 1T": 94.0, "Votos_Brancos 1T": 3.0, "Votos_Nulos 1T": 1.0, "Abstenções 1T": 17.0, "Eleitores_Aptos 1T": 115.0, "JAIR BOLSONARO (PL) (NÃO ELEITO) 2T": 56.0, "LULA (PT) (ELEITO) 2T": 39.0, "Total_Votos_Validos 2T": 95.0, "Votos_Brancos 2T": 1.0, "Votos_Nulos 2T": 3.0, "Abstenções 2T": 16.0, "Eleitores_Aptos 2T": 115.0, "mun_code_y": "4310751", "mun_code": "4310751" }, "geometry": { "type": "Polygon", "coordinates": [ [ [ 5040817.539246064610779, 6735585.370184946805239 ], [ 5040900.593694887124002, 6735443.506697475910187 ], [ 5040918.704955293796957, 6735408.058653644286096 ], [ 5040930.778501631692052, 6735384.271422771736979 ], [ 5040938.805379482917488, 6735364.988167034462094 ], [ 5040943.666136251762509, 6735338.999062318354845 ], [ 5040946.705395086668432, 6735308.08387025911361 ], [ 5040946.163448982872069, 6735281.659894967451692 ], [ 5040942.024110259488225, 6735257.931472847238183 ], [ 5040938.054777740500867, 6735235.621274467557669 ], [ 5040931.059002422727644, 6735196.972109414637089 ], [ 5040927.315366862341762, 6735183.406922414898872 ], [ 5040920.095284507609904, 6735168.446585595607758 ], [ 5040910.56321432068944, 6735146.976819168776274 ], [ 5040906.894428011029959, 6735129.975093835964799 ], [ 5040907.296587120741606, 6735115.197718182578683 ], [ 5040912.16870482172817, 6735095.028049125336111 ], [ 5040911.667438835836947, 6735079.79947551805526 ], [ 5040908.019741833209991, 6735065.934645803645253 ], [ 5040900.77957786154002, 6735056.106589388102293 ], [ 5040884.975832146592438, 6735043.172593389637768 ], [ 5040868.262247237376869, 6735028.002760116010904 ], [ 5040862.820809801109135, 6735016.826913591474295 ], [ 5040853.251663586124778, 6734982.377036141231656 ], [ 5040846.29402924887836, 6734938.074471085332334 ], [ 5040847.066729474812746, 6734918.49607309140265 ], [ 5040859.257728870026767, 6734873.702942452393472 ], [ 5040875.330232826992869, 6734819.052505183964968 ], [ 5040880.022049756720662, 6734794.638048744760454 ], [ 5040877.271321060135961, 6734779.41761994920671 ], [ 5040869.994054482318461, 6734759.291978102177382 ], [ 5040853.657175987027586, 6734722.184109305031598 ], [ 5040839.579607612453401, 6734687.750537996180356 ], [ 5040835.806299773044884, 6734657.87980686686933 ], [ 5040833.966495292261243, 6734629.099461162462831 ], [ 5040832.964247971773148, 6734601.335876107215881 ], [ 5040835.075923173688352, 6734563.263315552845597 ], [ 5040834.938120544888079, 6734525.198896405287087 ], [ 5040842.150410011410713, 6734404.260676704347134 ], [ 5040845.578875806182623, 6734354.987767503596842 ], [ 5040848.168889671564102, 6734325.869912255555391 ], [ 5040848.548374388366938, 6734307.501155835576355 ], [ 5040844.883163822814822, 6734288.714743346907198 ], [ 5040840.291897737421095, 6734263.203256966546178 ], [ 5040835.361736387945712, 6734211.034239274449646 ], [ 5040836.634069761261344, 6734080.42942603956908 ], [ 5040838.237238282337785, 6733944.813094749115407 ], [ 5040839.414621885865927, 6733897.787421450018883 ], [ 5040837.543136629275978, 6733876.300913425162435 ], [ 5040831.615756615065038, 6733856.613732328638434 ], [ 5040822.994731353595853, 6733837.390773437917233 ], [ 5040802.645543128252029, 6733811.049516828730702 ], [ 5040775.071745851077139, 6733778.903783520683646 ], [ 5040757.018994551151991, 6733762.851853579282761 ], [ 5040728.154410994611681, 6733746.38447729498148 ], [ 5040681.298841044306755, 6733720.1608806848526 ], [ 5040673.584570722654462, 6733715.688309904187918 ], [ 5040661.851697264239192, 6733707.217554625123739 ], [ 5040646.043654878623784, 6733692.498606788925827 ], [ 5040632.935788092203438, 6733676.428655369207263 ], [ 5040626.121746943332255, 6733660.779403588734567 ], [ 5040626.274696880020201, 6733644.02982946485281 ], [ 5040626.474144156090915, 6733632.113028702326119 ], [ 5040623.715954289771616, 6733617.347024001181126 ], [ 5040618.721391570754349, 6733606.16944198589772 ], [ 5040602.934535948559642, 6733594.587336311116815 ], [ 5040585.816485621966422, 6733582.178645897656679 ], [ 5040531.698712411336601, 6733558.241859132423997 ], [ 5040515.312509027309716, 6733547.105175911448896 ], [ 5040507.683742034249008, 6733533.997183466330171 ], [ 5040496.279468553140759, 6733503.555147918872535 ], [ 5040490.99821381084621, 6733488.088750228285789 ], [ 5040485.037237973883748, 6733477.723765486851335 ], [ 5039828.603743033483624, 6733375.54386280477047 ], [ 5039834.494750213809311, 6733305.922090029343963 ], [ 5039864.367225256748497, 6733298.289979643188417 ], [ 5039886.403194238431752, 6733281.61821343190968 ], [ 5039902.939565883949399, 6733258.769508853554726 ], [ 5039920.371250368654728, 6733228.679283717647195 ], [ 5039931.405095929279923, 6733207.058251228183508 ], [ 5039937.226048151031137, 6733191.762882474809885 ], [ 5039941.6630037734285, 6733166.196873717941344 ], [ 5039944.420269963331521, 6733139.938475852832198 ], [ 5039942.806524193845689, 6733111.334517123177648 ], [ 5039940.857512855902314, 6733103.027878114953637 ], [ 5039930.678199417889118, 6733062.050451691262424 ], [ 5039919.841841366142035, 6733029.887699225917459 ], [ 5039910.671803418546915, 6733000.113337637856603 ], [ 5039898.950328066013753, 6732967.100173700600863 ], [ 5039884.294236982241273, 6732937.622323701158166 ], [ 5039886.821896419860423, 6732906.731328984722495 ], [ 5039893.307219921611249, 6732879.218253814615309 ], [ 5039904.010754361748695, 6732860.225483316928148 ], [ 5039912.528157907538116, 6732856.304589251056314 ], [ 5039928.159602014347911, 6732851.870764322578907 ], [ 5039983.453804225660861, 6732856.208427031524479 ], [ 5039997.714715965092182, 6732856.23542801104486 ], [ 5040038.398957104422152, 6732852.333273326046765 ], [ 5040034.52806388027966, 6732826.996241552755237 ], [ 5040035.11311976518482, 6732817.028990206308663 ], [ 5040041.393027080222964, 6732775.47219451982528 ], [ 5040049.862053070217371, 6732714.309806507080793 ], [ 5040039.765359761193395, 6732655.67418172582984 ], [ 5040032.76223212480545, 6732539.985510753467679 ], [ 5040027.053490351885557, 6732513.036623456515372 ], [ 5040020.610751896165311, 6732473.209875345230103 ], [ 5040013.706056052818894, 6732431.589034730568528 ], [ 5040009.577774965204298, 6732407.427878713235259 ], [ 5039989.578846632502973, 6732352.873268974944949 ], [ 5039964.647271186113358, 6732301.473095845431089 ], [ 5039949.273888646624982, 6732280.034292569383979 ], [ 5039933.462384245358407, 6732263.518644793890417 ], [ 5039920.490174897946417, 6732252.158406279981136 ], [ 5039902.314203860238194, 6732235.872785292565823 ], [ 5039881.084302719682455, 6732214.011234726756811 ], [ 5039862.563838643021882, 6732193.481314806267619 ], [ 5039849.906284225173295, 6732177.852258920669556 ], [ 5039830.946148575283587, 6732161.802076732739806 ], [ 5039822.372374262660742, 6732155.11502474732697 ], [ 5039811.119522735476494, 6732152.915665030479431 ], [ 5039790.416493697091937, 6732153.886645298451185 ], [ 5039769.256471294909716, 6732151.722219416871667 ], [ 5039758.441654278896749, 6732147.282144518569112 ], [ 5039750.775761811062694, 6732142.376478476449847 ], [ 5039746.696891266852617, 6732134.786735023371875 ], [ 5039741.891218198463321, 6732121.768031714484096 ], [ 5039733.399360835552216, 6732077.802650170400739 ], [ 5039721.653337383642793, 6731982.415541699156165 ], [ 5039716.395167110487819, 6731964.75391524285078 ], [ 5039695.528686022385955, 6731916.47580354847014 ], [ 5039689.631336901336908, 6731901.720617620274425 ], [ 5039679.6739102890715, 6731887.423115545883775 ], [ 5039661.598688310012221, 6731866.447911911644042 ], [ 5039648.04051805101335, 6731848.139294410124421 ], [ 5039641.687664333730936, 6731833.385686147026718 ], [ 5039638.929563397541642, 6731818.164954987354577 ], [ 5039639.775972583331168, 6731802.499238506890833 ], [ 5039643.720775284804404, 6731772.035576045513153 ], [ 5039645.894065503962338, 6731750.534615335986018 ], [ 5039653.038108561187983, 6731733.948872219771147 ], [ 5039671.38089644536376, 6731704.332382638007402 ], [ 5039676.732924021780491, 6731690.889914042316377 ], [ 5039682.073852001689374, 6731674.299414375796914 ], [ 5039684.727899430319667, 6731659.968578176572919 ], [ 5039687.354872258380055, 6731640.705125172622502 ], [ 5039692.237247926183045, 6731620.53586164303124 ], [ 5039699.804929777048528, 6731597.674625711515546 ], [ 5039708.701057559810579, 6731569.443684980273247 ], [ 5039714.470664791762829, 6731545.247519159689546 ], [ 5039718.454628867097199, 6731525.979271518997848 ], [ 5039720.648236250504851, 6731510.297706820070744 ], [ 5039720.581960711628199, 6731491.498209901154041 ], [ 5039718.260502415709198, 6731470.910933738574386 ], [ 5039713.207776890136302, 6731442.718062654137611 ], [ 5039709.983302298001945, 6731421.690576812252402 ], [ 5039702.699163324199617, 6731398.438277301378548 ], [ 5039692.107210465706885, 6731382.757425134070218 ], [ 5039678.464388162828982, 6731365.036629777401686 ], [ 5039666.408403494395316, 6731354.748097373172641 ], [ 5039648.969214038923383, 6731346.240973345935345 ], [ 5039617.871471383608878, 6731332.028877114877105 ], [ 5039599.398531943559647, 6731324.478600609116256 ], [ 5039581.809563471935689, 6731314.697154177352786 ], [ 5039556.561925165355206, 6731299.111996425315738 ], [ 5039538.051106518134475, 6731283.503141994588077 ], [ 5039521.351402912288904, 6731267.444514367729425 ], [ 5039502.382285129278898, 6731248.267921157181263 ], [ 5039493.804690076969564, 6731240.239382700994611 ], [ 5039484.341303001157939, 6731236.68109558429569 ], [ 5039476.239736440591514, 6731234.481452675536275 ], [ 5039457.309883279725909, 6731226.478072300553322 ], [ 5039443.754087028093636, 6731211.30618410743773 ], [ 5039438.30644575227052, 6731197.447152562439442 ], [ 5039430.575571540743113, 6731173.752854226157069 ], [ 5039418.388521022163332, 6731148.045634650625288 ], [ 5039404.778937772847712, 6731131.310938810929656 ], [ 5039395.290629118680954, 6731120.59191813506186 ], [ 5039387.61465694475919, 6731112.560146897099912 ], [ 5039381.260992096737027, 6731097.363000831566751 ], [ 5039371.760259529575706, 6731083.074715115129948 ], [ 5039361.37403211183846, 6731070.574159940704703 ], [ 5039346.017205619253218, 6731055.851838254369795 ], [ 5039337.435182890854776, 6731046.481943288818002 ], [ 5039331.529372371733189, 6731029.04408622533083 ], [ 5039332.800098807550967, 6731007.10293198749423 ], [ 5039334.091139438562095, 6730990.981199199333787 ], [ 5039333.159974000416696, 6730982.471363288350403 ], [ 5039321.424690746702254, 6730972.214601267129183 ], [ 5039314.195074609480798, 6730961.49871320836246 ], [ 5039303.331604322418571, 6730942.73688724450767 ], [ 5039300.145494605414569, 6730932.450271282345057 ], [ 5039301.435024541802704, 6730915.885156428441405 ], [ 5039298.2411122713238, 6730903.359447449445724 ], [ 5039286.925253063440323, 6730885.485963609069586 ], [ 5039276.082190146669745, 6730872.543533714488149 ], [ 5039266.603607361204922, 6730864.517966100946069 ], [ 5039241.815785171464086, 6730852.52197028324008 ], [ 5039209.829363750293851, 6730841.43776049464941 ], [ 5039181.447175626643002, 6730829.897534203715622 ], [ 5039166.448712819255888, 6730823.29884562920779 ], [ 5039146.317734247073531, 6730812.472516667097807 ], [ 5039125.546341215260327, 6730801.437766381539404 ], [ 5039100.317597633227706, 6730790.784248441457748 ], [ 5039079.127656173892319, 6730779.218798417598009 ], [ 5039063.327262833714485, 6730764.941025349311531 ], [ 5039052.932365278713405, 6730749.757710381411016 ], [ 5039036.180992995388806, 6730721.161701429635286 ], [ 5039023.938364597968757, 6730693.004522250033915 ], [ 5039011.723305290564895, 6730675.588356163352728 ], [ 5038999.077927812933922, 6730662.651905624195933 ], [ 5038975.58851199131459, 6730636.318254617974162 ], [ 5038928.17499112803489, 6730586.789293995127082 ], [ 5038888.882965357974172, 6730545.290710225701332 ], [ 5038861.333722819574177, 6730513.59473754838109 ], [ 5038834.202296958304942, 6730476.532238824293017 ], [ 5038796.252549085766077, 6730430.561553485691547 ], [ 5038737.527757130563259, 6730363.612277968786657 ], [ 5038711.780157736502588, 6730334.148866391740739 ], [ 5038673.381970262154937, 6730289.96395827177912 ], [ 5038642.668627843260765, 6730253.811167908832431 ], [ 5038609.135573759675026, 6730209.3433144884184 ], [ 5038576.748521712608635, 6730162.643401687964797 ], [ 5038567.605848443694413, 6730144.839352613314986 ], [ 5038559.411217893473804, 6730118.009062421508133 ], [ 5038557.521108200773597, 6730092.498436160385609 ], [ 5038561.966614200733602, 6730074.570254992693663 ], [ 5038569.608375685289502, 6730056.010378351435065 ], [ 5038572.223784924484789, 6730049.915890952572227 ], [ 5038574.878823649138212, 6730035.585295807570219 ], [ 5038580.157693091779947, 6730000.650239030830562 ], [ 5038584.495288473553956, 6729954.079411176964641 ], [ 5038580.388804135844111, 6729937.976248721592128 ], [ 5038572.162589590996504, 6729899.063687464222312 ], [ 5038567.102662685327232, 6729867.744416682049632 ], [ 5038557.344919469207525, 6729777.802870839834213 ], [ 5038552.717599344439805, 6729739.764745656400919 ], [ 5038544.870005832985044, 6729681.153246665373445 ], [ 5038537.964664689265192, 6729637.303411789238453 ], [ 5038529.784734422340989, 6729611.814293144270778 ], [ 5038506.597445560619235, 6729542.514113023877144 ], [ 5038484.781013901345432, 6729477.23296463303268 ], [ 5038474.341658645309508, 6729451.308136219158769 ], [ 5038462.147619796916842, 6729436.573815811425447 ], [ 5038441.607471006922424, 6729424.206867638044059 ], [ 5038429.694202196784317, 6729417.884886849671602 ], [ 5038410.33305768109858, 6729413.029325023293495 ], [ 5038384.675482639111578, 6729409.09306482039392 ], [ 5038360.374153213575482, 6729407.823552319779992 ], [ 5038265.895815655589104, 6729409.497412530705333 ], [ 5038220.464827040210366, 6729410.538517186418176 ], [ 5038193.000147145241499, 6729405.266700330190361 ], [ 5038165.074463701806962, 6729395.507053097710013 ], [ 5038142.074873814359307, 6729380.820101697929204 ], [ 5038091.117095788940787, 6729343.836525361984968 ], [ 5038057.274480681866407, 6729315.307969393208623 ], [ 5038047.77386046666652, 6729300.120711432769895 ], [ 5038031.479601284489036, 6729270.623807582072914 ], [ 5038013.355650819838047, 6729233.085524890571833 ], [ 5037992.557258542627096, 6729201.375736720860004 ], [ 5037973.131123438477516, 6729179.959021328017116 ], [ 5037953.673508992418647, 6729160.68173713888973 ], [ 5037931.491879501380026, 6729146.922723186202347 ], [ 5037897.850031372159719, 6729134.554593719542027 ], [ 5037837.064890103414655, 6729119.983085967600346 ], [ 5037779.92565346416086, 6729117.492485049180686 ], [ 5037712.886428697966039, 6729116.37602061778307 ], [ 5037654.391941295936704, 6729114.332713564857841 ], [ 5037604.452679582871497, 6729114.499647400341928 ], [ 5037576.122796193696558, 6729116.833368388004601 ], [ 5037540.582572073675692, 6729119.191065555438399 ], [ 5037492.480167777277529, 6729129.64911100268364 ], [ 5037443.033530551940203, 6729140.998200819827616 ], [ 5037393.559281919151545, 6729146.982144604437053 ], [ 5037358.025637933053076, 6729148.441376965492964 ], [ 5037317.979600998573005, 6729148.13081206381321 ], [ 5037275.678536809049547, 6729142.894858878105879 ], [ 5037232.462129113264382, 6729136.331604963168502 ], [ 5037201.403073029592633, 6729131.058185705915093 ], [ 5037166.862714281305671, 6729128.079633601009846 ], [ 5037130.558882638812065, 6729128.14401320554316 ], [ 5037079.929197141900659, 6729130.561100118793547 ], [ 5036996.257354717701674, 6729131.734260722063482 ], [ 5036951.711674900725484, 6729130.539316657930613 ], [ 5036916.600348071195185, 6729124.835024811327457 ], [ 5036874.726300287991762, 6729113.776677846908569 ], [ 5036848.599227570928633, 6729102.223251342773438 ], [ 5036800.368041248060763, 6729076.42055931314826 ], [ 5036765.642288791947067, 6729049.232306997291744 ], [ 5036720.528514199890196, 6729010.438860213384032 ], [ 5036687.578503905795515, 6728977.868476619943976 ], [ 5036652.373044732026756, 6728943.066223845817149 ], [ 5036623.480158179067075, 6728912.278171868994832 ], [ 5036603.612302333116531, 6728888.178056344389915 ], [ 5036562.479834785684943, 6728830.571310829371214 ], [ 5036493.618423251435161, 6728742.116833809763193 ], [ 5036482.965575522743165, 6728735.411843890324235 ], [ 5036146.565741531550884, 6729027.116856686770916 ], [ 5035942.770934883505106, 6729040.516863588243723 ], [ 5035722.569185422733426, 6728968.712592789903283 ], [ 5035593.171490557491779, 6728867.619623260572553 ], [ 5035493.069089189171791, 6728707.118444174528122 ], [ 5034502.974216759204865, 6730244.11004089191556 ], [ 5034320.171473691239953, 6730929.613704744726419 ], [ 5033945.273380968719721, 6731307.916875071823597 ], [ 5033709.26740660239011, 6732022.71070390753448 ], [ 5033704.875121436081827, 6732142.316223884001374 ], [ 5033609.470127353444695, 6732553.010452279821038 ], [ 5033589.866288606077433, 6732689.011028444394469 ], [ 5033450.473585701547563, 6733079.117281941697001 ], [ 5033465.174919354729354, 6733648.812877587974072 ], [ 5033476.522731347940862, 6733663.33331485837698 ], [ 5033952.40981037914753, 6733841.437194373458624 ], [ 5033986.768987949937582, 6733853.803905406966805 ], [ 5034002.544228623621166, 6733860.473638212308288 ], [ 5034029.560947901569307, 6733862.176768463104963 ], [ 5034046.178203229792416, 6733852.283453511074185 ], [ 5034068.181064544245601, 6733834.304228717461228 ], [ 5034085.687046294100583, 6733820.151668587699533 ], [ 5034095.019763728603721, 6733812.419631602242589 ], [ 5034104.101596468128264, 6733805.087392376735806 ], [ 5034116.23358553647995, 6733799.674644867889583 ], [ 5034134.674302048049867, 6733796.481885636225343 ], [ 5034177.419841890223324, 6733792.772071495652199 ], [ 5034246.266671851277351, 6733786.289288137108088 ], [ 5034271.921864743344486, 6733786.665814278647304 ], [ 5034281.71097853500396, 6733788.786478341557086 ], [ 5034423.35047382581979, 6733826.652420409023762 ], [ 5034458.720951687544584, 6733839.83487593755126 ], [ 5034489.174771313555539, 6733858.984712332487106 ], [ 5034497.224287667311728, 6733872.405760390684009 ], [ 5034515.314974538050592, 6733900.56081579439342 ], [ 5034531.580438077449799, 6733921.549668775871396 ], [ 5034567.202229888178408, 6733943.831508575007319 ], [ 5034595.605399836786091, 6733958.076850260607898 ], [ 5034627.119718608446419, 6733962.458322163671255 ], [ 5034667.127926009707153, 6733970.172244768589735 ], [ 5034682.51251926459372, 6733972.585730783641338 ], [ 5034703.698377375490963, 6733982.374801253899932 ], [ 5034727.152912646532059, 6733998.419669209979475 ], [ 5034746.474227469414473, 6734019.797852808609605 ], [ 5034751.943393492139876, 6734023.217239547520876 ], [ 5034770.055041863583028, 6734045.308527848683298 ], [ 5034787.689622513949871, 6734073.02117239870131 ], [ 5034805.367133076302707, 6734111.474674702621996 ], [ 5034832.971690880134702, 6734162.001920549198985 ], [ 5034877.291809755377471, 6734228.140015881508589 ], [ 5034894.487823206931353, 6734258.081862518563867 ], [ 5034912.111951854079962, 6734282.214006153866649 ], [ 5034933.313831588253379, 6734296.924181863665581 ], [ 5034972.961282508447766, 6734309.79250915069133 ], [ 5035020.242101360112429, 6734317.260947826318443 ], [ 5035050.868334400467575, 6734322.530777253210545 ], [ 5035063.941149056889117, 6734329.661905828863382 ], [ 5035079.313470282591879, 6734349.765982804819942 ], [ 5035092.432306827045977, 6734371.672762527130544 ], [ 5035101.509440366178751, 6734397.1613605087623 ], [ 5035103.813245894387364, 6734414.623584512621164 ], [ 5035102.567253510467708, 6734447.316067163832486 ], [ 5035105.323982587084174, 6734463.879024398513138 ], [ 5035124.307760190218687, 6734491.58694645576179 ], [ 5035147.828154679387808, 6734528.237089850008488 ], [ 5035164.129120760597289, 6734556.840075865387917 ], [ 5035171.394772678613663, 6734579.662864290177822 ], [ 5035180.488958711735904, 6734607.401524452492595 ], [ 5035194.487639224156737, 6734622.13367875944823 ], [ 5035213.429860340431333, 6734633.270045902580023 ], [ 5035275.622564393095672, 6734658.603645868599415 ], [ 5035388.750054473057389, 6734705.713726593181491 ], [ 5035422.580340930260718, 6734721.225799644365907 ], [ 5035459.523692951537669, 6734739.9757862649858 ], [ 5035496.493431333452463, 6734760.909244160167873 ], [ 5035513.171178627759218, 6734767.130657810717821 ], [ 5035560.908561541698873, 6734774.140947323292494 ], [ 5035634.759448076598346, 6734784.659997716546059 ], [ 5035710.787667541764677, 6734772.326224721036851 ], [ 5035784.100324087776244, 6734753.737727722153068 ], [ 5035806.588023098185658, 6734748.290316060185432 ], [ 5035839.872939602471888, 6734741.467317346483469 ], [ 5035866.862448708154261, 6734736.90333694871515 ], [ 5035886.661673540249467, 6734733.7034110436216 ], [ 5035908.738899984396994, 6734739.452592951245606 ], [ 5035926.316021284088492, 6734747.909634066745639 ], [ 5035937.1374785117805, 6734754.137989163398743 ], [ 5035946.219413176178932, 6734777.397893792018294 ], [ 5035953.935368287377059, 6734797.979660389944911 ], [ 5035975.771253853105009, 6734870.902433637529612 ], [ 5035981.502364819869399, 6734886.280726908706129 ], [ 5035990.337480059824884, 6734895.940522636286914 ], [ 5036025.048789559863508, 6734937.918124265037477 ], [ 5036065.26000267919153, 6734983.480548210442066 ], [ 5036108.608803431503475, 6735027.669377017766237 ], [ 5036168.685372496955097, 6735093.319719379767776 ], [ 5036221.546232321299613, 6735152.264535109512508 ], [ 5036272.617407938465476, 6735218.375539569184184 ], [ 5036320.973394515924156, 6735278.243317144922912 ], [ 5036335.887702349573374, 6735296.551464252173901 ], [ 5036368.849150098860264, 6735327.349248927086592 ], [ 5036407.224804935976863, 6735362.153194785118103 ], [ 5036436.575133379548788, 6735391.62119372934103 ], [ 5036462.785308538004756, 6735421.542651141062379 ], [ 5036475.41856930218637, 6735430.014824066311121 ], [ 5036505.1573118083179, 6735441.557523041963577 ], [ 5036540.288092419505119, 6735447.274330455809832 ], [ 5036583.972844783216715, 6735453.395598543807864 ], [ 5036647.915645264089108, 6735459.905388910323381 ], [ 5036667.729037036187947, 6735460.738874211907387 ], [ 5036684.392928928136826, 6735465.162905326113105 ], [ 5036702.44059341493994, 6735477.640948120504618 ], [ 5036718.69494033139199, 6735493.27283763512969 ], [ 5036732.725872189737856, 6735516.959394828416407 ], [ 5036753.947017467580736, 6735536.144319720566273 ], [ 5036781.462435712106526, 6735552.626205319538713 ], [ 5036807.598463550209999, 6735562.395229095593095 ], [ 5036848.604192610830069, 6735573.456885759718716 ], [ 5036889.626686688512564, 6735592.587961894460022 ], [ 5036941.024610268883407, 6735617.493282934650779 ], [ 5036964.929766356945038, 6735629.962817564606667 ], [ 5037003.677969304844737, 6735641.474696090444922 ], [ 5037038.365624843165278, 6735650.771757273934782 ], [ 5037060.008019769564271, 6735659.213707658462226 ], [ 5037091.588395250961185, 6735681.944319164380431 ], [ 5037137.611057638190687, 6735714.492658108472824 ], [ 5037162.877768180333078, 6735730.981023562140763 ], [ 5037188.57289772387594, 6735742.091867053881288 ], [ 5037227.323213678784668, 6735754.057447854429483 ], [ 5037278.230708887800574, 6735765.084885616786778 ], [ 5037302.65775622241199, 6735765.081757608801126 ], [ 5037325.685059908777475, 6735764.063418987207115 ], [ 5037357.498059689067304, 6735757.218679858371615 ], [ 5037376.31706923712045, 6735750.42798107676208 ], [ 5037401.948638892732561, 6735742.284514535218477 ], [ 5037422.602695483714342, 6735727.42911402694881 ], [ 5037441.919263260439038, 6735715.726153645664454 ], [ 5037461.25360101275146, 6735709.388072032481432 ], [ 5037479.733017126098275, 6735714.259379878640175 ], [ 5037491.908591061830521, 6735721.823004879057407 ], [ 5037519.871602999046445, 6735738.301619550213218 ], [ 5037553.711093610152602, 6735760.591138087213039 ], [ 5037566.806486656889319, 6735773.527678510174155 ], [ 5037575.402521071024239, 6735786.490271346643567 ], [ 5037580.858957432210445, 6735803.043656407855451 ], [ 5037589.757304094731808, 6735825.238746652379632 ], [ 5037601.369803156703711, 6735841.283889353275299 ], [ 5037616.571825999766588, 6735849.058990031480789 ], [ 5037649.946317871101201, 6735865.519246831536293 ], [ 5037675.202937776222825, 6735881.563124319538474 ], [ 5037691.454692482016981, 6735895.84131145849824 ], [ 5037702.766907, 6735911.920608153566718 ], [ 5037715.001260581426322, 6735936.964295328594744 ], [ 5037726.529454921372235, 6735956.711866289377213 ], [ 5037736.028079394251108, 6735966.900157717987895 ], [ 5037752.293329456821084, 6735970.65887863188982 ], [ 5037774.976307936012745, 6735968.055675346404314 ], [ 5037800.171189747750759, 6735962.650680562481284 ], [ 5037824.468556132167578, 6735958.545541760511696 ], [ 5037841.556364447809756, 6735953.112199760973454 ], [ 5037859.08572702575475, 6735946.336107245646417 ], [ 5037871.208414905704558, 6735935.099931962788105 ], [ 5037879.741744290105999, 6735929.240764377638698 ], [ 5037888.731702893041074, 6735926.528098965063691 ], [ 5037898.635516127571464, 6735927.392700837925076 ], [ 5037906.752877379767597, 6735930.502395054325461 ], [ 5037917.584080218337476, 6735938.9679383803159 ], [ 5037922.576953433454037, 6735950.146662821061909 ], [ 5037925.343544204719365, 6735971.198209182359278 ], [ 5037929.496290980838239, 6736000.735940665006638 ], [ 5037927.785960766486824, 6736028.519830794073641 ], [ 5037927.006683489307761, 6736062.108948782086372 ], [ 5037930.210329250432551, 6736080.465451875701547 ], [ 5037941.325736783444881, 6736092.654461054131389 ], [ 5037963.704937813803554, 6736097.700313467532396 ], [ 5038003.103384428657591, 6736102.82184168510139 ], [ 5038023.590612171217799, 6736098.928631144575775 ], [ 5038039.588805599138141, 6736083.788506027311087 ], [ 5038051.835913841612637, 6736049.063335852697492 ], [ 5038071.080633231438696, 6735990.21650430560112 ], [ 5038079.296226665377617, 6735970.679791449569166 ], [ 5038091.858732191845775, 6735957.646178415045142 ], [ 5038111.170441104099154, 6735944.589760302565992 ], [ 5038139.936838177032769, 6735931.501358944922686 ], [ 5038168.709241854026914, 6735920.208577438257635 ], [ 5038186.700200359337032, 6735915.226125828921795 ], [ 5038206.499315022490919, 6735911.56768290232867 ], [ 5038231.702194535173476, 6735911.482329175807536 ], [ 5038267.262225603684783, 6735908.679315822198987 ], [ 5038297.842068869620562, 6735901.403804823756218 ], [ 5038325.574319743551314, 6735897.995343459770083 ], [ 5038341.014208387583494, 6735901.401311473920941 ], [ 5038388.915097330696881, 6735926.023770527914166 ], [ 5038413.212435166351497, 6735939.087500827386975 ], [ 5038446.137162351049483, 6735956.888195978477597 ], [ 5038473.6545693539083, 6735972.92260118573904 ], [ 5038518.748446797952056, 6735996.057654843665659 ], [ 5038539.941426862031221, 6736005.83956568595022 ], [ 5038567.89288580045104, 6736018.280830746516585 ], [ 5038592.237554794177413, 6736028.051873182877898 ], [ 5038609.357298177666962, 6736032.028135071508586 ], [ 5038628.270005634054542, 6736032.861274767667055 ], [ 5038640.859065940603614, 6736030.579076336696744 ], [ 5038661.98929609451443, 6736021.993687412701547 ], [ 5038687.582151717506349, 6736002.640836894512177 ], [ 5038701.479627827182412, 6735986.021613355726004 ], [ 5038717.79934548959136, 6735957.500215981155634 ], [ 5038726.989373239688575, 6735942.493299873545766 ], [ 5038747.166804941371083, 6735919.135156703181565 ], [ 5038788.854360710829496, 6735865.242395706474781 ], [ 5038811.730401345528662, 6735842.772712932899594 ], [ 5038820.260123700834811, 6735836.026064580306411 ], [ 5038830.15004856325686, 6735832.855077350512147 ], [ 5038852.641547057777643, 6735828.299457389861345 ], [ 5038880.08360901940614, 6735822.385491969063878 ], [ 5038906.174655156210065, 6735815.578259024769068 ], [ 5038927.151176649145782, 6735804.775958394631743 ], [ 5038961.961809406057, 6735787.28614423237741 ], [ 5038977.973199584521353, 6735784.880900819785893 ], [ 5038991.955385055392981, 6735792.979830457828939 ], [ 5039006.056407238356769, 6735801.787751197814941 ], [ 5039016.874404632486403, 6735806.228560648858547 ], [ 5039028.134256511926651, 6735806.644095772877336 ], [ 5039042.080571719445288, 6735804.35675023496151 ], [ 5039056.47448019310832, 6735802.51122515834868 ], [ 5039069.545733542181551, 6735805.15955338999629 ], [ 5039095.221187116578221, 6735809.992226487025619 ], [ 5039123.597134372219443, 6735816.167809471487999 ], [ 5039145.667257541790605, 6735818.773763234727085 ], [ 5039179.883159879595041, 6735819.996265859343112 ], [ 5039228.948773261159658, 6735819.382420529611409 ], [ 5039270.795421803370118, 6735814.75866412743926 ], [ 5039319.67827392090112, 6735811.795108637772501 ], [ 5039338.089435911737382, 6735813.493406878784299 ], [ 5039352.568007973954082, 6735819.251296548172832 ], [ 5039360.896701619029045, 6735832.812062734737992 ], [ 5039374.052074083127081, 6735862.317916765809059 ], [ 5039384.524246150627732, 6735895.424554770812392 ], [ 5039395.876118134707212, 6735924.947761384770274 ], [ 5039403.120194374583662, 6735936.117992708459496 ], [ 5039420.733086099848151, 6735953.525931177660823 ], [ 5039447.818321534432471, 6735973.139840690419078 ], [ 5039473.517854616977274, 6735984.699973825365305 ], [ 5039501.005140448920429, 6735994.458074282854795 ], [ 5039524.910750935785472, 6736006.013285690918565 ], [ 5039547.018758257851005, 6736022.064040096476674 ], [ 5039578.188948511146009, 6736053.30223529972136 ], [ 5039608.006679216399789, 6736083.203846343792975 ], [ 5039632.850397462956607, 6736107.757864747196436 ], [ 5039645.070596827194095, 6736124.72992236353457 ], [ 5039661.369292198680341, 6736151.552996575832367 ], [ 5039677.212515599094331, 6736175.684072466567159 ], [ 5039701.183034669607878, 6736208.288486611098051 ], [ 5039722.877125398255885, 6736233.296775246039033 ], [ 5039739.601964653469622, 6736251.605207078158855 ], [ 5039755.818993129767478, 6736255.128446187824011 ], [ 5039781.929471842944622, 6736253.6951989736408 ], [ 5039809.365523279644549, 6736248.665780730545521 ], [ 5039822.845616783946753, 6736240.559666599147022 ], [ 5039838.100738084875047, 6736227.071202426217496 ], [ 5039857.861945039592683, 6736212.668945710174739 ], [ 5039877.610231655649841, 6736197.368840109556913 ], [ 5039896.002829351462424, 6736177.151893841102719 ], [ 5039926.957325791940093, 6736147.025118362158537 ], [ 5039951.173463635146618, 6736120.070158528164029 ], [ 5039963.705250222235918, 6736101.658474806696177 ], [ 5039972.221804824657738, 6736091.330645782873034 ], [ 5039993.215207120403647, 6736071.747232897207141 ], [ 5040029.838507495820522, 6736040.602451538667083 ], [ 5040073.230176824145019, 6736012.13817859813571 ], [ 5040099.744773257523775, 6735999.063833525404334 ], [ 5040131.224081257358193, 6735988.643180686980486 ], [ 5040166.756651252508163, 6735980.90159217081964 ], [ 5040185.208852550014853, 6735980.392515432089567 ], [ 5040209.972312589175999, 6735979.406451215967536 ], [ 5040240.113065972924232, 6735974.377419034950435 ], [ 5040271.606449326500297, 6735970.673641685396433 ], [ 5040290.958885998465121, 6735969.717791743576527 ], [ 5040329.676576351746917, 6735968.681636720895767 ], [ 5040379.24781883135438, 6735965.566937250085175 ], [ 5040449.316785760223866, 6735961.791081446222961 ], [ 5040490.464851027354598, 6735959.748040821403265 ], [ 5040514.361588571220636, 6735944.254556756466627 ], [ 5040529.415143448859453, 6735931.685887786559761 ], [ 5040602.965694477781653, 6735855.280744631774724 ], [ 5040670.66953007131815, 6735779.339560739696026 ], [ 5040699.81241512298584, 6735747.886968227103353 ], [ 5040712.793478375300765, 6735728.131550518795848 ], [ 5040738.78621288575232, 6735694.451107453554869 ], [ 5040770.608217113651335, 6735655.816849390044808 ], [ 5040797.48138187173754, 6735618.996111475862563 ], [ 5040808.849157718941569, 6735601.019959955476224 ], [ 5040817.539246064610779, 6735585.370184946805239 ] ] ] } }
]
}
