{
"type": "FeatureCollection",
"name": "5005152",
"crs": { "type": "name", "properties": { "name": "urn:ogc:def:crs:EPSG::5880" } },
"features": [
{ "type": "Feature", "properties": { "lv_id": "LOC_078639", "id": 443094.0, "CD_SETOR": "500515205000001", "SITUACAO": "Urbana", "CD_SIT": "1", "CD_TIPO": "0", "AREA_KM2": 0.24754255345718801, "CD_REGIAO": "5", "NM_REGIAO": "Centro-Oeste", "CD_UF": "50", "NM_UF": "Mato Grosso do Sul", "CD_MUN": "5005152", "NM_MUN": "Juti", "CD_DIST": "500515205", "NM_DIST": "Juti", "CD_SUBDIST": "50051520500", "NM_SUBDIST": null, "CD_BAIRRO": null, "NM_BAIRRO": null, "CD_NU": null, "NM_NU": null, "CD_FCU": null, "NM_FCU": null, "CD_AGLOM": "500515200001", "NM_AGLOM": "Aldeia Indígena Taquara", "CD_RGINT": "5002", "NM_RGINT": "Dourados", "CD_RGI": "500005", "NM_RGI": "Dourados", "CD_CONCURB": null, "NM_CONCURB": null, "mun_code_x": "5005152", "index_right": 40798, "dist_m": 323.60477297085447, "local_id": 813225, "ano": 2022, "cod_localidade_ibge": 5005152, "NR_ZONA": "28", "nr_cep": 79950000.0, "nm_localidade": "JUTI", "nm_locvot": "EEPG 31 DE MARÇO", "ds_endereco": "R. PRESIDENTE EPITÁCIO, SN", "ds_bairro": "CENTRO", "pred_long": -54.604076, "pred_lat": -22.856451, "pred_dist": 0.0, "tse_long": -54.6041749, "tse_lat": -22.85643226, "long": -54.6041749, "lat": -22.85643226, "ID_UNICO": "LOC_078639", "SG_UF": "MS", "CD_MUNICIPIO": "91820", "NR_LOCAL_VOTACAO": "1082", "QT_SECOES_AGREGADAS": 0, "QT_ELEITORES_TRANSFERIDOS": 4, "CIRO GOMES (PDT) (NÃO ELEITO) 1T": 15.0, "CONSTITUINTE EYMAEL (DC) (NÃO ELEITO) 1T": 0.0, "FELIPE D AVILA (NOVO) (NÃO ELEITO) 1T": 4.0, "JAIR BOLSONARO (PL) (2º TURNO) 1T": 1218.0, "LULA (PT) (2º TURNO) 1T": 1236.0, "LÉO PÉRICLES (UP) (NÃO ELEITO) 1T": 0.0, "PADRE KELMON (PTB) (NÃO ELEITO) 1T": 3.0, "SIMONE TEBET (MDB) (NÃO ELEITO) 1T": 57.0, "SOFIA MANZANO (PCB) (NÃO ELEITO) 1T": 0.0, "SORAYA THRONICKE (UNIÃO) (NÃO ELEITO) 1T": 9.0, "VERA (PSTU) (NÃO ELEITO) 1T": 0.0, "Total_Votos_Validos 1T": 2542.0, "Votos_Brancos 1T": 13.0, "Votos_Nulos 1T": 66.0, "Abstenções 1T": 811.0, "Eleitores_Aptos 1T": 3432.0, "JAIR BOLSONARO (PL) (NÃO ELEITO) 2T": 1291.0, "LULA (PT) (ELEITO) 2T": 1198.0, "Total_Votos_Validos 2T": 2489.0, "Votos_Brancos 2T": 15.0, "Votos_Nulos 2T": 102.0, "Abstenções 2T": 826.0, "Eleitores_Aptos 2T": 3432.0, "mun_code_y": "5005152", "mun_code": "5005152" }, "geometry": { "type": "MultiPolygon", "coordinates": [ [ [ [ 4938446.392600486986339, 7469738.467835925519466 ], [ 4938438.744188219308853, 7469749.323272731155157 ], [ 4938429.186426492407918, 7469772.929138803854585 ], [ 4938399.30036212131381, 7469846.676593644544482 ], [ 4938355.59376981202513, 7469952.429317241534591 ], [ 4938370.988301325589418, 7470113.409268829971552 ], [ 4938359.560373347252607, 7470200.510523267090321 ], [ 4938213.144476490095258, 7470218.48586933594197 ], [ 4938074.321196562610567, 7470236.76775221247226 ], [ 4938090.159695249982178, 7470351.301996946334839 ], [ 4938107.921043704263866, 7470475.025099040940404 ], [ 4938124.129553313367069, 7470597.091657506301999 ], [ 4938138.649107451550663, 7470715.640552565455437 ], [ 4938153.927498616278172, 7470834.402933708392084 ], [ 4938168.647534945048392, 7470954.248328382149339 ], [ 4938040.982616934925318, 7470970.261012364178896 ], [ 4937907.934897461906075, 7470987.424479123204947 ], [ 4937778.615645113401115, 7471003.782573672011495 ], [ 4937646.429038365371525, 7471021.035896072164178 ], [ 4937520.1822325931862, 7471036.330195128917694 ], [ 4937406.736335409805179, 7471050.856847235932946 ], [ 4937422.188610831275582, 7471173.441604783758521 ], [ 4937451.702512821182609, 7471407.630100788548589 ], [ 4937466.690636991523206, 7471528.485152650624514 ], [ 4937481.73208480887115, 7471648.91954328212887 ], [ 4937497.363065927289426, 7471773.298966099508107 ], [ 4937613.11407239921391, 7471758.581651538610458 ], [ 4937732.541078621521592, 7471743.40235792286694 ], [ 4937866.457374061457813, 7471726.332423174753785 ], [ 4938000.588937965221703, 7471709.251118837855756 ], [ 4938126.936911841854453, 7471693.044965372420847 ], [ 4938252.257651475258172, 7471676.988623192533851 ], [ 4938261.607738900929689, 7471697.105377463623881 ], [ 4938284.670756123960018, 7471717.00115168094635 ], [ 4938493.440046144649386, 7471835.775108262896538 ], [ 4938695.60973790846765, 7471942.702559638768435 ], [ 4938949.168301424942911, 7472081.253653514198959 ], [ 4939076.179782276973128, 7472145.544834059663117 ], [ 4939171.957501463592052, 7472212.910116259008646 ], [ 4939252.801187412813306, 7472293.316340432502329 ], [ 4939609.683089006692171, 7472765.144439501687884 ], [ 4939940.182790817692876, 7473155.24885786883533 ], [ 4939946.175628340803087, 7473414.643380576744676 ], [ 4939965.112607654184103, 7473640.377561528235674 ], [ 4939977.20051446184516, 7473677.669826481491327 ], [ 4940026.519634391181171, 7473751.113464366644621 ], [ 4940395.469486678950489, 7474236.490723086521029 ], [ 4940787.45993226300925, 7475031.730157628655434 ], [ 4941184.267988990060985, 7475860.997827610000968 ], [ 4941376.476008197292686, 7476046.190877142362297 ], [ 4943100.541014986112714, 7476900.409259391948581 ], [ 4943427.623749670572579, 7477013.884619140997529 ], [ 4943502.999156598001719, 7477075.950814221054316 ], [ 4943761.055795718915761, 7477435.129318290390074 ], [ 4944538.508828463964164, 7479118.738552778027952 ], [ 4944560.146972760558128, 7479300.950326472520828 ], [ 4944632.921660239808261, 7482789.162835923954844 ], [ 4944650.061210014857352, 7483846.179463189095259 ], [ 4944704.650855867192149, 7486040.129596612416208 ], [ 4944742.909918519668281, 7486161.412396448664367 ], [ 4944833.351669729687274, 7486256.03946777805686 ], [ 4947954.579979090951383, 7488165.254648247733712 ], [ 4949744.965162235312164, 7494253.384196750819683 ], [ 4950370.546467186883092, 7495221.737531157210469 ], [ 4950912.216915848664939, 7496060.058468909002841 ], [ 4953307.122064095921814, 7497326.592664604075253 ], [ 4953355.058673799969256, 7497320.559333335608244 ], [ 4953524.631171140819788, 7497299.214385272935033 ], [ 4953658.01692418102175, 7497267.149000565521419 ], [ 4953717.335105437785387, 7497264.105797128751874 ], [ 4953782.572330994531512, 7497282.3538031661883 ], [ 4953822.201115153729916, 7497310.657237187959254 ], [ 4953857.350760406814516, 7497351.582750156521797 ], [ 4953878.761279394850135, 7497407.583109645172954 ], [ 4953884.238720192573965, 7497418.552003275603056 ], [ 4953895.583911566063762, 7497437.201917057856917 ], [ 4953895.81923315115273, 7497437.579148776829243 ], [ 4953906.398687561973929, 7497451.055090311914682 ], [ 4953918.2516137836501, 7497461.566966488957405 ], [ 4953936.951255229301751, 7497472.176947083324194 ], [ 4953962.720012136735022, 7497480.726203713566065 ], [ 4953993.453405077569187, 7497486.189551450312138 ], [ 4954021.155903239734471, 7497487.590576352551579 ], [ 4954042.833112084306777, 7497485.817321263253689 ], [ 4954070.896230939775705, 7497480.098620319738984 ], [ 4954105.087085702456534, 7497470.810188433155417 ], [ 4954133.192371501587331, 7497461.29304635245353 ], [ 4954189.028790734708309, 7497433.265231350436807 ], [ 4954220.975021124817431, 7497414.745012314990163 ], [ 4954268.088320005685091, 7497384.863591274246573 ], [ 4954305.713776946999133, 7497364.842990253120661 ], [ 4954360.576835771091282, 7497342.381983070634305 ], [ 4954391.809169218875468, 7497332.153868529014289 ], [ 4954418.127703786827624, 7497325.244402581825852 ], [ 4954457.933901370503008, 7497318.518973557278514 ], [ 4954521.858632129617035, 7497315.209497097879648 ], [ 4954696.279562630690634, 7497315.482856024056673 ], [ 4954778.798280705697834, 7497313.412244473583996 ], [ 4954811.890965026803315, 7497310.187669399194419 ], [ 4954844.660110209137201, 7497305.112677289173007 ], [ 4954872.373513444326818, 7497299.236449331976473 ], [ 4954902.829481188207865, 7497290.666143193840981 ], [ 4954938.763987539336085, 7497278.944677411578596 ], [ 4954979.694658937864006, 7497263.782666641287506 ], [ 4955025.764795012772083, 7497245.379827962256968 ], [ 4955052.120193026959896, 7497232.76617569476366 ], [ 4955136.86441098805517, 7497183.236158024519682 ], [ 4955243.605630555190146, 7497106.527459727600217 ], [ 4955316.215455912053585, 7497047.149255556054413 ], [ 4955396.231397778727114, 7497014.370366443879902 ], [ 4955534.641000809147954, 7496945.802836567163467 ], [ 4955567.322328921407461, 7496931.667368337512016 ], [ 4955610.344512415118515, 7496910.839777613058686 ], [ 4955681.504821738228202, 7496875.508825534023345 ], [ 4955742.509375347755849, 7496832.529148049652576 ], [ 4955756.378904217854142, 7496817.829479744657874 ], [ 4955824.880461753346026, 7496745.269819291308522 ], [ 4955839.5025819465518, 7496733.340797690674663 ], [ 4955854.124679522588849, 7496721.411762338131666 ], [ 4955894.885607815347612, 7496692.968893862329423 ], [ 4955951.490911539644003, 7496663.585911532863975 ], [ 4955994.810011452063918, 7496642.735965120606124 ], [ 4956046.614788135513663, 7496620.271282508969307 ], [ 4956095.18402264919132, 7496603.976547973230481 ], [ 4956141.087915790267289, 7496592.203370165079832 ], [ 4956204.855460159480572, 7496577.956254472956061 ], [ 4956273.525118173100054, 7496571.397292591631413 ], [ 4956294.690963299013674, 7496568.146550916135311 ], [ 4956320.688736881129444, 7496561.199713626876473 ], [ 4956337.457391251809895, 7496553.384874066337943 ], [ 4956364.230511596426368, 7496534.081378525123 ], [ 4956394.591430146247149, 7496507.523388333618641 ], [ 4956415.587755812332034, 7496491.558828288689256 ], [ 4956431.752254948951304, 7496482.867306102998555 ], [ 4956458.444378062151372, 7496473.884563440456986 ], [ 4956478.867211090400815, 7496464.341317001730204 ], [ 4956502.549793879501522, 7496450.831672553904355 ], [ 4956524.047038755379617, 7496435.787547489628196 ], [ 4956540.11229739151895, 7496422.178690733388066 ], [ 4956557.358683398924768, 7496405.317357836291194 ], [ 4956591.269854837097228, 7496362.766856756061316 ], [ 4956604.26316453050822, 7496348.484770986251533 ], [ 4956627.824100964702666, 7496327.012249564751983 ], [ 4956653.669956335797906, 7496308.17074609361589 ], [ 4956709.367857228964567, 7496264.208802238106728 ], [ 4956791.268268695101142, 7496227.77357857581228 ], [ 4956836.138595036230981, 7496206.449476007372141 ], [ 4956878.059036522172391, 7496173.976300492882729 ], [ 4956919.691747863776982, 7496141.40253484249115 ], [ 4956933.51903038751334, 7496133.789183739572763 ], [ 4956964.173409977927804, 7496119.224256751127541 ], [ 4957004.174957814626396, 7496103.644556194543839 ], [ 4957042.280435466207564, 7496093.330743636935949 ], [ 4957084.322540446184576, 7496086.859544077888131 ], [ 4957127.802638350985944, 7496084.467557984404266 ], [ 4957161.671986788511276, 7496085.42617860622704 ], [ 4957199.31403627153486, 7496090.060829826630652 ], [ 4957223.416434655897319, 7496095.100520117208362 ], [ 4957290.063859398476779, 7496112.35196041315794 ], [ 4957350.217167911119759, 7496121.290450460277498 ], [ 4957381.20731829944998, 7496122.583859865553677 ], [ 4957415.883486606180668, 7496121.783367840573192 ], [ 4957450.153509086929262, 7496119.165502623654902 ], [ 4957477.428627549670637, 7496114.501554078422487 ], [ 4957504.391882371157408, 7496107.378223365172744 ], [ 4957535.712666704319417, 7496096.944681950844824 ], [ 4957638.688472620211542, 7496058.824784422293305 ], [ 4957686.448156061582267, 7496044.062127445824444 ], [ 4957726.435463243164122, 7496033.29778372682631 ], [ 4957760.2357785589993, 7496025.716699795797467 ], [ 4957780.310229316353798, 7496022.704542161896825 ], [ 4957853.031089209020138, 7496018.364561317488551 ], [ 4957893.432348825037479, 7496014.001798128709197 ], [ 4957929.154414691030979, 7496006.580668782815337 ], [ 4957963.035591552965343, 7495995.699257818982005 ], [ 4957984.957409149035811, 7495986.257811417803168 ], [ 4958006.266855529509485, 7495975.197824247181416 ], [ 4958026.129875408485532, 7495963.026423513889313 ], [ 4958040.855949899181724, 7495949.777793973684311 ], [ 4958082.609515249729156, 7495909.482546631246805 ], [ 4958128.471943094395101, 7495855.178524799644947 ], [ 4958169.557592634111643, 7495848.458114765584469 ], [ 4958199.954067620448768, 7495844.875616637989879 ], [ 4958233.999059020541608, 7495845.334015268832445 ], [ 4958270.824380946345627, 7495855.334782477468252 ], [ 4958317.940634144470096, 7495880.092140901833773 ], [ 4958394.952427824027836, 7495930.578430867753923 ], [ 4958518.972810314968228, 7496023.240417588502169 ], [ 4958534.07504447735846, 7496034.167247965931892 ], [ 4958569.641339070163667, 7496057.607909128069878 ], [ 4958574.824899097904563, 7496060.468000566586852 ], [ 4958603.596273011527956, 7496076.337606467306614 ], [ 4958659.780047560110688, 7496101.284518480300903 ], [ 4958723.350379021838307, 7496124.213496088981628 ], [ 4958803.052423426881433, 7496146.244330167770386 ], [ 4958865.023559846915305, 7496160.010075249709189 ], [ 4958919.394203994423151, 7496167.520417467691004 ], [ 4958973.512051961384714, 7496169.647846359759569 ], [ 4959048.928103738464415, 7496164.7335458509624 ], [ 4959107.830802986398339, 7496157.404895739629865 ], [ 4959139.848532069474459, 7496155.076236311346292 ], [ 4959215.26232884824276, 7496139.385957900434732 ], [ 4959283.017958486452699, 7496108.060379343107343 ], [ 4959317.755655502900481, 7496087.920268500223756 ], [ 4959350.231926172040403, 7496075.437389918603003 ], [ 4959373.736389799974859, 7496069.752311022952199 ], [ 4959395.234228417277336, 7496068.713018171489239 ], [ 4959419.189540538005531, 7496071.323608202859759 ], [ 4959448.540355695411563, 7496078.344896301627159 ], [ 4959471.359306094236672, 7496086.954585005529225 ], [ 4959490.049740380607545, 7496097.956403894349933 ], [ 4959507.319832782261074, 7496113.50591878965497 ], [ 4959518.947180841118097, 7496144.278524703346193 ], [ 4959532.193653861992061, 7496165.332295005209744 ], [ 4959546.415852389298379, 7496194.505984906107187 ], [ 4959553.584746551699936, 7496204.735298228450119 ], [ 4959565.050387225113809, 7496215.064552528783679 ], [ 4959583.930570720694959, 7496220.474306171759963 ], [ 4959599.284264605492353, 7496222.175962226465344 ], [ 4959624.252796795219183, 7496222.695885850116611 ], [ 4959660.529031280428171, 7496219.391769804991782 ], [ 4959706.940285263583064, 7496208.639200363308191 ], [ 4959823.672307771630585, 7496168.04921736381948 ], [ 4959838.400250016711652, 7496165.319332224316895 ], [ 4959845.260247473604977, 7496164.052729557268322 ], [ 4959885.90523736178875, 7496160.748469070531428 ], [ 4959927.59147141315043, 7496160.226438076235354 ], [ 4959960.393809449858963, 7496164.431865353137255 ], [ 4959983.555796094238758, 7496171.746004459448159 ], [ 4960042.161126677878201, 7496195.464893670752645 ], [ 4960060.145107015967369, 7496205.578229588456452 ], [ 4960074.161990358494222, 7496215.337897856719792 ], [ 4960098.956735089421272, 7496235.203124033287168 ], [ 4960126.883941255509853, 7496260.159500692039728 ], [ 4960175.321497832424939, 7496308.148046793416142 ], [ 4960251.442604561336339, 7496388.112942145206034 ], [ 4960296.47030970081687, 7496431.24175651371479 ], [ 4960363.839024918153882, 7496481.482520194724202 ], [ 4960435.574137312360108, 7496528.943579981103539 ], [ 4960554.086048249155283, 7496591.707532143220305 ], [ 4960619.08994691632688, 7496622.716348590329289 ], [ 4960658.419334980659187, 7496639.7165945507586 ], [ 4960697.570477505214512, 7496654.102785027585924 ], [ 4960750.849446505308151, 7496671.42652262467891 ], [ 4960847.678434681147337, 7496691.641115048900247 ], [ 4960882.244416002184153, 7496702.194526083767414 ], [ 4960938.683809973299503, 7496721.973059646785259 ], [ 4960953.544084726832807, 7496727.946699306368828 ], [ 4960990.45346369035542, 7496742.791526436805725 ], [ 4961068.028998533263803, 7496782.933363031595945 ], [ 4961112.858037000522017, 7496808.506704907864332 ], [ 4961156.19889058265835, 7496837.221187717281282 ], [ 4961191.323977470397949, 7496866.700984174385667 ], [ 4961215.792956557124853, 7496890.350867431610823 ], [ 4961240.880644354037941, 7496917.346660563722253 ], [ 4961262.527566683478653, 7496943.126626319251955 ], [ 4961283.183449678122997, 7496970.565171561203897 ], [ 4961314.092092648148537, 7497017.121376411989331 ], [ 4961368.204681543633342, 7497104.134455114603043 ], [ 4961407.818277990445495, 7497160.114338530227542 ], [ 4961431.259766182862222, 7497204.270528383553028 ], [ 4961446.454861572943628, 7497240.853372251614928 ], [ 4961453.219591050408781, 7497257.149350540712476 ], [ 4961468.84629425033927, 7497310.189387686550617 ], [ 4961472.5041996948421, 7497360.021026728674769 ], [ 4961473.63410070259124, 7497421.70667645893991 ], [ 4961477.612260689027607, 7497470.941110914573073 ], [ 4961484.155788635835052, 7497501.666079465299845 ], [ 4961492.952361218631268, 7497519.517518000677228 ], [ 4961503.993399431928992, 7497531.992574911564589 ], [ 4961519.965226106345654, 7497546.063610626384616 ], [ 4961558.170248907059431, 7497574.099532026797533 ], [ 4961599.001054043881595, 7497596.427698757499456 ], [ 4961670.040999949909747, 7497629.517900018952787 ], [ 4961694.842566885985434, 7497644.297437023371458 ], [ 4961710.326053749769926, 7497656.429077547043562 ], [ 4961739.755606466904283, 7497687.06715433113277 ], [ 4961758.34927824139595, 7497709.438986506313086 ], [ 4961770.669945793226361, 7497724.253673505969346 ], [ 4961797.630084752105176, 7497759.913112072274089 ], [ 4961819.071871581487358, 7497790.48680561222136 ], [ 4961887.917752047069371, 7497871.277727220207453 ], [ 4961937.495211861096323, 7497919.949859619140625 ], [ 4961973.038833831436932, 7497948.110981605015695 ], [ 4962020.289483735337853, 7497969.29114425368607 ], [ 4962081.974195380695164, 7497990.761598698794842 ], [ 4962159.577031361870468, 7498011.097277134656906 ], [ 4962277.594897639937699, 7498044.056935962289572 ], [ 4962320.437768098898232, 7498060.197665197774768 ], [ 4962383.116889731958508, 7498087.339273171499372 ], [ 4962412.788188573904335, 7498104.145058087073267 ], [ 4962451.187364839948714, 7498129.709637702442706 ], [ 4962586.419440547935665, 7498225.022969733923674 ], [ 4962655.077147301286459, 7498271.601989563554525 ], [ 4962700.468065960332751, 7498297.315856397151947 ], [ 4962748.541282624937594, 7498319.326289 ], [ 4962786.149807230569422, 7498332.230403251945972 ], [ 4962818.563182224519551, 7498337.956884238868952 ], [ 4962857.919334747828543, 7498338.262753986753523 ], [ 4962928.708069307729602, 7498333.251533477567136 ], [ 4962978.490609884262085, 7498333.083985107019544 ], [ 4963012.526663726195693, 7498335.314565598964691 ], [ 4963048.675805758684874, 7498339.565649821422994 ], [ 4963067.441940167918801, 7498342.700568348169327 ], [ 4963088.485267108306289, 7498348.02254425548017 ], [ 4963158.522547883912921, 7498373.307135501876473 ], [ 4963223.098217150196433, 7498399.608182307332754 ], [ 4963261.661166935227811, 7498417.773596609011292 ], [ 4963378.285518442280591, 7498476.845075578428805 ], [ 4963418.105712179094553, 7498493.949982176534832 ], [ 4963529.08156038634479, 7498537.912840002216399 ], [ 4963531.402967748232186, 7498538.837513566017151 ], [ 4963562.522437689825892, 7498552.853808798827231 ], [ 4963582.994157808832824, 7498565.272218080237508 ], [ 4963611.977450596168637, 7498591.320849889889359 ], [ 4963640.750595722347498, 7498623.647924281656742 ], [ 4963664.293035729788244, 7498654.932650028727949 ], [ 4963684.836965906433761, 7498689.034118698909879 ], [ 4963694.925325041636825, 7498709.821905123069882 ], [ 4963716.550439601764083, 7498760.669880416244268 ], [ 4963788.76203555893153, 7498898.247717569582164 ], [ 4963920.303831852041185, 7499091.335277432575822 ], [ 4963976.362805752083659, 7499160.270289618521929 ], [ 4964023.543830365873873, 7499218.265224207192659 ], [ 4964155.93062743358314, 7499369.049691675230861 ], [ 4964315.265835361555219, 7499547.89091139473021 ], [ 4964356.569522202946246, 7499583.10282485652715 ], [ 4964452.559035832062364, 7499664.91931639611721 ], [ 4964596.417984848842025, 7499771.507708230987191 ], [ 4964671.624887743964791, 7499819.576448259875178 ], [ 4964749.170018739067018, 7499857.107696861028671 ], [ 4964850.090533837676048, 7499888.756470022723079 ], [ 4965004.994122409261763, 7499929.33174785412848 ], [ 4965133.375461461953819, 7499962.946028226986527 ], [ 4965194.267036503180861, 7499985.952269949018955 ], [ 4965238.527727104723454, 7500006.351392786949873 ], [ 4965271.41046701092273, 7500024.720217378810048 ], [ 4965366.061802211217582, 7500092.364110460504889 ], [ 4965426.816413587890565, 7500149.133826747536659 ], [ 4965432.528772686608136, 7500155.791125188581645 ], [ 4965604.927998857572675, 7500356.463703593239188 ], [ 4965674.970410265028477, 7500440.539619071409106 ], [ 4965721.963682079687715, 7500499.791100645437837 ], [ 4965735.039659560658038, 7500519.853232444263995 ], [ 4965747.970371346920729, 7500545.119818726554513 ], [ 4965779.78309878334403, 7500619.851900013163686 ], [ 4965801.445103606209159, 7500663.122126754373312 ], [ 4965831.31165773794055, 7500711.604315653443336 ], [ 4965845.160115513950586, 7500731.247252091765404 ], [ 4965858.02135117072612, 7500746.314407262951136 ], [ 4965882.064465172588825, 7500768.693134237080812 ], [ 4965908.853382436558604, 7500790.989333257079124 ], [ 4965937.371753172948956, 7500812.458773393183947 ], [ 4965967.424695651978254, 7500832.879532258957624 ], [ 4966039.364278178662062, 7500874.754810148850083 ], [ 4966157.216248874552548, 7500936.077417440712452 ], [ 4966219.9894058406353, 7500970.977120749652386 ], [ 4966271.299879187718034, 7501004.655367023311555 ], [ 4966287.49746910482645, 7501017.91334574855864 ], [ 4966300.752110924571753, 7501032.083984410390258 ], [ 4966331.06947280280292, 7501077.686893230304122 ], [ 4966346.412449756637216, 7501105.571698216721416 ], [ 4966354.825167038477957, 7501123.82904689386487 ], [ 4966367.390536859631538, 7501166.347575694322586 ], [ 4966378.734885254874825, 7501217.058181202039123 ], [ 4966391.929488088935614, 7501272.833649359643459 ], [ 4966410.631408414803445, 7501321.334464287385345 ], [ 4966428.496042970567942, 7501357.773827366530895 ], [ 4966476.883050574921072, 7501417.158786876127124 ], [ 4966575.52743920031935, 7501282.127202259376645 ], [ 4976630.010411318391562, 7487502.690363926813006 ], [ 4976953.687925444915891, 7487322.332165129482746 ], [ 4977253.835237298160791, 7487194.146358889527619 ], [ 4977370.43192580435425, 7487146.059017971158028 ], [ 4977557.768343436531723, 7487059.08324277587235 ], [ 4977646.760498590767384, 7487023.101406905800104 ], [ 4977731.150442044250667, 7486986.569701586849988 ], [ 4977847.465117442421615, 7486932.465091748163104 ], [ 4977990.757381631992757, 7486878.354279560036957 ], [ 4978122.161979585886002, 7486824.357958078384399 ], [ 4978226.178327839821577, 7486776.268192296847701 ], [ 4978334.903689729981124, 7486717.841220624744892 ], [ 4978436.673511443659663, 7486666.391385218128562 ], [ 4978491.59099511243403, 7486640.300923493690789 ], [ 4978540.522466646507382, 7486618.974767744541168 ], [ 4978563.927797806449234, 7486609.871585624292493 ], [ 4978588.957179551012814, 7486600.13942657597363 ], [ 4978670.219212271273136, 7486571.095308741554618 ], [ 4978939.441793918609619, 7486482.77739021833986 ], [ 4979223.619677093811333, 7486378.960343757644296 ], [ 4979327.928950680419803, 7486344.894356522709131 ], [ 4979494.731510858982801, 7486294.11249471642077 ], [ 4979594.025769513100386, 7486268.110949474386871 ], [ 4979665.238722258247435, 7486253.156467680819333 ], [ 4979854.030447843484581, 7486220.517208836972713 ], [ 4979933.631712946109474, 7486208.861565296538174 ], [ 4980008.298690860159695, 7486199.546738928183913 ], [ 4980079.192458041012287, 7486192.441430914215744 ], [ 4980153.638655977323651, 7486186.868643503636122 ], [ 4980226.181519602425396, 7486183.419246014207602 ], [ 4980294.982155655510724, 7486182.124109786935151 ], [ 4980448.324225165881217, 7486185.632778283208609 ], [ 4980529.105376632884145, 7486190.741693859919906 ], [ 4980652.792743945494294, 7486207.576791428029537 ], [ 4980759.770682575181127, 7486228.841571834869683 ], [ 4980877.380708292126656, 7486259.022498292848468 ], [ 4981115.69337453879416, 7486328.488331891596317 ], [ 4981285.29715184122324, 7486392.517418866977096 ], [ 4981358.188537707552314, 7486423.868850821629167 ], [ 4981408.516082626767457, 7486450.087276560254395 ], [ 4981448.768124414607882, 7486474.311014860868454 ], [ 4981515.109239711426198, 7486519.817442737519741 ], [ 4981571.161041472107172, 7486561.856029964983463 ], [ 4981610.890203104354441, 7486594.173841133713722 ], [ 4981676.7871183026582, 7486651.096373962238431 ], [ 4981862.101689759641886, 7486821.470977238379419 ], [ 4981885.624211787246168, 7486842.008107960224152 ], [ 4981959.722623963840306, 7486906.702043778263032 ], [ 4982020.229176665656269, 7486954.380906524136662 ], [ 4982114.929465292952955, 7487017.315433317795396 ], [ 4982175.579825644381344, 7487057.020515327341855 ], [ 4982212.317049508914351, 7487084.704266960732639 ], [ 4982278.47455582767725, 7487124.492875715717673 ], [ 4982327.110581310465932, 7487150.927731152623892 ], [ 4982369.179487786255777, 7487170.511071426793933 ], [ 4982416.734236662276089, 7487199.402826184406877 ], [ 4982456.204749812372029, 7487218.440297680906951 ], [ 4982531.295090350322425, 7487263.996576948091388 ], [ 4982556.511913526803255, 7487277.712976207956672 ], [ 4982610.362080548889935, 7487300.35448182746768 ], [ 4982666.539661736227572, 7487318.280896867625415 ], [ 4982695.966434583999217, 7487325.191308878362179 ], [ 4982708.836144781671464, 7487328.229125769808888 ], [ 4982773.571649900637567, 7487337.449571835808456 ], [ 4982808.920051385648549, 7487340.999944137409329 ], [ 4982848.041931070387363, 7487341.929930726066232 ], [ 4982922.1798887392506, 7487331.282404648140073 ], [ 4983074.013283380307257, 7487297.99703005515039 ], [ 4983154.595397807657719, 7487284.786350270733237 ], [ 4983267.532569388858974, 7487278.288440298289061 ], [ 4983313.723820033483207, 7487278.20617794431746 ], [ 4983359.923313251696527, 7487279.984224325977266 ], [ 4983411.010807916522026, 7487283.926888957619667 ], [ 4983440.685600829310715, 7487289.750875251367688 ], [ 4983480.297556058503687, 7487302.905517977662385 ], [ 4983559.270477483980358, 7487333.499876953661442 ], [ 4983638.526589281857014, 7487358.988993506878614 ], [ 4983681.541791354306042, 7487370.05376751627773 ], [ 4983704.469005485065281, 7487373.909908702597022 ], [ 4983719.457849446684122, 7487374.634660482406616 ], [ 4983742.309808769263327, 7487372.001275381073356 ], [ 4983783.180370974354446, 7487361.402647878043354 ], [ 4983913.273663519881666, 7487317.432559261098504 ], [ 4983961.862865651957691, 7487303.751938663423061 ], [ 4983983.30946434661746, 7487298.924054364673793 ], [ 4984019.231044321320951, 7487294.908650755882263 ], [ 4984132.711356324143708, 7487289.434789154678583 ], [ 4984180.825114816427231, 7487288.122681674547493 ], [ 4984221.642418369650841, 7487288.762978035956621 ], [ 4984264.358120623975992, 7487291.597784705460072 ], [ 4984299.94993257895112, 7487298.445013785734773 ], [ 4984348.63493185210973, 7487311.141625822521746 ], [ 4984392.32825731113553, 7487322.526235653087497 ], [ 4984578.908394711092114, 7487376.757409689947963 ], [ 4984646.89273005630821, 7487395.231072805821896 ], [ 4984671.400847157463431, 7487400.637715006247163 ], [ 4984701.571105219423771, 7487404.854004133492708 ], [ 4984753.113317451439798, 7487406.887887585908175 ], [ 4984806.753451476804912, 7487406.886064687743783 ], [ 4984860.447209097445011, 7487404.613928848877549 ], [ 4984919.874940375797451, 7487390.797056671231985 ], [ 4984979.131148058921099, 7487373.690795608796179 ], [ 4985020.654351118952036, 7487356.733002924360335 ], [ 4985087.577913854271173, 7487325.758085194043815 ], [ 4985138.227158110588789, 7487305.608500282280147 ], [ 4985173.200863290578127, 7487293.483261130750179 ], [ 4985185.790558619424701, 7487289.121255364269018 ], [ 4985290.94440452195704, 7487256.03418461792171 ], [ 4985333.225209105759859, 7487241.147118462249637 ], [ 4985381.880446910858154, 7487221.293806608766317 ], [ 4985436.61160912271589, 7487196.994382701814175 ], [ 4985684.641517532989383, 7487043.410942756570876 ], [ 4985801.233565858565271, 7486970.353823658078909 ], [ 4985993.790892474353313, 7486871.031742934137583 ], [ 4986129.842196826823056, 7486782.253773919306695 ], [ 4986198.386376129463315, 7486737.521508669480681 ], [ 4986439.796159707009792, 7486606.145396005362272 ], [ 4986600.525356127880514, 7486510.153818314895034 ], [ 4986789.366120938211679, 7486383.554146189242601 ], [ 4986874.761711742728949, 7486318.656537588685751 ], [ 4986912.76795681193471, 7486288.047353096306324 ], [ 4987053.909708526916802, 7486168.568266332149506 ], [ 4987108.624560376629233, 7486119.501276204362512 ], [ 4987164.320528317242861, 7486063.86800797469914 ], [ 4987216.236726191826165, 7486006.935701157897711 ], [ 4987219.136368347331882, 7486003.7598832026124 ], [ 4987260.342427666299045, 7485953.208160205744207 ], [ 4987295.269564240239561, 7485904.943417247384787 ], [ 4987361.661314764991403, 7485808.311148699373007 ], [ 4987395.537838337942958, 7485750.21154737751931 ], [ 4987462.380572888068855, 7485628.263932015746832 ], [ 4987491.851493519730866, 7485580.049607221037149 ], [ 4987517.04058687761426, 7485541.864803332835436 ], [ 4987557.797360991127789, 7485485.26546324044466 ], [ 4987605.615850296802819, 7485422.82466159388423 ], [ 4987640.914535595104098, 7485382.244802791625261 ], [ 4987682.244129111990333, 7485340.274409158155322 ], [ 4987768.84283073246479, 7485261.851324290037155 ], [ 4987847.397678131237626, 7485195.879636699333787 ], [ 4987959.982506450265646, 7485106.114196097478271 ], [ 4988051.1172796478495, 7485016.552588853985071 ], [ 4988117.516990437172353, 7484951.311923231929541 ], [ 4988175.263130268082023, 7484904.19247542694211 ], [ 4988223.595254487358034, 7484862.669002539478242 ], [ 4988283.318413683213294, 7484808.496499925851822 ], [ 4988369.717845183797181, 7484727.445279438048601 ], [ 4988443.522828533314168, 7484646.384013274684548 ], [ 4988548.800116615369916, 7484538.425055023282766 ], [ 4988587.316148888319731, 7484502.507583361119032 ], [ 4988650.365641066804528, 7484447.084757301956415 ], [ 4988885.630461283959448, 7484254.481105875223875 ], [ 4988976.995194706134498, 7484173.263933781534433 ], [ 4989024.563259317539632, 7484130.98431758955121 ], [ 4989125.967753120698035, 7484055.974956022575498 ], [ 4989151.506272752769291, 7484037.089754668995738 ], [ 4989288.508198250085115, 7483936.656441532075405 ], [ 4989445.671745926141739, 7483820.743271633982658 ], [ 4989538.623146400786936, 7483739.269112296402454 ], [ 4989684.123141459189355, 7483549.968700257129967 ], [ 4989763.773175641894341, 7483449.004851260222495 ], [ 4989840.927643866278231, 7483345.968062495812774 ], [ 4989924.910839830525219, 7483228.195812921971083 ], [ 4989968.780170899815857, 7483163.618677074089646 ], [ 4990005.877637602388859, 7483103.455519520677626 ], [ 4990052.943832335993648, 7483018.12742649577558 ], [ 4990071.317115780897439, 7482988.870657147839665 ], [ 4990091.785168973729014, 7482960.268599299713969 ], [ 4990110.923004312440753, 7482939.661128372885287 ], [ 4990137.815619859844446, 7482918.571402109228075 ], [ 4990220.952249298803508, 7482864.284589836373925 ], [ 4990272.741422525607049, 7482826.599496928043664 ], [ 4990308.102027677930892, 7482797.242547998204827 ], [ 4990339.745106955990195, 7482766.886490122415125 ], [ 4990440.987719274125993, 7482646.885331838391721 ], [ 4990488.456049193628132, 7482585.741895939223468 ], [ 4990512.788806932978332, 7482550.297901811078191 ], [ 4990525.83507458679378, 7482529.697178242728114 ], [ 4990538.881313922815025, 7482509.085369064472616 ], [ 4990585.417082343250513, 7482426.68989253602922 ], [ 4990614.050490038469434, 7482378.203130678273737 ], [ 4990640.689498986117542, 7482299.161706367507577 ], [ 4990597.660235955379903, 7482309.312248937785625 ], [ 4990563.721462701447308, 7482317.574644273146987 ], [ 4990535.691011269576848, 7482321.28919506072998 ], [ 4990488.795527708716691, 7482322.024058030918241 ], [ 4990429.833842165768147, 7482320.182004160247743 ], [ 4990366.324313224293292, 7482315.236100372858346 ], [ 4990310.388846505433321, 7482302.941569371148944 ], [ 4990264.262671826407313, 7482289.224557099863887 ], [ 4990237.360740712843835, 7482278.819829791784286 ], [ 4990220.994975465349853, 7482270.514832485467196 ], [ 4990182.896414434537292, 7482247.15720733627677 ], [ 4990149.615066672675312, 7482223.381790788844228 ], [ 4990119.641789911314845, 7482198.224189346656203 ], [ 4990101.987806511111557, 7482181.158627923578024 ], [ 4990085.281342837959528, 7482160.095919867046177 ], [ 4990057.772553372196853, 7482120.189123191870749 ], [ 4990041.957982406020164, 7482101.806876327842474 ], [ 4990028.348286719992757, 7482088.431543255224824 ], [ 4990006.781472865492105, 7482071.474043378606439 ], [ 4989984.155087144114077, 7482057.217890902422369 ], [ 4989965.510073437355459, 7482048.335261657834053 ], [ 4989945.877076901495457, 7482042.563773684203625 ], [ 4989930.996657511219382, 7482040.693484408780932 ], [ 4989915.9198875464499, 7482040.66134817712009 ], [ 4989871.589639508165419, 7482046.157861249521375 ], [ 4989824.329872597940266, 7482055.317807249724865 ], [ 4989687.726146852597594, 7482098.425806427374482 ], [ 4989639.183333115652204, 7482106.089306722395122 ], [ 4989607.149232511408627, 7482107.429565211758018 ], [ 4989578.916697992943227, 7482106.513248214498162 ], [ 4989546.063902139663696, 7482103.57822091691196 ], [ 4989509.073459181934595, 7482098.779823331162333 ], [ 4989478.564173937775195, 7482093.177412007004023 ], [ 4989448.867380331270397, 7482085.969760778360069 ], [ 4989419.551733459345996, 7482077.156574278138578 ], [ 4989382.300457868725061, 7482063.63130768109113 ], [ 4989364.240729692392051, 7482055.412793545983732 ], [ 4989329.276211179792881, 7482032.409578228369355 ], [ 4989296.736844267696142, 7482007.613986326381564 ], [ 4989250.373465126380324, 7481968.788766666315496 ], [ 4989228.555143984034657, 7481945.883194047957659 ], [ 4989193.742165321484208, 7481898.151332763954997 ], [ 4989129.038695396855474, 7481799.280060261487961 ], [ 4989044.370909238234162, 7481672.110901337116957 ], [ 4988942.984337787143886, 7481560.045235237106681 ], [ 4988873.174084747210145, 7481454.95654065720737 ], [ 4988815.205411902628839, 7481392.433971447870135 ], [ 4988738.122247743420303, 7481333.75081492960453 ], [ 4988606.824075563810766, 7481235.879799811169505 ], [ 4988468.871977035887539, 7481152.686842393130064 ], [ 4988309.733824932947755, 7481071.181754112243652 ], [ 4988211.456479428336024, 7481014.184988424181938 ], [ 4988077.825014940463006, 7480926.850075541064143 ], [ 4988004.796779634431005, 7480876.704457787796855 ], [ 4988001.111304107122123, 7480875.084730137139559 ], [ 4987919.291841294616461, 7480839.195202438160777 ], [ 4987898.430891572497785, 7480830.850883391685784 ], [ 4987801.689877320080996, 7480795.602205021306872 ], [ 4987731.352360130287707, 7480772.655423793941736 ], [ 4987639.677159892395139, 7480747.28789959102869 ], [ 4987587.029765916988254, 7480729.891874332912266 ], [ 4987528.123932554386556, 7480705.458473477512598 ], [ 4987469.684298983775079, 7480676.30765647161752 ], [ 4987433.821730031631887, 7480653.775462428107858 ], [ 4987379.117259608581662, 7480616.17783470172435 ], [ 4987341.360318104736507, 7480587.431270366534591 ], [ 4987297.632809105329216, 7480551.481449967250228 ], [ 4987244.475948072969913, 7480506.121670051477849 ], [ 4987224.846885633654892, 7480487.046637775376439 ], [ 4987207.446695629507303, 7480467.497268654406071 ], [ 4987170.999726761132479, 7480420.556606560945511 ], [ 4987139.081168691627681, 7480386.365991150960326 ], [ 4987137.839723445475101, 7480385.036046950146556 ], [ 4987123.925009694881737, 7480372.887036229483783 ], [ 4987109.454403254203498, 7480362.365435855463147 ], [ 4987080.538626569323242, 7480347.711978954263031 ], [ 4986982.297205579467118, 7480319.566345738247037 ], [ 4986901.73072384763509, 7480301.678874682635069 ], [ 4986816.025413352996111, 7480288.935982564464211 ], [ 4986770.680540082044899, 7480284.876676220446825 ], [ 4986729.914008051156998, 7480282.770277151837945 ], [ 4986657.434939784929156, 7480282.41889469884336 ], [ 4986540.672478977590799, 7480285.449917633086443 ], [ 4986487.081137971952558, 7480293.453248333185911 ], [ 4986400.280378676019609, 7480311.836382076144218 ], [ 4986343.526725942268968, 7480330.43430857732892 ], [ 4986304.459996138699353, 7480333.666021075099707 ], [ 4986267.256416298449039, 7480331.97133407369256 ], [ 4986248.291998963803053, 7480328.997397540137172 ], [ 4986220.858577805571258, 7480322.682451972737908 ], [ 4986171.805234212428331, 7480308.839549001306295 ], [ 4986120.170050039887428, 7480288.548991734161973 ], [ 4986058.891554925590754, 7480257.895112814381719 ], [ 4986033.547207712195814, 7480246.963835223577917 ], [ 4986002.163918667472899, 7480236.857513310387731 ], [ 4985967.848425989039242, 7480232.772741140797734 ], [ 4985951.222159814089537, 7480233.45505104213953 ], [ 4985927.97207601647824, 7480234.419138375669718 ], [ 4985891.346232325769961, 7480241.217915272340178 ], [ 4985855.516293879598379, 7480253.443664252758026 ], [ 4985783.172589366324246, 7480284.195444748736918 ], [ 4985749.191899417899549, 7480295.359557690098882 ], [ 4985719.599756271578372, 7480302.607479919679463 ], [ 4985693.543383225798607, 7480306.436769761145115 ], [ 4985664.151778622530401, 7480307.881933363154531 ], [ 4985626.577544023282826, 7480307.348110408522189 ], [ 4985596.070144456811249, 7480305.049033984541893 ], [ 4985559.559614383615553, 7480298.225951998494565 ], [ 4985523.371235582046211, 7480287.438553089275956 ], [ 4985489.537957084365189, 7480273.06530046556145 ], [ 4985457.423123695887625, 7480255.094526262022555 ], [ 4985431.941793494857848, 7480237.539785819128156 ], [ 4985409.358193757943809, 7480218.116257182322443 ], [ 4985369.085357203148305, 7480172.906187812797725 ], [ 4985344.360889706760645, 7480148.109548260457814 ], [ 4985325.233771490864456, 7480133.262837667949498 ], [ 4985303.957740915939212, 7480121.237926655448973 ], [ 4985278.653588093817234, 7480112.010837890207767 ], [ 4985253.785401588305831, 7480108.58697172254324 ], [ 4985224.80397033970803, 7480110.984056647866964 ], [ 4985194.883747538551688, 7480117.798748146742582 ], [ 4985149.850848254747689, 7480163.24732069671154 ], [ 4985092.111474247649312, 7480212.138427790254354 ], [ 4985052.824071737006307, 7480251.833801411092281 ], [ 4985010.145400734618306, 7480304.227749758400023 ], [ 4984940.667732001282275, 7480404.601375594735146 ], [ 4984889.368694489821792, 7480471.017352050170302 ], [ 4984856.891074890270829, 7480508.249454315751791 ], [ 4984746.925347707234323, 7480613.022518824785948 ], [ 4984669.713398355059326, 7480670.962170486338437 ], [ 4984475.443229378201067, 7480795.94688221719116 ], [ 4984268.158612029626966, 7480910.760685179382563 ], [ 4984124.58947485126555, 7480980.566663967445493 ], [ 4984054.192303593270481, 7481028.731860670261085 ], [ 4983969.442480515688658, 7481101.599041406065226 ], [ 4983864.541005486622453, 7481185.706756748259068 ], [ 4983826.542158148251474, 7481215.488987380638719 ], [ 4983674.700094929896295, 7481324.340343550778925 ], [ 4983562.276019497774541, 7481400.697088315151632 ], [ 4983444.253343343734741, 7481477.390206828713417 ], [ 4983354.668884966522455, 7481533.626448420807719 ], [ 4983303.844438124448061, 7481560.248281318694353 ], [ 4983254.289594206027687, 7481580.902393617667258 ], [ 4983197.87798014935106, 7481598.182238932698965 ], [ 4983128.567692601121962, 7481614.927087564021349 ], [ 4983060.56645330041647, 7481627.265580346807837 ], [ 4983006.221741605550051, 7481632.653415942564607 ], [ 4982946.561592756770551, 7481634.048415277153254 ], [ 4982886.094376011751592, 7481631.643849655985832 ], [ 4982825.703382858075202, 7481625.418558383360505 ], [ 4982770.400745966471732, 7481615.090294227004051 ], [ 4982715.606372878886759, 7481600.399202600121498 ], [ 4982677.632986405864358, 7481586.912013174965978 ], [ 4982586.320166042074561, 7481553.031656239181757 ], [ 4982487.664277366362512, 7481492.796954134479165 ], [ 4982369.659070136025548, 7481345.385817917063832 ], [ 4982227.581267136149108, 7481191.445091592147946 ], [ 4982162.914340699091554, 7481050.052401388064027 ], [ 4982086.600543013773859, 7481032.742404730990529 ], [ 4978525.476068008691072, 7480224.58856912702322 ], [ 4977832.46032542642206, 7480067.20414306409657 ], [ 4972699.582447962835431, 7478900.475860901176929 ], [ 4970687.723634816706181, 7478442.649297583848238 ], [ 4967854.225252618081868, 7477797.331750206649303 ], [ 4965794.375838745385408, 7477327.853506369516253 ], [ 4964828.479707755148411, 7477107.60373754426837 ], [ 4964825.154959483072162, 7477106.842978337779641 ], [ 4964812.871833210811019, 7477104.045924574136734 ], [ 4964747.084892383776605, 7477089.042588861659169 ], [ 4964615.921870077960193, 7477059.124607736244798 ], [ 4964181.215841557830572, 7476959.975219320505857 ], [ 4956280.513582670129836, 7475155.510458596050739 ], [ 4956269.185818411409855, 7475114.413698085583746 ], [ 4956252.707399229519069, 7475054.608376888558269 ], [ 4956236.229083239100873, 7474994.814105985686183 ], [ 4956221.555418111383915, 7474868.2349300570786 ], [ 4956182.042601113207638, 7474832.992592050693929 ], [ 4956153.841684649698436, 7474663.15056842379272 ], [ 4956155.149655111134052, 7474459.350898189470172 ], [ 4956173.27158447355032, 7474305.3684818809852 ], [ 4956147.184496754780412, 7474267.49586271122098 ], [ 4956129.322381524369121, 7474164.91670093126595 ], [ 4956118.794135405682027, 7474032.446575664915144 ], [ 4956117.297398, 7473943.137661958113313 ], [ 4956144.690896694548428, 7473841.475724602118134 ], [ 4956155.477054378017783, 7473813.842885360121727 ], [ 4956168.450276693329215, 7473789.516558382660151 ], [ 4956194.408827124163508, 7473747.287104155868292 ], [ 4956211.320639602839947, 7473713.326253900304437 ], [ 4956231.273181619122624, 7473664.301801159977913 ], [ 4956263.591947258450091, 7473577.050689745694399 ], [ 4956278.041722115129232, 7473542.46248815767467 ], [ 4956301.151567591354251, 7473494.742765935137868 ], [ 4956327.042931228876114, 7473450.597008306533098 ], [ 4956341.666681049391627, 7473430.350700090639293 ], [ 4956354.239664283581078, 7473412.911389348097146 ], [ 4956384.460541191510856, 7473380.096124585717916 ], [ 4956422.534007942304015, 7473347.148343629203737 ], [ 4956464.746231934987009, 7473316.958832040429115 ], [ 4956483.408970122225583, 7473298.41838975250721 ], [ 4956505.935588443651795, 7473267.58526916988194 ], [ 4956537.307773689739406, 7473230.38751663453877 ], [ 4956654.546806688420475, 7473051.383236135356128 ], [ 4956712.616479277610779, 7472959.974379992112517 ], [ 4956741.276173388585448, 7472851.448799980804324 ], [ 4956782.082999253645539, 7472741.130530573427677 ], [ 4956800.753654763102531, 7472690.639844376593828 ], [ 4956866.981510942801833, 7472523.349151328206062 ], [ 4956967.268799358047545, 7472307.161448281258345 ], [ 4957005.434461297467351, 7472218.662876406684518 ], [ 4957027.420661671087146, 7472113.307234722189605 ], [ 4957039.978198032826185, 7471977.647156530991197 ], [ 4957048.040169533342123, 7471910.724736268632114 ], [ 4957067.571746001020074, 7471707.972971392795444 ], [ 4957070.320315279997885, 7471639.905858436599374 ], [ 4957069.687938271090388, 7471573.357434254139662 ], [ 4957065.037664316594601, 7471501.326810955069959 ], [ 4957055.648958983831108, 7471417.344432840123773 ], [ 4957053.700806717388332, 7471351.567472101189196 ], [ 4957054.226598017849028, 7471343.495655372738838 ], [ 4957059.325891323387623, 7471264.416059371083975 ], [ 4957073.69511132594198, 7471115.704145025461912 ], [ 4957077.985220120288432, 7471032.39177165646106 ], [ 4957077.020503383129835, 7470999.818929271772504 ], [ 4957073.913174274377525, 7470959.188846847042441 ], [ 4957070.740471404977143, 7470927.141315272077918 ], [ 4957066.002496489323676, 7470900.593369476497173 ], [ 4957058.819338087923825, 7470874.979816975072026 ], [ 4957049.103702222928405, 7470848.517411429435015 ], [ 4957016.24359508510679, 7470782.984883656725287 ], [ 4957001.031102609820664, 7470744.335948783904314 ], [ 4956995.341155347414315, 7470716.987902936525643 ], [ 4956996.064168808050454, 7470693.689197037369013 ], [ 4957000.105219213292003, 7470676.490896353498101 ], [ 4957007.000808739103377, 7470662.368341852910817 ], [ 4957016.566741613671184, 7470651.132740121334791 ], [ 4957031.203504276461899, 7470639.512847893871367 ], [ 4957052.691190374083817, 7470625.863600825890899 ], [ 4957086.909185983240604, 7470606.945737568661571 ], [ 4957148.598418777808547, 7470592.258545919321477 ], [ 4957181.072514137253165, 7470576.63573731482029 ], [ 4957207.291978505440056, 7470559.023913851007819 ], [ 4957227.824203596450388, 7470538.383707853034139 ], [ 4957238.129422684200108, 7470523.296130825765431 ], [ 4957247.498732154257596, 7470505.282233692705631 ], [ 4957255.571567416191101, 7470484.828277867287397 ], [ 4957262.803574991412461, 7470460.484791811555624 ], [ 4957267.774947134777904, 7470437.1537732379511 ], [ 4957271.075406175106764, 7470413.153564500622451 ], [ 4957272.814168266020715, 7470360.709613366052508 ], [ 4957270.169637303799391, 7470301.431386002339423 ], [ 4957263.830983776599169, 7470242.043050486594439 ], [ 4957252.759855275042355, 7470190.482090797275305 ], [ 4957239.497214249335229, 7470151.838878133334219 ], [ 4957213.498225521296263, 7470102.627781666815281 ], [ 4957176.659345936961472, 7470043.640388553030789 ], [ 4957158.136673857457936, 7470021.649344610981643 ], [ 4957133.047787955962121, 7469991.865366354584694 ], [ 4957078.950040539726615, 7469921.488504869863391 ], [ 4957047.943084533326328, 7469887.080587409436703 ], [ 4957018.631343683227897, 7469859.255681158974767 ], [ 4956989.440965380519629, 7469835.705823760479689 ], [ 4956958.341052861884236, 7469816.070854437537491 ], [ 4956929.091754713095725, 7469802.46562581975013 ], [ 4956886.380851401947439, 7469788.091064645908773 ], [ 4956772.285076259635389, 7469760.045961766503751 ], [ 4956715.740995188243687, 7469742.153980419039726 ], [ 4956693.607230572029948, 7469730.883220539428294 ], [ 4956670.255037863738835, 7469715.079457979649305 ], [ 4956646.273731345310807, 7469696.80423657502979 ], [ 4956623.212367252446711, 7469676.239187015220523 ], [ 4956600.802236681804061, 7469650.470942360349 ], [ 4956580.105923281051219, 7469621.130509784445167 ], [ 4956557.723692107014358, 7469582.128218285739422 ], [ 4956540.706846902146935, 7469547.294252630323172 ], [ 4956530.459214018657804, 7469520.896359538659453 ], [ 4956515.013576054014266, 7469475.003421694040298 ], [ 4956496.749109515920281, 7469370.950004369951785 ], [ 4956483.847585421055555, 7469328.995797214098275 ], [ 4956464.33878021594137, 7469279.491878183558583 ], [ 4956454.345803646370769, 7469260.990793504752219 ], [ 4956443.933585036545992, 7469245.545064888894558 ], [ 4956430.443955200724304, 7469229.725004320964217 ], [ 4956394.427877569571137, 7469193.263520941138268 ], [ 4956366.139625308103859, 7469167.256454499438405 ], [ 4956334.897453251294792, 7469140.786748775281012 ], [ 4956283.97959256824106, 7469101.590847823768854 ], [ 4956165.414849253371358, 7469006.693268530070782 ], [ 4956133.418625939637423, 7468982.170062072575092 ], [ 4956105.688113503158092, 7468958.744471750222147 ], [ 4956083.697682345286012, 7468937.539331754669547 ], [ 4956051.355280899442732, 7468901.586012094281614 ], [ 4956027.427981753833592, 7468872.501157281920314 ], [ 4956003.561232769861817, 7468840.271267777308822 ], [ 4955992.295896086841822, 7468818.52130910102278 ], [ 4955984.552612072788179, 7468795.962076496332884 ], [ 4955979.177802501246333, 7468770.541426807641983 ], [ 4955979.277714341878891, 7468750.319599310867488 ], [ 4955985.073936680331826, 7468733.193076154217124 ], [ 4955995.840822539292276, 7468714.63025080692023 ], [ 4956032.067629805766046, 7468663.770573103800416 ], [ 4956042.99453358259052, 7468646.603572748601437 ], [ 4956053.797672814689577, 7468626.113841397687793 ], [ 4956060.169583930633962, 7468608.579204529523849 ], [ 4956065.537600134499371, 7468579.856357073411345 ], [ 4956066.60312186460942, 7468545.107528243213892 ], [ 4956063.950543584302068, 7468508.044388895854354 ], [ 4956057.789133556187153, 7468470.816006565466523 ], [ 4956047.744859518483281, 7468431.494317851029336 ], [ 4956034.716220187954605, 7468391.632363569922745 ], [ 4956019.184928809292614, 7468351.430878621526062 ], [ 4956002.663748824037611, 7468316.442606649361551 ], [ 4955981.684443133883178, 7468279.614033740013838 ], [ 4955851.391247910447419, 7468131.433134140446782 ], [ 4955841.042782433331013, 7468112.210706810466945 ], [ 4955831.740396010689437, 7468089.668961277231574 ], [ 4955824.430515894666314, 7468066.490707268938422 ], [ 4955822.485485542565584, 7468057.913317404687405 ], [ 4955818.899178050458431, 7468042.154818333685398 ], [ 4955816.260044017806649, 7468021.803145591169596 ], [ 4955815.775423548184335, 7468001.546365663409233 ], [ 4955817.193514562211931, 7467983.277492173016071 ], [ 4955821.015079276636243, 7467960.663341818377376 ], [ 4955826.573255212977529, 7467937.17937495559454 ], [ 4955836.777633578516543, 7467903.819400938227773 ], [ 4955862.268041929230094, 7467836.17293276078999 ], [ 4955875.82079996727407, 7467791.061527575366199 ], [ 4955887.371227407827973, 7467728.856221814639866 ], [ 4955891.442553912289441, 7467694.437299240380526 ], [ 4955892.937462943606079, 7467667.386513070203364 ], [ 4955892.699548204429448, 7467643.43154614418745 ], [ 4955890.386811218224466, 7467620.223593652248383 ], [ 4955872.523425878025591, 7467535.761147105135024 ], [ 4955859.775757433846593, 7467449.320188141427934 ], [ 4955850.548628130927682, 7467373.055941930040717 ], [ 4955843.323136885650456, 7467296.531740857288241 ], [ 4955842.632523886859417, 7467248.45503518730402 ], [ 4955844.624654234386981, 7467012.639026202261448 ], [ 4955823.84003408998251, 7466594.180966483429074 ], [ 4955799.960002722218633, 7466252.316463200375438 ], [ 4955790.279626103118062, 7466085.936869220808148 ], [ 4955793.469970700331032, 7466026.475705429911613 ], [ 4955810.533971080556512, 7465923.963934960775077 ], [ 4955811.317162368446589, 7465919.27060336060822 ], [ 4955822.6365224448964, 7465798.934070752933621 ], [ 4955831.084135624580085, 7465751.913945317268372 ], [ 4955847.913999578915536, 7465683.688343184068799 ], [ 4955855.279955013655126, 7465641.648601833730936 ], [ 4955859.413249822333455, 7465578.878855975344777 ], [ 4955862.911721372976899, 7465452.494818909093738 ], [ 4955867.093908173032105, 7465404.565150622278452 ], [ 4955872.791456969454885, 7465357.647695325314999 ], [ 4955881.558114418759942, 7465303.130961112678051 ], [ 4955893.628690867684782, 7465241.392164129763842 ], [ 4955907.984889997169375, 7465176.836009409278631 ], [ 4955916.272745096124709, 7465103.52426828071475 ], [ 4955923.058371668681502, 7465063.332237532362342 ], [ 4955922.751178847625852, 7465035.024683093652129 ], [ 4955916.091059315949678, 7464986.564968326129019 ], [ 4955888.354864979162812, 7464841.362466871738434 ], [ 4955877.514861864037812, 7464773.487813309766352 ], [ 4955874.713408729992807, 7464721.130006285384297 ], [ 4955876.461026987060905, 7464642.671591712161899 ], [ 4955881.932177307084203, 7464588.887185455299914 ], [ 4955894.855215495452285, 7464509.077093925327063 ], [ 4955903.782340277917683, 7464469.688677432015538 ], [ 4955919.196083574555814, 7464418.62442310526967 ], [ 4955933.840507615357637, 7464378.045552653260529 ], [ 4955952.852601449936628, 7464331.233340300619602 ], [ 4956012.299541911110282, 7464194.092741480097175 ], [ 4956054.712819526903331, 7464104.124419491738081 ], [ 4956065.373178616166115, 7464078.750321242958307 ], [ 4956072.578882295638323, 7464056.079437326639891 ], [ 4956077.890509269200265, 7464025.086010349914432 ], [ 4956082.094213475473225, 7463955.328244252130389 ], [ 4956083.03302623424679, 7463893.578984040766954 ], [ 4956081.300071118399501, 7463836.960560221225023 ], [ 4956058.788142373785377, 7463828.378648756071925 ], [ 4956026.778458050452173, 7463812.360115934163332 ], [ 4956016.37521191034466, 7463805.873299274593592 ], [ 4956003.999373108148575, 7463793.400436050258577 ], [ 4955996.145338924601674, 7463778.094575695693493 ], [ 4955992.508921797387302, 7463765.76900702342391 ], [ 4955986.630997376516461, 7463730.634281544014812 ], [ 4955980.844711271114647, 7463716.840589391998947 ], [ 4955976.074059066362679, 7463710.049010470509529 ], [ 4955968.031281602568924, 7463703.203582896851003 ], [ 4955951.768917270936072, 7463693.86451943218708 ], [ 4955917.510512647219002, 7463678.747297642752528 ], [ 4955898.838746223598719, 7463669.013524775393307 ], [ 4955884.884766167029738, 7463659.581462848931551 ], [ 4955871.377428947016597, 7463648.256935503333807 ], [ 4955852.23135344684124, 7463628.864655241370201 ], [ 4955833.290307986550033, 7463606.028745284304023 ], [ 4955815.198891119100153, 7463580.315898867323995 ], [ 4955791.872168632224202, 7463541.918332343921065 ], [ 4955778.113465327769518, 7463521.921557722613215 ], [ 4955755.468341535888612, 7463492.51851340662688 ], [ 4955732.311386379413307, 7463466.281270459294319 ], [ 4955714.106051939539611, 7463448.04332329146564 ], [ 4955696.481365429237485, 7463434.690963643603027 ], [ 4955632.755545222200453, 7463397.868858523666859 ], [ 4955611.217228044755757, 7463382.921215562149882 ], [ 4955594.742064407095313, 7463365.917491124942899 ], [ 4955589.750563756562769, 7463357.585759837180376 ], [ 4955586.342035771347582, 7463348.140150632709265 ], [ 4955584.237429307773709, 7463331.322683499194682 ], [ 4955586.086210088804364, 7463313.088229428976774 ], [ 4955590.244301459752023, 7463297.883944237604737 ], [ 4955598.591844758018851, 7463281.207990199327469 ], [ 4955602.08906367328018, 7463267.485755413770676 ], [ 4955606.405927860178053, 7463257.575600847601891 ], [ 4955607.582304229028523, 7463237.766568552702665 ], [ 4955604.259531323798001, 7463216.61534106452018 ], [ 4955597.889861322008073, 7463195.599114129319787 ], [ 4955589.649529138579965, 7463175.873107095248997 ], [ 4955572.026876685209572, 7463141.080129116773605 ], [ 4955562.45580037496984, 7463116.96463514585048 ], [ 4955557.568343791179359, 7463097.724692787975073 ], [ 4955554.02975797560066, 7463069.784069541841745 ], [ 4955552.587745551019907, 7463040.476369117386639 ], [ 4955553.163881774060428, 7462973.753461924381554 ], [ 4955552.144361137412488, 7462943.793600184842944 ], [ 4955537.104091513901949, 7462805.58224892988801 ], [ 4955532.652813518419862, 7462742.820292512886226 ], [ 4955528.94537069927901, 7462629.571293834596872 ], [ 4955536.930632306262851, 7462547.808705125004053 ], [ 4955544.365170873701572, 7462503.222015458159149 ], [ 4955556.362864890135825, 7462445.126646291464567 ], [ 4955566.644358587451279, 7462408.998276068829 ], [ 4955579.482280856929719, 7462375.513191216625273 ], [ 4955590.180489968508482, 7462354.580425387248397 ], [ 4955611.285039216279984, 7462321.241477963514626 ], [ 4955682.865724645555019, 7462228.037510422989726 ], [ 4955703.331965302117169, 7462198.871696709655225 ], [ 4955718.235397394746542, 7462174.385163703933358 ], [ 4955733.379485049284995, 7462144.771768350154161 ], [ 4955745.508962361142039, 7462114.82834586687386 ], [ 4955752.228742488659918, 7462089.841548698022962 ], [ 4955755.095505288802087, 7462063.636307200416923 ], [ 4955754.822763716802001, 7462044.731109369546175 ], [ 4955752.590599056333303, 7462025.953056514263153 ], [ 4955748.864781697280705, 7462009.36339639686048 ], [ 4955742.450302640907466, 7461989.753542510792613 ], [ 4955722.10818699747324, 7461945.339907163754106 ], [ 4955688.705014841631055, 7461884.962532045319676 ], [ 4955667.306743443012238, 7461840.556782016530633 ], [ 4955657.102176809683442, 7461812.375044670887291 ], [ 4955652.21936524938792, 7461788.184749339707196 ], [ 4955646.650990659371018, 7461773.904235074296594 ], [ 4955643.719282737001777, 7461755.899323420599103 ], [ 4955640.838270468637347, 7461727.639445014297962 ], [ 4955640.402072354219854, 7461708.567634420469403 ], [ 4955640.256119361147285, 7461702.398631352931261 ], [ 4955645.932430073618889, 7461624.20623354613781 ], [ 4955651.189095303416252, 7461594.50844157859683 ], [ 4955659.17417919728905, 7461561.252638990990818 ], [ 4955681.996310447342694, 7461490.995788421481848 ], [ 4955691.194942566566169, 7461456.580697960220277 ], [ 4955696.466697942465544, 7461418.211487696506083 ], [ 4955694.707851211540401, 7461367.573056623339653 ], [ 4955672.365510895848274, 7461295.688309399411082 ], [ 4955620.214508356526494, 7461152.073896270245314 ], [ 4955604.166091457009315, 7461092.013123054988682 ], [ 4955599.840070289559662, 7461049.529107743874192 ], [ 4955599.69485982041806, 7460990.899495252408087 ], [ 4955597.254955121316016, 7460952.252858720719814 ], [ 4955590.53801751229912, 7460920.659242635592818 ], [ 4955573.41012679040432, 7460875.523860659450293 ], [ 4955565.294553282670677, 7460845.255063565447927 ], [ 4955555.784735202789307, 7460776.553109019994736 ], [ 4955550.729693477973342, 7460717.056244101375341 ], [ 4955551.274373061954975, 7460695.81666764523834 ], [ 4955553.624498051591218, 7460674.43844573199749 ], [ 4955564.442033443599939, 7460612.662711810320616 ], [ 4955576.398298610001802, 7460554.223795676603913 ], [ 4955600.591230655089021, 7460453.471452499739826 ], [ 4955622.98535037972033, 7460381.851185774430633 ], [ 4955632.803610834293067, 7460342.332506698556244 ], [ 4955639.224054466001689, 7460293.434656971134245 ], [ 4955642.747691681608558, 7460235.679622969590127 ], [ 4955644.40728186070919, 7460208.429778071120381 ], [ 4955648.400951865129173, 7460172.149883329868317 ], [ 4955660.882377152331173, 7460112.77108402736485 ], [ 4955679.144934426993132, 7460057.850220300257206 ], [ 4955685.361992248333991, 7460032.684736281633377 ], [ 4955687.096575711853802, 7460018.259558208286762 ], [ 4955685.334187141619623, 7460000.302351213060319 ], [ 4955676.810600341297686, 7459972.867491753771901 ], [ 4955669.645852508954704, 7459957.640900488011539 ], [ 4955665.141098753549159, 7459948.081285795196891 ], [ 4955650.888298040255904, 7459926.432667581364512 ], [ 4955633.418329671956599, 7459907.255283347330987 ], [ 4955613.704207780770957, 7459890.972826322540641 ], [ 4955591.308935003355145, 7459876.23289081081748 ], [ 4955519.234682817012072, 7459837.912313543260098 ], [ 4955500.143153412267566, 7459826.183227972127497 ], [ 4955497.534385319799185, 7459824.038110479712486 ], [ 4955487.488135163672268, 7459815.757800778374076 ], [ 4955477.441863394342363, 7459807.488558683544397 ], [ 4955457.24731586035341, 7459783.839816760271788 ], [ 4955429.809211418963969, 7459740.545305201783776 ], [ 4955399.898568865843117, 7459683.798771047964692 ], [ 4955380.228005869314075, 7459628.765858877450228 ], [ 4955349.433366876095533, 7459527.884031102061272 ], [ 4955328.093245228752494, 7459468.848127270117402 ], [ 4955296.713547603227198, 7459396.016570569947362 ], [ 4955279.51936100050807, 7459363.760373213328421 ], [ 4955253.314818426035345, 7459340.61398957669735 ], [ 4955230.578911300748587, 7459309.769896828569472 ], [ 4955188.798590309917927, 7459265.501975363120437 ], [ 4955148.827382513321936, 7459226.776657743379474 ], [ 4955046.857462155632675, 7459132.382133685052395 ], [ 4954985.257663943804801, 7459070.279574122279882 ], [ 4954966.958543110638857, 7459047.798628272488713 ], [ 4954925.432283625937998, 7458991.104899005033076 ], [ 4954904.092884592711926, 7458960.042964325286448 ], [ 4954886.927205360494554, 7458932.415579826571047 ], [ 4954867.868345675989985, 7458896.653680221177638 ], [ 4954836.854224328882992, 7458822.758976561948657 ], [ 4954818.738917758688331, 7458769.955891871824861 ], [ 4954808.823429449461401, 7458725.306215954944491 ], [ 4954804.434666035696864, 7458684.250246682204306 ], [ 4954802.724299475550652, 7458635.715824995189905 ], [ 4954803.4967903457582, 7458607.256192212924361 ], [ 4954808.280683451332152, 7458482.514166558161378 ], [ 4954805.127534115687013, 7458429.545525635592639 ], [ 4954793.261676242575049, 7458389.087269591167569 ], [ 4954758.145618047565222, 7458322.577909089624882 ], [ 4954738.999005068093538, 7458295.907860644161701 ], [ 4954720.966860939748585, 7458273.748539028689265 ], [ 4954690.668707687407732, 7458242.028038769960403 ], [ 4954653.971040893346071, 7458210.642586329951882 ], [ 4954645.666012877598405, 7458203.54083292838186 ], [ 4954628.416414233855903, 7458187.197967352345586 ], [ 4954599.377281302586198, 7458156.344894470646977 ], [ 4954569.550819119438529, 7458121.391747035086155 ], [ 4954548.766363168135285, 7458093.985564928501844 ], [ 4954529.810847821645439, 7458065.377734817564487 ], [ 4954522.530228684656322, 7458051.866752592846751 ], [ 4954514.458432245999575, 7458032.107243970036507 ], [ 4954507.755593409761786, 7458010.646363965235651 ], [ 4954500.381417061202228, 7457980.61163127142936 ], [ 4954490.509211570955813, 7457925.540511982515454 ], [ 4954486.182385825552046, 7457884.728221353143454 ], [ 4954479.513351413421333, 7457787.715792877599597 ], [ 4954471.876523054204881, 7457725.92906036041677 ], [ 4954458.867999011650681, 7457670.50509400293231 ], [ 4954426.286331745795906, 7457553.712262192741036 ], [ 4954408.356143053621054, 7457461.128751823678613 ], [ 4954401.791919138282537, 7457417.751370644196868 ], [ 4954398.933146772906184, 7457383.256057670339942 ], [ 4954399.896912584081292, 7457356.214533753693104 ], [ 4954405.740040454082191, 7457316.086411604657769 ], [ 4954420.768759252503514, 7457239.251294288784266 ], [ 4954423.800872758962214, 7457209.757444845512509 ], [ 4954423.784698621369898, 7457188.017734238877892 ], [ 4954420.583819192834198, 7457161.528398018330336 ], [ 4954413.886257410049438, 7457131.739275578409433 ], [ 4954390.92069801222533, 7457053.20531827583909 ], [ 4954385.471066187135875, 7457034.583274045959115 ], [ 4954376.614770159125328, 7456996.514769663102925 ], [ 4954372.748290999792516, 7456979.924193062819541 ], [ 4954371.525050094351172, 7456964.039339366368949 ], [ 4954371.775813478045166, 7456942.211832983419299 ], [ 4954378.756715756841004, 7456888.653522626496851 ], [ 4954376.93684015609324, 7456859.886961385607719 ], [ 4954366.556737689301372, 7456830.706818444654346 ], [ 4954340.376779030077159, 7456784.512247402220964 ], [ 4954333.742723294533789, 7456767.691759658046067 ], [ 4954331.639051252044737, 7456758.138964673504233 ], [ 4954331.704172030091286, 7456746.82079853489995 ], [ 4954335.827748547308147, 7456729.346333896741271 ], [ 4954352.402537082321942, 7456693.71389239653945 ], [ 4954359.442420582287014, 7456674.775332911871374 ], [ 4954360.944463732652366, 7456662.963163437321782 ], [ 4954359.956522284075618, 7456650.645076344721019 ], [ 4954356.321106616407633, 7456635.661022487096488 ], [ 4954349.600303693674505, 7456617.03509509563446 ], [ 4954332.09246932528913, 7456581.775408683344722 ], [ 4954320.671406626701355, 7456564.597057972103357 ], [ 4954307.382845369167626, 7456547.900312501937151 ], [ 4954276.830136052332819, 7456517.052959912456572 ], [ 4954267.546466368250549, 7456501.719466941431165 ], [ 4954260.276941060088575, 7456484.897005043923855 ], [ 4954255.275184528902173, 7456467.472326499409974 ], [ 4954253.254784980788827, 7456450.798720584250987 ], [ 4954255.193043067120016, 7456386.604432946071029 ], [ 4954253.484562801197171, 7456361.769700918346643 ], [ 4954249.131830836646259, 7456336.605757249519229 ], [ 4954243.359887199476361, 7456316.232850281521678 ], [ 4954222.649096979759634, 7456255.557841811329126 ], [ 4954182.872934234328568, 7456176.4960479689762 ], [ 4954161.3287457479164, 7456130.381668081507087 ], [ 4954142.630965141579509, 7456099.027474278584123 ], [ 4954123.298121153376997, 7456070.860839892178774 ], [ 4954076.766576731577516, 7456008.545263728126884 ], [ 4954057.182194854132831, 7455978.893754113465548 ], [ 4954039.326283258385956, 7455947.298346277326345 ], [ 4954029.673705299384892, 7455922.040594562888145 ], [ 4954024.999870559200644, 7455898.115952020511031 ], [ 4954023.854142406024039, 7455873.803404495120049 ], [ 4954025.327800495550036, 7455857.92673921585083 ], [ 4954030.594919331371784, 7455842.050596605986357 ], [ 4954038.138382936827838, 7455829.437382766976953 ], [ 4954049.921631081961095, 7455815.031940325163305 ], [ 4954092.79435302130878, 7455772.558387336321175 ], [ 4954113.302410565316677, 7455748.079372830688953 ], [ 4954125.66094986628741, 7455726.532423402182758 ], [ 4954129.076755261979997, 7455715.888948614709079 ], [ 4954130.86353625357151, 7455704.875037157908082 ], [ 4954130.731998971663415, 7455694.220739563927054 ], [ 4954128.874814569018781, 7455684.624351939186454 ], [ 4954117.133325035683811, 7455661.885315258055925 ], [ 4954105.051263620145619, 7455646.609601510688663 ], [ 4954055.570708872750401, 7455583.553966560401022 ], [ 4954015.635890363715589, 7455543.850758271291852 ], [ 4953993.727527397684753, 7455513.36142180301249 ], [ 4953974.54997923783958, 7455471.650623113848269 ], [ 4953966.507164378650486, 7455436.441543854773045 ], [ 4953967.043694886378944, 7455351.621733296662569 ], [ 4953966.997905531898141, 7455343.138339817523956 ], [ 4953966.84277849830687, 7455336.880634864792228 ], [ 4953965.378460736013949, 7455329.611119251698256 ], [ 4953962.063014576211572, 7455320.862993664108217 ], [ 4953958.791938846930861, 7455311.018603440374136 ], [ 4953955.595583602786064, 7455300.210938452742994 ], [ 4953952.504230846650898, 7455288.595137872733176 ], [ 4953949.538045873865485, 7455276.282010939903557 ], [ 4953946.706907748244703, 7455263.393410160206258 ], [ 4953943.970181270502508, 7455249.80738889425993 ], [ 4953941.235970971174538, 7455235.401843399740756 ], [ 4953938.432886001653969, 7455220.05473268404603 ], [ 4953919.322398852556944, 7455113.169161705300212 ], [ 4953916.348405165597796, 7455096.736194664612412 ], [ 4953913.339995317161083, 7455081.499193791300058 ], [ 4953910.07165892701596, 7455067.446392924524844 ], [ 4953906.297450334765017, 7455054.54381351172924 ], [ 4953901.781642589718103, 7455042.768582790158689 ], [ 4953896.370524883270264, 7455032.098079172894359 ], [ 4953890.381908433511853, 7455022.533276632428169 ], [ 4953884.205265061929822, 7455014.108593683689833 ], [ 4953878.260855317115784, 7455006.847469201311469 ], [ 4953872.958788982592523, 7455000.740087313577533 ], [ 4953853.067523117177188, 7454978.119767405092716 ], [ 4953847.734755649231374, 7454972.00120700802654 ], [ 4953841.575838606804609, 7454964.495763827115297 ], [ 4953834.847480857744813, 7454955.471328212879598 ], [ 4953827.744981927797198, 7454944.762377969920635 ], [ 4953820.525220823474228, 7454932.181430909782648 ], [ 4953813.413742046803236, 7454917.729179803282022 ], [ 4953806.654584862291813, 7454902.059784991666675 ], [ 4953800.532282964326441, 7454885.993653077632189 ], [ 4953795.310795514844358, 7454870.373277438804507 ], [ 4953791.243997800163925, 7454855.985747015103698 ], [ 4953788.493939810432494, 7454843.47389676887542 ], [ 4953786.764063350856304, 7454832.593171189539135 ], [ 4953785.625219426117837, 7454822.877111587673426 ], [ 4953784.678811837919056, 7454813.925801421515644 ], [ 4953783.505946328863502, 7454805.272813047282398 ], [ 4953781.769369533285499, 7454796.573791975155473 ], [ 4953779.407537632621825, 7454787.839623482897878 ], [ 4953776.440682827495039, 7454779.158967496827245 ], [ 4953772.858213732019067, 7454770.642538597807288 ], [ 4953768.690545921213925, 7454762.401177426800132 ], [ 4953763.916972176171839, 7454754.501268303021789 ], [ 4953758.496520108543336, 7454746.931609842926264 ], [ 4953752.337094873189926, 7454739.636544171720743 ], [ 4953745.3772889142856, 7454732.582657122053206 ], [ 4953737.555797047913074, 7454725.703310338780284 ], [ 4953728.831681370735168, 7454718.976226909086108 ], [ 4953719.502106934785843, 7454712.446619363501668 ], [ 4953709.884673358872533, 7454706.181913322769105 ], [ 4953700.338054693304002, 7454700.22751223295927 ], [ 4953674.531212153844535, 7454684.565805898047984 ], [ 4953649.921483148820698, 7454669.682978888042271 ], [ 4953640.732764926739037, 7454664.039735718630254 ], [ 4953631.064376134425402, 7454657.697297125123441 ], [ 4953621.112126332707703, 7454650.324023687280715 ], [ 4953611.112627395428717, 7454641.654850945807993 ], [ 4953601.312777305953205, 7454631.413672035560012 ], [ 4953591.907907880842686, 7454619.423894289880991 ], [ 4953583.173551048152149, 7454606.096135408617556 ], [ 4953575.333601820282638, 7454591.962676543742418 ], [ 4953568.652891087345779, 7454577.578075248748064 ], [ 4953563.36566367931664, 7454563.441421091556549 ], [ 4953559.614035090431571, 7454550.007219955325127 ], [ 4953557.131184632889926, 7454537.363246589899063 ], [ 4953555.51739839091897, 7454525.475042123347521 ], [ 4953554.403650387190282, 7454514.330391634255648 ], [ 4953553.410732806660235, 7454503.894898982718587 ], [ 4953552.200411094352603, 7454494.145369285717607 ], [ 4953550.701369378715754, 7454484.937610195949674 ], [ 4953548.883195584639907, 7454476.160780020058155 ], [ 4953546.725900443270802, 7454467.648695455864072 ], [ 4953544.209357867017388, 7454459.279471758753061 ], [ 4953541.32396733853966, 7454450.842658615671098 ], [ 4953538.101340214721859, 7454442.061484511941671 ], [ 4953534.573396241292357, 7454432.559506012126803 ], [ 4953530.823244776576757, 7454421.982587493956089 ], [ 4953526.862303160130978, 7454409.954222146421671 ], [ 4953522.773064882494509, 7454396.319618193432689 ], [ 4953518.769409044645727, 7454381.533502233214676 ], [ 4953515.105568513274193, 7454366.261146458797157 ], [ 4953512.00512264482677, 7454351.134504267945886 ], [ 4953509.722335253842175, 7454336.807773706503212 ], [ 4953508.409262510947883, 7454323.835163856856525 ], [ 4953507.911478408612311, 7454312.426617795601487 ], [ 4953507.97242016531527, 7454302.669939991086721 ], [ 4953508.366177671588957, 7454294.6862539537251 ], [ 4953508.83622429240495, 7454288.552289370447397 ], [ 4953510.305369612760842, 7454270.959035629406571 ], [ 4953510.795780747197568, 7454264.869432915002108 ], [ 4953511.363056775182486, 7454257.129928153008223 ], [ 4953511.924158168025315, 7454248.072507316246629 ], [ 4953512.396148399449885, 7454237.995932397432625 ], [ 4953512.665165681391954, 7454227.254243550822139 ], [ 4953512.689314001239836, 7454216.135255014523864 ], [ 4953512.508503087796271, 7454204.993482696823776 ], [ 4953512.19360227137804, 7454194.117089723236859 ], [ 4953511.794772266410291, 7454183.860623745247722 ], [ 4953511.382847654633224, 7454174.523322587832808 ], [ 4953509.667096980847418, 7454135.977831547148526 ], [ 4953509.224318879656494, 7454126.67365859914571 ], [ 4953508.640524255111814, 7454116.560591304674745 ], [ 4953507.78114409185946, 7454106.059054313227534 ], [ 4953506.562660632655025, 7454095.65607881359756 ], [ 4953504.881327722221613, 7454085.750035239383578 ], [ 4953502.63360483571887, 7454076.672845985740423 ], [ 4953499.697230995632708, 7454068.180487582460046 ], [ 4953495.981110763736069, 7454059.896135615184903 ], [ 4953491.353109751828015, 7454051.453913156874478 ], [ 4953485.701665487140417, 7454042.465857110917568 ], [ 4953479.007135149091482, 7454032.655036264099181 ], [ 4953463.901205387897789, 7454011.311478140763938 ], [ 4953456.318686693906784, 7454000.257521817460656 ], [ 4953449.268935446627438, 7453989.304884923622012 ], [ 4953443.099806196987629, 7453978.67614153586328 ], [ 4953437.86179774813354, 7453968.61509421095252 ], [ 4953433.543901244178414, 7453959.365354777313769 ], [ 4953430.124959579668939, 7453951.137279125861824 ], [ 4953427.573495967313647, 7453944.163340531289577 ], [ 4953425.817509707063437, 7453938.520839674398303 ], [ 4953424.438073032535613, 7453933.7654874259606 ], [ 4953422.965689730830491, 7453929.231342241168022 ], [ 4953420.879402462393045, 7453924.31875141710043 ], [ 4953417.719830830581486, 7453918.406103268265724 ], [ 4953413.139809750951827, 7453911.04932976141572 ], [ 4953407.230813431553543, 7453902.503432894125581 ], [ 4953400.288652822375298, 7453893.245543622411788 ], [ 4953392.568270360119641, 7453883.708367375656962 ], [ 4953384.304036010988057, 7453874.34669572301209 ], [ 4953375.771425898186862, 7453865.582223951816559 ], [ 4953367.14443414658308, 7453857.50408989097923 ], [ 4953358.59698549285531, 7453850.223581084050238 ], [ 4953350.323609554208815, 7453843.818825157359242 ], [ 4953342.477796538732946, 7453838.378897499293089 ], [ 4953335.172272628173232, 7453833.915223741903901 ], [ 4953328.222756191156805, 7453830.349708827212453 ], [ 4953321.322330948896706, 7453827.48205379396677 ], [ 4953314.204844902269542, 7453825.189609149470925 ], [ 4953306.594136237166822, 7453823.272170374169946 ], [ 4953289.270312785170972, 7453819.729763275012374 ], [ 4953279.610795769840479, 7453817.351874649524689 ], [ 4953269.420978906564415, 7453814.086348383687437 ], [ 4953258.722641476429999, 7453809.523484500125051 ], [ 4953247.67024286929518, 7453803.442267037928104 ], [ 4953236.580606273375452, 7453796.153774972073734 ], [ 4953225.831577400676906, 7453788.124325070530176 ], [ 4953215.780463013797998, 7453779.83124603331089 ], [ 4953206.815321020781994, 7453771.751963295042515 ], [ 4953199.171096449717879, 7453764.153005365282297 ], [ 4953192.561825701966882, 7453756.69016532227397 ], [ 4953186.568869058042765, 7453748.830550817772746 ], [ 4953180.763337426818907, 7453740.041236722841859 ], [ 4953174.736949197016656, 7453729.756137069314718 ], [ 4953167.765471725724638, 7453716.821217056363821 ], [ 4953157.974216873757541, 7453697.542729268781841 ], [ 4953143.152379130013287, 7453667.539234787225723 ], [ 4953121.140218959189951, 7453622.506962918676436 ], [ 4952826.211752430535853, 7453016.811774279922247 ], [ 4952804.151471491903067, 7452971.402271263301373 ], [ 4952789.159929878078401, 7452940.412183594889939 ], [ 4952779.006765301339328, 7452919.194184986874461 ], [ 4952771.46184219699353, 7452903.045561455190182 ], [ 4952764.590019874274731, 7452887.995455162599683 ], [ 4952757.709110896103084, 7452872.579848440364003 ], [ 4952750.432106608524919, 7452856.000138456001878 ], [ 4952742.371932114474475, 7452837.479870868846774 ], [ 4952667.951896539889276, 7452665.420034273527563 ], [ 4952659.932444049045444, 7452647.054889708757401 ], [ 4952652.725983291864395, 7452630.92941271699965 ], [ 4952646.016774291172624, 7452616.400270705111325 ], [ 4952639.448148613795638, 7452602.801851633936167 ], [ 4952632.653015519492328, 7452589.523883835412562 ], [ 4952625.499484177678823, 7452576.134033733978868 ], [ 4952617.81459411047399, 7452562.221987437456846 ], [ 4952609.466352519579232, 7452547.388634694740176 ], [ 4952558.028288730420172, 7452457.099470132961869 ], [ 4952538.782574477605522, 7452423.293725298717618 ], [ 4952530.546682992018759, 7452408.637875089421868 ], [ 4952523.157753998413682, 7452395.19185152836144 ], [ 4952516.60633878223598, 7452382.700905650854111 ], [ 4952510.8112384788692, 7452370.910061370581388 ], [ 4952505.742190514691174, 7452359.664176676422358 ], [ 4952501.337306499481201, 7452349.084879392758012 ], [ 4952497.585563416592777, 7452339.415780981071293 ], [ 4952494.45543800201267, 7452330.900427928194404 ], [ 4952491.92576237116009, 7452323.749174978584051 ], [ 4952483.057155509479344, 7452298.525929719209671 ], [ 4952480.517205980606377, 7452291.385716642253101 ], [ 4952477.44870656915009, 7452282.837329811416566 ], [ 4952473.840707865543664, 7452273.102230254560709 ], [ 4952469.713045787066221, 7452262.390901586040854 ], [ 4952465.075341206043959, 7452250.902720262296498 ], [ 4952459.957644823007286, 7452238.859276995062828 ], [ 4952454.400081743486226, 7452226.537568461149931 ], [ 4952448.463346801698208, 7452214.192506900057197 ], [ 4952442.197708798572421, 7452202.134345659986138 ], [ 4952435.684396372176707, 7452190.606987420469522 ], [ 4952428.922602253966033, 7452179.865149877034128 ], [ 4952421.922716258093715, 7452169.864566430449486 ], [ 4952414.613268620334566, 7452160.516411795280874 ], [ 4952406.943114290945232, 7452151.787298978306353 ], [ 4952398.861389249563217, 7452143.555243290960789 ], [ 4952390.368374324403703, 7452135.731646518222988 ], [ 4952381.598302761092782, 7452128.006839137524366 ], [ 4952372.695658229291439, 7452120.071184417232871 ], [ 4952363.876780020073056, 7452111.582049544900656 ], [ 4952355.275937790982425, 7452102.218691332265735 ], [ 4952347.088620040565729, 7452091.749159652739763 ], [ 4952339.457658966071904, 7452080.384329978376627 ], [ 4952332.525674697943032, 7452068.401526218280196 ], [ 4952326.435215867124498, 7452056.100221903994679 ], [ 4952321.349294660612941, 7452043.791030494496226 ], [ 4952317.390204017050564, 7452031.695837713778019 ], [ 4952314.557905860245228, 7452019.82571922428906 ], [ 4952312.832038305699825, 7452008.136311793699861 ], [ 4952312.243524273857474, 7451996.572340052574873 ], [ 4952312.761752197518945, 7451985.089407704770565 ], [ 4952314.314970437437296, 7451973.687286765314639 ], [ 4952316.666972417384386, 7451962.509199174121022 ], [ 4952319.540166049264371, 7451951.820058340206742 ], [ 4952322.626456961035728, 7451941.807157227769494 ], [ 4952325.62782581243664, 7451932.713195068761706 ], [ 4952328.328780449926853, 7451924.615011245012283 ], [ 4952338.366735126823187, 7451894.534474791958928 ], [ 4952341.388725948520005, 7451885.396275613456964 ], [ 4952344.598831184208393, 7451875.11796744633466 ], [ 4952347.802268465049565, 7451863.710006598383188 ], [ 4952350.824861034750938, 7451851.149690510705113 ], [ 4952353.461683433502913, 7451837.414219129830599 ], [ 4952355.579102493822575, 7451822.624991374090314 ], [ 4952357.042325845919549, 7451807.268871277570724 ], [ 4952357.798173315823078, 7451791.954804848879576 ], [ 4952357.783320755697787, 7451777.258481424301863 ], [ 4952356.893269412219524, 7451763.810833617113531 ], [ 4952355.085792060010135, 7451751.999345701187849 ], [ 4952352.331090254709125, 7451741.524902836419642 ], [ 4952348.620497611351311, 7451731.889110401272774 ], [ 4952343.935133391059935, 7451722.582466318272054 ], [ 4952338.24572700355202, 7451713.139734521508217 ], [ 4952331.584541957825422, 7451703.084799302741885 ], [ 4952324.146430523134768, 7451692.385053764097393 ], [ 4952316.126244681887329, 7451681.007891284301877 ], [ 4952307.74951468873769, 7451668.942952663637698 ], [ 4952299.231485386379063, 7451656.190921316854656 ], [ 4952290.828188288025558, 7451642.819059690460563 ], [ 4952282.896953113377094, 7451629.27149660885334 ], [ 4952275.846144155599177, 7451616.058972867205739 ], [ 4952270.053374456241727, 7451603.692132198251784 ], [ 4952265.937148105353117, 7451592.714973218739033 ], [ 4952263.752749325707555, 7451583.42732947319746 ], [ 4952263.142670524306595, 7451575.440446255728602 ], [ 4952263.627185744233429, 7451568.12153347581625 ], [ 4952264.726464685983956, 7451560.871024835854769 ], [ 4952265.960748405195773, 7451553.067204616032541 ], [ 4952266.931570957414806, 7451544.310112061910331 ], [ 4952267.648055127821863, 7451534.954170368611813 ], [ 4952268.241649414412677, 7451525.564613265916705 ], [ 4952268.833517256192863, 7451516.717716613784432 ], [ 4952269.524393216706812, 7451508.967541666701436 ], [ 4952270.374647511169314, 7451502.668674594722688 ], [ 4952271.283580866642296, 7451497.255979462526739 ], [ 4952272.069096453487873, 7451491.97578957118094 ], [ 4952272.549203237518668, 7451486.041214137338102 ], [ 4952272.541804793290794, 7451478.6985864629969 ], [ 4952271.905099028721452, 7451469.415864285081625 ], [ 4952270.627252988517284, 7451458.691376604139805 ], [ 4952268.757297042757273, 7451447.222992653027177 ], [ 4952266.29283762536943, 7451435.763792192563415 ], [ 4952263.26233484223485, 7451425.033728634007275 ], [ 4952259.653848925605416, 7451415.564354964531958 ], [ 4952255.334735628217459, 7451407.166976885870099 ], [ 4952250.142342490144074, 7451399.42023317143321 ], [ 4952243.893413034267724, 7451391.9359210729599 ], [ 4952236.425261115655303, 7451384.303753161802888 ], [ 4952227.656844945624471, 7451376.224449448287487 ], [ 4952217.926470093429089, 7451367.67693510837853 ], [ 4952207.674548177979887, 7451358.762284133583307 ], [ 4952197.321025984361768, 7451349.570431666448712 ], [ 4952187.306347955018282, 7451340.19137931521982 ], [ 4952178.009566424414515, 7451330.681709776632488 ], [ 4952169.604567566886544, 7451321.152726844884455 ], [ 4952162.224415682256222, 7451311.660230323672295 ], [ 4952155.981534565798938, 7451302.304253597743809 ], [ 4952151.019201749004424, 7451293.151703917421401 ], [ 4952147.419445224106312, 7451284.191769344732165 ], [ 4952145.121719566173851, 7451275.125237659551203 ], [ 4952144.035049377009273, 7451265.553125763311982 ], [ 4952144.068459458649158, 7451255.07645021751523 ], [ 4952145.120795794762671, 7451243.274045192636549 ], [ 4952147.069663754664361, 7451229.957248178310692 ], [ 4952149.59574134554714, 7451215.623407646082342 ], [ 4952152.358538116328418, 7451200.980226293206215 ], [ 4952155.007351289503276, 7451186.724299694411457 ], [ 4952157.20176446903497, 7451173.541181622073054 ], [ 4952158.632746156305075, 7451161.917179280892015 ], [ 4952159.15776143129915, 7451151.552818240597844 ], [ 4952158.665835300460458, 7451141.894003602676094 ], [ 4952157.076564153656363, 7451132.442111819982529 ], [ 4952154.258439481258392, 7451122.654056800529361 ], [ 4952150.171844032593071, 7451112.097793310880661 ], [ 4952145.04268906172365, 7451100.64114280603826 ], [ 4952139.117031019181013, 7451088.262739272788167 ], [ 4952132.681958249770105, 7451074.930273031815886 ], [ 4952125.983561384491622, 7451060.611303996294737 ], [ 4952119.318929140456021, 7451045.351079031825066 ], [ 4952112.902024147100747, 7451029.548974696546793 ], [ 4952106.967199757695198, 7451013.637657513841987 ], [ 4952101.73834624979645, 7450998.116209990344942 ], [ 4952097.439529092051089, 7450983.428341333754361 ], [ 4952094.264135704375803, 7450969.995513323694468 ], [ 4952092.027252652682364, 7450957.950034327805042 ], [ 4952090.564571970142424, 7450947.39105368591845 ], [ 4952089.640007075853646, 7450938.42856615409255 ], [ 4952089.058645769953728, 7450931.117323664017022 ], [ 4952088.625965500250459, 7450925.390256185084581 ], [ 4952083.702034462243319, 7450859.335332358255982 ], [ 4952088.839626555331051, 7450810.334546856582165 ], [ 4952082.273319323547184, 7450812.473168695345521 ], [ 4952073.644786947406828, 7450815.280764971859753 ], [ 4952050.310081092640758, 7450827.266697200015187 ], [ 4952028.208011357113719, 7450835.180997643619776 ], [ 4951925.733884392306209, 7450864.788271494209766 ], [ 4951907.733526732772589, 7450865.638721398077905 ], [ 4951902.972931186668575, 7450867.185012588277459 ], [ 4951897.082422745414078, 7450866.313366558402777 ], [ 4951892.743211485445499, 7450867.495536053553224 ], [ 4951886.372664151713252, 7450866.101829565130174 ], [ 4951878.343237107619643, 7450867.43828334659338 ], [ 4951870.990658761002123, 7450865.454454533755779 ], [ 4951863.149978446774185, 7450865.462525839917362 ], [ 4951846.3677783831954, 7450860.391775188967586 ], [ 4951828.358656592667103, 7450857.587407026439905 ], [ 4951813.432668020948768, 7450852.179258748888969 ], [ 4951775.805576991289854, 7450833.740592669695616 ], [ 4951739.379690794274211, 7450811.507025554776192 ], [ 4951703.385247433558106, 7450785.819407396018505 ], [ 4951661.660544999875128, 7450750.932199101895094 ], [ 4951618.00118796620518, 7450718.530468907207251 ], [ 4951603.159660927020013, 7450709.246185228228569 ], [ 4951585.139138783328235, 7450700.516444666311145 ], [ 4951565.731722195632756, 7450686.455207169055939 ], [ 4951540.794022856280208, 7450674.269879000261426 ], [ 4951519.083561456762254, 7450659.304077949374914 ], [ 4951469.015129892155528, 7450618.630429401993752 ], [ 4951452.168982, 7450601.775389557704329 ], [ 4951430.501089798286557, 7450576.886534159071743 ], [ 4951428.272783576510847, 7450571.873491036705673 ], [ 4951427.362148462794721, 7450565.070589412003756 ], [ 4951422.105475998483598, 7450558.4086630679667 ], [ 4951422.731821279041469, 7450551.72148627974093 ], [ 4951419.326233241707087, 7450543.127455107867718 ], [ 4951418.557941071689129, 7450536.679408537223935 ], [ 4951424.281784696504474, 7450513.008854310028255 ], [ 4951434.957664465531707, 7450495.113248508423567 ], [ 4951448.293056860566139, 7450481.988425598479807 ], [ 4951465.896569228731096, 7450470.61615090072155 ], [ 4951477.381581640802324, 7450468.704131979495287 ], [ 4951494.642340400256217, 7450461.893550707958639 ], [ 4951510.233045949600637, 7450461.25731379725039 ], [ 4951527.154367242008448, 7450457.989547891542315 ], [ 4951610.699931000359356, 7450456.000005643814802 ], [ 4951677.622513452544808, 7450456.935593146830797 ], [ 4951714.519057597965002, 7450460.011382413096726 ], [ 4951743.738974073901772, 7450466.329465681686997 ], [ 4951776.834430906921625, 7450478.584988700225949 ], [ 4951813.25958380382508, 7450497.617858868092299 ], [ 4951847.811144502833486, 7450519.258285902440548 ], [ 4951879.490895095281303, 7450544.776686541736126 ], [ 4951903.832639000378549, 7450560.647461782209575 ], [ 4951933.686974763870239, 7450573.767150919884443 ], [ 4951955.323819071985781, 7450579.805795462802052 ], [ 4951971.976649099960923, 7450580.379635009914637 ], [ 4951990.358735430985689, 7450575.432648213580251 ], [ 4952008.344244852662086, 7450566.298083445057273 ], [ 4952023.440838214941323, 7450553.543863220140338 ], [ 4952034.228924548253417, 7450538.804532621055841 ], [ 4952042.085615371353924, 7450520.9105708245188 ], [ 4952047.428217195905745, 7450500.771452413871884 ], [ 4952050.722679651342332, 7450476.904641361907125 ], [ 4952050.605459400452673, 7450462.27441100217402 ], [ 4952048.222751845605671, 7450441.379657424986362 ], [ 4952035.916135741397738, 7450379.742081567645073 ], [ 4952036.288941675797105, 7450368.923159398138523 ], [ 4952034.866492218337953, 7450361.841791205108166 ], [ 4952035.782746101729572, 7450354.14771019294858 ], [ 4952034.115234360098839, 7450343.576984896324575 ], [ 4952035.410904119722545, 7450335.817667983472347 ], [ 4952035.434267186559737, 7450318.895393250510097 ], [ 4952038.592093371786177, 7450305.704285619780421 ], [ 4952044.566807595081627, 7450296.199028765782714 ], [ 4952046.103516538627446, 7450289.979883554391563 ], [ 4952050.201872885227203, 7450283.935049607418478 ], [ 4952053.834324393421412, 7450272.949348324909806 ], [ 4952058.933770623058081, 7450264.725969135761261 ], [ 4952062.821614830754697, 7450253.995803167112172 ], [ 4952087.168246265500784, 7450220.118143172934651 ], [ 4952101.050922641530633, 7450205.455098936334252 ], [ 4952119.394950744695961, 7450193.010176644660532 ], [ 4952133.695292095653713, 7450175.91197216976434 ], [ 4952147.127901780419052, 7450167.371834583580494 ], [ 4952165.395071330480278, 7450146.864131264388561 ], [ 4952179.342018145136535, 7450128.070307384245098 ], [ 4952191.646213124506176, 7450106.978743616491556 ], [ 4952203.956500720232725, 7450080.748465234413743 ], [ 4952211.777115588076413, 7450057.959221633151174 ], [ 4952215.238597548566759, 7450039.464197902940214 ], [ 4952215.019819889217615, 7450027.713098847307265 ], [ 4952210.889807349070907, 7450014.786679825745523 ], [ 4952210.792937520891428, 7450006.590991545468569 ], [ 4952207.679261269047856, 7449999.559623070061207 ], [ 4952207.169276622124016, 7449992.359353547915816 ], [ 4952203.291166472248733, 7449984.007642299868166 ], [ 4952200.080882514826953, 7449968.703060058876872 ], [ 4952193.465281783603132, 7449954.273609537631273 ], [ 4952183.656201438046992, 7449941.783145999535918 ], [ 4952180.356808234937489, 7449935.149872877635062 ], [ 4952172.98587716370821, 7449929.411752313375473 ], [ 4952164.861893596127629, 7449918.787222050130367 ], [ 4952144.903032536618412, 7449904.259809261187911 ], [ 4952126.72486678045243, 7449884.123109135776758 ], [ 4952112.671579932793975, 7449875.28481967933476 ], [ 4952092.645206509158015, 7449865.884770188480616 ], [ 4952056.306745135225356, 7449852.168741097673774 ], [ 4952011.012937167659402, 7449837.892376564443111 ], [ 4951982.225389157421887, 7449831.321449012495577 ], [ 4951951.479563583619893, 7449828.210617758333683 ], [ 4951912.681614971719682, 7449827.299950296059251 ], [ 4951863.463754337280989, 7449828.703607983887196 ], [ 4951833.52649332024157, 7449835.507116239517927 ], [ 4951779.914478493854403, 7449839.321778373792768 ], [ 4951775.834612256847322, 7449839.618755570612848 ], [ 4951746.947852334938943, 7449847.987023487687111 ], [ 4951732.991482554934919, 7449850.511477204971015 ], [ 4951673.368564415723085, 7449855.934416035190225 ], [ 4951633.159631088376045, 7449857.155925646424294 ], [ 4951608.548448155634105, 7449855.359931692481041 ], [ 4951587.039409539662302, 7449851.370016714558005 ], [ 4951557.127625966444612, 7449843.886503117159009 ], [ 4951489.064493853598833, 7449822.535680273547769 ], [ 4951435.927910028956831, 7449812.440637825056911 ], [ 4951401.186471709050238, 7449808.972415461204946 ], [ 4951367.521466720849276, 7449808.564262434840202 ], [ 4951352.665365099906921, 7449810.420954056084156 ], [ 4951333.748924270272255, 7449816.029905652627349 ], [ 4951317.554518035613, 7449822.888053614646196 ], [ 4951296.201153730973601, 7449834.11507336050272 ], [ 4951278.738307127729058, 7449846.539712216705084 ], [ 4951268.374785737134516, 7449859.851239768788218 ], [ 4951260.330839297734201, 7449875.263446252793074 ], [ 4951248.511858614161611, 7449888.614529720507562 ], [ 4951241.725930011831224, 7449901.649722211062908 ], [ 4951237.134205918759108, 7449914.370875265449286 ], [ 4951234.734423600137234, 7449927.47569920308888 ], [ 4951234.004103522747755, 7449947.208713376894593 ], [ 4951237.576308821327984, 7449986.436382619664073 ], [ 4951238.7233857056126, 7450030.805970968678594 ], [ 4951232.695439771749079, 7450138.51145376637578 ], [ 4951234.384715653955936, 7450195.79607299529016 ], [ 4951221.881222677417099, 7450312.406807985156775 ], [ 4951217.756468212231994, 7450351.675882754847407 ], [ 4951212.997471273876727, 7450381.119502101093531 ], [ 4951197.045751777477562, 7450451.791592551395297 ], [ 4951192.470445978455245, 7450481.457298084162176 ], [ 4951190.218076844699681, 7450524.81907039694488 ], [ 4951191.369373762980103, 7450552.122312833555043 ], [ 4951193.196914486587048, 7450563.734697476960719 ], [ 4951198.394244264811277, 7450579.156716173514724 ], [ 4951208.457181761041284, 7450598.559352530166507 ], [ 4951222.776254300959408, 7450620.268312753178179 ], [ 4951240.455697213299572, 7450642.397949105128646 ], [ 4951299.700098470784724, 7450707.23424213565886 ], [ 4951375.705520324409008, 7450771.105730650015175 ], [ 4951397.081780077889562, 7450791.165080647915602 ], [ 4951423.401644555851817, 7450822.824687075801194 ], [ 4951446.008361441083252, 7450858.592068035155535 ], [ 4951455.437551622278988, 7450877.62700124271214 ], [ 4951459.672493552789092, 7450892.846455012448132 ], [ 4951461.22561326995492, 7450913.328854287974536 ], [ 4951459.682953369803727, 7450933.967360576614738 ], [ 4951455.509510260075331, 7450950.422141483053565 ], [ 4951449.459525293670595, 7450963.991391630843282 ], [ 4951437.725706300698221, 7450979.325293514877558 ], [ 4951424.245380551554263, 7450992.759735340252519 ], [ 4951409.994231685064733, 7451003.677681201137602 ], [ 4951393.923867399804294, 7451012.994944277219474 ], [ 4951375.192381732165813, 7451021.162858827039599 ], [ 4951355.143823530524969, 7451027.753853613510728 ], [ 4951331.543470001779497, 7451032.88249837141484 ], [ 4951310.646051531657577, 7451035.738460568711162 ], [ 4951293.098107647150755, 7451036.069128710776567 ], [ 4951272.604929313063622, 7451034.374591574072838 ], [ 4951245.55498914513737, 7451028.660706393420696 ], [ 4951170.117010145448148, 7451007.495027549564838 ], [ 4951128.064788902178407, 7450991.53217007778585 ], [ 4951053.849195358343422, 7450960.214248538948596 ], [ 4951020.127329358831048, 7450948.176599685102701 ], [ 4950987.116194020956755, 7450938.212191352620721 ], [ 4950947.566392531618476, 7450928.148810472339392 ], [ 4950902.313947953283787, 7450919.340271976776421 ], [ 4950859.820737509056926, 7450913.010323692113161 ], [ 4950831.550558939576149, 7450910.713814835064113 ], [ 4950810.599850439466536, 7450911.088138964958489 ], [ 4950777.625441425479949, 7450914.989095143973827 ], [ 4950714.236013296060264, 7450926.786144124343991 ], [ 4950652.663799029774964, 7450946.96149049885571 ], [ 4950604.20016369689256, 7450967.168672377243638 ], [ 4950571.784238493070006, 7450985.047479933127761 ], [ 4950504.062652655877173, 7451032.988768044859171 ], [ 4950455.22095447499305, 7451071.3237619176507 ], [ 4950397.051790591329336, 7451122.142352527938783 ], [ 4950362.091896313242614, 7451149.780326338484883 ], [ 4950220.795960328541696, 7451241.687618082389235 ], [ 4950177.913524008356035, 7451272.134052095934749 ], [ 4950120.205892932601273, 7451313.096507780253887 ], [ 4950099.936991833150387, 7451330.184072852134705 ], [ 4950090.852083985693753, 7451340.575299052521586 ], [ 4950083.606889313086867, 7451346.365500081330538 ], [ 4950075.693050719797611, 7451355.963223043829203 ], [ 4950029.019969599321485, 7451401.104036734439433 ], [ 4949995.37498502805829, 7451436.686224989593029 ], [ 4949964.313093704171479, 7451472.16620346903801 ], [ 4949930.83208248578012, 7451513.806742896325886 ], [ 4949918.163187613710761, 7451532.325928164646029 ], [ 4949900.114792857319117, 7451565.711750458925962 ], [ 4949884.473026121035218, 7451602.760289443656802 ], [ 4949869.575165421701968, 7451650.288108333945274 ], [ 4949855.878464257344604, 7451703.346276510506868 ], [ 4949837.827542368322611, 7451798.729040439240634 ], [ 4949828.555828754790127, 7451840.339495606720448 ], [ 4949810.967783228494227, 7451892.221751935780048 ], [ 4949794.21929785516113, 7451932.090581934899092 ], [ 4949782.469256486743689, 7451954.610749593935907 ], [ 4949764.184413829818368, 7451978.781343081966043 ], [ 4949741.061044684611261, 7452003.090763935819268 ], [ 4949711.309370649047196, 7452029.404644506052136 ], [ 4949697.082999061793089, 7452038.382983224466443 ], [ 4949681.429008529521525, 7452045.152628038078547 ], [ 4949663.204834725707769, 7452051.14947397634387 ], [ 4949641.10840193554759, 7452056.468817418441176 ], [ 4949593.699439628981054, 7452063.3200843334198 ], [ 4949543.623784543946385, 7452064.558363799937069 ], [ 4949499.670345350168645, 7452061.874425012618303 ], [ 4949467.629095600917935, 7452055.664357395842671 ], [ 4949428.730319197289646, 7452043.450698735192418 ], [ 4949371.296265455894172, 7452020.055280009284616 ], [ 4949332.747659136541188, 7452010.434066081419587 ], [ 4949299.57517300080508, 7452008.417188484221697 ], [ 4949266.742957752197981, 7452008.8378562964499 ], [ 4949228.891573859378695, 7452011.301401346921921 ], [ 4949202.492033132351935, 7452016.029654497280717 ], [ 4949169.671360153704882, 7452025.143914680927992 ], [ 4949134.51773049775511, 7452039.100987949408591 ], [ 4949102.740391056984663, 7452054.874630140140653 ], [ 4949073.187703555449843, 7452073.53521732147783 ], [ 4949053.642742020078003, 7452088.076641388237476 ], [ 4949026.749488664790988, 7452111.364381498657167 ], [ 4948962.181672513484955, 7452175.423502566292882 ], [ 4948914.727888325229287, 7452216.327688079327345 ], [ 4948907.382487905211747, 7452224.199067963287234 ], [ 4948891.667610664851964, 7452233.636734613217413 ], [ 4948814.595208852551877, 7452309.203744683414698 ], [ 4948716.252771099098027, 7452411.764696352183819 ], [ 4948710.702427609823644, 7452422.211482109501958 ], [ 4948704.808151711709797, 7452428.315744721330702 ], [ 4948683.609599479474127, 7452443.58199093490839 ], [ 4948666.849753846414387, 7452449.748772090300918 ], [ 4948628.259958317503333, 7452460.957446236163378 ], [ 4948608.169715471565723, 7452469.826109012588859 ], [ 4948581.443672141060233, 7452485.793159419670701 ], [ 4948557.731867388822138, 7452504.55028160661459 ], [ 4948542.931148299016058, 7452519.273433901369572 ], [ 4948531.451976782642305, 7452533.863984880037606 ], [ 4948506.917135560885072, 7452574.380315659567714 ], [ 4948500.37101399526, 7452588.190370025113225 ], [ 4948497.026191776618361, 7452607.050465490669012 ], [ 4948494.357363804243505, 7452655.947908166795969 ], [ 4948495.156892037950456, 7452673.880853863433003 ], [ 4948498.635451931506395, 7452690.748726178891957 ], [ 4948504.145569100044668, 7452707.047671500593424 ], [ 4948512.439968070946634, 7452724.474722342565656 ], [ 4948520.793536344543099, 7452736.608186801895499 ], [ 4948580.726040442474186, 7452788.156583126634359 ], [ 4948614.77290403097868, 7452804.730368015356362 ], [ 4948643.751629098318517, 7452810.610578153282404 ], [ 4948680.6637317026034, 7452816.661819229833782 ], [ 4948741.095157264731824, 7452836.41534317471087 ], [ 4948777.626475283876061, 7452860.971128047443926 ], [ 4948806.124432948417962, 7452890.660319406539202 ], [ 4948810.81194534432143, 7452919.858540760353208 ], [ 4948802.177061654627323, 7452954.061480179429054 ], [ 4948774.589468739926815, 7453009.053729444742203 ], [ 4948728.229754875414073, 7453076.884058841504157 ], [ 4948594.456904587335885, 7453253.768426608294249 ], [ 4948537.419994572177529, 7453367.777001639828086 ], [ 4948499.822255784645677, 7453438.737622711807489 ], [ 4948480.971162104047835, 7453489.406880423426628 ], [ 4948471.338625865057111, 7453518.290280591696501 ], [ 4948418.461882908828557, 7453605.400791775435209 ], [ 4948383.632991482503712, 7453627.995680690743029 ], [ 4948338.765788193792105, 7453639.34822091460228 ], [ 4948290.521458836272359, 7453631.141886776313186 ], [ 4948242.434878476895392, 7453612.868896657600999 ], [ 4948124.287162331864238, 7453557.518990764394403 ], [ 4948065.893265090882778, 7453531.922567661851645 ], [ 4948012.865215712226927, 7453519.877963244915009 ], [ 4947958.926142177544534, 7453522.271632324904203 ], [ 4947929.543409716337919, 7453532.070734241977334 ], [ 4947809.079618947580457, 7453598.013253868557513 ], [ 4947702.510589919053018, 7453632.927137486636639 ], [ 4947649.343483684584498, 7453654.880603734403849 ], [ 4947610.90631412807852, 7453685.88912639953196 ], [ 4947591.969432095997036, 7453730.820250300690532 ], [ 4947603.028140330687165, 7453813.78740619122982 ], [ 4947623.783502074889839, 7453888.282856900244951 ], [ 4947641.029331537894905, 7453972.689112968742847 ], [ 4947634.541456231847405, 7454087.04765672236681 ], [ 4947617.631676508113742, 7454191.446783238090575 ], [ 4947585.427695067599416, 7454324.84189379774034 ], [ 4947560.220120114274323, 7454392.089077616110444 ], [ 4947536.135304497554898, 7454451.875685760751367 ], [ 4947502.218129503540695, 7454488.403937086462975 ], [ 4947462.46709247212857, 7454507.468820679932833 ], [ 4947403.622350782155991, 7454524.99383114092052 ], [ 4947357.788353826850653, 7454524.556475512683392 ], [ 4947256.808791682124138, 7454512.850678380578756 ], [ 4947184.85389082878828, 7454518.113248182460666 ], [ 4947119.370122388005257, 7454522.711605256423354 ], [ 4947045.944386440329254, 7454538.046462484635413 ], [ 4946982.452496036887169, 7454562.087631747126579 ], [ 4946937.664469478651881, 7454602.186692900024354 ], [ 4946882.694652092643082, 7454657.211784055456519 ], [ 4946860.805433355271816, 7454683.747304698452353 ], [ 4946826.156606318429112, 7454732.320936856791377 ], [ 4946800.941455754451454, 7454771.602849914692342 ], [ 4946786.236208286136389, 7454798.794959492981434 ], [ 4946781.829789035022259, 7454806.941533022560179 ], [ 4946769.922320218756795, 7454834.398255122825503 ], [ 4946753.105173964984715, 7454884.707170350477099 ], [ 4946728.334294731728733, 7454934.46736041456461 ], [ 4946700.476203450933099, 7454978.778805617243052 ], [ 4946644.910322583280504, 7455056.692686060443521 ], [ 4946619.321378911845386, 7455085.474005803465843 ], [ 4946552.884130922146142, 7455147.002446847036481 ], [ 4946515.05004636477679, 7455194.113251575268805 ], [ 4946466.041999320499599, 7455243.764619372785091 ], [ 4946428.707546976394951, 7455279.990400868467987 ], [ 4946401.62012546043843, 7455303.261813427321613 ], [ 4946390.742954206652939, 7455317.498529588803649 ], [ 4946388.483142625540495, 7455324.456560866907239 ], [ 4946388.126716588623822, 7455332.407042752951384 ], [ 4946389.352386401966214, 7455342.323417631909251 ], [ 4946392.048739971593022, 7455350.949277512729168 ], [ 4946397.471980137750506, 7455359.640234154649079 ], [ 4946409.291278028860688, 7455371.598925398662686 ], [ 4946412.429373141378164, 7455377.103244032710791 ], [ 4946417.826467391103506, 7455381.629950639791787 ], [ 4946421.791286157444119, 7455388.178250847384334 ], [ 4946431.302236977033317, 7455394.834911981597543 ], [ 4946435.870604177005589, 7455401.761904070153832 ], [ 4946441.249774573370814, 7455405.568671816959977 ], [ 4946445.217647830024362, 7455411.264211721718311 ], [ 4946450.65806124266237, 7455415.148718127980828 ], [ 4946455.425062049180269, 7455421.002149606123567 ], [ 4946466.10231863334775, 7455428.360657819546759 ], [ 4946483.78116050735116, 7455444.581822909414768 ], [ 4946550.053785325028002, 7455490.357410999014974 ], [ 4946570.655617717653513, 7455509.213602092117071 ], [ 4946580.801173630170524, 7455516.204665426164865 ], [ 4946593.026429141871631, 7455529.405030403286219 ], [ 4946602.99449485167861, 7455537.303585946559906 ], [ 4946608.299303867854178, 7455544.753655521199107 ], [ 4946613.684771743603051, 7455549.701091499999166 ], [ 4946617.067069987766445, 7455555.759973715990782 ], [ 4946621.930698690935969, 7455560.417607349343598 ], [ 4946624.708351524546742, 7455566.407891811802983 ], [ 4946629.457873896695673, 7455571.441662891767919 ], [ 4946632.160935217514634, 7455578.229070745408535 ], [ 4946638.991170863620937, 7455586.304735025390983 ], [ 4946643.388936005532742, 7455595.124854031950235 ], [ 4946646.560506806708872, 7455605.679372870363295 ], [ 4946648.225562012754381, 7455624.734034998342395 ], [ 4946645.966943670064211, 7455645.823621951043606 ], [ 4946643.52481865696609, 7455655.062460791319609 ], [ 4946639.949930585920811, 7455668.594323372468352 ], [ 4946631.444670038297772, 7455690.481276848353446 ], [ 4946621.720338975079358, 7455709.196488980203867 ], [ 4946606.129601649940014, 7455734.225681634619832 ], [ 4946567.529179142788053, 7455786.0185601208359 ], [ 4946546.844040567055345, 7455816.445193693041801 ], [ 4946534.268649353645742, 7455841.108488000929356 ], [ 4946524.474855891428888, 7455867.764063689857721 ], [ 4946517.350337959825993, 7455899.169165277853608 ], [ 4946516.438524723984301, 7455927.805497832596302 ], [ 4946521.674955420196056, 7455957.393983828835189 ], [ 4946527.01496903412044, 7455972.2754284478724 ], [ 4946532.879476457834244, 7455983.825204480439425 ], [ 4946540.777633365243673, 7455994.363321118988097 ], [ 4946554.362366057001054, 7456008.831068215891719 ], [ 4946581.731776534579694, 7456030.568579120561481 ], [ 4946593.570247708819807, 7456037.321988116949797 ], [ 4946605.247017578221858, 7456040.530860686674714 ], [ 4946610.740304267965257, 7456044.03894286416471 ], [ 4946616.2224449403584, 7456044.911168660968542 ], [ 4946620.395934613421559, 7456047.628247490152717 ], [ 4946625.797195819206536, 7456048.179011954925954 ], [ 4946633.112790285609663, 7456052.446643427014351 ], [ 4946664.103938515298069, 7456056.189143707975745 ], [ 4946743.468843374401331, 7456059.626751851290464 ], [ 4946792.626956732943654, 7456057.862663604319096 ], [ 4946855.507812849245965, 7456051.916325547732413 ], [ 4946892.335821073502302, 7456051.913532624021173 ], [ 4946927.332146178930998, 7456056.71066854801029 ], [ 4946943.273014446720481, 7456060.244420614093542 ], [ 4946960.504846341907978, 7456066.93903992138803 ], [ 4946979.063354944810271, 7456078.300826520659029 ], [ 4947001.077684571966529, 7456095.311864995397627 ], [ 4947010.047114040702581, 7456104.546668624505401 ], [ 4947016.127674011513591, 7456113.095723181031644 ], [ 4947021.879990520887077, 7456124.600602027028799 ], [ 4947025.979639728553593, 7456136.664473843760788 ], [ 4947028.580526014789939, 7456149.254657631739974 ], [ 4947029.680305480025709, 7456163.035636558197439 ], [ 4947027.631988750770688, 7456194.414527155458927 ], [ 4947019.556555609218776, 7456225.340266389772296 ], [ 4947006.311078059487045, 7456254.077115234918892 ], [ 4946985.831813876517117, 7456284.350008212961257 ], [ 4946969.860621281899512, 7456303.885098247788846 ], [ 4946948.504476833157241, 7456326.922977878712118 ], [ 4946935.923988132737577, 7456338.573630191385746 ], [ 4946899.776880346238613, 7456372.036051047965884 ], [ 4946841.037538764066994, 7456421.322029065340757 ], [ 4946776.455363708548248, 7456470.099816369824111 ], [ 4946702.228855798952281, 7456520.570837820880115 ], [ 4946622.779665084555745, 7456563.314876813441515 ], [ 4946580.055756457149982, 7456589.045116981491446 ], [ 4946482.196066826581955, 7456656.342415986582637 ], [ 4946460.920299450866878, 7456667.97281717415899 ], [ 4946440.188069867901504, 7456676.681364672258496 ], [ 4946409.222248712554574, 7456685.630299611017108 ], [ 4946365.068306013010442, 7456695.263093609362841 ], [ 4946325.894784375093877, 7456705.62232150696218 ], [ 4946301.413568988442421, 7456710.385731562972069 ], [ 4946237.659056785516441, 7456716.094123989343643 ], [ 4946180.263890826143324, 7456718.269974384456873 ], [ 4946141.951389991678298, 7456717.191486485302448 ], [ 4946097.520393222570419, 7456712.502725183963776 ], [ 4945945.960889921523631, 7456688.601998635567725 ], [ 4945857.155020713806152, 7456677.96084766369313 ], [ 4945746.979845284484327, 7456673.488331461325288 ], [ 4945710.916887760162354, 7456674.15560869500041 ], [ 4945678.124434043653309, 7456677.736224059015512 ], [ 4945641.705189699307084, 7456686.198750944808125 ], [ 4945604.705084049142897, 7456699.33268148638308 ], [ 4945567.915654672309756, 7456716.564983481541276 ], [ 4945534.559120084159076, 7456737.143160678446293 ], [ 4945499.008165873587132, 7456763.41686921659857 ], [ 4945471.671153007075191, 7456789.36587686277926 ], [ 4945464.367938659153879, 7456798.642286412417889 ], [ 4945456.298097845166922, 7456815.745840512216091 ], [ 4945438.521313583478332, 7456840.511215876787901 ], [ 4945429.724940067157149, 7456860.026440972462296 ], [ 4945426.991379702463746, 7456881.512831882573664 ], [ 4945429.028963545337319, 7456896.426987369544804 ], [ 4945440.685342429205775, 7456942.130919169634581 ], [ 4945448.278656177222729, 7456965.980480831116438 ], [ 4945462.084278734400868, 7456995.844058577902615 ], [ 4945473.429620642215014, 7457028.400970242917538 ], [ 4945484.073832648806274, 7457047.898071965202689 ], [ 4945489.755712119862437, 7457064.475573418661952 ], [ 4945501.859446479938924, 7457088.673688467592001 ], [ 4945507.424403427168727, 7457106.402543304488063 ], [ 4945515.050158030353487, 7457121.347994552925229 ], [ 4945520.814797900617123, 7457140.572671938687563 ], [ 4945537.488554853014648, 7457174.145554458722472 ], [ 4945552.159954686649144, 7457211.376946561038494 ], [ 4945559.845067637972534, 7457238.283429331146181 ], [ 4945566.487229065969586, 7457272.89423231035471 ], [ 4945572.965123023837805, 7457313.241210381500423 ], [ 4945577.508099223487079, 7457352.761645508930087 ], [ 4945579.098033915273845, 7457395.11763393227011 ], [ 4945574.707879167981446, 7457474.929290546104312 ], [ 4945573.373045775108039, 7457554.818439825437963 ], [ 4945568.467966563999653, 7457587.039588300511241 ], [ 4945569.050258956849575, 7457601.815544922836125 ], [ 4945566.622406650334597, 7457612.516143169254065 ], [ 4945567.012162719853222, 7457623.824974961578846 ], [ 4945564.420486451126635, 7457634.458531019277871 ], [ 4945564.611615077592432, 7457646.818754842504859 ], [ 4945561.938464471139014, 7457657.296967718750238 ], [ 4945561.537520117126405, 7457666.088947931304574 ], [ 4945558.664534814655781, 7457677.950793407857418 ], [ 4945557.993021261878312, 7457690.673366080969572 ], [ 4945545.2241869000718, 7457762.270366012118757 ], [ 4945538.686438082717359, 7457809.259440083056688 ], [ 4945534.371467377059162, 7457854.052659451961517 ], [ 4945532.573693591170013, 7457897.470630049705505 ], [ 4945533.50518942065537, 7457957.422146731987596 ], [ 4945539.1201789714396, 7458037.945519718341529 ], [ 4945546.936466391198337, 7458110.912727076560259 ], [ 4945558.404784068465233, 7458180.648202825337648 ], [ 4945557.888432860374451, 7458212.840903649106622 ], [ 4945561.783330301754177, 7458250.177209427580237 ], [ 4945562.223677560687065, 7458298.542636424303055 ], [ 4945560.379619303159416, 7458334.927896141074598 ], [ 4945556.723398516885936, 7458370.520286709070206 ], [ 4945553.364255306310952, 7458392.015477951616049 ], [ 4945550.939203385263681, 7458407.577932354062796 ], [ 4945543.404263598844409, 7458443.865077780559659 ], [ 4945531.787229380570352, 7458483.205180251970887 ], [ 4945485.388272388838232, 7458615.636285737156868 ], [ 4945461.355268808081746, 7458674.079765954986215 ], [ 4945442.751794344745576, 7458708.499410260468721 ], [ 4945430.152478221803904, 7458727.314198633655906 ], [ 4945416.017246048897505, 7458745.492142733186483 ], [ 4945401.74805573374033, 7458761.011626977473497 ], [ 4945386.922310032881796, 7458774.469159347936511 ], [ 4945373.147593761794269, 7458783.699902569875121 ], [ 4945357.489519675262272, 7458789.136203514412045 ], [ 4945335.157265455462039, 7458791.303329826332629 ], [ 4945318.40620254073292, 7458789.913521043024957 ], [ 4945305.777423900552094, 7458785.725659777410328 ], [ 4945296.505345356650651, 7458777.773463582620025 ], [ 4945287.59933244343847, 7458773.499438650906086 ], [ 4945286.831572248600423, 7458773.131178914569318 ], [ 4945263.369767321273685, 7458747.518392578698695 ], [ 4945256.947449299506843, 7458737.040392194874585 ], [ 4945252.035528771579266, 7458725.748342886567116 ], [ 4945245.359701399691403, 7458697.571817571297288 ], [ 4945242.73059418797493, 7458667.638031746260822 ], [ 4945243.30610375571996, 7458644.73735033441335 ], [ 4945241.925271797925234, 7458635.307636810466647 ], [ 4945243.100511886179447, 7458627.958215598016977 ], [ 4945241.448049467988312, 7458617.087784240022302 ], [ 4945241.812977971509099, 7458598.516599399968982 ], [ 4945240.556556679308414, 7458591.534878056496382 ], [ 4945237.124958937056363, 7458584.888564459979534 ], [ 4945237.125738677568734, 7458576.216964679770172 ], [ 4945233.933684230782092, 7458571.37672103382647 ], [ 4945232.119765440933406, 7458562.609920656308532 ], [ 4945227.161749163642526, 7458552.735271537676454 ], [ 4945209.53952306881547, 7458534.386577918194234 ], [ 4945194.091260317713022, 7458524.495883735828102 ], [ 4945184.565490174107254, 7458521.504218144342303 ], [ 4945175.368840753100812, 7458521.060959493741393 ], [ 4945169.827809221111238, 7458516.422568606212735 ], [ 4945164.440362235531211, 7458514.664194925688207 ], [ 4945156.697492903098464, 7458514.86856116168201 ], [ 4945133.43558013625443, 7458518.992240931838751 ], [ 4945121.182293473742902, 7458515.957369424402714 ], [ 4945113.301392366178334, 7458517.456967258825898 ], [ 4945107.595178772695363, 7458515.941057526506484 ], [ 4945100.975478823296726, 7458517.467397285625339 ], [ 4945095.289855903945863, 7458515.92940824944526 ], [ 4945088.988160287030041, 7458517.423678023740649 ], [ 4945083.3123485352844, 7458516.007543543353677 ], [ 4945077.195472145453095, 7458517.436033524572849 ], [ 4945070.585466397926211, 7458516.304431999102235 ], [ 4945062.126720267347991, 7458518.787556188181043 ], [ 4945054.869115495122969, 7458518.085503505542874 ], [ 4945047.847913449630141, 7458520.042273718863726 ], [ 4945041.029991877265275, 7458519.685139602050185 ], [ 4945034.111694577150047, 7458521.542605511844158 ], [ 4945026.533414845354855, 7458521.603532858192921 ], [ 4945008.797210407443345, 7458526.112668124958873 ], [ 4944987.855189467780292, 7458529.569032534956932 ], [ 4944890.46205641143024, 7458539.700704694725573 ], [ 4944853.557034739293158, 7458545.058688249439001 ], [ 4944802.273917701095343, 7458556.355366105213761 ], [ 4944780.756889407522976, 7458562.788471426814795 ], [ 4944763.770202415063977, 7458569.802986551076174 ], [ 4944743.366904115304351, 7458582.907186641357839 ], [ 4944722.779697575606406, 7458601.404137694276869 ], [ 4944699.36862126737833, 7458626.524525701999664 ], [ 4944657.951493382453918, 7458687.627346063964069 ], [ 4944629.692365472204983, 7458753.861809943802655 ], [ 4944602.97469693608582, 7458799.635566845536232 ], [ 4944576.403968856669962, 7458827.73435472138226 ], [ 4944527.552365280687809, 7458843.967381509020925 ], [ 4944509.220408769324422, 7458845.815779750235379 ], [ 4944493.460783991962671, 7458845.314695224165916 ], [ 4944477.51261274702847, 7458843.107371406629682 ], [ 4944452.203589634038508, 7458837.664865616708994 ], [ 4944432.495817087590694, 7458831.633872929960489 ], [ 4944407.035032967105508, 7458820.088484895415604 ], [ 4944371.162496015429497, 7458795.558080706745386 ], [ 4944334.243056940846145, 7458765.763159670867026 ], [ 4944301.19490924756974, 7458734.575958865694702 ], [ 4944280.650351583957672, 7458710.866191420704126 ], [ 4944260.708694947883487, 7458684.97687847353518 ], [ 4944234.770688339136541, 7458647.337049834430218 ], [ 4944189.754830693826079, 7458586.025929130613804 ], [ 4944147.605337372049689, 7458520.605445859953761 ], [ 4944121.574546251446009, 7458488.779361086897552 ], [ 4944115.04927780572325, 7458478.654862224124372 ], [ 4944108.159295259043574, 7458472.859278396703303 ], [ 4944103.852908594533801, 7458467.20618284586817 ], [ 4944098.022268079221249, 7458463.330479149706662 ], [ 4944093.642915260978043, 7458457.998280606232584 ], [ 4944086.603796391747892, 7458453.708314238116145 ], [ 4944075.755043818615377, 7458442.548850298859179 ], [ 4944062.837708322331309, 7458433.397317362949252 ], [ 4944016.168478516861796, 7458406.190079094842076 ], [ 4943961.675761828199029, 7458378.864970346912742 ], [ 4943857.175864896737039, 7458336.944826695136726 ], [ 4943726.29918291606009, 7458271.202976517379284 ], [ 4943675.020343610085547, 7458248.484889267012477 ], [ 4943629.055271849036217, 7458230.736993787810206 ], [ 4943595.72290863096714, 7458221.37568049505353 ], [ 4943563.639884166419506, 7458217.944036391563714 ], [ 4943543.722206637263298, 7458218.976833103224635 ], [ 4943517.304216453805566, 7458225.23470576480031 ], [ 4943492.180028472095728, 7458228.285674605518579 ], [ 4943467.391449386253953, 7458229.344383852556348 ], [ 4943443.372491783462465, 7458227.526475220918655 ], [ 4943419.25006909109652, 7458223.227365911006927 ], [ 4943394.194483383558691, 7458216.211362460628152 ], [ 4943370.970613307319582, 7458207.485601285472512 ], [ 4943341.602053194306791, 7458193.952326223254204 ], [ 4943299.353954936377704, 7458172.319040950387716 ], [ 4943274.08108433149755, 7458157.69356975518167 ], [ 4943238.959412138909101, 7458133.462217072956264 ], [ 4943202.979088344611228, 7458105.82754884660244 ], [ 4943145.82264019548893, 7458056.837957074865699 ], [ 4943055.282940225675702, 7457966.17995554022491 ], [ 4943013.52111859805882, 7457930.139241972006857 ], [ 4942980.707914482802153, 7457905.816323385573924 ], [ 4942939.07603239454329, 7457878.868372412398458 ], [ 4942897.150259620510042, 7457856.44881871715188 ], [ 4942862.191089841537178, 7457843.77935388032347 ], [ 4942843.114185506477952, 7457839.542754406109452 ], [ 4942826.643909168429673, 7457837.453488113358617 ], [ 4942808.49522818531841, 7457837.207333383150399 ], [ 4942790.18297281768173, 7457839.52991110086441 ], [ 4942778.414306280203164, 7457844.147701550275087 ], [ 4942766.75330700352788, 7457852.808229967951775 ], [ 4942751.963772771880031, 7457869.829471990466118 ], [ 4942742.934652088209987, 7457884.768385507166386 ], [ 4942738.498130140826106, 7457900.023790078237653 ], [ 4942738.57300497032702, 7457918.076157411560416 ], [ 4942742.298383363522589, 7457938.811462773010135 ], [ 4942748.655357268638909, 7457957.829093188047409 ], [ 4942760.202621017582715, 7457981.794788890518248 ], [ 4942766.259157491847873, 7457990.843861283734441 ], [ 4942777.040536473505199, 7458003.200139220803976 ], [ 4942787.417512368410826, 7458024.835633529350162 ], [ 4942802.221765579655766, 7458063.332858647219837 ], [ 4942813.766402550041676, 7458101.529734355397522 ], [ 4942819.285450448282063, 7458127.920022597536445 ], [ 4942822.63993879314512, 7458154.556807790882885 ], [ 4942821.076130399480462, 7458169.413373051211238 ], [ 4942821.616368193179369, 7458178.363938271999359 ], [ 4942819.030238875187933, 7458187.00360500626266 ], [ 4942819.480082495138049, 7458195.455456594005227 ], [ 4942816.374488634988666, 7458211.269679477438331 ], [ 4942816.908832714892924, 7458232.568726374767721 ], [ 4942820.169133501127362, 7458257.012322173453867 ], [ 4942829.088816465809941, 7458284.42333278618753 ], [ 4942844.41374144051224, 7458315.524446840398014 ], [ 4942864.087531622499228, 7458343.673979382961988 ], [ 4942877.909041504375637, 7458357.547895406372845 ], [ 4942912.756883624009788, 7458386.375125674530864 ], [ 4942931.468183593824506, 7458406.092923112213612 ], [ 4942941.004087376408279, 7458422.508828835561872 ], [ 4942948.133136871270835, 7458443.567058641463518 ], [ 4942951.88871038146317, 7458464.568200908601284 ], [ 4942952.257698990404606, 7458480.849681837484241 ], [ 4942948.938112304545939, 7458504.448758712038398 ], [ 4942942.924158710986376, 7458521.957510713487864 ], [ 4942935.589750005863607, 7458533.425442488864064 ], [ 4942922.735422553494573, 7458545.680910471826792 ], [ 4942908.723374414257705, 7458554.952833184972405 ], [ 4942892.761924984864891, 7458561.791948560625315 ], [ 4942858.468880981206894, 7458570.410985291004181 ], [ 4942817.127735835500062, 7458574.473546613007784 ], [ 4942769.70352680888027, 7458573.695295250043273 ], [ 4942752.32926919683814, 7458571.812955622561276 ], [ 4942713.101376947946846, 7458567.566026056185365 ], [ 4942657.731901408173144, 7458558.196295218542218 ], [ 4942631.366753267124295, 7458550.332350207492709 ], [ 4942606.058601522818208, 7458536.890642604790628 ], [ 4942576.118903025984764, 7458514.482712043449283 ], [ 4942552.578749845735729, 7458491.899793324992061 ], [ 4942536.576027777977288, 7458471.914984106086195 ], [ 4942519.99545091483742, 7458444.828942652791739 ], [ 4942509.13474411983043, 7458418.307395989075303 ], [ 4942500.963718698360026, 7458388.318596374243498 ], [ 4942490.677002768032253, 7458335.042276009917259 ], [ 4942486.998359728604555, 7458310.187228525057435 ], [ 4942483.293215167708695, 7458270.801812680438161 ], [ 4942477.676827256567776, 7458237.82145594805479 ], [ 4942466.277492308057845, 7458185.947365270927548 ], [ 4942458.278073658235371, 7458164.774804899469018 ], [ 4942450.958229091018438, 7458153.60547171253711 ], [ 4942438.349402754567564, 7458139.182038553059101 ], [ 4942427.631040834821761, 7458129.162560416385531 ], [ 4942417.271035963669419, 7458121.968544753268361 ], [ 4942410.193272952921689, 7458114.543432462960482 ], [ 4942397.209858723916113, 7458106.918518412858248 ], [ 4942386.982673570513725, 7458102.538014193996787 ], [ 4942373.121108582243323, 7458099.306453304365277 ], [ 4942359.253187930211425, 7458097.736090432852507 ], [ 4942337.440448023378849, 7458098.272736397571862 ], [ 4942316.454235638491809, 7458102.544760567136109 ], [ 4942294.632826515473425, 7458110.689769798889756 ], [ 4942274.141976844519377, 7458122.151246918365359 ], [ 4942256.032435550354421, 7458135.670689580962062 ], [ 4942240.911487736739218, 7458150.652391875162721 ], [ 4942223.363548254594207, 7458172.790226319804788 ], [ 4942207.839580031111836, 7458196.574897803366184 ], [ 4942196.116652856580913, 7458218.535717040300369 ], [ 4942186.350022659637034, 7458241.079936272464693 ], [ 4942179.180347395129502, 7458262.93640614580363 ], [ 4942173.924567192792892, 7458285.741591739468277 ], [ 4942168.76744556427002, 7458328.238331112079322 ], [ 4942167.059680272825062, 7458380.39455921202898 ], [ 4942163.148089800029993, 7458437.658921710215509 ], [ 4942158.597819444723427, 7458468.983408864587545 ], [ 4942150.396779888309538, 7458500.349240006878972 ], [ 4942147.789963933639228, 7458506.253219403326511 ], [ 4942142.678918273188174, 7458512.712394166737795 ], [ 4942138.324429403990507, 7458522.430495882406831 ], [ 4942134.371310960501432, 7458526.435490461997688 ], [ 4942130.407936098985374, 7458530.440444611944258 ], [ 4942115.471029175445437, 7458540.095707546919584 ], [ 4942095.479823669418693, 7458546.774517958052456 ], [ 4942128.12622041720897, 7458691.859410245902836 ], [ 4942150.017625079490244, 7458804.519875297322869 ], [ 4942141.733364266343415, 7458881.513947423547506 ], [ 4942091.203182029537857, 7458976.165103502571583 ], [ 4941280.894929567351937, 7459966.346232111565769 ], [ 4940992.695990346372128, 7460338.023411879315972 ], [ 4940703.600352630950511, 7460816.741735471412539 ], [ 4940509.180391070432961, 7461182.034136556088924 ], [ 4940458.264983747154474, 7461286.668065458536148 ], [ 4940194.931171013973653, 7462217.777395220473409 ], [ 4939867.767459742724895, 7463330.72092149220407 ], [ 4939631.385035652667284, 7464164.590401824563742 ], [ 4939298.710861477069557, 7465304.023602595552802 ], [ 4938882.288027843460441, 7466788.591004 ], [ 4938434.432752650231123, 7468315.258111901581287 ], [ 4938236.711917876265943, 7468995.709856415167451 ], [ 4938211.286846852861345, 7469117.994089383631945 ], [ 4938455.061905350536108, 7469032.792555781081319 ], [ 4938488.90178051777184, 7469147.08964033331722 ], [ 4938619.837813284248114, 7469618.379392487928271 ], [ 4938533.484673364087939, 7469668.39709947258234 ], [ 4938471.181762116029859, 7469709.209301885217428 ], [ 4938446.392600486986339, 7469738.467835925519466 ] ] ], [ [ [ 4927236.915372726507485, 7485923.327519826591015 ], [ 4928024.411069830879569, 7480255.475676169618964 ], [ 4926669.786162527278066, 7480065.865134246647358 ], [ 4926621.738490195944905, 7480080.362919537350535 ], [ 4926582.172814830206335, 7480075.786158674396574 ], [ 4926407.931478674523532, 7479966.287014003843069 ], [ 4926390.172808196395636, 7479937.295358933508396 ], [ 4926359.283170346170664, 7479928.850562291219831 ], [ 4926331.322836223989725, 7479936.821922637522221 ], [ 4926279.964678327552974, 7479922.485521693713963 ], [ 4926211.327329789288342, 7479890.489083202555776 ], [ 4926173.169017892330885, 7479894.390420438721776 ], [ 4926105.108296737074852, 7479864.256886063143611 ], [ 4926076.924428720027208, 7479863.289191696792841 ], [ 4926053.312234304845333, 7479823.93569175619632 ], [ 4926008.477088141255081, 7479906.303520515561104 ], [ 4925067.979103481397033, 7481496.68123340792954 ], [ 4924746.323326574638486, 7482037.246353850699961 ], [ 4924795.311073452234268, 7482081.423045597970486 ], [ 4924829.908470363356173, 7482096.811063269153237 ], [ 4924838.966358242556453, 7482130.224709521979094 ], [ 4924884.787170510739088, 7482169.003006955608726 ], [ 4924902.942523977719247, 7482167.5532232131809 ], [ 4924945.490742420777678, 7482207.710617370903492 ], [ 4924961.404512203298509, 7482208.874470264650881 ], [ 4924967.93399247340858, 7482232.319156795740128 ], [ 4924999.842782981693745, 7482220.260816734284163 ], [ 4925011.575113948434591, 7482242.523960508406162 ], [ 4925075.15922274440527, 7482292.907165171578526 ], [ 4925080.670527867041528, 7482306.246413286775351 ], [ 4925106.286816765554249, 7482316.450758595019579 ], [ 4925117.509038403630257, 7482329.718430413864553 ], [ 4925176.002811527810991, 7482320.969066474586725 ], [ 4925176.605031887069345, 7482334.261981019750237 ], [ 4925202.844488007947803, 7482340.991687322966754 ], [ 4925241.671145534142852, 7482377.951392935588956 ], [ 4925256.866803311742842, 7482401.981189132668078 ], [ 4925273.492739732377231, 7482400.390542309731245 ], [ 4925280.801179741509259, 7482424.281895188614726 ], [ 4925339.525386086665094, 7482471.184676181524992 ], [ 4925387.031660086475313, 7482453.675652297213674 ], [ 4925398.52000249736011, 7482463.012800042517483 ], [ 4925448.54724324028939, 7482561.924766542389989 ], [ 4925528.850613079965115, 7482636.331915966235101 ], [ 4925591.519227873533964, 7482643.582508339546621 ], [ 4925533.382645375095308, 7482524.585713953711092 ], [ 4925616.014770310372114, 7482471.442552736029029 ], [ 4925634.639669204130769, 7482390.797227490693331 ], [ 4925688.355301926843822, 7482367.769082557410002 ], [ 4925740.606849634088576, 7482436.345561765134335 ], [ 4925669.191932066343725, 7482638.590807769447565 ], [ 4925713.199779993854463, 7482653.956256254576147 ], [ 4925774.503349935635924, 7482730.517484587617218 ], [ 4925878.996154812164605, 7482788.339660769328475 ], [ 4925957.268229224719107, 7482729.957120668143034 ], [ 4926024.128840192221105, 7482741.257586224935949 ], [ 4926198.723543136380613, 7482665.455811436288059 ], [ 4926358.855946476571262, 7482508.834781000390649 ], [ 4926453.015368795953691, 7482492.600323857739568 ], [ 4926504.091120437718928, 7482560.869339125230908 ], [ 4926684.340256560593843, 7482504.315502108074725 ], [ 4926737.483020544983447, 7482676.797578226774931 ], [ 4926735.500670214183629, 7482698.140476960688829 ], [ 4926456.264405154623091, 7482687.379691950045526 ], [ 4926118.460970563814044, 7482812.51795132830739 ], [ 4925882.972769429907203, 7482899.750748664140701 ], [ 4925812.242933912202716, 7482938.279116939753294 ], [ 4925819.923528395593166, 7483069.377359440550208 ], [ 4925898.036681540310383, 7483271.797911312431097 ], [ 4925981.720071548596025, 7483541.624888779595494 ], [ 4926051.044220346957445, 7483718.92803648672998 ], [ 4926021.015842291526496, 7483764.200391271151602 ], [ 4926072.564864576794207, 7483995.717287654988468 ], [ 4926077.657490418292582, 7484004.635174820199609 ], [ 4926107.608723944053054, 7484089.603359237313271 ], [ 4926143.402582811191678, 7484128.494939226657152 ], [ 4926108.223924063146114, 7484155.446718582883477 ], [ 4926296.318715451285243, 7484392.098927065730095 ], [ 4926366.757472028955817, 7484567.832978873513639 ], [ 4926409.814655046910048, 7484706.842858946882188 ], [ 4926528.977543435059488, 7484963.702392155304551 ], [ 4926632.649756545200944, 7485317.302864105440676 ], [ 4926636.231686230748892, 7485386.239141184836626 ], [ 4926618.485310330986977, 7485415.059123309329152 ], [ 4926641.330222945660353, 7485449.567746703512967 ], [ 4926650.042075701057911, 7485524.143675599247217 ], [ 4926684.53793506231159, 7485539.18329163081944 ], [ 4926676.749942747876048, 7485594.918926997110248 ], [ 4926610.909315653145313, 7485554.699098095297813 ], [ 4926625.973385952413082, 7485615.727823544293642 ], [ 4926661.875598126091063, 7485882.871794765815139 ], [ 4927236.915372726507485, 7485923.327519826591015 ] ] ], [ [ [ 4940184.484458517283201, 7490037.253783614374697 ], [ 4940043.676828304305673, 7489997.453197878785431 ], [ 4940063.780211228877306, 7489917.950480569154024 ], [ 4939980.674676128663123, 7489762.547060292214155 ], [ 4940003.381826357915998, 7489553.947553852573037 ], [ 4940023.076916971243918, 7489486.747079754248261 ], [ 4939987.480682922527194, 7489424.545360587537289 ], [ 4939888.276582940481603, 7489151.953436088748276 ], [ 4939916.479675034061074, 7488980.353507562540472 ], [ 4939856.484367558732629, 7488899.250697493553162 ], [ 4939719.576189598068595, 7488970.252067010849714 ], [ 4939682.8841467872262, 7488957.149820143356919 ], [ 4939709.482400882989168, 7488859.355809464119375 ], [ 4939859.978117959573865, 7488727.15471157617867 ], [ 4939870.377774687483907, 7488518.251913826912642 ], [ 4939946.683844275772572, 7488396.854116286151111 ], [ 4939987.080360928550363, 7488225.445937668904662 ], [ 4940036.782015394419432, 7487900.547487674281001 ], [ 4940001.38182507455349, 7487826.053589606657624 ], [ 4940029.976371267810464, 7487629.84713121317327 ], [ 4940026.378467220813036, 7487199.353148031048477 ], [ 4940047.081893955357373, 7487089.253593584522605 ], [ 4939943.679914719425142, 7487025.555364996194839 ], [ 4939880.174706181511283, 7486815.253402855247259 ], [ 4939807.181778714992106, 7486770.644838922657073 ], [ 4939749.177435642108321, 7486591.151280385442078 ], [ 4939911.881976760923862, 7486465.35500799305737 ], [ 4939842.480900650843978, 7486242.548365918919444 ], [ 4939888.284624067135155, 7486108.349985970184207 ], [ 4939851.683174489997327, 7485787.75100389868021 ], [ 4939692.577248649671674, 7485735.348297478631139 ], [ 4939671.375733578577638, 7485568.846276388503611 ], [ 4939553.78017707541585, 7485289.853714114055037 ], [ 4939557.776035413146019, 7485093.151224076747894 ], [ 4939486.475679378025234, 7484968.754897836595774 ], [ 4939381.27906643692404, 7484991.150289132259786 ], [ 4939335.781285522505641, 7484805.746108601801097 ], [ 4939269.684260538779199, 7484724.54933019913733 ], [ 4939254.982172195799649, 7484539.754863975569606 ], [ 4939157.477793470025063, 7484488.643797470256686 ], [ 4939129.275848866440356, 7484358.847162673249841 ], [ 4939180.180700741708279, 7484279.944488486275077 ], [ 4939187.075944271869957, 7484243.248551230877638 ], [ 4939015.677585305646062, 7484184.454396808519959 ], [ 4939025.976727192290127, 7483987.854391757398844 ], [ 4939088.476929171942174, 7483939.952060117386281 ], [ 4939107.876424061134458, 7483897.248342102393508 ], [ 4939010.484089284203947, 7483839.846225986257195 ], [ 4938952.180215769447386, 7483678.952687716111541 ], [ 4939016.676004525274038, 7483532.649383001029491 ], [ 4938926.584488629363477, 7483420.146291833370924 ], [ 4938827.677015400491655, 7483436.549333680421114 ], [ 4938705.878940352238715, 7483372.745542854070663 ], [ 4938658.176514859311283, 7483291.752686847001314 ], [ 4938665.874698949046433, 7483224.250469543039799 ], [ 4938728.076938954181969, 7483188.652369717136025 ], [ 4938735.483163840137422, 7483127.251078363507986 ], [ 4938673.88140756264329, 7483126.050542499870062 ], [ 4938606.678781355731189, 7483100.152826396748424 ], [ 4938577.877828886732459, 7483001.051309421658516 ], [ 4938660.284657387062907, 7482885.952538348734379 ], [ 4938642.9810650954023, 7482824.052949693053961 ], [ 4938571.974994706921279, 7482687.348770073615015 ], [ 4938668.182662412524223, 7482498.747758714482188 ], [ 4938663.881989524699748, 7482406.345568626187742 ], [ 4938504.381478101015091, 7482372.444445043802261 ], [ 4938443.982630340382457, 7482315.852255815640092 ], [ 4938446.375862132757902, 7482199.04630571231246 ], [ 4938347.679629629477859, 7482203.15401710011065 ], [ 4938330.276176220737398, 7482153.745798051357269 ], [ 4938381.576040176674724, 7482050.150759916752577 ], [ 4938323.082757448777556, 7481901.446572994813323 ], [ 4938254.579086159355938, 7481936.950925597921014 ], [ 4938217.680842634290457, 7481936.147688537836075 ], [ 4938215.174611035734415, 7481751.644394982606173 ], [ 4938051.381046274676919, 7481631.449034681543708 ], [ 4938046.475926800630987, 7481569.953462964855134 ], [ 4938009.879953494295478, 7481550.645123369991779 ], [ 4937923.377963679842651, 7481567.44697180762887 ], [ 4937869.682461222633719, 7481480.247067167423666 ], [ 4937971.977048442699015, 7481297.843643594533205 ], [ 4937930.477297673933208, 7481217.050528768450022 ], [ 4937778.784082744270563, 7481103.247135848738253 ], [ 4937755.87702567409724, 7481016.748567130416632 ], [ 4937818.175287643447518, 7480981.14360386505723 ], [ 4937824.878890760242939, 7480956.651633482426405 ], [ 4937874.480916093103588, 7480939.245626132935286 ], [ 4937898.283031050115824, 7480982.744612010195851 ], [ 4937965.484860528260469, 7481008.745475498959422 ], [ 4938028.477650093846023, 7480936.153013620525599 ], [ 4937927.982975383289158, 7480731.248726952821016 ], [ 4937897.98468678817153, 7480693.749093629419804 ], [ 4937848.076489667408168, 7480723.446828063577414 ], [ 4937786.183279052376747, 7480740.647393900901079 ], [ 4937750.581431502476335, 7480672.248250310309231 ], [ 4937676.984482151456177, 7480658.546308101154864 ], [ 4937771.678158296272159, 7480543.546872952952981 ], [ 4937656.683063898235559, 7480442.849563356488943 ], [ 4937744.477556101977825, 7480364.745083466172218 ], [ 4937727.17600673250854, 7480309.045942125841975 ], [ 4937666.184417577460408, 7480277.04473580326885 ], [ 4937661.18455439247191, 7480221.650668572634459 ], [ 4937569.076507275924087, 7480207.451359793543816 ], [ 4937588.976974076591432, 7480140.243124345317483 ], [ 4937663.681295454502106, 7480098.642993038520217 ], [ 4937664.576499493792653, 7480055.643548876047134 ], [ 4937592.681394462473691, 7479955.853236824274063 ], [ 4937612.177298368886113, 7479907.049483047798276 ], [ 4937673.883388827554882, 7479902.152939479798079 ], [ 4937797.980509916320443, 7479855.44988492038101 ], [ 4937792.878119458444417, 7479799.944676958024502 ], [ 4937677.781081845983863, 7479705.448716619983315 ], [ 4937672.577387327328324, 7479662.247043274343014 ], [ 4937789.882403628900647, 7479646.248574665747583 ], [ 4937778.680840475484729, 7479590.651925072073936 ], [ 4937686.683702775277197, 7479570.351500201970339 ], [ 4937695.775930969044566, 7479429.053195396438241 ], [ 4937678.275775851681828, 7479379.543860651552677 ], [ 4937567.680625687353313, 7479364.947378190234303 ], [ 4937569.676206525415182, 7479266.645236853510141 ], [ 4937509.078620048239827, 7479222.351908987388015 ], [ 4937487.481314840726554, 7479068.24679041467607 ], [ 4937570.675049463286996, 7478916.145253363996744 ], [ 4937668.884486632421613, 7478930.447348780930042 ], [ 4937750.275021086446941, 7478864.443489200435579 ], [ 4937714.483382500708103, 7478808.446909327059984 ], [ 4937560.380715748295188, 7478817.54890391882509 ], [ 4937462.484011732041836, 7478784.852235848084092 ], [ 4937488.174847828224301, 7478730.04945539496839 ], [ 4937605.576033390127122, 7478713.942233229056001 ], [ 4937613.179016227833927, 7478640.348638592287898 ], [ 4937705.47755, 7478648.346896518021822 ], [ 4937754.080388763919473, 7478680.042695716023445 ], [ 4937797.974727725610137, 7478637.950278356671333 ], [ 4937750.875811608508229, 7478532.447694376111031 ], [ 4937685.276228911243379, 7478426.547865557484329 ], [ 4937531.678664891049266, 7478411.143144714646041 ], [ 4937490.276341085322201, 7478324.246501442976296 ], [ 4937547.182145809754729, 7478251.6420724298805 ], [ 4937517.681259977631271, 7478189.546468645334244 ], [ 4937519.580269964411855, 7478097.345983293838799 ], [ 4937495.88141870405525, 7478047.644676614552736 ], [ 4937452.683617749251425, 7478052.948795347474515 ], [ 4937432.780015834607184, 7478126.347722217440605 ], [ 4937431.479692669585347, 7478187.751815678551793 ], [ 4937382.080106746405363, 7478192.952666344121099 ], [ 4937345.979841133579612, 7478155.249300862662494 ], [ 4937384.579295475035906, 7478069.944709680974483 ], [ 4937219.580423077568412, 7477703.852007132023573 ], [ 4937301.883357496000826, 7477594.851093480363488 ], [ 4937198.684178406372666, 7477530.545343784615397 ], [ 4937136.474948652088642, 7477560.045735692605376 ], [ 4937147.180395873263478, 7477640.249146319925785 ], [ 4936974.875628557056189, 7477636.743974203243852 ], [ 4936951.979409964755177, 7477550.143954288214445 ], [ 4936866.776318413205445, 7477499.244641756638885 ], [ 4936899.084077724255621, 7477426.041890128515661 ], [ 4937004.181612156331539, 7477403.542566306889057 ], [ 4937017.475329072214663, 7477354.647283060476184 ], [ 4936991.020345688797534, 7477316.617507756687701 ], [ 4936969.678811833262444, 7477285.951483402401209 ], [ 4936983.475537841208279, 7477212.350513314828277 ], [ 4936928.975677204318345, 7477168.245930328965187 ], [ 4936954.983894249424338, 7477101.152301760390401 ], [ 4937054.478667309507728, 7477047.642221003770828 ], [ 4937080.783550860360265, 7476968.245554996654391 ], [ 4937050.574692328460515, 7476936.845149211585522 ], [ 4936957.979368200525641, 7476953.449500978924334 ], [ 4936933.576512720435858, 7476940.645357355475426 ], [ 4936965.682966994121671, 7476873.543820428662002 ], [ 4937058.677436804398894, 7476844.747770556248724 ], [ 4937010.877353703603148, 7476769.850135871209204 ], [ 4936937.182316487655044, 7476762.245800951495767 ], [ 4936842.781985810026526, 7476864.948278503492475 ], [ 4936774.584552384912968, 7476888.142836458981037 ], [ 4936751.177515964955091, 7476826.148396298289299 ], [ 4936821.278517462313175, 7476710.642563819885254 ], [ 4936742.476419815793633, 7476647.542457304894924 ], [ 4936793.979948113672435, 7476537.850989693775773 ], [ 4936708.783589438535273, 7476486.850914214737713 ], [ 4936698.281868962571025, 7476400.445975251495838 ], [ 4936810.783793953247368, 7476316.646918092854321 ], [ 4936817.584525416605175, 7476286.042400462552905 ], [ 4936744.077066589146852, 7476266.045157129876316 ], [ 4936713.182578111067414, 7476271.542310930788517 ], [ 4936613.183972922153771, 7476343.343530276790261 ], [ 4936526.576765463687479, 7476355.141583034768701 ], [ 4936459.382494807243347, 7476340.241621883586049 ], [ 4936380.080296907573938, 7476301.745596362277865 ], [ 4936318.578185676597059, 7476300.546231768094003 ], [ 4936262.382896401919425, 7476336.247962838038802 ], [ 4936241.277657385915518, 7476465.0476905554533 ], [ 4936179.281313357874751, 7476488.442811427637935 ], [ 4936111.984194034710526, 7476468.645831093192101 ], [ 4936082.678578842431307, 7476394.144107801839709 ], [ 4936176.479441908188164, 7476322.242715907283127 ], [ 4936164.983323083259165, 7476285.049500232562423 ], [ 4936128.777407773770392, 7476247.442176907323301 ], [ 4936046.976661076769233, 7476331.941600730642676 ], [ 4935997.474682906642556, 7476343.250657792203128 ], [ 4936005.38340063020587, 7476257.243929108604789 ], [ 4936049.88301093224436, 7476190.451192213222384 ], [ 4936026.084278834983706, 7476146.849058819934726 ], [ 4935935.478894355706871, 7476065.044807360507548 ], [ 4935930.976652183569968, 7475978.841695718467236 ], [ 4935975.378197965212166, 7475918.150971106253564 ], [ 4935932.983462993055582, 7475880.450556913390756 ], [ 4935864.284583757631481, 7475928.247060833498836 ], [ 4935802.980234327726066, 7475914.642617328092456 ], [ 4935711.584549210965633, 7475869.745922634378076 ], [ 4935641.983484288677573, 7475960.651841877959669 ], [ 4935598.87885382398963, 7475959.749053061008453 ], [ 4935606.882097881287336, 7475873.742837650701404 ], [ 4935651.67606252618134, 7475788.546138097532094 ], [ 4935622.780707048252225, 7475695.649847417138517 ], [ 4935561.080656851641834, 7475700.548722477629781 ], [ 4935539.980435196310282, 7475829.347732258960605 ], [ 4935472.084265330806375, 7475840.244628289714456 ], [ 4935450.575513984076679, 7475686.047084853053093 ], [ 4935378.18136936519295, 7475610.651582090184093 ], [ 4935471.279835692606866, 7475575.641747420653701 ], [ 4935459.682985696941614, 7475538.547145802527666 ], [ 4935387.283683255314827, 7475469.342456925660372 ], [ 4935375.775147836655378, 7475426.046255780383945 ], [ 4935419.481664410792291, 7475396.14213892724365 ], [ 4935359.0817103497684, 7475339.547217899933457 ], [ 4935284.183151427656412, 7475387.248232663609087 ], [ 4935219.384026987478137, 7475545.950670992955565 ], [ 4935163.182893116958439, 7475587.850231409072876 ], [ 4935108.178796111606061, 7475568.245144503191113 ], [ 4935105.280494299717247, 7475408.245829848572612 ], [ 4935218.77493149228394, 7475275.146494749933481 ], [ 4935176.275709284469485, 7475243.545617117546499 ], [ 4935071.478959515690804, 7475253.751296767033637 ], [ 4935078.676003660075366, 7475198.441190370358527 ], [ 4935129.077468539588153, 7475144.146567732095718 ], [ 4935099.779443299397826, 7475069.642656920477748 ], [ 4934883.281313624233007, 7475120.644446473568678 ], [ 4934761.682629877701402, 7475044.347787152975798 ], [ 4934702.278623613528907, 7474938.548890750855207 ], [ 4934716.281282075680792, 7474852.646274040453136 ], [ 4934674.780976801179349, 7474777.944927290081978 ], [ 4934589.081563700921834, 7474450.14763062261045 ], [ 4934585.17562142573297, 7474444.194658655673265 ], [ 4934568.779333173297346, 7474418.618524231016636 ], [ 4934566.121308838017285, 7474423.214189207181334 ], [ 4934555.681070496328175, 7474435.196410013362765 ], [ 4934544.809072812087834, 7474444.939640237018466 ], [ 4934533.49567614402622, 7474452.299864230677485 ], [ 4934521.525508012622595, 7474457.231851333752275 ], [ 4934508.662713880650699, 7474459.6792067643255 ], [ 4934494.681657412089407, 7474459.59665376227349 ], [ 4934479.479119648225605, 7474457.116641158238053 ], [ 4934463.298073180019855, 7474453.026529788970947 ], [ 4934446.51392917893827, 7474448.34682596847415 ], [ 4934429.492116339504719, 7474444.031545395031571 ], [ 4934412.597819117829204, 7474441.090078769251704 ], [ 4934396.187054265290499, 7474440.27705723978579 ], [ 4934380.61947855912149, 7474441.505440512672067 ], [ 4934366.276286999695003, 7474444.455710923299193 ], [ 4934353.528315847739577, 7474448.830456798896194 ], [ 4934342.726017227396369, 7474454.298954360187054 ], [ 4934334.137052722275257, 7474460.685169449076056 ], [ 4934327.554824981838465, 7474468.287231868132949 ], [ 4934322.638713679276407, 7474477.535587850958109 ], [ 4934319.089158911257982, 7474488.860860411077738 ], [ 4934316.555418630130589, 7474502.66022552549839 ], [ 4934314.728818792849779, 7474519.098468979820609 ], [ 4934313.223793084733188, 7474537.132884146645665 ], [ 4934311.707203755155206, 7474555.466269819065928 ], [ 4934309.784416363574564, 7474572.779008639976382 ], [ 4934307.091542989015579, 7474587.762691239826381 ], [ 4934303.314774208702147, 7474599.397071128711104 ], [ 4934298.340807954780757, 7474607.770255457609892 ], [ 4934292.096300521865487, 7474613.225245676003397 ], [ 4934284.507669129408896, 7474616.160415964201093 ], [ 4934275.511836869642138, 7474616.918811243027449 ], [ 4934265.137778609059751, 7474615.921398964710534 ], [ 4934253.793467612937093, 7474613.779062246903777 ], [ 4934241.979215074330568, 7474611.11416060756892 ], [ 4934230.215812576003373, 7474608.560218755155802 ], [ 4934218.993205571547151, 7474606.761704123578966 ], [ 4934208.719503737054765, 7474606.296281356364489 ], [ 4934199.321838105097413, 7474607.39620815962553 ], [ 4934190.665988412685692, 7474610.238101316615939 ], [ 4934182.576577216386795, 7474615.020548213273287 ], [ 4934174.909263141453266, 7474621.886896232143044 ], [ 4934167.55107753444463, 7474630.847730385139585 ], [ 4934160.65945986378938, 7474641.106345253065228 ], [ 4934154.443947663530707, 7474651.689064203761518 ], [ 4934149.124345984309912, 7474661.622255457565188 ], [ 4934144.910292520187795, 7474669.910093531012535 ], [ 4934141.886702878400683, 7474675.910606549121439 ], [ 4934139.660322927869856, 7474680.353027399629354 ], [ 4934137.682618416845798, 7474684.26493513584137 ], [ 4934135.445970766246319, 7474688.707310793921351 ], [ 4934132.422325761057436, 7474694.718896630220115 ], [ 4934128.26922104600817, 7474703.150968182832003 ], [ 4934123.355820033699274, 7474714.093727364204824 ], [ 4934118.257555538788438, 7474727.416775553487241 ], [ 4934113.508656455203891, 7474743.022760309278965 ], [ 4934109.705042636021972, 7474760.792448134161532 ], [ 4934107.217424768954515, 7474780.461654076352715 ], [ 4934105.752249821089208, 7474801.076665359549224 ], [ 4934104.811377693898976, 7474821.516757009550929 ], [ 4934103.95801767334342, 7474840.716844914481044 ], [ 4934102.673590296879411, 7474857.533965531736612 ], [ 4934100.602365596219897, 7474871.147033757530153 ], [ 4934097.794803353957832, 7474881.755616119131446 ], [ 4934094.361849981360137, 7474889.814263503998518 ], [ 4934090.455369927920401, 7474895.810929197818041 ], [ 4934086.206841399893165, 7474900.200253345072269 ], [ 4934081.625182863324881, 7474903.292370324954391 ], [ 4934076.177409597672522, 7474904.896690131165087 ], [ 4934069.18768756184727, 7474904.622653381898999 ], [ 4934060.010836355388165, 7474902.113056891597807 ], [ 4934047.970978519879282, 7474896.988411803729832 ], [ 4934032.688686876557767, 7474889.158461466431618 ], [ 4934015.001934178173542, 7474879.501755774952471 ], [ 4933996.034964601509273, 7474869.163889871910214 ], [ 4933976.881266169250011, 7474859.279255418106914 ], [ 4933958.675331840291619, 7474850.99350324831903 ], [ 4933942.254866286180913, 7474845.240574529394507 ], [ 4933927.41392338834703, 7474842.163551140576601 ], [ 4933913.721780990250409, 7474841.660887032747269 ], [ 4933900.686029623262584, 7474843.652914982289076 ], [ 4933887.85532240755856, 7474848.060144921764731 ], [ 4933874.891377193853259, 7474854.770353695377707 ], [ 4933861.980366693809628, 7474863.463182235136628 ], [ 4933849.411022934131324, 7474873.840869209729135 ], [ 4933837.492900709621608, 7474885.539295859634876 ], [ 4933826.545629353262484, 7474898.238687695935369 ], [ 4933816.827054365538061, 7474911.663300707936287 ], [ 4933808.491788323968649, 7474925.669838914647698 ], [ 4933801.683647689409554, 7474940.236782626248896 ], [ 4933796.536522819660604, 7474955.265044580213726 ], [ 4933793.153218380175531, 7474970.721850604750216 ], [ 4933791.606371812522411, 7474986.430321116000414 ], [ 4933791.662057445384562, 7475001.891066519543529 ], [ 4933793.015118322335184, 7475016.46041258983314 ], [ 4933795.360347282141447, 7475029.505759535357356 ], [ 4933798.39239008538425, 7475040.427731528878212 ], [ 4933801.82540640886873, 7475048.859610140323639 ], [ 4933805.645987320691347, 7475055.521202394738793 ], [ 4933809.808574192225933, 7475061.442270912230015 ], [ 4933814.33975837379694, 7475067.586444051004946 ], [ 4933819.183669513091445, 7475074.994514171034098 ], [ 4933824.327095787972212, 7475084.341989474371076 ], [ 4933829.484342858195305, 7475095.228928074240685 ], [ 4933834.350585140287876, 7475106.934134233742952 ], [ 4933838.641477943398058, 7475118.747576873749495 ], [ 4933842.041974566876888, 7475129.936941631138325 ], [ 4933844.297750918194652, 7475139.969526674598455 ], [ 4933845.439552704803646, 7475148.856541616842151 ], [ 4933845.548633150756359, 7475156.7976886453107 ], [ 4933844.706391017884016, 7475163.959445781074464 ], [ 4933842.983814952895045, 7475170.541469992138445 ], [ 4933840.462594355456531, 7475176.64379108697176 ], [ 4933837.091545147821307, 7475182.23296083509922 ], [ 4933832.860980900935829, 7475187.176038172096014 ], [ 4933827.730321863666177, 7475191.362096779979765 ], [ 4933821.648722997866571, 7475194.680165321566164 ], [ 4933814.606402363628149, 7475197.019451417028904 ], [ 4933806.860050778836012, 7475198.369999242015183 ], [ 4933798.655997128225863, 7475198.743957849219441 ], [ 4933790.250836189836264, 7475198.153521571308374 ], [ 4933781.921742468141019, 7475196.599900284782052 ], [ 4933773.801445697434247, 7475194.249796537682414 ], [ 4933765.506731972098351, 7475191.87677688524127 ], [ 4933756.540834791958332, 7475190.397884209640324 ], [ 4933746.386357423849404, 7475190.752219825983047 ], [ 4933734.536262381821871, 7475193.856779066845775 ], [ 4933720.721118131652474, 7475200.286273190751672 ], [ 4933705.601692231371999, 7475209.179746725596488 ], [ 4933690.066149928607047, 7475219.322845103219151 ], [ 4933675.023242987692356, 7475229.490232265554368 ], [ 4933661.36110204551369, 7475238.47863510530442 ], [ 4933649.699986587278545, 7475245.305108508095145 ], [ 4933639.40367322973907, 7475249.911498714238405 ], [ 4933629.608879585750401, 7475252.515527532435954 ], [ 4933619.401138387620449, 7475253.301465801894665 ], [ 4933607.886464686132967, 7475252.464746408164501 ], [ 4933594.406645414419472, 7475250.279355647042394 ], [ 4933579.359331013634801, 7475247.367221873253584 ], [ 4933563.367772514931858, 7475244.406637093052268 ], [ 4933547.02427508495748, 7475242.108984756283462 ], [ 4933530.972614496946335, 7475241.152651914395392 ], [ 4933515.785140655003488, 7475242.116041512228549 ], [ 4933501.800130320712924, 7475245.111388203687966 ], [ 4933489.264101107604802, 7475250.106551984325051 ], [ 4933478.485069235786796, 7475257.091812700033188 ], [ 4933469.72994143795222, 7475266.068345006555319 ], [ 4933463.225146796554327, 7475276.904247400350869 ], [ 4933458.942028652876616, 7475289.112102996557951 ], [ 4933456.821475059725344, 7475302.126836182549596 ], [ 4933456.783989261835814, 7475315.350056355819106 ], [ 4933458.77050883602351, 7475328.205611456185579 ], [ 4933462.567498403601348, 7475340.227419575676322 ], [ 4933467.44570346083492, 7475351.500879040919244 ], [ 4933472.562554920092225, 7475362.199490655213594 ], [ 4933477.023958216421306, 7475372.54082977771759 ], [ 4933479.987242767587304, 7475382.720548619516194 ], [ 4933480.702565290033817, 7475392.835033169016242 ], [ 4933478.893570356070995, 7475402.694799179211259 ], [ 4933474.407626111060381, 7475411.98908032849431 ], [ 4933467.092003988102078, 7475420.429258057847619 ], [ 4933456.783662030473351, 7475427.737741561606526 ], [ 4933443.52434179931879, 7475433.75965996272862 ], [ 4933428.153799211606383, 7475438.963835639879107 ], [ 4933411.736909380182624, 7475443.986204450950027 ], [ 4933395.287168585695326, 7475449.473555685020983 ], [ 4933379.859329776838422, 7475456.028564756736159 ], [ 4933366.323992936871946, 7475464.10912896040827 ], [ 4933354.949869677424431, 7475473.30666420981288 ], [ 4933345.811450568027794, 7475483.023460111580789 ], [ 4933339.003565428778529, 7475492.706194289028645 ], [ 4933334.621288759633899, 7475501.746170245110989 ], [ 4933332.71809658780694, 7475509.656331084668636 ], [ 4933333.263779641129076, 7475516.303646530024707 ], [ 4933336.196940348483622, 7475521.643546963110566 ], [ 4933341.445962576195598, 7475525.62034192122519 ], [ 4933348.939034147188067, 7475528.222638577222824 ], [ 4933358.511753965169191, 7475529.482935905456543 ], [ 4933369.505400449968874, 7475529.785956418141723 ], [ 4933381.168421620503068, 7475529.615689994767308 ], [ 4933392.708300469443202, 7475529.433798989281058 ], [ 4933403.38365635741502, 7475529.746472034603357 ], [ 4933412.546086304821074, 7475530.927409611642361 ], [ 4933420.081888959743083, 7475533.153313048183918 ], [ 4933425.990579112432897, 7475536.534931214526296 ], [ 4933430.312880402430892, 7475541.149968736805022 ], [ 4933433.017508745193481, 7475547.109038251452148 ], [ 4933434.145526644773781, 7475554.412320837378502 ], [ 4933433.729430976323783, 7475562.6723394356668 ], [ 4933431.792035389691591, 7475571.368675729259849 ], [ 4933428.366176324896514, 7475580.036329261958599 ], [ 4933423.495150960981846, 7475588.16604563780129 ], [ 4933417.293584188446403, 7475595.370706652291119 ], [ 4933410.295206638984382, 7475601.674803585745394 ], [ 4933403.125608749687672, 7475607.225055260583758 ], [ 4933396.420939459465444, 7475612.101778788492084 ], [ 4933390.796378748491406, 7475616.484874014742672 ], [ 4933386.80555980745703, 7475620.542896375991404 ], [ 4933384.65156595222652, 7475624.786182522773743 ], [ 4933384.496124820783734, 7475629.791336141526699 ], [ 4933386.459852254018188, 7475636.145854447968304 ], [ 4933390.663511484861374, 7475644.404009745456278 ], [ 4933397.064439267851412, 7475654.931082959286869 ], [ 4933404.669808936305344, 7475667.047145813703537 ], [ 4933412.26186231803149, 7475679.860861910507083 ], [ 4933418.674116875976324, 7475692.492197353392839 ], [ 4933422.709432499483228, 7475704.02776109892875 ], [ 4933423.43660924769938, 7475713.776827057823539 ], [ 4933420.947597068734467, 7475721.839473277330399 ], [ 4933415.641502506099641, 7475728.5053965235129 ], [ 4933407.906973701901734, 7475734.108545845374465 ], [ 4933398.091838913038373, 7475738.927316209301353 ], [ 4933386.687748610042036, 7475743.218584391288459 ], [ 4933374.515888102352619, 7475747.008103380911052 ], [ 4933362.469646445475519, 7475750.244421707466245 ], [ 4933351.462799795903265, 7475752.909404840320349 ], [ 4933342.419439533725381, 7475754.973891191184521 ], [ 4933335.883716383948922, 7475756.429200776852667 ], [ 4933331.074341913685203, 7475757.51554989721626 ], [ 4933326.840546587482095, 7475758.449379364028573 ], [ 4933322.020904771052301, 7475759.535680513828993 ], [ 4933315.495443722233176, 7475760.991026533767581 ], [ 4933306.472557095810771, 7475763.066656590439379 ], [ 4933295.6191949211061, 7475765.843023143708706 ], [ 4933283.972079600207508, 7475769.35790659673512 ], [ 4933272.578053969889879, 7475773.682359324768186 ], [ 4933262.453261106275022, 7475778.865151960402727 ], [ 4933254.449491275474429, 7475784.976484155282378 ], [ 4933248.648581756278872, 7475792.083168490789831 ], [ 4933244.967821165919304, 7475800.317741744220257 ], [ 4933243.263097248971462, 7475809.7681700354442 ], [ 4933243.45184607245028, 7475820.533764278516173 ], [ 4933245.257082244381309, 7475832.56900591775775 ], [ 4933247.757833670824766, 7475845.194275174289942 ], [ 4933249.849066013470292, 7475857.563019994646311 ], [ 4933250.466610426083207, 7475868.873168274760246 ], [ 4933248.495159390382469, 7475878.278123464435339 ], [ 4933243.157309531234205, 7475885.132121889851987 ], [ 4933234.86297298874706, 7475889.603087096475065 ], [ 4933224.339730178937316, 7475891.993238130584359 ], [ 4933212.294436045922339, 7475892.649002956226468 ], [ 4933199.454526924528182, 7475891.905826885253191 ], [ 4933186.475185412913561, 7475890.187438130378723 ], [ 4933173.897396708838642, 7475888.205010455101728 ], [ 4933162.179380037821829, 7475886.813327990472317 ], [ 4933151.789910841733217, 7475886.800773617811501 ], [ 4933143.207833888009191, 7475889.000075083225965 ], [ 4933136.841204567812383, 7475894.000001706182957 ], [ 4933132.855305002070963, 7475901.568712736479938 ], [ 4933131.324147752486169, 7475911.219242285937071 ], [ 4933132.362617281265557, 7475922.509102882817388 ], [ 4933136.065214132890105, 7475934.962491268292069 ], [ 4933142.31085043400526, 7475948.102652601897717 ], [ 4933150.187551682814956, 7475961.537944718264043 ], [ 4933158.588330838829279, 7475974.864792643114924 ], [ 4933166.365180100314319, 7475987.668368205428123 ], [ 4933172.431684212759137, 7475999.534117011353374 ], [ 4933175.854978456161916, 7476010.14783620275557 ], [ 4933176.563241600990295, 7476019.498136595822871 ], [ 4933174.669152940623462, 7476027.640889391303062 ], [ 4933170.316143167205155, 7476034.643174731172621 ], [ 4933163.627063064835966, 7476040.583055841736495 ], [ 4933154.735323531553149, 7476045.47219237498939 ], [ 4933143.898361060768366, 7476049.134517226368189 ], [ 4933131.363640473224223, 7476051.327470038086176 ], [ 4933117.388797107152641, 7476051.830685163848102 ], [ 4933102.241734385490417, 7476050.423842635005713 ], [ 4933086.261488424614072, 7476047.053059821948409 ], [ 4933070.102026996202767, 7476042.418935209512711 ], [ 4933054.467814758419991, 7476037.410565605387092 ], [ 4933040.10432774014771, 7476032.928306704387069 ], [ 4933027.736652038060129, 7476029.839202334173024 ], [ 4933017.915785365737975, 7476028.909855742938817 ], [ 4933010.517599241808057, 7476030.350146302953362 ], [ 4933005.24397904984653, 7476034.247360043227673 ], [ 4933001.786692395806313, 7476040.655512263998389 ], [ 4932999.847578866407275, 7476049.672961134463549 ], [ 4932999.046838086098433, 7476061.286954902112484 ], [ 4932998.626530159264803, 7476075.095451256260276 ], [ 4932997.736659023910761, 7476090.61847716383636 ], [ 4932995.558023961260915, 7476107.376195497810841 ], [ 4932991.230404038913548, 7476124.877512529492378 ], [ 4932984.150231803767383, 7476142.632466673851013 ], [ 4932974.648171979002655, 7476160.155221275053918 ], [ 4932963.290968580171466, 7476176.972057154402137 ], [ 4932950.614668777212501, 7476192.58697054348886 ], [ 4932937.196291614323854, 7476206.526289699599147 ], [ 4932923.602202414534986, 7476218.404896441847086 ], [ 4932910.345479294657707, 7476228.280433317646384 ], [ 4932897.948880047537386, 7476236.343485753983259 ], [ 4932886.94557583052665, 7476242.751462240703404 ], [ 4932877.858373099006712, 7476247.683876361697912 ], [ 4932870.95312415715307, 7476251.385554676875472 ], [ 4932865.509225743822753, 7476254.296306071802974 ], [ 4932860.559287620708346, 7476256.943444703705609 ], [ 4932855.10511886049062, 7476259.854147017002106 ], [ 4932848.210125267505646, 7476263.555860644206405 ], [ 4932839.184937126934528, 7476268.388852939009666 ], [ 4932828.697748365812004, 7476274.156730893068016 ], [ 4932817.68466080725193, 7476280.442791749723256 ], [ 4932807.112381807528436, 7476286.874770211055875 ], [ 4932797.947670405730605, 7476293.069328943267465 ], [ 4932790.930642204359174, 7476298.819326460361481 ], [ 4932785.987227724865079, 7476304.622806398198009 ], [ 4932782.816465214826167, 7476311.209378395229578 ], [ 4932781.148387721739709, 7476319.264489004388452 ], [ 4932780.682179893366992, 7476329.484522324055433 ], [ 4932781.200286449864507, 7476342.311509039252996 ], [ 4932782.77712665963918, 7476357.16988567262888 ], [ 4932785.560163269750774, 7476373.21861535962671 ], [ 4932789.697006767615676, 7476389.583436973392963 ], [ 4932795.345190623775125, 7476405.467656938359141 ], [ 4932802.477107394486666, 7476420.151285197585821 ], [ 4932810.456677966751158, 7476433.531829321756959 ], [ 4932818.482820617035031, 7476445.6721904091537 ], [ 4932825.754696218296885, 7476456.579898066818714 ], [ 4932831.471169458702207, 7476466.32893125154078 ], [ 4932834.954253015108407, 7476475.004889752715826 ], [ 4932836.018115278333426, 7476482.839524814859033 ], [ 4932834.568882875144482, 7476490.164667348377407 ], [ 4932830.553944984450936, 7476497.268030224367976 ], [ 4932823.879526492208242, 7476504.459292452782393 ], [ 4932814.667694344185293, 7476511.993712889961898 ], [ 4932803.770715540274978, 7476519.841836590319872 ], [ 4932792.246288035996258, 7476527.952970372512937 ], [ 4932781.142139894887805, 7476536.209930641576648 ], [ 4932771.495342688634992, 7476544.584088396281004 ], [ 4932764.147709128446877, 7476553.090251207351685 ], [ 4932759.169587763026357, 7476562.072054708376527 ], [ 4932756.394508514553308, 7476572.027132145129144 ], [ 4932755.686948304995894, 7476583.420028168708086 ], [ 4932756.880584856495261, 7476596.715149995870888 ], [ 4932759.758499829098582, 7476612.210556969046593 ], [ 4932763.788993995636702, 7476629.416598184034228 ], [ 4932768.389621688984334, 7476647.710499876178801 ], [ 4932772.926796976476908, 7476666.424963010475039 ], [ 4932776.807947592809796, 7476684.903945993632078 ], [ 4932779.490800902247429, 7476702.724202769808471 ], [ 4932780.64519929792732, 7476720.249742053449154 ], [ 4932780.001505103893578, 7476738.088487211614847 ], [ 4932777.300493149086833, 7476756.815182521939278 ], [ 4932772.282838001847267, 7476777.026720596477389 ], [ 4932764.864677929319441, 7476799.110347833484411 ], [ 4932755.818068105727434, 7476822.604337869212031 ], [ 4932746.131504977121949, 7476846.859651933424175 ], [ 4932736.742305671796203, 7476871.193801995366812 ], [ 4932728.659515234641731, 7476894.957844671793282 ], [ 4932722.624463140964508, 7476917.678849294781685 ], [ 4932721.38337469752878, 7476924.351486351341009 ], [ 4932718.57477311603725, 7476939.533739255741239 ], [ 4932716.272598287090659, 7476960.909081496298313 ], [ 4932715.428804568015039, 7476982.180139936506748 ], [ 4932715.795274536125362, 7477003.733434643596411 ], [ 4932717.153953839093447, 7477026.121741505339742 ], [ 4932719.478520610369742, 7477050.651776311919093 ], [ 4932722.834222507663071, 7477078.818932887166739 ], [ 4932727.224610783159733, 7477112.140480762347579 ], [ 4932732.715039192698896, 7477152.089663297869265 ], [ 4932739.230515575967729, 7477199.374936208128929 ], [ 4932746.42255824431777, 7477251.547210089862347 ], [ 4932753.833320467732847, 7477305.348448095843196 ], [ 4932761.02547593601048, 7477357.520706286653876 ], [ 4932767.55141762830317, 7477404.805997108109295 ], [ 4932773.021647970192134, 7477444.732906312681735 ], [ 4932777.382115497253835, 7477477.91031385678798 ], [ 4932780.596070471219718, 7477505.678115756250918 ], [ 4932782.688174539245665, 7477529.420778744854033 ], [ 4932783.63185447640717, 7477550.500392409041524 ], [ 4932783.483902963809669, 7477570.00254381261766 ], [ 4932782.34713554289192, 7477587.894463853910565 ], [ 4932780.428267675451934, 7477603.866972064599395 ], [ 4932777.903263579122722, 7477617.599676893092692 ], [ 4932774.937870589084923, 7477628.761066697537899 ], [ 4932771.717440142296255, 7477637.230138773098588 ], [ 4932768.423989646136761, 7477643.63896532356739 ], [ 4932765.2695537135005, 7477648.796949150972068 ], [ 4932762.445582919754088, 7477653.524476917460561 ], [ 4932760.143674581311643, 7477658.608711495064199 ], [ 4932758.473875797353685, 7477664.703556470572948 ], [ 4932757.149290213361382, 7477671.674843156710267 ], [ 4932755.811836467124522, 7477679.233039582148194 ], [ 4932754.103432619012892, 7477687.088613665662706 ], [ 4932751.655777756124735, 7477694.940913068130612 ], [ 4932748.213020738214254, 7477702.600531738251448 ], [ 4932743.95840282458812, 7477710.422675881534815 ], [ 4932739.177495503798127, 7477718.840529017150402 ], [ 4932734.186427089385688, 7477728.342784551903605 ], [ 4932729.270769201219082, 7477739.362626625224948 ], [ 4932724.68607674818486, 7477752.155909151770175 ], [ 4932720.517138377763331, 7477766.124966416507959 ], [ 4932716.747149446047843, 7477780.428035921417177 ], [ 4932713.420812428928912, 7477794.245777416042984 ], [ 4932710.572563115507364, 7477806.758805193006992 ], [ 4932708.153520290739834, 7477817.413160571828485 ], [ 4932706.03787484113127, 7477826.795252989977598 ], [ 4932704.006280895322561, 7477835.745798653922975 ], [ 4932701.88036325853318, 7477845.127844923175871 ], [ 4932699.481794962659478, 7477855.793364410288632 ], [ 4932696.653764742426574, 7477868.372928076423705 ], [ 4932693.602209313772619, 7477882.734550407156348 ], [ 4932690.575265203602612, 7477898.491711671464145 ], [ 4932687.800436994992197, 7477915.279950525611639 ], [ 4932685.566835654899478, 7477932.735078888013959 ], [ 4932684.030046842060983, 7477950.503391662612557 ], [ 4932683.109552880749106, 7477968.219062130898237 ], [ 4932682.652913817204535, 7477985.527019492350519 ], [ 4932682.497470477595925, 7478002.061072774231434 ], [ 4932682.511316479183733, 7478017.466242192313075 ], [ 4932682.531005570665002, 7478031.553530843928456 ], [ 4932682.564988666214049, 7478044.73274546302855 ], [ 4932682.579762612469494, 7478057.612853951752186 ], [ 4932682.613697485998273, 7478070.803142806515098 ], [ 4932682.643705148249865, 7478084.879401502199471 ], [ 4932682.636675326153636, 7478100.362000814639032 ], [ 4932682.417174479924142, 7478117.449510115198791 ], [ 4932681.769139492884278, 7478136.240645058453083 ], [ 4932680.466238279826939, 7478156.834075720980763 ], [ 4932678.30247609782964, 7478179.372861605137587 ], [ 4932675.195903407409787, 7478203.812339632771909 ], [ 4932671.610869670286775, 7478229.63405049033463 ], [ 4932668.166381819173694, 7478256.17624793574214 ], [ 4932665.430014537647367, 7478282.799107870087028 ], [ 4932664.724613952450454, 7478295.997190430760384 ], [ 4932664.051636283285916, 7478308.829946825280786 ], [ 4932664.372497066855431, 7478333.727610936388373 ], [ 4932665.859415894374251, 7478357.323613319545984 ], [ 4932667.752873850986362, 7478379.548137133009732 ], [ 4932669.26244552526623, 7478400.353378579951823 ], [ 4932669.608165445737541, 7478419.647281303070486 ], [ 4932668.256444136612117, 7478437.349956074729562 ], [ 4932665.567485885694623, 7478453.2747274748981 ], [ 4932662.117417583242059, 7478467.169428165070713 ], [ 4932658.482172762043774, 7478478.826189557090402 ], [ 4932655.227566672489047, 7478488.003874115645885 ], [ 4932652.805388748645782, 7478494.704485511407256 ], [ 4932650.97564899828285, 7478499.790797306224704 ], [ 4932649.322868814691901, 7478504.335226556286216 ], [ 4932647.482858940027654, 7478509.421492399647832 ], [ 4932645.060674502514303, 7478516.12210257165134 ], [ 4932641.805954837240279, 7478525.321933509781957 ], [ 4932638.05699809640646, 7478537.144308371469378 ], [ 4932634.28661746904254, 7478551.480575574561954 ], [ 4932630.988065515644848, 7478568.244324269704521 ], [ 4932628.634110595099628, 7478587.337978208437562 ], [ 4932627.564531869255006, 7478608.552622897550464 ], [ 4932627.484805182553828, 7478631.156012601219118 ], [ 4932627.957095286808908, 7478654.315592187456787 ], [ 4932628.523126504383981, 7478677.176566323265433 ], [ 4932628.745156152173877, 7478698.884230948984623 ], [ 4932628.297896244563162, 7478718.69512933678925 ], [ 4932627.285007078200579, 7478736.388224717229605 ], [ 4932625.943487477488816, 7478751.776296185329556 ], [ 4932624.499725725501776, 7478764.749599635601044 ], [ 4932623.190673920325935, 7478775.131988842971623 ], [ 4932622.16996116284281, 7478783.012744074687362 ], [ 4932621.351660906337202, 7478789.244246589019895 ], [ 4932620.617862857878208, 7478794.94453177973628 ], [ 4932619.799512363038957, 7478801.187108779326081 ], [ 4932618.778845684602857, 7478809.056789020076394 ], [ 4932617.469787185080349, 7478819.439177409745753 ], [ 4932616.067135351710021, 7478832.401586998254061 ], [ 4932614.838646944612265, 7478847.768008143641055 ], [ 4932614.031396290287375, 7478865.395563995465636 ], [ 4932613.892557469196618, 7478885.119228458032012 ], [ 4932614.679672775790095, 7478906.751871638000011 ], [ 4932616.373733260668814, 7478929.950088956393301 ], [ 4932618.997097808867693, 7478954.304210180416703 ], [ 4932622.489685080945492, 7478979.470648279413581 ], [ 4932626.86358564067632, 7479005.039687244221568 ], [ 4932631.966646761633456, 7479030.589807765558362 ], [ 4932637.102544750086963, 7479055.686002819798887 ], [ 4932641.503367216326296, 7479079.826500106602907 ], [ 4932644.349756672978401, 7479102.531449891626835 ], [ 4932644.863424244336784, 7479123.321184993721545 ], [ 4932642.440148719586432, 7479141.827557649463415 ], [ 4932637.356723450124264, 7479158.151467709802091 ], [ 4932630.105089572258294, 7479172.505516160279512 ], [ 4932621.156556664966047, 7479185.124361854046583 ], [ 4932611.013290924951434, 7479196.231726046651602 ], [ 4932600.146606096066535, 7479206.062268810346723 ], [ 4932589.02766955178231, 7479214.883875213563442 ], [ 4932578.107014143839478, 7479222.986489723436534 ], [ 4932567.866027194075286, 7479230.649120179004967 ], [ 4932558.744875118136406, 7479238.183817153796554 ], [ 4932551.132726560346782, 7479245.824881849810481 ], [ 4932545.069772204384208, 7479253.771841879934072 ], [ 4932540.503885298967361, 7479262.201664859429002 ], [ 4932537.40357422363013, 7479271.269259864464402 ], [ 4932535.69612626824528, 7479281.162576962262392 ], [ 4932535.412054171785712, 7479291.948200983926654 ], [ 4932536.675860832445323, 7479303.338739154860377 ], [ 4932539.715176840312779, 7479314.947582617402077 ], [ 4932544.706143573857844, 7479326.421117650344968 ], [ 4932551.855953641235828, 7479337.350493310019374 ], [ 4932561.176108258776367, 7479347.45888677239418 ], [ 4932571.926935863681138, 7479356.820535097271204 ], [ 4932583.13234196882695, 7479365.564002009108663 ], [ 4932593.908499035052955, 7479373.851487815380096 ], [ 4932603.258624673821032, 7479381.84469429589808 ], [ 4932610.494137266650796, 7479389.673467950895429 ], [ 4932615.624761535786092, 7479397.459678146056831 ], [ 4932618.937570444308221, 7479405.304273690097034 ], [ 4932620.668147689662874, 7479413.341198541224003 ], [ 4932621.072810962796211, 7479421.660188621841371 ], [ 4932620.274092864245176, 7479430.416835075244308 ], [ 4932617.839681527577341, 7479439.841791896149516 ], [ 4932613.213942836970091, 7479450.187315093353391 ], [ 4932605.851312263868749, 7479461.750003226101398 ], [ 4932595.165393338538706, 7479474.770897287875414 ], [ 4932580.991238688118756, 7479489.393231408670545 ], [ 4932564.563029111362994, 7479505.179480716586113 ], [ 4932547.505648941732943, 7479521.583110272884369 ], [ 4932531.433870416134596, 7479538.024322411045432 ], [ 4932517.951960568316281, 7479553.978653408586979 ], [ 4932508.335254516452551, 7479568.997706814669073 ], [ 4932502.387972756288946, 7479583.235667525790632 ], [ 4932499.543924658559263, 7479597.011194365099072 ], [ 4932499.257699866779149, 7479610.587661810219288 ], [ 4932500.993957621045411, 7479624.272786904126406 ], [ 4932504.063768154941499, 7479638.273930323310196 ], [ 4932507.338318832218647, 7479652.419954877346754 ], [ 4932509.596718882210553, 7479666.461791628971696 ], [ 4932509.577194824814796, 7479680.105891484767199 ], [ 4932506.058748554438353, 7479693.125334803014994 ], [ 4932498.241100654006004, 7479705.361516878008842 ], [ 4932487.241859385743737, 7479717.195940965786576 ], [ 4932474.588991624303162, 7479729.100533054210246 ], [ 4932461.861663684248924, 7479741.580675095319748 ], [ 4932450.598068911582232, 7479755.119422238320112 ], [ 4932442.008691232651472, 7479769.999029915779829 ], [ 4932435.879714122973382, 7479785.808783181011677 ], [ 4932431.649315963499248, 7479801.881697066128254 ], [ 4932428.755427631549537, 7479817.60615823790431 ], [ 4932426.656614070758224, 7479832.348494654521346 ], [ 4932424.851577694527805, 7479845.685634061694145 ], [ 4932423.174048770219088, 7479858.059830268844962 ], [ 4932421.539020919241011, 7479870.113045237958431 ], [ 4932419.861536525189877, 7479882.47616626508534 ], [ 4932418.056440495885909, 7479895.824379021301866 ], [ 4932416.008952604606748, 7479910.566941532306373 ], [ 4932413.535808281973004, 7479926.348644210025668 ], [ 4932410.423969941213727, 7479942.581573600880802 ], [ 4932406.470766719430685, 7479958.655712526291609 ], [ 4932401.473231909796596, 7479974.027491172775626 ], [ 4932395.217735800892115, 7479988.241890471428633 ], [ 4932387.549257128499448, 7480001.519715802744031 ], [ 4932378.322254693135619, 7480014.259011277928948 ], [ 4932367.350258438847959, 7480026.824413568712771 ], [ 4932354.518531549721956, 7480039.614102049730718 ], [ 4932339.846176872029901, 7480052.949327152222395 ], [ 4932324.174305437132716, 7480067.044250854291022 ], [ 4932308.549804140813649, 7480082.025356098078191 ], [ 4932294.01941544841975, 7480098.052353793755174 ], [ 4932281.609397338703275, 7480115.273792433552444 ], [ 4932272.099803541786969, 7480133.781751764006913 ], [ 4932265.213872582651675, 7480153.464255220256746 ], [ 4932260.428633140400052, 7480174.152852788567543 ], [ 4932257.179986651055515, 7480195.689984356053174 ], [ 4932254.965495798736811, 7480217.907288828864694 ], [ 4932253.271168277598917, 7480240.924298537895083 ], [ 4932251.926579947583377, 7480266.11353219486773 ], [ 4932250.760318418964744, 7480295.069000357761979 ], [ 4932249.6211629929021, 7480329.462327083572745 ], [ 4932248.378677056171, 7480370.909854629077017 ], [ 4932246.926515248604119, 7480420.230644920840859 ], [ 4932245.317649196833372, 7480474.755900629796088 ], [ 4932243.649583366699517, 7480531.041785908862948 ], [ 4932242.050976818427444, 7480585.567080814391375 ], [ 4932240.588577978312969, 7480634.876739211380482 ], [ 4932239.397516676224768, 7480676.30233265273273 ], [ 4932238.649758216924965, 7480710.43159412778914 ], [ 4932238.503297219984233, 7480738.682805515825748 ], [ 4932239.146986346691847, 7480762.46331106312573 ], [ 4932240.759359966032207, 7480783.19148344732821 ], [ 4932243.417443145997822, 7480802.019446877762675 ], [ 4932246.823029248043895, 7480819.034470414742827 ], [ 4932250.596889054402709, 7480834.068741392344236 ], [ 4932254.349521833471954, 7480846.954401784576476 ], [ 4932257.681155810132623, 7480857.523548187687993 ], [ 4932260.34527117293328, 7480865.78615746460855 ], [ 4932262.512795738875866, 7480872.562528116628528 ], [ 4932264.528549393638968, 7480878.82878059707582 ], [ 4932266.706347391940653, 7480885.605196210555732 ], [ 4932269.360203580930829, 7480893.867757650092244 ], [ 4932272.702375562861562, 7480904.381572445854545 ], [ 4932276.477558725513518, 7480916.824333073571324 ], [ 4932280.297831568866968, 7480930.673794857226312 ], [ 4932283.806227379478514, 7480945.374626990407705 ], [ 4932286.635507841594517, 7480960.37145334109664 ], [ 4932288.469632525928319, 7480975.142350517213345 ], [ 4932289.351600190624595, 7480989.255592689849436 ], [ 4932289.365488144569099, 7481002.279636798426509 ], [ 4932288.585055361501873, 7481013.793968481011689 ], [ 4932287.135409540496767, 7481023.378301948308945 ], [ 4932285.078759344294667, 7481030.900016363710165 ], [ 4932282.523138012737036, 7481037.467074147425592 ], [ 4932279.513777106069028, 7481044.452953526750207 ], [ 4932276.167794629000127, 7481053.231452902778983 ], [ 4932272.540591159835458, 7481065.198245434090495 ], [ 4932268.761476102285087, 7481081.295266106724739 ], [ 4932265.193436340428889, 7481100.726745130494237 ], [ 4932262.252931212075055, 7481122.220934184268117 ], [ 4932260.32541721034795, 7481144.550246378406882 ], [ 4932259.847801057621837, 7481166.465174429118633 ], [ 4932261.112229157239199, 7481186.937062196433544 ], [ 4932264.067852692678571, 7481205.854934507980943 ], [ 4932268.570456578396261, 7481223.317821240052581 ], [ 4932274.486044697463512, 7481239.435872299596667 ], [ 4932281.64981050696224, 7481254.319100188091397 ], [ 4932289.8458441067487, 7481268.021915795281529 ], [ 4932298.540808199904859, 7481280.386895572766662 ], [ 4932307.12952387239784, 7481291.245222545228899 ], [ 4932314.996786745265126, 7481300.372662464156747 ], [ 4932321.527193681336939, 7481307.589280701242387 ], [ 4932326.37171496450901, 7481312.860301421955228 ], [ 4932330.040830701589584, 7481316.863561482168734 ], [ 4932333.311298717744648, 7481320.444203877821565 ], [ 4932336.990687972865999, 7481324.447507832199335 ], [ 4932341.824901087209582, 7481329.729552149772644 ], [ 4932348.33499123621732, 7481336.901768250390887 ], [ 4932352.922638231888413, 7481342.204861409962177 ], [ 4932355.977746617980301, 7481345.718091607093811 ], [ 4932363.974536682479084, 7481355.754214404150844 ], [ 4932371.52643484249711, 7481366.53036617860198 ], [ 4932377.8343635071069, 7481377.60000185482204 ], [ 4932382.273632294498384, 7481388.561652271077037 ], [ 4932384.937355144880712, 7481399.260685884393752 ], [ 4932386.082717888057232, 7481409.598574008792639 ], [ 4932385.977127853780985, 7481419.487907599657774 ], [ 4932384.867601252160966, 7481428.807962138205767 ], [ 4932383.062232781201601, 7481437.560107396915555 ], [ 4932380.991273355670273, 7481445.989902049303055 ], [ 4932379.115144303068519, 7481454.487011592835188 ], [ 4932377.884293404407799, 7481463.374608499929309 ], [ 4932377.769610824994743, 7481472.998105796054006 ], [ 4932379.088628880679607, 7481483.547187075950205 ], [ 4932381.627652151510119, 7481494.577909395098686 ], [ 4932385.061197112314403, 7481505.380037304013968 ], [ 4932389.011887360364199, 7481515.364927664399147 ], [ 4932393.143818319775164, 7481523.855523647740483 ], [ 4932397.140491395257413, 7481530.429575639776886 ], [ 4932400.845886557362974, 7481535.529382539913058 ], [ 4932404.154398685321212, 7481539.807888768613338 ], [ 4932406.919294249266386, 7481543.928930763155222 ], [ 4932409.045189936645329, 7481548.556573229841888 ], [ 4932410.345109690912068, 7481554.166202070191503 ], [ 4932410.409287868067622, 7481560.52342545054853 ], [ 4932408.797738511115313, 7481567.260819358751178 ], [ 4932405.029542485252023, 7481573.977552817203104 ], [ 4932398.654639262706041, 7481580.261855958029628 ], [ 4932389.427629687823355, 7481585.868988923728466 ], [ 4932378.046476860530674, 7481590.890648478642106 ], [ 4932365.42417465057224, 7481595.563461096957326 ], [ 4932352.463496807031333, 7481600.112935464829206 ], [ 4932340.067069703713059, 7481604.79780697170645 ], [ 4932328.993838584050536, 7481609.854024954140186 ], [ 4932319.252496920526028, 7481615.63602477684617 ], [ 4932310.728349648416042, 7481622.530916729010642 ], [ 4932303.27598970849067, 7481630.903524192050099 ], [ 4932296.770352483727038, 7481641.163059823215008 ], [ 4932291.148584850132465, 7481653.58611511439085 ], [ 4932286.677757054567337, 7481668.162805238738656 ], [ 4932283.69727541692555, 7481684.783894183114171 ], [ 4932282.546401048079133, 7481703.373369516804814 ], [ 4932283.574914711527526, 7481723.799891030415893 ], [ 4932286.896240543574095, 7481745.964289618656039 ], [ 4932291.741315197199583, 7481769.59734433144331 ], [ 4932297.115128552541137, 7481794.428828923031688 ], [ 4932302.022664036601782, 7481820.188518552109599 ], [ 4932305.468897915445268, 7481846.606189833953977 ], [ 4932306.756979039870203, 7481873.335423648357391 ], [ 4932306.321053692139685, 7481899.746889263391495 ], [ 4932304.903623928315938, 7481925.157253630459309 ], [ 4932303.236877677962184, 7481948.894212478771806 ], [ 4932302.073745484463871, 7481970.241254795342684 ], [ 4932301.940033464692533, 7481988.746654102578759 ], [ 4932302.5053715640679, 7482004.796558215282857 ], [ 4932303.26375796366483, 7482019.008904069662094 ], [ 4932303.678476601839066, 7482031.979342380538583 ], [ 4932303.233350373804569, 7482044.303615317679942 ], [ 4932301.494560262188315, 7482056.533532222732902 ], [ 4932298.317135912366211, 7482068.934242747724056 ], [ 4932293.669474091380835, 7482081.682802255265415 ], [ 4932287.499331838451326, 7482094.978323358111084 ], [ 4932279.754564040340483, 7482108.997769000940025 ], [ 4932270.557719125412405, 7482123.896729746833444 ], [ 4932260.566587246954441, 7482139.567384295165539 ], [ 4932250.624074441380799, 7482155.847363211214542 ], [ 4932241.572992037981749, 7482172.596448289230466 ], [ 4932234.235664055682719, 7482189.663257056847215 ], [ 4932229.393386427313089, 7482206.885150488466024 ], [ 4932227.529172942973673, 7482224.197833780199289 ], [ 4932229.126138405874372, 7482241.514861557632685 ], [ 4932234.615998296998441, 7482258.760631891898811 ], [ 4932244.46123184915632, 7482275.870751207694411 ], [ 4932258.66244519688189, 7482292.712315725162625 ], [ 4932275.526207529939711, 7482309.01197906024754 ], [ 4932292.948506210930645, 7482324.439199103042483 ], [ 4932308.804629443213344, 7482338.696575504727662 ], [ 4932320.949463438242674, 7482351.453401556238532 ], [ 4932327.771510851569474, 7482362.481022458523512 ], [ 4932329.56786367110908, 7482371.946889279410243 ], [ 4932327.107766238041222, 7482380.086996679194272 ], [ 4932321.180909459479153, 7482387.159576166421175 ], [ 4932312.556544514372945, 7482393.400617106817663 ], [ 4932302.086039381101727, 7482399.05754897929728 ], [ 4932290.723912159912288, 7482404.278588561341166 ], [ 4932279.496723727323115, 7482409.179051391780376 ], [ 4932269.420716156251729, 7482413.885284821502864 ], [ 4932261.522402946837246, 7482418.523684414103627 ], [ 4932256.602149240672588, 7482423.263939335010946 ], [ 4932254.700152301229537, 7482428.305577738210559 ], [ 4932255.650853361934423, 7482433.924733392894268 ], [ 4932259.257980966940522, 7482440.375252088531852 ], [ 4932265.366494559682906, 7482447.877937478944659 ], [ 4932273.677862446755171, 7482456.586504591628909 ], [ 4932283.516154719516635, 7482466.066024046391249 ], [ 4932294.092906447127461, 7482475.781393706798553 ], [ 4932304.619797176681459, 7482485.164289782755077 ], [ 4932314.318674986250699, 7482493.668585574254394 ], [ 4932322.636451474390924, 7482500.948503846302629 ], [ 4932329.96182933729142, 7482507.360169325955212 ], [ 4932336.970055867917836, 7482513.493550714105368 ], [ 4932344.295396721921861, 7482519.91628347709775 ], [ 4932352.60298087913543, 7482527.185064184479415 ], [ 4932362.394200876355171, 7482535.722962284460664 ], [ 4932373.557216948829591, 7482545.274757379665971 ], [ 4932385.847408825531602, 7482555.418517038226128 ], [ 4932399.020056147128344, 7482565.754458535462618 ], [ 4932412.820215137675405, 7482575.871679674834013 ], [ 4932426.961783564649522, 7482585.436664348468184 ], [ 4932440.921104186214507, 7482594.413862067274749 ], [ 4932454.163805269636214, 7482602.867349848151207 ], [ 4932466.124751372262836, 7482610.84999518096447 ], [ 4932476.259396763518453, 7482618.40368370898068 ], [ 4932484.063638931140304, 7482625.714453706517816 ], [ 4932489.390588831156492, 7482633.479368889704347 ], [ 4932492.093013955280185, 7482642.473013962619007 ], [ 4932492.074788925237954, 7482653.525573132559657 ], [ 4932489.219392253085971, 7482667.433914324268699 ], [ 4932483.484306840226054, 7482684.519016308709979 ], [ 4932475.061519279144704, 7482703.175883603282273 ], [ 4932464.186362176202238, 7482721.290271813049912 ], [ 4932451.135208652354777, 7482736.759192870929837 ], [ 4932436.174121641553938, 7482747.490687506273389 ], [ 4932419.638071144931018, 7482752.068664610385895 ], [ 4932402.414925431832671, 7482751.781738687306643 ], [ 4932385.420064401812851, 7482748.660661265254021 ], [ 4932369.651221457868814, 7482744.692255097441375 ], [ 4932356.044446527957916, 7482741.874147715047002 ], [ 4932345.342361089773476, 7482741.815491804853082 ], [ 4932337.360036313533783, 7482744.526546109467745 ], [ 4932331.719026936218143, 7482749.651238612830639 ], [ 4932328.020397920161486, 7482756.822329527698457 ], [ 4932325.855043350718915, 7482765.650382958352566 ], [ 4932324.916270092129707, 7482775.81286645680666 ], [ 4932325.163834581151605, 7482787.121329687535763 ], [ 4932326.66020171623677, 7482799.387778829783201 ], [ 4932329.447196874767542, 7482812.44627751968801 ], [ 4932333.566596609540284, 7482826.141963606700301 ], [ 4932339.009217600338161, 7482840.23114962130785 ], [ 4932345.324919622391462, 7482854.313140214420855 ], [ 4932352.053732392378151, 7482867.887523813173175 ], [ 4932358.694550322368741, 7482880.464781660586596 ], [ 4932364.756486906670034, 7482891.566516153514385 ], [ 4932369.891559900715947, 7482900.914311844855547 ], [ 4932374.374520135112107, 7482909.085279871709645 ], [ 4932378.643470037728548, 7482916.878752524033189 ], [ 4932383.136710845865309, 7482925.049763225950301 ], [ 4932388.271807107143104, 7482934.397551789879799 ], [ 4932394.333640450611711, 7482945.532496444880962 ], [ 4932401.055811090394855, 7482958.30944025143981 ], [ 4932407.977459781803191, 7482972.42731586843729 ], [ 4932414.668636379763484, 7482987.563044540584087 ], [ 4932420.719881093129516, 7483003.404714131727815 ], [ 4932425.813924423418939, 7483019.696196490898728 ], [ 4932430.177019987255335, 7483036.372048515826464 ], [ 4932434.209733705036342, 7483053.434049347415566 ], [ 4932438.292140417732298, 7483070.872811820358038 ], [ 4932442.793996521271765, 7483088.689977318048477 ], [ 4932447.99271943885833, 7483106.864627223461866 ], [ 4932453.837153571657836, 7483125.352234540507197 ], [ 4932460.163161709904671, 7483144.107770843431354 ], [ 4932466.847739151678979, 7483163.075315703637898 ], [ 4932473.716377803124487, 7483182.231944723054767 ], [ 4932480.656440744176507, 7483201.49963441491127 ], [ 4932487.616769500076771, 7483220.833858588710427 ], [ 4932494.597511600703001, 7483240.201393520459533 ], [ 4932501.557828300632536, 7483259.546684151515365 ], [ 4932508.497965048067272, 7483278.814357680268586 ], [ 4932515.377475439570844, 7483297.860262667760253 ], [ 4932522.065190729685128, 7483316.152228208258748 ], [ 4932528.440849917009473, 7483333.014159927144647 ], [ 4932534.363353528082371, 7483347.836320034228265 ], [ 4932539.681575058959424, 7483359.953552659600973 ], [ 4932544.325133240781724, 7483369.022228583693504 ], [ 4932548.444214549846947, 7483375.917921781539917 ], [ 4932552.20832281652838, 7483381.79316097125411 ], [ 4932555.84854172822088, 7483387.811822255142033 ], [ 4932559.534329344518483, 7483395.137508347630501 ], [ 4932563.416320187970996, 7483404.546121058985591 ], [ 4932567.333120698109269, 7483415.372458389028907 ], [ 4932571.063524111174047, 7483426.541286770254374 ], [ 4932574.365632193163037, 7483437.010505622252822 ], [ 4932577.028506006114185, 7483445.704927446320653 ], [ 4932578.931929907761514, 7483451.937383990734816 ], [ 4932580.30875585693866, 7483456.473066702485085 ], [ 4932581.523793438449502, 7483460.432144194841385 ], [ 4932582.900621018372476, 7483464.967826588079333 ], [ 4932584.804049994796515, 7483471.200282142497599 ], [ 4932587.476521004922688, 7483480.049790835939348 ], [ 4932590.804513463750482, 7483491.637671906501055 ], [ 4932594.562553169205785, 7483505.852178449742496 ], [ 4932598.555979421362281, 7483522.581700176000595 ], [ 4932602.559218872338533, 7483541.736639669165015 ], [ 4932606.449851542711258, 7483563.128183487802744 ], [ 4932610.353831576183438, 7483586.147776525467634 ], [ 4932614.489653314463794, 7483610.16512368619442 ], [ 4932619.076203916221857, 7483634.461333243176341 ], [ 4932623.646906754933298, 7483655.379664084874094 ], [ 4932624.311436071060598, 7483658.406018750742078 ], [ 4932630.300615020096302, 7483681.423757134005427 ], [ 4932636.674070145003498, 7483703.490762069821358 ], [ 4932642.907567031681538, 7483724.693311659619212 ], [ 4932648.507535835728049, 7483745.151044933125377 ], [ 4932652.970279923640192, 7483764.950332520529628 ], [ 4932655.812937304377556, 7483784.111189033836126 ], [ 4932656.573970765806735, 7483802.476527079939842 ], [ 4932654.843639744445682, 7483819.789814876392484 ], [ 4932650.181290305219591, 7483835.816532157361507 ], [ 4932642.146415263414383, 7483850.288932960480452 ], [ 4932630.647102699615061, 7483863.084783000871539 ], [ 4932616.750605926848948, 7483874.430294072255492 ], [ 4932601.903787842020392, 7483884.65303373336792 ], [ 4932587.532971667125821, 7483894.080483639612794 ], [ 4932575.033717426471412, 7483903.028919618576765 ], [ 4932565.544847396202385, 7483911.802409525960684 ], [ 4932559.003658470697701, 7483920.644326047971845 ], [ 4932555.080582561902702, 7483929.75255867652595 ], [ 4932553.425507647916675, 7483939.324904093518853 ], [ 4932553.698494581505656, 7483949.581352321431041 ], [ 4932555.580735730007291, 7483960.609088929370046 ], [ 4932559.002050797455013, 7483972.020185296423733 ], [ 4932563.892651653848588, 7483983.338115969672799 ], [ 4932570.193119041621685, 7483994.064251570031047 ], [ 4932577.874749177135527, 7484003.722248049452901 ], [ 4932586.805924378335476, 7484011.879604483023286 ], [ 4932596.801803706213832, 7484018.52442561276257 ], [ 4932607.595274155959487, 7484023.666601805016398 ], [ 4932618.919074853882194, 7484027.349247688427567 ], [ 4932630.536759325303137, 7484029.615614973008633 ], [ 4932642.211586936376989, 7484030.575403372757137 ], [ 4932653.808357883244753, 7484030.604556920938194 ], [ 4932665.253013530746102, 7484030.190038120374084 ], [ 4932676.440779773518443, 7484029.796524305827916 ], [ 4932687.277155542746186, 7484029.888738472014666 ], [ 4932697.575000514276326, 7484030.975293358787894 ], [ 4932706.724863758310676, 7484033.828729953616858 ], [ 4932714.034926299937069, 7484039.265525479800999 ], [ 4932718.803145597688854, 7484048.091038011945784 ], [ 4932720.337600573897362, 7484061.143894508481026 ], [ 4932718.266840696334839, 7484078.798996523022652 ], [ 4932713.428437639027834, 7484099.797520993277431 ], [ 4932707.031507642008364, 7484122.483594685792923 ], [ 4932700.254604374989867, 7484145.14583657309413 ], [ 4932694.276046109385788, 7484166.128240196965635 ], [ 4932690.07738097384572, 7484184.139398150146008 ], [ 4932687.82144758477807, 7484199.523349475115538 ], [ 4932687.484624791890383, 7484212.977700769901276 ], [ 4932689.02259935438633, 7484225.233190724626184 ], [ 4932692.391008267179132, 7484237.031631847843528 ], [ 4932697.59802230540663, 7484248.849273847416043 ], [ 4932704.696228354237974, 7484260.409478005021811 ], [ 4932713.801164887845516, 7484271.136864401400089 ], [ 4932724.986939067952335, 7484280.533392446115613 ], [ 4932738.358666877262294, 7484288.056858500465751 ], [ 4932753.804726052097976, 7484293.396670549176633 ], [ 4932770.336279849521816, 7484297.168643149547279 ], [ 4932786.778621872887015, 7484300.2092694202438 ], [ 4932801.957243751734495, 7484303.310749225318432 ], [ 4932814.656258877366781, 7484307.331552804447711 ], [ 4932823.938049188815057, 7484312.920960710383952 ], [ 4932829.792342041619122, 7484320.078933862969279 ], [ 4932832.4253039509058, 7484328.640264304354787 ], [ 4932832.053420570679009, 7484338.42871258687228 ], [ 4932828.882806986570358, 7484349.290141243487597 ], [ 4932823.33484697714448, 7484361.171033915132284 ], [ 4932816.548489298671484, 7484374.353282465599477 ], [ 4932809.846943942829967, 7484389.263565068133175 ], [ 4932804.584338623099029, 7484406.306548886932433 ], [ 4932802.063399133272469, 7484425.897750351577997 ], [ 4932803.259673736058176, 7484448.107923983596265 ], [ 4932807.5726576782763, 7484471.682970587164164 ], [ 4932814.043839795514941, 7484495.02389257401228 ], [ 4932821.69410765171051, 7484516.542677028104663 ], [ 4932829.575203930959105, 7484534.640374274924397 ], [ 4932836.911239718087018, 7484548.228235959075391 ], [ 4932843.862211847677827, 7484558.292622357606888 ], [ 4932850.781041800044477, 7484566.330182813107967 ], [ 4932858.0104317124933, 7484573.826446006074548 ], [ 4932865.923756815493107, 7484582.300299281254411 ], [ 4932874.74212259799242, 7484592.860191773623228 ], [ 4932884.292228158563375, 7484605.206339471042156 ], [ 4932894.227611382491887, 7484618.705952946096659 ], [ 4932904.232721207663417, 7484632.70423043705523 ], [ 4932913.981780406087637, 7484646.535251287743449 ], [ 4932923.2611722080037, 7484659.721860684454441 ], [ 4932932.183252859860659, 7484672.408526199869812 ], [ 4932940.993087363429368, 7484684.928570289164782 ], [ 4932949.915198223665357, 7484697.615224320441484 ], [ 4932959.184381576254964, 7484710.80176427680999 ], [ 4932968.902287944220006, 7484724.732281439006329 ], [ 4932978.106509514153004, 7484738.682680517435074 ], [ 4932978.657548251561821, 7484739.515712012536824 ], [ 4932987.895518513396382, 7484755.13854054082185 ], [ 4932996.092173852957785, 7484771.63168669398874 ], [ 4932996.945142382755876, 7484773.883614046499133 ], [ 4933002.692767892964184, 7484789.003786515444517 ], [ 4933007.317226645536721, 7484807.253170285373926 ], [ 4933010.243574446067214, 7484826.226016333326697 ], [ 4933011.893549457192421, 7484845.791283749975264 ], [ 4933012.689183824695647, 7484865.75148378778249 ], [ 4933013.052219385281205, 7484885.975574592128396 ], [ 4933013.363359934650362, 7484906.321258897893131 ], [ 4933013.663986468687654, 7484926.722270211204886 ], [ 4933013.96456603333354, 7484947.134355560876429 ], [ 4933014.275468307547271, 7484967.535411055199802 ], [ 4933014.576343582943082, 7484987.881048201583326 ], [ 4933014.959983376786113, 7485008.094151863828301 ], [ 4933015.879148666746914, 7485027.999517211690545 ], [ 4933017.858752406202257, 7485047.366882795467973 ], [ 4933021.423612514510751, 7485065.988135753199458 ], [ 4933027.108918567188084, 7485083.633058376610279 ], [ 4933035.223821075633168, 7485100.08151239156723 ], [ 4933045.132510236464441, 7485115.087054546922445 ], [ 4933056.024639010429382, 7485128.380325993523002 ], [ 4933067.038396741263568, 7485139.713893348351121 ], [ 4933077.353156080469489, 7485148.818357207812369 ], [ 4933086.342489846050739, 7485155.64666841737926 ], [ 4933094.197919389232993, 7485161.030276654288173 ], [ 4933101.367195251397789, 7485165.934653090313077 ], [ 4933108.266961704008281, 7485171.391579685732722 ], [ 4933115.334556218236685, 7485178.399704102426767 ], [ 4933122.792522209696472, 7485187.746309921145439 ], [ 4933130.148711460642517, 7485199.21881571225822 ], [ 4933136.726799405179918, 7485212.437711464241147 ], [ 4933141.799436093308032, 7485226.945741191506386 ], [ 4933144.721252664923668, 7485242.330308463424444 ], [ 4933144.990690971724689, 7485258.179447898641229 ], [ 4933143.113183930516243, 7485274.019164269790053 ], [ 4933139.758477654308081, 7485289.387257444672287 ], [ 4933135.627090371213853, 7485303.832737054675817 ], [ 4933131.409368390217423, 7485316.882419036701322 ], [ 4933127.650970827788115, 7485328.261830197647214 ], [ 4933124.2570163263008, 7485338.524291443638504 ], [ 4933120.987932183779776, 7485348.421833679080009 ], [ 4933117.604241687804461, 7485358.684338536113501 ], [ 4933113.856048457324505, 7485370.074865900911391 ], [ 4933109.597055333666503, 7485383.157584968023002 ], [ 4933105.217665433883667, 7485397.92313492577523 ], [ 4933101.180920707993209, 7485414.196353206411004 ], [ 4933097.970459148287773, 7485431.791093371808529 ], [ 4933096.049424952827394, 7485450.51004447042942 ], [ 4933095.798249362036586, 7485470.277354354038835 ], [ 4933097.071711945347488, 7485491.413552582263947 ], [ 4933099.590659120120108, 7485514.327177995815873 ], [ 4933103.106754811480641, 7485539.42690456751734 ], [ 4933107.351165959611535, 7485567.11024147644639 ], [ 4933112.066449865698814, 7485597.520029018633068 ], [ 4933117.082011492922902, 7485629.73631411138922 ], [ 4933122.177056232467294, 7485662.573129980824888 ], [ 4933127.182392559945583, 7485694.789363220334053 ], [ 4933131.907939771190286, 7485725.221332401037216 ], [ 4933136.183284834958613, 7485752.9047881225124 ], [ 4933139.925511036068201, 7485778.00548835285008 ], [ 4933143.050487055443227, 7485800.966054104268551 ], [ 4933145.059143985621631, 7485818.461875578388572 ], [ 4933145.484549276530743, 7485822.184853314422071 ], [ 4933135.939632873050869, 7485848.223971779458225 ], [ 4933091.716278149746358, 7485854.752205420285463 ], [ 4933083.142170979641378, 7485872.578101878985763 ], [ 4933100.960376401431859, 7485885.547337153926492 ], [ 4933122.440602015703917, 7485881.04561716876924 ], [ 4933166.450421623885632, 7485888.082905665971339 ], [ 4933176.424386234954, 7485921.151507128961384 ], [ 4933195.784896336495876, 7485943.219746330752969 ], [ 4933217.389046364463866, 7485943.270149622112513 ], [ 4933278.005918426439166, 7485977.213958234526217 ], [ 4933291.569323785603046, 7486014.107895953580737 ], [ 4933263.016188210807741, 7486061.936451345682144 ], [ 4933187.720200544223189, 7486074.497487468644977 ], [ 4933172.852441902272403, 7486089.106311959214509 ], [ 4933245.903606137260795, 7486108.253540007397532 ], [ 4933253.271610411815345, 7486149.993245469406247 ], [ 4933243.918741695582867, 7486223.654596970416605 ], [ 4933212.277252330444753, 7486254.060059923678637 ], [ 4933205.023665680550039, 7486284.672043172642589 ], [ 4933194.440323511138558, 7486322.57874745503068 ], [ 4933212.169265981763601, 7486358.405674072913826 ], [ 4933208.136108409613371, 7486408.999501819722354 ], [ 4933171.590863527730107, 7486435.374344798736274 ], [ 4933195.265353021211922, 7486504.673025832511485 ], [ 4933148.431097819469869, 7486515.786041933111846 ], [ 4933145.572115322574973, 7486617.173694318160415 ], [ 4933161.393424530513585, 7486720.260169496759772 ], [ 4933145.271119978278875, 7486770.12539517134428 ], [ 4933148.706353927031159, 7486823.133012041449547 ], [ 4933147.945894081145525, 7486860.661912003532052 ], [ 4933058.658904522657394, 7486881.245602061972022 ], [ 4933051.397498881444335, 7486901.812699362635612 ], [ 4933083.351052014157176, 7486906.006349557079375 ], [ 4933090.741837026551366, 7486944.899993764236569 ], [ 4933119.01245307084173, 7486961.946227335371077 ], [ 4933143.762117614969611, 7486971.302183391526341 ], [ 4933147.261887554079294, 7486986.17980726249516 ], [ 4933138.771551706828177, 7486991.812828602269292 ], [ 4933135.074795559979975, 7487005.451745346188545 ], [ 4933134.527234896086156, 7487024.8854785785079 ], [ 4933092.285887011326849, 7487063.605639031156898 ], [ 4933093.1957454578951, 7487085.7037004083395 ], [ 4933080.486676306463778, 7487116.191998317837715 ], [ 4933075.313133793883026, 7487197.081194182857871 ], [ 4933066.199137365445495, 7487227.72923212684691 ], [ 4933052.398919031023979, 7487246.960801374167204 ], [ 4933050.578981274738908, 7487270.685933588072658 ], [ 4933082.474893770180643, 7487276.485142133198678 ], [ 4933111.06407540012151, 7487272.579398101195693 ], [ 4933110.460991154424846, 7487288.269627537578344 ], [ 4933097.615259356796741, 7487300.705547029152513 ], [ 4933059.50472950655967, 7487308.667112519033253 ], [ 4933050.020787451416254, 7487322.934006784111261 ], [ 4933037.157259284518659, 7487346.42236833460629 ], [ 4933022.026411675848067, 7487341.095415916293859 ], [ 4933018.518124382011592, 7487372.598654012195766 ], [ 4932992.891048096120358, 7487366.383880205452442 ], [ 4932989.558472319506109, 7487397.633166339248419 ], [ 4932980.577876426279545, 7487407.217625523917377 ], [ 4932982.396291281096637, 7487428.278658989816904 ], [ 4932993.265336814336479, 7487456.555885542184114 ], [ 4932998.230442798696458, 7487481.661940462887287 ], [ 4932983.993805500678718, 7487483.238433413207531 ], [ 4932970.237414370290935, 7487487.751824712380767 ], [ 4932969.115952678024769, 7487497.459422636777163 ], [ 4932970.701430478133261, 7487524.765572374686599 ], [ 4932968.656775675714016, 7487543.483931853435934 ], [ 4932975.555044763721526, 7487568.221949664875865 ], [ 4932974.525123624131083, 7487578.140369161963463 ], [ 4932946.101371895521879, 7487588.680357162840664 ], [ 4932936.507867350243032, 7487583.410900728777051 ], [ 4932900.959925292059779, 7487597.219737622886896 ], [ 4932859.914908681064844, 7487643.763309234753251 ], [ 4932848.810021457262337, 7487713.396539877168834 ], [ 4932856.020985713228583, 7487769.765380381606519 ], [ 4932805.977860746905208, 7487797.010260982438922 ], [ 4932802.65766217187047, 7487816.02199656330049 ], [ 4932814.447161673568189, 7487833.594143960624933 ], [ 4932821.64335760101676, 7487890.970729237422347 ], [ 4932814.653598231263459, 7487898.681164707988501 ], [ 4932812.963468634523451, 7487909.172550082206726 ], [ 4932813.572847387753427, 7487922.442744842730463 ], [ 4932811.026641893200576, 7487938.345894586294889 ], [ 4932801.46193915605545, 7487942.82223766669631 ], [ 4932788.24942010641098, 7487933.394804610870779 ], [ 4932784.780210879631341, 7487953.568723415955901 ], [ 4932773.65003882907331, 7487963.553358828648925 ], [ 4932799.976728865876794, 7487981.422153485938907 ], [ 4932798.107575858011842, 7487992.898397679440677 ], [ 4932795.910791385918856, 7488006.444169692695141 ], [ 4932784.938558480702341, 7488010.892151772975922 ], [ 4932772.831858426332474, 7487997.659878694452345 ], [ 4932744.692244610749185, 7487985.49759672768414 ], [ 4932737.777761219069362, 7487994.758790913969278 ], [ 4932734.117364759556949, 7488014.001579789444804 ], [ 4932775.610594813711941, 7488033.908597362227738 ], [ 4932784.062082828953862, 7488062.8951525837183 ], [ 4932743.656964904628694, 7488073.481652923859656 ], [ 4932711.562455378472805, 7488096.043259190395474 ], [ 4932690.486410170793533, 7488110.668559622950852 ], [ 4932677.390683921054006, 7488123.645702082663774 ], [ 4932677.486637813970447, 7488150.790255645290017 ], [ 4932673.800101834349334, 7488168.947592448443174 ], [ 4932642.645403982140124, 7488164.756693182513118 ], [ 4932614.571236842311919, 7488177.268939105793834 ], [ 4932629.072047472931445, 7488199.78144789673388 ], [ 4932688.352435642853379, 7488226.367772841826081 ], [ 4932685.562395899556577, 7488260.233012955635786 ], [ 4932686.420776734128594, 7488284.579023728147149 ], [ 4932730.16642686072737, 7488266.85312763787806 ], [ 4932755.304721100255847, 7488277.053036710247397 ], [ 4932747.445022972300649, 7488325.891092482954264 ], [ 4932734.76419775094837, 7488361.252108382992446 ], [ 4932750.552722782827914, 7488378.421079142950475 ], [ 4932770.852648748084903, 7488376.771832151338458 ], [ 4932781.453170763328671, 7488382.123335529118776 ], [ 4932780.594822261482477, 7488388.044523496180773 ], [ 4932748.876138095743954, 7488418.448770024813712 ], [ 4932724.068425375968218, 7488442.736969390884042 ], [ 4932716.372992526739836, 7488456.62394081428647 ], [ 4932713.029918432235718, 7488490.088047596625984 ], [ 4932730.779248390346766, 7488500.676229014992714 ], [ 4932723.768356143496931, 7488517.766813945956528 ], [ 4932700.862300101667643, 7488520.866368432529271 ], [ 4932691.734707590192556, 7488533.307297287508845 ], [ 4932672.969014337286353, 7488545.805359072051942 ], [ 4932647.866960421204567, 7488548.252810081467032 ], [ 4932635.81963018886745, 7488558.73166642524302 ], [ 4932626.877249713987112, 7488571.095853080973029 ], [ 4932623.756118825636804, 7488621.726725721731782 ], [ 4932631.41944158449769, 7488640.742624156177044 ], [ 4932628.450708895921707, 7488656.865367997437716 ], [ 4932648.519978799857199, 7488698.240503733977675 ], [ 4932649.641061439178884, 7488714.281632924452424 ], [ 4932616.006792255677283, 7488722.217650788836181 ], [ 4932613.91216604039073, 7488733.515678314492106 ], [ 4932638.680683147162199, 7488743.847016813233495 ], [ 4932648.963551322929561, 7488753.704607958905399 ], [ 4932632.674938471987844, 7488775.261598887853324 ], [ 4932622.040988422930241, 7488807.674612687900662 ], [ 4932649.111946037970483, 7488834.140873070806265 ], [ 4932647.391431805677712, 7488844.488130066543818 ], [ 4932637.244197020307183, 7488857.422889407724142 ], [ 4932626.845642475411296, 7488866.768327025696635 ], [ 4932621.419006133452058, 7488878.716122630983591 ], [ 4932625.91195179708302, 7488889.733148847706616 ], [ 4932656.187052017077804, 7488897.995644873008132 ], [ 4932660.835178953595459, 7488929.734121333807707 ], [ 4932674.302872882224619, 7488972.331501881591976 ], [ 4932667.504903130233288, 7488999.32378669641912 ], [ 4932638.372703108936548, 7489032.37502047419548 ], [ 4932607.567411974072456, 7489067.323661138303578 ], [ 4932581.417800518684089, 7489134.575582152232528 ], [ 4932572.780301139689982, 7489184.827655836939812 ], [ 4932558.269236767664552, 7489234.178863916546106 ], [ 4933453.298369477503002, 7490378.24649235419929 ], [ 4933571.779597407206893, 7491536.396865339018404 ], [ 4934753.344076246954501, 7491769.626874068751931 ], [ 4935195.376046821475029, 7491596.086438404396176 ], [ 4936392.669493697583675, 7491945.992800017818809 ], [ 4938209.730515048839152, 7492476.822046920657158 ], [ 4939503.269602299667895, 7491201.449799193069339 ], [ 4940151.041839428246021, 7490300.652424920350313 ], [ 4940120.080869367346168, 7490177.348927771672606 ], [ 4940207.283125020563602, 7490129.94839626736939 ], [ 4940184.484458517283201, 7490037.253783614374697 ] ] ] ] } },
{ "type": "Feature", "properties": { "lv_id": "LOC_078640", "id": 443095.0, "CD_SETOR": "500515205000002", "SITUACAO": "Urbana", "CD_SIT": "1", "CD_TIPO": "0", "AREA_KM2": 0.362937205293204, "CD_REGIAO": "5", "NM_REGIAO": "Centro-Oeste", "CD_UF": "50", "NM_UF": "Mato Grosso do Sul", "CD_MUN": "5005152", "NM_MUN": "Juti", "CD_DIST": "500515205", "NM_DIST": "Juti", "CD_SUBDIST": "50051520500", "NM_SUBDIST": null, "CD_BAIRRO": null, "NM_BAIRRO": null, "CD_NU": null, "NM_NU": null, "CD_FCU": null, "NM_FCU": null, "CD_AGLOM": "500515200004", "NM_AGLOM": "Aldeia Indígena Jarará", "CD_RGINT": "5002", "NM_RGINT": "Dourados", "CD_RGI": "500005", "NM_RGI": "Dourados", "CD_CONCURB": null, "NM_CONCURB": null, "mun_code_x": "5005152", "index_right": 40799, "dist_m": 291.73928019200935, "local_id": 813226, "ano": 2022, "cod_localidade_ibge": 5005152, "NR_ZONA": "28", "nr_cep": 79950000.0, "nm_localidade": "JUTI", "nm_locvot": "EMPG DORACI DE FREITAS FERNANDES", "ds_endereco": "R. AMÂNCIO CLARO, 760", "ds_bairro": "CENTRO", "pred_long": -54.6074768, "pred_lat": -22.8612464, "pred_dist": 0.0, "tse_long": -54.6075927, "tse_lat": -22.86154696, "long": -54.6075927, "lat": -22.86154696, "ID_UNICO": "LOC_078640", "SG_UF": "MS", "CD_MUNICIPIO": "91820", "NR_LOCAL_VOTACAO": "1015", "QT_SECOES_AGREGADAS": 0, "QT_ELEITORES_TRANSFERIDOS": 4, "CIRO GOMES (PDT) (NÃO ELEITO) 1T": 14.0, "CONSTITUINTE EYMAEL (DC) (NÃO ELEITO) 1T": 1.0, "FELIPE D AVILA (NOVO) (NÃO ELEITO) 1T": 6.0, "JAIR BOLSONARO (PL) (2º TURNO) 1T": 575.0, "LULA (PT) (2º TURNO) 1T": 848.0, "LÉO PÉRICLES (UP) (NÃO ELEITO) 1T": 0.0, "PADRE KELMON (PTB) (NÃO ELEITO) 1T": 0.0, "SIMONE TEBET (MDB) (NÃO ELEITO) 1T": 47.0, "SOFIA MANZANO (PCB) (NÃO ELEITO) 1T": 0.0, "SORAYA THRONICKE (UNIÃO) (NÃO ELEITO) 1T": 10.0, "VERA (PSTU) (NÃO ELEITO) 1T": 0.0, "Total_Votos_Validos 1T": 1501.0, "Votos_Brancos 1T": 11.0, "Votos_Nulos 1T": 33.0, "Abstenções 1T": 530.0, "Eleitores_Aptos 1T": 2075.0, "JAIR BOLSONARO (PL) (NÃO ELEITO) 2T": 648.0, "LULA (PT) (ELEITO) 2T": 818.0, "Total_Votos_Validos 2T": 1466.0, "Votos_Brancos 2T": 12.0, "Votos_Nulos 2T": 55.0, "Abstenções 2T": 542.0, "Eleitores_Aptos 2T": 2075.0, "mun_code_y": "5005152", "mun_code": "5005152" }, "geometry": { "type": "Polygon", "coordinates": [ [ [ 4938165.840658269822598, 7461994.008575491607189 ], [ 4938154.050473428331316, 7461997.736770309507847 ], [ 4938137.455314721912146, 7462005.122120028361678 ], [ 4938105.180468956939876, 7462014.248307645320892 ], [ 4938052.879931050352752, 7462026.891517844051123 ], [ 4937961.616311445832253, 7462046.285043321549892 ], [ 4937927.164336015470326, 7462051.027296669781208 ], [ 4937863.111830678768456, 7462055.536765694618225 ], [ 4937812.4392508296296, 7462063.822333647869527 ], [ 4937764.597102829255164, 7462077.180663402192295 ], [ 4937699.47943405713886, 7462101.132641550153494 ], [ 4937669.873309414833784, 7462114.643537631258368 ], [ 4937643.739147054031491, 7462129.386979073286057 ], [ 4937614.532277527265251, 7462148.016043277457356 ], [ 4937578.929169112816453, 7462173.06419175863266 ], [ 4937506.86196160223335, 7462230.355388936586678 ], [ 4937471.558598779141903, 7462262.182399448007345 ], [ 4937451.338569276034832, 7462282.77546021156013 ], [ 4937433.493999592028558, 7462304.364021108485758 ], [ 4937417.057022410444915, 7462327.841143991798162 ], [ 4937405.117128469981253, 7462347.759710557758808 ], [ 4937395.781413320451975, 7462367.943803241476417 ], [ 4937389.479024454019964, 7462388.793906318955123 ], [ 4937384.818107293918729, 7462412.031935272738338 ], [ 4937379.528638742864132, 7462423.60543738398701 ], [ 4937371.721144591458142, 7462458.614135207608342 ], [ 4937356.410606758669019, 7462504.699831325560808 ], [ 4937325.489800419658422, 7462589.948092877864838 ], [ 4937303.953072984702885, 7462668.047667944803834 ], [ 4937286.844870449975133, 7462714.668493134900928 ], [ 4937278.072083443403244, 7462747.391689238138497 ], [ 4937252.961641725152731, 7462814.046989878639579 ], [ 4937238.793453964404762, 7462851.664990382269025 ], [ 4937220.016466007567942, 7462897.426027029752731 ], [ 4937189.859199658036232, 7462959.065421033650637 ], [ 4937160.698154548183084, 7463008.039175808429718 ], [ 4937129.133020140230656, 7463052.96050363779068 ], [ 4937113.902603545226157, 7463069.675551674328744 ], [ 4937098.746305423788726, 7463083.367435240186751 ], [ 4937077.919548971578479, 7463096.57050487678498 ], [ 4937054.883892971090972, 7463105.688751234672964 ], [ 4937033.310881016775966, 7463108.433902159333229 ], [ 4937008.483396348543465, 7463106.934804880991578 ], [ 4936992.608468905091286, 7463103.546022986993194 ], [ 4936972.069012863561511, 7463097.058901222422719 ], [ 4936849.198531728237867, 7463049.144249417819083 ], [ 4936822.879316571168602, 7463041.370178451761603 ], [ 4936798.141816668212414, 7463038.01051705610007 ], [ 4936776.474448108114302, 7463038.805713462643325 ], [ 4936752.162837477400899, 7463043.96439640969038 ], [ 4936725.524244355037808, 7463053.654008735902607 ], [ 4936700.9474869184196, 7463065.766565907746553 ], [ 4936670.990671026520431, 7463086.406358944252133 ], [ 4936637.948954436928034, 7463113.722406374290586 ], [ 4936614.634756036102772, 7463135.353511762805283 ], [ 4936595.99305060505867, 7463155.719527795910835 ], [ 4936568.281107971444726, 7463196.170569442212582 ], [ 4936536.815931814722717, 7463253.395397698506713 ], [ 4936508.127377893775702, 7463299.147126329131424 ], [ 4936493.53778569586575, 7463319.363950481638312 ], [ 4936475.025082076899707, 7463340.671737412922084 ], [ 4936463.186694455333054, 7463357.932031293399632 ], [ 4936441.029632290825248, 7463382.32541561126709 ], [ 4936384.483519019559026, 7463439.455330927856266 ], [ 4936348.223380994983017, 7463478.020422974601388 ], [ 4936286.591234036721289, 7463539.392383483238518 ], [ 4936250.011244315654039, 7463573.42624294012785 ], [ 4936232.06434512231499, 7463586.917218564078212 ], [ 4936210.577402011491358, 7463603.073345776647329 ], [ 4936174.438556260429323, 7463629.744050358422101 ], [ 4936135.980111107230186, 7463666.383385823108256 ], [ 4936093.825628860853612, 7463723.096938257105649 ], [ 4936072.818060149438679, 7463761.615236742421985 ], [ 4936058.540887649171054, 7463790.172421468421817 ], [ 4936023.295525801368058, 7463833.370394516736269 ], [ 4935967.262707931920886, 7463872.725684285163879 ], [ 4935949.976162960752845, 7463880.338338513858616 ], [ 4935944.446930574253201, 7463882.773508229292929 ], [ 4935883.450541349127889, 7463909.637026101350784 ], [ 4935810.649034686386585, 7463933.548453825525939 ], [ 4935699.187587780877948, 7463975.889709575101733 ], [ 4935658.633088414557278, 7463988.785304300487041 ], [ 4935637.986050090752542, 7463995.342233911156654 ], [ 4935621.664721196517348, 7463997.853080125525594 ], [ 4935608.812881611287594, 7463999.847115218639374 ], [ 4935579.649906315840781, 7464004.363059087656438 ], [ 4935527.400051907636225, 7464010.23115052562207 ], [ 4935474.366238219663501, 7464009.904806409031153 ], [ 4935421.019489331170917, 7463991.613346289843321 ], [ 4935368.074927591718733, 7463946.510926129296422 ], [ 4935341.361102716065943, 7463901.354601500555873 ], [ 4935317.492011528462172, 7463843.518504375591874 ], [ 4935306.263119596987963, 7463806.745773812755942 ], [ 4935302.361137094907463, 7463764.588789183646441 ], [ 4935282.864359883591533, 7463718.245033482089639 ], [ 4935253.208409452810884, 7463670.406834911555052 ], [ 4935223.951411191374063, 7463634.819202012382448 ], [ 4935175.515123339369893, 7463600.921113286167383 ], [ 4935076.229632884263992, 7463543.347342295572162 ], [ 4935022.440964792855084, 7463509.071308689191937 ], [ 4934973.851865069009364, 7463475.127585463225842 ], [ 4934954.573806687258184, 7463461.654834443703294 ], [ 4934906.402170232497156, 7463423.747840031981468 ], [ 4934888.250037881545722, 7463406.115664577111602 ], [ 4934868.964082499966025, 7463387.382147658616304 ], [ 4934760.214171526022255, 7463263.17145649343729 ], [ 4934689.313982673920691, 7463175.172919970937073 ], [ 4934665.220102759078145, 7463144.047542128711939 ], [ 4934622.400412273593247, 7463121.335494617000222 ], [ 4934567.57469158153981, 7463113.899037913419306 ], [ 4934513.765676645562053, 7463127.464981683529913 ], [ 4934451.74906899407506, 7463150.785369542427361 ], [ 4934399.32482073456049, 7463164.301553402096033 ], [ 4934336.986743059009314, 7463171.849285228177905 ], [ 4934273.971823260188103, 7463165.217815116047859 ], [ 4934222.083659909665585, 7463145.134177615866065 ], [ 4934193.367715827189386, 7463120.344911087304354 ], [ 4934181.933093404397368, 7463084.467397417873144 ], [ 4934195.212985154241323, 7463045.353056751191616 ], [ 4934222.104736059904099, 7463015.623218870721757 ], [ 4934258.851039725355804, 7462974.783761951141059 ], [ 4934283.740855905227363, 7462940.681543508544564 ], [ 4934297.706048133783042, 7462904.283478315919638 ], [ 4934282.737594088539481, 7462857.825089501217008 ], [ 4934262.254070142284036, 7462834.134999835863709 ], [ 4934220.148323643021286, 7462824.460150669328868 ], [ 4934174.579663597047329, 7462839.710979415103793 ], [ 4934157.027520956471562, 7462851.827948430553079 ], [ 4934136.409391775727272, 7462866.057910742238164 ], [ 4934135.111701305955648, 7462867.259419620037079 ], [ 4934115.688509969040751, 7462885.016424002125859 ], [ 4934096.265273490920663, 7462902.773404136300087 ], [ 4934069.900314223021269, 7462934.000451186671853 ], [ 4934049.979631707072258, 7462964.624355914071202 ], [ 4934038.25649581477046, 7462997.177910855039954 ], [ 4934025.464369193650782, 7463048.986214762553573 ], [ 4934022.902817323803902, 7463069.441619583405554 ], [ 4934019.087609834969044, 7463083.368362731300294 ], [ 4934017.108019513078034, 7463102.098611015826464 ], [ 4934005.934572236612439, 7463156.68272776901722 ], [ 4933993.468165540136397, 7463248.871888102963567 ], [ 4933989.811156767420471, 7463292.269896846264601 ], [ 4933990.650596153922379, 7463358.302730865776539 ], [ 4933996.051285350695252, 7463432.174465587362647 ], [ 4934002.824094065465033, 7463490.203868553042412 ], [ 4934011.51630409155041, 7463531.562709961086512 ], [ 4934013.99694962054491, 7463550.733306860551238 ], [ 4934013.469566127285361, 7463568.118747849017382 ], [ 4934014.891578645445406, 7463578.380415218882263 ], [ 4934013.131703815422952, 7463586.734342150390148 ], [ 4934014.367199126631021, 7463595.079218947328627 ], [ 4934011.420566191896796, 7463602.708080593496561 ], [ 4934012.41442771628499, 7463610.010850811377168 ], [ 4934010.291041712276638, 7463614.697363208979368 ], [ 4934010.994983041658998, 7463620.271165783517063 ], [ 4934008.636634322814643, 7463624.735150381922722 ], [ 4934008.903122298419476, 7463629.476414900273085 ], [ 4934005.832283657975495, 7463635.011557655408978 ], [ 4934003.262588486075401, 7463647.924840178340673 ], [ 4933997.281002311967313, 7463659.91504798643291 ], [ 4933945.64392835367471, 7463727.445919381454587 ], [ 4933931.992407226003706, 7463750.422147206030786 ], [ 4933921.050850877538323, 7463775.315130560658872 ], [ 4933915.401067078113556, 7463793.497684160247445 ], [ 4933910.849475392140448, 7463813.888970023021102 ], [ 4933905.758658475242555, 7463887.127777581103146 ], [ 4933901.15192658174783, 7463915.415290391072631 ], [ 4933894.479294058866799, 7463939.928252933546901 ], [ 4933878.724197383970022, 7463977.037989726290107 ], [ 4933832.796488893218338, 7464061.615780429914594 ], [ 4933815.604849099181592, 7464101.089204869233072 ], [ 4933800.745474260300398, 7464142.05689051002264 ], [ 4933749.185566290281713, 7464319.983015077188611 ], [ 4933723.335402296856046, 7464422.501494953408837 ], [ 4933703.89231965970248, 7464511.968504298478365 ], [ 4933694.416174871847034, 7464546.359033515676856 ], [ 4933687.416123438626528, 7464563.538821327500045 ], [ 4933682.759503036737442, 7464582.035750993527472 ], [ 4933668.367471405304968, 7464614.521917060017586 ], [ 4933657.237106947228312, 7464635.460113417357206 ], [ 4933646.174653863534331, 7464652.610953100025654 ], [ 4933623.927773186005652, 7464681.972626386210322 ], [ 4933607.975177677348256, 7464693.697339689359069 ], [ 4933591.682460381649435, 7464701.112368213012815 ], [ 4933568.927108705975115, 7464715.431886502541602 ], [ 4933542.728424948640168, 7464726.590914774686098 ], [ 4933511.070970604196191, 7464744.97997760027647 ], [ 4933496.068890609778464, 7464755.147188598290086 ], [ 4933483.701978644356132, 7464765.613946447148919 ], [ 4933476.54492122028023, 7464769.458657051436603 ], [ 4933470.334197748452425, 7464775.057384132407606 ], [ 4933457.30971806962043, 7464783.41697415523231 ], [ 4933444.285224073566496, 7464791.776553213596344 ], [ 4933417.978947460651398, 7464810.997492805123329 ], [ 4933373.394488315097988, 7464838.809451442211866 ], [ 4933357.20838116761297, 7464847.57585368398577 ], [ 4933329.237061128951609, 7464858.161870958283544 ], [ 4933299.655321822501719, 7464864.044923558831215 ], [ 4933268.132708921097219, 7464865.721915548667312 ], [ 4933236.835195208899677, 7464862.892313065007329 ], [ 4933216.437818560749292, 7464858.881544087082148 ], [ 4933198.990418040193617, 7464853.588026039302349 ], [ 4933179.881458878517151, 7464845.894933150149882 ], [ 4933157.852524163201451, 7464835.032511839643121 ], [ 4933113.769221122376621, 7464809.80775638949126 ], [ 4933086.167755635455251, 7464792.474884487688541 ], [ 4933062.157303635962307, 7464775.058208420872688 ], [ 4933042.763416620902717, 7464757.628744533285499 ], [ 4933014.677481969818473, 7464729.296107061207294 ], [ 4932987.961841695010662, 7464699.662645725533366 ], [ 4932927.851426364853978, 7464622.158579841256142 ], [ 4932895.709251430816948, 7464583.308570129796863 ], [ 4932868.071850745938718, 7464555.752881384454668 ], [ 4932829.154458060860634, 7464522.59836495295167 ], [ 4932807.288785063661635, 7464498.26891859062016 ], [ 4932796.616771983914077, 7464482.827140010893345 ], [ 4932782.751315829344094, 7464458.854446870274842 ], [ 4932752.980394543148577, 7464394.49783097486943 ], [ 4932738.257046772167087, 7464369.701716681942344 ], [ 4932722.876566160470247, 7464347.350235316902399 ], [ 4932710.519911021925509, 7464334.758232407271862 ], [ 4932694.010992300696671, 7464321.627176663838327 ], [ 4932677.349841966293752, 7464310.433550852350891 ], [ 4932659.509786640293896, 7464301.361049304716289 ], [ 4932645.766788643784821, 7464298.309470293112099 ], [ 4932630.087973635643721, 7464292.281132782809436 ], [ 4932599.097980915568769, 7464289.794866325333714 ], [ 4932585.284422144293785, 7464291.062174146063626 ], [ 4932574.125492850318551, 7464295.143309018574655 ], [ 4932565.360875187441707, 7464296.012302914634347 ], [ 4932558.031438892707229, 7464299.401734486222267 ], [ 4932542.937576053664088, 7464302.512811273336411 ], [ 4932528.746989816427231, 7464307.798615243285894 ], [ 4932494.762397580780089, 7464323.46178281493485 ], [ 4932456.757523944601417, 7464336.581780033186078 ], [ 4932405.271734045818448, 7464349.962490778416395 ], [ 4932327.999738984741271, 7464367.070469165220857 ], [ 4932277.386007753200829, 7464382.669664721935987 ], [ 4932258.071643425151706, 7464391.265810739248991 ], [ 4932225.176815827377141, 7464408.583453695289791 ], [ 4932156.234293457120657, 7464450.7907526018098 ], [ 4932121.081574758514762, 7464477.401049146428704 ], [ 4932094.609141145832837, 7464503.651618843898177 ], [ 4932082.176699372939765, 7464519.388672725297511 ], [ 4932067.928331698291004, 7464537.432225254364312 ], [ 4932045.131259305402637, 7464574.419879565015435 ], [ 4932018.49463832564652, 7464637.062124403193593 ], [ 4931995.209435729309916, 7464702.643229976296425 ], [ 4931974.372506060637534, 7464773.529196258634329 ], [ 4931965.562389506027102, 7464820.846308066509664 ], [ 4931963.82291600573808, 7464849.434186729602516 ], [ 4931965.094416676089168, 7464876.883831363171339 ], [ 4931971.123670056462288, 7464913.968036750331521 ], [ 4931977.414415840059519, 7464938.560787655413151 ], [ 4931991.233384103514254, 7464970.397289665415883 ], [ 4932008.626147826202214, 7465001.430319370701909 ], [ 4932041.860037711448967, 7465050.431874146685004 ], [ 4932054.701091741211712, 7465064.82074654661119 ], [ 4932062.225235600024462, 7465075.265125585719943 ], [ 4932082.507772649638355, 7465107.086312871426344 ], [ 4932096.744257197715342, 7465135.136922406964004 ], [ 4932106.764605948701501, 7465167.687165852636099 ], [ 4932114.753250651061535, 7465209.464830935001373 ], [ 4932119.398864157497883, 7465278.316952554509044 ], [ 4932119.255982205271721, 7465351.178846239112318 ], [ 4932113.496282931417227, 7465418.311850309371948 ], [ 4932086.342702518217266, 7465566.007980894297361 ], [ 4932071.648741289973259, 7465648.694397866725922 ], [ 4932057.420627783052623, 7465707.615915172733366 ], [ 4932039.20270013064146, 7465750.305645952001214 ], [ 4932009.27849146630615, 7465790.738732418045402 ], [ 4931984.826017687097192, 7465816.710287544876337 ], [ 4931939.686347072012722, 7465852.655782269313931 ], [ 4931896.583890723995864, 7465880.436972567811608 ], [ 4931854.05039094761014, 7465900.324125004932284 ], [ 4931824.62427599914372, 7465905.241534674540162 ], [ 4931799.674675202928483, 7465909.414925910532475 ], [ 4931782.382534173317254, 7465905.925727808848023 ], [ 4931754.050979162566364, 7465900.193778021261096 ], [ 4931694.167606309987605, 7465872.589925896376371 ], [ 4931654.601759179495275, 7465837.424945551902056 ], [ 4931621.920952160842717, 7465788.502626283094287 ], [ 4931592.734552160836756, 7465740.52635769918561 ], [ 4931563.98257046379149, 7465705.399021155200899 ], [ 4931530.492697398178279, 7465672.132898753508925 ], [ 4931506.660656007006764, 7465660.695078441873193 ], [ 4931479.863662507385015, 7465653.784527882933617 ], [ 4931469.137933687306941, 7465654.810136849991977 ], [ 4931458.082004656083882, 7465658.514396130107343 ], [ 4931434.457205061800778, 7465671.497835706919432 ], [ 4931415.656708337366581, 7465686.208703435026109 ], [ 4931398.55859939660877, 7465703.319487797096372 ], [ 4931380.454331045970321, 7465725.099343802779913 ], [ 4931356.338948369957507, 7465757.949036750942469 ], [ 4931344.027785742655396, 7465778.215751962736249 ], [ 4931335.203653675504029, 7465796.482656740583479 ], [ 4931327.771643738262355, 7465815.44253833591938 ], [ 4931313.301695383153856, 7465861.448853380978107 ], [ 4931302.358162807300687, 7465887.768721176311374 ], [ 4931291.416141407564282, 7465909.237726239487529 ], [ 4931281.455925028771162, 7465924.619925707578659 ], [ 4931267.569598667323589, 7465941.523681798949838 ], [ 4931254.479993335902691, 7465954.687692677602172 ], [ 4931238.074460540898144, 7465968.301748200319707 ], [ 4931225.91037776414305, 7465976.475111204199493 ], [ 4931212.872899418696761, 7465982.684207119047642 ], [ 4931178.231766091659665, 7465990.456124709919095 ], [ 4931147.203053095377982, 7465993.493243971839547 ], [ 4931070.358371227048337, 7465995.745380580425262 ], [ 4931037.930752881802619, 7465999.562219515442848 ], [ 4931019.744822384789586, 7466003.089636319316924 ], [ 4930989.614251053892076, 7466011.634826742112637 ], [ 4930956.903193821199238, 7466023.579272907227278 ], [ 4930929.723245015367866, 7466035.260992774739861 ], [ 4930920.620839990675449, 7466040.203131320886314 ], [ 4930903.609047839418054, 7466049.450498010963202 ], [ 4930856.256332174874842, 7466081.772259103134274 ], [ 4930808.281934233382344, 7466119.861122502014041 ], [ 4930768.836921590380371, 7466154.887924022972584 ], [ 4930708.219129958190024, 7466215.976754171773791 ], [ 4930659.599440926685929, 7466260.363899967633188 ], [ 4930618.484967807307839, 7466294.607409035786986 ], [ 4930515.645085129886866, 7466376.101087296381593 ], [ 4930455.342531348578632, 7466426.24825656041503 ], [ 4930428.844076481647789, 7466450.114784883335233 ], [ 4930403.093638246878982, 7466476.399073380976915 ], [ 4930376.18825298268348, 7466508.381643079221249 ], [ 4930356.070302125997841, 7466534.680736715905368 ], [ 4930341.459916970692575, 7466556.962810132652521 ], [ 4930328.616267164237797, 7466581.025024123489857 ], [ 4930317.587087565101683, 7466605.416772820055485 ], [ 4930274.085978551767766, 7466729.588777974247932 ], [ 4930256.376810061745346, 7466771.857994692400098 ], [ 4930237.493853748776019, 7466810.555609472095966 ], [ 4930216.414314670488238, 7466847.205250029452145 ], [ 4930193.222413913346827, 7466881.342145081609488 ], [ 4930163.055234728381038, 7466921.748467154800892 ], [ 4930118.552687755785882, 7466978.025425225496292 ], [ 4930081.902011267840862, 7467018.124732133001089 ], [ 4930068.434165253303945, 7467028.351123286411166 ], [ 4930042.699892960488796, 7467053.017948478460312 ], [ 4930004.802738526836038, 7467083.033018700778484 ], [ 4929941.960052316077054, 7467129.046555642038584 ], [ 4929858.659768257290125, 7467183.448384976014495 ], [ 4929801.449607129208744, 7467222.753873546607792 ], [ 4929762.776459936052561, 7467251.756925322115421 ], [ 4929726.937182796187699, 7467282.511841431260109 ], [ 4929692.554785971529782, 7467315.466312650591135 ], [ 4929661.166460448876023, 7467351.026204893365502 ], [ 4929620.683772196993232, 7467411.54006626829505 ], [ 4929577.075526234693825, 7467468.938249066472054 ], [ 4929551.099603803828359, 7467494.489150419831276 ], [ 4929527.487124345265329, 7467510.471113907173276 ], [ 4929508.13532401714474, 7467519.307358452118933 ], [ 4929487.739641525782645, 7467525.358872018754482 ], [ 4929470.171123894862831, 7467528.034586919471622 ], [ 4929455.548412973992527, 7467528.298595571890473 ], [ 4929446.990204186178744, 7467528.469074594788253 ], [ 4929387.773657615296543, 7467522.333837296813726 ], [ 4929294.762055142782629, 7467504.466880144551396 ], [ 4929237.525933305732906, 7467496.147453246638179 ], [ 4929215.57133702840656, 7467495.457670740783215 ], [ 4929194.829070917330682, 7467496.623069824650884 ], [ 4929175.782302628271282, 7467499.446568828076124 ], [ 4929152.866230826824903, 7467504.677344413474202 ], [ 4929114.309353292919695, 7467517.221800776198506 ], [ 4929098.12812083773315, 7467523.813086248934269 ], [ 4929051.380532531999052, 7467547.837019120343029 ], [ 4928991.179044181481004, 7467581.012058971449733 ], [ 4928938.881386866793036, 7467615.663784753531218 ], [ 4928881.112517925910652, 7467659.459743181243539 ], [ 4928823.252772385254502, 7467707.231007797643542 ], [ 4928787.067040995694697, 7467730.307124132290483 ], [ 4928753.742301849648356, 7467742.853183556348085 ], [ 4928714.077711740508676, 7467742.04597413726151 ], [ 4928682.128345927223563, 7467732.736190211027861 ], [ 4928679.884252442047, 7467732.094323523342609 ], [ 4928633.677296105772257, 7467702.183988081291318 ], [ 4928621.814400623552501, 7467693.788450140506029 ], [ 4928602.159739658236504, 7467677.514953477308154 ], [ 4928581.932980698533356, 7467656.376772435382009 ], [ 4928565.740242250263691, 7467637.096088605001569 ], [ 4928554.922176647000015, 7467620.410207210108638 ], [ 4928549.550791980698705, 7467614.958033824339509 ], [ 4928536.444197990000248, 7467596.190281539224088 ], [ 4928531.0016337223351, 7467590.60486357472837 ], [ 4928527.195573085919023, 7467583.952900439500809 ], [ 4928521.916294419206679, 7467578.556527173146605 ], [ 4928516.714190661907196, 7467569.86014636978507 ], [ 4928504.26737320702523, 7467554.794556269422174 ], [ 4928492.774499371647835, 7467537.629204796627164 ], [ 4928461.933851371519268, 7467500.138125607743859 ], [ 4928428.225517021492124, 7467450.727694671601057 ], [ 4928394.960855751298368, 7467396.512698855251074 ], [ 4928376.037685262970626, 7467362.422553462907672 ], [ 4928350.487987114116549, 7467310.658370150253177 ], [ 4928331.112833773717284, 7467263.74107664078474 ], [ 4928321.049351363442838, 7467233.015384355559945 ], [ 4928311.672334247268736, 7467200.343725645914674 ], [ 4928287.162821715697646, 7467095.977715250104666 ], [ 4928274.760015074163675, 7467039.347338663414121 ], [ 4928265.025604852475226, 7466993.394917219877243 ], [ 4928248.832773583009839, 7466944.122519611380994 ], [ 4928234.911759526468813, 7466913.411654053255916 ], [ 4928210.376466116867959, 7466883.802155766636133 ], [ 4928182.294822406023741, 7466859.912652503699064 ], [ 4928115.358810634352267, 7466822.869366672821343 ], [ 4928102.438729085028172, 7466819.075588956475258 ], [ 4928089.17499693389982, 7466818.503015151247382 ], [ 4928072.696075635030866, 7466820.872173253446817 ], [ 4928054.054536941461265, 7466824.914429757744074 ], [ 4928035.312630889937282, 7466830.639599126763642 ], [ 4927989.457683261483908, 7466848.285252247005701 ], [ 4927983.719248033128679, 7466851.059900784865022 ], [ 4927939.806729190051556, 7466872.302993969991803 ], [ 4927902.656355849467218, 7466895.53852091729641 ], [ 4927828.119652944616973, 7466948.376361167058349 ], [ 4927712.760457960888743, 7467023.988362230360508 ], [ 4927603.376852149143815, 7467104.944188091903925 ], [ 4927555.868301314301789, 7467137.642771946266294 ], [ 4927524.619274334050715, 7467156.010498056188226 ], [ 4927488.289979798719287, 7467174.641738461330533 ], [ 4927461.185449491254985, 7467184.578923504799604 ], [ 4927437.829119030386209, 7467189.583489589393139 ], [ 4927407.432349198497832, 7467190.677917573601007 ], [ 4927380.323235341347754, 7467186.604936563409865 ], [ 4927351.303542151115835, 7467176.57539265230298 ], [ 4927322.45352175552398, 7467161.141958063468337 ], [ 4927300.030923483893275, 7467144.809080003760755 ], [ 4927280.073723367415369, 7467125.752480417490005 ], [ 4927238.432777118869126, 7467066.942587230354548 ], [ 4927219.86493300832808, 7467047.050882461480796 ], [ 4927204.08175390958786, 7467034.836541407741606 ], [ 4927180.321697509847581, 7467025.706924758851528 ], [ 4927159.018609564751387, 7467019.85627019032836 ], [ 4927126.039581352844834, 7467013.93820623587817 ], [ 4927021.422751645557582, 7467001.660478053614497 ], [ 4927002.520289509557188, 7466998.014065481722355 ], [ 4926890.839257438667119, 7466982.589191951788962 ], [ 4926844.50560878124088, 7466984.292018929496408 ], [ 4926807.237424922175705, 7466995.430315993726254 ], [ 4926775.074413544498384, 7467015.951735829003155 ], [ 4926757.395029813051224, 7467039.40067764185369 ], [ 4926730.074241525493562, 7467100.236749142408371 ], [ 4926719.083757449872792, 7467132.301294408738613 ], [ 4926705.62927118409425, 7467160.433290468528867 ], [ 4926689.150925073772669, 7467183.710780639201403 ], [ 4926666.658467201516032, 7467207.280249555595219 ], [ 4926650.540228220634162, 7467219.761208612471819 ], [ 4926632.497764865867794, 7467231.258199309930205 ], [ 4926612.932087096385658, 7467241.595960283651948 ], [ 4926591.627784199081361, 7467250.762364143505692 ], [ 4926574.381556496024132, 7467256.747746540233493 ], [ 4926554.945750101469457, 7467261.459905311465263 ], [ 4926535.065369877964258, 7467264.752263110131025 ], [ 4926516.107193081639707, 7467266.188459135591984 ], [ 4926500.349656632170081, 7467265.646676410920918 ], [ 4926485.105918943881989, 7467262.836976969614625 ], [ 4926462.629615598358214, 7467255.584172327071428 ], [ 4926363.005118403583765, 7467208.195927288383245 ], [ 4926214.091655892319977, 7467137.35295632109046 ], [ 4926157.497682149522007, 7467107.417324020527303 ], [ 4926058.902386819943786, 7467059.777305440977216 ], [ 4925949.138522751629353, 7467011.251258816570044 ], [ 4925901.594172678887844, 7466991.980033793486655 ], [ 4925856.559851363301277, 7466975.589431873522699 ], [ 4925804.953159760683775, 7466958.302561699412763 ], [ 4925758.781815531663597, 7466945.749152216129005 ], [ 4925695.590230849571526, 7466930.797208250500262 ], [ 4925631.423642839305103, 7466918.010925514623523 ], [ 4925583.681209248490632, 7466909.934673482552171 ], [ 4925551.348206780850887, 7466906.342107776552439 ], [ 4925522.701680513098836, 7466906.300615231506526 ], [ 4925492.007119678892195, 7466909.60473969951272 ], [ 4925440.467425659298897, 7466918.376759942620993 ], [ 4925391.339310882613063, 7466929.131890562362969 ], [ 4925344.945064859464765, 7466943.090014422312379 ], [ 4925291.952068221755326, 7466961.456511352211237 ], [ 4925253.070128855295479, 7466979.172749537974596 ], [ 4925215.800217182375491, 7467000.784247321076691 ], [ 4925188.092733937315643, 7467020.349796686321497 ], [ 4925177.876701035536826, 7467030.045351462438703 ], [ 4925169.227110055275261, 7467040.424241175875068 ], [ 4925161.034336001612246, 7467053.862131204456091 ], [ 4925154.837450228631496, 7467068.28451619297266 ], [ 4925144.17745556961745, 7467105.455308176577091 ], [ 4925137.412229660898447, 7467145.536002637818456 ], [ 4925135.860815049149096, 7467185.310268388129771 ], [ 4925137.845719299279153, 7467211.302410274744034 ], [ 4925142.712998813018203, 7467237.463880666531622 ], [ 4925152.775075680576265, 7467265.101921714842319 ], [ 4925169.529427262954414, 7467327.493689744733274 ], [ 4925179.450065609999001, 7467356.781203668564558 ], [ 4925186.862801497802138, 7467393.166540646925569 ], [ 4925190.192138571292162, 7467425.345253696665168 ], [ 4925190.160003351978958, 7467452.567810183390975 ], [ 4925187.114473240450025, 7467477.062038892880082 ], [ 4925180.927639891393483, 7467499.790843385271728 ], [ 4925166.300132228061557, 7467530.020032602362335 ], [ 4925141.185211453586817, 7467566.643007198348641 ], [ 4925118.746296606957912, 7467591.229438529349864 ], [ 4925089.093394096940756, 7467615.935139161534607 ], [ 4925058.278937968425453, 7467636.902699813246727 ], [ 4925033.361620487645268, 7467650.146844010800123 ], [ 4924978.133939069695771, 7467673.706557279452682 ], [ 4924941.093445488251746, 7467685.893614459782839 ], [ 4924893.354850335977972, 7467697.274319150485098 ], [ 4924791.059107533656061, 7467719.004594650119543 ], [ 4924604.228062790818512, 7467733.711979098618031 ], [ 4924539.464431693777442, 7467731.074099328368902 ], [ 4924509.244219247251749, 7467721.199213245883584 ], [ 4924470.057901674881577, 7467696.582725290209055 ], [ 4924435.032150153070688, 7467662.794544750824571 ], [ 4924418.825164295732975, 7467630.994242129847407 ], [ 4924378.948812521994114, 7467623.374432343989611 ], [ 4924375.541486065834761, 7467623.523512555286288 ], [ 4924366.673951453529298, 7467623.966450895182788 ], [ 4924354.316506321541965, 7467624.65772270411253 ], [ 4924340.470229990780354, 7467625.55196026712656 ], [ 4924327.125830824486911, 7467626.625900504179299 ], [ 4924315.822277230210602, 7467627.909401062875986 ], [ 4924306.404163897037506, 7467629.700717789120972 ], [ 4924298.243823104538023, 7467632.351116042584181 ], [ 4924290.754573032259941, 7467636.223139839246869 ], [ 4924283.29848369024694, 7467641.668000013567507 ], [ 4924275.453372486867011, 7467648.982611164450645 ], [ 4924267.374032118357718, 7467657.990545615553856 ], [ 4924259.430783079005778, 7467668.50538079533726 ], [ 4924251.963554043322802, 7467680.263016372919083 ], [ 4924245.301681868731976, 7467693.065750551410019 ], [ 4924239.723757304251194, 7467706.604875911958516 ], [ 4924235.242929602041841, 7467720.304550720378757 ], [ 4924231.800802168436348, 7467733.533198546618223 ], [ 4924229.318457362242043, 7467745.659139860421419 ], [ 4924227.717143837362528, 7467756.017470236867666 ], [ 4924227.030032811686397, 7467764.132124016061425 ], [ 4924227.502936880104244, 7467770.092934858053923 ], [ 4924229.524595300666988, 7467774.134429752826691 ], [ 4924233.40155072696507, 7467776.512873432599008 ], [ 4924239.502075395546854, 7467777.451613608747721 ], [ 4924247.988895097747445, 7467777.239417446777225 ], [ 4924258.234500004909933, 7467776.194316614419222 ], [ 4924269.426411815918982, 7467774.688792839646339 ], [ 4924280.803567440249026, 7467773.073437108658254 ], [ 4924291.522709163837135, 7467771.720581252127886 ], [ 4924300.966591704636812, 7467770.948315408080816 ], [ 4924309.19622556772083, 7467770.867699085734785 ], [ 4924316.436957617290318, 7467771.557388646528125 ], [ 4924322.945082794874907, 7467773.062969272956252 ], [ 4924328.93563168682158, 7467775.474119625985622 ], [ 4924334.582703310996294, 7467778.858162756077945 ], [ 4924339.773708700202405, 7467783.159159644506872 ], [ 4924344.344422778114676, 7467788.387363962829113 ], [ 4924348.1308971690014, 7467794.497655083425343 ], [ 4924350.95881143771112, 7467801.467010870575905 ], [ 4924352.705203213728964, 7467809.261591042391956 ], [ 4924353.390537049621344, 7467817.892573565244675 ], [ 4924353.138105554506183, 7467827.327350116334856 ], [ 4924351.957890572026372, 7467837.621346449479461 ], [ 4924349.993761288002133, 7467848.73098171968013 ], [ 4924347.328189199790359, 7467860.579142244532704 ], [ 4924344.229890381917357, 7467872.77954182960093 ], [ 4924338.007651697844267, 7467896.150220533832908 ], [ 4924335.5146603891626, 7467906.31581786647439 ], [ 4924333.798870185390115, 7467914.956932422704995 ], [ 4924333.043313022702932, 7467922.406735492870212 ], [ 4924333.399628726765513, 7467929.120067916810513 ], [ 4924335.019401678815484, 7467935.562845133244991 ], [ 4924338.043844951316714, 7467942.223080648109317 ], [ 4924342.501913753338158, 7467949.466398820281029 ], [ 4924347.993607513606548, 7467957.257571067661047 ], [ 4924353.996405501849949, 7467965.43892927467823 ], [ 4924359.997824848629534, 7467973.897156959399581 ], [ 4924365.485713824629784, 7467982.452489173039794 ], [ 4924370.039878416806459, 7467991.003147898241878 ], [ 4924373.80463283509016, 7467999.416954040527344 ], [ 4924377.037270939908922, 7468007.540143046528101 ], [ 4924379.974233125336468, 7468015.285296702757478 ], [ 4924382.862608766183257, 7468022.487523715943098 ], [ 4924385.918262074701488, 7468029.070377694442868 ], [ 4924389.151564443483949, 7468035.011760116554797 ], [ 4924392.501061553135514, 7468040.289213210344315 ], [ 4924395.946120653301477, 7468044.924784066155553 ], [ 4924399.445753494277596, 7468048.907192500308156 ], [ 4924402.999959633685648, 7468052.236438507214189 ], [ 4924406.711402219720185, 7468054.901960238814354 ], [ 4924410.754514819011092, 7468056.904629772529006 ], [ 4924415.273059280589223, 7468058.223015285097063 ], [ 4924420.441524469293654, 7468058.846913548186421 ], [ 4924426.352478610351682, 7468058.732486017048359 ], [ 4924432.976411543786526, 7468057.624855684116483 ], [ 4924440.191354329697788, 7468055.290833719074726 ], [ 4924447.906562596559525, 7468051.408786224201322 ], [ 4924456.030959118157625, 7468045.723528743721545 ], [ 4924464.462596504017711, 7468038.101649424061179 ], [ 4924473.158159523271024, 7468028.997012918815017 ], [ 4924482.07361469604075, 7468019.007457420229912 ], [ 4924491.195656983181834, 7468008.742049832828343 ], [ 4924500.45973414182663, 7467998.798525968566537 ], [ 4924509.812164597213268, 7467989.652849300764501 ], [ 4924519.139528185129166, 7467981.415204931050539 ], [ 4924528.28802565485239, 7467974.062674732878804 ], [ 4924537.124379488639534, 7467967.572443389333785 ], [ 4924545.494680184870958, 7467961.943743191659451 ], [ 4924553.296543205156922, 7467957.131763276644051 ], [ 4924560.509614625014365, 7467953.103177418932319 ], [ 4924567.185365539044142, 7467949.825017783790827 ], [ 4924573.32418407779187, 7467947.219760889187455 ], [ 4924578.987912061624229, 7467945.232340103015304 ], [ 4924584.207443103194237, 7467943.840759744867682 ], [ 4924589.219051298685372, 7467942.990823092870414 ], [ 4924594.29977732617408, 7467942.683912243694067 ], [ 4924599.685729344375432, 7467942.899054430425167 ], [ 4924605.65411374066025, 7467943.604406366124749 ], [ 4924612.36915834620595, 7467944.789711156859994 ], [ 4924619.687544842250645, 7467946.387802205048501 ], [ 4924627.383371907286346, 7467948.430777771398425 ], [ 4924635.21076883841306, 7467950.839885394088924 ], [ 4924642.943999721668661, 7467953.613999606110156 ], [ 4924650.35754928085953, 7467956.7076958687976 ], [ 4924657.337887138128281, 7467960.253310680389404 ], [ 4924663.761443004012108, 7467964.338830054737628 ], [ 4924669.545468808151782, 7467969.096744207665324 ], [ 4924674.57659968547523, 7467974.626165384426713 ], [ 4924678.721114526502788, 7467980.992879001423717 ], [ 4924681.867247921414673, 7467987.974825860932469 ], [ 4924683.872727331705391, 7467995.29441895801574 ], [ 4924684.595169245265424, 7468002.696220904588699 ], [ 4924683.902726373635232, 7468009.869470772333443 ], [ 4924681.755236348137259, 7468016.63676589448005 ], [ 4924678.48082222789526, 7468023.044041151180863 ], [ 4924674.489197595044971, 7468029.237314285710454 ], [ 4924670.231064694933593, 7468035.373882696032524 ], [ 4924666.136825484223664, 7468041.566642444580793 ], [ 4924662.472543901763856, 7468047.960896546021104 ], [ 4924658.950696610845625, 7468054.599513024091721 ], [ 4924655.129792174324393, 7468061.535667454823852 ], [ 4924650.55813264567405, 7468068.811408943496644 ], [ 4924644.78401907812804, 7468076.468786017969251 ], [ 4924637.56129944883287, 7468084.484420003369451 ], [ 4924629.363074134103954, 7468092.639164445921779 ], [ 4924620.867993241176009, 7468100.648447558283806 ], [ 4924612.744503294117749, 7468108.216572884470224 ], [ 4924605.67120313923806, 7468115.070046292617917 ], [ 4924600.162187896668911, 7468121.00100520811975 ], [ 4924596.103596592321992, 7468126.208236154168844 ], [ 4924593.21695155184716, 7468130.978305297903717 ], [ 4924591.254722632467747, 7468135.564707161858678 ], [ 4924589.948525944724679, 7468140.28728290181607 ], [ 4924589.143620252609253, 7468145.311388114467263 ], [ 4924589.200076098553836, 7468150.450541267171502 ], [ 4924590.570699225179851, 7468155.441197156906128 ], [ 4924593.769971650093794, 7468159.997967432253063 ], [ 4924599.250754916109145, 7468163.846230594441295 ], [ 4924607.249934208579361, 7468166.809962956234813 ], [ 4924617.047755774110556, 7468169.184600953944027 ], [ 4924627.677872744388878, 7468171.330803599208593 ], [ 4924638.204500442370772, 7468173.653685244731605 ], [ 4924647.630510093644261, 7468176.513756455853581 ], [ 4924655.225777261890471, 7468180.228560108691454 ], [ 4924661.011430790647864, 7468184.676377564668655 ], [ 4924665.244820521213114, 7468189.692365972325206 ], [ 4924668.142473084852099, 7468195.067177658900619 ], [ 4924669.961848336271942, 7468200.613818636164069 ], [ 4924670.878153359517455, 7468206.178110171109438 ], [ 4924670.819505487568676, 7468211.770769450813532 ], [ 4924669.672923041507602, 7468217.413383879698813 ], [ 4924667.345835656858981, 7468223.149792617186904 ], [ 4924663.684162304736674, 7468229.012452846392989 ], [ 4924658.687735782936215, 7468235.03458827547729 ], [ 4924652.82839235663414, 7468241.251774514093995 ], [ 4924646.650071569718421, 7468247.644571258686483 ], [ 4924640.706754053942859, 7468254.237889673560858 ], [ 4924635.583259455859661, 7468261.045720294117928 ], [ 4924631.710714861750603, 7468268.036987591534853 ], [ 4924629.120953726582229, 7468275.001423282548785 ], [ 4924627.712637881748378, 7468281.683794296346605 ], [ 4924627.415101480670273, 7468287.85117045789957 ], [ 4924628.137322016991675, 7468293.237294409424067 ], [ 4924629.7878348659724, 7468297.664507617242634 ], [ 4924632.273849975317717, 7468301.220948450267315 ], [ 4924635.46114656701684, 7468304.072074746713042 ], [ 4924639.277235256507993, 7468306.350426561199129 ], [ 4924643.58789502363652, 7468308.221461744979024 ], [ 4924648.279482075944543, 7468309.839665621519089 ], [ 4924653.166580925695598, 7468311.348090807907283 ], [ 4924658.012526394799352, 7468312.878459611907601 ], [ 4924662.621642180718482, 7468314.573774030432105 ], [ 4924666.787991064600646, 7468316.576985148712993 ], [ 4924670.32632336486131, 7468318.997921881265938 ], [ 4924673.266980699263513, 7468321.92533702775836 ], [ 4924675.650841535069048, 7468325.392660034820437 ], [ 4924677.508302585221827, 7468329.477568633854389 ], [ 4924678.931547251529992, 7468334.213747695088387 ], [ 4924679.85906442347914, 7468339.589815761893988 ], [ 4924680.014688916504383, 7468345.427194824442267 ], [ 4924679.02025159727782, 7468351.424972012639046 ], [ 4924676.507567881606519, 7468357.337659674696624 ], [ 4924672.088151383213699, 7468362.875367783010006 ], [ 4924665.588445604778826, 7468367.860027614980936 ], [ 4924657.541471212171018, 7468372.405044056475163 ], [ 4924648.685028891079128, 7468376.713444232940674 ], [ 4924639.736397752538323, 7468380.988154440186918 ], [ 4924631.423228735104203, 7468385.410004008561373 ], [ 4924624.339890069328249, 7468390.137009086087346 ], [ 4924618.599695767275989, 7468395.081135084852576 ], [ 4924614.182676946744323, 7468400.131532437168062 ], [ 4924611.048563667573035, 7468405.132949367165565 ], [ 4924609.187758794985712, 7468409.952436976134777 ], [ 4924608.610966422595084, 7468414.501447853632271 ], [ 4924609.452078585512936, 7468418.680973356589675 ], [ 4924611.906332805752754, 7468422.436610890552402 ], [ 4924616.158760642632842, 7468425.702831229194999 ], [ 4924622.394283013418317, 7468428.436254100874066 ], [ 4924630.623382193036377, 7468430.592628682032228 ], [ 4924640.188521207310259, 7468432.33480186201632 ], [ 4924650.278136348351836, 7468433.847004408016801 ], [ 4924660.049770384095609, 7468435.335465468466282 ], [ 4924668.681598796509206, 7468436.984368842095137 ], [ 4924675.536717243492603, 7468438.934520607814193 ], [ 4924680.717681119218469, 7468441.197509200312197 ], [ 4924684.501759965904057, 7468443.730416845530272 ], [ 4924687.197172017768025, 7468446.45725374110043 ], [ 4924689.081021344289184, 7468449.368325508199632 ], [ 4924690.389478127472103, 7468452.431583296507597 ], [ 4924691.121107964776456, 7468455.934973953291774 ], [ 4924691.295108933933079, 7468460.144396742805839 ], [ 4924690.827792262658477, 7468465.380614148452878 ], [ 4924689.707517170347273, 7468471.920446831732988 ], [ 4924687.953922251239419, 7468479.941194833256304 ], [ 4924685.825685234740376, 7468489.012215621769428 ], [ 4924683.602723810821772, 7468498.558995620347559 ], [ 4924681.595684816129506, 7468508.018249629996717 ], [ 4924680.094693830236793, 7468516.826590357348323 ], [ 4924679.348115500994027, 7468524.564399501308799 ], [ 4924679.406484511680901, 7468531.38698092661798 ], [ 4924680.25794099457562, 7468537.615454810671508 ], [ 4924681.900941259227693, 7468543.559917421080172 ], [ 4924684.323735659010708, 7468549.519338918849826 ], [ 4924687.525001323781908, 7468555.759515840560198 ], [ 4924691.505070338957012, 7468562.213998412713408 ], [ 4924696.254344525747001, 7468568.74983643181622 ], [ 4924701.794009062461555, 7468575.23423286434263 ], [ 4924708.124726610258222, 7468581.534288370981812 ], [ 4924715.185427049174905, 7468587.550021572038531 ], [ 4924722.678150504827499, 7468593.35747417807579 ], [ 4924730.253685935400426, 7468599.021358163096011 ], [ 4924737.542244385927916, 7468604.617358941584826 ], [ 4924744.225177155807614, 7468610.254642572253942 ], [ 4924749.973904728889465, 7468615.975875343196094 ], [ 4924754.747381330467761, 7468621.780854124575853 ], [ 4924758.535454920493066, 7468627.647379054687917 ], [ 4924761.348550921306014, 7468633.542277358472347 ], [ 4924763.186778417788446, 7468639.443399868905544 ], [ 4924763.998830166645348, 7468645.350491704419255 ], [ 4924763.640717203728855, 7468651.329287545755506 ], [ 4924761.875823736190796, 7468657.50043667294085 ], [ 4924758.508798821829259, 7468663.940492667257786 ], [ 4924753.303080667741597, 7468670.759028828702867 ], [ 4924746.25828062929213, 7468678.033567430451512 ], [ 4924738.000772568397224, 7468685.678622279316187 ], [ 4924729.351840279065073, 7468693.620753409340978 ], [ 4924721.153567533008754, 7468701.731250371783972 ], [ 4924714.206884853541851, 7468709.903349870815873 ], [ 4924709.209670914337039, 7468718.118377866223454 ], [ 4924706.284843620844185, 7468726.421248759143054 ], [ 4924705.411111820489168, 7468734.96690964885056 ], [ 4924706.587872431613505, 7468743.877184346318245 ], [ 4924709.793889821507037, 7468753.295943382196128 ], [ 4924714.833652067929506, 7468763.332963433116674 ], [ 4924720.957536647096276, 7468774.09526243340224 ], [ 4924727.210748225450516, 7468785.677762812003493 ], [ 4924732.638433734886348, 7468798.186463456600904 ], [ 4924736.3063147328794, 7468811.716391848400235 ], [ 4924737.527152847498655, 7468826.208753520622849 ], [ 4924736.489062889479101, 7468840.977826626971364 ], [ 4924733.647672021761537, 7468855.195242882706225 ], [ 4924729.448458653874695, 7468868.010432735085487 ], [ 4924724.357371835969388, 7468878.584003664553165 ], [ 4924718.746578004211187, 7468886.364050306379795 ], [ 4924712.8393489504233, 7468891.85006494820118 ], [ 4924706.765115272253752, 7468895.840101797133684 ], [ 4924700.71504043508321, 7468899.099297216162086 ], [ 4924694.787658599205315, 7468902.447702346369624 ], [ 4924689.205687386915088, 7468906.49555922485888 ], [ 4924684.122220071963966, 7468911.409757785499096 ], [ 4924679.742539584636688, 7468917.18024574406445 ], [ 4924676.282025334425271, 7468923.830246681347489 ], [ 4924673.935865513980389, 7468931.316432777792215 ], [ 4924672.806951450183988, 7468939.58394125290215 ], [ 4924672.661644021980464, 7468948.15537750441581 ], [ 4924673.194859833456576, 7468956.475464899092913 ], [ 4924674.081046992912889, 7468963.977749676443636 ], [ 4924674.974074617959559, 7468970.106750806793571 ], [ 4924677.787223171442747, 7468988.361519465222955 ], [ 4924678.70083218999207, 7468994.479547469876707 ], [ 4924679.659131032414734, 7469001.926814852282405 ], [ 4924680.398410382680595, 7469010.081800386309624 ], [ 4924680.67537282500416, 7469018.345234860666096 ], [ 4924680.216046124696732, 7469026.095546051859856 ], [ 4924678.858727271668613, 7469032.833547310903668 ], [ 4924676.706361096352339, 7469038.49330029822886 ], [ 4924673.953694837167859, 7469043.120075181126595 ], [ 4924670.764691733755171, 7469046.758988857269287 ], [ 4924667.354788328520954, 7469049.422189233824611 ], [ 4924663.856998459435999, 7469051.187864689156413 ], [ 4924660.27082622051239, 7469052.15568895637989 ], [ 4924656.554784816689789, 7469052.414056409150362 ], [ 4924652.667332231067121, 7469052.062436256557703 ], [ 4924648.566871218383312, 7469051.211372524499893 ], [ 4924644.212025165557861, 7469049.927109716460109 ], [ 4924639.511158413253725, 7469048.065214164555073 ], [ 4924634.382952277548611, 7469045.470228338614106 ], [ 4924628.746198833920062, 7469041.964544793590903 ], [ 4924622.49916769284755, 7469037.370453629642725 ], [ 4924615.621503418311477, 7469031.654627131298184 ], [ 4924600.939849677495658, 7469018.723201884888113 ], [ 4924593.725395805202425, 7469012.640206039883196 ], [ 4924586.967633538879454, 7469007.578396884724498 ], [ 4924580.87989801261574, 7469003.97076952829957 ], [ 4924575.451980706304312, 7469001.806198817677796 ], [ 4924570.530786316841841, 7469000.917794845066965 ], [ 4924566.014306460507214, 7469001.183222791180015 ], [ 4924561.790437371470034, 7469002.446871872991323 ], [ 4924557.777804710902274, 7469004.564359570853412 ], [ 4924553.956492665223777, 7469007.413760142400861 ], [ 4924550.32705326937139, 7469010.884325042366982 ], [ 4924546.941456587985158, 7469014.843411957845092 ], [ 4924543.800144509412348, 7469019.202422101050615 ], [ 4924540.914096794091165, 7469023.817433522082865 ], [ 4924538.345103441737592, 7469028.644454075023532 ], [ 4924536.165326599963009, 7469033.61739310529083 ], [ 4924534.446983821690083, 7469038.659085093997419 ], [ 4924533.251976057887077, 7469043.70338817872107 ], [ 4924532.621570846065879, 7469048.706207811832428 ], [ 4924532.58660851418972, 7469053.65662279073149 ], [ 4924533.147255409508944, 7469058.521408481523395 ], [ 4924534.272782844491303, 7469063.289336347021163 ], [ 4924536.014554121531546, 7469067.949587373994291 ], [ 4924538.300739188678563, 7469072.501802951097488 ], [ 4924540.946410208940506, 7469076.989360768347979 ], [ 4924543.735909849405289, 7469081.444410165771842 ], [ 4924546.453414785675704, 7469085.932325242087245 ], [ 4924548.862688948400319, 7469090.496228136122227 ], [ 4924550.789230897091329, 7469095.146323652938008 ], [ 4924552.161099018529058, 7469099.904403414577246 ], [ 4924552.958211707882583, 7469104.681766271591187 ], [ 4924553.149839044548571, 7469109.467183897271752 ], [ 4924552.725939902476966, 7469114.216305673122406 ], [ 4924551.676528362557292, 7469118.873706051148474 ], [ 4924550.094510238617659, 7469123.329096928238869 ], [ 4924548.103576144203544, 7469127.47234377451241 ], [ 4924545.817044922150671, 7469131.215410601347685 ], [ 4924543.348567086271942, 7469134.403812268748879 ], [ 4924540.73952051717788, 7469136.971304252743721 ], [ 4924537.579277426935732, 7469138.949063227511942 ], [ 4924533.364634832367301, 7469140.412104131653905 ], [ 4924527.612912790849805, 7469141.435543596744537 ], [ 4924519.83128031808883, 7469142.072296170517802 ], [ 4924509.731861365027726, 7469142.431673373095691 ], [ 4924497.959586599841714, 7469142.826993945986032 ], [ 4924485.385195498354733, 7469143.56163018848747 ], [ 4924472.879260709509254, 7469144.972181668505073 ], [ 4924461.302037227898836, 7469147.406274408102036 ], [ 4924451.360520138405263, 7469151.077869708649814 ], [ 4924443.116609591990709, 7469155.920829166658223 ], [ 4924436.479002417996526, 7469161.724271664395928 ], [ 4924431.335651864297688, 7469168.321512289345264 ], [ 4924427.574677717871964, 7469175.512640909291804 ], [ 4924425.114874214865267, 7469183.120050417259336 ], [ 4924423.78295810520649, 7469190.910297504626215 ], [ 4924423.415962935425341, 7469198.638914949260652 ], [ 4924423.850866573862731, 7469206.072510180063546 ], [ 4924424.924757128581405, 7469212.955540778115392 ], [ 4924426.525532262399793, 7469219.132394481450319 ], [ 4924428.776497734710574, 7469224.570461738854647 ], [ 4924431.862086368724704, 7469229.326039409264922 ], [ 4924435.966897019185126, 7469233.422199483029544 ], [ 4924441.275307240895927, 7469236.926313016563654 ], [ 4924447.848555082455277, 7469239.905135475099087 ], [ 4924455.296035035513341, 7469242.489616114646196 ], [ 4924470.726985231041908, 7469247.185011381283402 ], [ 4924477.692839501425624, 7469249.634174063801765 ], [ 4924483.600420822389424, 7469252.343853486701846 ], [ 4924488.429482097737491, 7469255.258574090898037 ], [ 4924492.324238677509129, 7469258.26830542460084 ], [ 4924495.408327295444906, 7469261.273989085108042 ], [ 4924497.784861395135522, 7469264.176464008167386 ], [ 4924499.546250586397946, 7469266.96511666290462 ], [ 4924500.710806703194976, 7469270.08304435852915 ], [ 4924501.234995407983661, 7469274.028411336243153 ], [ 4924501.105956660583615, 7469279.321685153990984 ], [ 4924500.310719559900463, 7469286.505483006127179 ], [ 4924498.806577973999083, 7469295.911845874041319 ], [ 4924496.512929253280163, 7469307.241342382505536 ], [ 4924493.350165122188628, 7469319.995193425565958 ], [ 4924489.259089711122215, 7469333.696871909312904 ], [ 4924484.129253779537976, 7469347.858519522473216 ], [ 4924477.942065778188407, 7469362.092412532307208 ], [ 4924470.923335720784962, 7469376.388602077960968 ], [ 4924463.349685390479863, 7469390.837069546803832 ], [ 4924455.487641626037657, 7469405.494520906358957 ], [ 4924447.593138535507023, 7469420.484060565009713 ], [ 4924439.943519599735737, 7469435.751698099076748 ], [ 4924432.807306149043143, 7469450.955445858649909 ], [ 4924426.402708188630641, 7469465.553712719120085 ], [ 4924420.988597104325891, 7469479.082636980339885 ], [ 4924416.803487898781896, 7469491.045029978267848 ], [ 4924414.084900151006877, 7469501.143050628714263 ], [ 4924413.004964316263795, 7469509.842715656384826 ], [ 4924413.704139391891658, 7469517.78708534874022 ], [ 4924416.3535036444664, 7469525.652597745880485 ], [ 4924421.093571858480573, 7469534.071236775256693 ], [ 4924427.93206500262022, 7469543.55249535292387 ], [ 4924436.212949992157519, 7469553.949116730131209 ], [ 4924445.075729715637863, 7469564.957771971821785 ], [ 4924453.731737032532692, 7469576.275492791086435 ], [ 4924461.310151590034366, 7469587.609977701678872 ], [ 4924467.196641225367785, 7469598.681282695382833 ], [ 4924471.503916664049029, 7469609.523198010399938 ], [ 4924474.508879283443093, 7469620.170332927256823 ], [ 4924476.539574979804456, 7469630.690776795148849 ], [ 4924477.86253456491977, 7469641.141236316412687 ], [ 4924478.765311008319259, 7469651.478846629150212 ], [ 4924479.351904620416462, 7469661.427248558960855 ], [ 4924479.685876380652189, 7469670.588054509833455 ], [ 4924479.861352077685297, 7469678.607330007478595 ], [ 4924480.140092226676643, 7469705.00077354349196 ], [ 4924480.189848077483475, 7469711.479977087117732 ], [ 4924480.200802447274327, 7469719.564881760627031 ], [ 4924480.082256197929382, 7469728.922780655324459 ], [ 4924479.763812702149153, 7469739.265368797816336 ], [ 4924479.206192680634558, 7469750.238045709207654 ], [ 4924478.277261346578598, 7469761.585423642769456 ], [ 4924476.885655018500984, 7469773.107694013975561 ], [ 4924474.857582102529705, 7469784.671087538823485 ], [ 4924472.019416363909841, 7469796.1086102174595 ], [ 4924468.248620057478547, 7469807.297823414206505 ], [ 4924463.443621635437012, 7469818.027791805565357 ], [ 4924457.862296980805695, 7469828.033998783677816 ], [ 4924451.78332379553467, 7469836.996656117960811 ], [ 4924445.516333154402673, 7469844.562905101105571 ], [ 4924439.380887662991881, 7469850.446387873962522 ], [ 4924433.614122663624585, 7469854.426786206662655 ], [ 4924428.205059409141541, 7469856.648022394627333 ], [ 4924423.039268486201763, 7469857.419629009440541 ], [ 4924418.074486116878688, 7469856.985048118978739 ], [ 4924413.196392509154975, 7469855.631662317551672 ], [ 4924408.321564281359315, 7469853.624858148396015 ], [ 4924403.345832303166389, 7469851.27421894390136 ], [ 4924398.134185670875013, 7469848.900248944759369 ], [ 4924392.561985839158297, 7469846.801353763788939 ], [ 4924386.504483167082071, 7469845.298088545911014 ], [ 4924379.898665716871619, 7469844.678091381676495 ], [ 4924372.856363003142178, 7469845.152348192408681 ], [ 4924365.571500288322568, 7469846.932255474850535 ], [ 4924358.227851063944399, 7469850.20700906496495 ], [ 4924350.978347094729543, 7469855.176726072095335 ], [ 4924344.027784012258053, 7469861.931031854823232 ], [ 4924337.624276738613844, 7469870.10568805411458 ], [ 4924331.975447212345898, 7469879.2255027461797 ], [ 4924327.360808699391782, 7469888.804568624123931 ], [ 4924324.018716873601079, 7469898.378922917880118 ], [ 4924322.135774900205433, 7469907.572945039719343 ], [ 4924321.82403761241585, 7469916.553322980180383 ], [ 4924323.113130843266845, 7469925.552782841958106 ], [ 4924326.042721129953861, 7469934.848400946706533 ], [ 4924330.683317163959146, 7469944.706332164816558 ], [ 4924336.942065412178636, 7469955.225786671042442 ], [ 4924344.277403611689806, 7469965.938898663967848 ], [ 4924352.035935815423727, 7469976.166816419921815 ], [ 4924359.533033545129001, 7469985.319134561344981 ], [ 4924366.115350135602057, 7469992.705929288640618 ], [ 4924371.312594749964774, 7469997.970446969382465 ], [ 4924375.358080744743347, 7470001.656536952592432 ], [ 4924378.740403744392097, 7470004.564051939174533 ], [ 4924381.896684123203158, 7470007.525812122970819 ], [ 4924385.295161878690124, 7470011.308341981843114 ], [ 4924389.219912923872471, 7470016.566493842750788 ], [ 4924393.373834499157965, 7470023.199106443673372 ], [ 4924397.316927842795849, 7470030.949252964928746 ], [ 4924400.568199635483325, 7470039.548727115616202 ], [ 4924402.708283420652151, 7470048.718555788509548 ], [ 4924403.399853401817381, 7470058.191250970587134 ], [ 4924402.922088492661715, 7470067.547352623194456 ], [ 4924401.666997053660452, 7470076.379039283841848 ], [ 4924400.067914055660367, 7470084.223320195451379 ], [ 4924398.506532657891512, 7470090.683397520333529 ], [ 4924393.416676515713334, 7470111.158039616420865 ], [ 4924391.783288380131125, 7470117.650981852784753 ], [ 4924389.577120595611632, 7470125.813407078385353 ], [ 4924386.696434698998928, 7470135.467604525387287 ], [ 4924383.039436388760805, 7470146.446938135661185 ], [ 4924378.504330805502832, 7470158.584771662950516 ], [ 4924373.040689194574952, 7470171.703650195151567 ], [ 4924366.916157403960824, 7470185.638783540576696 ], [ 4924360.460121973417699, 7470200.19246500916779 ], [ 4924353.991708622314036, 7470215.166937097907066 ], [ 4924347.870983078144491, 7470230.386797746643424 ], [ 4924342.334809737280011, 7470245.687104568816721 ], [ 4924337.476437107659876, 7470260.891122260130942 ], [ 4924333.255537890829146, 7470275.854673024266958 ], [ 4924329.683096395805478, 7470290.433835531584918 ], [ 4924326.759834659285843, 7470304.484637061133981 ], [ 4924324.424900547601283, 7470317.862796919420362 ], [ 4924322.544885125942528, 7470330.567648196592927 ], [ 4924320.87338200211525, 7470342.620109062641859 ], [ 4924319.246193740516901, 7470354.019358450546861 ], [ 4924317.447755051776767, 7470364.775393467396498 ], [ 4924315.28324640262872, 7470374.85401436407119 ], [ 4924312.753830442205071, 7470384.022649047896266 ], [ 4924309.81984200887382, 7470392.004220681264997 ], [ 4924306.482665864750743, 7470398.521857655607164 ], [ 4924302.733480237424374, 7470403.287562167271972 ], [ 4924298.511487030424178, 7470406.145977918058634 ], [ 4924293.568561293184757, 7470407.461342628113925 ], [ 4924287.594671009108424, 7470407.664034649729729 ], [ 4924280.299920893274248, 7470407.262058395892382 ], [ 4924271.405065386556089, 7470406.685944772325456 ], [ 4924260.712902076542377, 7470406.377709344960749 ], [ 4924248.612404479645193, 7470406.538647754117846 ], [ 4924235.605764525011182, 7470407.304172415286303 ], [ 4924222.205325061455369, 7470408.831898376345634 ], [ 4924208.913110569119453, 7470411.290465887635946 ], [ 4924196.149489666335285, 7470414.759506859816611 ], [ 4924183.986741004511714, 7470419.150783700868487 ], [ 4924172.384534587152302, 7470424.320119085721672 ], [ 4924161.353853116743267, 7470430.123592589050531 ], [ 4924150.854423221200705, 7470436.405951720662415 ], [ 4924140.897395233623683, 7470442.990051314234734 ], [ 4924131.55627195071429, 7470449.544006826356053 ], [ 4924122.955980439670384, 7470455.714041342958808 ], [ 4924115.201034803874791, 7470461.12412550766021 ], [ 4924108.416308157145977, 7470465.431557530537248 ], [ 4924102.623827271163464, 7470468.337420430034399 ], [ 4924097.556437089107931, 7470469.906826231628656 ], [ 4924092.854064338840544, 7470470.31517181545496 ], [ 4924088.146650553680956, 7470469.682427788153291 ], [ 4924083.104964734055102, 7470468.17306964751333 ], [ 4924077.461350634694099, 7470465.951881336048245 ], [ 4924071.429931818507612, 7470463.296814860776067 ], [ 4924065.347925226204097, 7470460.49751528725028 ], [ 4924059.521759746596217, 7470457.843473758548498 ], [ 4924054.278388519771397, 7470455.624284911900759 ], [ 4924049.852568845264614, 7470454.095855673775077 ], [ 4924046.152104571461678, 7470453.224498685449362 ], [ 4924043.002811401151121, 7470452.953964572399855 ], [ 4924040.261348159983754, 7470453.217083413153887 ], [ 4924037.743379605934024, 7470453.935404229909182 ], [ 4924035.294746468774974, 7470455.152453890070319 ], [ 4924032.872286267578602, 7470457.28887103497982 ], [ 4924030.44243162125349, 7470460.898244110867381 ], [ 4924027.95136783644557, 7470466.478684194386005 ], [ 4924025.365415613166988, 7470474.605929378420115 ], [ 4924022.693390570580959, 7470485.567977448925376 ], [ 4924020.030711527913809, 7470498.756174748763442 ], [ 4924017.566216798499227, 7470513.351909063756466 ], [ 4924015.437489031814039, 7470528.525235840119421 ], [ 4924013.813010604120791, 7470543.424215445294976 ], [ 4924012.7782750017941, 7470557.373693861067295 ], [ 4924012.262335885316133, 7470570.196112778969109 ], [ 4924012.121852707117796, 7470581.824301758781075 ], [ 4924012.2235800139606, 7470592.224366422742605 ], [ 4924012.620570694096386, 7470609.226695063523948 ], [ 4924013.358143680728972, 7470638.1143549233675 ], [ 4924013.579322889447212, 7470647.208152478560805 ], [ 4924013.774083849042654, 7470657.475781744346023 ], [ 4924013.892003244720399, 7470668.739787363447249 ], [ 4924013.872339393943548, 7470680.833737310022116 ], [ 4924013.664446158334613, 7470693.624475669115782 ], [ 4924013.218121986836195, 7470706.890247670002282 ], [ 4924012.503356748260558, 7470720.475850734859705 ], [ 4924011.511054654605687, 7470734.148661319166422 ], [ 4924010.242215757258236, 7470747.709331987425685 ], [ 4924008.667107760906219, 7470760.947285847738385 ], [ 4924006.735139433294535, 7470773.718292084522545 ], [ 4924004.260970235802233, 7470786.143246538005769 ], [ 4924000.976935149170458, 7470798.386932070367038 ], [ 4923996.676833155564964, 7470810.636590134352446 ], [ 4923991.103093297220767, 7470823.090278949588537 ], [ 4923984.122297005727887, 7470835.74732718989253 ], [ 4923975.993567039258778, 7470848.099578270688653 ], [ 4923967.089585575275123, 7470859.506544642150402 ], [ 4923957.783148872666061, 7470869.305589687079191 ], [ 4923948.436848912388086, 7470876.82295117713511 ], [ 4923939.371060574427247, 7470881.617233393713832 ], [ 4923930.738227345980704, 7470883.988231471739709 ], [ 4923922.710148411802948, 7470884.468415996991098 ], [ 4923915.397323322482407, 7470883.534574105404317 ], [ 4923908.94064880721271, 7470881.741171840578318 ], [ 4923903.409904869273305, 7470879.498341107740998 ], [ 4923898.731916163116693, 7470877.071518296375871 ], [ 4923894.741587828844786, 7470874.637076318264008 ], [ 4923891.294350333511829, 7470872.371490999124944 ], [ 4923888.245689797215164, 7470870.440163119696081 ], [ 4923885.44077389407903, 7470869.019516563042998 ], [ 4923882.633185386657715, 7470868.130462594330311 ], [ 4923879.627876415848732, 7470867.783095497637987 ], [ 4923876.147697286680341, 7470867.987096493132412 ], [ 4923871.987337298691273, 7470868.752507823519409 ], [ 4923866.982647894881666, 7470870.067428190261126 ], [ 4923861.380268125794828, 7470871.866646559908986 ], [ 4923855.47820648085326, 7470874.074135469272733 ], [ 4923849.59516429528594, 7470876.58074651658535 ], [ 4923844.049620405770838, 7470879.321631251834333 ], [ 4923839.077784901484847, 7470882.26475312653929 ], [ 4923834.606759957969189, 7470885.620173508301377 ], [ 4923830.46068571601063, 7470889.663886351510882 ], [ 4923826.504864368587732, 7470894.649942258372903 ], [ 4923822.594223532825708, 7470900.854489728808403 ], [ 4923818.604884739033878, 7470908.420882154256105 ], [ 4923814.631497018970549, 7470916.895515192300081 ], [ 4923810.800111542455852, 7470925.703116129152477 ], [ 4923807.267624375410378, 7470934.257492484524846 ], [ 4923804.149769801646471, 7470941.994395010173321 ], [ 4923792.207355139777064, 7470971.826073354110122 ], [ 4923789.119828226044774, 7470979.651726745069027 ], [ 4923785.728376081213355, 7470988.727339907549322 ], [ 4923782.290069705806673, 7470998.954530760645866 ], [ 4923779.062315392307937, 7471010.168468290939927 ], [ 4923776.30224156472832, 7471022.259695958346128 ], [ 4923774.226205127313733, 7471035.063176350668073 ], [ 4923772.866390310227871, 7471048.302193308249116 ], [ 4923772.18342046905309, 7471061.644294543191791 ], [ 4923772.189010174944997, 7471074.801585515961051 ], [ 4923772.843782657757401, 7471087.441613789647818 ], [ 4923774.097874850966036, 7471099.276174621656537 ], [ 4923775.767615291289985, 7471110.093915443867445 ], [ 4923777.638543017208576, 7471119.683328721672297 ], [ 4923779.49597321357578, 7471127.877206481993198 ], [ 4923781.125499323010445, 7471134.452966574579477 ], [ 4923785.149985954165459, 7471150.498949939385056 ], [ 4923788.007118904031813, 7471161.942873736843467 ], [ 4923789.794671517796814, 7471169.748767960816622 ], [ 4923791.475805777125061, 7471178.307235319167376 ], [ 4923792.806775507517159, 7471187.107592631131411 ], [ 4923793.461785854771733, 7471195.627668665722013 ], [ 4923793.258388043381274, 7471203.412464614957571 ], [ 4923792.237576837651432, 7471210.473261998966336 ], [ 4923790.491327646188438, 7471216.88804966211319 ], [ 4923788.152612339705229, 7471222.746097852475941 ], [ 4923785.333988657221198, 7471228.114423787221313 ], [ 4923782.055759267881513, 7471233.037429966963828 ], [ 4923778.164759907871485, 7471237.359293072484434 ], [ 4923773.395156658254564, 7471240.879321727901697 ], [ 4923767.501586017198861, 7471243.408002313226461 ], [ 4923760.269641296938062, 7471244.722751056775451 ], [ 4923751.55586517509073, 7471244.778542956337333 ], [ 4923741.778476066887379, 7471244.086938235908747 ], [ 4923731.457930762320757, 7471243.237538952380419 ], [ 4923721.145026998594403, 7471242.908702499233186 ], [ 4923711.380520875565708, 7471243.734436652623117 ], [ 4923702.582736913114786, 7471246.204156788997352 ], [ 4923694.844207099638879, 7471250.285105634480715 ], [ 4923688.155504246242344, 7471255.811110273934901 ], [ 4923682.476357235573232, 7471262.626917177811265 ], [ 4923677.807771012187004, 7471270.533180052414536 ], [ 4923674.109643336385489, 7471279.341420281678438 ], [ 4923671.251068671233952, 7471288.552597385831177 ], [ 4923669.101253376342356, 7471297.64552091434598 ], [ 4923667.498726354911923, 7471306.076695313677192 ], [ 4923666.322956682182848, 7471313.324981616809964 ], [ 4923663.990544465370476, 7471328.098528732545674 ], [ 4923661.171118424274027, 7471345.826681148260832 ], [ 4923659.617999609559774, 7471354.634658325463533 ], [ 4923657.616922076791525, 7471364.758317722007632 ], [ 4923655.035469749011099, 7471375.997638992033899 ], [ 4923651.802972057834268, 7471388.11968762986362 ], [ 4923647.838271669112146, 7471400.935776673257351 ], [ 4923643.255768337287009, 7471414.147453868761659 ], [ 4923638.159320033155382, 7471427.511589540168643 ], [ 4923632.68379813991487, 7471440.740909961983562 ], [ 4923626.984545256011188, 7471453.559319943189621 ], [ 4923621.175684800371528, 7471465.723741982132196 ], [ 4923615.360072095878422, 7471477.190394326113164 ], [ 4923609.661089182831347, 7471487.915598914958537 ], [ 4923604.191687676124275, 7471497.888850666582584 ], [ 4923571.184715634211898, 7471556.819199344143271 ], [ 4923565.694850987754762, 7471566.770184523425996 ], [ 4923559.954692795872688, 7471577.506238909438252 ], [ 4923554.067151444964111, 7471588.972506117075682 ], [ 4923548.114499369636178, 7471601.136175992898643 ], [ 4923542.158426911570132, 7471613.975409685634077 ], [ 4923535.99389214720577, 7471627.444871221669018 ], [ 4923529.385174551978707, 7471641.476919085718691 ], [ 4923522.086345430463552, 7471655.99278468079865 ], [ 4923513.851307329721749, 7471670.946923422627151 ], [ 4923504.547249534167349, 7471686.216836459934711 ], [ 4923494.575779628939927, 7471701.53874777443707 ], [ 4923484.410854226909578, 7471716.549571584910154 ], [ 4923474.567206162028015, 7471730.941805018112063 ], [ 4923465.518685583025217, 7471744.374514425173402 ], [ 4923457.677228999324143, 7471756.572904985398054 ], [ 4923451.053608329035342, 7471767.43735668528825 ], [ 4923445.53521098010242, 7471776.911926046013832 ], [ 4923441.029782270081341, 7471784.973997494205832 ], [ 4923432.337691127322614, 7471800.97792193107307 ], [ 4923425.106046217493713, 7471814.353344531729817 ], [ 4923421.552555449306965, 7471820.891855495981872 ], [ 4923417.254105600528419, 7471828.611637802794576 ], [ 4923412.274011242203414, 7471837.169681863859296 ], [ 4923406.696002012118697, 7471846.245231595821679 ], [ 4923400.593768693506718, 7471855.473179629072547 ], [ 4923394.071344793774188, 7471864.57717324141413 ], [ 4923387.36596473492682, 7471873.32583424821496 ], [ 4923380.776276330463588, 7471881.52132099494338 ], [ 4923374.559762574732304, 7471888.987734284251928 ], [ 4923369.035543783567846, 7471895.538412075489759 ], [ 4923341.859800311736763, 7471927.485541893169284 ], [ 4923335.572414287365973, 7471934.752228856086731 ], [ 4923328.759511468932033, 7471942.426032807677984 ], [ 4923321.628322385251522, 7471950.120372544974089 ], [ 4923314.396061720326543, 7471957.50409347191453 ], [ 4923307.228515682742, 7471964.267931175418198 ], [ 4923300.136116950772703, 7471970.378713144920766 ], [ 4923293.067493004724383, 7471975.847254402935505 ], [ 4923286.022588649764657, 7471980.684629825875163 ], [ 4923278.960294704884291, 7471984.901706296950579 ], [ 4923271.757113486528397, 7471988.56430889852345 ], [ 4923264.06380638666451, 7471991.726043507456779 ], [ 4923255.387277210131288, 7471994.473011667840183 ], [ 4923245.285466173663735, 7471996.94694803096354 ], [ 4923233.286027725785971, 7471999.189755975268781 ], [ 4923219.172698174603283, 7472001.344311354681849 ], [ 4923203.519727360457182, 7472003.5131965726614 ], [ 4923187.188406040892005, 7472005.866902513429523 ], [ 4923170.968348798342049, 7472008.542334530502558 ], [ 4923155.690224211663008, 7472011.676609627902508 ], [ 4923142.041293057613075, 7472015.350744547322392 ], [ 4923130.104675007984042, 7472019.365813062526286 ], [ 4923119.799555604346097, 7472023.466680694371462 ], [ 4923111.07591162994504, 7472027.398368526250124 ], [ 4923103.863362016156316, 7472030.872568204067647 ], [ 4923070.381773397326469, 7472047.259865454398096 ], [ 4923062.252825202420354, 7472051.305298234336078 ], [ 4923059.103913800790906, 7472052.91734666377306 ], [ 4923059.199459941126406, 7472054.313299985602498 ], [ 4923059.549592659808695, 7472058.124927655793726 ], [ 4923060.219044321216643, 7472063.732350544072688 ], [ 4923061.272491247393191, 7472070.526764318346977 ], [ 4923062.784760902635753, 7472077.92156646028161 ], [ 4923064.799665060825646, 7472085.374297421425581 ], [ 4923067.298252556473017, 7472092.574756747111678 ], [ 4923070.199427990242839, 7472099.32317971624434 ], [ 4923073.442903994582593, 7472105.364531626924872 ], [ 4923076.96816779859364, 7472110.488077240996063 ], [ 4923080.786326278932393, 7472114.527745708823204 ], [ 4923085.122671296820045, 7472117.584357243031263 ], [ 4923090.253587803803384, 7472119.803291818127036 ], [ 4923096.5169298639521, 7472121.352391297928989 ], [ 4923104.168555499054492, 7472122.376930190250278 ], [ 4923113.371725684031844, 7472123.066012604162097 ], [ 4923123.632888709194958, 7472123.594332711771131 ], [ 4923134.32478557806462, 7472124.191282780840993 ], [ 4923144.7690085247159, 7472125.052771778777242 ], [ 4923154.358939044177532, 7472126.386149875819683 ], [ 4923162.559916307218373, 7472128.376983483321965 ], [ 4923169.43369092233479, 7472130.992362681776285 ], [ 4923175.165119995363057, 7472134.211076689884067 ], [ 4923179.929077761247754, 7472137.956487836316228 ], [ 4923183.920684623531997, 7472142.207436410710216 ], [ 4923187.263272020034492, 7472146.931323112919927 ], [ 4923189.955884852446616, 7472152.316420868039131 ], [ 4923191.894819664768875, 7472158.572631718590856 ], [ 4923193.04838646762073, 7472165.876997438259423 ], [ 4923193.312768867239356, 7472174.461569616571069 ], [ 4923192.6772525832057, 7472184.414895061403513 ], [ 4923191.19483881816268, 7472195.404988365247846 ], [ 4923189.011463023722172, 7472206.989583948627114 ], [ 4923186.211535367183387, 7472218.715029031969607 ], [ 4923182.910201285034418, 7472230.138901840895414 ], [ 4923179.253229378722608, 7472240.852161390706897 ], [ 4923175.457335990853608, 7472250.623328825458884 ], [ 4923171.759597135707736, 7472259.254254177212715 ], [ 4923168.427992918528616, 7472266.524794174358249 ], [ 4923165.689224567264318, 7472272.258896888233721 ], [ 4923157.380421942099929, 7472289.482883239164948 ], [ 4923154.672492866404355, 7472295.206065410748124 ], [ 4923151.587314414791763, 7472302.455701928585768 ], [ 4923148.547102020122111, 7472310.957056444138288 ], [ 4923146.045468641445041, 7472320.524356298148632 ], [ 4923144.51489600725472, 7472330.882917776703835 ], [ 4923144.315740315243602, 7472341.813066863454878 ], [ 4923145.315980720333755, 7472353.037255201488733 ], [ 4923147.322126002982259, 7472364.255472034215927 ], [ 4923150.089196906425059, 7472375.200670675374568 ], [ 4923153.423588139005005, 7472385.594990047626197 ], [ 4923157.110885074362159, 7472395.21583928540349 ], [ 4923160.935042951256037, 7472404.161798402667046 ], [ 4923164.710414641536772, 7472412.609127765521407 ], [ 4923168.230993753299117, 7472420.700759243220091 ], [ 4923171.300812724046409, 7472428.623976363800466 ], [ 4923173.754976014606655, 7472436.510844694450498 ], [ 4923175.592696281149983, 7472444.516412448137999 ], [ 4923176.84425850585103, 7472452.740509696304798 ], [ 4923177.550043043680489, 7472461.316243000328541 ], [ 4923177.730127329006791, 7472470.332315354607999 ], [ 4923177.456020233221352, 7472479.855540262535214 ], [ 4923176.832437356933951, 7472489.476668868213892 ], [ 4923176.005430734716356, 7472498.731286250054836 ], [ 4923175.100468979217112, 7472507.165948283858597 ], [ 4923173.629841620102525, 7472519.872742747887969 ], [ 4923171.399697480723262, 7472538.644857782870531 ], [ 4923170.583414447493851, 7472545.784178517758846 ], [ 4923169.678391712717712, 7472554.229914794676006 ], [ 4923168.841114844195545, 7472563.484479277394712 ], [ 4923168.22778900898993, 7472573.105658924207091 ], [ 4923167.953732769936323, 7472582.617807934992015 ], [ 4923168.144023328088224, 7472591.645006196573377 ], [ 4923168.880660356022418, 7472600.209819838404655 ], [ 4923170.214346370659769, 7472608.434332380071282 ], [ 4923172.206047881394625, 7472616.440679294988513 ], [ 4923174.927051634527743, 7472624.339973155409098 ], [ 4923178.469172404147685, 7472632.243430459871888 ], [ 4923183.047504753805697, 7472640.24074237421155 ], [ 4923185.982907513156533, 7472644.320200541988015 ], [ 4923188.918311893008649, 7472648.399658078327775 ], [ 4923196.358497940935194, 7472656.765880413353443 ], [ 4923205.613839130848646, 7472665.451404212042689 ], [ 4923216.838410758413374, 7472674.434856697916985 ], [ 4923229.735740717500448, 7472683.482153177261353 ], [ 4923243.88663680665195, 7472692.269986567087471 ], [ 4923258.87173623777926, 7472700.508275561034679 ], [ 4923274.312898155301809, 7472707.873923812061548 ], [ 4923289.800682839937508, 7472714.14335416816175 ], [ 4923305.119599328376353, 7472719.304400533437729 ], [ 4923320.074348007328808, 7472723.411450654268265 ], [ 4923334.45902915019542, 7472726.585290131159127 ], [ 4923348.088831854984164, 7472728.836060708388686 ], [ 4923360.768065137788653, 7472730.295676043257117 ], [ 4923372.331886669620872, 7472731.085131178610027 ], [ 4923382.594534709118307, 7472731.402841486036777 ], [ 4923391.432000255212188, 7472731.414309421554208 ], [ 4923398.627898975275457, 7472731.284570226445794 ], [ 4923422.915751968510449, 7472730.765004774555564 ], [ 4923430.121858048252761, 7472730.646377367898822 ], [ 4923438.887363173998892, 7472730.679604170843959 ], [ 4923448.995884332805872, 7472731.029715918004513 ], [ 4923460.220607247203588, 7472731.894916152581573 ], [ 4923472.37577436119318, 7472733.473616193979979 ], [ 4923485.204060626216233, 7472735.908490655012429 ], [ 4923498.438269061036408, 7472739.264639142900705 ], [ 4923511.79095443803817, 7472743.551684328354895 ], [ 4923524.974447693675756, 7472748.823549209162593 ], [ 4923537.721887041814625, 7472755.078887218609452 ], [ 4923549.745714444667101, 7472762.349473587237298 ], [ 4923560.882656983099878, 7472770.446209096349776 ], [ 4923570.959008882753551, 7472779.213167632929981 ], [ 4923579.862815051339567, 7472788.461509520187974 ], [ 4923587.410215296782553, 7472798.013107577338815 ], [ 4923593.520268126390874, 7472807.634978160262108 ], [ 4923598.317815012298524, 7472816.995499102398753 ], [ 4923601.989616796374321, 7472825.696909284219146 ], [ 4923604.722378712147474, 7472833.352521955966949 ], [ 4923606.702862273901701, 7472839.564575202763081 ], [ 4923612.702669112943113, 7472858.843383878469467 ], [ 4923614.611199430190027, 7472865.077223130501807 ], [ 4923616.809907981194556, 7472872.796590866521001 ], [ 4923619.023284580558538, 7472881.67891947273165 ], [ 4923620.975929901003838, 7472891.379491809755564 ], [ 4923622.402540270239115, 7472901.58686720021069 ], [ 4923623.089354950934649, 7472911.945564420893788 ], [ 4923623.151064340956509, 7472922.101758055388927 ], [ 4923622.795071271248162, 7472931.635639269836247 ], [ 4923622.208027577959001, 7472940.171595074236393 ], [ 4923621.597113924100995, 7472947.334115959703922 ], [ 4923619.411583775654435, 7472971.610829101875424 ], [ 4923618.759611469693482, 7472978.773142710328102 ], [ 4923617.915625561960042, 7472987.374253371730447 ], [ 4923616.81971552874893, 7472997.08160550519824 ], [ 4923615.46334736328572, 7473007.551827412098646 ], [ 4923613.786666125059128, 7473018.44128864724189 ], [ 4923611.811762787401676, 7473029.439997241832316 ], [ 4923609.601841142401099, 7473040.227093398571014 ], [ 4923607.322635729797184, 7473050.504384547472 ], [ 4923605.129673341289163, 7473059.962551606819034 ], [ 4923595.29548857640475, 7473100.83551636710763 ], [ 4923593.313438118435442, 7473109.176158552058041 ], [ 4923591.223269996233284, 7473118.601616564206779 ], [ 4923589.252472879365087, 7473128.780784112401307 ], [ 4923587.638744619674981, 7473139.393681609071791 ], [ 4923586.619951444678009, 7473150.087105052545667 ], [ 4923586.341470097191632, 7473160.529534214176238 ], [ 4923586.671485976316035, 7473170.399126009084284 ], [ 4923587.37582026515156, 7473179.31814549677074 ], [ 4923588.260959608480334, 7473186.98658867366612 ], [ 4923589.082403645850718, 7473193.03774375654757 ], [ 4923590.499322972260416, 7473203.134318375959992 ], [ 4923592.402442610822618, 7473216.555878696963191 ], [ 4923593.575435291975737, 7473224.137171691283584 ], [ 4923595.081512144766748, 7473232.838730543851852 ], [ 4923596.953589110635221, 7473242.239866753108799 ], [ 4923599.224637938663363, 7473251.908816935494542 ], [ 4923601.886237801983953, 7473261.480059675872326 ], [ 4923604.745320778340101, 7473270.564992394298315 ], [ 4923607.577801713719964, 7473278.81915676780045 ], [ 4923610.159594680182636, 7473285.898094681091607 ], [ 4923618.202711725607514, 7473307.125330645591021 ], [ 4923620.330320995301008, 7473312.6736113531515 ], [ 4923623.117972306907177, 7473319.642832908779383 ], [ 4923626.495993531309068, 7473327.600714320316911 ], [ 4923630.425617076456547, 7473336.092980163171887 ], [ 4923634.826961479149759, 7473344.67622290737927 ], [ 4923639.711854645051062, 7473353.04039859957993 ], [ 4923645.284860076382756, 7473361.330513966269791 ], [ 4923651.790818486362696, 7473369.846829799935222 ], [ 4923659.464363059028983, 7473378.8784797526896 ], [ 4923668.571033239364624, 7473388.692602161318064 ], [ 4923679.212585286237299, 7473399.466908531263471 ], [ 4923690.949493423104286, 7473410.833703499287367 ], [ 4923703.209405100904405, 7473422.30279788095504 ], [ 4923715.430117486044765, 7473433.406205656938255 ], [ 4923727.028951336629689, 7473443.664764588698745 ], [ 4923737.504950192756951, 7473452.677251288667321 ], [ 4923746.724949693307281, 7473460.387622672133148 ], [ 4923754.627302818931639, 7473466.806646157056093 ], [ 4923761.119346801191568, 7473471.989233296364546 ], [ 4923786.281795583665371, 7473491.696590352803469 ], [ 4923792.415940028615296, 7473496.611560733057559 ], [ 4923799.336502345278859, 7473502.316815350204706 ], [ 4923806.664699591696262, 7473508.61109670996666 ], [ 4923814.0011075315997, 7473515.315194441005588 ], [ 4923821.059322061948478, 7473522.228316904045641 ], [ 4923827.685542117804289, 7473529.316466110758483 ], [ 4923833.818180092610419, 7473536.57933310046792 ], [ 4923839.395870880223811, 7473543.97230966668576 ], [ 4923844.305648133158684, 7473551.505903864279389 ], [ 4923848.527093200944364, 7473559.157863549888134 ], [ 4923851.988575822673738, 7473566.883529000915587 ], [ 4923854.679830333217978, 7473574.682849189266562 ], [ 4923856.580493374727666, 7473582.522496933117509 ], [ 4923857.649728011339903, 7473590.357966990210116 ], [ 4923857.877045812085271, 7473598.233507292345166 ], [ 4923857.220051721669734, 7473606.414707383140922 ], [ 4923855.666977344080806, 7473615.200535828247666 ], [ 4923853.14435510803014, 7473624.911801230162382 ], [ 4923849.660944904200733, 7473635.847574947401881 ], [ 4923845.246758657507598, 7473648.163058614358306 ], [ 4923835.165269939228892, 7473674.991670078597963 ], [ 4923830.366483337245882, 7473688.257675601169467 ], [ 4923826.352533414959908, 7473700.58624068275094 ], [ 4923823.44379800464958, 7473711.547047218307853 ], [ 4923821.670127859339118, 7473721.328522563911974 ], [ 4923820.947571207769215, 7473730.295723471790552 ], [ 4923821.222969663329422, 7473738.813861219212413 ], [ 4923822.412370508536696, 7473747.247992101125419 ], [ 4923824.452739905565977, 7473755.885751680471003 ], [ 4923827.354399766772985, 7473764.716116349212825 ], [ 4923831.127950350753963, 7473773.672688193619251 ], [ 4923835.784047573804855, 7473782.677994369529188 ], [ 4923841.333402968943119, 7473791.643487002700567 ], [ 4923847.74550212547183, 7473800.513636260293424 ], [ 4923854.692209138534963, 7473809.220341834239662 ], [ 4923861.793674095533788, 7473817.772769905626774 ], [ 4923868.68070038035512, 7473826.102615166455507 ], [ 4923874.983923567458987, 7473834.174797479063272 ], [ 4923880.37492617033422, 7473841.976593134924769 ], [ 4923884.853928944095969, 7473849.463703872635961 ], [ 4923888.451724508777261, 7473856.63628519885242 ], [ 4923891.240387133322656, 7473863.450399331748486 ], [ 4923893.271406155079603, 7473869.873080006800592 ], [ 4923894.575074278749526, 7473876.00415556691587 ], [ 4923895.087410779669881, 7473882.319534212350845 ], [ 4923894.723238083533943, 7473889.427918772213161 ], [ 4923893.448757748119533, 7473897.927194801159203 ], [ 4923891.127522815950215, 7473908.414732232689857 ], [ 4923887.808907928876579, 7473921.278406990692019 ], [ 4923883.864889365620911, 7473936.032782134599984 ], [ 4923879.730145941488445, 7473951.971233911812305 ], [ 4923875.87004201579839, 7473968.409443268552423 ], [ 4923872.73962408863008, 7473984.674114867113531 ], [ 4923870.649955022148788, 7474000.146605943329632 ], [ 4923869.25270040333271, 7474014.692266149446368 ], [ 4923868.065524690784514, 7474028.286522868089378 ], [ 4923866.575407093390822, 7474040.882499034516513 ], [ 4923864.330747633241117, 7474052.466851217672229 ], [ 4923860.952133236452937, 7474062.960147683508694 ], [ 4923856.788902601227164, 7474072.297692027874291 ], [ 4923852.293211724609137, 7474080.382079220376909 ], [ 4923847.968653745949268, 7474087.094012883491814 ], [ 4923844.277651905082166, 7474092.336140535771847 ], [ 4923837.682229486294091, 7474101.539634232409298 ], [ 4923829.184418516233563, 7474113.446964603848755 ], [ 4923824.53203138243407, 7474120.024343479424715 ], [ 4923819.155195062048733, 7474127.772040501236916 ], [ 4923813.260430704802275, 7474136.447440790012479 ], [ 4923807.053981708362699, 7474145.863303793594241 ], [ 4923800.680669437162578, 7474155.798855194821954 ], [ 4923794.274828265421093, 7474166.077568570151925 ], [ 4923787.899049752391875, 7474176.500406811013818 ], [ 4923781.626135258004069, 7474186.879459355026484 ], [ 4923763.976142235100269, 7474216.261539714410901 ], [ 4923746.771043907850981, 7474244.937032487243414 ], [ 4923740.69422435387969, 7474255.095553614199162 ], [ 4923734.502698678523302, 7474265.607898497022688 ], [ 4923728.319925297051668, 7474276.419312682934105 ], [ 4923722.320744024589658, 7474287.464225329458714 ], [ 4923716.618460689671338, 7474298.665681125596166 ], [ 4923711.336758119054139, 7474309.924626918509603 ], [ 4923706.486738273873925, 7474321.074992530979216 ], [ 4923702.048931051045656, 7474331.9062534943223 ], [ 4923697.993545675650239, 7474342.218908458948135 ], [ 4923690.982565874233842, 7474360.523980811238289 ], [ 4923678.353813657537103, 7474393.61924937274307 ], [ 4923674.681998264044523, 7474403.180722869932652 ], [ 4923670.606660122983158, 7474413.371444409713149 ], [ 4923666.088298723101616, 7474423.881112085655332 ], [ 4923661.0873579448089, 7474434.410498723387718 ], [ 4923655.554072508588433, 7474444.649250558577478 ], [ 4923649.510422038845718, 7474454.309525212273002 ], [ 4923643.234290779568255, 7474463.24874540604651 ], [ 4923637.034359459765255, 7474471.324489382095635 ], [ 4923631.249993640929461, 7474478.416640631854534 ], [ 4923626.200085039250553, 7474484.393904866650701 ], [ 4923607.808427713811398, 7474506.008435683324933 ], [ 4923602.768933675251901, 7474511.952519733458757 ], [ 4923597.067663196474314, 7474518.845725637860596 ], [ 4923591.075724643655121, 7474526.379820269532502 ], [ 4923585.205344111658633, 7474534.235703187063336 ], [ 4923579.817199657671154, 7474542.138315074145794 ], [ 4923575.261649393476546, 7474549.82362016197294 ], [ 4923571.528317891061306, 7474557.313717059791088 ], [ 4923568.544903240166605, 7474564.696842623874545 ], [ 4923566.228893857449293, 7474572.050106971524656 ], [ 4923564.487456888891757, 7474579.46164315007627 ], [ 4923563.299727658741176, 7474586.997796718031168 ], [ 4923562.655609223991632, 7474594.625291594304144 ], [ 4923562.575967900454998, 7474602.27778241969645 ], [ 4923563.102033108472824, 7474609.922251738607883 ], [ 4923564.254615461453795, 7474617.50342888571322 ], [ 4923566.095530833117664, 7474624.977324932813644 ], [ 4923568.78880137950182, 7474632.38906682934612 ], [ 4923572.519091790542006, 7474639.761735131032765 ], [ 4923577.470899662002921, 7474647.151634449139237 ], [ 4923583.880161128006876, 7474654.59317793045193 ], [ 4923591.80819115228951, 7474662.142048135399818 ], [ 4923600.936098064295948, 7474669.929536896757782 ], [ 4923610.81154091656208, 7474678.086264157667756 ], [ 4923621.023183742538095, 7474686.754132518544793 ], [ 4923631.129061485640705, 7474696.041666104458272 ], [ 4923640.749079163186252, 7474706.002326343208551 ], [ 4923649.669114994816482, 7474716.347083469852805 ], [ 4923657.727320437319577, 7474726.598894812166691 ], [ 4923664.76145513728261, 7474736.358241667971015 ], [ 4923670.61965455301106, 7474745.203507530502975 ], [ 4923675.190278711728752, 7474752.879404803737998 ], [ 4923678.625632702372968, 7474759.718954177573323 ], [ 4923681.09766155295074, 7474766.232476234436035 ], [ 4923682.839959157630801, 7474772.919526381418109 ], [ 4923684.034904660657048, 7474780.257251782342792 ], [ 4923684.82426200248301, 7474788.633994309231639 ], [ 4923685.188168813474476, 7474797.916752934455872 ], [ 4923685.035740779712796, 7474807.806042796000838 ], [ 4923684.296568267978728, 7474818.013557126745582 ], [ 4923682.889697290956974, 7474828.306311508640647 ], [ 4923680.785946688614786, 7474838.362981267273426 ], [ 4923678.212603805586696, 7474847.896757801994681 ], [ 4923675.469037836417556, 7474856.576895046047866 ], [ 4923672.813501443713903, 7474864.083515244536102 ], [ 4923670.555407967418432, 7474870.13022358622402 ], [ 4923669.42142298258841, 7474873.11478996835649 ], [ 4923665.259383589029312, 7474884.191079808399081 ], [ 4923661.285127341747284, 7474894.670259013772011 ], [ 4923658.279381380416453, 7474902.407690634019673 ], [ 4923654.578040064312518, 7474911.692132325842977 ], [ 4923650.130498588085175, 7474922.379352631978691 ], [ 4923644.93720037303865, 7474934.380752431228757 ], [ 4923639.040431285277009, 7474947.452891951426864 ], [ 4923626.418818240985274, 7474974.944155108183622 ], [ 4923620.438611613586545, 7474988.270594721660018 ], [ 4923615.161583114415407, 7475000.581665785051882 ], [ 4923610.877067222259939, 7475011.502273390069604 ], [ 4923607.512371500022709, 7475021.198178485035896 ], [ 4923604.922274408861995, 7475029.967677505686879 ], [ 4923602.961553531698883, 7475038.109066650271416 ], [ 4923601.474497118964791, 7475045.964889481663704 ], [ 4923600.336747519671917, 7475053.767096516676247 ], [ 4923599.527439364232123, 7475061.582033237442374 ], [ 4923599.036419185809791, 7475069.387498340569437 ], [ 4923598.873785662464797, 7475077.216767992824316 ], [ 4923599.049916489981115, 7475085.047744290903211 ], [ 4923599.554435006342828, 7475092.902525110170245 ], [ 4923600.407482378184795, 7475100.85873749665916 ], [ 4923601.670039075426757, 7475109.038514567539096 ], [ 4923603.362190745770931, 7475117.530558096244931 ], [ 4923605.534652617760003, 7475126.456949369981885 ], [ 4923608.177160149440169, 7475135.817636424675584 ], [ 4923611.116760727018118, 7475145.3016452845186 ], [ 4923614.140107939019799, 7475154.46489758323878 ], [ 4923617.023365685716271, 7475162.90756269544363 ], [ 4923631.435574006289244, 7475203.902596961706877 ], [ 4923634.440255425870419, 7475212.700271907262504 ], [ 4923637.77684916369617, 7475222.861853076145053 ], [ 4923641.31246055662632, 7475234.275920169427991 ], [ 4923644.944880118593574, 7475246.853357668966055 ], [ 4923648.582609756849706, 7475260.416503384709358 ], [ 4923652.21688983310014, 7475274.666285811923444 ], [ 4923655.870036276057363, 7475289.248414462432265 ], [ 4923659.544000478461385, 7475303.77527111582458 ], [ 4923663.271419139578938, 7475317.881542194634676 ], [ 4923667.053741257637739, 7475331.279282744042575 ], [ 4923670.840027705766261, 7475343.890710817649961 ], [ 4923674.537830166518688, 7475355.726436295546591 ], [ 4923678.126727706752717, 7475366.764206385239959 ], [ 4923700.080849207006395, 7475433.048294445499778 ], [ 4923703.700583260506392, 7475444.086211398243904 ], [ 4923707.511195874772966, 7475455.955718530341983 ], [ 4923711.471680511720479, 7475468.645534289069474 ], [ 4923715.551185003481805, 7475482.166578409262002 ], [ 4923719.799591667950153, 7475496.807053721509874 ], [ 4923724.589722302742302, 7475513.964295152574778 ], [ 4923730.457153545692563, 7475535.335482463240623 ], [ 4923737.845132006332278, 7475562.606254651211202 ], [ 4923819.945170291699469, 7475866.907855260185897 ], [ 4923827.364403549581766, 7475894.15656952932477 ], [ 4923833.304121382534504, 7475915.505910819396377 ], [ 4923838.289698976092041, 7475932.641930552199483 ], [ 4923842.79535470623523, 7475947.217196730896831 ], [ 4923847.275891391560435, 7475960.662677483633161 ], [ 4923851.750394940376282, 7475973.266420606523752 ], [ 4923856.126301998272538, 7475985.061186814680696 ], [ 4923860.372535055503249, 7475996.102195637300611 ], [ 4923875.344836731441319, 7476034.220202923752367 ], [ 4923882.734793577343225, 7476053.018452667631209 ], [ 4923886.748887900263071, 7476063.271957254037261 ], [ 4923890.90415989048779, 7476074.035621958784759 ], [ 4923895.047727419994771, 7476085.087178317829967 ], [ 4923899.036751721985638, 7476096.24870871566236 ], [ 4923902.74914815556258, 7476107.298099530860782 ], [ 4923906.011111240833998, 7476118.090503363870084 ], [ 4923908.791785414330661, 7476128.636840873397887 ], [ 4923910.99843957554549, 7476139.003097724169493 ], [ 4923912.579463226720691, 7476149.244390742853284 ], [ 4923913.493401031009853, 7476159.438037751242518 ], [ 4923913.699241899885237, 7476169.572758184745908 ], [ 4923913.362745146267116, 7476179.350356532260776 ], [ 4923912.670814167708158, 7476188.350917490199208 ], [ 4923911.84081872459501, 7476196.22112896759063 ], [ 4923911.049230409786105, 7476202.574248569086194 ], [ 4923908.570576671510935, 7476221.876737472601235 ], [ 4923907.779041604138911, 7476228.218782003968954 ], [ 4923906.990552032366395, 7476236.000600624829531 ], [ 4923906.433245182968676, 7476244.769259665161371 ], [ 4923906.345636366866529, 7476254.049727377481759 ], [ 4923906.976285758428276, 7476263.411322649568319 ], [ 4923908.491622978821397, 7476272.422952347435057 ], [ 4923910.891871616244316, 7476281.040317006409168 ], [ 4923914.136078427545726, 7476289.241060689091682 ], [ 4923918.152490687556565, 7476297.002672899514437 ], [ 4923922.87945522274822, 7476304.33591893594712 ], [ 4923928.306650680489838, 7476311.251821458339691 ], [ 4923934.536186577752233, 7476317.861642267554998 ], [ 4923941.721449290402234, 7476324.287974967621267 ], [ 4923949.964382458478212, 7476330.675304992124438 ], [ 4923959.438906223513186, 7476337.146327890455723 ], [ 4923970.164944767951965, 7476343.822966871783137 ], [ 4923981.700932162813842, 7476350.72515707463026 ], [ 4923993.471893455833197, 7476357.861091500148177 ], [ 4924004.933818459510803, 7476365.205894804559648 ], [ 4924015.50135272461921, 7476372.78986157849431 ], [ 4924024.743248520419002, 7476380.621909476816654 ], [ 4924032.57720619160682, 7476388.734854122623801 ], [ 4924039.054279106669128, 7476397.184328636154532 ], [ 4924044.205043159425259, 7476406.014788120985031 ], [ 4924048.05990787409246, 7476415.303911624476314 ], [ 4924050.680525665171444, 7476425.040933724492788 ], [ 4924052.149913291446865, 7476435.049069629982114 ], [ 4924052.561520310118794, 7476445.118361284956336 ], [ 4924052.008907278068364, 7476455.016700837761164 ], [ 4924050.58552416600287, 7476464.534129802137613 ], [ 4924048.394810723140836, 7476473.516114882193506 ], [ 4924045.477554749697447, 7476482.018235282972455 ], [ 4924041.884478150866926, 7476490.162570208311081 ], [ 4924037.655980967916548, 7476498.082222193479538 ], [ 4924032.852996367029846, 7476505.910396544262767 ], [ 4924027.56770072504878, 7476513.691854470409453 ], [ 4924022.099043445661664, 7476521.184440973214805 ], [ 4924016.807906975969672, 7476528.079861186444759 ], [ 4924012.044852772727609, 7476534.080844080075622 ], [ 4923992.88160817977041, 7476557.696578261442482 ], [ 4923988.015592392534018, 7476563.752413634210825 ], [ 4923982.40544072072953, 7476570.790200350806117 ], [ 4923976.350103012286127, 7476578.56778397411108 ], [ 4923970.076885649003088, 7476586.79835123475641 ], [ 4923963.833518127910793, 7476595.217341687530279 ], [ 4923957.837208525277674, 7476603.504666987806559 ], [ 4923952.274477012455463, 7476611.317935196682811 ], [ 4923947.341944674029946, 7476618.348030440509319 ], [ 4923929.337791725061834, 7476644.18451046384871 ], [ 4923925.242444251663983, 7476650.100214257836342 ], [ 4923920.350121226161718, 7476657.296628769487143 ], [ 4923914.918375147506595, 7476665.597843548282981 ], [ 4923909.153592300601304, 7476674.794466719962656 ], [ 4923903.302893115207553, 7476684.743761273100972 ], [ 4923897.593254210427403, 7476695.225364120677114 ], [ 4923892.179897460155189, 7476705.996402479708195 ], [ 4923887.218156625516713, 7476716.791854216717184 ], [ 4923882.883899631910026, 7476727.346800331957638 ], [ 4923879.311872764490545, 7476737.407190760597587 ], [ 4923876.616067132912576, 7476746.763171588070691 ], [ 4923874.765573428012431, 7476755.436738323420286 ], [ 4923873.605892511084676, 7476763.526791796088219 ], [ 4923873.075036339461803, 7476771.110546628013253 ], [ 4923873.038927286863327, 7476778.30915598757565 ], [ 4923873.466376964002848, 7476785.199988851323724 ], [ 4923874.509998310357332, 7476792.060687238350511 ], [ 4923876.414749789051712, 7476799.18043131288141 ], [ 4923879.405390319414437, 7476806.781849266961217 ], [ 4923883.706124181859195, 7476815.198316717520356 ], [ 4923889.449478069320321, 7476824.618773099035025 ], [ 4923896.32800807710737, 7476834.93092430755496 ], [ 4923903.952413138002157, 7476845.966690771281719 ], [ 4923911.923235238529742, 7476857.535792555660009 ], [ 4923919.830637018196285, 7476869.470048651099205 ], [ 4923927.295524382963777, 7476881.612508120015264 ], [ 4923934.072103700600564, 7476893.84011407662183 ], [ 4923939.883668822236359, 7476906.051805229857564 ], [ 4923944.494468853808939, 7476918.168875966221094 ], [ 4923947.668863066472113, 7476930.090471163392067 ], [ 4923949.212055388838053, 7476941.760240474715829 ], [ 4923949.16405500844121, 7476953.388811107724905 ], [ 4923947.626472476869822, 7476965.187118448317051 ], [ 4923944.690429697744548, 7476977.4103450961411 ], [ 4923940.467804253101349, 7476990.269477101042867 ], [ 4923935.070751113817096, 7477003.920126376673579 ], [ 4923928.685569110326469, 7477018.064198954030871 ], [ 4923921.519424854777753, 7477032.337255174294114 ], [ 4923913.759174508042634, 7477046.33045357093215 ], [ 4923905.612098544836044, 7477059.657205447554588 ], [ 4923897.254067447036505, 7477072.05259064398706 ], [ 4923888.725594557821751, 7477083.627562544308603 ], [ 4923880.045992827042937, 7477094.625868998467922 ], [ 4923871.234630320221186, 7477105.280183107592165 ], [ 4923862.290229624137282, 7477115.845224577002227 ], [ 4923816.836085001938045, 7477169.264735747128725 ], [ 4923807.922689276747406, 7477179.774527264758945 ], [ 4923799.297146945260465, 7477190.208233501762152 ], [ 4923791.164799096994102, 7477200.566885888576508 ], [ 4923783.679374205879867, 7477210.906632361933589 ], [ 4923777.056425680406392, 7477221.239631320349872 ], [ 4923771.408948342315853, 7477231.555376224219799 ], [ 4923766.686943824402988, 7477241.587815566919744 ], [ 4923762.810057663358748, 7477250.982144704088569 ], [ 4923759.677123113535345, 7477259.438829516991973 ], [ 4923757.187084429897368, 7477266.636186134070158 ], [ 4923748.465379365719855, 7477292.109312249347568 ], [ 4923746.006076222285628, 7477299.317896576598287 ], [ 4923743.149889735504985, 7477307.864568846300244 ], [ 4923740.010869363322854, 7477317.52840063162148 ], [ 4923736.733977461233735, 7477328.066468761302531 ], [ 4923733.464288172312081, 7477339.213700622320175 ], [ 4923730.30564087536186, 7477350.738041695207357 ], [ 4923727.279682751744986, 7477362.418099649250507 ], [ 4923724.418328364379704, 7477374.032533727586269 ], [ 4923721.69166705571115, 7477385.403992797248065 ], [ 4923716.718747491948307, 7477406.532365038990974 ], [ 4923707.412303573451936, 7477446.178604258224368 ], [ 4923704.842131153680384, 7477457.05246908031404 ], [ 4923703.70973065495491, 7477461.731527242809534 ], [ 4923702.115720965899527, 7477468.368550514802337 ], [ 4923699.254887093789876, 7477479.872231807559729 ], [ 4923696.240430645644665, 7477491.297614994458854 ], [ 4923693.073520296253264, 7477502.412129677832127 ], [ 4923689.796505156904459, 7477512.961262319236994 ], [ 4923686.544195471331477, 7477522.67988917324692 ], [ 4923683.492415336892009, 7477531.314167811535299 ], [ 4923680.816989374347031, 7477538.610255946405232 ], [ 4923670.296709094196558, 7477566.422209098935127 ], [ 4923667.652407148852944, 7477573.65200118906796 ], [ 4923664.704337899573147, 7477582.076371619477868 ], [ 4923661.638870535418391, 7477591.386155761778355 ], [ 4923658.662965107709169, 7477601.261217588558793 ], [ 4923655.94251327123493, 7477611.381214702501893 ], [ 4923653.52064523100853, 7477621.336587006226182 ], [ 4923651.409466809593141, 7477630.761918630450964 ], [ 4923649.611095160245895, 7477639.236368182115257 ], [ 4923646.104747246950865, 7477656.584423262625933 ], [ 4923643.198278959840536, 7477671.022754617035389 ], [ 4923641.74546067789197, 7477678.158859237097204 ], [ 4923639.988482626155019, 7477686.567065412178636 ], [ 4923637.991343207657337, 7477695.771467491984367 ], [ 4923635.776860261335969, 7477705.318102840334177 ], [ 4923633.38844227977097, 7477714.742037358693779 ], [ 4923630.868718241341412, 7477723.733383828774095 ], [ 4923625.604939236305654, 7477741.404845496639609 ], [ 4923622.89827673509717, 7477750.816102428361773 ], [ 4923620.218179135583341, 7477761.069196785800159 ], [ 4923617.542551304213703, 7477772.474118974991143 ], [ 4923614.860958180390298, 7477785.064041644334793 ], [ 4923612.112017567269504, 7477798.79435570910573 ], [ 4923609.26503792591393, 7477813.642756585031748 ], [ 4923606.258525245822966, 7477829.586784662678838 ], [ 4923593.165029397234321, 7477899.3934236317873 ], [ 4923589.989301972091198, 7477916.311201371252537 ], [ 4923587.023655742406845, 7477932.288655951619148 ], [ 4923584.32913960609585, 7477947.436845286749303 ], [ 4923582.027906140312552, 7477961.966810330748558 ], [ 4923580.201038029976189, 7477976.089385341852903 ], [ 4923578.929506652057171, 7477990.037554131820798 ], [ 4923578.284127473831177, 7478004.0220992192626 ], [ 4923578.171602294780314, 7478018.219751935452223 ], [ 4923578.477930259890854, 7478032.840364493429661 ], [ 4923579.06874218210578, 7478048.060461414977908 ], [ 4923579.829980752430856, 7478064.100969642400742 ], [ 4923583.257965478114784, 7478133.769227184355259 ], [ 4923584.858263898640871, 7478166.714484753087163 ], [ 4923585.179291506297886, 7478174.335735752247274 ], [ 4923585.500375311821699, 7478181.945911897346377 ], [ 4923585.950355978682637, 7478196.589394186623394 ], [ 4923586.094368888996542, 7478210.821559685282409 ], [ 4923585.869803785346448, 7478224.841444315388799 ], [ 4923585.224262233823538, 7478238.859210403636098 ], [ 4923584.208134361542761, 7478253.063387366011739 ], [ 4923582.871754722669721, 7478267.653579336591065 ], [ 4923581.296261225827038, 7478282.829545462504029 ], [ 4923579.542089289985597, 7478298.82416583225131 ], [ 4923568.194212230853736, 7478401.178042551502585 ], [ 4923566.485938020981848, 7478416.209361901506782 ], [ 4923564.82307986356318, 7478430.377055671997368 ], [ 4923563.143640748225152, 7478443.75833722949028 ], [ 4923561.406270650215447, 7478456.408373717218637 ], [ 4923559.590266644954681, 7478468.360286087729037 ], [ 4923557.778607898391783, 7478479.448366263881326 ], [ 4923556.034016821533442, 7478489.451429015956819 ], [ 4923554.460287649184465, 7478498.1484958473593 ], [ 4923548.519526324234903, 7478529.892905805259943 ], [ 4923547.148461646400392, 7478537.084785394370556 ], [ 4923545.399778498336673, 7478545.858495804481208 ], [ 4923543.192057037726045, 7478556.069651414640248 ], [ 4923540.485116069205105, 7478567.540848979726434 ], [ 4923537.187211368232965, 7478580.138725799508393 ], [ 4923533.299288687296212, 7478593.675010470673442 ], [ 4923529.059293397702277, 7478607.796499068848789 ], [ 4923524.715662998147309, 7478622.105740514583886 ], [ 4923520.557685187086463, 7478636.249789871275425 ], [ 4923516.854559215717018, 7478649.787000952288508 ], [ 4923513.823420557193458, 7478662.419441221281886 ], [ 4923511.414046667516232, 7478673.9253571908921 ], [ 4923509.545076004229486, 7478684.149288740940392 ], [ 4923508.135146616958082, 7478692.935775671154261 ], [ 4923507.061824020929635, 7478700.129150866530836 ], [ 4923503.519587153568864, 7478724.531789725646377 ], [ 4923502.487332936376333, 7478731.725371317006648 ], [ 4923501.262444285675883, 7478740.468489145860076 ], [ 4923499.948549461551011, 7478750.573389276862144 ], [ 4923498.597992383874953, 7478761.840984455309808 ], [ 4923497.324614098295569, 7478774.094647254794836 ], [ 4923496.14962016325444, 7478787.201583912596107 ], [ 4923495.041146625764668, 7478801.372059803456068 ], [ 4923493.966994755901396, 7478816.882788853719831 ], [ 4923492.86427288968116, 7478833.988180286251009 ], [ 4923487.579214957542717, 7478918.984681531786919 ], [ 4923483.733071723021567, 7478981.284582762047648 ], [ 4923482.701374487020075, 7478998.556454438716173 ], [ 4923481.830504834651947, 7479014.4779805643484 ], [ 4923481.118399365805089, 7479029.458927433006465 ], [ 4923480.583531150594354, 7479043.909164742566645 ], [ 4923480.203411743044853, 7479058.21620574593544 ], [ 4923479.997406709007919, 7479072.612723894417286 ], [ 4923479.892467068508267, 7479087.330927114933729 ], [ 4923479.856728374026716, 7479102.581080695614219 ], [ 4923479.907118474133313, 7479221.017830541357398 ], [ 4923479.952918291091919, 7479236.390217937529087 ], [ 4923480.072382536716759, 7479251.408574785105884 ], [ 4923480.284486445598304, 7479266.383097786456347 ], [ 4923480.628742227330804, 7479281.624087069183588 ], [ 4923481.153090165928006, 7479297.807361474260688 ], [ 4923481.919482208788395, 7479316.904589996673167 ], [ 4923483.039317695423961, 7479341.264241740107536 ], [ 4923484.593248986639082, 7479373.223555479198694 ], [ 4923503.02555120550096, 7479746.522937078028917 ], [ 4923504.528979995287955, 7479778.338001517578959 ], [ 4923505.428675943985581, 7479799.529068840667605 ], [ 4923505.548233541660011, 7479802.298428909853101 ], [ 4923506.113344166427851, 7479820.597227770835161 ], [ 4923506.305579070001841, 7479835.449814178049564 ], [ 4923506.167138599790633, 7479848.672706082463264 ], [ 4923505.778722962364554, 7479860.554260621778667 ], [ 4923505.264059130102396, 7479870.995425360277295 ], [ 4923504.685428783297539, 7479879.86361345089972 ], [ 4923504.156290773302317, 7479887.059720760211349 ], [ 4923502.72713222168386, 7479905.769330683164299 ], [ 4923501.779903562739491, 7479918.500849042087793 ], [ 4923501.181791902519763, 7479927.158512982539833 ], [ 4923500.629170740954578, 7479936.979284131899476 ], [ 4923500.164453542791307, 7479947.697575191967189 ], [ 4923499.902214837260544, 7479958.992786969989538 ], [ 4923499.864498014561832, 7479970.566004577092826 ], [ 4923500.03199222125113, 7479982.173480087891221 ], [ 4923500.35480275657028, 7479993.527011543512344 ], [ 4923500.752116494812071, 7480004.360391406342387 ], [ 4923503.009146842174232, 7480057.841997751966119 ], [ 4923503.410312056541443, 7480067.911218971014023 ], [ 4923503.776044717989862, 7480078.899489153176546 ], [ 4923503.994166555814445, 7480090.651193252764642 ], [ 4923503.99340760987252, 7480103.04414720647037 ], [ 4923503.671913599595428, 7480115.911712929606438 ], [ 4923502.958135179243982, 7480129.187080120667815 ], [ 4923501.903081895783544, 7480142.936955653131008 ], [ 4923500.536835205741227, 7480157.305466239340603 ], [ 4923498.951202209107578, 7480172.414899222552776 ], [ 4923497.196969875134528, 7480188.376260438933969 ], [ 4923487.622411091811955, 7480274.768658142536879 ], [ 4923485.868047719821334, 7480290.75216636992991 ], [ 4923484.282447125762701, 7480305.850521620362997 ], [ 4923482.936769119463861, 7480320.208057524636388 ], [ 4923481.86109715513885, 7480333.968900950625539 ], [ 4923481.15756599418819, 7480347.244316384196281 ], [ 4923480.835999771952629, 7480360.122953526675701 ], [ 4923480.825017057359219, 7480372.504777813330293 ], [ 4923481.043134191073477, 7480384.256478727795184 ], [ 4923481.408867187798023, 7480395.244745773263276 ], [ 4923481.820304870605469, 7480405.314015572890639 ], [ 4923484.087652220390737, 7480458.795652411878109 ], [ 4923484.649008347652853, 7480469.68522777967155 ], [ 4923485.361170963384211, 7480481.217913506552577 ], [ 4923486.328170841559768, 7480493.128432555124164 ], [ 4923487.602191061712801, 7480505.250922145321965 ], [ 4923489.22553576529026, 7480517.341944541782141 ], [ 4923491.106674169190228, 7480529.223838547244668 ], [ 4923493.133592269383371, 7480540.707764891907573 ], [ 4923495.194275573827326, 7480551.604884386062622 ], [ 4923500.721810336224735, 7480579.674661392346025 ], [ 4923505.959804608486593, 7480606.103874489665031 ], [ 4923507.98333115875721, 7480616.225552278570831 ], [ 4923510.280399291776121, 7480627.090632440522313 ], [ 4923601.862051339820027, 7480829.924977493472397 ], [ 4923765.785083843395114, 7481086.436626410111785 ], [ 4923781.824712623842061, 7481107.315905286930501 ], [ 4923815.190095826983452, 7481150.675651594996452 ], [ 4923825.281185088679194, 7481163.827942816540599 ], [ 4923834.687994037754834, 7481176.223698483780026 ], [ 4923843.420012711547315, 7481188.018017635680735 ], [ 4923851.527644258923829, 7481199.399429066106677 ], [ 4923859.04075304698199, 7481210.556358510628343 ], [ 4923865.999806443229318, 7481221.610834613442421 ], [ 4923872.415627266280353, 7481232.45216229185462 ], [ 4923878.319522269070148, 7481242.980823967605829 ], [ 4923883.774161813780665, 7481252.986708893440664 ], [ 4923915.924331190995872, 7481313.561754858121276 ], [ 4923921.347825265489519, 7481323.644993018358946 ], [ 4923927.209937036968768, 7481334.328473309054971 ], [ 4923933.531650967895985, 7481345.523700080811977 ], [ 4923940.313467280939221, 7481357.131000166758895 ], [ 4923947.616951235570014, 7481369.16175577417016 ], [ 4923955.635459627024829, 7481381.971333053894341 ], [ 4923964.64395596832037, 7481396.026255625300109 ], [ 4923974.855842554010451, 7481411.781663408502936 ], [ 4924056.117631612345576, 7481536.316279760561883 ], [ 4924067.818454901687801, 7481554.216525875031948 ], [ 4924078.144138380885124, 7481569.850597558543086 ], [ 4924087.462568046525121, 7481583.585809204727411 ], [ 4924096.131418406032026, 7481595.778347961604595 ], [ 4924104.477556499652565, 7481606.784246180206537 ], [ 4924112.766507648862898, 7481616.903854316100478 ], [ 4924120.90561914164573, 7481626.181010261178017 ], [ 4924128.720354277640581, 7481634.603768622502685 ], [ 4924136.015525517985225, 7481642.182231364771724 ], [ 4924148.421083243563771, 7481654.725625757128 ], [ 4924176.51276891771704, 7481683.07370996568352 ], [ 4924183.931891131214797, 7481690.519865779206157 ], [ 4924192.066723229363561, 7481698.611934600397944 ], [ 4924200.856254139915109, 7481707.227786226198077 ], [ 4924210.198337083682418, 7481716.256160502322018 ], [ 4924220.072654377669096, 7481725.652655148878694 ], [ 4924230.663352028466761, 7481735.562161311507225 ], [ 4924242.205210412852466, 7481746.273796588182449 ], [ 4924254.943667892366648, 7481757.999205771833658 ], [ 4924284.704525091685355, 7481785.347562374547124 ], [ 4924350.534718574024737, 7481845.812308204360306 ], [ 4924364.684405388310552, 7481858.796110885217786 ], [ 4924377.454195210710168, 7481870.455115599557757 ], [ 4924389.1410909332335, 7481880.956927279010415 ], [ 4924400.000796430744231, 7481890.513244258239865 ], [ 4924410.299617636948824, 7481899.269366699270904 ], [ 4924420.262615839019418, 7481907.40361390914768 ], [ 4924429.776927035301924, 7481914.893275906331837 ], [ 4924438.698986453935504, 7481921.69334049988538 ], [ 4924446.844093246385455, 7481927.769666440784931 ], [ 4924454.048086839728057, 7481933.088214776478708 ], [ 4924482.864661931060255, 7481954.251625175587833 ], [ 4924490.048195431008935, 7481959.558978913351893 ], [ 4924498.04000448435545, 7481965.490540068596601 ], [ 4924506.52231811080128, 7481971.9229053594172 ], [ 4924515.187799766659737, 7481978.69949902780354 ], [ 4924523.749817403033376, 7481985.630623796023428 ], [ 4924531.972704686224461, 7481992.604360794648528 ], [ 4924547.874617522582412, 7482006.460522993467748 ], [ 4924555.90305139683187, 7482013.300381852313876 ], [ 4924564.240095137618482, 7482020.042091837152839 ], [ 4924572.957970423623919, 7482026.619560679420829 ], [ 4924581.820845272392035, 7482032.954093605279922 ], [ 4924590.47002796176821, 7482038.888862499035895 ], [ 4924598.608282920904458, 7482044.300569633021951 ], [ 4924605.866427017375827, 7482049.07663628924638 ], [ 4924634.510698080062866, 7482067.791318493895233 ], [ 4924641.779354622587562, 7482072.523119323886931 ], [ 4924649.939009621739388, 7482077.768778963945806 ], [ 4924658.642009843140841, 7482083.216474710032344 ], [ 4924667.59194281231612, 7482088.576788308098912 ], [ 4924676.482069808989763, 7482093.571326072327793 ], [ 4924685.056509202346206, 7482098.021621629595757 ], [ 4924693.386439373716712, 7482102.072002619504929 ], [ 4924701.634814338758588, 7482106.000150460749865 ], [ 4924709.964643703773618, 7482110.072671497240663 ], [ 4924718.528667530044913, 7482114.55612085480243 ], [ 4924727.377361640334129, 7482119.627947444096208 ], [ 4924736.316631854511797, 7482125.076765911653638 ], [ 4924745.008981829509139, 7482130.612957136705518 ], [ 4924753.147670343518257, 7482135.958129904232919 ], [ 4924760.426174264401197, 7482140.789594857022166 ], [ 4924796.531412370502949, 7482164.901144595816731 ], [ 4924804.782673865556717, 7482170.335444626398385 ], [ 4924813.771602445282042, 7482176.13885991089046 ], [ 4924823.273290980607271, 7482182.099853198044002 ], [ 4924833.07310189679265, 7482188.006938483566046 ], [ 4924842.94601692724973, 7482193.67072899825871 ], [ 4924852.594795939512551, 7482198.96793161612004 ], [ 4924861.732140307314694, 7482203.841752922162414 ], [ 4924870.071024429984391, 7482208.180026650428772 ], [ 4924904.350071306340396, 7482225.714832443743944 ], [ 4924911.5827810857445, 7482229.43849872238934 ], [ 4924920.01352615095675, 7482233.899022088386118 ], [ 4924929.395709345117211, 7482239.117333517409861 ], [ 4924939.523760596290231, 7482245.125641764141619 ], [ 4924950.171732886694372, 7482251.922830576077104 ], [ 4924961.226435304619372, 7482259.552640303969383 ], [ 4924972.913110030815005, 7482268.160155366174877 ], [ 4924985.600732126273215, 7482277.902243107557297 ], [ 4924999.637682987377048, 7482288.946742819622159 ], [ 4925015.341589482501149, 7482301.45026558637619 ], [ 4925122.773033262230456, 7482387.057265179231763 ], [ 4925136.727859069593251, 7482398.13445114530623 ], [ 4925149.209795816801488, 7482407.975056512281299 ], [ 4925160.505486635491252, 7482416.768769497983158 ], [ 4925170.881089835427701, 7482424.694101359695196 ], [ 4925180.551575771532953, 7482431.896085774526 ], [ 4925189.393804253078997, 7482438.351968745701015 ], [ 4925197.21317670866847, 7482443.950045447796583 ], [ 4925203.845688303001225, 7482448.623061526566744 ], [ 4925209.076144756749272, 7482452.270286129787564 ], [ 4925229.936753400601447, 7482466.781340027227998 ], [ 4925236.170691705308855, 7482471.053683996200562 ], [ 4925242.947777287103236, 7482475.572343152016401 ], [ 4925249.725683085620403, 7482479.924878805875778 ], [ 4925256.003380672074854, 7482483.654756344854832 ], [ 4925261.39167448412627, 7482486.53856542520225 ], [ 4925266.176181334070861, 7482488.976408449932933 ], [ 4925270.795653098262846, 7482491.557413732632995 ], [ 4925275.658030909486115, 7482494.870557663962245 ], [ 4925281.212339472956955, 7482499.505017833784223 ], [ 4925287.774794323369861, 7482505.905344413593411 ], [ 4925295.274537988007069, 7482513.86076389066875 ], [ 4925303.507684378884733, 7482523.060174986720085 ], [ 4925312.301430352032185, 7482533.13725458085537 ], [ 4925321.472429272718728, 7482543.781002935022116 ], [ 4925368.603631018660963, 7482598.600706693716347 ], [ 4925377.815630099736154, 7482609.277843676507473 ], [ 4925386.905806183815002, 7482619.666428380645812 ], [ 4925395.956649782136083, 7482629.70041583199054 ], [ 4925405.040380783379078, 7482639.313710478134453 ], [ 4925414.23965263273567, 7482648.407042915001512 ], [ 4925423.544519532471895, 7482656.913914520293474 ], [ 4925432.811190594919026, 7482664.833620464429259 ], [ 4925441.844683862291276, 7482672.13198059797287 ], [ 4925450.429312731139362, 7482678.807938627898693 ], [ 4925465.492045347578824, 7482690.266779240220785 ], [ 4925492.333143296651542, 7482710.621092753484845 ], [ 4925500.273795978166163, 7482716.673670493066311 ], [ 4925508.980857738293707, 7482723.527392104268074 ], [ 4925518.381893634796143, 7482731.292651095427573 ], [ 4925528.394035768695176, 7482740.113014782778919 ], [ 4925538.903604375198483, 7482750.13189984485507 ], [ 4925549.797461924143136, 7482761.381976364180446 ], [ 4925560.830142537131906, 7482773.651618557982147 ], [ 4925571.715366718359292, 7482786.673627018928528 ], [ 4925582.177394765429199, 7482800.125480054877698 ], [ 4925591.919672649353743, 7482813.739929735660553 ], [ 4925600.799219488166273, 7482827.350154237821698 ], [ 4925609.132533767260611, 7482841.345325473695993 ], [ 4925617.369095581583679, 7482856.226013941690326 ], [ 4925625.958225502632558, 7482872.526013074442744 ], [ 4925635.359626535326242, 7482890.757015972398221 ], [ 4925690.393410375341773, 7482997.78828845359385 ], [ 4925699.733453908003867, 7483015.996794447302818 ], [ 4925707.943499868735671, 7483032.139838518574834 ], [ 4925715.124412783421576, 7483046.594463121145964 ], [ 4925721.387167928740382, 7483059.770984341390431 ], [ 4925726.86360852047801, 7483072.013370037078857 ], [ 4925731.634440288878977, 7483083.621038366109133 ], [ 4925735.761773356236517, 7483094.494618746452034 ], [ 4925739.277445456944406, 7483104.42384334653616 ], [ 4925742.213456517085433, 7483113.165220201015472 ], [ 4925744.61175341065973, 7483120.541755419224501 ], [ 4925768.0754623869434, 7483193.39640181325376 ], [ 4925870.610346383415163, 7483586.413863996043801 ], [ 4925880.703485279344022, 7483625.16988583933562 ], [ 4925888.415334980003536, 7483655.142962192185223 ], [ 4925894.248545438051224, 7483678.572680629789829 ], [ 4925898.685129387304187, 7483697.720675641670823 ], [ 4925902.227866888046265, 7483714.804381540045142 ], [ 4925905.288772168569267, 7483731.697467030957341 ], [ 4925908.082627448253334, 7483748.589251585304737 ], [ 4925913.2122389273718, 7483781.528893865644932 ], [ 4925915.775852536782622, 7483797.190238343551755 ], [ 4925918.466394491493702, 7483812.099104778841138 ], [ 4925921.283164129592478, 7483826.399463738314807 ], [ 4925924.225029771216214, 7483840.323883082717657 ], [ 4925927.249827762134373, 7483854.093656049109995 ], [ 4925936.741403680294752, 7483896.224542843177915 ], [ 4925949.481535685248673, 7483952.602495750412345 ], [ 4925952.590332822874188, 7483966.007196620106697 ], [ 4925955.783624677918851, 7483978.93608580250293 ], [ 4925959.082385188899934, 7483991.30066591501236 ], [ 4925962.57959727011621, 7484002.990639882162213 ], [ 4925966.265420054085553, 7484013.917360384948552 ], [ 4925969.996965973637998, 7484023.891858874820173 ], [ 4925973.549227646552026, 7484032.713692780584097 ], [ 4925976.738337409682572, 7484040.171544848009944 ], [ 4925987.386944552883506, 7484064.100841177627444 ], [ 4925990.039153129793704, 7484070.016665974631906 ], [ 4925993.402951570227742, 7484077.464287972077727 ], [ 4925997.458713753148913, 7484086.255337573587894 ], [ 4926002.135562958195806, 7484096.179046196863055 ], [ 4926007.383219508454204, 7484107.013670423999429 ], [ 4926013.18168040830642, 7484118.648363182321191 ], [ 4926019.602042634040117, 7484131.2495929710567 ], [ 4926026.766278237104416, 7484145.083749486133456 ], [ 4926034.765545401722193, 7484160.417072352021933 ], [ 4926104.360812361352146, 7484293.199905818328261 ], [ 4926112.339374802075326, 7484308.599529264494777 ], [ 4926119.482380540110171, 7484322.61072950065136 ], [ 4926125.860116191208363, 7484335.566096273250878 ], [ 4926131.584171856753528, 7484347.754119776189327 ], [ 4926136.765977554954588, 7484359.496513821184635 ], [ 4926141.599891159683466, 7484370.960345456376672 ], [ 4926146.331630792468786, 7484382.3129304908216 ], [ 4926151.186318065039814, 7484393.732559422031045 ], [ 4926156.368746568448842, 7484405.353124187327921 ], [ 4926162.114150518551469, 7484417.386188372969627 ], [ 4926168.462652833200991, 7484430.031294200569391 ], [ 4926175.495249942876399, 7484443.532481506466866 ], [ 4926183.262069818563759, 7484458.144715130329132 ], [ 4926191.823620737530291, 7484474.100860152393579 ], [ 4926240.303264180198312, 7484564.208637013100088 ], [ 4926248.864992139860988, 7484580.153670113533735 ], [ 4926256.672937611117959, 7484594.788208458572626 ], [ 4926405.575150940567255, 7484850.78500203974545 ], [ 4926464.660044496878982, 7484987.391302898526192 ], [ 4926528.61815102212131, 7485221.369130508974195 ], [ 4926538.079392460174859, 7485259.689586326479912 ], [ 4926610.909315653145313, 7485554.699098095297813 ], [ 4926676.749942747876048, 7485594.918926997110248 ], [ 4926684.53793506231159, 7485539.18329163081944 ], [ 4926650.042075701057911, 7485524.143675599247217 ], [ 4926641.330222945660353, 7485449.567746703512967 ], [ 4926618.485310330986977, 7485415.059123309329152 ], [ 4926636.231686230748892, 7485386.239141184836626 ], [ 4926632.649756545200944, 7485317.302864105440676 ], [ 4926528.977543435059488, 7484963.702392155304551 ], [ 4926409.814655046910048, 7484706.842858946882188 ], [ 4926366.757472028955817, 7484567.832978873513639 ], [ 4926296.318715451285243, 7484392.098927065730095 ], [ 4926108.223924063146114, 7484155.446718582883477 ], [ 4926143.402582811191678, 7484128.494939226657152 ], [ 4926107.608723944053054, 7484089.603359237313271 ], [ 4926077.657490418292582, 7484004.635174820199609 ], [ 4926072.564864576794207, 7483995.717287654988468 ], [ 4926021.015842291526496, 7483764.200391271151602 ], [ 4926051.044220346957445, 7483718.92803648672998 ], [ 4925981.720071548596025, 7483541.624888779595494 ], [ 4925898.036681540310383, 7483271.797911312431097 ], [ 4925819.923528395593166, 7483069.377359440550208 ], [ 4925812.242933912202716, 7482938.279116939753294 ], [ 4925882.972769429907203, 7482899.750748664140701 ], [ 4926118.460970563814044, 7482812.51795132830739 ], [ 4926456.264405154623091, 7482687.379691950045526 ], [ 4926735.500670214183629, 7482698.140476960688829 ], [ 4926737.483020544983447, 7482676.797578226774931 ], [ 4926684.340256560593843, 7482504.315502108074725 ], [ 4926504.091120437718928, 7482560.869339125230908 ], [ 4926453.015368795953691, 7482492.600323857739568 ], [ 4926358.855946476571262, 7482508.834781000390649 ], [ 4926198.723543136380613, 7482665.455811436288059 ], [ 4926024.128840192221105, 7482741.257586224935949 ], [ 4925957.268229224719107, 7482729.957120668143034 ], [ 4925878.996154812164605, 7482788.339660769328475 ], [ 4925774.503349935635924, 7482730.517484587617218 ], [ 4925713.199779993854463, 7482653.956256254576147 ], [ 4925669.191932066343725, 7482638.590807769447565 ], [ 4925740.606849634088576, 7482436.345561765134335 ], [ 4925688.355301926843822, 7482367.769082557410002 ], [ 4925634.639669204130769, 7482390.797227490693331 ], [ 4925616.014770310372114, 7482471.442552736029029 ], [ 4925533.382645375095308, 7482524.585713953711092 ], [ 4925591.519227873533964, 7482643.582508339546621 ], [ 4925528.850613079965115, 7482636.331915966235101 ], [ 4925448.54724324028939, 7482561.924766542389989 ], [ 4925398.52000249736011, 7482463.012800042517483 ], [ 4925387.031660086475313, 7482453.675652297213674 ], [ 4925339.525386086665094, 7482471.184676181524992 ], [ 4925280.801179741509259, 7482424.281895188614726 ], [ 4925273.492739732377231, 7482400.390542309731245 ], [ 4925256.866803311742842, 7482401.981189132668078 ], [ 4925241.671145534142852, 7482377.951392935588956 ], [ 4925202.844488007947803, 7482340.991687322966754 ], [ 4925176.605031887069345, 7482334.261981019750237 ], [ 4925176.002811527810991, 7482320.969066474586725 ], [ 4925117.509038403630257, 7482329.718430413864553 ], [ 4925106.286816765554249, 7482316.450758595019579 ], [ 4925080.670527867041528, 7482306.246413286775351 ], [ 4925075.15922274440527, 7482292.907165171578526 ], [ 4925011.575113948434591, 7482242.523960508406162 ], [ 4924999.842782981693745, 7482220.260816734284163 ], [ 4924967.93399247340858, 7482232.319156795740128 ], [ 4924961.404512203298509, 7482208.874470264650881 ], [ 4924945.490742420777678, 7482207.710617370903492 ], [ 4924902.942523977719247, 7482167.5532232131809 ], [ 4924884.787170510739088, 7482169.003006955608726 ], [ 4924838.966358242556453, 7482130.224709521979094 ], [ 4924829.908470363356173, 7482096.811063269153237 ], [ 4924795.311073452234268, 7482081.423045597970486 ], [ 4924746.323326574638486, 7482037.246353850699961 ], [ 4925067.979103481397033, 7481496.68123340792954 ], [ 4926008.477088141255081, 7479906.303520515561104 ], [ 4926053.312234304845333, 7479823.93569175619632 ], [ 4926076.924428720027208, 7479863.289191696792841 ], [ 4926105.108296737074852, 7479864.256886063143611 ], [ 4926173.169017892330885, 7479894.390420438721776 ], [ 4926211.327329789288342, 7479890.489083202555776 ], [ 4926279.964678327552974, 7479922.485521693713963 ], [ 4926331.322836223989725, 7479936.821922637522221 ], [ 4926359.283170346170664, 7479928.850562291219831 ], [ 4926390.172808196395636, 7479937.295358933508396 ], [ 4926407.931478674523532, 7479966.287014003843069 ], [ 4926582.172814830206335, 7480075.786158674396574 ], [ 4926621.738490195944905, 7480080.362919537350535 ], [ 4926669.786162527278066, 7480065.865134246647358 ], [ 4928024.411069830879569, 7480255.475676169618964 ], [ 4927236.915372726507485, 7485923.327519826591015 ], [ 4926661.875598126091063, 7485882.871794765815139 ], [ 4926677.969592942856252, 7486268.0227419026196 ], [ 4928093.35372272413224, 7486990.876835839822888 ], [ 4928732.803024780005217, 7487317.386081758886576 ], [ 4932476.073736467398703, 7489227.901475506834686 ], [ 4932415.411463408730924, 7489275.874351253733039 ], [ 4932407.822157193906605, 7489281.887527559883893 ], [ 4932400.94443223439157, 7489287.316892907954752 ], [ 4932393.169965266250074, 7489293.373540788888931 ], [ 4932384.736163016408682, 7489299.814878229051828 ], [ 4932375.839332272298634, 7489306.398130498826504 ], [ 4932366.7272056825459, 7489312.869676493108273 ], [ 4932357.585816664621234, 7489318.986696843057871 ], [ 4932348.765013572759926, 7489324.639995349571109 ], [ 4932340.55299426894635, 7489329.720103250816464 ], [ 4932333.279254382476211, 7489334.073436600156128 ], [ 4932327.252297579310834, 7489337.645991244353354 ], [ 4932301.280156986787915, 7489352.935714830644429 ], [ 4932293.873455815017223, 7489357.144468886777759 ], [ 4932285.324284115806222, 7489361.780063724145293 ], [ 4932275.828950693830848, 7489366.599725047126412 ], [ 4932265.594138653948903, 7489371.33857546467334 ], [ 4932254.83651230763644, 7489375.798230550251901 ], [ 4932249.319693979807198, 7489377.866859335452318 ], [ 4932243.813100222498178, 7489379.946606261655688 ], [ 4932232.790960757993162, 7489383.80703735910356 ], [ 4932222.068125759251416, 7489387.369772776961327 ], [ 4932166.192630344070494, 7489405.328333517536521 ], [ 4932155.995033586397767, 7489408.616490219719708 ], [ 4932145.076982498168945, 7489412.167229935526848 ], [ 4932133.59260493889451, 7489415.981236578896642 ], [ 4932121.665104569867253, 7489420.081206309609115 ], [ 4932109.387154832482338, 7489424.423251542262733 ], [ 4932096.850985910743475, 7489429.063155390322208 ], [ 4932083.995142341591418, 7489433.956344896927476 ], [ 4932070.69607337936759, 7489439.157642901875079 ], [ 4932056.830523680895567, 7489444.655424825847149 ], [ 4931964.597970523871481, 7489481.488787654787302 ], [ 4931950.083567693829536, 7489487.304748773574829 ], [ 4931936.238135824911296, 7489492.880036186426878 ], [ 4931922.978930369019508, 7489498.336104449816048 ], [ 4931910.213177915662527, 7489503.738989444449544 ], [ 4931897.837730549275875, 7489509.17682983726263 ], [ 4931885.780364737845957, 7489514.715752518735826 ], [ 4931874.020777110010386, 7489520.30029402859509 ], [ 4931862.620768235065043, 7489525.897506806068122 ], [ 4931851.601433117873967, 7489531.38566396292299 ], [ 4931801.065332622267306, 7489556.897563281469047 ], [ 4931780.271964020095766, 7489567.414211600087583 ], [ 4931769.40595745947212, 7489573.069117099046707 ], [ 4931758.435753166675568, 7489579.044715996831656 ], [ 4931747.51513431686908, 7489585.419218841940165 ], [ 4931736.787856404669583, 7489592.215418169274926 ], [ 4931726.417928672395647, 7489599.522645835764706 ], [ 4931716.41562601365149, 7489607.340948547236621 ], [ 4931706.790926090441644, 7489615.73681996949017 ], [ 4931699.576854732818902, 7489622.75913373939693 ], [ 4931697.533354828134179, 7489624.754512837156653 ], [ 4931688.632636377587914, 7489634.393981801345944 ], [ 4931680.067922096699476, 7489644.721582477912307 ], [ 4931671.684981063008308, 7489655.758774384856224 ], [ 4931663.298706024885178, 7489667.537953178398311 ], [ 4931654.723989119753242, 7489680.091514111496508 ], [ 4931645.755121275782585, 7489693.462834498845041 ], [ 4931606.806091377511621, 7489751.75179685279727 ], [ 4931588.422755750827491, 7489779.289761815220118 ], [ 4931580.032380362041295, 7489791.954856380820274 ], [ 4931572.179148531518877, 7489803.991095649078488 ], [ 4931564.831640036776662, 7489815.531236156821251 ], [ 4931557.97908459417522, 7489826.685977509245276 ], [ 4931551.590011541731656, 7489837.599150558933616 ], [ 4931545.50894789211452, 7489848.569076027721167 ], [ 4931539.662624240852892, 7489859.894443071447313 ], [ 4931533.844188165850937, 7489871.873341527767479 ], [ 4931527.949343257583678, 7489884.848619877360761 ], [ 4931521.864311565645039, 7489898.985888378694654 ], [ 4931515.560003497637808, 7489913.897401116788387 ], [ 4931509.049078272655606, 7489929.051628112792969 ], [ 4931502.354372183792293, 7489943.939234497025609 ], [ 4931495.457719339057803, 7489958.02855200599879 ], [ 4931488.412387128919363, 7489970.898980129510164 ], [ 4931481.300383068621159, 7489982.595185665413737 ], [ 4931474.264921378344297, 7489993.261782781220973 ], [ 4931467.408163516782224, 7490003.032126866281033 ], [ 4931460.873224416747689, 7490012.072981518693268 ], [ 4931424.384695345535874, 7490062.15510861389339 ], [ 4931417.468162219971418, 7490071.493248818442225 ], [ 4931410.232526471838355, 7490080.951774187386036 ], [ 4931402.781539775431156, 7490090.309656115248799 ], [ 4931395.147123970091343, 7490099.323393924161792 ], [ 4931387.371128749102354, 7490107.827054642140865 ], [ 4931379.412053451873362, 7490115.909049261361361 ], [ 4931371.176869123242795, 7490123.690781194716692 ], [ 4931362.562171087600291, 7490131.315756428986788 ], [ 4931353.505607343278825, 7490138.938740034587681 ], [ 4931343.955400021746755, 7490146.648096144199371 ], [ 4931333.973152960650623, 7490154.455175678245723 ], [ 4931323.692549881525338, 7490162.338429762050509 ], [ 4931313.196045476943254, 7490170.242855203337967 ], [ 4931239.350034941919148, 7490225.627343448810279 ], [ 4931228.8428691085428, 7490233.598113287240267 ], [ 4931218.468978689983487, 7490241.635924953967333 ], [ 4931208.32069646846503, 7490249.774418932385743 ], [ 4931198.490505080670118, 7490258.014012456871569 ], [ 4931189.02948453836143, 7490266.421384692192078 ], [ 4931179.885407284833491, 7490275.184571158140898 ], [ 4931170.964642281644046, 7490284.557868896983564 ], [ 4931162.194209340959787, 7490294.773518392816186 ], [ 4931153.460124030709267, 7490306.041425639763474 ], [ 4931144.761685471050441, 7490318.516633646562696 ], [ 4931136.202999274246395, 7490331.900594563223422 ], [ 4931127.940051127225161, 7490345.784247566014528 ], [ 4931120.149280034005642, 7490359.780773846432567 ], [ 4931112.996900494210422, 7490373.492234049364924 ], [ 4931106.597398869693279, 7490386.597978688776493 ], [ 4931100.899748021736741, 7490399.020255318842828 ], [ 4931095.77026330307126, 7490410.780610794201493 ], [ 4931091.12668913602829, 7490421.889749130234122 ], [ 4931086.845665787346661, 7490432.358188653364778 ], [ 4931067.28898885473609, 7490480.411722421646118 ], [ 4931063.008184141479433, 7490490.824782939627767 ], [ 4931058.38646590244025, 7490501.634992957115173 ], [ 4931053.281169268302619, 7490512.57591463252902 ], [ 4931047.621561298146844, 7490523.381434736773372 ], [ 4931041.305831111036241, 7490533.84067315980792 ], [ 4931034.294024161063135, 7490543.698730053380132 ], [ 4931026.82268862426281, 7490552.912374175153673 ], [ 4931019.200255670584738, 7490561.449774138629436 ], [ 4931011.714655248448253, 7490569.267931777983904 ], [ 4931004.694721980020404, 7490576.368333201855421 ], [ 4930980.796753405593336, 7490600.35892226267606 ], [ 4930967.417846974916756, 7490613.820676721632481 ], [ 4930959.881415707059205, 7490621.505683599039912 ], [ 4930952.065419525839388, 7490629.654561068862677 ], [ 4930944.237736696377397, 7490638.11347409710288 ], [ 4930936.625091904774308, 7490646.739476777613163 ], [ 4930929.46468710526824, 7490655.34537210687995 ], [ 4930922.881088805384934, 7490663.654856164008379 ], [ 4930917.00914029404521, 7490671.391671657562256 ], [ 4930911.973609737120569, 7490678.235216924920678 ], [ 4930907.868236883543432, 7490683.909048838540912 ], [ 4930890.267267326824367, 7490708.359908754006028 ], [ 4930885.179881325922906, 7490715.302883453667164 ], [ 4930879.214156192727387, 7490723.316128764301538 ], [ 4930872.432849197648466, 7490732.15628392342478 ], [ 4930864.929295622743666, 7490741.635500167496502 ], [ 4930856.786454697139561, 7490751.588031282648444 ], [ 4930847.921713875606656, 7490762.102099956944585 ], [ 4930838.303690461441875, 7490773.299384811893106 ], [ 4930827.859796117991209, 7490785.323527064174414 ], [ 4930804.286748350597918, 7490812.316574674099684 ], [ 4930753.421878816559911, 7490870.494098324328661 ], [ 4930742.069023358635604, 7490883.510788066312671 ], [ 4930731.531740823760629, 7490895.70056488737464 ], [ 4930721.675237591378391, 7490907.328612297773361 ], [ 4930712.344166258350015, 7490918.66002007946372 ], [ 4930703.403680550865829, 7490929.971045387908816 ], [ 4930694.698330324143171, 7490941.54892622679472 ], [ 4930685.980378711596131, 7490953.636182492598891 ], [ 4930676.971107835881412, 7490966.508417069911957 ], [ 4930667.41235082782805, 7490980.441325504332781 ], [ 4930587.801410531625152, 7491097.72649403847754 ], [ 4930578.304454485885799, 7491111.593182187527418 ], [ 4930569.470307257957757, 7491124.333256019279361 ], [ 4930561.082412279210985, 7491136.111852895468473 ], [ 4930552.934135687537491, 7491147.171677865087986 ], [ 4930544.8602, 7491157.70024997740984 ], [ 4930536.911988375708461, 7491167.697803052142262 ], [ 4930529.202744272537529, 7491177.120553465560079 ], [ 4930521.83523350674659, 7491185.968969061970711 ], [ 4930514.90219752304256, 7491194.188098607584834 ], [ 4930476.930738165043294, 7491239.155880405567586 ], [ 4930469.470931965857744, 7491247.948478219099343 ], [ 4930461.495073778554797, 7491257.226010950282216 ], [ 4930453.013841834850609, 7491266.899928649887443 ], [ 4930444.089095370844007, 7491276.926213311031461 ], [ 4930434.649149457924068, 7491287.249164074659348 ], [ 4930424.476732451468706, 7491298.188957340084016 ], [ 4930413.282685843296349, 7491310.054366637021303 ], [ 4930400.767320163547993, 7491323.209490170702338 ], [ 4930303.722384884953499, 7491424.887034233659506 ], [ 4930289.57564730476588, 7491439.673686519265175 ], [ 4930287.841037086211145, 7491441.448801063001156 ], [ 4930276.834340310655534, 7491452.750158896669745 ], [ 4930265.014256132766604, 7491464.380037581548095 ], [ 4930253.620856868103147, 7491474.837934689596295 ], [ 4930242.180104890838265, 7491484.40962918009609 ], [ 4930230.218011104501784, 7491493.369824131950736 ], [ 4930217.280378981493413, 7491502.159432489424944 ], [ 4930202.923387459479272, 7491511.197263525798917 ], [ 4930186.744117069989443, 7491520.946610432118177 ], [ 4930168.288362801074982, 7491531.848380297422409 ], [ 4930039.7786580985412, 7491607.498797262087464 ], [ 4930023.528412578627467, 7491616.99293277412653 ], [ 4930009.010120960883796, 7491625.298916135914624 ], [ 4929995.750043732114136, 7491632.636075773276389 ], [ 4929983.233332092873752, 7491639.223549704998732 ], [ 4929971.089162315241992, 7491645.247910177335143 ], [ 4929959.276124451309443, 7491650.775416562333703 ], [ 4929947.896632202900946, 7491655.884062352590263 ], [ 4929937.032901115715504, 7491660.574225571937859 ], [ 4929926.725531664676964, 7491664.956840845756233 ], [ 4929879.637217728421092, 7491684.918932914733887 ], [ 4929873.901658559218049, 7491687.373344987630844 ], [ 4929869.350267363712192, 7491689.323753574863076 ], [ 4929858.516403621993959, 7491694.213344601914287 ], [ 4929847.227200749330223, 7491699.787470605224371 ], [ 4929835.5843566339463, 7491706.279167149215937 ], [ 4929823.71037651412189, 7491713.866191990673542 ], [ 4929811.748624134808779, 7491722.659950688481331 ], [ 4929800.029736016876996, 7491732.274346750229597 ], [ 4929788.946317037567496, 7491742.257121035829186 ], [ 4929778.880850349552929, 7491752.122744712978601 ], [ 4929770.205544509924948, 7491761.385642503388226 ], [ 4929763.188924840651453, 7491769.75910815037787 ], [ 4929757.541410328820348, 7491777.640502816066146 ], [ 4929752.838800838217139, 7491785.648062536492944 ], [ 4929748.677702911198139, 7491794.344744617119431 ], [ 4929744.623687420040369, 7491804.337662057951093 ], [ 4929740.346009104512632, 7491816.03505901247263 ], [ 4929735.867104489356279, 7491829.027273294515908 ], [ 4929726.531460304744542, 7491856.715469224378467 ], [ 4929721.844396872445941, 7491870.271533503197134 ], [ 4929717.243565665557981, 7491882.953089065849781 ], [ 4929712.832450195215642, 7491894.605565810576081 ], [ 4929708.683245033957064, 7491905.173922389745712 ], [ 4929704.878523758612573, 7491914.581015797331929 ], [ 4929701.531639974564314, 7491922.760919460095465 ], [ 4929688.259053912013769, 7491955.060216230340302 ], [ 4929684.8813221976161, 7491963.239974450320005 ], [ 4929680.964137889444828, 7491972.513647785410285 ], [ 4929676.477228973060846, 7491982.759274432435632 ], [ 4929671.401008074171841, 7491993.766343795694411 ], [ 4929665.725858964957297, 7492005.390839505940676 ], [ 4929659.400802440941334, 7492017.543928376398981 ], [ 4929652.280479338020086, 7492030.546107646077871 ], [ 4929644.18823915719986, 7492044.817402713000774 ], [ 4929634.957604540511966, 7492060.800034788437188 ], [ 4929561.935641307383776, 7492186.084283338859677 ], [ 4929551.379461387172341, 7492204.209255451336503 ], [ 4929542.055583074688911, 7492220.313226715661585 ], [ 4929533.725340898148715, 7492234.89346164278686 ], [ 4929526.108702675439417, 7492248.502406930550933 ], [ 4929518.966997973620892, 7492261.637325748801231 ], [ 4929512.071780594997108, 7492274.806602668017149 ], [ 4929505.143676517531276, 7492288.418714298866689 ], [ 4929497.96502436324954, 7492302.871346768923104 ], [ 4929490.28738062735647, 7492318.550969021394849 ], [ 4929452.601776105351746, 7492396.08844012953341 ], [ 4929425.032188351266086, 7492452.885270218364894 ], [ 4929417.477778731845319, 7492468.55435231141746 ], [ 4929410.617920187301934, 7492482.930895313620567 ], [ 4929404.327446541748941, 7492496.413012307137251 ], [ 4929398.450460646301508, 7492509.376524677500129 ], [ 4929392.872582893818617, 7492522.10884746350348 ], [ 4929387.531587224453688, 7492534.731515530496836 ], [ 4929382.345101857557893, 7492547.277372675016522 ], [ 4929377.251258273608983, 7492559.790432067587972 ], [ 4929362.051028679125011, 7492597.518246815539896 ], [ 4929341.787199405953288, 7492647.858907743357122 ], [ 4929336.78584021423012, 7492660.361307162791491 ], [ 4929331.835758049972355, 7492672.886091588065028 ], [ 4929326.947179280221462, 7492685.444383101537824 ], [ 4929322.130176639184356, 7492698.080527266487479 ], [ 4929317.394822852686048, 7492710.838869653642178 ], [ 4929312.689423261210322, 7492723.785619646310806 ], [ 4929307.972509231418371, 7492736.998108586296439 ], [ 4929298.276443400420249, 7492764.562566634267569 ], [ 4929272.581991882994771, 7492837.880237092263997 ], [ 4929267.666098835878074, 7492851.878099296241999 ], [ 4929262.855330714024603, 7492865.367008809000254 ], [ 4929258.087817646563053, 7492878.390978313051164 ], [ 4929253.271061737090349, 7492890.949579704552889 ], [ 4929248.353418901562691, 7492903.097947547212243 ], [ 4929243.283757509663701, 7492914.780471393838525 ], [ 4929238.175439121201634, 7492925.931227533146739 ], [ 4929233.141928259283304, 7492936.462143404409289 ], [ 4929228.317450265400112, 7492946.240943788550794 ], [ 4929200.2566271526739, 7493002.204510638490319 ], [ 4929195.442848213016987, 7493011.88367819506675 ], [ 4929190.410666837356985, 7493022.115569170564413 ], [ 4929185.284184013493359, 7493032.734637313522398 ], [ 4929180.218539605848491, 7493043.531181428581476 ], [ 4929175.317485615611076, 7493054.295262381434441 ], [ 4929170.664424408227205, 7493064.772547947242856 ], [ 4929166.342656215652823, 7493074.730854982510209 ], [ 4929162.404751116409898, 7493083.915708543732762 ], [ 4929145.206613727845252, 7493124.502414892427623 ], [ 4929141.756410515867174, 7493132.681723432615399 ], [ 4929137.889907956123352, 7493141.977649310603738 ], [ 4929133.720622117631137, 7493152.291045882739127 ], [ 4929129.393313440494239, 7493163.434313618578017 ], [ 4929125.021601445972919, 7493175.286157140508294 ], [ 4929120.688170027919114, 7493187.747287198901176 ], [ 4929116.341270298697054, 7493200.894986981526017 ], [ 4929111.898062920197845, 7493214.861769083887339 ], [ 4929107.275810780003667, 7493229.757997039705515 ], [ 4929075.456827733665705, 7493333.480308276601136 ], [ 4929070.572576666250825, 7493349.449558732099831 ], [ 4929066.063356745988131, 7493364.335224194452167 ], [ 4929061.918378116562963, 7493378.248002216219902 ], [ 4929058.167859609238803, 7493391.320930087938905 ], [ 4929054.801165096461773, 7493403.631481827236712 ], [ 4929051.838183730840683, 7493415.3237214833498 ], [ 4929049.267302520573139, 7493426.685538360849023 ], [ 4929047.035899126902223, 7493437.982481935992837 ], [ 4929045.163245351985097, 7493449.491510033607483 ], [ 4929043.606842257082462, 7493461.511443207040429 ], [ 4929042.386269881390035, 7493474.252792263403535 ], [ 4929041.460314149968326, 7493487.737515397369862 ], [ 4929040.860066814348102, 7493501.910383272916079 ], [ 4929040.596166575327516, 7493516.693922135978937 ], [ 4929040.668717250227928, 7493532.065982971340418 ], [ 4929041.076177973300219, 7493548.358800424262881 ], [ 4929041.932789384387434, 7493567.533131551928818 ], [ 4929043.29965609125793, 7493591.926027281209826 ], [ 4929045.268514193594456, 7493623.918979132547975 ], [ 4929066.476374981924891, 7493955.472837875597179 ], [ 4929069.170205879025161, 7493997.392084825783968 ], [ 4929071.304219837300479, 7494029.263959376141429 ], [ 4929073.073496363125741, 7494053.348611133173108 ], [ 4929074.724511742591858, 7494071.906427347101271 ], [ 4929076.442126563750207, 7494087.186434238217771 ], [ 4929078.402620074339211, 7494101.07215210236609 ], [ 4929080.563183802179992, 7494113.928848159499466 ], [ 4929082.800527913495898, 7494125.74487592279911 ], [ 4929085.022248801775277, 7494136.497657478787005 ], [ 4929088.695621397346258, 7494153.392564686015248 ], [ 4929098.196342965587974, 7494197.037786670029163 ], [ 4929100.489728194661438, 7494207.857345008291304 ], [ 4929102.911398204043508, 7494219.829268250614405 ], [ 4929105.440488929860294, 7494233.019907856360078 ], [ 4929108.004897770471871, 7494247.462153624743223 ], [ 4929110.563665481284261, 7494263.122591436840594 ], [ 4929112.995554890483618, 7494279.546595845371485 ], [ 4929115.230823285877705, 7494296.257630750536919 ], [ 4929117.12782871350646, 7494312.767752215266228 ], [ 4929118.60680499766022, 7494328.545004293322563 ], [ 4929119.566812413744628, 7494343.190229581668973 ], [ 4929120.12111886870116, 7494356.659654349088669 ], [ 4929120.341673214919865, 7494368.95361216366291 ], [ 4929120.361839707940817, 7494380.128094749525189 ], [ 4929120.284249943681061, 7494390.216801953501999 ], [ 4929119.950879516080022, 7494424.44720502756536 ], [ 4929119.749183475971222, 7494443.572304759174585 ], [ 4929119.503954193554819, 7494454.346866746433079 ], [ 4929118.99950026255101, 7494465.607514789327979 ], [ 4929118.144852713681757, 7494477.021585823968053 ], [ 4929116.787165015004575, 7494488.300428869202733 ], [ 4929114.897037053480744, 7494499.133815554901958 ], [ 4929112.629879960790277, 7494509.256672822870314 ], [ 4929110.223283716477454, 7494518.415383266285062 ], [ 4929107.915044407360256, 7494526.312031671404839 ], [ 4929105.932526077143848, 7494532.681878766044974 ], [ 4929099.59977260697633, 7494552.841730952262878 ], [ 4929097.545142708346248, 7494559.244466872885823 ], [ 4929094.783960075117648, 7494567.282985035330057 ], [ 4929091.162811858579516, 7494576.79045314528048 ], [ 4929086.517800399102271, 7494587.644288936629891 ], [ 4929080.705790077336133, 7494599.677707158960402 ], [ 4929073.665823250077665, 7494612.735377910546958 ], [ 4929065.830528076738119, 7494626.619960979558527 ], [ 4929057.694104284979403, 7494641.156551846303046 ], [ 4929049.76113522797823, 7494656.148145632818341 ], [ 4929042.54638266377151, 7494671.419935092329979 ], [ 4929036.399173730053008, 7494687.006765922531486 ], [ 4929030.944952522404492, 7494703.881476420909166 ], [ 4929025.674405304715037, 7494723.259922715835273 ], [ 4929020.047480802051723, 7494746.335668130777776 ], [ 4929013.534298869781196, 7494774.324471811763942 ], [ 4928971.984632791019976, 7494953.996032690629363 ], [ 4928965.553623066283762, 7494981.963046969845891 ], [ 4928960.482468123547733, 7495004.853079946711659 ], [ 4928956.704618672840297, 7495023.717921636998653 ], [ 4928954.174028787761927, 7495039.620531558990479 ], [ 4928952.834576881490648, 7495053.579523192718625 ], [ 4928952.610198905691504, 7495066.480520535260439 ], [ 4928953.448370895348489, 7495078.566923348233104 ], [ 4928954.207210019230843, 7495083.387946753762662 ], [ 4928885.729351677931845, 7495184.514166429638863 ], [ 4928878.940367492847145, 7495194.35017801169306 ], [ 4928871.542021577246487, 7495204.803537764586508 ], [ 4928863.421344006434083, 7495215.851570188999176 ], [ 4928854.495995945297182, 7495227.516040744259953 ], [ 4928844.704711464233696, 7495239.708065471611917 ], [ 4928834.326467832550406, 7495252.118848429061472 ], [ 4928823.650986785069108, 7495264.339971884153783 ], [ 4928813.019182008691132, 7495276.007555844262242 ], [ 4928802.741183097474277, 7495286.7465032748878 ], [ 4928793.116739110089839, 7495296.203819017857313 ], [ 4928784.300093477591872, 7495304.36914742179215 ], [ 4928776.465841891244054, 7495311.276526683941483 ], [ 4928769.726904425770044, 7495316.959708051756024 ], [ 4928764.257773078046739, 7495321.474878844805062 ], [ 4928740.617636724375188, 7495340.778772517107427 ], [ 4928733.962248348630965, 7495346.174385329708457 ], [ 4928726.296135384589434, 7495352.285143725574017 ], [ 4928717.856750351376832, 7495358.890658184885979 ], [ 4928708.829995363019407, 7495365.803523493930697 ], [ 4928699.422538129612803, 7495372.792132681235671 ], [ 4928689.850810460746288, 7495379.735671888105571 ], [ 4928680.320862332358956, 7495386.535428775474429 ], [ 4928671.059406129643321, 7495393.070638413541019 ], [ 4928662.303382567130029, 7495399.231658786535263 ], [ 4928622.948066870681942, 7495426.823512363247573 ], [ 4928614.171343046240509, 7495433.006559053435922 ], [ 4928604.929356221109629, 7495439.763315238058567 ], [ 4928595.417153443209827, 7495447.150063866749406 ], [ 4928585.870744154788554, 7495455.256503666751087 ], [ 4928576.526293138042092, 7495464.139110499992967 ], [ 4928567.50678953435272, 7495473.87598189804703 ], [ 4928558.699211440049112, 7495484.455516047775745 ], [ 4928549.887588104233146, 7495495.898854305967689 ], [ 4928540.876661976799369, 7495508.194010155275464 ], [ 4928531.471174858510494, 7495521.328996595926583 ], [ 4928471.197545818053186, 7495605.835402072407305 ], [ 4928462.257467150688171, 7495618.34126490727067 ], [ 4928453.638315062969923, 7495630.361335731111467 ], [ 4928445.174791380763054, 7495642.072037609294057 ], [ 4928436.732487206347287, 7495653.638862988911569 ], [ 4928428.156123173423111, 7495665.293654702603817 ], [ 4928419.207872364670038, 7495677.334317453205585 ], [ 4928409.680589445866644, 7495690.092123080044985 ], [ 4928387.916424597613513, 7495719.083574037067592 ], [ 4928311.048720922321081, 7495821.353091982193291 ], [ 4928300.817944746464491, 7495835.026739649474621 ], [ 4928291.621128550730646, 7495847.420558275654912 ], [ 4928283.354495111852884, 7495858.744482947513461 ], [ 4928275.862764243967831, 7495869.230356443673372 ], [ 4928269.083690132014453, 7495878.999709998257458 ], [ 4928263.038353337906301, 7495887.941896145232022 ], [ 4928257.820258980616927, 7495895.846934388391674 ], [ 4928253.51258079893887, 7495902.515870520845056 ], [ 4928246.077294956892729, 7495914.109466577880085 ], [ 4928237.150462145917118, 7495928.099279325455427 ], [ 4928232.935179332271218, 7495934.790792655199766 ], [ 4928227.983909790404141, 7495942.785670212469995 ], [ 4928222.47218437679112, 7495951.918613753281534 ], [ 4928216.565358546562493, 7495962.002128053456545 ], [ 4928210.356570861302316, 7495972.903752936050296 ], [ 4928203.876658783294261, 7495984.623632725328207 ], [ 4928197.022616011090577, 7495997.205582711845636 ], [ 4928189.76339363027364, 7496010.693755632266402 ], [ 4928182.01643992215395, 7496025.154211888089776 ], [ 4928127.444599071517587, 7496127.128771724179387 ], [ 4928084.000023462809622, 7496199.60808520577848 ], [ 4927694.195801761932671, 7497659.368594114668667 ], [ 4928375.613431498408318, 7497452.461110197007656 ], [ 4928938.274085643701255, 7497291.165749249979854 ], [ 4929445.031300245784223, 7497182.440938534215093 ], [ 4929690.126014666631818, 7497116.898712525144219 ], [ 4929807.166982726193964, 7497072.981945732608438 ], [ 4929927.046634517610073, 7497015.167514406144619 ], [ 4930139.188499891199172, 7496866.019820058718324 ], [ 4930323.22413881868124, 7496772.369421312585473 ], [ 4930487.685978205874562, 7496700.865922931581736 ], [ 4931225.745817528106272, 7496501.499951710924506 ], [ 4932328.779491820372641, 7496181.552617974579334 ], [ 4932785.607167286798358, 7496044.74517008010298 ], [ 4933220.240336585789919, 7495896.708580492064357 ], [ 4933303.787061174400151, 7495874.868312482722104 ], [ 4933406.742474002763629, 7495867.043911006301641 ], [ 4933545.744184705428779, 7495881.635328808799386 ], [ 4934193.381136868149042, 7495965.521864322945476 ], [ 4935082.939660021103919, 7496064.517775730229914 ], [ 4935739.009501078166068, 7496131.751301301643252 ], [ 4935883.600314958021045, 7496140.807543473318219 ], [ 4936003.206583668477833, 7496138.616980182938278 ], [ 4936406.795787306502461, 7496082.213149983435869 ], [ 4937878.842375301755965, 7495942.086010694503784 ], [ 4938326.984844313934445, 7495874.760305088013411 ], [ 4938449.495504153892398, 7495847.556177662685513 ], [ 4938532.912279671058059, 7495853.528355972841382 ], [ 4938652.28508363571018, 7495898.626477366313338 ], [ 4938857.697618615813553, 7495983.083045621402562 ], [ 4939018.116056269966066, 7496011.088117787614465 ], [ 4939961.271523002535105, 7496110.921166974119842 ], [ 4940356.057601137086749, 7496146.252829498611391 ], [ 4940815.75319582503289, 7496192.202140673063695 ], [ 4940853.681930272839963, 7496195.992243266664445 ], [ 4940923.171882062219083, 7496204.677184174768627 ], [ 4940989.75898876786232, 7496238.389940878376365 ], [ 4941022.946394143626094, 7496277.488822350278497 ], [ 4941210.348548800684512, 7496628.881857383064926 ], [ 4941274.004073368385434, 7496693.169631084427238 ], [ 4941315.561996998265386, 7496726.751627011224627 ], [ 4942452.418711767531931, 7497441.645407887175679 ], [ 4943608.618313646875322, 7498184.430167929269373 ], [ 4944368.41267991065979, 7498655.465110246092081 ], [ 4944798.38334340788424, 7498891.220365036278963 ], [ 4944873.33882491197437, 7498919.408597570843995 ], [ 4944928.992571645416319, 7498914.115820239298046 ], [ 4945004.240291697904468, 7498883.887310437858105 ], [ 4945475.233389660716057, 7498694.272295076400042 ], [ 4946188.602682975120842, 7498425.174112839624286 ], [ 4946288.81104382686317, 7498408.969616735354066 ], [ 4946355.60674100369215, 7498400.953261252492666 ], [ 4947197.891175365075469, 7498499.649794509634376 ], [ 4948056.969698844477534, 7498578.954549068585038 ], [ 4948607.316051747649908, 7498656.735603461042047 ], [ 4948643.485125347971916, 7498654.132596533745527 ], [ 4948682.536509186029434, 7498632.070572167634964 ], [ 4948693.84275193233043, 7498593.193410146050155 ], [ 4948756.312965006567538, 7498332.027258461341262 ], [ 4948801.865005863830447, 7498118.08041569404304 ], [ 4948834.617251257412136, 7497675.971388200297952 ], [ 4948835.134816532954574, 7497570.280083790421486 ], [ 4948841.051340731792152, 7497497.984720980748534 ], [ 4948860.800136050209403, 7497439.678081372752786 ], [ 4948880.501393128186464, 7497392.48984757065773 ], [ 4948922.498036678880453, 7497337.059172857552767 ], [ 4948995.203352509066463, 7497256.747092719189823 ], [ 4949101.279174845665693, 7497179.391726670786738 ], [ 4949324.312259853817523, 7497072.002078270539641 ], [ 4949611.430777275934815, 7496942.67169713973999 ], [ 4949734.091390509158373, 7496884.857353908009827 ], [ 4949831.425788601860404, 7496888.111277697607875 ], [ 4949898.146855959668756, 7496893.999785374850035 ], [ 4949928.694179397076368, 7496905.273664669133723 ], [ 4949973.045962816104293, 7496936.094401327893138 ], [ 4950238.736500288359821, 7497207.183579713106155 ], [ 4950323.831878792494535, 7497282.388389008119702 ], [ 4950357.919482432305813, 7497305.533410746604204 ], [ 4950397.054882137104869, 7497312.847424858249724 ], [ 4950422.035774858668447, 7497300.502989297732711 ], [ 4950441.736163966357708, 7497277.454755912534893 ], [ 4950441.922683180309832, 7497277.001314483582973 ], [ 4950457.967917146161199, 7497236.576776836067438 ], [ 4950571.652203012257814, 7496927.307562943547964 ], [ 4950591.700591721571982, 7496831.247589215636253 ], [ 4950600.043128212913871, 7496762.73583350609988 ], [ 4950598.792277438566089, 7496758.512499270960689 ], [ 4950601.955899123102427, 7496759.353277501650155 ], [ 4950610.583683660253882, 7496608.770983473397791 ], [ 4950598.794504602439702, 7496506.140852803364396 ], [ 4950592.202006521634758, 7496456.085993394255638 ], [ 4950597.620039004832506, 7496417.73110796045512 ], [ 4950599.471664837561548, 7496395.056962504982948 ], [ 4950608.336120762862265, 7496365.439724792726338 ], [ 4950620.657285175286233, 7496344.560164336115122 ], [ 4950645.180559797212481, 7496323.753165056928992 ], [ 4950683.799571859650314, 7496276.823028719052672 ], [ 4950857.326134826987982, 7496110.18169336207211 ], [ 4950912.216915848664939, 7496060.058468909002841 ], [ 4950370.546467186883092, 7495221.737531157210469 ], [ 4949744.965162235312164, 7494253.384196750819683 ], [ 4947954.579979090951383, 7488165.254648247733712 ], [ 4944833.351669729687274, 7486256.03946777805686 ], [ 4944742.909918519668281, 7486161.412396448664367 ], [ 4944704.650855867192149, 7486040.129596612416208 ], [ 4944650.061210014857352, 7483846.179463189095259 ], [ 4944632.921660239808261, 7482789.162835923954844 ], [ 4944560.146972760558128, 7479300.950326472520828 ], [ 4944538.508828463964164, 7479118.738552778027952 ], [ 4943761.055795718915761, 7477435.129318290390074 ], [ 4943502.999156598001719, 7477075.950814221054316 ], [ 4943427.623749670572579, 7477013.884619140997529 ], [ 4943100.541014986112714, 7476900.409259391948581 ], [ 4941376.476008197292686, 7476046.190877142362297 ], [ 4941184.267988990060985, 7475860.997827610000968 ], [ 4940787.45993226300925, 7475031.730157628655434 ], [ 4940395.469486678950489, 7474236.490723086521029 ], [ 4940026.519634391181171, 7473751.113464366644621 ], [ 4939977.20051446184516, 7473677.669826481491327 ], [ 4939965.112607654184103, 7473640.377561528235674 ], [ 4939946.175628340803087, 7473414.643380576744676 ], [ 4939940.182790817692876, 7473155.24885786883533 ], [ 4939609.683089006692171, 7472765.144439501687884 ], [ 4939252.801187412813306, 7472293.316340432502329 ], [ 4939171.957501463592052, 7472212.910116259008646 ], [ 4939076.179782276973128, 7472145.544834059663117 ], [ 4938949.168301424942911, 7472081.253653514198959 ], [ 4938695.60973790846765, 7471942.702559638768435 ], [ 4938493.440046144649386, 7471835.775108262896538 ], [ 4938284.670756123960018, 7471717.00115168094635 ], [ 4938261.607738900929689, 7471697.105377463623881 ], [ 4938252.257651475258172, 7471676.988623192533851 ], [ 4938126.936911841854453, 7471693.044965372420847 ], [ 4938000.588937965221703, 7471709.251118837855756 ], [ 4937866.457374061457813, 7471726.332423174753785 ], [ 4937732.541078621521592, 7471743.40235792286694 ], [ 4937613.11407239921391, 7471758.581651538610458 ], [ 4937497.363065927289426, 7471773.298966099508107 ], [ 4937481.73208480887115, 7471648.91954328212887 ], [ 4937466.690636991523206, 7471528.485152650624514 ], [ 4937451.702512821182609, 7471407.630100788548589 ], [ 4937422.188610831275582, 7471173.441604783758521 ], [ 4937406.736335409805179, 7471050.856847235932946 ], [ 4937520.1822325931862, 7471036.330195128917694 ], [ 4937646.429038365371525, 7471021.035896072164178 ], [ 4937778.615645113401115, 7471003.782573672011495 ], [ 4937907.934897461906075, 7470987.424479123204947 ], [ 4938040.982616934925318, 7470970.261012364178896 ], [ 4938168.647534945048392, 7470954.248328382149339 ], [ 4938153.927498616278172, 7470834.402933708392084 ], [ 4938138.649107451550663, 7470715.640552565455437 ], [ 4938124.129553313367069, 7470597.091657506301999 ], [ 4938107.921043704263866, 7470475.025099040940404 ], [ 4938090.159695249982178, 7470351.301996946334839 ], [ 4938074.321196562610567, 7470236.76775221247226 ], [ 4938213.144476490095258, 7470218.48586933594197 ], [ 4938359.560373347252607, 7470200.510523267090321 ], [ 4938370.988301325589418, 7470113.409268829971552 ], [ 4938355.59376981202513, 7469952.429317241534591 ], [ 4938399.30036212131381, 7469846.676593644544482 ], [ 4938429.186426492407918, 7469772.929138803854585 ], [ 4938438.744188219308853, 7469749.323272731155157 ], [ 4938446.392600486986339, 7469738.467835925519466 ], [ 4938471.181762116029859, 7469709.209301885217428 ], [ 4938533.484673364087939, 7469668.39709947258234 ], [ 4938619.837813284248114, 7469618.379392487928271 ], [ 4938488.90178051777184, 7469147.08964033331722 ], [ 4938455.061905350536108, 7469032.792555781081319 ], [ 4938211.286846852861345, 7469117.994089383631945 ], [ 4938236.711917876265943, 7468995.709856415167451 ], [ 4938434.432752650231123, 7468315.258111901581287 ], [ 4938882.288027843460441, 7466788.591004 ], [ 4939298.710861477069557, 7465304.023602595552802 ], [ 4939631.385035652667284, 7464164.590401824563742 ], [ 4939867.767459742724895, 7463330.72092149220407 ], [ 4940194.931171013973653, 7462217.777395220473409 ], [ 4940458.264983747154474, 7461286.668065458536148 ], [ 4940509.180391070432961, 7461182.034136556088924 ], [ 4940703.600352630950511, 7460816.741735471412539 ], [ 4940992.695990346372128, 7460338.023411879315972 ], [ 4941280.894929567351937, 7459966.346232111565769 ], [ 4942091.203182029537857, 7458976.165103502571583 ], [ 4942141.733364266343415, 7458881.513947423547506 ], [ 4942150.017625079490244, 7458804.519875297322869 ], [ 4942128.12622041720897, 7458691.859410245902836 ], [ 4942095.479823669418693, 7458546.774517958052456 ], [ 4942075.139029625803232, 7458551.026553750038147 ], [ 4942053.637880061753094, 7458553.025891030207276 ], [ 4942031.71478331182152, 7458552.753218103200197 ], [ 4942009.462166531942785, 7458550.175664186477661 ], [ 4941987.156865034252405, 7458545.305369231849909 ], [ 4941964.85007549636066, 7458538.164679873734713 ], [ 4941941.324146531522274, 7458528.073330724611878 ], [ 4941922.301099011674523, 7458517.68921871483326 ], [ 4941907.300082487985492, 7458506.722558053210378 ], [ 4941890.815256855450571, 7458489.647881384938955 ], [ 4941881.826822873204947, 7458477.796258876100183 ], [ 4941868.671259772963822, 7458456.315520937554538 ], [ 4941842.482516315765679, 7458424.174663446843624 ], [ 4941822.729300891049206, 7458395.813022876158357 ], [ 4941772.979068086482584, 7458341.719088429585099 ], [ 4941753.277331341058016, 7458323.96731118299067 ], [ 4941731.07744262367487, 7458307.867073315195739 ], [ 4941712.741771789267659, 7458300.154397564008832 ], [ 4941692.071343844756484, 7458296.906919715926051 ], [ 4941670.979771607555449, 7458296.49295886233449 ], [ 4941645.477134104818106, 7458299.162844583392143 ], [ 4941632.536375340074301, 7458304.395406078547239 ], [ 4941625.723469899967313, 7458305.432179363444448 ], [ 4941620.420195199549198, 7458308.534738229587674 ], [ 4941613.238307868130505, 7458309.525775261223316 ], [ 4941607.831284335814416, 7458312.938024934381247 ], [ 4941600.16615784727037, 7458314.259428665041924 ], [ 4941589.170058812946081, 7458320.429790612310171 ], [ 4941576.633173562586308, 7458324.633905087597668 ], [ 4941551.92248822376132, 7458342.523639235645533 ], [ 4941517.995129523798823, 7458375.716286239214242 ], [ 4941501.868399517610669, 7458385.388475636020303 ], [ 4941497.389984355308115, 7458389.956086315214634 ], [ 4941488.260914161801338, 7458393.276304317638278 ], [ 4941478.306779121048748, 7458403.083209278993309 ], [ 4941470.275425617583096, 7458408.910614691674709 ], [ 4941442.925550748594105, 7458422.43747198022902 ], [ 4941412.616065744310617, 7458432.309115449897945 ], [ 4941376.466223355382681, 7458438.337110219523311 ], [ 4941341.167144577950239, 7458439.185273066163063 ], [ 4941294.386034045368433, 7458434.019200695678592 ], [ 4941214.03196750022471, 7458420.969472005963326 ], [ 4941176.993762286379933, 7458418.144659179262817 ], [ 4941151.623404179699719, 7458418.377749944105744 ], [ 4941135.946048126555979, 7458420.575739428400993 ], [ 4941118.87275187112391, 7458425.736331509426236 ], [ 4941083.601870384067297, 7458442.963809271343052 ], [ 4941059.293359536677599, 7458454.840644020587206 ], [ 4941034.687886586412787, 7458469.219209548085928 ], [ 4941013.988565758801997, 7458483.790240371599793 ], [ 4940974.819220735691488, 7458517.094055741094053 ], [ 4940935.639449873007834, 7458550.397731512784958 ], [ 4940835.632890189997852, 7458627.219411707483232 ], [ 4940779.892527144402266, 7458665.441320613026619 ], [ 4940727.126602617092431, 7458693.020661517977715 ], [ 4940637.086667033843696, 7458730.553233932703733 ], [ 4940520.04304810706526, 7458786.938898965716362 ], [ 4940434.714753582142293, 7458833.370990674942732 ], [ 4940361.974736616946757, 7458883.407528251409531 ], [ 4940336.359006921760738, 7458906.541249022819102 ], [ 4940295.081247710622847, 7458956.270189030095935 ], [ 4940276.513852865435183, 7458991.448056854307652 ], [ 4940260.40115203242749, 7459051.498858207836747 ], [ 4940262.740122630260885, 7459110.736857328563929 ], [ 4940263.816067377105355, 7459170.401763546280563 ], [ 4940251.924106982536614, 7459234.068643325939775 ], [ 4940242.757864764891565, 7459282.73980214074254 ], [ 4940240.968701812438667, 7459366.64741868712008 ], [ 4940251.740630090236664, 7459430.238078713417053 ], [ 4940265.517023572698236, 7459537.885610831901431 ], [ 4940279.736448547802866, 7459611.446259715594351 ], [ 4940292.800540767610073, 7459728.139120602980256 ], [ 4940303.868488515727222, 7459810.325666953809559 ], [ 4940317.09734767396003, 7459877.768965810537338 ], [ 4940339.590217927470803, 7459970.300398476421833 ], [ 4940351.185462330467999, 7460038.578870998695493 ], [ 4940360.06199005804956, 7460081.230287170037627 ], [ 4940363.851174053736031, 7460126.63028534501791 ], [ 4940363.225596941076219, 7460160.306620962917805 ], [ 4940363.030073846690357, 7460170.838089469820261 ], [ 4940358.890226813964546, 7460214.013861736282706 ], [ 4940352.073638281784952, 7460249.415520462207496 ], [ 4940346.261919299140573, 7460269.316277269273996 ], [ 4940340.439974056556821, 7460289.205916378647089 ], [ 4940326.68468973506242, 7460320.881064644083381 ], [ 4940300.385783409699798, 7460365.696723306551576 ], [ 4940266.313977951183915, 7460415.39878467656672 ], [ 4940223.69469201285392, 7460473.904643977060914 ], [ 4940180.71193185262382, 7460528.300152081996202 ], [ 4940147.17229559738189, 7460565.190393971279263 ], [ 4940111.909838673658669, 7460599.415737753733993 ], [ 4940073.394078653305769, 7460631.568130142986774 ], [ 4940033.412647691555321, 7460660.868341840803623 ], [ 4939992.53179011400789, 7460686.775945262983441 ], [ 4939934.494892154820263, 7460717.233305003494024 ], [ 4939890.513649120926857, 7460738.687239135615528 ], [ 4939846.369381399825215, 7460757.271993770264089 ], [ 4939805.26168705150485, 7460770.497417129576206 ], [ 4939805.097416181117296, 7460770.541060607880354 ], [ 4939739.680186584591866, 7460786.991657679900527 ], [ 4939684.525249484926462, 7460799.285658352077007 ], [ 4939644.467327358201146, 7460806.412570592015982 ], [ 4939568.993615623563528, 7460813.928993321955204 ], [ 4939490.305419933982193, 7460814.842554682865739 ], [ 4939417.943071798421443, 7460818.837816460058093 ], [ 4939361.956646746024489, 7460823.574205316603184 ], [ 4939308.13748059142381, 7460830.046804049983621 ], [ 4939261.545205872505903, 7460837.412185637280345 ], [ 4939230.526820744387805, 7460843.489093512296677 ], [ 4939204.570100916549563, 7460850.760301280766726 ], [ 4939186.435458304360509, 7460853.765960652381182 ], [ 4939135.686185261234641, 7460872.067284613847733 ], [ 4939086.742478621192276, 7460897.829165833070874 ], [ 4939031.349553136155009, 7460933.222140647470951 ], [ 4938979.652676188386977, 7460972.672232385724783 ], [ 4938932.009067621082067, 7461014.076689611189067 ], [ 4938892.35393728967756, 7461053.165508160367608 ], [ 4938843.802267466671765, 7461105.917818367481232 ], [ 4938806.308390182442963, 7461153.166337713599205 ], [ 4938789.910877866670489, 7461177.852223871275783 ], [ 4938759.954947834834456, 7461227.656327985227108 ], [ 4938694.787625054828823, 7461343.27949071675539 ], [ 4938637.400237428955734, 7461434.635658083483577 ], [ 4938599.257176269777119, 7461499.899953636340797 ], [ 4938574.086028652265668, 7461538.05021571367979 ], [ 4938546.271715709939599, 7461575.425492351874709 ], [ 4938501.231282983906567, 7461629.143502715975046 ], [ 4938427.32048265915364, 7461707.37414344958961 ], [ 4938381.270501117222011, 7461759.459671221673489 ], [ 4938333.856844684109092, 7461816.368156380951405 ], [ 4938263.656855989247561, 7461904.713541775010526 ], [ 4938232.33864823076874, 7461938.275212978944182 ], [ 4938201.799043544568121, 7461967.022417291998863 ], [ 4938184.252461767755449, 7461981.325750542804599 ], [ 4938175.046563860028982, 7461987.667165761813521 ], [ 4938165.840658269822598, 7461994.008575491607189 ] ], [ [ 4934716.281282075680792, 7474852.646274040453136 ], [ 4934702.278623613528907, 7474938.548890750855207 ], [ 4934761.682629877701402, 7475044.347787152975798 ], [ 4934883.281313624233007, 7475120.644446473568678 ], [ 4935099.779443299397826, 7475069.642656920477748 ], [ 4935129.077468539588153, 7475144.146567732095718 ], [ 4935078.676003660075366, 7475198.441190370358527 ], [ 4935071.478959515690804, 7475253.751296767033637 ], [ 4935176.275709284469485, 7475243.545617117546499 ], [ 4935218.77493149228394, 7475275.146494749933481 ], [ 4935105.280494299717247, 7475408.245829848572612 ], [ 4935108.178796111606061, 7475568.245144503191113 ], [ 4935163.182893116958439, 7475587.850231409072876 ], [ 4935219.384026987478137, 7475545.950670992955565 ], [ 4935284.183151427656412, 7475387.248232663609087 ], [ 4935359.0817103497684, 7475339.547217899933457 ], [ 4935419.481664410792291, 7475396.14213892724365 ], [ 4935375.775147836655378, 7475426.046255780383945 ], [ 4935387.283683255314827, 7475469.342456925660372 ], [ 4935459.682985696941614, 7475538.547145802527666 ], [ 4935471.279835692606866, 7475575.641747420653701 ], [ 4935378.18136936519295, 7475610.651582090184093 ], [ 4935450.575513984076679, 7475686.047084853053093 ], [ 4935472.084265330806375, 7475840.244628289714456 ], [ 4935539.980435196310282, 7475829.347732258960605 ], [ 4935561.080656851641834, 7475700.548722477629781 ], [ 4935622.780707048252225, 7475695.649847417138517 ], [ 4935651.67606252618134, 7475788.546138097532094 ], [ 4935606.882097881287336, 7475873.742837650701404 ], [ 4935598.87885382398963, 7475959.749053061008453 ], [ 4935641.983484288677573, 7475960.651841877959669 ], [ 4935711.584549210965633, 7475869.745922634378076 ], [ 4935802.980234327726066, 7475914.642617328092456 ], [ 4935864.284583757631481, 7475928.247060833498836 ], [ 4935932.983462993055582, 7475880.450556913390756 ], [ 4935975.378197965212166, 7475918.150971106253564 ], [ 4935930.976652183569968, 7475978.841695718467236 ], [ 4935935.478894355706871, 7476065.044807360507548 ], [ 4936026.084278834983706, 7476146.849058819934726 ], [ 4936049.88301093224436, 7476190.451192213222384 ], [ 4936005.38340063020587, 7476257.243929108604789 ], [ 4935997.474682906642556, 7476343.250657792203128 ], [ 4936046.976661076769233, 7476331.941600730642676 ], [ 4936128.777407773770392, 7476247.442176907323301 ], [ 4936164.983323083259165, 7476285.049500232562423 ], [ 4936176.479441908188164, 7476322.242715907283127 ], [ 4936082.678578842431307, 7476394.144107801839709 ], [ 4936111.984194034710526, 7476468.645831093192101 ], [ 4936179.281313357874751, 7476488.442811427637935 ], [ 4936241.277657385915518, 7476465.0476905554533 ], [ 4936262.382896401919425, 7476336.247962838038802 ], [ 4936318.578185676597059, 7476300.546231768094003 ], [ 4936380.080296907573938, 7476301.745596362277865 ], [ 4936459.382494807243347, 7476340.241621883586049 ], [ 4936526.576765463687479, 7476355.141583034768701 ], [ 4936613.183972922153771, 7476343.343530276790261 ], [ 4936713.182578111067414, 7476271.542310930788517 ], [ 4936744.077066589146852, 7476266.045157129876316 ], [ 4936817.584525416605175, 7476286.042400462552905 ], [ 4936810.783793953247368, 7476316.646918092854321 ], [ 4936698.281868962571025, 7476400.445975251495838 ], [ 4936708.783589438535273, 7476486.850914214737713 ], [ 4936793.979948113672435, 7476537.850989693775773 ], [ 4936742.476419815793633, 7476647.542457304894924 ], [ 4936821.278517462313175, 7476710.642563819885254 ], [ 4936751.177515964955091, 7476826.148396298289299 ], [ 4936774.584552384912968, 7476888.142836458981037 ], [ 4936842.781985810026526, 7476864.948278503492475 ], [ 4936937.182316487655044, 7476762.245800951495767 ], [ 4937010.877353703603148, 7476769.850135871209204 ], [ 4937058.677436804398894, 7476844.747770556248724 ], [ 4936965.682966994121671, 7476873.543820428662002 ], [ 4936933.576512720435858, 7476940.645357355475426 ], [ 4936957.979368200525641, 7476953.449500978924334 ], [ 4937050.574692328460515, 7476936.845149211585522 ], [ 4937080.783550860360265, 7476968.245554996654391 ], [ 4937054.478667309507728, 7477047.642221003770828 ], [ 4936954.983894249424338, 7477101.152301760390401 ], [ 4936928.975677204318345, 7477168.245930328965187 ], [ 4936983.475537841208279, 7477212.350513314828277 ], [ 4936969.678811833262444, 7477285.951483402401209 ], [ 4936991.020345688797534, 7477316.617507756687701 ], [ 4937017.475329072214663, 7477354.647283060476184 ], [ 4937004.181612156331539, 7477403.542566306889057 ], [ 4936899.084077724255621, 7477426.041890128515661 ], [ 4936866.776318413205445, 7477499.244641756638885 ], [ 4936951.979409964755177, 7477550.143954288214445 ], [ 4936974.875628557056189, 7477636.743974203243852 ], [ 4937147.180395873263478, 7477640.249146319925785 ], [ 4937136.474948652088642, 7477560.045735692605376 ], [ 4937198.684178406372666, 7477530.545343784615397 ], [ 4937301.883357496000826, 7477594.851093480363488 ], [ 4937219.580423077568412, 7477703.852007132023573 ], [ 4937384.579295475035906, 7478069.944709680974483 ], [ 4937345.979841133579612, 7478155.249300862662494 ], [ 4937382.080106746405363, 7478192.952666344121099 ], [ 4937431.479692669585347, 7478187.751815678551793 ], [ 4937432.780015834607184, 7478126.347722217440605 ], [ 4937452.683617749251425, 7478052.948795347474515 ], [ 4937495.88141870405525, 7478047.644676614552736 ], [ 4937519.580269964411855, 7478097.345983293838799 ], [ 4937517.681259977631271, 7478189.546468645334244 ], [ 4937547.182145809754729, 7478251.6420724298805 ], [ 4937490.276341085322201, 7478324.246501442976296 ], [ 4937531.678664891049266, 7478411.143144714646041 ], [ 4937685.276228911243379, 7478426.547865557484329 ], [ 4937750.875811608508229, 7478532.447694376111031 ], [ 4937797.974727725610137, 7478637.950278356671333 ], [ 4937754.080388763919473, 7478680.042695716023445 ], [ 4937705.47755, 7478648.346896518021822 ], [ 4937613.179016227833927, 7478640.348638592287898 ], [ 4937605.576033390127122, 7478713.942233229056001 ], [ 4937488.174847828224301, 7478730.04945539496839 ], [ 4937462.484011732041836, 7478784.852235848084092 ], [ 4937560.380715748295188, 7478817.54890391882509 ], [ 4937714.483382500708103, 7478808.446909327059984 ], [ 4937750.275021086446941, 7478864.443489200435579 ], [ 4937668.884486632421613, 7478930.447348780930042 ], [ 4937570.675049463286996, 7478916.145253363996744 ], [ 4937487.481314840726554, 7479068.24679041467607 ], [ 4937509.078620048239827, 7479222.351908987388015 ], [ 4937569.676206525415182, 7479266.645236853510141 ], [ 4937567.680625687353313, 7479364.947378190234303 ], [ 4937678.275775851681828, 7479379.543860651552677 ], [ 4937695.775930969044566, 7479429.053195396438241 ], [ 4937686.683702775277197, 7479570.351500201970339 ], [ 4937778.680840475484729, 7479590.651925072073936 ], [ 4937789.882403628900647, 7479646.248574665747583 ], [ 4937672.577387327328324, 7479662.247043274343014 ], [ 4937677.781081845983863, 7479705.448716619983315 ], [ 4937792.878119458444417, 7479799.944676958024502 ], [ 4937797.980509916320443, 7479855.44988492038101 ], [ 4937673.883388827554882, 7479902.152939479798079 ], [ 4937612.177298368886113, 7479907.049483047798276 ], [ 4937592.681394462473691, 7479955.853236824274063 ], [ 4937664.576499493792653, 7480055.643548876047134 ], [ 4937663.681295454502106, 7480098.642993038520217 ], [ 4937588.976974076591432, 7480140.243124345317483 ], [ 4937569.076507275924087, 7480207.451359793543816 ], [ 4937661.18455439247191, 7480221.650668572634459 ], [ 4937666.184417577460408, 7480277.04473580326885 ], [ 4937727.17600673250854, 7480309.045942125841975 ], [ 4937744.477556101977825, 7480364.745083466172218 ], [ 4937656.683063898235559, 7480442.849563356488943 ], [ 4937771.678158296272159, 7480543.546872952952981 ], [ 4937676.984482151456177, 7480658.546308101154864 ], [ 4937750.581431502476335, 7480672.248250310309231 ], [ 4937786.183279052376747, 7480740.647393900901079 ], [ 4937848.076489667408168, 7480723.446828063577414 ], [ 4937897.98468678817153, 7480693.749093629419804 ], [ 4937927.982975383289158, 7480731.248726952821016 ], [ 4938028.477650093846023, 7480936.153013620525599 ], [ 4937965.484860528260469, 7481008.745475498959422 ], [ 4937898.283031050115824, 7480982.744612010195851 ], [ 4937874.480916093103588, 7480939.245626132935286 ], [ 4937824.878890760242939, 7480956.651633482426405 ], [ 4937818.175287643447518, 7480981.14360386505723 ], [ 4937755.87702567409724, 7481016.748567130416632 ], [ 4937778.784082744270563, 7481103.247135848738253 ], [ 4937930.477297673933208, 7481217.050528768450022 ], [ 4937971.977048442699015, 7481297.843643594533205 ], [ 4937869.682461222633719, 7481480.247067167423666 ], [ 4937923.377963679842651, 7481567.44697180762887 ], [ 4938009.879953494295478, 7481550.645123369991779 ], [ 4938046.475926800630987, 7481569.953462964855134 ], [ 4938051.381046274676919, 7481631.449034681543708 ], [ 4938215.174611035734415, 7481751.644394982606173 ], [ 4938217.680842634290457, 7481936.147688537836075 ], [ 4938254.579086159355938, 7481936.950925597921014 ], [ 4938323.082757448777556, 7481901.446572994813323 ], [ 4938381.576040176674724, 7482050.150759916752577 ], [ 4938330.276176220737398, 7482153.745798051357269 ], [ 4938347.679629629477859, 7482203.15401710011065 ], [ 4938446.375862132757902, 7482199.04630571231246 ], [ 4938443.982630340382457, 7482315.852255815640092 ], [ 4938504.381478101015091, 7482372.444445043802261 ], [ 4938663.881989524699748, 7482406.345568626187742 ], [ 4938668.182662412524223, 7482498.747758714482188 ], [ 4938571.974994706921279, 7482687.348770073615015 ], [ 4938642.9810650954023, 7482824.052949693053961 ], [ 4938660.284657387062907, 7482885.952538348734379 ], [ 4938577.877828886732459, 7483001.051309421658516 ], [ 4938606.678781355731189, 7483100.152826396748424 ], [ 4938673.88140756264329, 7483126.050542499870062 ], [ 4938735.483163840137422, 7483127.251078363507986 ], [ 4938728.076938954181969, 7483188.652369717136025 ], [ 4938665.874698949046433, 7483224.250469543039799 ], [ 4938658.176514859311283, 7483291.752686847001314 ], [ 4938705.878940352238715, 7483372.745542854070663 ], [ 4938827.677015400491655, 7483436.549333680421114 ], [ 4938926.584488629363477, 7483420.146291833370924 ], [ 4939016.676004525274038, 7483532.649383001029491 ], [ 4938952.180215769447386, 7483678.952687716111541 ], [ 4939010.484089284203947, 7483839.846225986257195 ], [ 4939107.876424061134458, 7483897.248342102393508 ], [ 4939088.476929171942174, 7483939.952060117386281 ], [ 4939025.976727192290127, 7483987.854391757398844 ], [ 4939015.677585305646062, 7484184.454396808519959 ], [ 4939187.075944271869957, 7484243.248551230877638 ], [ 4939180.180700741708279, 7484279.944488486275077 ], [ 4939129.275848866440356, 7484358.847162673249841 ], [ 4939157.477793470025063, 7484488.643797470256686 ], [ 4939254.982172195799649, 7484539.754863975569606 ], [ 4939269.684260538779199, 7484724.54933019913733 ], [ 4939335.781285522505641, 7484805.746108601801097 ], [ 4939381.27906643692404, 7484991.150289132259786 ], [ 4939486.475679378025234, 7484968.754897836595774 ], [ 4939557.776035413146019, 7485093.151224076747894 ], [ 4939553.78017707541585, 7485289.853714114055037 ], [ 4939671.375733578577638, 7485568.846276388503611 ], [ 4939692.577248649671674, 7485735.348297478631139 ], [ 4939851.683174489997327, 7485787.75100389868021 ], [ 4939888.284624067135155, 7486108.349985970184207 ], [ 4939842.480900650843978, 7486242.548365918919444 ], [ 4939911.881976760923862, 7486465.35500799305737 ], [ 4939749.177435642108321, 7486591.151280385442078 ], [ 4939807.181778714992106, 7486770.644838922657073 ], [ 4939880.174706181511283, 7486815.253402855247259 ], [ 4939943.679914719425142, 7487025.555364996194839 ], [ 4940047.081893955357373, 7487089.253593584522605 ], [ 4940026.378467220813036, 7487199.353148031048477 ], [ 4940029.976371267810464, 7487629.84713121317327 ], [ 4940001.38182507455349, 7487826.053589606657624 ], [ 4940036.782015394419432, 7487900.547487674281001 ], [ 4939987.080360928550363, 7488225.445937668904662 ], [ 4939946.683844275772572, 7488396.854116286151111 ], [ 4939870.377774687483907, 7488518.251913826912642 ], [ 4939859.978117959573865, 7488727.15471157617867 ], [ 4939709.482400882989168, 7488859.355809464119375 ], [ 4939682.8841467872262, 7488957.149820143356919 ], [ 4939719.576189598068595, 7488970.252067010849714 ], [ 4939856.484367558732629, 7488899.250697493553162 ], [ 4939916.479675034061074, 7488980.353507562540472 ], [ 4939888.276582940481603, 7489151.953436088748276 ], [ 4939987.480682922527194, 7489424.545360587537289 ], [ 4940023.076916971243918, 7489486.747079754248261 ], [ 4940003.381826357915998, 7489553.947553852573037 ], [ 4939980.674676128663123, 7489762.547060292214155 ], [ 4940063.780211228877306, 7489917.950480569154024 ], [ 4940043.676828304305673, 7489997.453197878785431 ], [ 4940184.484458517283201, 7490037.253783614374697 ], [ 4940207.283125020563602, 7490129.94839626736939 ], [ 4940120.080869367346168, 7490177.348927771672606 ], [ 4940151.041839428246021, 7490300.652424920350313 ], [ 4939503.269602299667895, 7491201.449799193069339 ], [ 4938209.730515048839152, 7492476.822046920657158 ], [ 4936392.669493697583675, 7491945.992800017818809 ], [ 4935195.376046821475029, 7491596.086438404396176 ], [ 4934753.344076246954501, 7491769.626874068751931 ], [ 4933571.779597407206893, 7491536.396865339018404 ], [ 4933453.298369477503002, 7490378.24649235419929 ], [ 4932558.269236767664552, 7489234.178863916546106 ], [ 4932572.780301139689982, 7489184.827655836939812 ], [ 4932581.417800518684089, 7489134.575582152232528 ], [ 4932607.567411974072456, 7489067.323661138303578 ], [ 4932638.372703108936548, 7489032.37502047419548 ], [ 4932667.504903130233288, 7488999.32378669641912 ], [ 4932674.302872882224619, 7488972.331501881591976 ], [ 4932660.835178953595459, 7488929.734121333807707 ], [ 4932656.187052017077804, 7488897.995644873008132 ], [ 4932625.91195179708302, 7488889.733148847706616 ], [ 4932621.419006133452058, 7488878.716122630983591 ], [ 4932626.845642475411296, 7488866.768327025696635 ], [ 4932637.244197020307183, 7488857.422889407724142 ], [ 4932647.391431805677712, 7488844.488130066543818 ], [ 4932649.111946037970483, 7488834.140873070806265 ], [ 4932622.040988422930241, 7488807.674612687900662 ], [ 4932632.674938471987844, 7488775.261598887853324 ], [ 4932648.963551322929561, 7488753.704607958905399 ], [ 4932638.680683147162199, 7488743.847016813233495 ], [ 4932613.91216604039073, 7488733.515678314492106 ], [ 4932616.006792255677283, 7488722.217650788836181 ], [ 4932649.641061439178884, 7488714.281632924452424 ], [ 4932648.519978799857199, 7488698.240503733977675 ], [ 4932628.450708895921707, 7488656.865367997437716 ], [ 4932631.41944158449769, 7488640.742624156177044 ], [ 4932623.756118825636804, 7488621.726725721731782 ], [ 4932626.877249713987112, 7488571.095853080973029 ], [ 4932635.81963018886745, 7488558.73166642524302 ], [ 4932647.866960421204567, 7488548.252810081467032 ], [ 4932672.969014337286353, 7488545.805359072051942 ], [ 4932691.734707590192556, 7488533.307297287508845 ], [ 4932700.862300101667643, 7488520.866368432529271 ], [ 4932723.768356143496931, 7488517.766813945956528 ], [ 4932730.779248390346766, 7488500.676229014992714 ], [ 4932713.029918432235718, 7488490.088047596625984 ], [ 4932716.372992526739836, 7488456.62394081428647 ], [ 4932724.068425375968218, 7488442.736969390884042 ], [ 4932748.876138095743954, 7488418.448770024813712 ], [ 4932780.594822261482477, 7488388.044523496180773 ], [ 4932781.453170763328671, 7488382.123335529118776 ], [ 4932770.852648748084903, 7488376.771832151338458 ], [ 4932750.552722782827914, 7488378.421079142950475 ], [ 4932734.76419775094837, 7488361.252108382992446 ], [ 4932747.445022972300649, 7488325.891092482954264 ], [ 4932755.304721100255847, 7488277.053036710247397 ], [ 4932730.16642686072737, 7488266.85312763787806 ], [ 4932686.420776734128594, 7488284.579023728147149 ], [ 4932685.562395899556577, 7488260.233012955635786 ], [ 4932688.352435642853379, 7488226.367772841826081 ], [ 4932629.072047472931445, 7488199.78144789673388 ], [ 4932614.571236842311919, 7488177.268939105793834 ], [ 4932642.645403982140124, 7488164.756693182513118 ], [ 4932673.800101834349334, 7488168.947592448443174 ], [ 4932677.486637813970447, 7488150.790255645290017 ], [ 4932677.390683921054006, 7488123.645702082663774 ], [ 4932690.486410170793533, 7488110.668559622950852 ], [ 4932711.562455378472805, 7488096.043259190395474 ], [ 4932743.656964904628694, 7488073.481652923859656 ], [ 4932784.062082828953862, 7488062.8951525837183 ], [ 4932775.610594813711941, 7488033.908597362227738 ], [ 4932734.117364759556949, 7488014.001579789444804 ], [ 4932737.777761219069362, 7487994.758790913969278 ], [ 4932744.692244610749185, 7487985.49759672768414 ], [ 4932772.831858426332474, 7487997.659878694452345 ], [ 4932784.938558480702341, 7488010.892151772975922 ], [ 4932795.910791385918856, 7488006.444169692695141 ], [ 4932798.107575858011842, 7487992.898397679440677 ], [ 4932799.976728865876794, 7487981.422153485938907 ], [ 4932773.65003882907331, 7487963.553358828648925 ], [ 4932784.780210879631341, 7487953.568723415955901 ], [ 4932788.24942010641098, 7487933.394804610870779 ], [ 4932801.46193915605545, 7487942.82223766669631 ], [ 4932811.026641893200576, 7487938.345894586294889 ], [ 4932813.572847387753427, 7487922.442744842730463 ], [ 4932812.963468634523451, 7487909.172550082206726 ], [ 4932814.653598231263459, 7487898.681164707988501 ], [ 4932821.64335760101676, 7487890.970729237422347 ], [ 4932814.447161673568189, 7487833.594143960624933 ], [ 4932802.65766217187047, 7487816.02199656330049 ], [ 4932805.977860746905208, 7487797.010260982438922 ], [ 4932856.020985713228583, 7487769.765380381606519 ], [ 4932848.810021457262337, 7487713.396539877168834 ], [ 4932859.914908681064844, 7487643.763309234753251 ], [ 4932900.959925292059779, 7487597.219737622886896 ], [ 4932936.507867350243032, 7487583.410900728777051 ], [ 4932946.101371895521879, 7487588.680357162840664 ], [ 4932974.525123624131083, 7487578.140369161963463 ], [ 4932975.555044763721526, 7487568.221949664875865 ], [ 4932968.656775675714016, 7487543.483931853435934 ], [ 4932970.701430478133261, 7487524.765572374686599 ], [ 4932969.115952678024769, 7487497.459422636777163 ], [ 4932970.237414370290935, 7487487.751824712380767 ], [ 4932983.993805500678718, 7487483.238433413207531 ], [ 4932998.230442798696458, 7487481.661940462887287 ], [ 4932993.265336814336479, 7487456.555885542184114 ], [ 4932982.396291281096637, 7487428.278658989816904 ], [ 4932980.577876426279545, 7487407.217625523917377 ], [ 4932989.558472319506109, 7487397.633166339248419 ], [ 4932992.891048096120358, 7487366.383880205452442 ], [ 4933018.518124382011592, 7487372.598654012195766 ], [ 4933022.026411675848067, 7487341.095415916293859 ], [ 4933037.157259284518659, 7487346.42236833460629 ], [ 4933050.020787451416254, 7487322.934006784111261 ], [ 4933059.50472950655967, 7487308.667112519033253 ], [ 4933097.615259356796741, 7487300.705547029152513 ], [ 4933110.460991154424846, 7487288.269627537578344 ], [ 4933111.06407540012151, 7487272.579398101195693 ], [ 4933082.474893770180643, 7487276.485142133198678 ], [ 4933050.578981274738908, 7487270.685933588072658 ], [ 4933052.398919031023979, 7487246.960801374167204 ], [ 4933066.199137365445495, 7487227.72923212684691 ], [ 4933075.313133793883026, 7487197.081194182857871 ], [ 4933080.486676306463778, 7487116.191998317837715 ], [ 4933093.1957454578951, 7487085.7037004083395 ], [ 4933092.285887011326849, 7487063.605639031156898 ], [ 4933134.527234896086156, 7487024.8854785785079 ], [ 4933135.074795559979975, 7487005.451745346188545 ], [ 4933138.771551706828177, 7486991.812828602269292 ], [ 4933147.261887554079294, 7486986.17980726249516 ], [ 4933143.762117614969611, 7486971.302183391526341 ], [ 4933119.01245307084173, 7486961.946227335371077 ], [ 4933090.741837026551366, 7486944.899993764236569 ], [ 4933083.351052014157176, 7486906.006349557079375 ], [ 4933051.397498881444335, 7486901.812699362635612 ], [ 4933058.658904522657394, 7486881.245602061972022 ], [ 4933147.945894081145525, 7486860.661912003532052 ], [ 4933148.706353927031159, 7486823.133012041449547 ], [ 4933145.271119978278875, 7486770.12539517134428 ], [ 4933161.393424530513585, 7486720.260169496759772 ], [ 4933145.572115322574973, 7486617.173694318160415 ], [ 4933148.431097819469869, 7486515.786041933111846 ], [ 4933195.265353021211922, 7486504.673025832511485 ], [ 4933171.590863527730107, 7486435.374344798736274 ], [ 4933208.136108409613371, 7486408.999501819722354 ], [ 4933212.169265981763601, 7486358.405674072913826 ], [ 4933194.440323511138558, 7486322.57874745503068 ], [ 4933205.023665680550039, 7486284.672043172642589 ], [ 4933212.277252330444753, 7486254.060059923678637 ], [ 4933243.918741695582867, 7486223.654596970416605 ], [ 4933253.271610411815345, 7486149.993245469406247 ], [ 4933245.903606137260795, 7486108.253540007397532 ], [ 4933172.852441902272403, 7486089.106311959214509 ], [ 4933187.720200544223189, 7486074.497487468644977 ], [ 4933263.016188210807741, 7486061.936451345682144 ], [ 4933291.569323785603046, 7486014.107895953580737 ], [ 4933278.005918426439166, 7485977.213958234526217 ], [ 4933217.389046364463866, 7485943.270149622112513 ], [ 4933195.784896336495876, 7485943.219746330752969 ], [ 4933176.424386234954, 7485921.151507128961384 ], [ 4933166.450421623885632, 7485888.082905665971339 ], [ 4933122.440602015703917, 7485881.04561716876924 ], [ 4933100.960376401431859, 7485885.547337153926492 ], [ 4933083.142170979641378, 7485872.578101878985763 ], [ 4933091.716278149746358, 7485854.752205420285463 ], [ 4933135.939632873050869, 7485848.223971779458225 ], [ 4933145.484549276530743, 7485822.184853314422071 ], [ 4933145.059143985621631, 7485818.461875578388572 ], [ 4933143.050487055443227, 7485800.966054104268551 ], [ 4933139.925511036068201, 7485778.00548835285008 ], [ 4933136.183284834958613, 7485752.9047881225124 ], [ 4933131.907939771190286, 7485725.221332401037216 ], [ 4933127.182392559945583, 7485694.789363220334053 ], [ 4933122.177056232467294, 7485662.573129980824888 ], [ 4933117.082011492922902, 7485629.73631411138922 ], [ 4933112.066449865698814, 7485597.520029018633068 ], [ 4933107.351165959611535, 7485567.11024147644639 ], [ 4933103.106754811480641, 7485539.42690456751734 ], [ 4933099.590659120120108, 7485514.327177995815873 ], [ 4933097.071711945347488, 7485491.413552582263947 ], [ 4933095.798249362036586, 7485470.277354354038835 ], [ 4933096.049424952827394, 7485450.51004447042942 ], [ 4933097.970459148287773, 7485431.791093371808529 ], [ 4933101.180920707993209, 7485414.196353206411004 ], [ 4933105.217665433883667, 7485397.92313492577523 ], [ 4933109.597055333666503, 7485383.157584968023002 ], [ 4933113.856048457324505, 7485370.074865900911391 ], [ 4933117.604241687804461, 7485358.684338536113501 ], [ 4933120.987932183779776, 7485348.421833679080009 ], [ 4933124.2570163263008, 7485338.524291443638504 ], [ 4933127.650970827788115, 7485328.261830197647214 ], [ 4933131.409368390217423, 7485316.882419036701322 ], [ 4933135.627090371213853, 7485303.832737054675817 ], [ 4933139.758477654308081, 7485289.387257444672287 ], [ 4933143.113183930516243, 7485274.019164269790053 ], [ 4933144.990690971724689, 7485258.179447898641229 ], [ 4933144.721252664923668, 7485242.330308463424444 ], [ 4933141.799436093308032, 7485226.945741191506386 ], [ 4933136.726799405179918, 7485212.437711464241147 ], [ 4933130.148711460642517, 7485199.21881571225822 ], [ 4933122.792522209696472, 7485187.746309921145439 ], [ 4933115.334556218236685, 7485178.399704102426767 ], [ 4933108.266961704008281, 7485171.391579685732722 ], [ 4933101.367195251397789, 7485165.934653090313077 ], [ 4933094.197919389232993, 7485161.030276654288173 ], [ 4933086.342489846050739, 7485155.64666841737926 ], [ 4933077.353156080469489, 7485148.818357207812369 ], [ 4933067.038396741263568, 7485139.713893348351121 ], [ 4933056.024639010429382, 7485128.380325993523002 ], [ 4933045.132510236464441, 7485115.087054546922445 ], [ 4933035.223821075633168, 7485100.08151239156723 ], [ 4933027.108918567188084, 7485083.633058376610279 ], [ 4933021.423612514510751, 7485065.988135753199458 ], [ 4933017.858752406202257, 7485047.366882795467973 ], [ 4933015.879148666746914, 7485027.999517211690545 ], [ 4933014.959983376786113, 7485008.094151863828301 ], [ 4933014.576343582943082, 7484987.881048201583326 ], [ 4933014.275468307547271, 7484967.535411055199802 ], [ 4933013.96456603333354, 7484947.134355560876429 ], [ 4933013.663986468687654, 7484926.722270211204886 ], [ 4933013.363359934650362, 7484906.321258897893131 ], [ 4933013.052219385281205, 7484885.975574592128396 ], [ 4933012.689183824695647, 7484865.75148378778249 ], [ 4933011.893549457192421, 7484845.791283749975264 ], [ 4933010.243574446067214, 7484826.226016333326697 ], [ 4933007.317226645536721, 7484807.253170285373926 ], [ 4933002.692767892964184, 7484789.003786515444517 ], [ 4932996.945142382755876, 7484773.883614046499133 ], [ 4932996.092173852957785, 7484771.63168669398874 ], [ 4932987.895518513396382, 7484755.13854054082185 ], [ 4932978.657548251561821, 7484739.515712012536824 ], [ 4932978.106509514153004, 7484738.682680517435074 ], [ 4932968.902287944220006, 7484724.732281439006329 ], [ 4932959.184381576254964, 7484710.80176427680999 ], [ 4932949.915198223665357, 7484697.615224320441484 ], [ 4932940.993087363429368, 7484684.928570289164782 ], [ 4932932.183252859860659, 7484672.408526199869812 ], [ 4932923.2611722080037, 7484659.721860684454441 ], [ 4932913.981780406087637, 7484646.535251287743449 ], [ 4932904.232721207663417, 7484632.70423043705523 ], [ 4932894.227611382491887, 7484618.705952946096659 ], [ 4932884.292228158563375, 7484605.206339471042156 ], [ 4932874.74212259799242, 7484592.860191773623228 ], [ 4932865.923756815493107, 7484582.300299281254411 ], [ 4932858.0104317124933, 7484573.826446006074548 ], [ 4932850.781041800044477, 7484566.330182813107967 ], [ 4932843.862211847677827, 7484558.292622357606888 ], [ 4932836.911239718087018, 7484548.228235959075391 ], [ 4932829.575203930959105, 7484534.640374274924397 ], [ 4932821.69410765171051, 7484516.542677028104663 ], [ 4932814.043839795514941, 7484495.02389257401228 ], [ 4932807.5726576782763, 7484471.682970587164164 ], [ 4932803.259673736058176, 7484448.107923983596265 ], [ 4932802.063399133272469, 7484425.897750351577997 ], [ 4932804.584338623099029, 7484406.306548886932433 ], [ 4932809.846943942829967, 7484389.263565068133175 ], [ 4932816.548489298671484, 7484374.353282465599477 ], [ 4932823.33484697714448, 7484361.171033915132284 ], [ 4932828.882806986570358, 7484349.290141243487597 ], [ 4932832.053420570679009, 7484338.42871258687228 ], [ 4932832.4253039509058, 7484328.640264304354787 ], [ 4932829.792342041619122, 7484320.078933862969279 ], [ 4932823.938049188815057, 7484312.920960710383952 ], [ 4932814.656258877366781, 7484307.331552804447711 ], [ 4932801.957243751734495, 7484303.310749225318432 ], [ 4932786.778621872887015, 7484300.2092694202438 ], [ 4932770.336279849521816, 7484297.168643149547279 ], [ 4932753.804726052097976, 7484293.396670549176633 ], [ 4932738.358666877262294, 7484288.056858500465751 ], [ 4932724.986939067952335, 7484280.533392446115613 ], [ 4932713.801164887845516, 7484271.136864401400089 ], [ 4932704.696228354237974, 7484260.409478005021811 ], [ 4932697.59802230540663, 7484248.849273847416043 ], [ 4932692.391008267179132, 7484237.031631847843528 ], [ 4932689.02259935438633, 7484225.233190724626184 ], [ 4932687.484624791890383, 7484212.977700769901276 ], [ 4932687.82144758477807, 7484199.523349475115538 ], [ 4932690.07738097384572, 7484184.139398150146008 ], [ 4932694.276046109385788, 7484166.128240196965635 ], [ 4932700.254604374989867, 7484145.14583657309413 ], [ 4932707.031507642008364, 7484122.483594685792923 ], [ 4932713.428437639027834, 7484099.797520993277431 ], [ 4932718.266840696334839, 7484078.798996523022652 ], [ 4932720.337600573897362, 7484061.143894508481026 ], [ 4932718.803145597688854, 7484048.091038011945784 ], [ 4932714.034926299937069, 7484039.265525479800999 ], [ 4932706.724863758310676, 7484033.828729953616858 ], [ 4932697.575000514276326, 7484030.975293358787894 ], [ 4932687.277155542746186, 7484029.888738472014666 ], [ 4932676.440779773518443, 7484029.796524305827916 ], [ 4932665.253013530746102, 7484030.190038120374084 ], [ 4932653.808357883244753, 7484030.604556920938194 ], [ 4932642.211586936376989, 7484030.575403372757137 ], [ 4932630.536759325303137, 7484029.615614973008633 ], [ 4932618.919074853882194, 7484027.349247688427567 ], [ 4932607.595274155959487, 7484023.666601805016398 ], [ 4932596.801803706213832, 7484018.52442561276257 ], [ 4932586.805924378335476, 7484011.879604483023286 ], [ 4932577.874749177135527, 7484003.722248049452901 ], [ 4932570.193119041621685, 7483994.064251570031047 ], [ 4932563.892651653848588, 7483983.338115969672799 ], [ 4932559.002050797455013, 7483972.020185296423733 ], [ 4932555.580735730007291, 7483960.609088929370046 ], [ 4932553.698494581505656, 7483949.581352321431041 ], [ 4932553.425507647916675, 7483939.324904093518853 ], [ 4932555.080582561902702, 7483929.75255867652595 ], [ 4932559.003658470697701, 7483920.644326047971845 ], [ 4932565.544847396202385, 7483911.802409525960684 ], [ 4932575.033717426471412, 7483903.028919618576765 ], [ 4932587.532971667125821, 7483894.080483639612794 ], [ 4932601.903787842020392, 7483884.65303373336792 ], [ 4932616.750605926848948, 7483874.430294072255492 ], [ 4932630.647102699615061, 7483863.084783000871539 ], [ 4932642.146415263414383, 7483850.288932960480452 ], [ 4932650.181290305219591, 7483835.816532157361507 ], [ 4932654.843639744445682, 7483819.789814876392484 ], [ 4932656.573970765806735, 7483802.476527079939842 ], [ 4932655.812937304377556, 7483784.111189033836126 ], [ 4932652.970279923640192, 7483764.950332520529628 ], [ 4932648.507535835728049, 7483745.151044933125377 ], [ 4932642.907567031681538, 7483724.693311659619212 ], [ 4932636.674070145003498, 7483703.490762069821358 ], [ 4932630.300615020096302, 7483681.423757134005427 ], [ 4932624.311436071060598, 7483658.406018750742078 ], [ 4932623.646906754933298, 7483655.379664084874094 ], [ 4932619.076203916221857, 7483634.461333243176341 ], [ 4932614.489653314463794, 7483610.16512368619442 ], [ 4932610.353831576183438, 7483586.147776525467634 ], [ 4932606.449851542711258, 7483563.128183487802744 ], [ 4932602.559218872338533, 7483541.736639669165015 ], [ 4932598.555979421362281, 7483522.581700176000595 ], [ 4932594.562553169205785, 7483505.852178449742496 ], [ 4932590.804513463750482, 7483491.637671906501055 ], [ 4932587.476521004922688, 7483480.049790835939348 ], [ 4932584.804049994796515, 7483471.200282142497599 ], [ 4932582.900621018372476, 7483464.967826588079333 ], [ 4932581.523793438449502, 7483460.432144194841385 ], [ 4932580.30875585693866, 7483456.473066702485085 ], [ 4932578.931929907761514, 7483451.937383990734816 ], [ 4932577.028506006114185, 7483445.704927446320653 ], [ 4932574.365632193163037, 7483437.010505622252822 ], [ 4932571.063524111174047, 7483426.541286770254374 ], [ 4932567.333120698109269, 7483415.372458389028907 ], [ 4932563.416320187970996, 7483404.546121058985591 ], [ 4932559.534329344518483, 7483395.137508347630501 ], [ 4932555.84854172822088, 7483387.811822255142033 ], [ 4932552.20832281652838, 7483381.79316097125411 ], [ 4932548.444214549846947, 7483375.917921781539917 ], [ 4932544.325133240781724, 7483369.022228583693504 ], [ 4932539.681575058959424, 7483359.953552659600973 ], [ 4932534.363353528082371, 7483347.836320034228265 ], [ 4932528.440849917009473, 7483333.014159927144647 ], [ 4932522.065190729685128, 7483316.152228208258748 ], [ 4932515.377475439570844, 7483297.860262667760253 ], [ 4932508.497965048067272, 7483278.814357680268586 ], [ 4932501.557828300632536, 7483259.546684151515365 ], [ 4932494.597511600703001, 7483240.201393520459533 ], [ 4932487.616769500076771, 7483220.833858588710427 ], [ 4932480.656440744176507, 7483201.49963441491127 ], [ 4932473.716377803124487, 7483182.231944723054767 ], [ 4932466.847739151678979, 7483163.075315703637898 ], [ 4932460.163161709904671, 7483144.107770843431354 ], [ 4932453.837153571657836, 7483125.352234540507197 ], [ 4932447.99271943885833, 7483106.864627223461866 ], [ 4932442.793996521271765, 7483088.689977318048477 ], [ 4932438.292140417732298, 7483070.872811820358038 ], [ 4932434.209733705036342, 7483053.434049347415566 ], [ 4932430.177019987255335, 7483036.372048515826464 ], [ 4932425.813924423418939, 7483019.696196490898728 ], [ 4932420.719881093129516, 7483003.404714131727815 ], [ 4932414.668636379763484, 7482987.563044540584087 ], [ 4932407.977459781803191, 7482972.42731586843729 ], [ 4932401.055811090394855, 7482958.30944025143981 ], [ 4932394.333640450611711, 7482945.532496444880962 ], [ 4932388.271807107143104, 7482934.397551789879799 ], [ 4932383.136710845865309, 7482925.049763225950301 ], [ 4932378.643470037728548, 7482916.878752524033189 ], [ 4932374.374520135112107, 7482909.085279871709645 ], [ 4932369.891559900715947, 7482900.914311844855547 ], [ 4932364.756486906670034, 7482891.566516153514385 ], [ 4932358.694550322368741, 7482880.464781660586596 ], [ 4932352.053732392378151, 7482867.887523813173175 ], [ 4932345.324919622391462, 7482854.313140214420855 ], [ 4932339.009217600338161, 7482840.23114962130785 ], [ 4932333.566596609540284, 7482826.141963606700301 ], [ 4932329.447196874767542, 7482812.44627751968801 ], [ 4932326.66020171623677, 7482799.387778829783201 ], [ 4932325.163834581151605, 7482787.121329687535763 ], [ 4932324.916270092129707, 7482775.81286645680666 ], [ 4932325.855043350718915, 7482765.650382958352566 ], [ 4932328.020397920161486, 7482756.822329527698457 ], [ 4932331.719026936218143, 7482749.651238612830639 ], [ 4932337.360036313533783, 7482744.526546109467745 ], [ 4932345.342361089773476, 7482741.815491804853082 ], [ 4932356.044446527957916, 7482741.874147715047002 ], [ 4932369.651221457868814, 7482744.692255097441375 ], [ 4932385.420064401812851, 7482748.660661265254021 ], [ 4932402.414925431832671, 7482751.781738687306643 ], [ 4932419.638071144931018, 7482752.068664610385895 ], [ 4932436.174121641553938, 7482747.490687506273389 ], [ 4932451.135208652354777, 7482736.759192870929837 ], [ 4932464.186362176202238, 7482721.290271813049912 ], [ 4932475.061519279144704, 7482703.175883603282273 ], [ 4932483.484306840226054, 7482684.519016308709979 ], [ 4932489.219392253085971, 7482667.433914324268699 ], [ 4932492.074788925237954, 7482653.525573132559657 ], [ 4932492.093013955280185, 7482642.473013962619007 ], [ 4932489.390588831156492, 7482633.479368889704347 ], [ 4932484.063638931140304, 7482625.714453706517816 ], [ 4932476.259396763518453, 7482618.40368370898068 ], [ 4932466.124751372262836, 7482610.84999518096447 ], [ 4932454.163805269636214, 7482602.867349848151207 ], [ 4932440.921104186214507, 7482594.413862067274749 ], [ 4932426.961783564649522, 7482585.436664348468184 ], [ 4932412.820215137675405, 7482575.871679674834013 ], [ 4932399.020056147128344, 7482565.754458535462618 ], [ 4932385.847408825531602, 7482555.418517038226128 ], [ 4932373.557216948829591, 7482545.274757379665971 ], [ 4932362.394200876355171, 7482535.722962284460664 ], [ 4932352.60298087913543, 7482527.185064184479415 ], [ 4932344.295396721921861, 7482519.91628347709775 ], [ 4932336.970055867917836, 7482513.493550714105368 ], [ 4932329.96182933729142, 7482507.360169325955212 ], [ 4932322.636451474390924, 7482500.948503846302629 ], [ 4932314.318674986250699, 7482493.668585574254394 ], [ 4932304.619797176681459, 7482485.164289782755077 ], [ 4932294.092906447127461, 7482475.781393706798553 ], [ 4932283.516154719516635, 7482466.066024046391249 ], [ 4932273.677862446755171, 7482456.586504591628909 ], [ 4932265.366494559682906, 7482447.877937478944659 ], [ 4932259.257980966940522, 7482440.375252088531852 ], [ 4932255.650853361934423, 7482433.924733392894268 ], [ 4932254.700152301229537, 7482428.305577738210559 ], [ 4932256.602149240672588, 7482423.263939335010946 ], [ 4932261.522402946837246, 7482418.523684414103627 ], [ 4932269.420716156251729, 7482413.885284821502864 ], [ 4932279.496723727323115, 7482409.179051391780376 ], [ 4932290.723912159912288, 7482404.278588561341166 ], [ 4932302.086039381101727, 7482399.05754897929728 ], [ 4932312.556544514372945, 7482393.400617106817663 ], [ 4932321.180909459479153, 7482387.159576166421175 ], [ 4932327.107766238041222, 7482380.086996679194272 ], [ 4932329.56786367110908, 7482371.946889279410243 ], [ 4932327.771510851569474, 7482362.481022458523512 ], [ 4932320.949463438242674, 7482351.453401556238532 ], [ 4932308.804629443213344, 7482338.696575504727662 ], [ 4932292.948506210930645, 7482324.439199103042483 ], [ 4932275.526207529939711, 7482309.01197906024754 ], [ 4932258.66244519688189, 7482292.712315725162625 ], [ 4932244.46123184915632, 7482275.870751207694411 ], [ 4932234.615998296998441, 7482258.760631891898811 ], [ 4932229.126138405874372, 7482241.514861557632685 ], [ 4932227.529172942973673, 7482224.197833780199289 ], [ 4932229.393386427313089, 7482206.885150488466024 ], [ 4932234.235664055682719, 7482189.663257056847215 ], [ 4932241.572992037981749, 7482172.596448289230466 ], [ 4932250.624074441380799, 7482155.847363211214542 ], [ 4932260.566587246954441, 7482139.567384295165539 ], [ 4932270.557719125412405, 7482123.896729746833444 ], [ 4932279.754564040340483, 7482108.997769000940025 ], [ 4932287.499331838451326, 7482094.978323358111084 ], [ 4932293.669474091380835, 7482081.682802255265415 ], [ 4932298.317135912366211, 7482068.934242747724056 ], [ 4932301.494560262188315, 7482056.533532222732902 ], [ 4932303.233350373804569, 7482044.303615317679942 ], [ 4932303.678476601839066, 7482031.979342380538583 ], [ 4932303.26375796366483, 7482019.008904069662094 ], [ 4932302.5053715640679, 7482004.796558215282857 ], [ 4932301.940033464692533, 7481988.746654102578759 ], [ 4932302.073745484463871, 7481970.241254795342684 ], [ 4932303.236877677962184, 7481948.894212478771806 ], [ 4932304.903623928315938, 7481925.157253630459309 ], [ 4932306.321053692139685, 7481899.746889263391495 ], [ 4932306.756979039870203, 7481873.335423648357391 ], [ 4932305.468897915445268, 7481846.606189833953977 ], [ 4932302.022664036601782, 7481820.188518552109599 ], [ 4932297.115128552541137, 7481794.428828923031688 ], [ 4932291.741315197199583, 7481769.59734433144331 ], [ 4932286.896240543574095, 7481745.964289618656039 ], [ 4932283.574914711527526, 7481723.799891030415893 ], [ 4932282.546401048079133, 7481703.373369516804814 ], [ 4932283.69727541692555, 7481684.783894183114171 ], [ 4932286.677757054567337, 7481668.162805238738656 ], [ 4932291.148584850132465, 7481653.58611511439085 ], [ 4932296.770352483727038, 7481641.163059823215008 ], [ 4932303.27598970849067, 7481630.903524192050099 ], [ 4932310.728349648416042, 7481622.530916729010642 ], [ 4932319.252496920526028, 7481615.63602477684617 ], [ 4932328.993838584050536, 7481609.854024954140186 ], [ 4932340.067069703713059, 7481604.79780697170645 ], [ 4932352.463496807031333, 7481600.112935464829206 ], [ 4932365.42417465057224, 7481595.563461096957326 ], [ 4932378.046476860530674, 7481590.890648478642106 ], [ 4932389.427629687823355, 7481585.868988923728466 ], [ 4932398.654639262706041, 7481580.261855958029628 ], [ 4932405.029542485252023, 7481573.977552817203104 ], [ 4932408.797738511115313, 7481567.260819358751178 ], [ 4932410.409287868067622, 7481560.52342545054853 ], [ 4932410.345109690912068, 7481554.166202070191503 ], [ 4932409.045189936645329, 7481548.556573229841888 ], [ 4932406.919294249266386, 7481543.928930763155222 ], [ 4932404.154398685321212, 7481539.807888768613338 ], [ 4932400.845886557362974, 7481535.529382539913058 ], [ 4932397.140491395257413, 7481530.429575639776886 ], [ 4932393.143818319775164, 7481523.855523647740483 ], [ 4932389.011887360364199, 7481515.364927664399147 ], [ 4932385.061197112314403, 7481505.380037304013968 ], [ 4932381.627652151510119, 7481494.577909395098686 ], [ 4932379.088628880679607, 7481483.547187075950205 ], [ 4932377.769610824994743, 7481472.998105796054006 ], [ 4932377.884293404407799, 7481463.374608499929309 ], [ 4932379.115144303068519, 7481454.487011592835188 ], [ 4932380.991273355670273, 7481445.989902049303055 ], [ 4932383.062232781201601, 7481437.560107396915555 ], [ 4932384.867601252160966, 7481428.807962138205767 ], [ 4932385.977127853780985, 7481419.487907599657774 ], [ 4932386.082717888057232, 7481409.598574008792639 ], [ 4932384.937355144880712, 7481399.260685884393752 ], [ 4932382.273632294498384, 7481388.561652271077037 ], [ 4932377.8343635071069, 7481377.60000185482204 ], [ 4932371.52643484249711, 7481366.53036617860198 ], [ 4932363.974536682479084, 7481355.754214404150844 ], [ 4932355.977746617980301, 7481345.718091607093811 ], [ 4932352.922638231888413, 7481342.204861409962177 ], [ 4932348.33499123621732, 7481336.901768250390887 ], [ 4932341.824901087209582, 7481329.729552149772644 ], [ 4932336.990687972865999, 7481324.447507832199335 ], [ 4932333.311298717744648, 7481320.444203877821565 ], [ 4932330.040830701589584, 7481316.863561482168734 ], [ 4932326.37171496450901, 7481312.860301421955228 ], [ 4932321.527193681336939, 7481307.589280701242387 ], [ 4932314.996786745265126, 7481300.372662464156747 ], [ 4932307.12952387239784, 7481291.245222545228899 ], [ 4932298.540808199904859, 7481280.386895572766662 ], [ 4932289.8458441067487, 7481268.021915795281529 ], [ 4932281.64981050696224, 7481254.319100188091397 ], [ 4932274.486044697463512, 7481239.435872299596667 ], [ 4932268.570456578396261, 7481223.317821240052581 ], [ 4932264.067852692678571, 7481205.854934507980943 ], [ 4932261.112229157239199, 7481186.937062196433544 ], [ 4932259.847801057621837, 7481166.465174429118633 ], [ 4932260.32541721034795, 7481144.550246378406882 ], [ 4932262.252931212075055, 7481122.220934184268117 ], [ 4932265.193436340428889, 7481100.726745130494237 ], [ 4932268.761476102285087, 7481081.295266106724739 ], [ 4932272.540591159835458, 7481065.198245434090495 ], [ 4932276.167794629000127, 7481053.231452902778983 ], [ 4932279.513777106069028, 7481044.452953526750207 ], [ 4932282.523138012737036, 7481037.467074147425592 ], [ 4932285.078759344294667, 7481030.900016363710165 ], [ 4932287.135409540496767, 7481023.378301948308945 ], [ 4932288.585055361501873, 7481013.793968481011689 ], [ 4932289.365488144569099, 7481002.279636798426509 ], [ 4932289.351600190624595, 7480989.255592689849436 ], [ 4932288.469632525928319, 7480975.142350517213345 ], [ 4932286.635507841594517, 7480960.37145334109664 ], [ 4932283.806227379478514, 7480945.374626990407705 ], [ 4932280.297831568866968, 7480930.673794857226312 ], [ 4932276.477558725513518, 7480916.824333073571324 ], [ 4932272.702375562861562, 7480904.381572445854545 ], [ 4932269.360203580930829, 7480893.867757650092244 ], [ 4932266.706347391940653, 7480885.605196210555732 ], [ 4932264.528549393638968, 7480878.82878059707582 ], [ 4932262.512795738875866, 7480872.562528116628528 ], [ 4932260.34527117293328, 7480865.78615746460855 ], [ 4932257.681155810132623, 7480857.523548187687993 ], [ 4932254.349521833471954, 7480846.954401784576476 ], [ 4932250.596889054402709, 7480834.068741392344236 ], [ 4932246.823029248043895, 7480819.034470414742827 ], [ 4932243.417443145997822, 7480802.019446877762675 ], [ 4932240.759359966032207, 7480783.19148344732821 ], [ 4932239.146986346691847, 7480762.46331106312573 ], [ 4932238.503297219984233, 7480738.682805515825748 ], [ 4932238.649758216924965, 7480710.43159412778914 ], [ 4932239.397516676224768, 7480676.30233265273273 ], [ 4932240.588577978312969, 7480634.876739211380482 ], [ 4932242.050976818427444, 7480585.567080814391375 ], [ 4932243.649583366699517, 7480531.041785908862948 ], [ 4932245.317649196833372, 7480474.755900629796088 ], [ 4932246.926515248604119, 7480420.230644920840859 ], [ 4932248.378677056171, 7480370.909854629077017 ], [ 4932249.6211629929021, 7480329.462327083572745 ], [ 4932250.760318418964744, 7480295.069000357761979 ], [ 4932251.926579947583377, 7480266.11353219486773 ], [ 4932253.271168277598917, 7480240.924298537895083 ], [ 4932254.965495798736811, 7480217.907288828864694 ], [ 4932257.179986651055515, 7480195.689984356053174 ], [ 4932260.428633140400052, 7480174.152852788567543 ], [ 4932265.213872582651675, 7480153.464255220256746 ], [ 4932272.099803541786969, 7480133.781751764006913 ], [ 4932281.609397338703275, 7480115.273792433552444 ], [ 4932294.01941544841975, 7480098.052353793755174 ], [ 4932308.549804140813649, 7480082.025356098078191 ], [ 4932324.174305437132716, 7480067.044250854291022 ], [ 4932339.846176872029901, 7480052.949327152222395 ], [ 4932354.518531549721956, 7480039.614102049730718 ], [ 4932367.350258438847959, 7480026.824413568712771 ], [ 4932378.322254693135619, 7480014.259011277928948 ], [ 4932387.549257128499448, 7480001.519715802744031 ], [ 4932395.217735800892115, 7479988.241890471428633 ], [ 4932401.473231909796596, 7479974.027491172775626 ], [ 4932406.470766719430685, 7479958.655712526291609 ], [ 4932410.423969941213727, 7479942.581573600880802 ], [ 4932413.535808281973004, 7479926.348644210025668 ], [ 4932416.008952604606748, 7479910.566941532306373 ], [ 4932418.056440495885909, 7479895.824379021301866 ], [ 4932419.861536525189877, 7479882.47616626508534 ], [ 4932421.539020919241011, 7479870.113045237958431 ], [ 4932423.174048770219088, 7479858.059830268844962 ], [ 4932424.851577694527805, 7479845.685634061694145 ], [ 4932426.656614070758224, 7479832.348494654521346 ], [ 4932428.755427631549537, 7479817.60615823790431 ], [ 4932431.649315963499248, 7479801.881697066128254 ], [ 4932435.879714122973382, 7479785.808783181011677 ], [ 4932442.008691232651472, 7479769.999029915779829 ], [ 4932450.598068911582232, 7479755.119422238320112 ], [ 4932461.861663684248924, 7479741.580675095319748 ], [ 4932474.588991624303162, 7479729.100533054210246 ], [ 4932487.241859385743737, 7479717.195940965786576 ], [ 4932498.241100654006004, 7479705.361516878008842 ], [ 4932506.058748554438353, 7479693.125334803014994 ], [ 4932509.577194824814796, 7479680.105891484767199 ], [ 4932509.596718882210553, 7479666.461791628971696 ], [ 4932507.338318832218647, 7479652.419954877346754 ], [ 4932504.063768154941499, 7479638.273930323310196 ], [ 4932500.993957621045411, 7479624.272786904126406 ], [ 4932499.257699866779149, 7479610.587661810219288 ], [ 4932499.543924658559263, 7479597.011194365099072 ], [ 4932502.387972756288946, 7479583.235667525790632 ], [ 4932508.335254516452551, 7479568.997706814669073 ], [ 4932517.951960568316281, 7479553.978653408586979 ], [ 4932531.433870416134596, 7479538.024322411045432 ], [ 4932547.505648941732943, 7479521.583110272884369 ], [ 4932564.563029111362994, 7479505.179480716586113 ], [ 4932580.991238688118756, 7479489.393231408670545 ], [ 4932595.165393338538706, 7479474.770897287875414 ], [ 4932605.851312263868749, 7479461.750003226101398 ], [ 4932613.213942836970091, 7479450.187315093353391 ], [ 4932617.839681527577341, 7479439.841791896149516 ], [ 4932620.274092864245176, 7479430.416835075244308 ], [ 4932621.072810962796211, 7479421.660188621841371 ], [ 4932620.668147689662874, 7479413.341198541224003 ], [ 4932618.937570444308221, 7479405.304273690097034 ], [ 4932615.624761535786092, 7479397.459678146056831 ], [ 4932610.494137266650796, 7479389.673467950895429 ], [ 4932603.258624673821032, 7479381.84469429589808 ], [ 4932593.908499035052955, 7479373.851487815380096 ], [ 4932583.13234196882695, 7479365.564002009108663 ], [ 4932571.926935863681138, 7479356.820535097271204 ], [ 4932561.176108258776367, 7479347.45888677239418 ], [ 4932551.855953641235828, 7479337.350493310019374 ], [ 4932544.706143573857844, 7479326.421117650344968 ], [ 4932539.715176840312779, 7479314.947582617402077 ], [ 4932536.675860832445323, 7479303.338739154860377 ], [ 4932535.412054171785712, 7479291.948200983926654 ], [ 4932535.69612626824528, 7479281.162576962262392 ], [ 4932537.40357422363013, 7479271.269259864464402 ], [ 4932540.503885298967361, 7479262.201664859429002 ], [ 4932545.069772204384208, 7479253.771841879934072 ], [ 4932551.132726560346782, 7479245.824881849810481 ], [ 4932558.744875118136406, 7479238.183817153796554 ], [ 4932567.866027194075286, 7479230.649120179004967 ], [ 4932578.107014143839478, 7479222.986489723436534 ], [ 4932589.02766955178231, 7479214.883875213563442 ], [ 4932600.146606096066535, 7479206.062268810346723 ], [ 4932611.013290924951434, 7479196.231726046651602 ], [ 4932621.156556664966047, 7479185.124361854046583 ], [ 4932630.105089572258294, 7479172.505516160279512 ], [ 4932637.356723450124264, 7479158.151467709802091 ], [ 4932642.440148719586432, 7479141.827557649463415 ], [ 4932644.863424244336784, 7479123.321184993721545 ], [ 4932644.349756672978401, 7479102.531449891626835 ], [ 4932641.503367216326296, 7479079.826500106602907 ], [ 4932637.102544750086963, 7479055.686002819798887 ], [ 4932631.966646761633456, 7479030.589807765558362 ], [ 4932626.86358564067632, 7479005.039687244221568 ], [ 4932622.489685080945492, 7478979.470648279413581 ], [ 4932618.997097808867693, 7478954.304210180416703 ], [ 4932616.373733260668814, 7478929.950088956393301 ], [ 4932614.679672775790095, 7478906.751871638000011 ], [ 4932613.892557469196618, 7478885.119228458032012 ], [ 4932614.031396290287375, 7478865.395563995465636 ], [ 4932614.838646944612265, 7478847.768008143641055 ], [ 4932616.067135351710021, 7478832.401586998254061 ], [ 4932617.469787185080349, 7478819.439177409745753 ], [ 4932618.778845684602857, 7478809.056789020076394 ], [ 4932619.799512363038957, 7478801.187108779326081 ], [ 4932620.617862857878208, 7478794.94453177973628 ], [ 4932621.351660906337202, 7478789.244246589019895 ], [ 4932622.16996116284281, 7478783.012744074687362 ], [ 4932623.190673920325935, 7478775.131988842971623 ], [ 4932624.499725725501776, 7478764.749599635601044 ], [ 4932625.943487477488816, 7478751.776296185329556 ], [ 4932627.285007078200579, 7478736.388224717229605 ], [ 4932628.297896244563162, 7478718.69512933678925 ], [ 4932628.745156152173877, 7478698.884230948984623 ], [ 4932628.523126504383981, 7478677.176566323265433 ], [ 4932627.957095286808908, 7478654.315592187456787 ], [ 4932627.484805182553828, 7478631.156012601219118 ], [ 4932627.564531869255006, 7478608.552622897550464 ], [ 4932628.634110595099628, 7478587.337978208437562 ], [ 4932630.988065515644848, 7478568.244324269704521 ], [ 4932634.28661746904254, 7478551.480575574561954 ], [ 4932638.05699809640646, 7478537.144308371469378 ], [ 4932641.805954837240279, 7478525.321933509781957 ], [ 4932645.060674502514303, 7478516.12210257165134 ], [ 4932647.482858940027654, 7478509.421492399647832 ], [ 4932649.322868814691901, 7478504.335226556286216 ], [ 4932650.97564899828285, 7478499.790797306224704 ], [ 4932652.805388748645782, 7478494.704485511407256 ], [ 4932655.227566672489047, 7478488.003874115645885 ], [ 4932658.482172762043774, 7478478.826189557090402 ], [ 4932662.117417583242059, 7478467.169428165070713 ], [ 4932665.567485885694623, 7478453.2747274748981 ], [ 4932668.256444136612117, 7478437.349956074729562 ], [ 4932669.608165445737541, 7478419.647281303070486 ], [ 4932669.26244552526623, 7478400.353378579951823 ], [ 4932667.752873850986362, 7478379.548137133009732 ], [ 4932665.859415894374251, 7478357.323613319545984 ], [ 4932664.372497066855431, 7478333.727610936388373 ], [ 4932664.051636283285916, 7478308.829946825280786 ], [ 4932664.724613952450454, 7478295.997190430760384 ], [ 4932665.430014537647367, 7478282.799107870087028 ], [ 4932668.166381819173694, 7478256.17624793574214 ], [ 4932671.610869670286775, 7478229.63405049033463 ], [ 4932675.195903407409787, 7478203.812339632771909 ], [ 4932678.30247609782964, 7478179.372861605137587 ], [ 4932680.466238279826939, 7478156.834075720980763 ], [ 4932681.769139492884278, 7478136.240645058453083 ], [ 4932682.417174479924142, 7478117.449510115198791 ], [ 4932682.636675326153636, 7478100.362000814639032 ], [ 4932682.643705148249865, 7478084.879401502199471 ], [ 4932682.613697485998273, 7478070.803142806515098 ], [ 4932682.579762612469494, 7478057.612853951752186 ], [ 4932682.564988666214049, 7478044.73274546302855 ], [ 4932682.531005570665002, 7478031.553530843928456 ], [ 4932682.511316479183733, 7478017.466242192313075 ], [ 4932682.497470477595925, 7478002.061072774231434 ], [ 4932682.652913817204535, 7477985.527019492350519 ], [ 4932683.109552880749106, 7477968.219062130898237 ], [ 4932684.030046842060983, 7477950.503391662612557 ], [ 4932685.566835654899478, 7477932.735078888013959 ], [ 4932687.800436994992197, 7477915.279950525611639 ], [ 4932690.575265203602612, 7477898.491711671464145 ], [ 4932693.602209313772619, 7477882.734550407156348 ], [ 4932696.653764742426574, 7477868.372928076423705 ], [ 4932699.481794962659478, 7477855.793364410288632 ], [ 4932701.88036325853318, 7477845.127844923175871 ], [ 4932704.006280895322561, 7477835.745798653922975 ], [ 4932706.03787484113127, 7477826.795252989977598 ], [ 4932708.153520290739834, 7477817.413160571828485 ], [ 4932710.572563115507364, 7477806.758805193006992 ], [ 4932713.420812428928912, 7477794.245777416042984 ], [ 4932716.747149446047843, 7477780.428035921417177 ], [ 4932720.517138377763331, 7477766.124966416507959 ], [ 4932724.68607674818486, 7477752.155909151770175 ], [ 4932729.270769201219082, 7477739.362626625224948 ], [ 4932734.186427089385688, 7477728.342784551903605 ], [ 4932739.177495503798127, 7477718.840529017150402 ], [ 4932743.95840282458812, 7477710.422675881534815 ], [ 4932748.213020738214254, 7477702.600531738251448 ], [ 4932751.655777756124735, 7477694.940913068130612 ], [ 4932754.103432619012892, 7477687.088613665662706 ], [ 4932755.811836467124522, 7477679.233039582148194 ], [ 4932757.149290213361382, 7477671.674843156710267 ], [ 4932758.473875797353685, 7477664.703556470572948 ], [ 4932760.143674581311643, 7477658.608711495064199 ], [ 4932762.445582919754088, 7477653.524476917460561 ], [ 4932765.2695537135005, 7477648.796949150972068 ], [ 4932768.423989646136761, 7477643.63896532356739 ], [ 4932771.717440142296255, 7477637.230138773098588 ], [ 4932774.937870589084923, 7477628.761066697537899 ], [ 4932777.903263579122722, 7477617.599676893092692 ], [ 4932780.428267675451934, 7477603.866972064599395 ], [ 4932782.34713554289192, 7477587.894463853910565 ], [ 4932783.483902963809669, 7477570.00254381261766 ], [ 4932783.63185447640717, 7477550.500392409041524 ], [ 4932782.688174539245665, 7477529.420778744854033 ], [ 4932780.596070471219718, 7477505.678115756250918 ], [ 4932777.382115497253835, 7477477.91031385678798 ], [ 4932773.021647970192134, 7477444.732906312681735 ], [ 4932767.55141762830317, 7477404.805997108109295 ], [ 4932761.02547593601048, 7477357.520706286653876 ], [ 4932753.833320467732847, 7477305.348448095843196 ], [ 4932746.42255824431777, 7477251.547210089862347 ], [ 4932739.230515575967729, 7477199.374936208128929 ], [ 4932732.715039192698896, 7477152.089663297869265 ], [ 4932727.224610783159733, 7477112.140480762347579 ], [ 4932722.834222507663071, 7477078.818932887166739 ], [ 4932719.478520610369742, 7477050.651776311919093 ], [ 4932717.153953839093447, 7477026.121741505339742 ], [ 4932715.795274536125362, 7477003.733434643596411 ], [ 4932715.428804568015039, 7476982.180139936506748 ], [ 4932716.272598287090659, 7476960.909081496298313 ], [ 4932718.57477311603725, 7476939.533739255741239 ], [ 4932721.38337469752878, 7476924.351486351341009 ], [ 4932722.624463140964508, 7476917.678849294781685 ], [ 4932728.659515234641731, 7476894.957844671793282 ], [ 4932736.742305671796203, 7476871.193801995366812 ], [ 4932746.131504977121949, 7476846.859651933424175 ], [ 4932755.818068105727434, 7476822.604337869212031 ], [ 4932764.864677929319441, 7476799.110347833484411 ], [ 4932772.282838001847267, 7476777.026720596477389 ], [ 4932777.300493149086833, 7476756.815182521939278 ], [ 4932780.001505103893578, 7476738.088487211614847 ], [ 4932780.64519929792732, 7476720.249742053449154 ], [ 4932779.490800902247429, 7476702.724202769808471 ], [ 4932776.807947592809796, 7476684.903945993632078 ], [ 4932772.926796976476908, 7476666.424963010475039 ], [ 4932768.389621688984334, 7476647.710499876178801 ], [ 4932763.788993995636702, 7476629.416598184034228 ], [ 4932759.758499829098582, 7476612.210556969046593 ], [ 4932756.880584856495261, 7476596.715149995870888 ], [ 4932755.686948304995894, 7476583.420028168708086 ], [ 4932756.394508514553308, 7476572.027132145129144 ], [ 4932759.169587763026357, 7476562.072054708376527 ], [ 4932764.147709128446877, 7476553.090251207351685 ], [ 4932771.495342688634992, 7476544.584088396281004 ], [ 4932781.142139894887805, 7476536.209930641576648 ], [ 4932792.246288035996258, 7476527.952970372512937 ], [ 4932803.770715540274978, 7476519.841836590319872 ], [ 4932814.667694344185293, 7476511.993712889961898 ], [ 4932823.879526492208242, 7476504.459292452782393 ], [ 4932830.553944984450936, 7476497.268030224367976 ], [ 4932834.568882875144482, 7476490.164667348377407 ], [ 4932836.018115278333426, 7476482.839524814859033 ], [ 4932834.954253015108407, 7476475.004889752715826 ], [ 4932831.471169458702207, 7476466.32893125154078 ], [ 4932825.754696218296885, 7476456.579898066818714 ], [ 4932818.482820617035031, 7476445.6721904091537 ], [ 4932810.456677966751158, 7476433.531829321756959 ], [ 4932802.477107394486666, 7476420.151285197585821 ], [ 4932795.345190623775125, 7476405.467656938359141 ], [ 4932789.697006767615676, 7476389.583436973392963 ], [ 4932785.560163269750774, 7476373.21861535962671 ], [ 4932782.77712665963918, 7476357.16988567262888 ], [ 4932781.200286449864507, 7476342.311509039252996 ], [ 4932780.682179893366992, 7476329.484522324055433 ], [ 4932781.148387721739709, 7476319.264489004388452 ], [ 4932782.816465214826167, 7476311.209378395229578 ], [ 4932785.987227724865079, 7476304.622806398198009 ], [ 4932790.930642204359174, 7476298.819326460361481 ], [ 4932797.947670405730605, 7476293.069328943267465 ], [ 4932807.112381807528436, 7476286.874770211055875 ], [ 4932817.68466080725193, 7476280.442791749723256 ], [ 4932828.697748365812004, 7476274.156730893068016 ], [ 4932839.184937126934528, 7476268.388852939009666 ], [ 4932848.210125267505646, 7476263.555860644206405 ], [ 4932855.10511886049062, 7476259.854147017002106 ], [ 4932860.559287620708346, 7476256.943444703705609 ], [ 4932865.509225743822753, 7476254.296306071802974 ], [ 4932870.95312415715307, 7476251.385554676875472 ], [ 4932877.858373099006712, 7476247.683876361697912 ], [ 4932886.94557583052665, 7476242.751462240703404 ], [ 4932897.948880047537386, 7476236.343485753983259 ], [ 4932910.345479294657707, 7476228.280433317646384 ], [ 4932923.602202414534986, 7476218.404896441847086 ], [ 4932937.196291614323854, 7476206.526289699599147 ], [ 4932950.614668777212501, 7476192.58697054348886 ], [ 4932963.290968580171466, 7476176.972057154402137 ], [ 4932974.648171979002655, 7476160.155221275053918 ], [ 4932984.150231803767383, 7476142.632466673851013 ], [ 4932991.230404038913548, 7476124.877512529492378 ], [ 4932995.558023961260915, 7476107.376195497810841 ], [ 4932997.736659023910761, 7476090.61847716383636 ], [ 4932998.626530159264803, 7476075.095451256260276 ], [ 4932999.046838086098433, 7476061.286954902112484 ], [ 4932999.847578866407275, 7476049.672961134463549 ], [ 4933001.786692395806313, 7476040.655512263998389 ], [ 4933005.24397904984653, 7476034.247360043227673 ], [ 4933010.517599241808057, 7476030.350146302953362 ], [ 4933017.915785365737975, 7476028.909855742938817 ], [ 4933027.736652038060129, 7476029.839202334173024 ], [ 4933040.10432774014771, 7476032.928306704387069 ], [ 4933054.467814758419991, 7476037.410565605387092 ], [ 4933070.102026996202767, 7476042.418935209512711 ], [ 4933086.261488424614072, 7476047.053059821948409 ], [ 4933102.241734385490417, 7476050.423842635005713 ], [ 4933117.388797107152641, 7476051.830685163848102 ], [ 4933131.363640473224223, 7476051.327470038086176 ], [ 4933143.898361060768366, 7476049.134517226368189 ], [ 4933154.735323531553149, 7476045.47219237498939 ], [ 4933163.627063064835966, 7476040.583055841736495 ], [ 4933170.316143167205155, 7476034.643174731172621 ], [ 4933174.669152940623462, 7476027.640889391303062 ], [ 4933176.563241600990295, 7476019.498136595822871 ], [ 4933175.854978456161916, 7476010.14783620275557 ], [ 4933172.431684212759137, 7475999.534117011353374 ], [ 4933166.365180100314319, 7475987.668368205428123 ], [ 4933158.588330838829279, 7475974.864792643114924 ], [ 4933150.187551682814956, 7475961.537944718264043 ], [ 4933142.31085043400526, 7475948.102652601897717 ], [ 4933136.065214132890105, 7475934.962491268292069 ], [ 4933132.362617281265557, 7475922.509102882817388 ], [ 4933131.324147752486169, 7475911.219242285937071 ], [ 4933132.855305002070963, 7475901.568712736479938 ], [ 4933136.841204567812383, 7475894.000001706182957 ], [ 4933143.207833888009191, 7475889.000075083225965 ], [ 4933151.789910841733217, 7475886.800773617811501 ], [ 4933162.179380037821829, 7475886.813327990472317 ], [ 4933173.897396708838642, 7475888.205010455101728 ], [ 4933186.475185412913561, 7475890.187438130378723 ], [ 4933199.454526924528182, 7475891.905826885253191 ], [ 4933212.294436045922339, 7475892.649002956226468 ], [ 4933224.339730178937316, 7475891.993238130584359 ], [ 4933234.86297298874706, 7475889.603087096475065 ], [ 4933243.157309531234205, 7475885.132121889851987 ], [ 4933248.495159390382469, 7475878.278123464435339 ], [ 4933250.466610426083207, 7475868.873168274760246 ], [ 4933249.849066013470292, 7475857.563019994646311 ], [ 4933247.757833670824766, 7475845.194275174289942 ], [ 4933245.257082244381309, 7475832.56900591775775 ], [ 4933243.45184607245028, 7475820.533764278516173 ], [ 4933243.263097248971462, 7475809.7681700354442 ], [ 4933244.967821165919304, 7475800.317741744220257 ], [ 4933248.648581756278872, 7475792.083168490789831 ], [ 4933254.449491275474429, 7475784.976484155282378 ], [ 4933262.453261106275022, 7475778.865151960402727 ], [ 4933272.578053969889879, 7475773.682359324768186 ], [ 4933283.972079600207508, 7475769.35790659673512 ], [ 4933295.6191949211061, 7475765.843023143708706 ], [ 4933306.472557095810771, 7475763.066656590439379 ], [ 4933315.495443722233176, 7475760.991026533767581 ], [ 4933322.020904771052301, 7475759.535680513828993 ], [ 4933326.840546587482095, 7475758.449379364028573 ], [ 4933331.074341913685203, 7475757.51554989721626 ], [ 4933335.883716383948922, 7475756.429200776852667 ], [ 4933342.419439533725381, 7475754.973891191184521 ], [ 4933351.462799795903265, 7475752.909404840320349 ], [ 4933362.469646445475519, 7475750.244421707466245 ], [ 4933374.515888102352619, 7475747.008103380911052 ], [ 4933386.687748610042036, 7475743.218584391288459 ], [ 4933398.091838913038373, 7475738.927316209301353 ], [ 4933407.906973701901734, 7475734.108545845374465 ], [ 4933415.641502506099641, 7475728.5053965235129 ], [ 4933420.947597068734467, 7475721.839473277330399 ], [ 4933423.43660924769938, 7475713.776827057823539 ], [ 4933422.709432499483228, 7475704.02776109892875 ], [ 4933418.674116875976324, 7475692.492197353392839 ], [ 4933412.26186231803149, 7475679.860861910507083 ], [ 4933404.669808936305344, 7475667.047145813703537 ], [ 4933397.064439267851412, 7475654.931082959286869 ], [ 4933390.663511484861374, 7475644.404009745456278 ], [ 4933386.459852254018188, 7475636.145854447968304 ], [ 4933384.496124820783734, 7475629.791336141526699 ], [ 4933384.65156595222652, 7475624.786182522773743 ], [ 4933386.80555980745703, 7475620.542896375991404 ], [ 4933390.796378748491406, 7475616.484874014742672 ], [ 4933396.420939459465444, 7475612.101778788492084 ], [ 4933403.125608749687672, 7475607.225055260583758 ], [ 4933410.295206638984382, 7475601.674803585745394 ], [ 4933417.293584188446403, 7475595.370706652291119 ], [ 4933423.495150960981846, 7475588.16604563780129 ], [ 4933428.366176324896514, 7475580.036329261958599 ], [ 4933431.792035389691591, 7475571.368675729259849 ], [ 4933433.729430976323783, 7475562.6723394356668 ], [ 4933434.145526644773781, 7475554.412320837378502 ], [ 4933433.017508745193481, 7475547.109038251452148 ], [ 4933430.312880402430892, 7475541.149968736805022 ], [ 4933425.990579112432897, 7475536.534931214526296 ], [ 4933420.081888959743083, 7475533.153313048183918 ], [ 4933412.546086304821074, 7475530.927409611642361 ], [ 4933403.38365635741502, 7475529.746472034603357 ], [ 4933392.708300469443202, 7475529.433798989281058 ], [ 4933381.168421620503068, 7475529.615689994767308 ], [ 4933369.505400449968874, 7475529.785956418141723 ], [ 4933358.511753965169191, 7475529.482935905456543 ], [ 4933348.939034147188067, 7475528.222638577222824 ], [ 4933341.445962576195598, 7475525.62034192122519 ], [ 4933336.196940348483622, 7475521.643546963110566 ], [ 4933333.263779641129076, 7475516.303646530024707 ], [ 4933332.71809658780694, 7475509.656331084668636 ], [ 4933334.621288759633899, 7475501.746170245110989 ], [ 4933339.003565428778529, 7475492.706194289028645 ], [ 4933345.811450568027794, 7475483.023460111580789 ], [ 4933354.949869677424431, 7475473.30666420981288 ], [ 4933366.323992936871946, 7475464.10912896040827 ], [ 4933379.859329776838422, 7475456.028564756736159 ], [ 4933395.287168585695326, 7475449.473555685020983 ], [ 4933411.736909380182624, 7475443.986204450950027 ], [ 4933428.153799211606383, 7475438.963835639879107 ], [ 4933443.52434179931879, 7475433.75965996272862 ], [ 4933456.783662030473351, 7475427.737741561606526 ], [ 4933467.092003988102078, 7475420.429258057847619 ], [ 4933474.407626111060381, 7475411.98908032849431 ], [ 4933478.893570356070995, 7475402.694799179211259 ], [ 4933480.702565290033817, 7475392.835033169016242 ], [ 4933479.987242767587304, 7475382.720548619516194 ], [ 4933477.023958216421306, 7475372.54082977771759 ], [ 4933472.562554920092225, 7475362.199490655213594 ], [ 4933467.44570346083492, 7475351.500879040919244 ], [ 4933462.567498403601348, 7475340.227419575676322 ], [ 4933458.77050883602351, 7475328.205611456185579 ], [ 4933456.783989261835814, 7475315.350056355819106 ], [ 4933456.821475059725344, 7475302.126836182549596 ], [ 4933458.942028652876616, 7475289.112102996557951 ], [ 4933463.225146796554327, 7475276.904247400350869 ], [ 4933469.72994143795222, 7475266.068345006555319 ], [ 4933478.485069235786796, 7475257.091812700033188 ], [ 4933489.264101107604802, 7475250.106551984325051 ], [ 4933501.800130320712924, 7475245.111388203687966 ], [ 4933515.785140655003488, 7475242.116041512228549 ], [ 4933530.972614496946335, 7475241.152651914395392 ], [ 4933547.02427508495748, 7475242.108984756283462 ], [ 4933563.367772514931858, 7475244.406637093052268 ], [ 4933579.359331013634801, 7475247.367221873253584 ], [ 4933594.406645414419472, 7475250.279355647042394 ], [ 4933607.886464686132967, 7475252.464746408164501 ], [ 4933619.401138387620449, 7475253.301465801894665 ], [ 4933629.608879585750401, 7475252.515527532435954 ], [ 4933639.40367322973907, 7475249.911498714238405 ], [ 4933649.699986587278545, 7475245.305108508095145 ], [ 4933661.36110204551369, 7475238.47863510530442 ], [ 4933675.023242987692356, 7475229.490232265554368 ], [ 4933690.066149928607047, 7475219.322845103219151 ], [ 4933705.601692231371999, 7475209.179746725596488 ], [ 4933720.721118131652474, 7475200.286273190751672 ], [ 4933734.536262381821871, 7475193.856779066845775 ], [ 4933746.386357423849404, 7475190.752219825983047 ], [ 4933756.540834791958332, 7475190.397884209640324 ], [ 4933765.506731972098351, 7475191.87677688524127 ], [ 4933773.801445697434247, 7475194.249796537682414 ], [ 4933781.921742468141019, 7475196.599900284782052 ], [ 4933790.250836189836264, 7475198.153521571308374 ], [ 4933798.655997128225863, 7475198.743957849219441 ], [ 4933806.860050778836012, 7475198.369999242015183 ], [ 4933814.606402363628149, 7475197.019451417028904 ], [ 4933821.648722997866571, 7475194.680165321566164 ], [ 4933827.730321863666177, 7475191.362096779979765 ], [ 4933832.860980900935829, 7475187.176038172096014 ], [ 4933837.091545147821307, 7475182.23296083509922 ], [ 4933840.462594355456531, 7475176.64379108697176 ], [ 4933842.983814952895045, 7475170.541469992138445 ], [ 4933844.706391017884016, 7475163.959445781074464 ], [ 4933845.548633150756359, 7475156.7976886453107 ], [ 4933845.439552704803646, 7475148.856541616842151 ], [ 4933844.297750918194652, 7475139.969526674598455 ], [ 4933842.041974566876888, 7475129.936941631138325 ], [ 4933838.641477943398058, 7475118.747576873749495 ], [ 4933834.350585140287876, 7475106.934134233742952 ], [ 4933829.484342858195305, 7475095.228928074240685 ], [ 4933824.327095787972212, 7475084.341989474371076 ], [ 4933819.183669513091445, 7475074.994514171034098 ], [ 4933814.33975837379694, 7475067.586444051004946 ], [ 4933809.808574192225933, 7475061.442270912230015 ], [ 4933805.645987320691347, 7475055.521202394738793 ], [ 4933801.82540640886873, 7475048.859610140323639 ], [ 4933798.39239008538425, 7475040.427731528878212 ], [ 4933795.360347282141447, 7475029.505759535357356 ], [ 4933793.015118322335184, 7475016.46041258983314 ], [ 4933791.662057445384562, 7475001.891066519543529 ], [ 4933791.606371812522411, 7474986.430321116000414 ], [ 4933793.153218380175531, 7474970.721850604750216 ], [ 4933796.536522819660604, 7474955.265044580213726 ], [ 4933801.683647689409554, 7474940.236782626248896 ], [ 4933808.491788323968649, 7474925.669838914647698 ], [ 4933816.827054365538061, 7474911.663300707936287 ], [ 4933826.545629353262484, 7474898.238687695935369 ], [ 4933837.492900709621608, 7474885.539295859634876 ], [ 4933849.411022934131324, 7474873.840869209729135 ], [ 4933861.980366693809628, 7474863.463182235136628 ], [ 4933874.891377193853259, 7474854.770353695377707 ], [ 4933887.85532240755856, 7474848.060144921764731 ], [ 4933900.686029623262584, 7474843.652914982289076 ], [ 4933913.721780990250409, 7474841.660887032747269 ], [ 4933927.41392338834703, 7474842.163551140576601 ], [ 4933942.254866286180913, 7474845.240574529394507 ], [ 4933958.675331840291619, 7474850.99350324831903 ], [ 4933976.881266169250011, 7474859.279255418106914 ], [ 4933996.034964601509273, 7474869.163889871910214 ], [ 4934015.001934178173542, 7474879.501755774952471 ], [ 4934032.688686876557767, 7474889.158461466431618 ], [ 4934047.970978519879282, 7474896.988411803729832 ], [ 4934060.010836355388165, 7474902.113056891597807 ], [ 4934069.18768756184727, 7474904.622653381898999 ], [ 4934076.177409597672522, 7474904.896690131165087 ], [ 4934081.625182863324881, 7474903.292370324954391 ], [ 4934086.206841399893165, 7474900.200253345072269 ], [ 4934090.455369927920401, 7474895.810929197818041 ], [ 4934094.361849981360137, 7474889.814263503998518 ], [ 4934097.794803353957832, 7474881.755616119131446 ], [ 4934100.602365596219897, 7474871.147033757530153 ], [ 4934102.673590296879411, 7474857.533965531736612 ], [ 4934103.95801767334342, 7474840.716844914481044 ], [ 4934104.811377693898976, 7474821.516757009550929 ], [ 4934105.752249821089208, 7474801.076665359549224 ], [ 4934107.217424768954515, 7474780.461654076352715 ], [ 4934109.705042636021972, 7474760.792448134161532 ], [ 4934113.508656455203891, 7474743.022760309278965 ], [ 4934118.257555538788438, 7474727.416775553487241 ], [ 4934123.355820033699274, 7474714.093727364204824 ], [ 4934128.26922104600817, 7474703.150968182832003 ], [ 4934132.422325761057436, 7474694.718896630220115 ], [ 4934135.445970766246319, 7474688.707310793921351 ], [ 4934137.682618416845798, 7474684.26493513584137 ], [ 4934139.660322927869856, 7474680.353027399629354 ], [ 4934141.886702878400683, 7474675.910606549121439 ], [ 4934144.910292520187795, 7474669.910093531012535 ], [ 4934149.124345984309912, 7474661.622255457565188 ], [ 4934154.443947663530707, 7474651.689064203761518 ], [ 4934160.65945986378938, 7474641.106345253065228 ], [ 4934167.55107753444463, 7474630.847730385139585 ], [ 4934174.909263141453266, 7474621.886896232143044 ], [ 4934182.576577216386795, 7474615.020548213273287 ], [ 4934190.665988412685692, 7474610.238101316615939 ], [ 4934199.321838105097413, 7474607.39620815962553 ], [ 4934208.719503737054765, 7474606.296281356364489 ], [ 4934218.993205571547151, 7474606.761704123578966 ], [ 4934230.215812576003373, 7474608.560218755155802 ], [ 4934241.979215074330568, 7474611.11416060756892 ], [ 4934253.793467612937093, 7474613.779062246903777 ], [ 4934265.137778609059751, 7474615.921398964710534 ], [ 4934275.511836869642138, 7474616.918811243027449 ], [ 4934284.507669129408896, 7474616.160415964201093 ], [ 4934292.096300521865487, 7474613.225245676003397 ], [ 4934298.340807954780757, 7474607.770255457609892 ], [ 4934303.314774208702147, 7474599.397071128711104 ], [ 4934307.091542989015579, 7474587.762691239826381 ], [ 4934309.784416363574564, 7474572.779008639976382 ], [ 4934311.707203755155206, 7474555.466269819065928 ], [ 4934313.223793084733188, 7474537.132884146645665 ], [ 4934314.728818792849779, 7474519.098468979820609 ], [ 4934316.555418630130589, 7474502.66022552549839 ], [ 4934319.089158911257982, 7474488.860860411077738 ], [ 4934322.638713679276407, 7474477.535587850958109 ], [ 4934327.554824981838465, 7474468.287231868132949 ], [ 4934334.137052722275257, 7474460.685169449076056 ], [ 4934342.726017227396369, 7474454.298954360187054 ], [ 4934353.528315847739577, 7474448.830456798896194 ], [ 4934366.276286999695003, 7474444.455710923299193 ], [ 4934380.61947855912149, 7474441.505440512672067 ], [ 4934396.187054265290499, 7474440.27705723978579 ], [ 4934412.597819117829204, 7474441.090078769251704 ], [ 4934429.492116339504719, 7474444.031545395031571 ], [ 4934446.51392917893827, 7474448.34682596847415 ], [ 4934463.298073180019855, 7474453.026529788970947 ], [ 4934479.479119648225605, 7474457.116641158238053 ], [ 4934494.681657412089407, 7474459.59665376227349 ], [ 4934508.662713880650699, 7474459.6792067643255 ], [ 4934521.525508012622595, 7474457.231851333752275 ], [ 4934533.49567614402622, 7474452.299864230677485 ], [ 4934544.809072812087834, 7474444.939640237018466 ], [ 4934555.681070496328175, 7474435.196410013362765 ], [ 4934566.121308838017285, 7474423.214189207181334 ], [ 4934568.779333173297346, 7474418.618524231016636 ], [ 4934585.17562142573297, 7474444.194658655673265 ], [ 4934589.081563700921834, 7474450.14763062261045 ], [ 4934674.780976801179349, 7474777.944927290081978 ], [ 4934716.281282075680792, 7474852.646274040453136 ] ] ] } }
]
}
