{
"type": "FeatureCollection",
"name": "5219209",
"crs": { "type": "name", "properties": { "name": "urn:ogc:def:crs:EPSG::5880" } },
"features": [
{ "type": "Feature", "properties": { "lv_id": "LOC_081089", "id": 465585.0, "CD_SETOR": "521920905000001", "SITUACAO": "Urbana", "CD_SIT": "1", "CD_TIPO": "0", "AREA_KM2": 0.52480627198792196, "CD_REGIAO": "5", "NM_REGIAO": "Centro-Oeste", "CD_UF": "52", "NM_UF": "Goiás", "CD_MUN": "5219209", "NM_MUN": "Santa Cruz de Goiás", "CD_DIST": "521920905", "NM_DIST": "Santa Cruz de Goiás", "CD_SUBDIST": "52192090500", "NM_SUBDIST": null, "CD_BAIRRO": null, "NM_BAIRRO": null, "CD_NU": null, "NM_NU": null, "CD_FCU": null, "NM_FCU": null, "CD_AGLOM": null, "NM_AGLOM": null, "CD_RGINT": "5201", "NM_RGINT": "Goiânia", "CD_RGI": "520006", "NM_RGI": "Pires do Rio", "CD_CONCURB": null, "NM_CONCURB": null, "mun_code_x": "5219209", "index_right": 23844, "dist_m": 56.202991540833061, "local_id": 838060, "ano": 2022, "cod_localidade_ibge": 5219209, "NR_ZONA": "32", "nr_cep": 75220000.0, "nm_localidade": "SANTA CRUZ DE GOIÁS", "nm_locvot": "ESCOLA ESTADUAL SENADOR ANTONIO DE RAMOS CAIADO", "ds_endereco": "PRACA IRACEMA CARNEIRO DE MENDONCA N. 06", "ds_bairro": "CENTRO", "pred_long": -48.483069, "pred_lat": -17.317101, "pred_dist": 0.0, "tse_long": -48.48318642, "tse_lat": -17.3175297, "long": -48.48318642, "lat": -17.3175297, "ID_UNICO": "LOC_081089", "SG_UF": "GO", "CD_MUNICIPIO": "95796", "NR_LOCAL_VOTACAO": "1015", "QT_SECOES_AGREGADAS": 0, "QT_ELEITORES_TRANSFERIDOS": 4, "CIRO GOMES (PDT) (NÃO ELEITO) 1T": 36.0, "CONSTITUINTE EYMAEL (DC) (NÃO ELEITO) 1T": 1.0, "FELIPE D AVILA (NOVO) (NÃO ELEITO) 1T": 0.0, "JAIR BOLSONARO (PL) (2º TURNO) 1T": 790.0, "LULA (PT) (2º TURNO) 1T": 823.0, "LÉO PÉRICLES (UP) (NÃO ELEITO) 1T": 1.0, "PADRE KELMON (PTB) (NÃO ELEITO) 1T": 1.0, "SIMONE TEBET (MDB) (NÃO ELEITO) 1T": 95.0, "SOFIA MANZANO (PCB) (NÃO ELEITO) 1T": 2.0, "SORAYA THRONICKE (UNIÃO) (NÃO ELEITO) 1T": 12.0, "VERA (PSTU) (NÃO ELEITO) 1T": 0.0, "Total_Votos_Validos 1T": 1761.0, "Votos_Brancos 1T": 14.0, "Votos_Nulos 1T": 26.0, "Abstenções 1T": 533.0, "Eleitores_Aptos 1T": 2334.0, "JAIR BOLSONARO (PL) (NÃO ELEITO) 2T": 880.0, "LULA (PT) (ELEITO) 2T": 844.0, "Total_Votos_Validos 2T": 1724.0, "Votos_Brancos 2T": 12.0, "Votos_Nulos 2T": 34.0, "Abstenções 2T": 564.0, "Eleitores_Aptos 2T": 2334.0, "mun_code_y": "5219209", "mun_code": "5219209" }, "geometry": { "type": "Polygon", "coordinates": [ [ [ 5582973.474966325797141, 8057201.744548007845879 ], [ 5582954.355921594426036, 8057224.854780972935259 ], [ 5582939.746260458603501, 8057240.730351004749537 ], [ 5582915.488629115745425, 8057250.679600709117949 ], [ 5582897.972018520347774, 8057250.450227395631373 ], [ 5582877.696371494792402, 8057244.429697273299098 ], [ 5582860.091400946490467, 8057238.910409837961197 ], [ 5582835.963244481012225, 8057235.257848173379898 ], [ 5582803.609327251091599, 8057240.403386256657541 ], [ 5582777.297941528260708, 8057259.484308751299977 ], [ 5582771.037875202484429, 8057287.87225997261703 ], [ 5582779.099893433973193, 8057322.897007049061358 ], [ 5582785.930108763277531, 8057342.424633370712399 ], [ 5582790.438833295367658, 8057357.705108536407351 ], [ 5582787.961120443418622, 8057368.350168670527637 ], [ 5582775.336109847761691, 8057374.917788362130523 ], [ 5582761.058833522722125, 8057378.34194784425199 ], [ 5582748.772640012204647, 8057373.78126685321331 ], [ 5582732.101145878434181, 8057360.818918083794415 ], [ 5582715.434383711777627, 8057348.39011512696743 ], [ 5582697.342406299896538, 8057345.519782938063145 ], [ 5582668.595866931602359, 8057362.691492552869022 ], [ 5582648.367866923101246, 8057386.422479012049735 ], [ 5582635.047679653391242, 8057415.013525620102882 ], [ 5582623.216981871984899, 8057427.03958614077419 ], [ 5582600.624676945619285, 8057434.316445470787585 ], [ 5582566.416677789762616, 8057436.701871975325048 ], [ 5582530.505294058471918, 8057433.054445584304631 ], [ 5582507.874249534681439, 8057437.875120636075735 ], [ 5582491.246733854524791, 8057447.515213458798826 ], [ 5582480.166229235008359, 8057463.466630751267076 ], [ 5582465.623819621279836, 8057479.484291257336736 ], [ 5582446.100746858865023, 8057492.632132658734918 ], [ 5582425.013020960614085, 8057500.877245964482427 ], [ 5582406.293426668271422, 8057503.1614158032462 ], [ 5582384.469557913951576, 8057497.618530600331724 ], [ 5582364.684639877639711, 8057494.996715730056167 ], [ 5582344.96336474455893, 8057496.809315384365618 ], [ 5582329.376715146005154, 8057509.39903880096972 ], [ 5582324.6752999573946, 8057523.276682609692216 ], [ 5582330.947428000159562, 8057543.365194024518132 ], [ 5582342.151221236214042, 8057563.878884952515364 ], [ 5582345.463859411887825, 8057584.508387994021177 ], [ 5582346.604003397747874, 8057607.924405539408326 ], [ 5582336.878440372645855, 8057631.475077795796096 ], [ 5582322.852190973237157, 8057648.45613572653383 ], [ 5582295.894802246242762, 8057660.249884675256908 ], [ 5582256.381392861716449, 8057665.489036075770855 ], [ 5582211.086271426640451, 8057662.533317945897579 ], [ 5582177.289942918345332, 8057666.31816104799509 ], [ 5582159.449227075092494, 8057685.154336269013584 ], [ 5582131.96729864180088, 8057712.72881634440273 ], [ 5582106.996133341453969, 8057728.945862879045308 ], [ 5582077.34401804767549, 8057729.787272551096976 ], [ 5582040.167451650835574, 8057713.911638882011175 ], [ 5581991.482231497764587, 8057691.317735749296844 ], [ 5581949.989157721400261, 8057672.753117768093944 ], [ 5581906.995432374067605, 8057664.093571100383997 ], [ 5581871.938112385571003, 8057673.551151339896023 ], [ 5581842.801211378537118, 8057692.711617959663272 ], [ 5581832.303218258544803, 8057721.20948226749897 ], [ 5581830.317940056324005, 8057750.885845272801816 ], [ 5581844.541313502006233, 8057804.067592430859804 ], [ 5581845.65247911028564, 8057843.528077390044928 ], [ 5581832.804918464273214, 8057889.015571496449411 ], [ 5581810.12433247640729, 8057936.197611350566149 ], [ 5581791.507405709475279, 8057977.625828922726214 ], [ 5581772.084587968885899, 8058040.224248809739947 ], [ 5581756.614619226194918, 8058092.835960244759917 ], [ 5581734.175989886745811, 8058148.471877527423203 ], [ 5581719.673218727111816, 8058185.545637352392077 ], [ 5581696.951335223391652, 8058231.316502814181149 ], [ 5581668.217641472816467, 8058264.57397093065083 ], [ 5581654.296906242147088, 8058279.716687987558544 ], [ 5581631.79818956181407, 8058291.414465262554586 ], [ 5581604.112139955163002, 8058296.000923007726669 ], [ 5581578.834002440795302, 8058290.81190993078053 ], [ 5581555.154185289517045, 8058277.627385980449617 ], [ 5581528.052887197583914, 8058254.434558786451817 ], [ 5581499.297365332022309, 8058236.915071341209114 ], [ 5581475.131111341528594, 8058231.960874910466373 ], [ 5581455.474226909689605, 8058230.857527980580926 ], [ 5581429.939712648279965, 8058234.881668427959085 ], [ 5581406.204300442710519, 8058239.765821734443307 ], [ 5581389.316239453852177, 8058250.368290342390537 ], [ 5581372.076939429156482, 8058267.251527585089207 ], [ 5581356.985824239440262, 8058278.269338447600603 ], [ 5581343.982520505785942, 8058279.83226624969393 ], [ 5581331.837062710896134, 8058278.702177284285426 ], [ 5581320.475691366009414, 8058270.823026049882174 ], [ 5581305.91254792176187, 8058259.855953163467348 ], [ 5581288.770460419356823, 8058255.667208692990243 ], [ 5581272.104315145872533, 8058253.25483032874763 ], [ 5581253.749209405854344, 8058257.161609436385334 ], [ 5581234.548973839730024, 8058264.205735000781715 ], [ 5581217.217017790302634, 8058275.265496946871281 ], [ 5581187.794444215483963, 8058313.43381823785603 ], [ 5581156.437218157574534, 8058353.803394876420498 ], [ 5581127.338903450407088, 8058374.373213599435985 ], [ 5581081.276573571376503, 8058394.006561800837517 ], [ 5581039.036090031266212, 8058399.432243065908551 ], [ 5580996.52360381372273, 8058394.992668348364532 ], [ 5580946.477244450710714, 8058373.847225092351437 ], [ 5580911.391663769260049, 8058359.377096048556268 ], [ 5580875.45056120865047, 8058336.181450240314007 ], [ 5580850.771443639881909, 8058321.479481521993876 ], [ 5580827.717278552241623, 8058298.959285816177726 ], [ 5580811.84534406568855, 8058270.851900993846357 ], [ 5580799.985328740440309, 8058241.473166979849339 ], [ 5580786.19139617215842, 8058215.429759817197919 ], [ 5580771.760954027064145, 8058205.003397656604648 ], [ 5580750.32284299749881, 8058201.804676486179233 ], [ 5580728.022602520883083, 8058200.409563902765512 ], [ 5580697.7632119320333, 8058202.700407030060887 ], [ 5580662.328658612444997, 8058209.053182480856776 ], [ 5580618.793637829832733, 8058229.002146710641682 ], [ 5580580.967467483133078, 8058256.481074512004852 ], [ 5580552.026997834444046, 8058285.917683641426265 ], [ 5580517.607487235218287, 8058316.600855832919478 ], [ 5580485.648303063586354, 8058356.030082589946687 ], [ 5580461.144962979480624, 8058386.439986538141966 ], [ 5580432.42603787407279, 8058420.661862192675471 ], [ 5580416.131039843894541, 8058448.668390648439527 ], [ 5580404.078415649011731, 8058479.744213911704719 ], [ 5580384.695579105056822, 8058511.986222536303103 ], [ 5580372.83177154418081, 8058530.726621868088841 ], [ 5580359.571338226087391, 8058544.848544863983989 ], [ 5580330.784697519615293, 8058565.207833741791546 ], [ 5580308.69501971732825, 8058573.41213977150619 ], [ 5580292.967225345782936, 8058577.431644329801202 ], [ 5580280.638169600628316, 8058582.143148506060243 ], [ 5580272.833753352053463, 8058587.903536115773022 ], [ 5580265.508968957699835, 8058599.287042144685984 ], [ 5580256.708408806473017, 8058612.569537745788693 ], [ 5580247.100077981129289, 8058622.873286670073867 ], [ 5580209.701274260878563, 8058641.56673086155206 ], [ 5580164.845786413177848, 8058655.893021693453193 ], [ 5580147.324476334266365, 8058658.507290255278349 ], [ 5580112.19275140017271, 8058660.992172940634191 ], [ 5580083.070831716991961, 8058660.725500056520104 ], [ 5580057.303986804559827, 8058657.394192513078451 ], [ 5580018.445631476119161, 8058646.97753591556102 ], [ 5580000.339806489646435, 8058643.271138408221304 ], [ 5579977.260868092998862, 8058642.897995963692665 ], [ 5579948.588663964532316, 8058644.608390314504504 ], [ 5579914.898269583471119, 8058648.819432951509953 ], [ 5579884.229527843184769, 8058644.24963033106178 ], [ 5579847.741156684234738, 8058626.782734218984842 ], [ 5579810.77011620439589, 8058602.836701054126024 ], [ 5579786.119522137567401, 8058592.457686706446111 ], [ 5579762.041283174417913, 8058587.232131475582719 ], [ 5579727.111217736266553, 8058580.782872207462788 ], [ 5579691.171105445362628, 8058570.593475294299424 ], [ 5579681.596514610573649, 8058560.89467850048095 ], [ 5579676.18116417247802, 8058546.896486626006663 ], [ 5579666.973745760507882, 8058531.083414401859045 ], [ 5579657.879973823204637, 8058521.848927401006222 ], [ 5579648.41873025149107, 8058518.717601681128144 ], [ 5579631.446983471512794, 8058517.135366229340434 ], [ 5579614.566425865516067, 8058520.2311698095873 ], [ 5579600.081931308843195, 8058526.115706582553685 ], [ 5579584.70370446331799, 8058535.305602166801691 ], [ 5579566.075639953836799, 8058538.973908351734281 ], [ 5579533.199578292667866, 8058533.377263148315251 ], [ 5579498.96066327393055, 8058518.013540330342948 ], [ 5579466.073653180152178, 8058491.948997966945171 ], [ 5579425.191438301466405, 8058462.366421760991216 ], [ 5579394.605009727180004, 8058433.512112556025386 ], [ 5579370.710862506181002, 8058423.933817600831389 ], [ 5579341.933619182556868, 8058422.70020782481879 ], [ 5579306.25073213968426, 8058431.914799261838198 ], [ 5579255.862605769187212, 8058429.242391450330615 ], [ 5579211.193483732640743, 8058411.030262218788266 ], [ 5579174.245041329413652, 8058375.186658326536417 ], [ 5579130.623293462209404, 8058321.089298272505403 ], [ 5579089.952915134839714, 8058262.80502450093627 ], [ 5579047.379921881482005, 8058209.700481144711375 ], [ 5579003.07971930783242, 8058167.918813339434564 ], [ 5578957.943815871141851, 8058133.332014802843332 ], [ 5578916.05792089458555, 8058116.185091610066593 ], [ 5578879.105064302682877, 8058108.069298882968724 ], [ 5578841.574826134368777, 8058109.131048766896129 ], [ 5578805.616591014899313, 8058106.823564651422203 ], [ 5578762.800854716449976, 8058098.041331145912409 ], [ 5578727.551537798717618, 8058091.533159500919282 ], [ 5578707.610470838844776, 8058094.604582986794412 ], [ 5578692.88352879229933, 8058105.020375085994601 ], [ 5578677.894271403551102, 8058126.350214343518019 ], [ 5578665.947202984243631, 8058146.681437067687511 ], [ 5578634.910827120766044, 8058170.893465592525899 ], [ 5578607.170770502649248, 8058193.332451170310378 ], [ 5578582.458949970081449, 8058216.518692345358431 ], [ 5578567.897916438989341, 8058232.755323483608663 ], [ 5578528.373885094188154, 8058252.2066018152982 ], [ 5578493.056542304344475, 8058272.371443846262991 ], [ 5578472.621781418099999, 8058287.941926280967891 ], [ 5578444.422859113663435, 8058323.735002227127552 ], [ 5578419.39114956650883, 8058353.600725112482905 ], [ 5578391.157309591770172, 8058388.549714556895196 ], [ 5578362.000516703352332, 8058420.200784215703607 ], [ 5578326.08120365999639, 8058448.709567233920097 ], [ 5578278.506985705345869, 8058478.384864157997072 ], [ 5578228.247623170726001, 8058501.466033393517137 ], [ 5578187.75204904563725, 8058515.941148209385574 ], [ 5578145.237369817681611, 8058534.509527830407023 ], [ 5578113.16902768611908, 8058545.675414991565049 ], [ 5578087.677470304071903, 8058554.963638300076127 ], [ 5578056.272377205081284, 8058566.288369098678231 ], [ 5578027.085300546139479, 8058575.28173410333693 ], [ 5577994.372080114670098, 8058575.381472654640675 ], [ 5577962.66057834867388, 8058568.126027755439281 ], [ 5577928.103452365845442, 8058560.940620800480247 ], [ 5577889.260241339914501, 8058546.528681520372629 ], [ 5577866.826427467167377, 8058534.105510842055082 ], [ 5577848.304969331249595, 8058515.044638992287219 ], [ 5577820.171817757189274, 8058503.595631492324173 ], [ 5577798.857823669910431, 8058501.757818508893251 ], [ 5577770.771238048560917, 8058491.941722868941724 ], [ 5577748.314131042920053, 8058478.696423632092774 ], [ 5577728.449097542092204, 8058470.280045170336962 ], [ 5577695.828851217404008, 8058464.684484818950295 ], [ 5577658.690582173876464, 8058452.669464180245996 ], [ 5577631.584254398941994, 8058448.53971728309989 ], [ 5577601.393982025794685, 8058451.035048393532634 ], [ 5577568.575806987471879, 8058447.068122884258628 ], [ 5577520.740596981719136, 8058432.912072064355016 ], [ 5577476.407613737508655, 8058426.816380618140101 ], [ 5577429.831239308230579, 8058428.133288105949759 ], [ 5577378.535845114849508, 8058436.121758031658828 ], [ 5577337.225391509011388, 8058450.351461872458458 ], [ 5577298.529589409939945, 8058470.209842926822603 ], [ 5577268.078890499658883, 8058492.301216965541244 ], [ 5577238.375744569115341, 8058511.914240103214979 ], [ 5577204.215401651337743, 8058519.402695817872882 ], [ 5577169.914092353545129, 8058521.191807591356337 ], [ 5577130.486368460580707, 8058514.966673880815506 ], [ 5577083.174603130668402, 8058519.572233514860272 ], [ 5577036.969383840449154, 8058533.940680852159858 ], [ 5576996.638115395791829, 8058553.844944641925395 ], [ 5576961.692284511402249, 8058561.366442169062793 ], [ 5576933.698966542258859, 8058554.815195278264582 ], [ 5576909.468338799662888, 8058536.72795731574297 ], [ 5576875.931045002304018, 8058507.477013633586466 ], [ 5576848.464514937251806, 8058490.304600482806563 ], [ 5576817.578084109351039, 8058468.326760305091739 ], [ 5576787.003732312470675, 8058456.946074337698519 ], [ 5576756.43397903162986, 8058454.692662646993995 ], [ 5576726.380135071463883, 8058456.382332441397011 ], [ 5576702.141208083368838, 8058452.192001557908952 ], [ 5576669.521071594208479, 8058452.564983430318534 ], [ 5576646.723210912197828, 8058448.233502288348973 ], [ 5576619.967022753320634, 8058440.712819473817945 ], [ 5576601.549665098078549, 8058434.611193031072617 ], [ 5576578.720888906158507, 8058429.191018977202475 ], [ 5576554.345486144535244, 8058427.672603079117835 ], [ 5576519.626671535894275, 8058431.962852761149406 ], [ 5576494.209960947744548, 8058432.686375886201859 ], [ 5576473.162804991938174, 8058431.628993974998593 ], [ 5576458.105003060773015, 8058427.088121026754379 ], [ 5576445.208461700007319, 8058420.82922756485641 ], [ 5576431.461042827926576, 8058415.661818482913077 ], [ 5576419.453408680856228, 8058416.003588198684156 ], [ 5576410.350047929212451, 8058419.086511082015932 ], [ 5575776.845736511982977, 8058613.838990860618651 ], [ 5575756.583363418467343, 8058622.463915116153657 ], [ 5575727.318319744430482, 8058635.480348480865359 ], [ 5575705.583178350701928, 8058648.371639256365597 ], [ 5575690.138916647061706, 8058662.407050475478172 ], [ 5575674.114357938989997, 8058679.582890749908984 ], [ 5575656.202578268945217, 8058696.156426668167114 ], [ 5575636.340114926919341, 8058708.394053651951253 ], [ 5575602.244227577000856, 8058721.92551995255053 ], [ 5575556.511175545863807, 8058739.500753566622734 ], [ 5575526.92133557330817, 8058751.191965727135539 ], [ 5575496.634194548241794, 8058770.140261814929545 ], [ 5575465.203233619220555, 8058780.983172545209527 ], [ 5575428.834134398959577, 8058809.153548115864396 ], [ 5575383.171948488801718, 8058837.854613043367863 ], [ 5575350.117813515476882, 8058855.536020875908434 ], [ 5575325.870219118893147, 8058860.782772727310658 ], [ 5575302.979135356843472, 8058859.90985291544348 ], [ 5575274.553606966510415, 8058852.345886377617717 ], [ 5575249.831567730754614, 8058840.863514586351812 ], [ 5575225.325341704301536, 8058836.990272502414882 ], [ 5575187.909480167552829, 8058835.006640018895268 ], [ 5575156.372367355972528, 8058825.251867260783911 ], [ 5575112.452592937275767, 8058808.989331994205713 ], [ 5575063.795294593088329, 8058786.780133187770844 ], [ 5575017.485312738455832, 8058766.783234180882573 ], [ 5574962.84174189157784, 8058748.545867417007685 ], [ 5574901.425959733314812, 8058733.546700982376933 ], [ 5574870.104488648474216, 8058731.389582454226911 ], [ 5574847.170450972393155, 8058728.994380326010287 ], [ 5574834.872595473192632, 8058729.599090273492038 ], [ 5574820.346963528543711, 8058725.831281332299113 ], [ 5574812.961959454230964, 8058719.448404991999269 ], [ 5574806.630378743633628, 8058708.24415142647922 ], [ 5574800.869971245527267, 8058695.823039291426539 ], [ 5574787.357093270868063, 8058685.422904914245009 ], [ 5574776.083178134635091, 8058676.415571802295744 ], [ 5574754.206131965853274, 8058666.697465024888515 ], [ 5574699.113765112124383, 8058648.727984920144081 ], [ 5574659.049632951617241, 8058633.889471878297627 ], [ 5574624.271827479824424, 8058617.366760476492345 ], [ 5574597.309096430428326, 8058602.156451962888241 ], [ 5574565.384904248639941, 8058578.715706925839186 ], [ 5574536.981434131041169, 8058571.906266508623958 ], [ 5574514.176950493827462, 8058574.076205935329199 ], [ 5574492.190769086591899, 8058578.501907060854137 ], [ 5574456.401309521868825, 8058580.273021517321467 ], [ 5574428.385497183538973, 8058587.148667512461543 ], [ 5574405.074864984489977, 8058598.459937239065766 ], [ 5574372.483428326435387, 8058605.476378566585481 ], [ 5574344.575137763284147, 8058616.15087144356221 ], [ 5574305.79225551802665, 8058619.529619969427586 ], [ 5574262.261414811015129, 8058616.961896305903792 ], [ 5574235.88189244735986, 8058627.592872673645616 ], [ 5574221.249483766034245, 8058649.319066263735294 ], [ 5574213.001524942927063, 8058681.503230104222894 ], [ 5574197.518129447475076, 8058700.196330004371703 ], [ 5574177.125368928536773, 8058706.86656289268285 ], [ 5574160.306991961784661, 8058705.053219421766698 ], [ 5574145.631727343425155, 8058698.621138544753194 ], [ 5574139.36681906785816, 8058694.262986365705729 ], [ 5574124.636484921909869, 8058684.008205140940845 ], [ 5574096.229367258027196, 8058651.918195074424148 ], [ 5574067.729515328072011, 8058614.672513380646706 ], [ 5574041.728070357814431, 8058584.982269008643925 ], [ 5574013.357592029497027, 8058552.301986227743328 ], [ 5574001.923540310002863, 8058525.233790108934045 ], [ 5573996.428690234199166, 8058496.274132230319083 ], [ 5574004.181296105496585, 8058473.987176280468702 ], [ 5574002.038974077440798, 8058451.980670210905373 ], [ 5573981.302634907886386, 8058419.851105127483606 ], [ 5573967.888013429939747, 8058376.863949472084641 ], [ 5573953.859610837884247, 8058339.219232242554426 ], [ 5573931.260933061130345, 8058294.969363009557128 ], [ 5573905.205790957435966, 8058262.990549933165312 ], [ 5573867.910151641815901, 8058238.178344674408436 ], [ 5573822.356270469725132, 8058218.15808133315295 ], [ 5573758.896906681358814, 8058182.670052201487124 ], [ 5573713.881903643719852, 8058154.274407820776105 ], [ 5573655.387684371322393, 8058107.995469046756625 ], [ 5573626.555232413113117, 8058085.989264119416475 ], [ 5573602.449141628108919, 8058069.174149367958307 ], [ 5573563.990832641720772, 8058057.323533756658435 ], [ 5573529.623601551167667, 8058055.251028912141919 ], [ 5573496.171596571803093, 8058058.488661839626729 ], [ 5573462.191452797502279, 8058070.101107021793723 ], [ 5573439.919676934368908, 8058091.086939739063382 ], [ 5573413.383846164681017, 8058113.082842888310552 ], [ 5573378.807084450498223, 8058128.024834767915308 ], [ 5573341.901448051445186, 8058146.65680006146431 ], [ 5573314.860269660130143, 8058176.715446230955422 ], [ 5573291.70977951399982, 8058214.734724995680153 ], [ 5573285.221905332058668, 8058244.94507834687829 ], [ 5573273.060091696679592, 8058281.919474619440734 ], [ 5573250.620855533517897, 8058319.173674248158932 ], [ 5573222.176284960471094, 8058351.472942494787276 ], [ 5573196.579269110225141, 8058380.767809268087149 ], [ 5573168.606543119065464, 8058412.47551529482007 ], [ 5573129.874255980364978, 8058461.618713400326669 ], [ 5573095.362270317040384, 8058498.05809441767633 ], [ 5573072.209087139926851, 8058530.751980771310627 ], [ 5573054.917946254834533, 8058567.848964130505919 ], [ 5573035.17182410415262, 8058599.290208633057773 ], [ 5572999.555667576380074, 8058636.905568047426641 ], [ 5572980.003298379480839, 8058675.211416801437736 ], [ 5572973.020871317945421, 8058712.016603272408247 ], [ 5572962.307596294209361, 8058738.622035427019 ], [ 5572937.920818832702935, 8058767.915410140529275 ], [ 5572893.163283969275653, 8058806.934026932343841 ], [ 5572859.547583040781319, 8058834.142627865076065 ], [ 5572809.454520934261382, 8058887.041081439703703 ], [ 5572779.17250844091177, 8058910.775702502578497 ], [ 5572721.467347291298211, 8058937.57566904835403 ], [ 5572661.113738199695945, 8058951.866132793016732 ], [ 5572635.31191595364362, 8058957.409086401574314 ], [ 5572603.934447434730828, 8058957.028752901591361 ], [ 5572578.869111669249833, 8058953.279450779780746 ], [ 5572558.795188788324594, 8058944.920111651532352 ], [ 5572527.627633724361658, 8058933.906141553074121 ], [ 5572485.907068475149572, 8058917.932175597175956 ], [ 5572432.773324029520154, 8058903.414585487917066 ], [ 5572371.871426893398166, 8058898.276550652459264 ], [ 5572320.390050851739943, 8058902.021217656321824 ], [ 5572281.607981585897505, 8058908.842027764767408 ], [ 5572247.218803651630878, 8058908.66854705568403 ], [ 5572205.724137465469539, 8058900.691723023541272 ], [ 5572166.748397101648152, 8058900.647675547748804 ], [ 5572124.494079780764878, 8058906.421237010508776 ], [ 5572075.692851740866899, 8058923.818638334050775 ], [ 5572014.353249366395175, 8058943.848877901211381 ], [ 5571967.877392610535026, 8058962.325314017012715 ], [ 5571916.13119004946202, 8058975.903469808399677 ], [ 5571863.157734491862357, 8058993.81824950221926 ], [ 5571833.202149551361799, 8059011.083114859648049 ], [ 5571814.07700761873275, 8059032.977981308475137 ], [ 5571799.037176855839789, 8059053.923758743330836 ], [ 5568031.926775313913822, 8058276.685661423951387 ], [ 5568012.607358377426863, 8058300.093176732771099 ], [ 5567810.150219637900591, 8058323.390323778614402 ], [ 5567688.490318668074906, 8058318.753640154376626 ], [ 5567283.683101898059249, 8058304.276758264750242 ], [ 5567142.315411053597927, 8058381.734694646671414 ], [ 5567111.875012086704373, 8058387.833924932405353 ], [ 5566973.200441787019372, 8058376.599825321696699 ], [ 5566941.227000999264419, 8058385.631818890571594 ], [ 5566910.051200355403125, 8058415.972598635591567 ], [ 5566763.114121255464852, 8058664.132096468470991 ], [ 5566761.82230609934777, 8058684.821308232843876 ], [ 5566956.158971212804317, 8059508.218451859429479 ], [ 5567001.067261938937008, 8059630.413575413636863 ], [ 5567285.714378994889557, 8060236.450926326215267 ], [ 5567372.686794770881534, 8060296.054076095111668 ], [ 5568649.987605233676732, 8060961.694949094206095 ], [ 5568692.854507155716419, 8060973.820937239564955 ], [ 5569581.178810122422874, 8060921.153880981728435 ], [ 5569616.818014223128557, 8060934.715009495615959 ], [ 5569628.378495466895401, 8060972.174241947010159 ], [ 5569802.230674853548408, 8061295.674478066153824 ], [ 5569932.282012070529163, 8061499.471841854974627 ], [ 5570002.290800002403557, 8061952.02613281365484 ], [ 5570041.199877316132188, 8062094.944120928645134 ], [ 5570173.020637082867324, 8062438.90197457652539 ], [ 5570202.869856540113688, 8062531.217771827243268 ], [ 5570272.363050994463265, 8062774.412781368941069 ], [ 5570286.803746690042317, 8062835.702478001825511 ], [ 5570289.722977770492435, 8062951.118691478855908 ], [ 5570280.073959916830063, 8062978.802509166300297 ], [ 5569784.620027465745807, 8063530.338077231310308 ], [ 5569699.375302059575915, 8063599.048852258361876 ], [ 5569649.086375406943262, 8063653.383633731864393 ], [ 5569090.083179978653789, 8064442.867532519623637 ], [ 5568419.096117806620896, 8065379.238517838530242 ], [ 5568153.82024232763797, 8065753.101012961007655 ], [ 5567542.24494331330061, 8066602.553201273083687 ], [ 5567494.257910871878266, 8066669.864078480750322 ], [ 5567474.013382649980485, 8066864.231956453062594 ], [ 5567461.463638868182898, 8067098.668483546003699 ], [ 5567454.756083725951612, 8067155.523606553673744 ], [ 5567379.602651541121304, 8067239.820233054459095 ], [ 5567281.350562968291342, 8067356.206681289710104 ], [ 5566654.468371205963194, 8067801.456770688295364 ], [ 5566477.09292286913842, 8067925.241773441433907 ], [ 5566428.471748840995133, 8067902.696381855756044 ], [ 5566279.394755364395678, 8067851.755725271999836 ], [ 5566074.768207557499409, 8067821.166659007780254 ], [ 5565918.028674083761871, 8067801.237934845499694 ], [ 5565705.937682014890015, 8067774.354453385807574 ], [ 5565696.975662895478308, 8067785.807901392690837 ], [ 5565697.770856494084001, 8067804.882113492116332 ], [ 5565729.038407361134887, 8067959.773670963943005 ], [ 5565723.211049150675535, 8067999.528805209323764 ], [ 5565699.826564247719944, 8068020.653309850953519 ], [ 5565632.768013163469732, 8068071.835886500775814 ], [ 5565566.453823102638125, 8068115.7613285491243 ], [ 5565505.03045461140573, 8068171.610809919424355 ], [ 5565289.961496266536415, 8068238.30716388579458 ], [ 5565257.725652632303536, 8068261.888663279823959 ], [ 5565190.914112215861678, 8068350.810033287853003 ], [ 5565154.116009600460529, 8068386.222369683906436 ], [ 5565128.458425792865455, 8068470.343973215669394 ], [ 5565146.076804808340967, 8068575.950768451206386 ], [ 5565154.49735486600548, 8068600.926622075028718 ], [ 5565159.969351403415203, 8068648.003781639039516 ], [ 5565151.991163237020373, 8068688.462695219554007 ], [ 5565132.41044338606298, 8068739.491916287690401 ], [ 5565112.084339874796569, 8069217.847852527163923 ], [ 5564882.402409574016929, 8069591.511716978624463 ], [ 5564593.105738678947091, 8069859.282346368767321 ], [ 5564528.279127701185644, 8069918.877537815831602 ], [ 5563757.824705109000206, 8070325.055985975079238 ], [ 5563588.110133646056056, 8070565.355105204507709 ], [ 5563373.946950662881136, 8070869.057163028046489 ], [ 5563062.565666585229337, 8071200.314925112761557 ], [ 5562821.905106687918305, 8071381.096006931737065 ], [ 5562775.537941474467516, 8071758.325443096458912 ], [ 5562765.319808105938137, 8071874.824530232697725 ], [ 5562767.774514985270798, 8071933.432243471033871 ], [ 5562772.041009688749909, 8071959.012135351076722 ], [ 5562845.711390021257102, 8072397.429199826903641 ], [ 5562908.319567253813148, 8072739.574580037966371 ], [ 5562986.055333108641207, 8073096.674941329285502 ], [ 5562979.919521616771817, 8073128.299323850311339 ], [ 5562953.119982049800456, 8073589.872765203006566 ], [ 5562986.815977774560452, 8073587.187530462630093 ], [ 5563092.318995171226561, 8073577.675932831130922 ], [ 5563524.027617637068033, 8073534.232243596576154 ], [ 5563645.952216660603881, 8073522.197029180824757 ], [ 5563663.569660483859479, 8073527.168135387822986 ], [ 5563687.048719961196184, 8073544.970846090465784 ], [ 5564158.924995584413409, 8073852.897043255157769 ], [ 5564331.493349874392152, 8073973.67408614885062 ], [ 5564351.154311887919903, 8073989.870151367038488 ], [ 5564361.36721824016422, 8074005.082401637919247 ], [ 5564366.897362478077412, 8074018.601175255142152 ], [ 5564363.32566169090569, 8074037.517765074037015 ], [ 5564364.337634820491076, 8074061.087190583348274 ], [ 5564373.855986846610904, 8074094.669697008095682 ], [ 5564390.879710201174021, 8074114.706667961552739 ], [ 5564407.752345883287489, 8074129.268055113963783 ], [ 5564426.940544647164643, 8074141.042240208014846 ], [ 5564451.354833555407822, 8074143.75765426363796 ], [ 5564473.274056818336248, 8074143.140767501667142 ], [ 5564487.059258237481117, 8074140.225529367104173 ], [ 5564499.007122505456209, 8074150.488038453273475 ], [ 5564518.176077399402857, 8074161.562439527362585 ], [ 5564561.013481991365552, 8074185.309686401858926 ], [ 5564599.766733299940825, 8074198.232460199855268 ], [ 5564699.485339052975178, 8074226.742728389799595 ], [ 5564722.37894453946501, 8074248.317896590568125 ], [ 5564746.295512043870986, 8074272.665795248933136 ], [ 5564748.912863756529987, 8074284.275480605661869 ], [ 5564852.562854841351509, 8074269.149409770965576 ], [ 5564966.669466860592365, 8074242.62945369631052 ], [ 5565126.286106957122684, 8074192.252383110113442 ], [ 5565220.849335015751421, 8074134.226219307631254 ], [ 5565336.640922769904137, 8074034.074061510153115 ], [ 5565447.798542772419751, 8073946.731753010302782 ], [ 5565557.099257845431566, 8073892.630313575267792 ], [ 5565634.906124432571232, 8073856.66257309820503 ], [ 5565720.503731369040906, 8073792.145608386956155 ], [ 5565765.142235739156604, 8073760.286130297929049 ], [ 5565800.480062020942569, 8073730.084751578047872 ], [ 5565883.496831448748708, 8073704.519879856146872 ], [ 5565922.075637574307621, 8073685.010313572362065 ], [ 5565973.242655027657747, 8073634.728912914171815 ], [ 5566050.01816754322499, 8073546.978741747327149 ], [ 5566082.357237552292645, 8073524.862861697562039 ], [ 5566197.755064616911113, 8073453.025358971208334 ], [ 5566373.24301971308887, 8073345.284444836899638 ], [ 5566458.271122622303665, 8073268.062688475474715 ], [ 5566499.108575579710305, 8073225.746648762375116 ], [ 5566544.662764254957438, 8073161.035231607034802 ], [ 5566555.048657100647688, 8073095.354505230672657 ], [ 5566624.232388806529343, 8072981.323179999366403 ], [ 5566699.571200062520802, 8072902.945819735527039 ], [ 5566729.257700430229306, 8072855.792032853700221 ], [ 5566794.70311370305717, 8072756.180176079273224 ], [ 5566803.858872902579606, 8072725.936160126700997 ], [ 5566822.393798345699906, 8072689.607092401012778 ], [ 5566855.598003382794559, 8072640.12099729757756 ], [ 5566885.379690074361861, 8072636.292562340386212 ], [ 5566921.265135989524424, 8072643.988103901036084 ], [ 5566937.01395265199244, 8072647.896800654940307 ], [ 5566954.049031712114811, 8072640.29848114028573 ], [ 5566967.80792910605669, 8072630.734778951853514 ], [ 5566983.224848106503487, 8072607.352795843966305 ], [ 5567011.416314668953419, 8072579.936603216454387 ], [ 5567061.588591607287526, 8072531.579151688143611 ], [ 5567079.284171598032117, 8072522.117140403017402 ], [ 5567094.748096353374422, 8072532.236119970679283 ], [ 5567120.362448805943131, 8072534.947910092771053 ], [ 5567138.323449929244816, 8072535.815980084240437 ], [ 5567161.590367028489709, 8072524.820717210881412 ], [ 5567175.895014234818518, 8072518.454065710306168 ], [ 5567190.71747272927314, 8072521.932561721652746 ], [ 5567202.284377316012979, 8072532.615531298331916 ], [ 5567215.060714168474078, 8072537.073481389321387 ], [ 5567227.463346943259239, 8072536.495319776237011 ], [ 5567291.609451093710959, 8072536.135047169402242 ], [ 5567324.818267786875367, 8072541.247653065249324 ], [ 5567366.326789449900389, 8072553.865953326225281 ], [ 5567397.658441634848714, 8072552.639146391302347 ], [ 5567428.411565092392266, 8072543.213906470686197 ], [ 5567473.583956031128764, 8072510.878431458957493 ], [ 5567518.877769105136395, 8072474.115397199057043 ], [ 5567610.192004158161581, 8072497.575283348560333 ], [ 5567731.825226704590023, 8072541.522418053820729 ], [ 5567766.194805989041924, 8072561.619392573833466 ], [ 5567775.884814418852329, 8072578.212342460639775 ], [ 5567775.439603991806507, 8072603.135047088377178 ], [ 5567784.492768825031817, 8072637.753178609535098 ], [ 5567796.796708272770047, 8072665.000079148449004 ], [ 5567823.007950585335493, 8072695.305930364876986 ], [ 5567869.45093363430351, 8072722.859058766625822 ], [ 5567909.494103024713695, 8072739.730125581845641 ], [ 5567976.925617083907127, 8072733.98541612084955 ], [ 5567991.703918246552348, 8072740.454796200618148 ], [ 5568036.092751243151724, 8072800.05596686527133 ], [ 5568090.278519801795483, 8072843.355514902621508 ], [ 5568118.486166669987142, 8072849.451061248779297 ], [ 5568148.607170809991658, 8072868.532119550742209 ], [ 5568195.781101733446121, 8072906.668882705271244 ], [ 5568208.509879475459456, 8072922.021152533590794 ], [ 5568220.685521425679326, 8072926.273032040335238 ], [ 5568257.456603838130832, 8072935.953881215304136 ], [ 5568308.027788000181317, 8072931.444636952131987 ], [ 5568407.9040666827932, 8072892.959632430225611 ], [ 5568461.926130026578903, 8072861.142323376610875 ], [ 5568491.311035381630063, 8072835.780156916938722 ], [ 5568518.558110781945288, 8072780.964920124039054 ], [ 5568535.874562834389508, 8072768.588620444759727 ], [ 5568558.98232838511467, 8072770.61273125000298 ], [ 5568616.906471474096179, 8072781.615574237890542 ], [ 5568663.63248252030462, 8072790.25135019607842 ], [ 5568693.091568824835122, 8072805.015005022287369 ], [ 5568714.470212718471885, 8072815.968719961121678 ], [ 5568753.714576310478151, 8072825.879917200654745 ], [ 5568789.959064570255578, 8072822.746789520606399 ], [ 5568809.920815475285053, 8072830.16059638094157 ], [ 5568847.790182334370911, 8072884.262287941761315 ], [ 5568844.508588116616011, 8072898.537621732801199 ], [ 5568820.974573670886457, 8072922.848078094422817 ], [ 5568812.84079366736114, 8072969.850392671301961 ], [ 5568826.851766715757549, 8072999.928610373288393 ], [ 5568868.417048793286085, 8073035.530570604838431 ], [ 5568890.365715804509819, 8073066.954921890050173 ], [ 5568924.447814911603928, 8073135.868541765958071 ], [ 5568943.99361178278923, 8073152.77578794118017 ], [ 5568986.988986268639565, 8073196.574701304547489 ], [ 5569012.100653806701303, 8073247.65274206828326 ], [ 5569040.577091874554753, 8073271.013943006284535 ], [ 5569073.778892134316266, 8073275.81320633739233 ], [ 5569350.715880295261741, 8073319.859107214026153 ], [ 5569384.28672868013382, 8073323.013581058010459 ], [ 5569418.66778414323926, 8073320.898662552237511 ], [ 5569436.352822165936232, 8073327.097244771197438 ], [ 5569463.180074616335332, 8073342.000312993302941 ], [ 5569553.985494341701269, 8073400.027392654679716 ], [ 5569585.525838526897132, 8073418.45605359133333 ], [ 5569625.455006122589111, 8073433.427007290534675 ], [ 5569638.452631889842451, 8073434.72067909501493 ], [ 5569656.530928120948374, 8073434.038450675085187 ], [ 5569685.664209016598761, 8073442.396341947838664 ], [ 5569745.446543053723872, 8073472.675759406760335 ], [ 5569812.990795104764402, 8073504.850503589957952 ], [ 5569850.436140417121351, 8073518.056292654946446 ], [ 5569902.687755196355283, 8073527.24718336481601 ], [ 5569924.634140504524112, 8073532.581738147884607 ], [ 5569967.146388843655586, 8073552.849148141220212 ], [ 5569999.119109414517879, 8073577.612581111490726 ], [ 5570039.408065897412598, 8073616.52805183082819 ], [ 5570088.115484273061156, 8073685.84442619048059 ], [ 5570153.179809928871691, 8073775.858067854307592 ], [ 5570184.606224895454943, 8073811.519310368224978 ], [ 5570213.990192217752337, 8073862.399942018091679 ], [ 5570228.254996184259653, 8073892.3486536629498 ], [ 5570277.646548079326749, 8073955.276327445171773 ], [ 5570356.207395077683032, 8074052.972195439040661 ], [ 5570447.073315250687301, 8074161.785096833482385 ], [ 5570519.701734359376132, 8074255.277838387526572 ], [ 5570554.984369199723005, 8074302.203068102709949 ], [ 5570586.232342385686934, 8074329.898843316361308 ], [ 5570622.167594506405294, 8074349.893555322661996 ], [ 5570662.54176365211606, 8074369.675300175324082 ], [ 5570708.858426336199045, 8074382.154387457296252 ], [ 5570745.513776427134871, 8074390.601339890621603 ], [ 5570837.67972136195749, 8074417.473051521927118 ], [ 5570872.426886020228267, 8074423.838820852339268 ], [ 5570891.710374506190419, 8074428.969234701246023 ], [ 5570943.353803874924779, 8074433.795576937496662 ], [ 5571013.007518258877099, 8074431.659880051389337 ], [ 5571034.775301772169769, 8074429.028296596370637 ], [ 5571086.950176858343184, 8074428.892705203965306 ], [ 5571118.397477314807475, 8074430.559229612350464 ], [ 5571234.893956094048917, 8074433.449493732303381 ], [ 5571367.414263490587473, 8074438.970191916450858 ], [ 5571548.425551557913423, 8074439.23170455917716 ], [ 5571703.858047666959465, 8074442.730860088951886 ], [ 5571875.022049314342439, 8074446.766763227060437 ], [ 5571945.407674041576684, 8074451.788631197996438 ], [ 5571988.169891279190779, 8074457.661483625881374 ], [ 5572072.816112728789449, 8074479.447434549219906 ], [ 5572120.553101828321815, 8074498.942885283380747 ], [ 5572235.846106164157391, 8074546.216037346981466 ], [ 5572380.224266462959349, 8074602.28968835901469 ], [ 5572481.953143681399524, 8074638.658576985821128 ], [ 5572518.405469643883407, 8074650.443412076681852 ], [ 5572627.688150867819786, 8074686.93357877805829 ], [ 5572726.084337439388037, 8074716.658318649977446 ], [ 5572813.725739823654294, 8074744.327464122325182 ], [ 5572857.551841335371137, 8074758.161774586886168 ], [ 5573058.050989359617233, 8074822.329770515672863 ], [ 5573222.980440083891153, 8074874.698781851679087 ], [ 5573325.113029468804598, 8074908.674148933030665 ], [ 5573459.208023486658931, 8074950.501049450598657 ], [ 5573539.893480190075934, 8074976.150725045241416 ], [ 5573581.889402477070689, 8074997.116499785333872 ], [ 5573641.443057959899306, 8075030.640385104343295 ], [ 5573710.951747816056013, 8075079.770466156303883 ], [ 5573791.846607354469597, 8075142.065326509997249 ], [ 5573793.259700406342745, 8075143.159559190273285 ], [ 5573796.933057828806341, 8075145.98012637719512 ], [ 5573874.436359224840999, 8075204.490302610211074 ], [ 5573967.274919701740146, 8075270.985073544085026 ], [ 5574056.114259643480182, 8075338.948172923177481 ], [ 5574085.184143173508346, 8075357.77506042085588 ], [ 5574142.099292515777051, 8075395.363108195364475 ], [ 5574166.091886719688773, 8075405.672574760392308 ], [ 5574267.189916154369712, 8075452.280116342939436 ], [ 5574397.087624619714916, 8075519.800354260951281 ], [ 5574480.056839848868549, 8075562.669931589625776 ], [ 5574602.241447478532791, 8075621.690457820892334 ], [ 5574730.528061933815479, 8075682.128661256283522 ], [ 5574846.495208117179573, 8075738.577103858813643 ], [ 5574946.174206065945327, 8075786.044883565045893 ], [ 5575057.158999147824943, 8075840.364768642000854 ], [ 5575099.084623269736767, 8075860.229911556467414 ], [ 5575123.454294219613075, 8075867.648703434504569 ], [ 5575144.669104400090873, 8075872.921711074188352 ], [ 5575294.544179062359035, 8075909.048834282904863 ], [ 5575407.7010597018525, 8075933.89072335511446 ], [ 5575519.03066597878933, 8075965.598228835500777 ], [ 5575646.459459855221212, 8075993.461357585154474 ], [ 5575753.153458190150559, 8076019.884327599778771 ], [ 5575890.743257229216397, 8076052.818498375825584 ], [ 5576023.989000555127859, 8076085.173885549418628 ], [ 5576046.237206823192537, 8076087.093001742847264 ], [ 5576166.91646240465343, 8076090.074464556761086 ], [ 5576303.708380970172584, 8076094.235387180000544 ], [ 5576406.216201263479888, 8076098.072204354219139 ], [ 5576513.394845861010253, 8076100.476144724525511 ], [ 5576715.676961843855679, 8076106.234375053085387 ], [ 5576836.033385855145752, 8076109.443472288548946 ], [ 5576852.92612343467772, 8076110.378861884586513 ], [ 5576888.375262939371169, 8076113.547855045646429 ], [ 5576954.053207747638226, 8076124.457609961740673 ], [ 5577002.35423937626183, 8076139.515041458420455 ], [ 5577087.011741070076823, 8076161.628745700232685 ], [ 5577187.021493614651263, 8076185.476756070740521 ], [ 5577254.638715866953135, 8076206.692266879603267 ], [ 5577281.078107784502208, 8076216.940984677523375 ], [ 5577329.97138258907944, 8076240.541404779069126 ], [ 5577362.332522644661367, 8076257.515611369162798 ], [ 5577445.428797760978341, 8076304.941875008866191 ], [ 5577485.254733406938612, 8076332.066544799134135 ], [ 5577555.364736358635128, 8076385.084352681413293 ], [ 5577617.229295455850661, 8076441.736794248223305 ], [ 5577641.667623831890523, 8076470.385344192385674 ], [ 5577677.376155339181423, 8076517.414995988830924 ], [ 5577725.181131826713681, 8076588.361090557649732 ], [ 5577763.210048395209014, 8076645.630984615534544 ], [ 5577825.466317105107009, 8076736.11346263345331 ], [ 5577862.346164205111563, 8076794.105073535814881 ], [ 5577886.882677529938519, 8076828.098256242461503 ], [ 5577919.560992555692792, 8076878.515305329114199 ], [ 5577940.975428179837763, 8076909.650561444461346 ], [ 5577983.047482375055552, 8076972.231497824192047 ], [ 5578013.846122230403125, 8077017.832210850901902 ], [ 5578045.360808661207557, 8077066.192043729126453 ], [ 5578078.666548352688551, 8077115.079379329457879 ], [ 5578122.77095056232065, 8077179.559536991640925 ], [ 5578173.166356622241437, 8077257.047213913872838 ], [ 5578196.914454734884202, 8077298.500191372819245 ], [ 5578217.617699329741299, 8077339.461094687692821 ], [ 5578233.40334995277226, 8077388.943497601896524 ], [ 5578245.595306350849569, 8077426.776311646215618 ], [ 5578261.823338731192052, 8077524.351409992203116 ], [ 5578273.352455937303603, 8077610.686145718209445 ], [ 5578287.845819665119052, 8077729.33338394202292 ], [ 5578300.995608357712626, 8077838.057372855953872 ], [ 5578318.022216559387743, 8077970.352023785933852 ], [ 5578331.890607182867825, 8078120.012434180825949 ], [ 5578352.111468593589962, 8078266.013674287125468 ], [ 5578360.15135370567441, 8078306.709902789443731 ], [ 5578374.675132524222136, 8078378.563082793727517 ], [ 5578383.716445245780051, 8078409.514386439695954 ], [ 5578400.552994932979345, 8078437.043681981042027 ], [ 5578449.508979737758636, 8078509.792031711898744 ], [ 5578507.436478435061872, 8078593.282111891545355 ], [ 5578552.998536889441311, 8078653.908207796514034 ], [ 5578573.726248379796743, 8078676.469227080233395 ], [ 5578615.828945692628622, 8078715.124816088937223 ], [ 5578667.313491499982774, 8078759.463153377175331 ], [ 5578723.202452075667679, 8078808.357449688017368 ], [ 5578767.928021777421236, 8078845.715864145196974 ], [ 5578807.17643900308758, 8078882.706489372998476 ], [ 5578853.637274835258722, 8078926.141537264920771 ], [ 5578877.549081895500422, 8078959.752220151014626 ], [ 5578924.188567200675607, 8078954.865347257815301 ], [ 5578994.234824260696769, 8078944.213780354708433 ], [ 5579109.592272401787341, 8078928.723302869126201 ], [ 5579256.290248140692711, 8078906.320097628049552 ], [ 5579380.544485734775662, 8078888.008209092542529 ], [ 5579523.955137308686972, 8078865.217860922217369 ], [ 5579616.299131116829813, 8078852.865799833089113 ], [ 5579815.256611145101488, 8078824.265440887771547 ], [ 5580010.637612650170922, 8078797.087295007891953 ], [ 5580228.996647702530026, 8078765.187100967392325 ], [ 5580450.063802248798311, 8078733.16317846160382 ], [ 5580663.329586564563215, 8078702.102768043987453 ], [ 5580841.175303402356803, 8078676.613986671902239 ], [ 5580914.382765226066113, 8078671.357920243404806 ], [ 5580936.091831447556615, 8078672.521006689406931 ], [ 5580964.31812884286046, 8078677.34599132463336 ], [ 5580989.615331680513918, 8078683.899483505636454 ], [ 5581009.755502643063664, 8078689.376279772259295 ], [ 5581027.835318469442427, 8078698.71383530087769 ], [ 5581042.073309220373631, 8078706.470451163128018 ], [ 5581064.999119288288057, 8078721.296166568994522 ], [ 5581093.35370675381273, 8078742.28281915280968 ], [ 5581158.875758188776672, 8078798.359248533844948 ], [ 5581236.737524008378386, 8078867.627071887254715 ], [ 5581297.925868533551693, 8078922.758959252387285 ], [ 5581320.422860899008811, 8078937.452162434346974 ], [ 5581373.751712238416076, 8078969.32586844265461 ], [ 5581408.728115516714752, 8078988.256538963876665 ], [ 5581474.469322398304939, 8079013.740706829354167 ], [ 5581512.818516153842211, 8079023.325351839885116 ], [ 5581560.312463299371302, 8079032.45019634347409 ], [ 5581598.781990317627788, 8079037.272786643356085 ], [ 5581639.206611146219075, 8079040.149738270789385 ], [ 5581675.639784326776862, 8079039.54883585870266 ], [ 5581719.510639237239957, 8079038.303055231459439 ], [ 5581748.938564660027623, 8079033.34256325289607 ], [ 5581836.101576250046492, 8079019.448795807547867 ], [ 5581914.965223734267056, 8079004.322808912955225 ], [ 5581985.672877187840641, 8078991.518406663089991 ], [ 5582076.999604551121593, 8078974.436633363366127 ], [ 5582137.105000639334321, 8078960.209619204513729 ], [ 5582182.943576802499592, 8078943.23035251814872 ], [ 5582236.879662512801588, 8078922.251754314638674 ], [ 5582291.021022008731961, 8078893.895829306915402 ], [ 5582306.402799367904663, 8078884.597410712391138 ], [ 5582407.28653653524816, 8078805.936804043129086 ], [ 5582551.484298194758594, 8078683.260800937190652 ], [ 5582646.975068931467831, 8078600.537998779676855 ], [ 5582754.126421378925443, 8078505.619563066400588 ], [ 5582897.945179438218474, 8078382.494704134762287 ], [ 5583010.008201880380511, 8078285.722153793089092 ], [ 5583108.609964808449149, 8078200.339098662137985 ], [ 5583221.936947233043611, 8078103.584338556975126 ], [ 5583315.600304920226336, 8078021.887136392295361 ], [ 5583400.024179376661777, 8077949.291629877872765 ], [ 5583420.267288474366069, 8077932.593184313736856 ], [ 5583420.34376900177449, 8077932.290809778496623 ], [ 5583420.82052752468735, 8077932.599655116908252 ], [ 5583436.679454931989312, 8077958.05343734100461 ], [ 5583455.453787360340357, 8077987.660223143175244 ], [ 5583480.85854931268841, 8078031.62084305472672 ], [ 5583498.731884095817804, 8078061.331134524196386 ], [ 5583510.257128917612135, 8078078.758674351498485 ], [ 5583529.481393042951822, 8078087.172176355496049 ], [ 5583552.084218289703131, 8078087.984482911415398 ], [ 5583578.221661131829023, 8078086.30557275377214 ], [ 5583630.016315718181431, 8078091.111103663221002 ], [ 5583658.440411630086601, 8078093.914325825870037 ], [ 5583682.891543140634894, 8078098.754250833764672 ], [ 5583706.443191247060895, 8078090.677996655926108 ], [ 5583739.33676434494555, 8078081.612674077041447 ], [ 5583759.059645845554769, 8078082.506865214556456 ], [ 5583785.171599068678916, 8078087.777412281371653 ], [ 5583822.381118746474385, 8078087.227884971536696 ], [ 5583848.093832959420979, 8078094.911320353858173 ], [ 5583857.776429575867951, 8078106.631976844742894 ], [ 5583866.411785296164453, 8078123.408016765490174 ], [ 5583881.383058006875217, 8078135.222463175654411 ], [ 5583905.993097216822207, 8078151.987688580527902 ], [ 5583916.038863848894835, 8078158.905941640026867 ], [ 5583922.159716325812042, 8078172.162437741644681 ], [ 5583938.953579711727798, 8078226.686336746439338 ], [ 5583950.304239045828581, 8078255.148234198801219 ], [ 5583984.775995549745858, 8078291.033850146457553 ], [ 5583998.19108129106462, 8078307.206603116355836 ], [ 5584001.137923525646329, 8078327.02455155365169 ], [ 5583994.056169196031988, 8078340.157250062562525 ], [ 5583987.790016223676503, 8078365.496954046189785 ], [ 5584002.868326400406659, 8078441.939767934381962 ], [ 5584017.018231464549899, 8078476.070090234279633 ], [ 5584026.87851478997618, 8078494.023124908097088 ], [ 5584052.171648498624563, 8078521.687171523459256 ], [ 5584069.354923763312399, 8078561.490343973971903 ], [ 5584069.802551776170731, 8078586.171630911529064 ], [ 5584066.804908100515604, 8078599.677073816768825 ], [ 5584052.84479639865458, 8078608.069340871647 ], [ 5584025.107949452474713, 8078630.174334579147398 ], [ 5584017.316975590772927, 8078643.805322959087789 ], [ 5584016.243888502940536, 8078665.883765433914959 ], [ 5584037.331291295588017, 8078700.483408695086837 ], [ 5584044.643026813864708, 8078739.122714728116989 ], [ 5584044.363900369033217, 8078764.058198072016239 ], [ 5584052.061053939163685, 8078799.05079263728112 ], [ 5584051.249263165518641, 8078822.08909476455301 ], [ 5584059.907233581878245, 8078848.615407748147845 ], [ 5584100.239302355796099, 8078909.117091495543718 ], [ 5584155.301690423861146, 8078977.426367016509175 ], [ 5584169.344305425882339, 8078990.223516562953591 ], [ 5584225.360894081182778, 8079004.258571407757699 ], [ 5584264.161094936542213, 8079008.711207342334092 ], [ 5584287.193983858451247, 8079025.332370240241289 ], [ 5584314.708988023921847, 8079068.988109056837857 ], [ 5584335.968671238981187, 8079090.941104971803725 ], [ 5584398.31080180965364, 8079130.24561268184334 ], [ 5584443.860336615704, 8079159.911234374158084 ], [ 5584457.035660445690155, 8079175.857324913144112 ], [ 5584463.185515445657074, 8079207.291772516444325 ], [ 5584469.551661439239979, 8079246.692016520537436 ], [ 5584477.657527729868889, 8079314.305860695429146 ], [ 5584494.104385871440172, 8079362.202161006629467 ], [ 5584525.909282151609659, 8079427.983645938336849 ], [ 5584537.279719764366746, 8079474.657206541858613 ], [ 5584542.998409836553037, 8079525.30564911197871 ], [ 5584546.762549612671137, 8079566.336749833077192 ], [ 5584589.78363368101418, 8079613.997588708996773 ], [ 5584606.138754462823272, 8079641.11605285294354 ], [ 5584611.317120926454663, 8079654.49956064671278 ], [ 5584622.283296699635684, 8079695.191814849153161 ], [ 5584624.231660322286189, 8079704.965003239922225 ], [ 5584614.813041541725397, 8079764.150714102201164 ], [ 5584597.333854472264647, 8079836.108006025664508 ], [ 5584592.335144365206361, 8079916.415054131299257 ], [ 5584582.239868961274624, 8079950.736751285381615 ], [ 5584576.239790649153292, 8079985.808876047842205 ], [ 5584569.665793786756694, 8080026.501085416413844 ], [ 5584559.23606077209115, 8080057.674620470032096 ], [ 5584543.382765195332468, 8080092.627437880262733 ], [ 5584507.886697784997523, 8080172.903403909876943 ], [ 5584484.451810575090349, 8080220.280393894761801 ], [ 5584481.233916938304901, 8080234.281371111050248 ], [ 5584482.269408145919442, 8080245.99296819511801 ], [ 5584495.782161843031645, 8080274.148843709379435 ], [ 5584524.093825690448284, 8080320.339456615038216 ], [ 5584532.983712584711611, 8080381.515652565285563 ], [ 5584537.4483133982867, 8080456.504895029589534 ], [ 5584548.044006271287799, 8080483.821131691336632 ], [ 5584558.15023996680975, 8080510.384150248020887 ], [ 5584559.010916758328676, 8080533.141408048570156 ], [ 5584535.06954653467983, 8080605.716157766990364 ], [ 5584516.450250434689224, 8080636.200172672979534 ], [ 5584510.726232280023396, 8080661.190928258001804 ], [ 5584516.553425311110914, 8080680.926900616846979 ], [ 5584521.323821423575282, 8080714.357620029710233 ], [ 5584531.483671749010682, 8080731.968757975846529 ], [ 5584575.055335554294288, 8080815.360594779253006 ], [ 5584582.945126369595528, 8080918.760041806846857 ], [ 5584588.854283414781094, 8080949.967982993461192 ], [ 5584600.60335058066994, 8080984.167105810716748 ], [ 5584628.607483682222664, 8081059.141369812190533 ], [ 5584636.950193167664111, 8081091.758716518059373 ], [ 5584637.435241329483688, 8081118.140209778212011 ], [ 5584626.267266513779759, 8081166.390406257472932 ], [ 5584625.883692676201463, 8081204.860222091898322 ], [ 5584629.72194263804704, 8081248.146311094984412 ], [ 5584631.915731122717261, 8081293.080337841063738 ], [ 5584622.469824989326298, 8081325.22629707865417 ], [ 5584604.259839411824942, 8081370.497237280011177 ], [ 5584599.045160273090005, 8081407.79273091442883 ], [ 5584598.670275305397809, 8081455.546206205151975 ], [ 5584593.150027688592672, 8081490.704524016939104 ], [ 5584591.451206225901842, 8081533.803716344758868 ], [ 5584598.036796738393605, 8081642.243656581267715 ], [ 5584612.517073045484722, 8081758.219348756596446 ], [ 5584656.042485670186579, 8081809.669599737040699 ], [ 5584665.220233185216784, 8081823.784282264299691 ], [ 5584685.040615191683173, 8081889.285579675808549 ], [ 5584716.896793060936034, 8082001.297281968407333 ], [ 5584739.402220544405282, 8082042.272519833408296 ], [ 5584770.596802171319723, 8082085.045950970612466 ], [ 5584794.664574728347361, 8082156.619288302958012 ], [ 5584808.33217272721231, 8082190.563767944462597 ], [ 5584817.55724124610424, 8082229.137850841507316 ], [ 5584834.81973684579134, 8082280.624982412904501 ], [ 5584847.525489796884358, 8082305.813258009962738 ], [ 5584859.047126644290984, 8082315.558298101648688 ], [ 5584880.450701862573624, 8082325.277441144920886 ], [ 5584899.427672715857625, 8082325.236946886405349 ], [ 5584939.765368447639048, 8082316.21537474449724 ], [ 5584980.705021210946143, 8082298.070468503981829 ], [ 5585058.386499744839966, 8082292.576115371659398 ], [ 5585106.254433378577232, 8082295.091827916912735 ], [ 5585189.279325499199331, 8082292.324343034997582 ], [ 5585242.81315184943378, 8082291.331493617966771 ], [ 5585281.848496064543724, 8082284.025237178429961 ], [ 5585332.880163781344891, 8082270.628432211466134 ], [ 5585398.887702887877822, 8082270.969419507309794 ], [ 5585431.571992367506027, 8082262.165101908147335 ], [ 5585476.073498656973243, 8082261.896265336312354 ], [ 5585508.180309405550361, 8082259.33472319226712 ], [ 5585540.29774281103164, 8082256.77282602339983 ], [ 5585568.462983826175332, 8082258.871171872131526 ], [ 5585624.379999323748052, 8082259.010125597938895 ], [ 5585634.855967368930578, 8082260.045422772876918 ], [ 5585663.614316943101585, 8082273.623417433351278 ], [ 5585681.872790714725852, 8082285.69980915915221 ], [ 5585766.5689467350021, 8082366.950639041140676 ], [ 5585776.658348093740642, 8082410.781602705828846 ], [ 5585779.803619092330337, 8082425.212831949815154 ], [ 5585796.78806124906987, 8082505.305177913047373 ], [ 5585800.788081157952547, 8082528.451302016153932 ], [ 5585799.861552212387323, 8082547.07930158264935 ], [ 5585791.136533227749169, 8082588.078274072147906 ], [ 5585782.195964326150715, 8082629.728263983502984 ], [ 5585773.161860179156065, 8082676.684513681568205 ], [ 5585760.618459846824408, 8082709.875895323231816 ], [ 5585731.021348337642848, 8082755.739918516948819 ], [ 5585718.021081425249577, 8082772.155084857717156 ], [ 5585706.386084724217653, 8082802.885476626455784 ], [ 5585662.990119408816099, 8082918.556751502677798 ], [ 5585613.744476918131113, 8083049.616032679565251 ], [ 5585599.110875211656094, 8083081.532523750327528 ], [ 5585562.319994326680899, 8083217.762150286696851 ], [ 5585559.177634034305811, 8083243.024341600947082 ], [ 5585562.142598863691092, 8083272.426397518254817 ], [ 5585566.155097682960331, 8083313.584330992773175 ], [ 5585573.903843962587416, 8083368.267165953293443 ], [ 5585604.975743950344622, 8083421.951369779184461 ], [ 5585630.49405640270561, 8083441.626368180848658 ], [ 5585644.816884016618133, 8083469.014519870281219 ], [ 5585699.525037374347448, 8083536.790211067534983 ], [ 5585719.656937264837325, 8083559.331738127395511 ], [ 5585723.670492106117308, 8083574.371997837908566 ], [ 5585724.073729595169425, 8083632.611124470829964 ], [ 5585720.361031848937273, 8083655.032141325064003 ], [ 5585693.497653523460031, 8083691.244468364864588 ], [ 5585684.053639657795429, 8083714.518252404406667 ], [ 5585673.337118438445032, 8083749.147088013589382 ], [ 5585674.078828074969351, 8083767.349393812939525 ], [ 5585679.838638690300286, 8083784.685900997370481 ], [ 5585682.847391735762358, 8083806.659497369080782 ], [ 5585677.529328729957342, 8083831.739132373593748 ], [ 5585664.261267228983343, 8083873.534377901814878 ], [ 5585640.82640536967665, 8083912.105967790819705 ], [ 5585626.359693152830005, 8083936.4679468087852 ], [ 5585622.561200676485896, 8083955.511267027817667 ], [ 5585622.660394296050072, 8083985.528741402551532 ], [ 5585630.599895572289824, 8084012.165011554025114 ], [ 5585646.761107757687569, 8084040.96852105204016 ], [ 5585652.974389830604196, 8084071.245327989570796 ], [ 5585655.757292374968529, 8084111.448804317042232 ], [ 5585662.734613320790231, 8084190.614709426648915 ], [ 5585670.911844845861197, 8084269.701941885054111 ], [ 5585666.677455736324191, 8084341.460001323372126 ], [ 5585603.856605172157288, 8084479.487060740590096 ], [ 5585585.638138869777322, 8084524.569685005582869 ], [ 5585556.826330819167197, 8084586.220660677179694 ], [ 5585503.565788986161351, 8084672.562083151191473 ], [ 5585498.779555203393102, 8084677.846361611038446 ], [ 5585499.567806894890964, 8084689.098161852918565 ], [ 5585519.738373329862952, 8084697.651838981546462 ], [ 5585534.353481106460094, 8084696.04572799615562 ], [ 5585557.406232862733305, 8084678.388524664565921 ], [ 5585574.953440181910992, 8084669.527327165007591 ], [ 5585598.408649206161499, 8084662.276732049882412 ], [ 5585620.750874605029821, 8084657.414970073848963 ], [ 5585652.98364233225584, 8084647.557012853212655 ], [ 5585667.060549308545887, 8084634.891978729516268 ], [ 5585692.075794720090926, 8084615.544195195659995 ], [ 5585709.349969274364412, 8084606.812934944406152 ], [ 5585736.594346617348492, 8084594.017127906903625 ], [ 5585762.058381675742567, 8084582.217108929529786 ], [ 5585786.64220988098532, 8084564.538138031028211 ], [ 5585810.391606793738902, 8084554.921699903905392 ], [ 5585842.559111587703228, 8084554.738462744280696 ], [ 5585878.578892737627029, 8084565.797499990090728 ], [ 5585912.790498530492187, 8084579.487576133571565 ], [ 5585940.262631553225219, 8084597.861727023497224 ], [ 5585955.97015848942101, 8084602.117038510739803 ], [ 5585985.822097409516573, 8084612.150991195812821 ], [ 5586000.706657119095325, 8084620.009960487484932 ], [ 5586017.162450519390404, 8084633.728139957413077 ], [ 5586047.580345520749688, 8084655.787435872480273 ], [ 5586095.880177203565836, 8084681.117078059352934 ], [ 5586154.735807796940207, 8084713.973144118674099 ], [ 5586171.090586241334677, 8084715.17446606233716 ], [ 5586186.673922690562904, 8084722.535312939435244 ], [ 5586195.448826676234603, 8084731.413485547527671 ], [ 5586206.473829919472337, 8084753.547701993957162 ], [ 5586213.170987747609615, 8084764.931258741766214 ], [ 5586233.191241594031453, 8084779.025780466385186 ], [ 5586256.752780245617032, 8084801.280488683842123 ], [ 5586262.908426089212298, 8084819.050522348843515 ], [ 5586259.851291942410171, 8084836.849866105243564 ], [ 5586253.004369664937258, 8084863.163069549947977 ], [ 5586246.198654089123011, 8084873.742091059684753 ], [ 5586243.849514574743807, 8084882.781910464167595 ], [ 5586245.970484724268317, 8084899.721943777054548 ], [ 5586244.143115354701877, 8084919.609873780980706 ], [ 5586236.360638143494725, 8084937.733001530170441 ], [ 5586221.200741515494883, 8084954.209714155644178 ], [ 5586200.504815800115466, 8084975.792128338478506 ], [ 5586191.94754574727267, 8084991.368892904371023 ], [ 5586180.219197832047939, 8085021.12349493149668 ], [ 5586166.888223739340901, 8085043.918994273990393 ], [ 5586155.245304730720818, 8085059.116734289564192 ], [ 5586142.51481365878135, 8085069.375414123758674 ], [ 5586113.469744308851659, 8085079.854682321660221 ], [ 5586090.960312466137111, 8085087.078787804581225 ], [ 5586078.305381175130606, 8085117.18212553486228 ], [ 5586065.278101848438382, 8085142.804107496514916 ], [ 5586053.942603228613734, 8085160.583636089228094 ], [ 5586033.9892159672454, 8085209.38536200299859 ], [ 5586022.540972066111863, 8085240.399296852760017 ], [ 5586009.51621978636831, 8085275.460878397338092 ], [ 5586017.398924309760332, 8085407.359433847479522 ], [ 5586016.215125880204141, 8085459.217334680259228 ], [ 5586021.554340660572052, 8085506.997765419073403 ], [ 5586019.393076835200191, 8085549.188035540282726 ], [ 5586014.808097913861275, 8085580.239756091497838 ], [ 5586007.735570345073938, 8085606.881542654708028 ], [ 5585994.155493677593768, 8085629.550404414534569 ], [ 5585974.826579037122428, 8085657.708925241604447 ], [ 5585973.347155619412661, 8085681.244829782284796 ], [ 5585987.511471121571958, 8085723.592445166781545 ], [ 5585994.840558022260666, 8085757.92928206641227 ], [ 5585991.373395247384906, 8085812.565156980417669 ], [ 5585983.864205869846046, 8085883.69399753306061 ], [ 5585983.405279155820608, 8085927.392309489659965 ], [ 5585977.023230116814375, 8085953.258277341723442 ], [ 5585955.715083910152316, 8086004.610986733809114 ], [ 5585952.596459317952394, 8086020.277083571068943 ], [ 5585957.922752437181771, 8086059.018393075093627 ], [ 5585955.696557227522135, 8086072.768888676539063 ], [ 5585942.789160929620266, 8086102.645544889383018 ], [ 5585941.306012662127614, 8086126.059211796149611 ], [ 5585936.126178569160402, 8086169.8808529432863 ], [ 5585929.965447695925832, 8086212.885409334674478 ], [ 5585925.024177305400372, 8086231.060625590384007 ], [ 5585914.185348942875862, 8086241.276108100079 ], [ 5585892.781807410530746, 8086254.138559348881245 ], [ 5585883.326970849186182, 8086271.864150837063789 ], [ 5585876.948852337896824, 8086292.270636322908103 ], [ 5585859.330172074958682, 8086314.009078552946448 ], [ 5585831.66978850401938, 8086341.448269658721983 ], [ 5585813.468842094764113, 8086359.178282625973225 ], [ 5585796.50775617081672, 8086370.746596859768033 ], [ 5585769.559087444096804, 8086407.505024097859859 ], [ 5585757.132311784662306, 8086428.861967843957245 ], [ 5585748.112667979672551, 8086453.668714370578527 ], [ 5585741.0084791732952, 8086470.626758978702128 ], [ 5585732.372772574424744, 8086483.492281821556389 ], [ 5585718.617955762892962, 8086499.683478144928813 ], [ 5585698.504959629848599, 8086534.001118697226048 ], [ 5585676.184455269947648, 8086556.91828672029078 ], [ 5585651.998847667127848, 8086580.477796961553395 ], [ 5585613.377197804860771, 8086604.881833972409368 ], [ 5585587.595761677250266, 8086613.854595949873328 ], [ 5585574.231128044426441, 8086635.171307930722833 ], [ 5585544.366206835024059, 8086698.885796809569001 ], [ 5585537.727558244019747, 8086770.422634944319725 ], [ 5585531.47515885066241, 8086778.428053840994835 ], [ 5585523.296446021646261, 8086782.674620844423771 ], [ 5585512.54089570697397, 8086782.736105204559863 ], [ 5585501.041453074663877, 8086781.706897172145545 ], [ 5585486.005629158578813, 8086786.159705571830273 ], [ 5585469.007414430379868, 8086796.816908590495586 ], [ 5585400.092357992194593, 8086863.543420627713203 ], [ 5585398.057224588468671, 8086867.937558094039559 ], [ 5585407.387035126797855, 8086874.24316755309701 ], [ 5585430.679558306932449, 8086887.756584423594177 ], [ 5585448.246047917753458, 8086891.103774606250226 ], [ 5585461.228157035075128, 8086905.36640077829361 ], [ 5585471.067773750983179, 8086923.621057764627039 ], [ 5585481.076586936600506, 8086939.591595793142915 ], [ 5585477.331744940951467, 8086953.840963447466493 ], [ 5585464.6339908298105, 8086961.195839744061232 ], [ 5585449.914055022411048, 8086962.915541786700487 ], [ 5585430.109891062602401, 8086959.832133817486465 ], [ 5585412.913622956722975, 8086967.270488671958447 ], [ 5585408.398700855672359, 8086975.015148187056184 ], [ 5585411.206249601207674, 8086987.32133428286761 ], [ 5585423.002227096818388, 8086995.413588506169617 ], [ 5585437.115985438227654, 8087000.070972862653434 ], [ 5585450.173431737348437, 8087003.502007551491261 ], [ 5585459.061562376096845, 8087013.733916632831097 ], [ 5585459.431849586777389, 8087024.51949936337769 ], [ 5585451.218179467134178, 8087035.404772150330245 ], [ 5585438.711129557341337, 8087040.486002 ], [ 5585418.776419167406857, 8087047.790998958982527 ], [ 5585407.78014098200947, 8087058.110533466562629 ], [ 5585409.325896427035332, 8087075.06681596301496 ], [ 5585415.126622278243303, 8087089.733931824564934 ], [ 5585436.44807022344321, 8087121.126531668007374 ], [ 5585449.58508416544646, 8087136.719024473801255 ], [ 5585473.013177113607526, 8087147.504591468721628 ], [ 5585495.53979541733861, 8087158.393618816509843 ], [ 5585512.876697725616395, 8087171.253736089915037 ], [ 5585518.511724111624062, 8087184.580222432501614 ], [ 5585524.151602359488606, 8087205.567262705415487 ], [ 5585531.513220984488726, 8087218.244221883825958 ], [ 5585545.471994268707931, 8087221.56065234169364 ], [ 5585565.246565735898912, 8087220.597719294019043 ], [ 5585595.201269838958979, 8087213.919219022616744 ], [ 5585615.556399994529784, 8087210.171188289299607 ], [ 5585627.488162115216255, 8087215.546594195067883 ], [ 5585632.974965837784111, 8087239.006324746645987 ], [ 5585642.805189179256558, 8087259.918603235855699 ], [ 5585653.490760632790625, 8087288.08921595942229 ], [ 5585653.849938434548676, 8087311.961718192324042 ], [ 5585645.685070725157857, 8087331.306913264095783 ], [ 5585612.181233394891024, 8087365.871752061881125 ], [ 5585603.277471917681396, 8087380.935045068152249 ], [ 5585604.857035485096276, 8087395.333131410181522 ], [ 5585610.856862163171172, 8087410.261442045681179 ], [ 5585617.45189780369401, 8087423.293777886778116 ], [ 5585621.463469330221415, 8087461.494255157187581 ], [ 5585626.336875698529184, 8087482.091739822179079 ], [ 5585622.398656667210162, 8087502.27282786089927 ], [ 5585608.450690229423344, 8087525.18479573354125 ], [ 5585610.668471333570778, 8087539.575843969359994 ], [ 5585619.153102713637054, 8087558.069242700003088 ], [ 5585633.708012547343969, 8087562.135913098230958 ], [ 5585638.926767998374999, 8087570.170701449736953 ], [ 5585637.99683940783143, 8087584.629076356068254 ], [ 5585627.584602622315288, 8087596.788846700452268 ], [ 5585609.098739510402083, 8087613.536788132041693 ], [ 5585593.02924495562911, 8087625.824123794212937 ], [ 5585594.017129919491708, 8087641.495441257953644 ], [ 5585610.746828264556825, 8087658.064261959865689 ], [ 5585632.317029232159257, 8087666.356565159745514 ], [ 5585656.628921034745872, 8087684.633162261918187 ], [ 5585702.247029568068683, 8087701.158306496217847 ], [ 5585730.53323713131249, 8087700.520226269960403 ], [ 5585749.88567166030407, 8087694.421367350965738 ], [ 5585754.426439622417092, 8087672.977802524343133 ], [ 5585748.358737976290286, 8087654.915966534987092 ], [ 5585754.756639103405178, 8087632.174267078749835 ], [ 5585779.698449288494885, 8087622.814207970164716 ], [ 5585812.540409302338958, 8087628.973224859684706 ], [ 5585826.91401747148484, 8087652.491400915198028 ], [ 5585842.723620992153883, 8087656.522251795046031 ], [ 5585875.58333513699472, 8087663.303330596536398 ], [ 5585895.400284601375461, 8087677.293561329133809 ], [ 5585906.429960734210908, 8087692.100949401035905 ], [ 5585906.06674696598202, 8087704.030453378334641 ], [ 5585889.851140555925667, 8087710.051305962726474 ], [ 5585864.566477686166763, 8087704.35550863109529 ], [ 5585847.398475926369429, 8087695.96035051625222 ], [ 5585829.738735938444734, 8087693.85007440391928 ], [ 5585812.949179086834192, 8087701.766242111101747 ], [ 5585809.018070932477713, 8087722.569844683632255 ], [ 5585804.917292136698961, 8087774.098980343900621 ], [ 5585824.809085282497108, 8087791.845254836603999 ], [ 5585839.880677931010723, 8087790.871531434357166 ], [ 5585859.79301927331835, 8087781.632323650643229 ], [ 5585879.765752119012177, 8087774.893061509355903 ], [ 5585914.122332265600562, 8087764.697876296937466 ], [ 5585936.597485321573913, 8087757.275798209942877 ], [ 5585950.524976550601423, 8087761.349053602665663 ], [ 5585954.453600436449051, 8087768.164135010913014 ], [ 5585954.065661904402077, 8087778.849064204841852 ], [ 5585948.647753198631108, 8087789.643810404464602 ], [ 5585930.222328891977668, 8087808.892030209302902 ], [ 5585926.979308448731899, 8087832.188908707350492 ], [ 5585939.41047624964267, 8087853.249565038830042 ], [ 5585970.584600331261754, 8087868.851183045655489 ], [ 5585995.826744778081775, 8087872.669086832553148 ], [ 5586035.280283696949482, 8087859.849195066839457 ], [ 5586069.205680033192039, 8087858.438667999580503 ], [ 5586096.803741777315736, 8087855.295815700665116 ], [ 5586102.700447474606335, 8087865.835202116519213 ], [ 5586097.532623168081045, 8087887.296792859211564 ], [ 5586099.465979671105742, 8087916.750662950798869 ], [ 5586111.337845071218908, 8087940.962672790512443 ], [ 5586139.493303603492677, 8087962.287223191931844 ], [ 5586168.689363623037934, 8087974.175734783522785 ], [ 5586195.073564105667174, 8088000.565194086171687 ], [ 5586225.370677755214274, 8088005.517606810666621 ], [ 5586252.832968750037253, 8087996.096417098306119 ], [ 5586277.88800548017025, 8087964.139445556327701 ], [ 5586320.007770955562592, 8087936.188381142914295 ], [ 5586354.167677950114012, 8087917.203202845528722 ], [ 5586411.879933922551572, 8087904.351735141128302 ], [ 5586428.697796681895852, 8087897.056910254992545 ], [ 5586442.781294980086386, 8087880.422407009638846 ], [ 5586450.889071336947381, 8087850.104194777086377 ], [ 5586460.433790339156985, 8087827.283526953309774 ], [ 5586482.049299668520689, 8087809.845104530453682 ], [ 5586505.890204604715109, 8087807.420240292325616 ], [ 5586540.418032569810748, 8087804.746449951082468 ], [ 5586560.140602952800691, 8087787.350732396356761 ], [ 5586561.543470189906657, 8087765.97390064317733 ], [ 5586562.344118391163647, 8087745.870644509792328 ], [ 5586568.673313923180103, 8087719.994889296591282 ], [ 5586586.642251872457564, 8087708.286283832974732 ], [ 5586604.997283717617393, 8087713.511624414473772 ], [ 5586629.377998260781169, 8087734.920916998758912 ], [ 5586667.990749486722052, 8087757.636890677735209 ], [ 5586691.787386995740235, 8087780.952982556074858 ], [ 5586730.851964849978685, 8087812.061801100149751 ], [ 5586785.892987974919379, 8087826.504030328243971 ], [ 5586825.640080177225173, 8087831.864424860104918 ], [ 5586873.347274160012603, 8087830.148651976138353 ], [ 5586900.26769008487463, 8087824.511159333400428 ], [ 5586920.720964537002146, 8087811.486104650422931 ], [ 5586949.076328619383276, 8087786.360833680257201 ], [ 5586971.386941166594625, 8087772.048561373725533 ], [ 5586994.989384198561311, 8087766.483282446861267 ], [ 5587006.371853850781918, 8087769.360931207425892 ], [ 5587012.957182394340634, 8087782.393422793596983 ], [ 5587014.039170282892883, 8087802.454273302108049 ], [ 5587020.866498774848878, 8087825.853723976761103 ], [ 5587030.563543060794473, 8087837.552179981023073 ], [ 5587052.737016310915351, 8087844.580755442380905 ], [ 5587090.634527992457151, 8087851.872506393119693 ], [ 5587110.244731780141592, 8087857.0728106983006 ], [ 5587120.537247377447784, 8087866.886299530975521 ], [ 5587122.745087530463934, 8087881.266701274551451 ], [ 5587137.318245835602283, 8087885.954630867578089 ], [ 5587169.071710783988237, 8087885.994111022911966 ], [ 5587201.167813200503588, 8087887.602646768093109 ], [ 5587222.839777478016913, 8087887.106800270266831 ], [ 5587237.088052204810083, 8087894.583649957552552 ], [ 5587250.931265653111041, 8087918.472362594678998 ], [ 5587257.58873019553721, 8087936.272773259319365 ], [ 5587262.794904270209372, 8087958.784503449685872 ], [ 5587250.356125638820231, 8087996.532024407759309 ], [ 5587226.879657704383135, 8088047.625630537979305 ], [ 5587217.174080959521234, 8088068.13875081576407 ], [ 5587204.971612146124244, 8088081.684840312227607 ], [ 5587183.334012014791369, 8088093.109444187022746 ], [ 5587166.981909778900445, 8088095.832900694571435 ], [ 5587146.604227675125003, 8088093.956753013655543 ], [ 5587131.039477824233472, 8088097.424926484934986 ], [ 5587122.75058217626065, 8088110.892701130360365 ], [ 5587118.930782186798751, 8088149.394947814755142 ], [ 5587124.845627872273326, 8088168.773193961009383 ], [ 5587136.035099483095109, 8088179.439535722136497 ], [ 5587162.935300468467176, 8088192.882336189039052 ], [ 5587169.413137427531183, 8088202.882469734176993 ], [ 5587180.028183052316308, 8088222.148926332592964 ], [ 5587184.413776455447078, 8088243.127425233833492 ], [ 5587180.240447554737329, 8088265.851034369319677 ], [ 5587182.972974839620292, 8088282.962841404601932 ], [ 5587185.232312850654125, 8088313.352918703109026 ], [ 5587188.445399384014308, 8088385.833966269157827 ], [ 5587189.93972465954721, 8088417.013058413751423 ], [ 5587195.628565740771592, 8088460.592364244163036 ], [ 5587207.671878769993782, 8088508.715995813719928 ], [ 5587217.657595923170447, 8088535.027540867216885 ], [ 5587221.897302630357444, 8088549.761427197605371 ], [ 5587227.205026313662529, 8088569.49057914596051 ], [ 5587216.531806604936719, 8088581.44744935259223 ], [ 5587205.903732495382428, 8088595.737979034893215 ], [ 5587212.673070021905005, 8088618.216288580559194 ], [ 5587220.736443710513413, 8088628.960683646611869 ], [ 5587239.573475572280586, 8088631.648060971871018 ], [ 5587245.995616300962865, 8088639.314852420240641 ], [ 5587236.873843101784587, 8088650.449168511666358 ], [ 5587217.776705912314355, 8088670.396040093153715 ], [ 5587198.432406719774008, 8088679.420111589133739 ], [ 5587175.748631645925343, 8088679.166188064962626 ], [ 5587158.890888473019004, 8088660.033160681836307 ], [ 5587132.755183619447052, 8088645.80117295589298 ], [ 5587103.840338352136314, 8088646.45865657646209 ], [ 5587086.801872406154871, 8088653.871370990760624 ], [ 5587081.807738728821278, 8088675.061648338101804 ], [ 5587078.399038502946496, 8088696.996165402233601 ], [ 5587055.916834751144052, 8088705.320083415135741 ], [ 5587027.545204318128526, 8088746.378811402246356 ], [ 5587014.074664879590273, 8088786.434617099352181 ], [ 5589597.784233249723911, 8089101.011560307815671 ], [ 5589615.291555321775377, 8089093.260759280994534 ], [ 5589635.310525881126523, 8089092.965792907401919 ], [ 5589664.82633928116411, 8089065.279101116582751 ], [ 5589670.356729438528419, 8089034.264841028489172 ], [ 5589689.262357814237475, 8089012.519241128116846 ], [ 5589704.454001978039742, 8088995.983672751113772 ], [ 5589698.38862900622189, 8088972.53996161557734 ], [ 5589712.317929035052657, 8088902.912609851919115 ], [ 5589731.038307406008244, 8088767.121754361316562 ], [ 5589736.346667094156146, 8088708.626894373446703 ], [ 5589757.795779354870319, 8088626.241515310481191 ], [ 5589775.643608898855746, 8088553.755273507907987 ], [ 5589784.008120962418616, 8088514.698287986218929 ], [ 5589784.306268326938152, 8088416.839948771521449 ], [ 5589791.121037971228361, 8088354.854842907749116 ], [ 5589818.028966957703233, 8088233.439733454957604 ], [ 5589849.407310036942363, 8088140.728780459612608 ], [ 5589941.36526769772172, 8087923.824844932183623 ], [ 5590028.501602718606591, 8087712.917903372086585 ], [ 5590140.73687930777669, 8087512.042808401398361 ], [ 5590321.509339678101242, 8087404.171516952104867 ], [ 5593461.011146443895996, 8085530.233465932309628 ], [ 5593524.390973221510649, 8085605.109876962378621 ], [ 5593589.348194047808647, 8085673.791341610252857 ], [ 5593652.763226630166173, 8085719.965856579132378 ], [ 5593705.514530732296407, 8085743.162789246998727 ], [ 5593770.841242887079716, 8085744.545979578047991 ], [ 5594015.925766346976161, 8085682.323591652326286 ], [ 5594201.180658281780779, 8085627.475793588906527 ], [ 5594261.234737642109394, 8085605.435023123398423 ], [ 5594301.243834488093853, 8085573.464846030808985 ], [ 5594326.997936388477683, 8085517.253212893381715 ], [ 5594369.949476017616689, 8085360.54083654563874 ], [ 5594390.946958453394473, 8085323.126096318475902 ], [ 5594517.444762974046171, 8085152.209981215186417 ], [ 5594746.645246680825949, 8084848.759377609007061 ], [ 5594781.212018001824617, 8084824.050823418423533 ], [ 5594833.927815014496446, 8084781.235853990539908 ], [ 5594884.64832762721926, 8084735.28691368829459 ], [ 5594941.180685443803668, 8084666.250670158304274 ], [ 5594999.563355257734656, 8084588.364433920942247 ], [ 5594948.977084531448781, 8084610.22347710840404 ], [ 5594886.667027343064547, 8084626.594695443287492 ], [ 5594848.913540692999959, 8084623.483984609134495 ], [ 5594804.118047146126628, 8084600.905304490588605 ], [ 5594755.797877781093121, 8084560.914192464202642 ], [ 5594727.65759211499244, 8084542.168063223361969 ], [ 5594670.429934171959758, 8084512.765306312590837 ], [ 5594612.220304915681481, 8084489.140007302165031 ], [ 5594565.391013026237488, 8084460.592690766789019 ], [ 5594531.267871581017971, 8084433.979593118652701 ], [ 5594495.698539881035686, 8084397.077647997997701 ], [ 5594453.901723649352789, 8084343.108428636565804 ], [ 5594431.149026301689446, 8084311.595939699560404 ], [ 5594411.090190283954144, 8084293.783421346917748 ], [ 5594212.452278619632125, 8084186.825905659236014 ], [ 5594188.916455248370767, 8084167.968453168869019 ], [ 5594162.686688110232353, 8084135.399922260083258 ], [ 5594070.795092418789864, 8084018.549105278216302 ], [ 5592926.284591530449688, 8082929.076981412246823 ], [ 5592840.397677833214402, 8082906.85967817902565 ], [ 5592708.18281361181289, 8082702.423367627896369 ], [ 5592579.949170337058604, 8082529.007760856300592 ], [ 5592444.415571946650743, 8082435.187401654198766 ], [ 5592403.084821838885546, 8082378.668242666870356 ], [ 5592398.547108147293329, 8082346.351485259830952 ], [ 5592447.450170540250838, 8082287.272420046851039 ], [ 5592621.506013272330165, 8082046.883947300724685 ], [ 5592737.600383851677179, 8081947.343881290405989 ], [ 5593015.308997010812163, 8081706.012546574696898 ], [ 5593320.346534252166748, 8081486.314055424183607 ], [ 5593501.008681069128215, 8081387.64667865075171 ], [ 5593677.618275397457182, 8081262.183813943527639 ], [ 5593774.772098883055151, 8081175.693046424537897 ], [ 5593868.860543670132756, 8081091.380883939564228 ], [ 5593970.196728267706931, 8081026.718734851107001 ], [ 5594026.306052428670228, 8080978.400260838679969 ], [ 5594184.717304497025907, 8080890.777277629822493 ], [ 5594279.047726976685226, 8080832.954695709981024 ], [ 5594313.091852718032897, 8080802.955546699464321 ], [ 5594331.547265173867345, 8080735.666060162708163 ], [ 5594337.892307102680206, 8080651.302114999853075 ], [ 5594362.738294405862689, 8080604.155064999125898 ], [ 5594449.338269725441933, 8080592.437276648357511 ], [ 5592825.569755900651217, 8075640.130472364835441 ], [ 5592814.95947059057653, 8075636.935249094851315 ], [ 5592783.052955904975533, 8075636.859362790361047 ], [ 5592745.199013223871589, 8075650.288713503628969 ], [ 5592693.828703531995416, 8075644.994440097361803 ], [ 5592657.056105533614755, 8075646.916429623961449 ], [ 5592565.850259496830404, 8075632.879515763372183 ], [ 5592441.687612729147077, 8075646.051291453652084 ], [ 5592407.435193246230483, 8075643.184960438869894 ], [ 5592338.069693070836365, 8075637.477068671956658 ], [ 5592317.085680734366179, 8075635.94985190872103 ], [ 5592308.12776280194521, 8075636.198195688426495 ], [ 5592281.307306534610689, 8075639.52148356847465 ], [ 5592260.807799504138529, 8075639.670406776480377 ], [ 5592243.255944830365479, 8075638.04371372051537 ], [ 5592188.088568253442645, 8075632.357817167416215 ], [ 5592135.491693775169551, 8075626.930949511006474 ], [ 5592123.911590484902263, 8075625.131241895258427 ], [ 5592112.380640115588903, 8075625.031449986621737 ], [ 5592097.440373354591429, 8075625.45292310602963 ], [ 5592088.03491466678679, 8075625.302695004269481 ], [ 5592077.329298443160951, 8075624.322755131870508 ], [ 5592024.418110763654113, 8075611.33208223246038 ], [ 5591962.013252501375973, 8075594.768648412078619 ], [ 5591925.040246604010463, 8075586.442636304534972 ], [ 5591880.236758448183537, 8075573.216965379193425 ], [ 5591824.917075118049979, 8075547.163039216771722 ], [ 5591790.967337085865438, 8075523.848741558380425 ], [ 5591781.179941328242421, 8075517.104257820174098 ], [ 5591771.474076190963387, 8075513.54880647175014 ], [ 5591758.643377799540758, 8075512.630227417685091 ], [ 5591703.459035356529057, 8075507.811038076877594 ], [ 5591690.602371977642179, 8075505.625510323792696 ], [ 5591675.055520886555314, 8075499.036529566161335 ], [ 5591650.848762764595449, 8075480.555272323079407 ], [ 5591607.638799684122205, 8075446.644663999788463 ], [ 5591579.028028402477503, 8075423.698305765166879 ], [ 5591566.068359663709998, 8075418.313198431394994 ], [ 5591547.740385279990733, 8075413.739465927705169 ], [ 5591492.584574265405536, 8075399.956441237591207 ], [ 5591477.130290605127811, 8075396.567180687561631 ], [ 5591466.702572444453835, 8075386.794302671216428 ], [ 5591433.894355501979589, 8075355.851803340949118 ], [ 5591406.15546961966902, 8075336.571855409070849 ], [ 5591378.712788542732596, 8075327.913824014365673 ], [ 5591340.895297001115978, 8075328.985397079959512 ], [ 5591306.770002627745271, 8075333.808676294982433 ], [ 5591240.457635965198278, 8075356.809420932084322 ], [ 5591206.512415587902069, 8075372.291139530949295 ], [ 5591166.012912914156914, 8075391.709642466157675 ], [ 5591119.659006524831057, 8075404.314106741920114 ], [ 5591098.120641483925283, 8075404.936782477423549 ], [ 5591038.920706188306212, 8075399.142333610914648 ], [ 5591028.419512153603137, 8075349.974288807250559 ], [ 5591010.192631431855261, 8075175.743799986317754 ], [ 5591007.252174967899919, 8075000.582138765603304 ], [ 5591019.62593497056514, 8074825.833865477703512 ], [ 5591026.622413286007941, 8074781.975540270097554 ], [ 5591047.213577190414071, 8074652.824974446557462 ], [ 5591089.807906024158001, 8074482.862284918315709 ], [ 5591147.074589861556888, 8074317.267393475398421 ], [ 5591218.591785784810781, 8074157.275457898154855 ], [ 5591303.820519804954529, 8074004.11390008404851 ], [ 5591402.082161841914058, 8073858.958588103763759 ], [ 5591512.663717423565686, 8073722.897437874227762 ], [ 5591634.691294268704951, 8073596.967443604022264 ], [ 5591767.25760231167078, 8073482.150994720868766 ], [ 5591909.345327618531883, 8073379.300262914970517 ], [ 5592059.871554806828499, 8073289.202641144394875 ], [ 5592217.69742030557245, 8073212.547109437175095 ], [ 5592381.606853758916259, 8073149.924855375662446 ], [ 5592550.369670570828021, 8073101.805207217112184 ], [ 5592722.688757500611246, 8073068.548286719247699 ], [ 5592897.242879089899361, 8073050.41488749999553 ], [ 5593072.728516933508217, 8073047.543018184602261 ], [ 5593247.785482728853822, 8073059.950058752670884 ], [ 5593421.09316847845912, 8073087.55220147408545 ], [ 5593578.61609928496182, 8073127.43263710103929 ], [ 5593606.847237265668809, 8073135.463723661378026 ], [ 5590703.694766961038113, 8064964.598909610882401 ], [ 5590480.555056653916836, 8064280.165258491411805 ], [ 5590177.761163016781211, 8063545.896223100833595 ], [ 5590183.822655534371734, 8063512.672240800224245 ], [ 5590188.353117344900966, 8063456.719500964507461 ], [ 5590166.880886229686439, 8063317.790649205446243 ], [ 5590103.10169312544167, 8063241.283054051920772 ], [ 5590056.142887910827994, 8063196.489432410337031 ], [ 5590008.161622103303671, 8063187.152886049821973 ], [ 5589914.43502608127892, 8063174.841739939525723 ], [ 5589876.537429198622704, 8063141.593793318606913 ], [ 5589855.312325024046004, 8063046.66991207934916 ], [ 5589857.074154928326607, 8062895.257495512254536 ], [ 5589834.743770524859428, 8062832.579524519853294 ], [ 5589841.97715057246387, 8062799.088166724890471 ], [ 5589874.969771964475513, 8062769.151784650050104 ], [ 5589911.462202452123165, 8062683.2815947169438 ], [ 5589978.99026832357049, 8062570.756103489547968 ], [ 5590030.780174859799445, 8062481.760996441356838 ], [ 5590061.335796095430851, 8062403.04587715305388 ], [ 5590074.637877216562629, 8062313.567873954772949 ], [ 5590103.807986323721707, 8062169.942372321151197 ], [ 5590080.126352035440505, 8061919.446920213289559 ], [ 5590005.039548004977405, 8061382.756342064589262 ], [ 5590126.166889928281307, 8061243.972760383971035 ], [ 5590280.671077602542937, 8061194.387142051011324 ], [ 5590391.634609395638108, 8061270.598110150545835 ], [ 5590575.017329951748252, 8061267.962805231101811 ], [ 5590739.213849178515375, 8061228.277115173637867 ], [ 5590757.69159023091197, 8061037.40009427536279 ], [ 5590770.575974740087986, 8060613.334973128512502 ], [ 5590607.798518623225391, 8060013.989357676357031 ], [ 5590572.958887397311628, 8059603.591447380371392 ], [ 5590540.959156229160726, 8059242.271889275871217 ], [ 5590620.456484221853316, 8059174.069823578000069 ], [ 5590774.165658097714186, 8059044.879481162875891 ], [ 5590795.124014522880316, 8058989.525071825832129 ], [ 5590792.219695182517171, 8058889.775126384571195 ], [ 5590775.949684177525342, 8058806.516555415466428 ], [ 5590716.406446228735149, 8058593.560618133284152 ], [ 5590601.717364745214581, 8058459.49608245305717 ], [ 5590554.679635094478726, 8058323.45904971845448 ], [ 5590499.861019622534513, 8058131.838275625370443 ], [ 5590503.985200215131044, 8057921.318759477697313 ], [ 5590506.21932574082166, 8057504.736033959314227 ], [ 5590381.315487950108945, 8057160.582504843361676 ], [ 5590284.546119589358568, 8056796.271416795440018 ], [ 5590300.944536007940769, 8056443.69366454705596 ], [ 5590258.732439146377146, 8056262.437024911865592 ], [ 5590174.256589544005692, 8055974.35077550727874 ], [ 5590122.527818076312542, 8055978.439691354520619 ], [ 5590104.590199073776603, 8055955.7113750083372 ], [ 5590081.114748198539019, 8055912.472820751368999 ], [ 5590041.516374508850276, 8055781.869024279527366 ], [ 5590012.010332985781133, 8055750.070799741894007 ], [ 5589963.512006146833301, 8055731.180668691173196 ], [ 5589898.679012129083276, 8055751.152447001077235 ], [ 5589817.86444104835391, 8055775.059393779374659 ], [ 5589773.786432645283639, 8055625.193419367074966 ], [ 5589712.791142909787595, 8055545.98665439337492 ], [ 5589685.589325753971934, 8055459.022555552423 ], [ 5589758.202274880371988, 8055205.709043156355619 ], [ 5589732.654393472708762, 8055032.551801152527332 ], [ 5589575.989549096673727, 8054865.3760827165097 ], [ 5589313.236778693273664, 8054928.858069404028356 ], [ 5589073.546700965613127, 8054798.437613565474749 ], [ 5588917.917673340067267, 8054595.790653145872056 ], [ 5588629.64795109629631, 8054522.614000990986824 ], [ 5588398.407945724204183, 8054541.144762495532632 ], [ 5588277.54777878895402, 8054511.393050679937005 ], [ 5588222.21391508821398, 8054477.576650444418192 ], [ 5588191.893018068745732, 8054351.796526612713933 ], [ 5588152.86914389859885, 8054173.663283285684884 ], [ 5588113.619538280181587, 8053881.761782762594521 ], [ 5588063.685684661380947, 8053786.597704902291298 ], [ 5588018.837581136263907, 8053690.229268426075578 ], [ 5588052.385787222534418, 8053609.814995340071619 ], [ 5588107.087344285100698, 8053532.787787427194417 ], [ 5588100.712100208736956, 8053437.734655056148767 ], [ 5588035.418655104935169, 8053218.00128972530365 ], [ 5587853.954087250865996, 8053088.937978196889162 ], [ 5587728.888028240762651, 8052872.490285152569413 ], [ 5587643.833483882248402, 8052653.265865618363023 ], [ 5587656.037953115999699, 8052478.524172388017178 ], [ 5587644.56181754078716, 8052139.269832128658891 ], [ 5587551.09535276889801, 8052028.20527564547956 ], [ 5587489.708573484793305, 8051957.315434639342129 ], [ 5587472.900181560777128, 8051684.933633245527744 ], [ 5587387.659601418301463, 8051485.508292463608086 ], [ 5587250.518730932846665, 8051212.559992237947881 ], [ 5587098.436645994894207, 8051060.269515804946423 ], [ 5587002.304449078626931, 8050927.810941589064896 ], [ 5586909.636120295152068, 8050773.791152664460242 ], [ 5586773.786015998572111, 8050673.68887291289866 ], [ 5586771.234306572005153, 8050559.167254146188498 ], [ 5586678.43268221244216, 8050404.495288614183664 ], [ 5586680.432049754075706, 8050312.813912333920598 ], [ 5586636.189079334959388, 8050232.229529455304146 ], [ 5586561.990335669368505, 8050210.025635818019509 ], [ 5586523.427037167362869, 8050191.488463038578629 ], [ 5586535.031130135059357, 8050060.043261548504233 ], [ 5586484.037675532512367, 8049940.103941690176725 ], [ 5586399.545254996046424, 8049787.625586930662394 ], [ 5586273.899415818043053, 8049667.42255362123251 ], [ 5586255.603706955909729, 8049582.369724922813475 ], [ 5586182.235857243649662, 8049501.642814639955759 ], [ 5586114.154106086120009, 8049484.797780859284103 ], [ 5586056.849824476055801, 8049424.31868816819042 ], [ 5585967.283264719881117, 8049424.343154840171337 ], [ 5585952.072332182899117, 8049339.41208897344768 ], [ 5585982.554356553591788, 8049284.897885323502123 ], [ 5586060.19902999419719, 8049113.916980544105172 ], [ 5585973.886863662861288, 8048995.905736785382032 ], [ 5585857.501292537897825, 8048986.669565359130502 ], [ 5585649.933401733636856, 8049042.839638005942106 ], [ 5585526.308325421065092, 8048981.396328982897103 ], [ 5585466.821404177695513, 8048844.502611883915961 ], [ 5585164.754127106629312, 8048627.237784923054278 ], [ 5584687.747188319452107, 8048583.123798687011003 ], [ 5584459.272719157859683, 8048553.261077890172601 ], [ 5584334.633303361013532, 8048492.509223447181284 ], [ 5584174.568866889923811, 8048588.871448120102286 ], [ 5584095.58379362616688, 8048550.355326523073018 ], [ 5584009.090826204046607, 8048514.791899215430021 ], [ 5583840.931548757478595, 8048372.619424337521195 ], [ 5583781.392724113538861, 8048299.203904768452048 ], [ 5583752.554141793400049, 8048223.831186312250793 ], [ 5583696.217629323713481, 8048154.625818887725472 ], [ 5583598.713675150647759, 8048009.326488048769534 ], [ 5583531.470640076324344, 8047971.302869824692607 ], [ 5583500.141010900959373, 8047990.389878544956446 ], [ 5583469.540043574757874, 8048003.095759647898376 ], [ 5583431.517595249228179, 8048011.469001084566116 ], [ 5583394.092540894635022, 8048021.403723161667585 ], [ 5583370.341818913817406, 8048037.791433535516262 ], [ 5583357.263108413666487, 8048058.172948269173503 ], [ 5583344.032683687284589, 8048089.833272613584995 ], [ 5583328.683336464688182, 8048127.181040829978883 ], [ 5583307.253418941050768, 8048170.942506952211261 ], [ 5583290.374547252431512, 8048195.803656474687159 ], [ 5583269.362869588658214, 8048211.433586973696947 ], [ 5583247.609749768860638, 8048223.093324165791273 ], [ 5583211.13800934702158, 8048230.387045194394886 ], [ 5583174.217820225283504, 8048232.823670089244843 ], [ 5583119.315614771097898, 8048228.953935624100268 ], [ 5583067.061252044513822, 8048222.261085479520261 ], [ 5583032.642144583165646, 8048216.430559588596225 ], [ 5582992.95565096847713, 8048217.590453743934631 ], [ 5582957.562327143736184, 8048225.45289246365428 ], [ 5582921.352664180099964, 8048252.47415854409337 ], [ 5582903.017326822504401, 8048281.713253700174391 ], [ 5582880.575272780843079, 8048311.071156062185764 ], [ 5582848.106317297555506, 8048325.686700621619821 ], [ 5582818.070151882246137, 8048329.302130156196654 ], [ 5582783.700728660449386, 8048324.826191902160645 ], [ 5582746.188477990217507, 8048306.776292705908418 ], [ 5582708.99210228677839, 8048299.65796431992203 ], [ 5582676.178397941403091, 8048301.974831754341722 ], [ 5582658.659233916550875, 8048312.054779031313956 ], [ 5582653.922737702727318, 8048338.164947953075171 ], [ 5582661.624934870749712, 8048368.029204102233052 ], [ 5582673.444097435101867, 8048397.763254958204925 ], [ 5582696.243269783444703, 8048428.547283319756389 ], [ 5582726.005384378135204, 8048463.232666147872806 ], [ 5582757.091121888719499, 8048498.146593159064651 ], [ 5582781.789886258542538, 8048524.461536008864641 ], [ 5582802.628742688335478, 8048537.378956999629736 ], [ 5582822.602615913376212, 8048538.368818614631891 ], [ 5582855.326544025912881, 8048532.196250880137086 ], [ 5582901.553207777440548, 8048519.917910718359053 ], [ 5582953.137258184142411, 8048503.392733255401254 ], [ 5582984.582060908898711, 8048501.104015057906508 ], [ 5583027.322854837402701, 8048510.796724688261747 ], [ 5583068.971263637766242, 8048530.094189970754087 ], [ 5583112.028145442716777, 8048550.718428827822208 ], [ 5583156.1881172535941, 8048561.737446612678468 ], [ 5583200.021496264263988, 8048561.825001835823059 ], [ 5583238.548235489055514, 8048567.547642390243709 ], [ 5583263.7701315889135, 8048587.320378253236413 ], [ 5583274.023760964162648, 8048610.261691684834659 ], [ 5583275.011126245371997, 8048644.412140442989767 ], [ 5583262.417296753264964, 8048683.058603195473552 ], [ 5583240.133117497898638, 8048717.882757897488773 ], [ 5583211.004595992155373, 8048752.916109102778137 ], [ 5583190.06072246376425, 8048782.308770354837179 ], [ 5583162.378930977545679, 8048820.001966478303075 ], [ 5583142.75288244150579, 8048852.002645453438163 ], [ 5583138.224392484873533, 8048884.933940805494785 ], [ 5583147.2955178366974, 8048914.736430253833532 ], [ 5583162.974327571690083, 8048936.142064282670617 ], [ 5583184.179299212992191, 8048958.766475684940815 ], [ 5583216.56178330630064, 8048989.261865145526826 ], [ 5583257.118441706523299, 8049018.153023494407535 ], [ 5583297.9122030204162, 8049055.242909320630133 ], [ 5583333.190844940021634, 8049091.12480678036809 ], [ 5583378.012659651227295, 8049125.362802965566516 ], [ 5583414.315850809216499, 8049148.917626638896763 ], [ 5583446.433278125710785, 8049169.858383305370808 ], [ 5583482.489267010241747, 8049185.225753913633525 ], [ 5583519.726984397508204, 8049193.709689806215465 ], [ 5583551.607498819939792, 8049206.4515315387398 ], [ 5583568.548519821837544, 8049223.739909286610782 ], [ 5583585.686819381080568, 8049247.849508905783296 ], [ 5583600.374472551979125, 8049281.603357590734959 ], [ 5583616.030026860535145, 8049317.975454930216074 ], [ 5583628.126640741713345, 8049357.252556307241321 ], [ 5583632.038755751214921, 8049398.145403832197189 ], [ 5583634.276394960470498, 8049428.145842696540058 ], [ 5583636.622276187874377, 8049462.257103906944394 ], [ 5583648.442642514593899, 8049491.980055551975965 ], [ 5583652.16809572186321, 8049526.051373885013163 ], [ 5583652.947427805513144, 8049553.369940631091595 ], [ 5583658.081346726976335, 8049588.768089996650815 ], [ 5583675.16285000462085, 8049628.167736471630633 ], [ 5583697.008943237364292, 8049657.133404116146266 ], [ 5583721.666318085044622, 8049687.451985329389572 ], [ 5583753.100517532788217, 8049715.950963220559061 ], [ 5583779.571448255330324, 8049733.686092745512724 ], [ 5583816.986068475991488, 8049744.944428375922143 ], [ 5583864.173423379659653, 8049752.205964269116521 ], [ 5583912.816468009725213, 8049766.83038686029613 ], [ 5583950.444933086633682, 8049785.476363184861839 ], [ 5583966.169437050819397, 8049801.810323776677251 ], [ 5583973.936487295664847, 8049827.981484900228679 ], [ 5583981.411836873739958, 8049872.340425879694521 ], [ 5583992.692745536565781, 8049921.214578312821686 ], [ 5584005.027331897057593, 8049962.819840392097831 ], [ 5584018.771334285847843, 8050010.555248422548175 ], [ 5584032.776667632162571, 8050065.488116476684809 ], [ 5584048.885765334591269, 8050109.430213190615177 ], [ 5584063.574883529916406, 8050147.242480171844363 ], [ 5584082.192434035241604, 8050192.346120343543589 ], [ 5584090.848146091215312, 8050235.281068153679371 ], [ 5584093.149012079462409, 8050272.229130557738245 ], [ 5584082.964784072712064, 8050304.602062246762216 ], [ 5584062.32781114988029, 8050335.465362647548318 ], [ 5584036.870727729052305, 8050366.034589352086186 ], [ 5584007.958573815412819, 8050400.172902029007673 ], [ 5583987.308669867925346, 8050424.354002717882395 ], [ 5583962.693693738430738, 8050450.995961705222726 ], [ 5583930.840830826200545, 8050477.480527267791331 ], [ 5583893.254069309681654, 8050497.048338299617171 ], [ 5583847.928699009120464, 8050516.039543624967337 ], [ 5583807.539068174548447, 8050535.65493659581989 ], [ 5583766.458215177990496, 8050555.979598984122276 ], [ 5583729.630588694475591, 8050579.03857777826488 ], [ 5583697.708545304834843, 8050601.310594849288464 ], [ 5583685.476769776083529, 8050625.347632267512381 ], [ 5583687.281124771572649, 8050648.45585417561233 ], [ 5583692.480565429665148, 8050665.183702558279037 ], [ 5583713.974006583914161, 8050690.746412268839777 ], [ 5583742.436700128018856, 8050712.682818032801151 ], [ 5583773.633871948346496, 8050730.370505171827972 ], [ 5583799.25478975661099, 8050750.26542797498405 ], [ 5583808.407884799875319, 8050771.11511183809489 ], [ 5583809.298973249271512, 8050801.944018293172121 ], [ 5583795.292639549821615, 8050830.735736822709441 ], [ 5583777.368527535349131, 8050852.235697763040662 ], [ 5583750.759256898425519, 8050872.752798995003104 ], [ 5583726.576473904773593, 8050891.965441578999162 ], [ 5583700.941432820633054, 8050914.589058601297438 ], [ 5583684.445363386534154, 8050935.89189375191927 ], [ 5583674.938112391158938, 8050954.979979956522584 ], [ 5583671.194153094664216, 8050982.373807941563427 ], [ 5583668.45875967759639, 8051020.779399615712464 ], [ 5583665.920339997857809, 8051061.592061998322606 ], [ 5583663.392494408413768, 8051102.404412598349154 ], [ 5583650.681810819543898, 8051156.575926859863102 ], [ 5583645.822560979053378, 8051202.359085129573941 ], [ 5583637.117122945375741, 8051243.32788282353431 ], [ 5583628.920631085522473, 8051301.549392128363252 ], [ 5583631.255718480795622, 8051339.730415862984955 ], [ 5583642.286716336384416, 8051378.894076659344137 ], [ 5583658.003485546447337, 8051409.282908571884036 ], [ 5583676.997440137900412, 8051445.7478614943102 ], [ 5583688.082213026471436, 8051474.636231613345444 ], [ 5583694.555013533681631, 8051504.92556061130017 ], [ 5583691.039442191831768, 8051531.412120006978512 ], [ 5583680.901134302839637, 8051559.191006327047944 ], [ 5583659.485688414424658, 8051588.196690569631755 ], [ 5583635.408904624171555, 8051611.119509050622582 ], [ 5583605.236665951088071, 8051636.675817640498281 ], [ 5583581.337809262797236, 8051665.764297681860626 ], [ 5583570.052627308294177, 8051703.127231784164906 ], [ 5583573.202455779537559, 8051726.496716099791229 ], [ 5583575.359797583892941, 8051758.534174882806838 ], [ 5583587.444368841126561, 8051791.51874231453985 ], [ 5583600.202497448772192, 8051827.964006985537708 ], [ 5583607.269416760653257, 8051858.603081561625004 ], [ 5583606.902878629043698, 8051888.211816393770278 ], [ 5583594.243246234022081, 8051920.655507760122418 ], [ 5583575.345622870139778, 8051950.800067129544914 ], [ 5583543.030455857515335, 8051987.514556664973497 ], [ 5583499.200956555083394, 8052010.996979379095137 ], [ 5583454.211061684414744, 8052036.970058936625719 ], [ 5583411.861663506366313, 8052069.048687623813748 ], [ 5583370.433573415502906, 8052089.992961663752794 ], [ 5583312.75860643107444, 8052105.235776961781085 ], [ 5583273.650328512303531, 8052121.176056327298284 ], [ 5583233.132907247170806, 8052130.98608628846705 ], [ 5583211.324560010805726, 8052146.426321521401405 ], [ 5583202.179932499304414, 8052172.608194819651544 ], [ 5583204.168886017054319, 8052198.46837841719389 ], [ 5583231.388983331620693, 8052242.101052180863917 ], [ 5583262.075177554041147, 8052277.005469738505781 ], [ 5583292.878497957251966, 8052315.59789652377367 ], [ 5583325.895508803427219, 8052345.498232354409993 ], [ 5583365.677898857742548, 8052390.079872789792717 ], [ 5583395.228783074766397, 8052428.697331115603447 ], [ 5583406.034726873040199, 8052460.451425537467003 ], [ 5583407.066403890028596, 8052496.201634485274553 ], [ 5583399.625796943902969, 8052538.367554489523172 ], [ 5583386.847705396823585, 8052567.111746503040195 ], [ 5583365.537025853060186, 8052599.816111572086811 ], [ 5583335.718022614717484, 8052637.691842650994658 ], [ 5583310.692318046465516, 8052670.503431053832173 ], [ 5583271.017197793349624, 8052709.920150698162615 ], [ 5583238.750040950253606, 8052749.111640153452754 ], [ 5583221.452577030286193, 8052792.807345676235855 ], [ 5583217.645015181042254, 8052832.421980351209641 ], [ 5583218.701424013823271, 8052869.416657968424261 ], [ 5583223.686407232657075, 8052913.714024690911174 ], [ 5583233.57130036316812, 8052956.635701587423682 ], [ 5583246.886563906446099, 8052989.584921552799642 ], [ 5583268.852251716889441, 8053022.28429726138711 ], [ 5583300.771087813191116, 8053057.175653487443924 ], [ 5583329.031582758761942, 8053093.395720461383462 ], [ 5583365.331096343696117, 8053124.002116044051945 ], [ 5583404.561428320594132, 8053154.935209406539798 ], [ 5583442.300996631383896, 8053177.272093771025538 ], [ 5583465.259280779398978, 8053201.281264334917068 ], [ 5583480.905086312443018, 8053229.204218288883567 ], [ 5583488.160066154785454, 8053266.008828787133098 ], [ 5583491.126127821393311, 8053301.436321435496211 ], [ 5583492.178877145983279, 8053338.664727419614792 ], [ 5583491.8198372265324, 8053367.461455550044775 ], [ 5583489.596321996301413, 8053386.127300041727722 ], [ 5583483.427651853300631, 8053397.657706926576793 ], [ 5583469.253959519788623, 8053412.299095867201686 ], [ 5583441.603861854411662, 8053432.244207320734859 ], [ 5583415.607558640651405, 8053449.49524568580091 ], [ 5583381.620772492140532, 8053471.468967897817492 ], [ 5583351.2312648948282, 8053489.625079994089901 ], [ 5583320.841698633506894, 8053507.781131031922996 ], [ 5583286.605785829946399, 8053521.122612165287137 ], [ 5583252.689511254429817, 8053545.551226397976279 ], [ 5583229.744397001340985, 8053564.737427659332752 ], [ 5583209.673733360134065, 8053597.405369265004992 ], [ 5583199.616818195208907, 8053634.731979091651738 ], [ 5583193.203757812269032, 8053669.485033936798573 ], [ 5583182.826792033389211, 8053695.71331213414669 ], [ 5583154.874627463519573, 8053712.575551745481789 ], [ 5583128.958083257079124, 8053714.557823847047985 ], [ 5583096.497933672741055, 8053704.387242307886481 ], [ 5583070.083809151314199, 8053689.105441877618432 ], [ 5583054.579970428720117, 8053666.092599164694548 ], [ 5583048.649142911657691, 8053631.707061088643968 ], [ 5583049.547469495795667, 8053577.366602141410112 ], [ 5583062.775798215530813, 8053521.436067763715982 ], [ 5583077.601652592420578, 8053477.812193248420954 ], [ 5583086.66590479016304, 8053449.164642456918955 ], [ 5583084.641986888833344, 8053422.071339953690767 ], [ 5583068.961131148971617, 8053392.915061129257083 ], [ 5583043.469289738684893, 8053366.499213587492704 ], [ 5583009.83553260192275, 8053357.607846798375249 ], [ 5582970.43994038272649, 8053363.681629277765751 ], [ 5582925.991824094206095, 8053366.209767610765994 ], [ 5582881.696140895597637, 8053373.658951063640416 ], [ 5582849.8868528297171, 8053385.684375794604421 ], [ 5582800.046421762555838, 8053413.429135955870152 ], [ 5582749.016585508361459, 8053444.510265700519085 ], [ 5582724.910320977680385, 8053466.17537784948945 ], [ 5582709.987136892043054, 8053506.076843744143844 ], [ 5582692.484497777186334, 8053542.361319739371538 ], [ 5582664.957799827679992, 8053573.998256581835449 ], [ 5582629.94089381955564, 8053603.393962542526424 ], [ 5582594.827944539487362, 8053629.089866460300982 ], [ 5582562.496705909259617, 8053665.801773136481643 ], [ 5582532.699195330031216, 8053704.919962223619223 ], [ 5582494.19043732713908, 8053741.8209323938936 ], [ 5582453.37526607979089, 8053784.959063099697232 ], [ 5582412.169396342709661, 8053814.532605096697807 ], [ 5582373.436873866245151, 8053844.045846885070205 ], [ 5582333.462337028235197, 8053873.594777942635119 ], [ 5582292.917688186280429, 8053903.27120921574533 ], [ 5582255.436652722768486, 8053932.725810085423291 ], [ 5582218.132920734584332, 8053968.345956025645137 ], [ 5582186.012838825583458, 8054012.444566786289215 ], [ 5582158.89962216001004, 8054058.878241548314691 ], [ 5582130.200186078436673, 8054093.016039236448705 ], [ 5582105.311544580385089, 8054130.746429663151503 ], [ 5582079.039308798499405, 8054163.591138768941164 ], [ 5582061.559439098462462, 8054201.107996709644794 ], [ 5582056.541638007387519, 8054241.979423206299543 ], [ 5582054.23434941098094, 8054291.400685354135931 ], [ 5582062.696830438449979, 8054328.181379703804851 ], [ 5582082.354457600973547, 8054367.107918616384268 ], [ 5582108.970392337068915, 8054389.778979731723666 ], [ 5582136.473905532620847, 8054400.094082161784172 ], [ 5582177.255635228008032, 8054398.919297352433205 ], [ 5582216.617738658562303, 8054391.603455797769129 ], [ 5582261.990790382027626, 8054377.943583628162742 ], [ 5582316.926711466163397, 8054352.900662500411272 ], [ 5582351.874752141535282, 8054321.039754113182425 ], [ 5582375.201670574955642, 8054272.23550424259156 ], [ 5582397.33263171184808, 8054224.699812612496316 ], [ 5582416.433318052440882, 8054200.700351055711508 ], [ 5582453.322056878358126, 8054193.46631162147969 ], [ 5582496.743123575113714, 8054198.374342104420066 ], [ 5582524.235689223743975, 8054208.678105860948563 ], [ 5582564.07709723431617, 8054223.562466713599861 ], [ 5582616.539720737375319, 8054241.785357967019081 ], [ 5582652.648145070299506, 8054250.617536257021129 ], [ 5582695.891847283579409, 8054249.359511830843985 ], [ 5582742.779645800590515, 8054245.527984574437141 ], [ 5582791.917256378568709, 8054234.237603835761547 ], [ 5582853.172215805388987, 8054213.95843837223947 ], [ 5582903.647231021896005, 8054206.320545395836234 ], [ 5582955.612796167843044, 8054207.27867494057864 ], [ 5583010.183393598534167, 8054213.109301098622382 ], [ 5583050.953809871338308, 8054211.92185533978045 ], [ 5583086.575549985282123, 8054203.489003789611161 ], [ 5583118.066339577548206, 8054180.365262601524591 ], [ 5583152.481625637039542, 8054173.201254560612142 ], [ 5583197.134156057611108, 8054178.07230784650892 ], [ 5583233.633403242565691, 8054200.456994816660881 ], [ 5583262.866212695837021, 8054227.999184614978731 ], [ 5583288.58259685523808, 8054261.802598574198782 ], [ 5583310.797506568022072, 8054303.123229181393981 ], [ 5583321.781654278747737, 8054341.065520212985575 ], [ 5583323.983273584395647, 8054374.324629401788116 ], [ 5583311.34550522826612, 8054408.012056228704751 ], [ 5583293.736602585762739, 8054440.619883492588997 ], [ 5583270.198612008243799, 8054482.037990158423781 ], [ 5583240.589624094776809, 8054527.344864329323173 ], [ 5583212.058718206360936, 8054567.672743400558829 ], [ 5583181.06535332556814, 8054608.08271408546716 ], [ 5583154.257954814471304, 8054639.287897977046669 ], [ 5583126.527651120908558, 8054663.53714401088655 ], [ 5583101.650370157323778, 8054701.26875111553818 ], [ 5583071.684345880523324, 8054734.210420071147382 ], [ 5583042.605275224894285, 8054754.795883984304965 ], [ 5583025.846378622576594, 8054773.791769907809794 ], [ 5583013.147222966887057, 8054805.012196720577776 ], [ 5583010.472269140183926, 8054840.869033878669143 ], [ 5583007.893534374423325, 8054880.436706051230431 ], [ 5583002.781057190150023, 8054917.609114989638329 ], [ 5582994.850725510157645, 8054942.521127611398697 ], [ 5582976.247182745486498, 8054983.796185991726816 ], [ 5582956.412190614268184, 8055025.106711193919182 ], [ 5582940.423776535317302, 8055071.242930662818253 ], [ 5582924.328737111762166, 8055113.679695430211723 ], [ 5582905.93811628036201, 8055162.364542691968381 ], [ 5582894.814728219993412, 8055205.903177635744214 ], [ 5582883.914877621456981, 8055256.840319321490824 ], [ 5582868.584408231079578, 8055304.814192679710686 ], [ 5582856.025745958089828, 8055340.944676695391536 ], [ 5582837.71489371266216, 8055392.050878941081464 ], [ 5582825.784012199379504, 8055450.366990610025823 ], [ 5582817.096992650069296, 8055492.567723088897765 ], [ 5582812.444360295310616, 8055545.748490650206804 ], [ 5582814.060793297365308, 8055591.57709872443229 ], [ 5582818.297061950899661, 8055609.200237166136503 ], [ 5582825.000508067198098, 8055627.274845152162015 ], [ 5582836.698360849171877, 8055648.707862920127809 ], [ 5582843.883226413279772, 8055665.790164710953832 ], [ 5582851.421452959999442, 8055704.009800953790545 ], [ 5582863.939718319103122, 8055745.087930558249354 ], [ 5582874.274440130218863, 8055773.420402053743601 ], [ 5582878.475383445620537, 8055789.076583440415561 ], [ 5582877.689054573886096, 8055800.884931509383023 ], [ 5582871.628356665372849, 8055820.650520348921418 ], [ 5582863.557484915480018, 8055838.494928373023868 ], [ 5582858.115871654823422, 8055866.114608878269792 ], [ 5582860.967960240319371, 8055889.170156439766288 ], [ 5582866.304772986099124, 8055913.655108014121652 ], [ 5582874.962105364538729, 8055930.216899700462818 ], [ 5582887.358643426559865, 8055954.14261525683105 ], [ 5582902.330119945108891, 8055975.247839085757732 ], [ 5582909.079301381483674, 8055995.278024298138916 ], [ 5582912.887396782636642, 8056016.849501426331699 ], [ 5582914.653036003001034, 8056033.532073678448796 ], [ 5582916.535094745457172, 8056057.582906309515238 ], [ 5582924.244045638479292, 8056076.629241922870278 ], [ 5582937.31191713642329, 8056092.129978990182281 ], [ 5582950.30250605288893, 8056102.729647332802415 ], [ 5582964.18150676228106, 8056108.38929508253932 ], [ 5583009.354331484995782, 8056113.480585056357086 ], [ 5583054.010916447266936, 8056118.353172440081835 ], [ 5583120.765582049265504, 8056117.663122239522636 ], [ 5583162.34287881758064, 8056117.798772196285427 ], [ 5583192.412923083640635, 8056119.744876173324883 ], [ 5583209.251266678795218, 8056124.863201553933322 ], [ 5583217.317904106341302, 8056136.027222098782659 ], [ 5583222.48567580524832, 8056150.199019367806613 ], [ 5583223.702959716320038, 8056171.444975041784346 ], [ 5583220.804044309072196, 8056199.914405344054103 ], [ 5583211.726782321929932, 8056228.561951298266649 ], [ 5583211.514594378881156, 8056264.370035661384463 ], [ 5583223.587755428627133, 8056297.34449433721602 ], [ 5583250.278103440068662, 8056322.492544572800398 ], [ 5583274.38853148277849, 8056344.01245688367635 ], [ 5583308.286368804052472, 8056361.547660828568041 ], [ 5583347.972056900151074, 8056365.340076243504882 ], [ 5583380.340683409944177, 8056358.914118131622672 ], [ 5583399.738024006597698, 8056345.523844724521041 ], [ 5583411.486222976818681, 8056326.249986834824085 ], [ 5583426.170043955557048, 8056289.012649501673877 ], [ 5583453.959322959184647, 8056265.985001029446721 ], [ 5583496.745939184911549, 8056248.706709690392017 ], [ 5583532.502526383846998, 8056245.195878773927689 ], [ 5583560.23078899178654, 8056248.087441515177488 ], [ 5583589.121003156527877, 8056257.383170988410711 ], [ 5583608.277650693431497, 8056271.051346889697015 ], [ 5583621.135577742010355, 8056285.512752098031342 ], [ 5583628.542462029494345, 8056309.170911213383079 ], [ 5583633.107652258127928, 8056330.075783899985254 ], [ 5583637.652681667357683, 8056350.28076171875 ], [ 5583647.083628276363015, 8056369.699904990382493 ], [ 5583663.446422432549298, 8056384.115793999284506 ], [ 5583677.813195680268109, 8056404.849091442301869 ], [ 5583685.834105269983411, 8056422.896839069202542 ], [ 5583697.300090945325792, 8056438.087758652865887 ], [ 5583712.874246934428811, 8056447.623037880286574 ], [ 5583738.143890862353146, 8056449.984978938475251 ], [ 5583760.435552769340575, 8056441.914508708752692 ], [ 5583785.140375693328679, 8056427.992643506266177 ], [ 5583812.883357414975762, 8056403.731602909043431 ], [ 5583830.132285989820957, 8056378.472445910796523 ], [ 5583840.781844264827669, 8056345.420458570122719 ], [ 5583849.193227862007916, 8056304.016164043918252 ], [ 5583854.372298489324749, 8056278.749474608339369 ], [ 5583868.827800611965358, 8056263.110727755352855 ], [ 5583886.903473694808781, 8056255.117239937186241 ], [ 5583905.827040676027536, 8056254.793430104851723 ], [ 5583919.950429908931255, 8056261.54625307675451 ], [ 5583941.739164621569216, 8056283.955389112234116 ], [ 5583969.967755855061114, 8056318.942959318868816 ], [ 5583991.982194719836116, 8056352.86459675244987 ], [ 5584008.571574509143829, 8056402.77594886161387 ], [ 5584018.965627452358603, 8056452.276848450303078 ], [ 5584020.510412823408842, 8056505.869163029827178 ], [ 5584007.632167657837272, 8056547.113443301990628 ], [ 5583985.683582831174135, 8056584.783514538779855 ], [ 5583960.856341881677508, 8056611.050944931805134 ], [ 5583945.040924736298621, 8056639.604446336627007 ], [ 5583939.680090889334679, 8056675.528155475854874 ], [ 5583924.783107213675976, 8056719.365616055205464 ], [ 5583909.140316221863031, 8056754.285097945481539 ], [ 5583897.587183450348675, 8056798.026008461602032 ], [ 5583887.491621596738696, 8056848.106991356238723 ], [ 5583876.368768753483891, 8056907.157047747634351 ], [ 5583866.516738025471568, 8056931.769066752865911 ], [ 5583853.632580505684018, 8056959.192635763436556 ], [ 5583834.046759095974267, 8056984.496821600943804 ], [ 5583803.830511897802353, 8057006.66082070954144 ], [ 5583764.6383165884763, 8057027.793887624517083 ], [ 5583715.29865684825927, 8057047.062493648380041 ], [ 5583663.679260181263089, 8057058.747036365792155 ], [ 5583610.018775834701955, 8057061.539748942479491 ], [ 5583551.141892243176699, 8057060.657899282872677 ], [ 5583502.315363113768399, 8057053.104015223681927 ], [ 5583450.966849859803915, 8057046.890258252620697 ], [ 5583418.447844373062253, 8057045.548378090374172 ], [ 5583394.911922928877175, 8057042.535439168103039 ], [ 5583375.189484152942896, 8057033.586385889910161 ], [ 5583352.805613943375647, 8057017.442443929612637 ], [ 5583322.617038979195058, 8056986.691188883036375 ], [ 5583289.387565773911774, 8056942.940938868559897 ], [ 5583258.030421208590269, 8056919.572742032818496 ], [ 5583212.926749762147665, 8056908.086214147508144 ], [ 5583170.638305104337633, 8056905.446718386374414 ], [ 5583124.653915887698531, 8056908.028192044235766 ], [ 5583090.471055897884071, 8056920.487513432279229 ], [ 5583060.440422376617789, 8056944.323753493838012 ], [ 5583032.329772075638175, 8056984.304386094212532 ], [ 5583013.59540497045964, 8057021.513160076923668 ], [ 5582998.917215937748551, 8057053.835183134302497 ], [ 5582994.022062345407903, 8057084.963655234314501 ], [ 5582996.771061295643449, 8057106.287722097709775 ], [ 5583002.02031375002116, 8057119.234195654280484 ], [ 5583010.280681488104165, 8057127.157286435365677 ], [ 5583013.012054131366313, 8057129.769302982836962 ], [ 5582989.740409158170223, 8057177.315537147223949 ], [ 5582973.474966325797141, 8057201.744548007845879 ] ] ] } },
{ "type": "Feature", "properties": { "lv_id": "LOC_081090", "id": 465587.0, "CD_SETOR": "521920905000003", "SITUACAO": "Rural", "CD_SIT": "5", "CD_TIPO": "0", "AREA_KM2": 0.26927347661095202, "CD_REGIAO": "5", "NM_REGIAO": "Centro-Oeste", "CD_UF": "52", "NM_UF": "Goiás", "CD_MUN": "5219209", "NM_MUN": "Santa Cruz de Goiás", "CD_DIST": "521920905", "NM_DIST": "Santa Cruz de Goiás", "CD_SUBDIST": "52192090500", "NM_SUBDIST": null, "CD_BAIRRO": null, "NM_BAIRRO": null, "CD_NU": null, "NM_NU": null, "CD_FCU": null, "NM_FCU": null, "CD_AGLOM": "521920900001", "NM_AGLOM": "Santo Antônio da Esperança", "CD_RGINT": "5201", "NM_RGINT": "Goiânia", "CD_RGI": "520006", "NM_RGI": "Pires do Rio", "CD_CONCURB": null, "NM_CONCURB": null, "mun_code_x": "5219209", "index_right": 23843, "dist_m": 0.0, "local_id": 838059, "ano": 2022, "cod_localidade_ibge": 5219209, "NR_ZONA": "32", "nr_cep": 75220000.0, "nm_localidade": "SANTA CRUZ DE GOIÁS", "nm_locvot": "ESCOLA MUNICIPAL GERALDO REZENDE MENDONÇA LADICO", "ds_endereco": "RUA PRINCIPAL S/N - POVOADO SANTO ANTONIO DA ESPERANCA", "ds_bairro": "POVOADO SANTO ANTONIO DA ESPERANCA", "pred_long": -48.5823195, "pred_lat": -17.2537453, "pred_dist": 0.0, "tse_long": -48.58268323, "tse_lat": -17.25407536, "long": -48.58268323, "lat": -17.25407536, "ID_UNICO": "LOC_081090", "SG_UF": "GO", "CD_MUNICIPIO": "95796", "NR_LOCAL_VOTACAO": "1031", "QT_SECOES_AGREGADAS": 0, "QT_ELEITORES_TRANSFERIDOS": 0, "CIRO GOMES (PDT) (NÃO ELEITO) 1T": 15.0, "CONSTITUINTE EYMAEL (DC) (NÃO ELEITO) 1T": 0.0, "FELIPE D AVILA (NOVO) (NÃO ELEITO) 1T": 0.0, "JAIR BOLSONARO (PL) (2º TURNO) 1T": 361.0, "LULA (PT) (2º TURNO) 1T": 275.0, "LÉO PÉRICLES (UP) (NÃO ELEITO) 1T": 0.0, "PADRE KELMON (PTB) (NÃO ELEITO) 1T": 0.0, "SIMONE TEBET (MDB) (NÃO ELEITO) 1T": 32.0, "SOFIA MANZANO (PCB) (NÃO ELEITO) 1T": 0.0, "SORAYA THRONICKE (UNIÃO) (NÃO ELEITO) 1T": 4.0, "VERA (PSTU) (NÃO ELEITO) 1T": 0.0, "Total_Votos_Validos 1T": 687.0, "Votos_Brancos 1T": 7.0, "Votos_Nulos 1T": 12.0, "Abstenções 1T": 170.0, "Eleitores_Aptos 1T": 876.0, "JAIR BOLSONARO (PL) (NÃO ELEITO) 2T": 397.0, "LULA (PT) (ELEITO) 2T": 263.0, "Total_Votos_Validos 2T": 660.0, "Votos_Brancos 2T": 3.0, "Votos_Nulos 2T": 15.0, "Abstenções 2T": 198.0, "Eleitores_Aptos 2T": 876.0, "mun_code_y": "5219209", "mun_code": "5219209" }, "geometry": { "type": "Polygon", "coordinates": [ [ [ 5562986.055333108641207, 8073096.674941329285502 ], [ 5562908.319567253813148, 8072739.574580037966371 ], [ 5562845.711390021257102, 8072397.429199826903641 ], [ 5562772.041009688749909, 8071959.012135351076722 ], [ 5562767.774514985270798, 8071933.432243471033871 ], [ 5562765.319808105938137, 8071874.824530232697725 ], [ 5562775.537941474467516, 8071758.325443096458912 ], [ 5562821.905106687918305, 8071381.096006931737065 ], [ 5563062.565666585229337, 8071200.314925112761557 ], [ 5563373.946950662881136, 8070869.057163028046489 ], [ 5563588.110133646056056, 8070565.355105204507709 ], [ 5563757.824705109000206, 8070325.055985975079238 ], [ 5564528.279127701185644, 8069918.877537815831602 ], [ 5564593.105738678947091, 8069859.282346368767321 ], [ 5564882.402409574016929, 8069591.511716978624463 ], [ 5565112.084339874796569, 8069217.847852527163923 ], [ 5565132.41044338606298, 8068739.491916287690401 ], [ 5565151.991163237020373, 8068688.462695219554007 ], [ 5565159.969351403415203, 8068648.003781639039516 ], [ 5565154.49735486600548, 8068600.926622075028718 ], [ 5565146.076804808340967, 8068575.950768451206386 ], [ 5565128.458425792865455, 8068470.343973215669394 ], [ 5565154.116009600460529, 8068386.222369683906436 ], [ 5565190.914112215861678, 8068350.810033287853003 ], [ 5565257.725652632303536, 8068261.888663279823959 ], [ 5565289.961496266536415, 8068238.30716388579458 ], [ 5565505.03045461140573, 8068171.610809919424355 ], [ 5565566.453823102638125, 8068115.7613285491243 ], [ 5565632.768013163469732, 8068071.835886500775814 ], [ 5565699.826564247719944, 8068020.653309850953519 ], [ 5565723.211049150675535, 8067999.528805209323764 ], [ 5565729.038407361134887, 8067959.773670963943005 ], [ 5565697.770856494084001, 8067804.882113492116332 ], [ 5565696.975662895478308, 8067785.807901392690837 ], [ 5565705.937682014890015, 8067774.354453385807574 ], [ 5565918.028674083761871, 8067801.237934845499694 ], [ 5566074.768207557499409, 8067821.166659007780254 ], [ 5566279.394755364395678, 8067851.755725271999836 ], [ 5566428.471748840995133, 8067902.696381855756044 ], [ 5566477.09292286913842, 8067925.241773441433907 ], [ 5566654.468371205963194, 8067801.456770688295364 ], [ 5567281.350562968291342, 8067356.206681289710104 ], [ 5567379.602651541121304, 8067239.820233054459095 ], [ 5567454.756083725951612, 8067155.523606553673744 ], [ 5567461.463638868182898, 8067098.668483546003699 ], [ 5567474.013382649980485, 8066864.231956453062594 ], [ 5567494.257910871878266, 8066669.864078480750322 ], [ 5567542.24494331330061, 8066602.553201273083687 ], [ 5568153.82024232763797, 8065753.101012961007655 ], [ 5568419.096117806620896, 8065379.238517838530242 ], [ 5569090.083179978653789, 8064442.867532519623637 ], [ 5569649.086375406943262, 8063653.383633731864393 ], [ 5569699.375302059575915, 8063599.048852258361876 ], [ 5569784.620027465745807, 8063530.338077231310308 ], [ 5570280.073959916830063, 8062978.802509166300297 ], [ 5570289.722977770492435, 8062951.118691478855908 ], [ 5570286.803746690042317, 8062835.702478001825511 ], [ 5570272.363050994463265, 8062774.412781368941069 ], [ 5570202.869856540113688, 8062531.217771827243268 ], [ 5570173.020637082867324, 8062438.90197457652539 ], [ 5570041.199877316132188, 8062094.944120928645134 ], [ 5570002.290800002403557, 8061952.02613281365484 ], [ 5569932.282012070529163, 8061499.471841854974627 ], [ 5569802.230674853548408, 8061295.674478066153824 ], [ 5569628.378495466895401, 8060972.174241947010159 ], [ 5569616.818014223128557, 8060934.715009495615959 ], [ 5569581.178810122422874, 8060921.153880981728435 ], [ 5568692.854507155716419, 8060973.820937239564955 ], [ 5568649.987605233676732, 8060961.694949094206095 ], [ 5567372.686794770881534, 8060296.054076095111668 ], [ 5567285.714378994889557, 8060236.450926326215267 ], [ 5567001.067261938937008, 8059630.413575413636863 ], [ 5566956.158971212804317, 8059508.218451859429479 ], [ 5566761.82230609934777, 8058684.821308232843876 ], [ 5566763.114121255464852, 8058664.132096468470991 ], [ 5566910.051200355403125, 8058415.972598635591567 ], [ 5566941.227000999264419, 8058385.631818890571594 ], [ 5566973.200441787019372, 8058376.599825321696699 ], [ 5567111.875012086704373, 8058387.833924932405353 ], [ 5567142.315411053597927, 8058381.734694646671414 ], [ 5567283.683101898059249, 8058304.276758264750242 ], [ 5567688.490318668074906, 8058318.753640154376626 ], [ 5567810.150219637900591, 8058323.390323778614402 ], [ 5568012.607358377426863, 8058300.093176732771099 ], [ 5568031.926775313913822, 8058276.685661423951387 ], [ 5564037.404411647468805, 8057451.777586862444878 ], [ 5563972.906375907361507, 8057438.547205341979861 ], [ 5563895.892008986324072, 8057417.273370295763016 ], [ 5563806.185838926583529, 8057404.555960638448596 ], [ 5563712.694711955264211, 8057382.573471487499774 ], [ 5563643.734399794600904, 8057355.194524502381682 ], [ 5563565.477113590575755, 8057331.608961133286357 ], [ 5563494.768446150235832, 8057325.397224985994399 ], [ 5563441.813136437907815, 8057323.381569439545274 ], [ 5563365.999987232498825, 8057303.239703539758921 ], [ 5563295.536252511665225, 8057264.175154305994511 ], [ 5563223.905296389944851, 8057225.1540492689237 ], [ 5563151.538470598869026, 8057204.371001068502665 ], [ 5563088.884349785745144, 8057192.065079770982265 ], [ 5563019.116352094337344, 8057177.62275587208569 ], [ 5562944.049690847285092, 8057164.428039624355733 ], [ 5562882.458890015259385, 8057160.939612246118486 ], [ 5562822.634959056973457, 8057167.127575263381004 ], [ 5562753.248512457124889, 8057170.235664278268814 ], [ 5562703.62242453545332, 8057165.658115267753601 ], [ 5562664.958069151267409, 8057151.038829194381833 ], [ 5562629.23583691008389, 8057134.09243372362107 ], [ 5562604.641604896634817, 8057113.09080115146935 ], [ 5562588.893708541989326, 8057086.596873329952359 ], [ 5562576.357764190062881, 8057067.494074312970042 ], [ 5562560.96304668020457, 8057053.717069138772786 ], [ 5562542.429041572846472, 8057034.781035371124744 ], [ 5562526.10435214266181, 8057014.294152060523629 ], [ 5562511.625250233337283, 8056979.539801030419767 ], [ 5562496.927706963382661, 8056937.299982663244009 ], [ 5562490.967976585030556, 8056905.17645950615406 ], [ 5562487.079163165763021, 8056883.35458717495203 ], [ 5562483.357225192710757, 8056875.577498784288764 ], [ 5562476.542422393336892, 8056869.286897571757436 ], [ 5562465.74208655115217, 8056864.474254169501364 ], [ 5562446.774048699066043, 8056865.101638793945312 ], [ 5562430.337826392613351, 8056870.438086844980717 ], [ 5562420.768089800141752, 8056877.039701401256025 ], [ 5562414.304130305536091, 8056889.890541614964604 ], [ 5562412.607066616415977, 8056902.619976412504911 ], [ 5562414.145466635003686, 8056921.294932368211448 ], [ 5562419.20870191976428, 8056934.525568864308298 ], [ 5562424.811994227580726, 8056942.717195430770516 ], [ 5562440.70335587952286, 8056959.081363020464778 ], [ 5562446.286793624050915, 8056966.940088937059045 ], [ 5562448.526481048204005, 8056974.902885944582522 ], [ 5562448.484771654009819, 8056985.263264482840896 ], [ 5562445.861987737007439, 8056998.707571729086339 ], [ 5562439.810509744100273, 8057009.579582092352211 ], [ 5562430.961840471252799, 8057016.516817257739604 ], [ 5562419.646448609419167, 8057019.176637016236782 ], [ 5562406.664635312743485, 8057021.893886523321271 ], [ 5562393.276681642048061, 8057022.610595257952809 ], [ 5562380.842818357981741, 8057020.95550393499434 ], [ 5562361.561158029362559, 8057014.500094372779131 ], [ 5562336.788286490365863, 8057003.506754100322723 ], [ 5562327.048498621210456, 8057002.45477211009711 ], [ 5562317.730294998735189, 8057004.725574510172009 ], [ 5562307.563825331628323, 8057012.032820476219058 ], [ 5562300.703056626021862, 8057018.247835816815495 ], [ 5562296.197688355110586, 8057024.730837515555322 ], [ 5562290.127315247431397, 8057034.925285610370338 ], [ 5562287.081464725546539, 8057045.38024119194597 ], [ 5562283.372308747842908, 8057064.856789248995483 ], [ 5562280.618246738798916, 8057073.958715641871095 ], [ 5562276.772114139050245, 8057080.078821232542396 ], [ 5562270.40853379946202, 8057091.959769344888628 ], [ 5562266.363368888385594, 8057102.775935757905245 ], [ 5562262.212701829150319, 8057121.275502456352115 ], [ 5562260.275689705274999, 8057135.701034382916987 ], [ 5562259.928189482539892, 8057153.80592318624258 ], [ 5562265.029231801629066, 8057191.755307577550411 ], [ 5562275.296808787621558, 8057246.278103211894631 ], [ 5562276.533463122323155, 8057251.790129311382771 ], [ 5562280.921834179200232, 8057259.081899266690016 ], [ 5562314.737792564556003, 8057302.668963324278593 ], [ 5562321.204637164250016, 8057309.43614386767149 ], [ 5562325.704526981338859, 8057312.323267146013677 ], [ 5562334.177224883809686, 8057315.566820004023612 ], [ 5562360.317080759443343, 8057318.764001745730639 ], [ 5562370.137532819993794, 8057320.803010244853795 ], [ 5562381.826447472907603, 8057322.790087615139782 ], [ 5562391.880153114907444, 8057324.811489530839026 ], [ 5562400.575808240100741, 8057328.048823473975062 ], [ 5562415.088829826563597, 8057336.470804023556411 ], [ 5562423.62567454110831, 8057342.024471361190081 ], [ 5562429.107157723978162, 8057346.97392332740128 ], [ 5562434.20719176158309, 8057354.257018534466624 ], [ 5562436.300704358145595, 8057362.312807466834784 ], [ 5562436.652592035010457, 8057374.607370097190142 ], [ 5562437.046765985898674, 8057380.387347470037639 ], [ 5562439.260562584735453, 8057384.738487510941923 ], [ 5562445.414504930377007, 8057388.268755360506475 ], [ 5562479.07589908875525, 8057394.502361216582358 ], [ 5562491.707598672248423, 8057397.152320260182023 ], [ 5562499.94032266177237, 8057400.169077854603529 ], [ 5562510.356513194739819, 8057406.826450747437775 ], [ 5562519.88146566413343, 8057414.675673947669566 ], [ 5562528.51487189065665, 8057423.705642377957702 ], [ 5562549.190569040365517, 8057454.719887094572186 ], [ 5562554.091193694621325, 8057463.620198869146407 ], [ 5562556.146517457440495, 8057470.298787603154778 ], [ 5562557.280246038921177, 8057477.458711829036474 ], [ 5562556.581706804223359, 8057485.592118036001921 ], [ 5562553.724257037043571, 8057494.797005463391542 ], [ 5562546.981284881010652, 8057511.001228122971952 ], [ 5562540.786844315007329, 8057522.088390213437378 ], [ 5562538.13009197358042, 8057527.041743963956833 ], [ 5562537.347984130494297, 8057532.165290749631822 ], [ 5562540.084249882027507, 8057538.113590499386191 ], [ 5562546.058817709796131, 8057543.982993634417653 ], [ 5562595.611166381277144, 8057596.391339126974344 ], [ 5562599.25196177419275, 8057601.625361071899533 ], [ 5562601.97115690074861, 8057607.340718819759786 ], [ 5562602.819840252399445, 8057612.652355408295989 ], [ 5562602.303674042224884, 8057618.935596657916903 ], [ 5562600.386140416376293, 8057625.257792277261615 ], [ 5562596.588974149897695, 8057630.465154882520437 ], [ 5562590.171450614929199, 8057633.900254584848881 ], [ 5562580.226724947802722, 8057635.810597137548029 ], [ 5562551.414382522925735, 8057636.633684024214745 ], [ 5562543.749636665917933, 8057636.85783848632127 ], [ 5562535.189182545058429, 8057638.496266316622496 ], [ 5562529.459381830878556, 8057641.445396535098553 ], [ 5562524.284389868378639, 8057647.157865810208023 ], [ 5562519.643279633484781, 8057655.645370658487082 ], [ 5562514.919447208754718, 8057668.425578828901052 ], [ 5562512.446836281567812, 8057673.507183197885752 ], [ 5562507.959777065552771, 8057679.889657437801361 ], [ 5562501.771406693384051, 8057685.074527655728161 ], [ 5562495.615867903456092, 8057688.38004091847688 ], [ 5562486.87511729169637, 8057691.179415262304246 ], [ 5562480.342956366948783, 8057692.016736057586968 ], [ 5562471.393599235452712, 8057692.276556896045804 ], [ 5562464.644656945951283, 8057693.342197465710342 ], [ 5562458.160888501442969, 8057695.923226079903543 ], [ 5562451.282667557708919, 8057699.604486716911197 ], [ 5562446.382221869193017, 8057704.108871920034289 ], [ 5562441.740782221779227, 8057709.906516395509243 ], [ 5562438.810714598745108, 8057718.413130408152938 ], [ 5562436.555680938065052, 8057731.335881889797747 ], [ 5562434.837458552792668, 8057747.522648704238236 ], [ 5562434.468175058253109, 8057757.56978056859225 ], [ 5562433.13741385564208, 8057764.364695709198713 ], [ 5562430.460001398809254, 8057770.107757113873959 ], [ 5562425.770146894268692, 8057774.161677587777376 ], [ 5562404.783505534753203, 8057789.372184988111258 ], [ 5562401.023504508659244, 8057795.15643391944468 ], [ 5562400.938149960711598, 8057799.738194490782917 ], [ 5562403.016851188614964, 8057803.815225802361965 ], [ 5562407.699955289252102, 8057807.175221998244524 ], [ 5562412.99258919339627, 8057808.762107785791159 ], [ 5562421.524905147962272, 8057809.169702811166644 ], [ 5562431.290623382665217, 8057806.930991366505623 ], [ 5562440.390548003837466, 8057804.054988297633827 ], [ 5562444.077524079009891, 8057803.296751573681831 ], [ 5562447.617032550275326, 8057804.498857040889561 ], [ 5562448.578202055767179, 8057807.73996748868376 ], [ 5562448.155421888455749, 8057815.476660936139524 ], [ 5562447.061334140598774, 8057823.14308756776154 ], [ 5562444.21997098904103, 8057830.635764303617179 ], [ 5562438.768651526421309, 8057838.645562256686389 ], [ 5562427.015318159013987, 8057848.130921581760049 ], [ 5562417.587481256574392, 8057854.506140445359051 ], [ 5562410.903645862825215, 8057857.53729566000402 ], [ 5562405.936573717743158, 8057859.642662267200649 ], [ 5562403.174689933657646, 8057862.342544312588871 ], [ 5562401.803081365302205, 8057868.049313997849822 ], [ 5562402.442205688916147, 8057875.000674678012729 ], [ 5562404.768203605897725, 8057879.948923686519265 ], [ 5562420.302081752568483, 8057894.900517193600535 ], [ 5562434.524797029793262, 8057910.844428665935993 ], [ 5562439.092366750352085, 8057917.697754903696477 ], [ 5562441.424230748787522, 8057922.857026268728077 ], [ 5562443.32697993516922, 8057928.250521272420883 ], [ 5562445.386908448301256, 8057939.308313019573689 ], [ 5562446.728833165019751, 8057966.991905432194471 ], [ 5562446.523461473174393, 8057975.289421734400094 ], [ 5562445.33611009363085, 8057986.870924429036677 ], [ 5562442.283162030391395, 8058002.438979497179389 ], [ 5562439.478114827536047, 8058011.242209490388632 ], [ 5562435.75551984924823, 8058018.759357984177768 ], [ 5562431.132157323881984, 8058025.212258682586253 ], [ 5562425.233333637937903, 8058029.733234198763967 ], [ 5562418.095661494880915, 8058032.110081142745912 ], [ 5562411.673218653537333, 8058032.310740686953068 ], [ 5562401.816784830763936, 8058031.284112838096917 ], [ 5562389.857952079735696, 8058030.304772390052676 ], [ 5562381.096742074005306, 8058029.692309410311282 ], [ 5562374.129182737320662, 8058030.541656793095171 ], [ 5562365.699385625310242, 8058033.832465020008385 ], [ 5562299.376397220417857, 8058078.156325655058026 ], [ 5562289.5131083028391, 8058084.543533601798117 ], [ 5562232.722367893904448, 8058130.858660710975528 ], [ 5562212.72365347482264, 8058149.531475802883506 ], [ 5562203.628660107031465, 8058160.254360418766737 ], [ 5562198.659055346623063, 8058169.551110539585352 ], [ 5562195.586341742426157, 8058180.584694895893335 ], [ 5562194.182005934417248, 8058192.394457180984318 ], [ 5562194.640586664900184, 8058200.8846834320575 ], [ 5562196.549431189894676, 8058206.500317458994687 ], [ 5562201.122804305516183, 8058213.564713072031736 ], [ 5562263.663468535989523, 8058284.142065886408091 ], [ 5562294.98399409558624, 8058315.872526049613953 ], [ 5562296.615389849990606, 8058319.528512722812593 ], [ 5562296.772493998520076, 8058325.192797839641571 ], [ 5562293.88258071243763, 8058330.941704058088362 ], [ 5562273.708042398095131, 8058358.989351305179298 ], [ 5562270.165293646976352, 8058366.101293751969934 ], [ 5562269.067159217782319, 8058372.478448868729174 ], [ 5562270.633018381893635, 8058382.582952160388231 ], [ 5562282.71214213874191, 8058415.859252754598856 ], [ 5562288.531162588857114, 8058430.291645122691989 ], [ 5562294.226977583020926, 8058440.28146181628108 ], [ 5562308.667853888124228, 8058456.041637796908617 ], [ 5562311.648683418519795, 8058460.082522258162498 ], [ 5562315.053674831986427, 8058467.924071494489908 ], [ 5562315.565316837280989, 8058474.878966276533902 ], [ 5562313.884832521900535, 8058482.861742152832448 ], [ 5562309.959238160401583, 8058489.962089695036411 ], [ 5562299.992332371883094, 8058497.219085533171892 ], [ 5562270.507907679304481, 8058511.398048365488648 ], [ 5562243.437373900786042, 8058521.052822578698397 ], [ 5562215.323830969631672, 8058527.579857875593007 ], [ 5562181.054702493362129, 8058530.142977849580348 ], [ 5562163.880565334111452, 8058529.997340297326446 ], [ 5561877.955135148018599, 8058515.625620009377599 ], [ 5561858.852745454758406, 8058514.9108029557392 ], [ 5561840.334434675052762, 8058512.267996675334871 ], [ 5561819.761683825403452, 8058508.337272791191936 ], [ 5561758.03440341539681, 8058495.833889042027295 ], [ 5561743.982132886536419, 8058493.700653020292521 ], [ 5561732.229565841145813, 8058494.037807572633028 ], [ 5561722.438651524484158, 8058496.532401269301772 ], [ 5561709.200785789638758, 8058500.400822909548879 ], [ 5561693.105281633324921, 8058504.670836362987757 ], [ 5561686.473267437890172, 8058506.133017312735319 ], [ 5561677.89513913076371, 8058506.382081475108862 ], [ 5561669.563365329056978, 8058504.401330897584558 ], [ 5561658.588629801757634, 8058498.681482031941414 ], [ 5561652.673228707164526, 8058491.876529618166387 ], [ 5561648.605331107974052, 8058483.108570983633399 ], [ 5561632.920696727931499, 8058434.704827940091491 ], [ 5561622.343266071751714, 8058408.422538042999804 ], [ 5561616.360378552228212, 8058396.495498176664114 ], [ 5561584.999619259499013, 8058343.713838014751673 ], [ 5561525.485404481180012, 8058246.908992714248598 ], [ 5561513.042315592989326, 8058225.380046593025327 ], [ 5561503.990566117689013, 8058206.991467745043337 ], [ 5561492.014091789722443, 8058178.525021117180586 ], [ 5561482.506199189461768, 8058155.558657266199589 ], [ 5561478.981075767427683, 8058146.820110316388309 ], [ 5561472.787024327553809, 8058136.855146245099604 ], [ 5561423.849939428269863, 8058070.522877039387822 ], [ 5561411.626338563859463, 8058056.145808067172766 ], [ 5561398.444170285016298, 8058042.451096209697425 ], [ 5561364.59820310305804, 8058005.788175227120519 ], [ 5561354.476391094736755, 8057995.943240411579609 ], [ 5561340.352158421650529, 8057983.908519996330142 ], [ 5561330.091247773729265, 8057975.945844862610102 ], [ 5561076.184162458404899, 8057822.920872189104557 ], [ 5560929.613151887431741, 8057739.098735155537724 ], [ 5560906.877315495163202, 8057723.390106453560293 ], [ 5560890.755492310971022, 8057709.798931015655398 ], [ 5560878.21422169636935, 8057695.441639500670135 ], [ 5560870.369167413562536, 8057684.544274619780481 ], [ 5560862.960152645595372, 8057669.055542930960655 ], [ 5560857.618250806815922, 8057654.165299875661731 ], [ 5560854.168157648295164, 8057636.610663089901209 ], [ 5560844.273513004183769, 8057577.376421372406185 ], [ 5560841.224457007832825, 8057562.411528890021145 ], [ 5560826.658270974643528, 8057544.753699526190758 ], [ 5560798.572221487760544, 8057533.039008201099932 ], [ 5560775.915175362490118, 8057502.123168429359794 ], [ 5560442.381544294767082, 8057242.109044409357011 ], [ 5560414.861509004607797, 8057283.484357012435794 ], [ 5560373.612313111312687, 8057335.532000610604882 ], [ 5560307.301046919077635, 8057399.532609088346362 ], [ 5560218.543574322015047, 8057482.88246419839561 ], [ 5560058.369725259020925, 8057639.741944613866508 ], [ 5559966.728358313441277, 8057727.237799661234021 ], [ 5559937.943614632822573, 8057755.209377189166844 ], [ 5559881.705304840579629, 8057827.042730834335089 ], [ 5559863.653288408182561, 8057848.937655102461576 ], [ 5559853.015058915130794, 8057858.445901434868574 ], [ 5559819.18757289275527, 8057882.344250414520502 ], [ 5559587.38020913861692, 8058040.556534432806075 ], [ 5559416.503644458018243, 8058156.469040139578283 ], [ 5559227.888565200380981, 8058283.806146395392716 ], [ 5558984.780864940956235, 8058411.711686098016798 ], [ 5558697.909667976200581, 8058555.180765296332538 ], [ 5558672.386328817345202, 8058560.886463752947748 ], [ 5558655.641046301461756, 8058560.103661028668284 ], [ 5558320.661550339311361, 8058409.418923485092819 ], [ 5558306.830922439694405, 8058406.05478208232671 ], [ 5558286.610987631604075, 8058409.113062313757837 ], [ 5557731.84546812530607, 8058539.334854187443852 ], [ 5557461.805119954049587, 8058600.497254791669548 ], [ 5557029.295720975846052, 8058697.978592295199633 ], [ 5556995.339028928428888, 8058701.102127457968891 ], [ 5556979.516279249452055, 8058896.74533695820719 ], [ 5556967.26833438128233, 8059048.878450189717114 ], [ 5556948.808130264282227, 8059311.43400527536869 ], [ 5556935.098534744232893, 8059475.788085107691586 ], [ 5556928.549838662147522, 8059530.616038797423244 ], [ 5556912.94940309971571, 8059604.453357781283557 ], [ 5556895.824534994550049, 8059654.892952049151063 ], [ 5556878.070816297084093, 8059704.105011664330959 ], [ 5556849.278256757184863, 8059759.555322956293821 ], [ 5556782.377443347126245, 8059884.137420445680618 ], [ 5556666.075774186290801, 8060096.598849670961499 ], [ 5556597.31460521928966, 8060224.353744997642934 ], [ 5556492.583076884970069, 8060423.380676394328475 ], [ 5556403.637277876958251, 8060588.231083864346147 ], [ 5556294.058185781352222, 8060795.501990132033825 ], [ 5556249.44343383051455, 8060878.246977552771568 ], [ 5556191.842556662857533, 8060988.510453755035996 ], [ 5556155.053275221958756, 8061051.679836236871779 ], [ 5556119.033746051602066, 8061099.512985613197088 ], [ 5556082.651819920167327, 8061139.553989523090422 ], [ 5556043.234586807899177, 8061177.799869230948389 ], [ 5556004.06668549310416, 8061208.859211419709027 ], [ 5555965.813017544336617, 8061234.892123986035585 ], [ 5555936.942735651507974, 8061254.732866175472736 ], [ 5555619.468793530017138, 8061460.827058736234903 ], [ 5555404.129893379285932, 8061601.647116803564131 ], [ 5555034.756855346262455, 8061843.191272820346057 ], [ 5554868.450006279163063, 8061953.621479626744986 ], [ 5554807.686039342544973, 8062003.383527169004083 ], [ 5554756.3857118524611, 8062060.37712661921978 ], [ 5554720.097342604771256, 8062109.469416106119752 ], [ 5554684.472413604147732, 8062171.968752549961209 ], [ 5554668.434790253639221, 8062207.704220743849874 ], [ 5554643.844552857801318, 8062269.590517529286444 ], [ 5554591.602354764938354, 8062412.806528786197305 ], [ 5554562.500006249174476, 8062495.120509001426399 ], [ 5554536.624615916982293, 8062564.854457706212997 ], [ 5554489.448924673721194, 8062696.373077923431993 ], [ 5554435.573165810666978, 8062845.267182175070047 ], [ 5554382.001780513674021, 8062994.452630144543946 ], [ 5554327.205965021625161, 8063142.426386483944952 ], [ 5554280.74849225115031, 8063267.689278384670615 ], [ 5554251.214300788938999, 8063323.774611440487206 ], [ 5554223.652316958643496, 8063364.502620318904519 ], [ 5554180.703525599092245, 8063421.276259349659085 ], [ 5554115.206834245473146, 8063483.644029185175896 ], [ 5554043.444287624210119, 8063535.268960257992148 ], [ 5553964.520885076373816, 8063576.453267505392432 ], [ 5553886.364254298619926, 8063612.637402818538249 ], [ 5553768.103606949560344, 8063667.707694509997964 ], [ 5553454.594233997166157, 8063813.36234821472317 ], [ 5553129.873933378607035, 8063964.306122902780771 ], [ 5552565.086819101125002, 8064227.352700505405664 ], [ 5552334.739378476515412, 8064334.493289687670767 ], [ 5552294.04683911241591, 8064353.714408366009593 ], [ 5552252.009091906249523, 8064378.584178513847291 ], [ 5552201.908272358588874, 8064414.15280373301357 ], [ 5552162.263302765786648, 8064450.048253643326461 ], [ 5552125.661789869889617, 8064488.050159880891442 ], [ 5552067.379775076173246, 8064563.659253184683621 ], [ 5552022.742938938550651, 8064646.687597209587693 ], [ 5552003.582081513479352, 8064699.995882424525917 ], [ 5551986.051644635386765, 8064758.560802727006376 ], [ 5551962.736697752960026, 8064846.010384448803961 ], [ 5551912.690155507065356, 8065026.636436755768955 ], [ 5551885.00141847319901, 8065129.19615837931633 ], [ 5551854.131339499726892, 8065246.533724588342011 ], [ 5551829.361748461611569, 8065335.278045423328876 ], [ 5551748.049850189127028, 8065635.728879580274224 ], [ 5551687.174033416435122, 8065858.187788337469101 ], [ 5551643.490127158351243, 8066020.52443315461278 ], [ 5551588.15656222961843, 8066227.206866210326552 ], [ 5551569.056159684434533, 8066304.860977248288691 ], [ 5551561.736178819090128, 8066354.412759244441986 ], [ 5551558.077984130010009, 8066417.901024302467704 ], [ 5551558.033294973894954, 8066482.558156282640994 ], [ 5551566.289977547712624, 8066544.478567462414503 ], [ 5551577.06283488124609, 8066600.407465821132064 ], [ 5551616.882951921783388, 8066758.289025343954563 ], [ 5551650.754055554978549, 8066895.094892696477473 ], [ 5551685.001011303626001, 8067034.391070976853371 ], [ 5551740.568724934011698, 8067255.245991999283433 ], [ 5551784.841402183286846, 8067434.244264501146972 ], [ 5551830.858863620087504, 8067611.328314804472029 ], [ 5551866.066235011443496, 8067753.088095147162676 ], [ 5551918.70282731577754, 8067964.965808911249042 ], [ 5551957.701939921826124, 8068114.446557642892003 ], [ 5551996.079107879661024, 8068273.923834117129445 ], [ 5552032.535008016042411, 8068428.78577327542007 ], [ 5552050.872149790637195, 8068565.391252395696938 ], [ 5552060.002668598666787, 8068681.942710593342781 ], [ 5552060.560415599495173, 8068801.849410768598318 ], [ 5552055.329268109984696, 8068906.621374385431409 ], [ 5552042.179254662245512, 8069027.521982502192259 ], [ 5552022.639836271293461, 8069221.842291725799441 ], [ 5552022.818696655333042, 8069244.941620426252484 ], [ 5552030.981564275920391, 8069281.415888139046729 ], [ 5552038.652517446316779, 8069300.11138526443392 ], [ 5552036.877400916069746, 8069333.887823129072785 ], [ 5552040.634569566696882, 8069340.342728004790843 ], [ 5552063.302090171724558, 8069371.889703487046063 ], [ 5552256.438360539264977, 8069587.149882435798645 ], [ 5552277.047672578133643, 8069620.008385221473873 ], [ 5552307.364069175906479, 8069680.397715944796801 ], [ 5552444.130555676296353, 8069987.124767142347991 ], [ 5552533.122953615151346, 8070184.271167447790504 ], [ 5552603.42802996840328, 8070342.583673821762204 ], [ 5552688.28294646833092, 8070530.162832658737898 ], [ 5552779.240820724517107, 8070733.824094131588936 ], [ 5552831.916087981313467, 8070858.563999339938164 ], [ 5552870.627656178548932, 8070975.258822005242109 ], [ 5552888.822827454656363, 8071051.591161860153079 ], [ 5552904.880257127806544, 8071158.898525321856141 ], [ 5552919.81030657608062, 8071290.918990118429065 ], [ 5552942.630812559276819, 8071482.681444568559527 ], [ 5552965.26345001719892, 8071678.50538357719779 ], [ 5552985.269161445088685, 8071865.665595953352749 ], [ 5553000.895004339516163, 8072001.412495639175177 ], [ 5553010.883571032434702, 8072083.279667126014829 ], [ 5553030.090960154309869, 8072262.960187769494951 ], [ 5553047.779064295813441, 8072375.535714890807867 ], [ 5553066.061295230872929, 8072493.562881518155336 ], [ 5553107.089183592237532, 8072695.767607994377613 ], [ 5553178.712465242482722, 8073048.627937793731689 ], [ 5553231.642072178423405, 8073036.135530443862081 ], [ 5555192.116685757413507, 8076660.154359005391598 ], [ 5557657.582104409113526, 8081216.406257492490113 ], [ 5563129.332424066029489, 8085688.802560311742127 ], [ 5563769.040762139484286, 8085778.236305984668434 ], [ 5573485.55622857902199, 8087134.308916311711073 ], [ 5583570.451367767527699, 8088366.691039672121406 ], [ 5587014.074664879590273, 8088786.434617099352181 ], [ 5587027.545204318128526, 8088746.378811402246356 ], [ 5587055.916834751144052, 8088705.320083415135741 ], [ 5587078.399038502946496, 8088696.996165402233601 ], [ 5587081.807738728821278, 8088675.061648338101804 ], [ 5587086.801872406154871, 8088653.871370990760624 ], [ 5587103.840338352136314, 8088646.45865657646209 ], [ 5587132.755183619447052, 8088645.80117295589298 ], [ 5587158.890888473019004, 8088660.033160681836307 ], [ 5587175.748631645925343, 8088679.166188064962626 ], [ 5587198.432406719774008, 8088679.420111589133739 ], [ 5587217.776705912314355, 8088670.396040093153715 ], [ 5587236.873843101784587, 8088650.449168511666358 ], [ 5587245.995616300962865, 8088639.314852420240641 ], [ 5587239.573475572280586, 8088631.648060971871018 ], [ 5587220.736443710513413, 8088628.960683646611869 ], [ 5587212.673070021905005, 8088618.216288580559194 ], [ 5587205.903732495382428, 8088595.737979034893215 ], [ 5587216.531806604936719, 8088581.44744935259223 ], [ 5587227.205026313662529, 8088569.49057914596051 ], [ 5587221.897302630357444, 8088549.761427197605371 ], [ 5587217.657595923170447, 8088535.027540867216885 ], [ 5587207.671878769993782, 8088508.715995813719928 ], [ 5587195.628565740771592, 8088460.592364244163036 ], [ 5587189.93972465954721, 8088417.013058413751423 ], [ 5587188.445399384014308, 8088385.833966269157827 ], [ 5587185.232312850654125, 8088313.352918703109026 ], [ 5587182.972974839620292, 8088282.962841404601932 ], [ 5587180.240447554737329, 8088265.851034369319677 ], [ 5587184.413776455447078, 8088243.127425233833492 ], [ 5587180.028183052316308, 8088222.148926332592964 ], [ 5587169.413137427531183, 8088202.882469734176993 ], [ 5587162.935300468467176, 8088192.882336189039052 ], [ 5587136.035099483095109, 8088179.439535722136497 ], [ 5587124.845627872273326, 8088168.773193961009383 ], [ 5587118.930782186798751, 8088149.394947814755142 ], [ 5587122.75058217626065, 8088110.892701130360365 ], [ 5587131.039477824233472, 8088097.424926484934986 ], [ 5587146.604227675125003, 8088093.956753013655543 ], [ 5587166.981909778900445, 8088095.832900694571435 ], [ 5587183.334012014791369, 8088093.109444187022746 ], [ 5587204.971612146124244, 8088081.684840312227607 ], [ 5587217.174080959521234, 8088068.13875081576407 ], [ 5587226.879657704383135, 8088047.625630537979305 ], [ 5587250.356125638820231, 8087996.532024407759309 ], [ 5587262.794904270209372, 8087958.784503449685872 ], [ 5587257.58873019553721, 8087936.272773259319365 ], [ 5587250.931265653111041, 8087918.472362594678998 ], [ 5587237.088052204810083, 8087894.583649957552552 ], [ 5587222.839777478016913, 8087887.106800270266831 ], [ 5587201.167813200503588, 8087887.602646768093109 ], [ 5587169.071710783988237, 8087885.994111022911966 ], [ 5587137.318245835602283, 8087885.954630867578089 ], [ 5587122.745087530463934, 8087881.266701274551451 ], [ 5587120.537247377447784, 8087866.886299530975521 ], [ 5587110.244731780141592, 8087857.0728106983006 ], [ 5587090.634527992457151, 8087851.872506393119693 ], [ 5587052.737016310915351, 8087844.580755442380905 ], [ 5587030.563543060794473, 8087837.552179981023073 ], [ 5587020.866498774848878, 8087825.853723976761103 ], [ 5587014.039170282892883, 8087802.454273302108049 ], [ 5587012.957182394340634, 8087782.393422793596983 ], [ 5587006.371853850781918, 8087769.360931207425892 ], [ 5586994.989384198561311, 8087766.483282446861267 ], [ 5586971.386941166594625, 8087772.048561373725533 ], [ 5586949.076328619383276, 8087786.360833680257201 ], [ 5586920.720964537002146, 8087811.486104650422931 ], [ 5586900.26769008487463, 8087824.511159333400428 ], [ 5586873.347274160012603, 8087830.148651976138353 ], [ 5586825.640080177225173, 8087831.864424860104918 ], [ 5586785.892987974919379, 8087826.504030328243971 ], [ 5586730.851964849978685, 8087812.061801100149751 ], [ 5586691.787386995740235, 8087780.952982556074858 ], [ 5586667.990749486722052, 8087757.636890677735209 ], [ 5586629.377998260781169, 8087734.920916998758912 ], [ 5586604.997283717617393, 8087713.511624414473772 ], [ 5586586.642251872457564, 8087708.286283832974732 ], [ 5586568.673313923180103, 8087719.994889296591282 ], [ 5586562.344118391163647, 8087745.870644509792328 ], [ 5586561.543470189906657, 8087765.97390064317733 ], [ 5586560.140602952800691, 8087787.350732396356761 ], [ 5586540.418032569810748, 8087804.746449951082468 ], [ 5586505.890204604715109, 8087807.420240292325616 ], [ 5586482.049299668520689, 8087809.845104530453682 ], [ 5586460.433790339156985, 8087827.283526953309774 ], [ 5586450.889071336947381, 8087850.104194777086377 ], [ 5586442.781294980086386, 8087880.422407009638846 ], [ 5586428.697796681895852, 8087897.056910254992545 ], [ 5586411.879933922551572, 8087904.351735141128302 ], [ 5586354.167677950114012, 8087917.203202845528722 ], [ 5586320.007770955562592, 8087936.188381142914295 ], [ 5586277.88800548017025, 8087964.139445556327701 ], [ 5586252.832968750037253, 8087996.096417098306119 ], [ 5586225.370677755214274, 8088005.517606810666621 ], [ 5586195.073564105667174, 8088000.565194086171687 ], [ 5586168.689363623037934, 8087974.175734783522785 ], [ 5586139.493303603492677, 8087962.287223191931844 ], [ 5586111.337845071218908, 8087940.962672790512443 ], [ 5586099.465979671105742, 8087916.750662950798869 ], [ 5586097.532623168081045, 8087887.296792859211564 ], [ 5586102.700447474606335, 8087865.835202116519213 ], [ 5586096.803741777315736, 8087855.295815700665116 ], [ 5586069.205680033192039, 8087858.438667999580503 ], [ 5586035.280283696949482, 8087859.849195066839457 ], [ 5585995.826744778081775, 8087872.669086832553148 ], [ 5585970.584600331261754, 8087868.851183045655489 ], [ 5585939.41047624964267, 8087853.249565038830042 ], [ 5585926.979308448731899, 8087832.188908707350492 ], [ 5585930.222328891977668, 8087808.892030209302902 ], [ 5585948.647753198631108, 8087789.643810404464602 ], [ 5585954.065661904402077, 8087778.849064204841852 ], [ 5585954.453600436449051, 8087768.164135010913014 ], [ 5585950.524976550601423, 8087761.349053602665663 ], [ 5585936.597485321573913, 8087757.275798209942877 ], [ 5585914.122332265600562, 8087764.697876296937466 ], [ 5585879.765752119012177, 8087774.893061509355903 ], [ 5585859.79301927331835, 8087781.632323650643229 ], [ 5585839.880677931010723, 8087790.871531434357166 ], [ 5585824.809085282497108, 8087791.845254836603999 ], [ 5585804.917292136698961, 8087774.098980343900621 ], [ 5585809.018070932477713, 8087722.569844683632255 ], [ 5585812.949179086834192, 8087701.766242111101747 ], [ 5585829.738735938444734, 8087693.85007440391928 ], [ 5585847.398475926369429, 8087695.96035051625222 ], [ 5585864.566477686166763, 8087704.35550863109529 ], [ 5585889.851140555925667, 8087710.051305962726474 ], [ 5585906.06674696598202, 8087704.030453378334641 ], [ 5585906.429960734210908, 8087692.100949401035905 ], [ 5585895.400284601375461, 8087677.293561329133809 ], [ 5585875.58333513699472, 8087663.303330596536398 ], [ 5585842.723620992153883, 8087656.522251795046031 ], [ 5585826.91401747148484, 8087652.491400915198028 ], [ 5585812.540409302338958, 8087628.973224859684706 ], [ 5585779.698449288494885, 8087622.814207970164716 ], [ 5585754.756639103405178, 8087632.174267078749835 ], [ 5585748.358737976290286, 8087654.915966534987092 ], [ 5585754.426439622417092, 8087672.977802524343133 ], [ 5585749.88567166030407, 8087694.421367350965738 ], [ 5585730.53323713131249, 8087700.520226269960403 ], [ 5585702.247029568068683, 8087701.158306496217847 ], [ 5585656.628921034745872, 8087684.633162261918187 ], [ 5585632.317029232159257, 8087666.356565159745514 ], [ 5585610.746828264556825, 8087658.064261959865689 ], [ 5585594.017129919491708, 8087641.495441257953644 ], [ 5585593.02924495562911, 8087625.824123794212937 ], [ 5585609.098739510402083, 8087613.536788132041693 ], [ 5585627.584602622315288, 8087596.788846700452268 ], [ 5585637.99683940783143, 8087584.629076356068254 ], [ 5585638.926767998374999, 8087570.170701449736953 ], [ 5585633.708012547343969, 8087562.135913098230958 ], [ 5585619.153102713637054, 8087558.069242700003088 ], [ 5585610.668471333570778, 8087539.575843969359994 ], [ 5585608.450690229423344, 8087525.18479573354125 ], [ 5585622.398656667210162, 8087502.27282786089927 ], [ 5585626.336875698529184, 8087482.091739822179079 ], [ 5585621.463469330221415, 8087461.494255157187581 ], [ 5585617.45189780369401, 8087423.293777886778116 ], [ 5585610.856862163171172, 8087410.261442045681179 ], [ 5585604.857035485096276, 8087395.333131410181522 ], [ 5585603.277471917681396, 8087380.935045068152249 ], [ 5585612.181233394891024, 8087365.871752061881125 ], [ 5585645.685070725157857, 8087331.306913264095783 ], [ 5585653.849938434548676, 8087311.961718192324042 ], [ 5585653.490760632790625, 8087288.08921595942229 ], [ 5585642.805189179256558, 8087259.918603235855699 ], [ 5585632.974965837784111, 8087239.006324746645987 ], [ 5585627.488162115216255, 8087215.546594195067883 ], [ 5585615.556399994529784, 8087210.171188289299607 ], [ 5585595.201269838958979, 8087213.919219022616744 ], [ 5585565.246565735898912, 8087220.597719294019043 ], [ 5585545.471994268707931, 8087221.56065234169364 ], [ 5585531.513220984488726, 8087218.244221883825958 ], [ 5585524.151602359488606, 8087205.567262705415487 ], [ 5585518.511724111624062, 8087184.580222432501614 ], [ 5585512.876697725616395, 8087171.253736089915037 ], [ 5585495.53979541733861, 8087158.393618816509843 ], [ 5585473.013177113607526, 8087147.504591468721628 ], [ 5585449.58508416544646, 8087136.719024473801255 ], [ 5585436.44807022344321, 8087121.126531668007374 ], [ 5585415.126622278243303, 8087089.733931824564934 ], [ 5585409.325896427035332, 8087075.06681596301496 ], [ 5585407.78014098200947, 8087058.110533466562629 ], [ 5585418.776419167406857, 8087047.790998958982527 ], [ 5585438.711129557341337, 8087040.486002 ], [ 5585451.218179467134178, 8087035.404772150330245 ], [ 5585459.431849586777389, 8087024.51949936337769 ], [ 5585459.061562376096845, 8087013.733916632831097 ], [ 5585450.173431737348437, 8087003.502007551491261 ], [ 5585437.115985438227654, 8087000.070972862653434 ], [ 5585423.002227096818388, 8086995.413588506169617 ], [ 5585411.206249601207674, 8086987.32133428286761 ], [ 5585408.398700855672359, 8086975.015148187056184 ], [ 5585412.913622956722975, 8086967.270488671958447 ], [ 5585430.109891062602401, 8086959.832133817486465 ], [ 5585449.914055022411048, 8086962.915541786700487 ], [ 5585464.6339908298105, 8086961.195839744061232 ], [ 5585477.331744940951467, 8086953.840963447466493 ], [ 5585481.076586936600506, 8086939.591595793142915 ], [ 5585471.067773750983179, 8086923.621057764627039 ], [ 5585461.228157035075128, 8086905.36640077829361 ], [ 5585448.246047917753458, 8086891.103774606250226 ], [ 5585430.679558306932449, 8086887.756584423594177 ], [ 5585407.387035126797855, 8086874.24316755309701 ], [ 5585398.057224588468671, 8086867.937558094039559 ], [ 5585400.092357992194593, 8086863.543420627713203 ], [ 5585469.007414430379868, 8086796.816908590495586 ], [ 5585486.005629158578813, 8086786.159705571830273 ], [ 5585501.041453074663877, 8086781.706897172145545 ], [ 5585512.54089570697397, 8086782.736105204559863 ], [ 5585523.296446021646261, 8086782.674620844423771 ], [ 5585531.47515885066241, 8086778.428053840994835 ], [ 5585537.727558244019747, 8086770.422634944319725 ], [ 5585544.366206835024059, 8086698.885796809569001 ], [ 5585574.231128044426441, 8086635.171307930722833 ], [ 5585587.595761677250266, 8086613.854595949873328 ], [ 5585613.377197804860771, 8086604.881833972409368 ], [ 5585651.998847667127848, 8086580.477796961553395 ], [ 5585676.184455269947648, 8086556.91828672029078 ], [ 5585698.504959629848599, 8086534.001118697226048 ], [ 5585718.617955762892962, 8086499.683478144928813 ], [ 5585732.372772574424744, 8086483.492281821556389 ], [ 5585741.0084791732952, 8086470.626758978702128 ], [ 5585748.112667979672551, 8086453.668714370578527 ], [ 5585757.132311784662306, 8086428.861967843957245 ], [ 5585769.559087444096804, 8086407.505024097859859 ], [ 5585796.50775617081672, 8086370.746596859768033 ], [ 5585813.468842094764113, 8086359.178282625973225 ], [ 5585831.66978850401938, 8086341.448269658721983 ], [ 5585859.330172074958682, 8086314.009078552946448 ], [ 5585876.948852337896824, 8086292.270636322908103 ], [ 5585883.326970849186182, 8086271.864150837063789 ], [ 5585892.781807410530746, 8086254.138559348881245 ], [ 5585914.185348942875862, 8086241.276108100079 ], [ 5585925.024177305400372, 8086231.060625590384007 ], [ 5585929.965447695925832, 8086212.885409334674478 ], [ 5585936.126178569160402, 8086169.8808529432863 ], [ 5585941.306012662127614, 8086126.059211796149611 ], [ 5585942.789160929620266, 8086102.645544889383018 ], [ 5585955.696557227522135, 8086072.768888676539063 ], [ 5585957.922752437181771, 8086059.018393075093627 ], [ 5585952.596459317952394, 8086020.277083571068943 ], [ 5585955.715083910152316, 8086004.610986733809114 ], [ 5585977.023230116814375, 8085953.258277341723442 ], [ 5585983.405279155820608, 8085927.392309489659965 ], [ 5585983.864205869846046, 8085883.69399753306061 ], [ 5585991.373395247384906, 8085812.565156980417669 ], [ 5585994.840558022260666, 8085757.92928206641227 ], [ 5585987.511471121571958, 8085723.592445166781545 ], [ 5585973.347155619412661, 8085681.244829782284796 ], [ 5585974.826579037122428, 8085657.708925241604447 ], [ 5585994.155493677593768, 8085629.550404414534569 ], [ 5586007.735570345073938, 8085606.881542654708028 ], [ 5586014.808097913861275, 8085580.239756091497838 ], [ 5586019.393076835200191, 8085549.188035540282726 ], [ 5586021.554340660572052, 8085506.997765419073403 ], [ 5586016.215125880204141, 8085459.217334680259228 ], [ 5586017.398924309760332, 8085407.359433847479522 ], [ 5586009.51621978636831, 8085275.460878397338092 ], [ 5586022.540972066111863, 8085240.399296852760017 ], [ 5586033.9892159672454, 8085209.38536200299859 ], [ 5586053.942603228613734, 8085160.583636089228094 ], [ 5586065.278101848438382, 8085142.804107496514916 ], [ 5586078.305381175130606, 8085117.18212553486228 ], [ 5586090.960312466137111, 8085087.078787804581225 ], [ 5586113.469744308851659, 8085079.854682321660221 ], [ 5586142.51481365878135, 8085069.375414123758674 ], [ 5586155.245304730720818, 8085059.116734289564192 ], [ 5586166.888223739340901, 8085043.918994273990393 ], [ 5586180.219197832047939, 8085021.12349493149668 ], [ 5586191.94754574727267, 8084991.368892904371023 ], [ 5586200.504815800115466, 8084975.792128338478506 ], [ 5586221.200741515494883, 8084954.209714155644178 ], [ 5586236.360638143494725, 8084937.733001530170441 ], [ 5586244.143115354701877, 8084919.609873780980706 ], [ 5586245.970484724268317, 8084899.721943777054548 ], [ 5586243.849514574743807, 8084882.781910464167595 ], [ 5586246.198654089123011, 8084873.742091059684753 ], [ 5586253.004369664937258, 8084863.163069549947977 ], [ 5586259.851291942410171, 8084836.849866105243564 ], [ 5586262.908426089212298, 8084819.050522348843515 ], [ 5586256.752780245617032, 8084801.280488683842123 ], [ 5586233.191241594031453, 8084779.025780466385186 ], [ 5586213.170987747609615, 8084764.931258741766214 ], [ 5586206.473829919472337, 8084753.547701993957162 ], [ 5586195.448826676234603, 8084731.413485547527671 ], [ 5586186.673922690562904, 8084722.535312939435244 ], [ 5586171.090586241334677, 8084715.17446606233716 ], [ 5586154.735807796940207, 8084713.973144118674099 ], [ 5586095.880177203565836, 8084681.117078059352934 ], [ 5586047.580345520749688, 8084655.787435872480273 ], [ 5586017.162450519390404, 8084633.728139957413077 ], [ 5586000.706657119095325, 8084620.009960487484932 ], [ 5585985.822097409516573, 8084612.150991195812821 ], [ 5585955.97015848942101, 8084602.117038510739803 ], [ 5585940.262631553225219, 8084597.861727023497224 ], [ 5585912.790498530492187, 8084579.487576133571565 ], [ 5585878.578892737627029, 8084565.797499990090728 ], [ 5585842.559111587703228, 8084554.738462744280696 ], [ 5585810.391606793738902, 8084554.921699903905392 ], [ 5585786.64220988098532, 8084564.538138031028211 ], [ 5585762.058381675742567, 8084582.217108929529786 ], [ 5585736.594346617348492, 8084594.017127906903625 ], [ 5585709.349969274364412, 8084606.812934944406152 ], [ 5585692.075794720090926, 8084615.544195195659995 ], [ 5585667.060549308545887, 8084634.891978729516268 ], [ 5585652.98364233225584, 8084647.557012853212655 ], [ 5585620.750874605029821, 8084657.414970073848963 ], [ 5585598.408649206161499, 8084662.276732049882412 ], [ 5585574.953440181910992, 8084669.527327165007591 ], [ 5585557.406232862733305, 8084678.388524664565921 ], [ 5585534.353481106460094, 8084696.04572799615562 ], [ 5585519.738373329862952, 8084697.651838981546462 ], [ 5585499.567806894890964, 8084689.098161852918565 ], [ 5585498.779555203393102, 8084677.846361611038446 ], [ 5585503.565788986161351, 8084672.562083151191473 ], [ 5585556.826330819167197, 8084586.220660677179694 ], [ 5585585.638138869777322, 8084524.569685005582869 ], [ 5585603.856605172157288, 8084479.487060740590096 ], [ 5585666.677455736324191, 8084341.460001323372126 ], [ 5585670.911844845861197, 8084269.701941885054111 ], [ 5585662.734613320790231, 8084190.614709426648915 ], [ 5585655.757292374968529, 8084111.448804317042232 ], [ 5585652.974389830604196, 8084071.245327989570796 ], [ 5585646.761107757687569, 8084040.96852105204016 ], [ 5585630.599895572289824, 8084012.165011554025114 ], [ 5585622.660394296050072, 8083985.528741402551532 ], [ 5585622.561200676485896, 8083955.511267027817667 ], [ 5585626.359693152830005, 8083936.4679468087852 ], [ 5585640.82640536967665, 8083912.105967790819705 ], [ 5585664.261267228983343, 8083873.534377901814878 ], [ 5585677.529328729957342, 8083831.739132373593748 ], [ 5585682.847391735762358, 8083806.659497369080782 ], [ 5585679.838638690300286, 8083784.685900997370481 ], [ 5585674.078828074969351, 8083767.349393812939525 ], [ 5585673.337118438445032, 8083749.147088013589382 ], [ 5585684.053639657795429, 8083714.518252404406667 ], [ 5585693.497653523460031, 8083691.244468364864588 ], [ 5585720.361031848937273, 8083655.032141325064003 ], [ 5585724.073729595169425, 8083632.611124470829964 ], [ 5585723.670492106117308, 8083574.371997837908566 ], [ 5585719.656937264837325, 8083559.331738127395511 ], [ 5585699.525037374347448, 8083536.790211067534983 ], [ 5585644.816884016618133, 8083469.014519870281219 ], [ 5585630.49405640270561, 8083441.626368180848658 ], [ 5585604.975743950344622, 8083421.951369779184461 ], [ 5585573.903843962587416, 8083368.267165953293443 ], [ 5585566.155097682960331, 8083313.584330992773175 ], [ 5585562.142598863691092, 8083272.426397518254817 ], [ 5585559.177634034305811, 8083243.024341600947082 ], [ 5585562.319994326680899, 8083217.762150286696851 ], [ 5585599.110875211656094, 8083081.532523750327528 ], [ 5585613.744476918131113, 8083049.616032679565251 ], [ 5585662.990119408816099, 8082918.556751502677798 ], [ 5585706.386084724217653, 8082802.885476626455784 ], [ 5585718.021081425249577, 8082772.155084857717156 ], [ 5585731.021348337642848, 8082755.739918516948819 ], [ 5585760.618459846824408, 8082709.875895323231816 ], [ 5585773.161860179156065, 8082676.684513681568205 ], [ 5585782.195964326150715, 8082629.728263983502984 ], [ 5585791.136533227749169, 8082588.078274072147906 ], [ 5585799.861552212387323, 8082547.07930158264935 ], [ 5585800.788081157952547, 8082528.451302016153932 ], [ 5585796.78806124906987, 8082505.305177913047373 ], [ 5585779.803619092330337, 8082425.212831949815154 ], [ 5585776.658348093740642, 8082410.781602705828846 ], [ 5585766.5689467350021, 8082366.950639041140676 ], [ 5585681.872790714725852, 8082285.69980915915221 ], [ 5585663.614316943101585, 8082273.623417433351278 ], [ 5585634.855967368930578, 8082260.045422772876918 ], [ 5585624.379999323748052, 8082259.010125597938895 ], [ 5585568.462983826175332, 8082258.871171872131526 ], [ 5585540.29774281103164, 8082256.77282602339983 ], [ 5585508.180309405550361, 8082259.33472319226712 ], [ 5585476.073498656973243, 8082261.896265336312354 ], [ 5585431.571992367506027, 8082262.165101908147335 ], [ 5585398.887702887877822, 8082270.969419507309794 ], [ 5585332.880163781344891, 8082270.628432211466134 ], [ 5585281.848496064543724, 8082284.025237178429961 ], [ 5585242.81315184943378, 8082291.331493617966771 ], [ 5585189.279325499199331, 8082292.324343034997582 ], [ 5585106.254433378577232, 8082295.091827916912735 ], [ 5585058.386499744839966, 8082292.576115371659398 ], [ 5584980.705021210946143, 8082298.070468503981829 ], [ 5584939.765368447639048, 8082316.21537474449724 ], [ 5584899.427672715857625, 8082325.236946886405349 ], [ 5584880.450701862573624, 8082325.277441144920886 ], [ 5584859.047126644290984, 8082315.558298101648688 ], [ 5584847.525489796884358, 8082305.813258009962738 ], [ 5584834.81973684579134, 8082280.624982412904501 ], [ 5584817.55724124610424, 8082229.137850841507316 ], [ 5584808.33217272721231, 8082190.563767944462597 ], [ 5584794.664574728347361, 8082156.619288302958012 ], [ 5584770.596802171319723, 8082085.045950970612466 ], [ 5584739.402220544405282, 8082042.272519833408296 ], [ 5584716.896793060936034, 8082001.297281968407333 ], [ 5584685.040615191683173, 8081889.285579675808549 ], [ 5584665.220233185216784, 8081823.784282264299691 ], [ 5584656.042485670186579, 8081809.669599737040699 ], [ 5584612.517073045484722, 8081758.219348756596446 ], [ 5584598.036796738393605, 8081642.243656581267715 ], [ 5584591.451206225901842, 8081533.803716344758868 ], [ 5584593.150027688592672, 8081490.704524016939104 ], [ 5584598.670275305397809, 8081455.546206205151975 ], [ 5584599.045160273090005, 8081407.79273091442883 ], [ 5584604.259839411824942, 8081370.497237280011177 ], [ 5584622.469824989326298, 8081325.22629707865417 ], [ 5584631.915731122717261, 8081293.080337841063738 ], [ 5584629.72194263804704, 8081248.146311094984412 ], [ 5584625.883692676201463, 8081204.860222091898322 ], [ 5584626.267266513779759, 8081166.390406257472932 ], [ 5584637.435241329483688, 8081118.140209778212011 ], [ 5584636.950193167664111, 8081091.758716518059373 ], [ 5584628.607483682222664, 8081059.141369812190533 ], [ 5584600.60335058066994, 8080984.167105810716748 ], [ 5584588.854283414781094, 8080949.967982993461192 ], [ 5584582.945126369595528, 8080918.760041806846857 ], [ 5584575.055335554294288, 8080815.360594779253006 ], [ 5584531.483671749010682, 8080731.968757975846529 ], [ 5584521.323821423575282, 8080714.357620029710233 ], [ 5584516.553425311110914, 8080680.926900616846979 ], [ 5584510.726232280023396, 8080661.190928258001804 ], [ 5584516.450250434689224, 8080636.200172672979534 ], [ 5584535.06954653467983, 8080605.716157766990364 ], [ 5584559.010916758328676, 8080533.141408048570156 ], [ 5584558.15023996680975, 8080510.384150248020887 ], [ 5584548.044006271287799, 8080483.821131691336632 ], [ 5584537.4483133982867, 8080456.504895029589534 ], [ 5584532.983712584711611, 8080381.515652565285563 ], [ 5584524.093825690448284, 8080320.339456615038216 ], [ 5584495.782161843031645, 8080274.148843709379435 ], [ 5584482.269408145919442, 8080245.99296819511801 ], [ 5584481.233916938304901, 8080234.281371111050248 ], [ 5584484.451810575090349, 8080220.280393894761801 ], [ 5584507.886697784997523, 8080172.903403909876943 ], [ 5584543.382765195332468, 8080092.627437880262733 ], [ 5584559.23606077209115, 8080057.674620470032096 ], [ 5584569.665793786756694, 8080026.501085416413844 ], [ 5584576.239790649153292, 8079985.808876047842205 ], [ 5584582.239868961274624, 8079950.736751285381615 ], [ 5584592.335144365206361, 8079916.415054131299257 ], [ 5584597.333854472264647, 8079836.108006025664508 ], [ 5584614.813041541725397, 8079764.150714102201164 ], [ 5584624.231660322286189, 8079704.965003239922225 ], [ 5584622.283296699635684, 8079695.191814849153161 ], [ 5584611.317120926454663, 8079654.49956064671278 ], [ 5584606.138754462823272, 8079641.11605285294354 ], [ 5584589.78363368101418, 8079613.997588708996773 ], [ 5584546.762549612671137, 8079566.336749833077192 ], [ 5584542.998409836553037, 8079525.30564911197871 ], [ 5584537.279719764366746, 8079474.657206541858613 ], [ 5584525.909282151609659, 8079427.983645938336849 ], [ 5584494.104385871440172, 8079362.202161006629467 ], [ 5584477.657527729868889, 8079314.305860695429146 ], [ 5584469.551661439239979, 8079246.692016520537436 ], [ 5584463.185515445657074, 8079207.291772516444325 ], [ 5584457.035660445690155, 8079175.857324913144112 ], [ 5584443.860336615704, 8079159.911234374158084 ], [ 5584398.31080180965364, 8079130.24561268184334 ], [ 5584335.968671238981187, 8079090.941104971803725 ], [ 5584314.708988023921847, 8079068.988109056837857 ], [ 5584287.193983858451247, 8079025.332370240241289 ], [ 5584264.161094936542213, 8079008.711207342334092 ], [ 5584225.360894081182778, 8079004.258571407757699 ], [ 5584169.344305425882339, 8078990.223516562953591 ], [ 5584155.301690423861146, 8078977.426367016509175 ], [ 5584100.239302355796099, 8078909.117091495543718 ], [ 5584059.907233581878245, 8078848.615407748147845 ], [ 5584051.249263165518641, 8078822.08909476455301 ], [ 5584052.061053939163685, 8078799.05079263728112 ], [ 5584044.363900369033217, 8078764.058198072016239 ], [ 5584044.643026813864708, 8078739.122714728116989 ], [ 5584037.331291295588017, 8078700.483408695086837 ], [ 5584016.243888502940536, 8078665.883765433914959 ], [ 5584017.316975590772927, 8078643.805322959087789 ], [ 5584025.107949452474713, 8078630.174334579147398 ], [ 5584052.84479639865458, 8078608.069340871647 ], [ 5584066.804908100515604, 8078599.677073816768825 ], [ 5584069.802551776170731, 8078586.171630911529064 ], [ 5584069.354923763312399, 8078561.490343973971903 ], [ 5584052.171648498624563, 8078521.687171523459256 ], [ 5584026.87851478997618, 8078494.023124908097088 ], [ 5584017.018231464549899, 8078476.070090234279633 ], [ 5584002.868326400406659, 8078441.939767934381962 ], [ 5583987.790016223676503, 8078365.496954046189785 ], [ 5583994.056169196031988, 8078340.157250062562525 ], [ 5584001.137923525646329, 8078327.02455155365169 ], [ 5583998.19108129106462, 8078307.206603116355836 ], [ 5583984.775995549745858, 8078291.033850146457553 ], [ 5583950.304239045828581, 8078255.148234198801219 ], [ 5583938.953579711727798, 8078226.686336746439338 ], [ 5583922.159716325812042, 8078172.162437741644681 ], [ 5583916.038863848894835, 8078158.905941640026867 ], [ 5583905.993097216822207, 8078151.987688580527902 ], [ 5583881.383058006875217, 8078135.222463175654411 ], [ 5583866.411785296164453, 8078123.408016765490174 ], [ 5583857.776429575867951, 8078106.631976844742894 ], [ 5583848.093832959420979, 8078094.911320353858173 ], [ 5583822.381118746474385, 8078087.227884971536696 ], [ 5583785.171599068678916, 8078087.777412281371653 ], [ 5583759.059645845554769, 8078082.506865214556456 ], [ 5583739.33676434494555, 8078081.612674077041447 ], [ 5583706.443191247060895, 8078090.677996655926108 ], [ 5583682.891543140634894, 8078098.754250833764672 ], [ 5583658.440411630086601, 8078093.914325825870037 ], [ 5583630.016315718181431, 8078091.111103663221002 ], [ 5583578.221661131829023, 8078086.30557275377214 ], [ 5583552.084218289703131, 8078087.984482911415398 ], [ 5583529.481393042951822, 8078087.172176355496049 ], [ 5583510.257128917612135, 8078078.758674351498485 ], [ 5583498.731884095817804, 8078061.331134524196386 ], [ 5583480.85854931268841, 8078031.62084305472672 ], [ 5583455.453787360340357, 8077987.660223143175244 ], [ 5583436.679454931989312, 8077958.05343734100461 ], [ 5583420.82052752468735, 8077932.599655116908252 ], [ 5583420.34376900177449, 8077932.290809778496623 ], [ 5583420.267288474366069, 8077932.593184313736856 ], [ 5583400.024179376661777, 8077949.291629877872765 ], [ 5583315.600304920226336, 8078021.887136392295361 ], [ 5583221.936947233043611, 8078103.584338556975126 ], [ 5583108.609964808449149, 8078200.339098662137985 ], [ 5583010.008201880380511, 8078285.722153793089092 ], [ 5582897.945179438218474, 8078382.494704134762287 ], [ 5582754.126421378925443, 8078505.619563066400588 ], [ 5582646.975068931467831, 8078600.537998779676855 ], [ 5582551.484298194758594, 8078683.260800937190652 ], [ 5582407.28653653524816, 8078805.936804043129086 ], [ 5582306.402799367904663, 8078884.597410712391138 ], [ 5582291.021022008731961, 8078893.895829306915402 ], [ 5582236.879662512801588, 8078922.251754314638674 ], [ 5582182.943576802499592, 8078943.23035251814872 ], [ 5582137.105000639334321, 8078960.209619204513729 ], [ 5582076.999604551121593, 8078974.436633363366127 ], [ 5581985.672877187840641, 8078991.518406663089991 ], [ 5581914.965223734267056, 8079004.322808912955225 ], [ 5581836.101576250046492, 8079019.448795807547867 ], [ 5581748.938564660027623, 8079033.34256325289607 ], [ 5581719.510639237239957, 8079038.303055231459439 ], [ 5581675.639784326776862, 8079039.54883585870266 ], [ 5581639.206611146219075, 8079040.149738270789385 ], [ 5581598.781990317627788, 8079037.272786643356085 ], [ 5581560.312463299371302, 8079032.45019634347409 ], [ 5581512.818516153842211, 8079023.325351839885116 ], [ 5581474.469322398304939, 8079013.740706829354167 ], [ 5581408.728115516714752, 8078988.256538963876665 ], [ 5581373.751712238416076, 8078969.32586844265461 ], [ 5581320.422860899008811, 8078937.452162434346974 ], [ 5581297.925868533551693, 8078922.758959252387285 ], [ 5581236.737524008378386, 8078867.627071887254715 ], [ 5581158.875758188776672, 8078798.359248533844948 ], [ 5581093.35370675381273, 8078742.28281915280968 ], [ 5581064.999119288288057, 8078721.296166568994522 ], [ 5581042.073309220373631, 8078706.470451163128018 ], [ 5581027.835318469442427, 8078698.71383530087769 ], [ 5581009.755502643063664, 8078689.376279772259295 ], [ 5580989.615331680513918, 8078683.899483505636454 ], [ 5580964.31812884286046, 8078677.34599132463336 ], [ 5580936.091831447556615, 8078672.521006689406931 ], [ 5580914.382765226066113, 8078671.357920243404806 ], [ 5580841.175303402356803, 8078676.613986671902239 ], [ 5580663.329586564563215, 8078702.102768043987453 ], [ 5580450.063802248798311, 8078733.16317846160382 ], [ 5580228.996647702530026, 8078765.187100967392325 ], [ 5580010.637612650170922, 8078797.087295007891953 ], [ 5579815.256611145101488, 8078824.265440887771547 ], [ 5579616.299131116829813, 8078852.865799833089113 ], [ 5579523.955137308686972, 8078865.217860922217369 ], [ 5579380.544485734775662, 8078888.008209092542529 ], [ 5579256.290248140692711, 8078906.320097628049552 ], [ 5579109.592272401787341, 8078928.723302869126201 ], [ 5578994.234824260696769, 8078944.213780354708433 ], [ 5578924.188567200675607, 8078954.865347257815301 ], [ 5578877.549081895500422, 8078959.752220151014626 ], [ 5578853.637274835258722, 8078926.141537264920771 ], [ 5578807.17643900308758, 8078882.706489372998476 ], [ 5578767.928021777421236, 8078845.715864145196974 ], [ 5578723.202452075667679, 8078808.357449688017368 ], [ 5578667.313491499982774, 8078759.463153377175331 ], [ 5578615.828945692628622, 8078715.124816088937223 ], [ 5578573.726248379796743, 8078676.469227080233395 ], [ 5578552.998536889441311, 8078653.908207796514034 ], [ 5578507.436478435061872, 8078593.282111891545355 ], [ 5578449.508979737758636, 8078509.792031711898744 ], [ 5578400.552994932979345, 8078437.043681981042027 ], [ 5578383.716445245780051, 8078409.514386439695954 ], [ 5578374.675132524222136, 8078378.563082793727517 ], [ 5578360.15135370567441, 8078306.709902789443731 ], [ 5578352.111468593589962, 8078266.013674287125468 ], [ 5578331.890607182867825, 8078120.012434180825949 ], [ 5578318.022216559387743, 8077970.352023785933852 ], [ 5578300.995608357712626, 8077838.057372855953872 ], [ 5578287.845819665119052, 8077729.33338394202292 ], [ 5578273.352455937303603, 8077610.686145718209445 ], [ 5578261.823338731192052, 8077524.351409992203116 ], [ 5578245.595306350849569, 8077426.776311646215618 ], [ 5578233.40334995277226, 8077388.943497601896524 ], [ 5578217.617699329741299, 8077339.461094687692821 ], [ 5578196.914454734884202, 8077298.500191372819245 ], [ 5578173.166356622241437, 8077257.047213913872838 ], [ 5578122.77095056232065, 8077179.559536991640925 ], [ 5578078.666548352688551, 8077115.079379329457879 ], [ 5578045.360808661207557, 8077066.192043729126453 ], [ 5578013.846122230403125, 8077017.832210850901902 ], [ 5577983.047482375055552, 8076972.231497824192047 ], [ 5577940.975428179837763, 8076909.650561444461346 ], [ 5577919.560992555692792, 8076878.515305329114199 ], [ 5577886.882677529938519, 8076828.098256242461503 ], [ 5577862.346164205111563, 8076794.105073535814881 ], [ 5577825.466317105107009, 8076736.11346263345331 ], [ 5577763.210048395209014, 8076645.630984615534544 ], [ 5577725.181131826713681, 8076588.361090557649732 ], [ 5577677.376155339181423, 8076517.414995988830924 ], [ 5577641.667623831890523, 8076470.385344192385674 ], [ 5577617.229295455850661, 8076441.736794248223305 ], [ 5577555.364736358635128, 8076385.084352681413293 ], [ 5577485.254733406938612, 8076332.066544799134135 ], [ 5577445.428797760978341, 8076304.941875008866191 ], [ 5577362.332522644661367, 8076257.515611369162798 ], [ 5577329.97138258907944, 8076240.541404779069126 ], [ 5577281.078107784502208, 8076216.940984677523375 ], [ 5577254.638715866953135, 8076206.692266879603267 ], [ 5577187.021493614651263, 8076185.476756070740521 ], [ 5577087.011741070076823, 8076161.628745700232685 ], [ 5577002.35423937626183, 8076139.515041458420455 ], [ 5576954.053207747638226, 8076124.457609961740673 ], [ 5576888.375262939371169, 8076113.547855045646429 ], [ 5576852.92612343467772, 8076110.378861884586513 ], [ 5576836.033385855145752, 8076109.443472288548946 ], [ 5576715.676961843855679, 8076106.234375053085387 ], [ 5576513.394845861010253, 8076100.476144724525511 ], [ 5576406.216201263479888, 8076098.072204354219139 ], [ 5576303.708380970172584, 8076094.235387180000544 ], [ 5576166.91646240465343, 8076090.074464556761086 ], [ 5576046.237206823192537, 8076087.093001742847264 ], [ 5576023.989000555127859, 8076085.173885549418628 ], [ 5575890.743257229216397, 8076052.818498375825584 ], [ 5575753.153458190150559, 8076019.884327599778771 ], [ 5575646.459459855221212, 8075993.461357585154474 ], [ 5575519.03066597878933, 8075965.598228835500777 ], [ 5575407.7010597018525, 8075933.89072335511446 ], [ 5575294.544179062359035, 8075909.048834282904863 ], [ 5575144.669104400090873, 8075872.921711074188352 ], [ 5575123.454294219613075, 8075867.648703434504569 ], [ 5575099.084623269736767, 8075860.229911556467414 ], [ 5575057.158999147824943, 8075840.364768642000854 ], [ 5574946.174206065945327, 8075786.044883565045893 ], [ 5574846.495208117179573, 8075738.577103858813643 ], [ 5574730.528061933815479, 8075682.128661256283522 ], [ 5574602.241447478532791, 8075621.690457820892334 ], [ 5574480.056839848868549, 8075562.669931589625776 ], [ 5574397.087624619714916, 8075519.800354260951281 ], [ 5574267.189916154369712, 8075452.280116342939436 ], [ 5574166.091886719688773, 8075405.672574760392308 ], [ 5574142.099292515777051, 8075395.363108195364475 ], [ 5574085.184143173508346, 8075357.77506042085588 ], [ 5574056.114259643480182, 8075338.948172923177481 ], [ 5573967.274919701740146, 8075270.985073544085026 ], [ 5573874.436359224840999, 8075204.490302610211074 ], [ 5573796.933057828806341, 8075145.98012637719512 ], [ 5573793.259700406342745, 8075143.159559190273285 ], [ 5573791.846607354469597, 8075142.065326509997249 ], [ 5573710.951747816056013, 8075079.770466156303883 ], [ 5573641.443057959899306, 8075030.640385104343295 ], [ 5573581.889402477070689, 8074997.116499785333872 ], [ 5573539.893480190075934, 8074976.150725045241416 ], [ 5573459.208023486658931, 8074950.501049450598657 ], [ 5573325.113029468804598, 8074908.674148933030665 ], [ 5573222.980440083891153, 8074874.698781851679087 ], [ 5573058.050989359617233, 8074822.329770515672863 ], [ 5572857.551841335371137, 8074758.161774586886168 ], [ 5572813.725739823654294, 8074744.327464122325182 ], [ 5572726.084337439388037, 8074716.658318649977446 ], [ 5572627.688150867819786, 8074686.93357877805829 ], [ 5572518.405469643883407, 8074650.443412076681852 ], [ 5572481.953143681399524, 8074638.658576985821128 ], [ 5572380.224266462959349, 8074602.28968835901469 ], [ 5572235.846106164157391, 8074546.216037346981466 ], [ 5572120.553101828321815, 8074498.942885283380747 ], [ 5572072.816112728789449, 8074479.447434549219906 ], [ 5571988.169891279190779, 8074457.661483625881374 ], [ 5571945.407674041576684, 8074451.788631197996438 ], [ 5571875.022049314342439, 8074446.766763227060437 ], [ 5571703.858047666959465, 8074442.730860088951886 ], [ 5571548.425551557913423, 8074439.23170455917716 ], [ 5571367.414263490587473, 8074438.970191916450858 ], [ 5571234.893956094048917, 8074433.449493732303381 ], [ 5571118.397477314807475, 8074430.559229612350464 ], [ 5571086.950176858343184, 8074428.892705203965306 ], [ 5571034.775301772169769, 8074429.028296596370637 ], [ 5571013.007518258877099, 8074431.659880051389337 ], [ 5570943.353803874924779, 8074433.795576937496662 ], [ 5570891.710374506190419, 8074428.969234701246023 ], [ 5570872.426886020228267, 8074423.838820852339268 ], [ 5570837.67972136195749, 8074417.473051521927118 ], [ 5570745.513776427134871, 8074390.601339890621603 ], [ 5570708.858426336199045, 8074382.154387457296252 ], [ 5570662.54176365211606, 8074369.675300175324082 ], [ 5570622.167594506405294, 8074349.893555322661996 ], [ 5570586.232342385686934, 8074329.898843316361308 ], [ 5570554.984369199723005, 8074302.203068102709949 ], [ 5570519.701734359376132, 8074255.277838387526572 ], [ 5570447.073315250687301, 8074161.785096833482385 ], [ 5570356.207395077683032, 8074052.972195439040661 ], [ 5570277.646548079326749, 8073955.276327445171773 ], [ 5570228.254996184259653, 8073892.3486536629498 ], [ 5570213.990192217752337, 8073862.399942018091679 ], [ 5570184.606224895454943, 8073811.519310368224978 ], [ 5570153.179809928871691, 8073775.858067854307592 ], [ 5570088.115484273061156, 8073685.84442619048059 ], [ 5570039.408065897412598, 8073616.52805183082819 ], [ 5569999.119109414517879, 8073577.612581111490726 ], [ 5569967.146388843655586, 8073552.849148141220212 ], [ 5569924.634140504524112, 8073532.581738147884607 ], [ 5569902.687755196355283, 8073527.24718336481601 ], [ 5569850.436140417121351, 8073518.056292654946446 ], [ 5569812.990795104764402, 8073504.850503589957952 ], [ 5569745.446543053723872, 8073472.675759406760335 ], [ 5569685.664209016598761, 8073442.396341947838664 ], [ 5569656.530928120948374, 8073434.038450675085187 ], [ 5569638.452631889842451, 8073434.72067909501493 ], [ 5569625.455006122589111, 8073433.427007290534675 ], [ 5569585.525838526897132, 8073418.45605359133333 ], [ 5569553.985494341701269, 8073400.027392654679716 ], [ 5569463.180074616335332, 8073342.000312993302941 ], [ 5569436.352822165936232, 8073327.097244771197438 ], [ 5569418.66778414323926, 8073320.898662552237511 ], [ 5569384.28672868013382, 8073323.013581058010459 ], [ 5569350.715880295261741, 8073319.859107214026153 ], [ 5569073.778892134316266, 8073275.81320633739233 ], [ 5569040.577091874554753, 8073271.013943006284535 ], [ 5569012.100653806701303, 8073247.65274206828326 ], [ 5568986.988986268639565, 8073196.574701304547489 ], [ 5568943.99361178278923, 8073152.77578794118017 ], [ 5568924.447814911603928, 8073135.868541765958071 ], [ 5568890.365715804509819, 8073066.954921890050173 ], [ 5568868.417048793286085, 8073035.530570604838431 ], [ 5568826.851766715757549, 8072999.928610373288393 ], [ 5568812.84079366736114, 8072969.850392671301961 ], [ 5568820.974573670886457, 8072922.848078094422817 ], [ 5568844.508588116616011, 8072898.537621732801199 ], [ 5568847.790182334370911, 8072884.262287941761315 ], [ 5568809.920815475285053, 8072830.16059638094157 ], [ 5568789.959064570255578, 8072822.746789520606399 ], [ 5568753.714576310478151, 8072825.879917200654745 ], [ 5568714.470212718471885, 8072815.968719961121678 ], [ 5568693.091568824835122, 8072805.015005022287369 ], [ 5568663.63248252030462, 8072790.25135019607842 ], [ 5568616.906471474096179, 8072781.615574237890542 ], [ 5568558.98232838511467, 8072770.61273125000298 ], [ 5568535.874562834389508, 8072768.588620444759727 ], [ 5568518.558110781945288, 8072780.964920124039054 ], [ 5568491.311035381630063, 8072835.780156916938722 ], [ 5568461.926130026578903, 8072861.142323376610875 ], [ 5568407.9040666827932, 8072892.959632430225611 ], [ 5568308.027788000181317, 8072931.444636952131987 ], [ 5568257.456603838130832, 8072935.953881215304136 ], [ 5568220.685521425679326, 8072926.273032040335238 ], [ 5568208.509879475459456, 8072922.021152533590794 ], [ 5568195.781101733446121, 8072906.668882705271244 ], [ 5568148.607170809991658, 8072868.532119550742209 ], [ 5568118.486166669987142, 8072849.451061248779297 ], [ 5568090.278519801795483, 8072843.355514902621508 ], [ 5568036.092751243151724, 8072800.05596686527133 ], [ 5567991.703918246552348, 8072740.454796200618148 ], [ 5567976.925617083907127, 8072733.98541612084955 ], [ 5567909.494103024713695, 8072739.730125581845641 ], [ 5567869.45093363430351, 8072722.859058766625822 ], [ 5567823.007950585335493, 8072695.305930364876986 ], [ 5567796.796708272770047, 8072665.000079148449004 ], [ 5567784.492768825031817, 8072637.753178609535098 ], [ 5567775.439603991806507, 8072603.135047088377178 ], [ 5567775.884814418852329, 8072578.212342460639775 ], [ 5567766.194805989041924, 8072561.619392573833466 ], [ 5567731.825226704590023, 8072541.522418053820729 ], [ 5567610.192004158161581, 8072497.575283348560333 ], [ 5567518.877769105136395, 8072474.115397199057043 ], [ 5567473.583956031128764, 8072510.878431458957493 ], [ 5567428.411565092392266, 8072543.213906470686197 ], [ 5567397.658441634848714, 8072552.639146391302347 ], [ 5567366.326789449900389, 8072553.865953326225281 ], [ 5567324.818267786875367, 8072541.247653065249324 ], [ 5567291.609451093710959, 8072536.135047169402242 ], [ 5567227.463346943259239, 8072536.495319776237011 ], [ 5567215.060714168474078, 8072537.073481389321387 ], [ 5567202.284377316012979, 8072532.615531298331916 ], [ 5567190.71747272927314, 8072521.932561721652746 ], [ 5567175.895014234818518, 8072518.454065710306168 ], [ 5567161.590367028489709, 8072524.820717210881412 ], [ 5567138.323449929244816, 8072535.815980084240437 ], [ 5567120.362448805943131, 8072534.947910092771053 ], [ 5567094.748096353374422, 8072532.236119970679283 ], [ 5567079.284171598032117, 8072522.117140403017402 ], [ 5567061.588591607287526, 8072531.579151688143611 ], [ 5567011.416314668953419, 8072579.936603216454387 ], [ 5566983.224848106503487, 8072607.352795843966305 ], [ 5566967.80792910605669, 8072630.734778951853514 ], [ 5566954.049031712114811, 8072640.29848114028573 ], [ 5566937.01395265199244, 8072647.896800654940307 ], [ 5566921.265135989524424, 8072643.988103901036084 ], [ 5566885.379690074361861, 8072636.292562340386212 ], [ 5566855.598003382794559, 8072640.12099729757756 ], [ 5566822.393798345699906, 8072689.607092401012778 ], [ 5566803.858872902579606, 8072725.936160126700997 ], [ 5566794.70311370305717, 8072756.180176079273224 ], [ 5566729.257700430229306, 8072855.792032853700221 ], [ 5566699.571200062520802, 8072902.945819735527039 ], [ 5566624.232388806529343, 8072981.323179999366403 ], [ 5566555.048657100647688, 8073095.354505230672657 ], [ 5566544.662764254957438, 8073161.035231607034802 ], [ 5566499.108575579710305, 8073225.746648762375116 ], [ 5566458.271122622303665, 8073268.062688475474715 ], [ 5566373.24301971308887, 8073345.284444836899638 ], [ 5566197.755064616911113, 8073453.025358971208334 ], [ 5566082.357237552292645, 8073524.862861697562039 ], [ 5566050.01816754322499, 8073546.978741747327149 ], [ 5565973.242655027657747, 8073634.728912914171815 ], [ 5565922.075637574307621, 8073685.010313572362065 ], [ 5565883.496831448748708, 8073704.519879856146872 ], [ 5565800.480062020942569, 8073730.084751578047872 ], [ 5565765.142235739156604, 8073760.286130297929049 ], [ 5565720.503731369040906, 8073792.145608386956155 ], [ 5565634.906124432571232, 8073856.66257309820503 ], [ 5565557.099257845431566, 8073892.630313575267792 ], [ 5565447.798542772419751, 8073946.731753010302782 ], [ 5565336.640922769904137, 8074034.074061510153115 ], [ 5565220.849335015751421, 8074134.226219307631254 ], [ 5565126.286106957122684, 8074192.252383110113442 ], [ 5564966.669466860592365, 8074242.62945369631052 ], [ 5564852.562854841351509, 8074269.149409770965576 ], [ 5564748.912863756529987, 8074284.275480605661869 ], [ 5564746.295512043870986, 8074272.665795248933136 ], [ 5564722.37894453946501, 8074248.317896590568125 ], [ 5564699.485339052975178, 8074226.742728389799595 ], [ 5564599.766733299940825, 8074198.232460199855268 ], [ 5564561.013481991365552, 8074185.309686401858926 ], [ 5564518.176077399402857, 8074161.562439527362585 ], [ 5564499.007122505456209, 8074150.488038453273475 ], [ 5564487.059258237481117, 8074140.225529367104173 ], [ 5564473.274056818336248, 8074143.140767501667142 ], [ 5564451.354833555407822, 8074143.75765426363796 ], [ 5564426.940544647164643, 8074141.042240208014846 ], [ 5564407.752345883287489, 8074129.268055113963783 ], [ 5564390.879710201174021, 8074114.706667961552739 ], [ 5564373.855986846610904, 8074094.669697008095682 ], [ 5564364.337634820491076, 8074061.087190583348274 ], [ 5564363.32566169090569, 8074037.517765074037015 ], [ 5564366.897362478077412, 8074018.601175255142152 ], [ 5564361.36721824016422, 8074005.082401637919247 ], [ 5564351.154311887919903, 8073989.870151367038488 ], [ 5564331.493349874392152, 8073973.67408614885062 ], [ 5564158.924995584413409, 8073852.897043255157769 ], [ 5563687.048719961196184, 8073544.970846090465784 ], [ 5563663.569660483859479, 8073527.168135387822986 ], [ 5563645.952216660603881, 8073522.197029180824757 ], [ 5563524.027617637068033, 8073534.232243596576154 ], [ 5563092.318995171226561, 8073577.675932831130922 ], [ 5562986.815977774560452, 8073587.187530462630093 ], [ 5562953.119982049800456, 8073589.872765203006566 ], [ 5562979.919521616771817, 8073128.299323850311339 ], [ 5562986.055333108641207, 8073096.674941329285502 ] ] ] } }
]
}
